global_step,post_warmup_step,method,supervised_loss,semantic_auxiliary_loss,unsupervised_loss,lambda_u,accepted_foreground_pixels,accepted_background_pixels,accepted_total_pixels,valid_unlabeled_pixels,accepted_fraction,accepted_foreground_fraction,accepted_background_fraction,confidence_accept_pixels,agreement_accept_pixels,zero_acceptance_event,alpha,encoder_lr,head_lr,labeled_images_seen,unlabeled_images_seen
1001,1,agreement_filtered_ema,0.07282792404294014,0.015063669998198748,0.01906210370361805,0.001,5546,837726,843272,848759,0.9935352673727171,0.0065342458813396976,0.9870010214913774,843272,843272,False,0.11314672976732254,9.330127018922194e-05,0.0002799038105676658,8008,8
1002,2,agreement_filtered_ema,0.149690642952919,0.019338797312229872,0.0035879150964319706,0.002,5513,851229,856742,860123,0.9960691668517178,0.006409548401798347,0.9896596184499193,856742,856742,False,0.11315227299928665,9.328489845420842e-05,0.00027985469536262524,8016,16
1003,3,agreement_filtered_ema,0.09272545576095581,0.03102076891809702,0.047074447851628065,0.003,6375,877016,883391,889128,0.9935476106927237,0.007169946284449483,0.9863776644082741,883391,883391,False,0.11315737664699554,9.326850817731951e-05,0.0002798055245319585,8024,24
1004,4,agreement_filtered_ema,0.17547553777694702,0.017445354256778955,0.006514682434499264,0.004,1778,878547,880325,882631,0.9973873566643365,0.0020144318520423595,0.9953729248122941,880325,880325,False,0.11316247284412384,9.325209936557628e-05,0.0002797562980967288,8032,32
1005,5,agreement_filtered_ema,0.0771445520222187,0.015391594264656305,0.0064934303518384695,0.005,2367,875881,878248,880909,0.9969792566542061,0.0026869971813206586,0.9942922594728854,878248,878248,False,0.11316771060228348,9.323567202600776e-05,0.0002797070160780232,8040,40
1006,6,agreement_filtered_ema,0.1402338705956936,0.015811804682016373,0.01146888011135161,0.006,3448,861298,864746,867170,0.9972047003471061,0.003976152311542143,0.9932285480355639,864746,864746,False,0.11317308247089386,9.321922616565088e-05,0.0002796576784969526,8048,48
1007,7,agreement_filtered_ema,0.08679301291704178,0.01572452951222658,0.023487197933718562,0.007,5971,853185,859156,864419,0.9939115174469788,0.006907529797470903,0.9870039876495079,859156,859156,False,0.11317892372608185,9.320276179155052e-05,0.0002796082853746515,8056,56
1008,8,agreement_filtered_ema,0.31595296412706375,0.015441062394529581,0.24144432321190834,0.008,1387,881231,882618,885901,0.9962941683100031,0.0015656376954084033,0.9947285306145947,882618,882618,False,0.11318434774875641,9.31862789107595e-05,0.00027955883673227847,8064,64
1009,9,agreement_filtered_ema,0.1287742406129837,0.016957781743258238,0.03586699650622904,0.009,3078,869023,872101,875502,0.9961153715239942,0.0035156972799605256,0.9925996742440337,872101,872101,False,0.11318971961736679,9.316977753033859e-05,0.0002795093325910157,8072,72
1010,10,agreement_filtered_ema,0.13640722632408142,0.01769433729350567,0.26518756803125143,0.01,2444,856533,858977,862480,0.9959384565439199,0.0028336888971338464,0.993104767646786,858977,858977,False,0.1131947785615921,9.315325765735642e-05,0.00027945977297206924,8080,80
1011,11,agreement_filtered_ema,0.19033700972795486,0.017989572137594223,0.011622869642451406,0.011,6267,850675,856942,860458,0.995913804043893,0.007283330505382018,0.9886304735385109,856942,856942,False,0.11319969594478607,9.31367192988896e-05,0.00027941015789666873,8088,88
1012,12,agreement_filtered_ema,0.25701114535331726,0.01935130264610052,0.22530541196465492,0.012,2893,860476,863369,866257,0.996666116406563,0.0033396555525669635,0.993326460853996,863369,863369,False,0.11320406943559647,9.312016246202262e-05,0.00027936048738606785,8096,96
1013,13,agreement_filtered_ema,0.18060440570116043,0.014882555231451988,0.009302649181336164,0.013,2039,861482,863521,865153,0.9981136284564696,0.0023568085644966844,0.9957568198919728,863521,863521,False,0.11320966482162476,9.310358715384793e-05,0.00027931076146154373,8104,104
1014,14,agreement_filtered_ema,0.237461119890213,0.01714971289038658,0.001391373050864786,0.014,2079,871773,873852,876286,0.9972223680396582,0.002372513083627948,0.9948498549560303,873852,873852,False,0.11321565508842468,9.308699338146583e-05,0.0002792609801443974,8112,112
1015,15,agreement_filtered_ema,0.1620422750711441,0.017902710009366274,0.007312523666769266,0.015,3406,864399,867805,870850,0.9965034162025607,0.003911121318252282,0.9925922948843084,867805,867805,False,0.1132221594452858,9.307038115198458e-05,0.00027921114345595373,8120,120
1016,16,agreement_filtered_ema,0.2492971047759056,0.019081376492977142,0.0024467722978442907,0.016,980,881877,882857,884175,0.9985093448695112,0.0011083778663726071,0.9974009670031385,882857,882857,False,0.11322814971208572,9.305375047252037e-05,0.000279161251417561,8128,128
1017,17,agreement_filtered_ema,0.08510030433535576,0.015224207658320665,0.0037890963722020388,0.017,5236,870810,876046,879773,0.9957636799492596,0.005951535225563867,0.9898121447236957,876046,876046,False,0.11323410272598267,9.30371013501972e-05,0.0002791113040505915,8136,136
1018,18,agreement_filtered_ema,0.245844766497612,0.01716425083577633,0.008047464187256992,0.018,3453,859263,862716,865628,0.9966359683374383,0.003989011446025314,0.9926469568914129,862716,862716,False,0.11323957145214081,9.302043379214703e-05,0.00027906130137644105,8144,144
1019,19,agreement_filtered_ema,0.2983214855194092,0.01645244751125574,0.014170137234032154,0.019,1194,883008,884202,886924,0.9969309659001222,0.0013462258322020828,0.9955847400679201,884202,884202,False,0.11324473470449448,9.300374780550974e-05,0.00027901124341652914,8152,152
1020,20,agreement_filtered_ema,0.1155725046992302,0.029438817873597145,0.005986955831758678,0.02,3695,871428,875123,877783,0.9969696382818989,0.004209468627211965,0.9927601696546868,875123,875123,False,0.11324959993362427,9.298704339743308e-05,0.00027896113019229915,8160,160
1021,21,agreement_filtered_ema,0.17608001828193665,0.015519088134169579,0.03488305024802685,0.021,4799,869245,874044,877524,0.9960342964978736,0.005468796295030108,0.9905655002028435,874044,874044,False,0.11325432360172272,9.297032057507264e-05,0.0002789109617252179,8168,168
1022,22,agreement_filtered_ema,0.13954514265060425,0.02127668634057045,0.008397934725508094,0.022,6643,849096,855739,859695,0.9953983680258697,0.007727159050593524,0.9876712089752762,855739,855739,False,0.11325869709253311,9.295357934559198e-05,0.0002788607380367759,8176,176
1023,23,agreement_filtered_ema,0.2860504984855652,0.014675370417535305,0.020124526694417,0.023,4095,859122,863217,866225,0.9965274611099888,0.004727409160437531,0.9918000519495512,863217,863217,False,0.11326293647289276,9.293681971616252e-05,0.00027881045914848756,8184,184
1024,24,agreement_filtered_ema,0.09484490007162094,0.017707308754324913,0.0006541501061292365,0.024,1718,859474,861192,863055,0.9978413890192398,0.0019906031481191815,0.9958507858711206,861192,861192,False,0.11326753348112106,9.292004169396356e-05,0.0002787601250818906,8192,192
1025,25,agreement_filtered_ema,0.24169713258743286,0.014983761124312878,0.00691800145432353,0.025,4107,859128,863235,866511,0.996219320931875,0.004739697476431343,0.9914796234554437,863235,863235,False,0.11327193677425385,9.290324528618224e-05,0.00027870973585854665,8200,200
1026,26,agreement_filtered_ema,0.19480185583233833,0.018384654074907303,0.009528815746307373,0.026,4009,869257,873266,876826,0.9959399014171569,0.0045721728142185565,0.9913677286029383,873266,873266,False,0.11327610164880753,9.288643050001361e-05,0.0002786592915000408,8208,208
1027,27,agreement_filtered_ema,0.13181383535265923,0.015775888226926327,0.0037905657081864774,0.027,1412,868987,870399,872166,0.9979740095348821,0.0016189578589396972,0.9963550516759424,870399,870399,False,0.1132809966802597,9.286959734266061e-05,0.0002786087920279818,8216,216
1028,28,agreement_filtered_ema,0.2541753426194191,0.014356768224388361,0.0065543875098228455,0.028,2568,877303,879871,882682,0.9968153876480997,0.002909315019452079,0.9939060726286477,879871,879871,False,0.11328623443841934,9.285274582133401e-05,0.000278558237464002,8224,224
1029,29,agreement_filtered_ema,0.14583377912640572,0.018818378448486328,0.023530500126071274,0.029,3826,851965,855791,860238,0.994830500396402,0.004447606360100344,0.9903828940363015,855791,855791,False,0.11329127103090286,9.283587594325249e-05,0.0002785076278297574,8232,232
1030,30,agreement_filtered_ema,0.18852121382951736,0.021191404201090336,0.002659231482539326,0.03,2529,857934,860463,862790,0.9973029358244764,0.0029311883540606635,0.9943717474704158,860463,860463,False,0.11329606920480728,9.281898771564254e-05,0.0002784569631469276,8240,240
1031,31,agreement_filtered_ema,0.17930778861045837,0.015137393027544022,0.0032362397760152817,0.031,2340,866529,868869,871894,0.9965305415566571,0.0026838124817925115,0.9938467290748646,868869,868869,False,0.11330072581768036,9.280208114573859e-05,0.00027840624343721573,8248,248
1032,32,agreement_filtered_ema,0.1867610514163971,0.014895253349095583,0.0017582948203198612,0.032,2494,866686,869180,870845,0.998088063891967,0.0028638850771377225,0.9952241788148293,869180,869180,False,0.11330542713403702,9.278515624078282e-05,0.0002783554687223484,8256,256
1033,33,agreement_filtered_ema,0.13512622937560081,0.015409889165312052,0.0011111359926871955,0.033,1346,867853,869199,870722,0.9982508768585151,0.0015458435643064031,0.9967050332942087,869199,869199,False,0.11331044882535934,9.276821300802534e-05,0.000278304639024076,8264,264
1034,34,agreement_filtered_ema,0.3407166302204132,0.016818587202578783,0.012701148632913828,0.034,3318,854968,858286,861189,0.9966290790987808,0.0038528127971908604,0.99277626630159,858286,858286,False,0.11331509798765182,9.27512514547241e-05,0.00027825375436417226,8272,272
1035,35,agreement_filtered_ema,0.20517990738153458,0.022468291223049164,0.1276067349826917,0.035,1048,867890,868938,870876,0.997774654485828,0.0012033860159196027,0.9965712684699085,868938,868938,False,0.11331941187381744,9.27342715881449e-05,0.00027820281476443465,8280,280
1036,36,agreement_filtered_ema,0.09667148441076279,0.017131218686699867,0.0019494898151606321,0.036,1654,877102,878756,880681,0.9978141915177005,0.0018780920673887593,0.9959360994503117,878756,878756,False,0.11332371830940247,9.271727341556135e-05,0.000278151820246684,8288,288
1037,37,agreement_filtered_ema,0.19387966394424438,0.017110634595155716,0.005659584305249155,0.037,5145,865822,870967,874224,0.9962744102198063,0.005885219348816779,0.9903891908709895,870967,870967,False,0.11332911252975464,9.270025694425497e-05,0.0002781007708327649,8296,296
1038,38,agreement_filtered_ema,0.17662949860095978,0.023102503269910812,0.051376680843532085,0.038,9273,845319,854592,861780,0.9916591241384112,0.0107602868481515,0.9808988372902597,854592,854592,False,0.11333436518907547,9.268322218151501e-05,0.00027804966654454503,8304,304
1039,39,agreement_filtered_ema,0.1425098031759262,0.015163304284214973,0.014786151703447104,0.039,5547,845981,851528,855483,0.9953768806627368,0.006484056375170518,0.9888928242875662,851528,851528,False,0.1133396178483963,9.266616913463869e-05,0.00027799850740391603,8312,312
1040,40,agreement_filtered_ema,0.11975603550672531,0.02518612239509821,0.005142234964296222,0.04,2595,867026,869621,871757,0.9975497759123242,0.002976746960448841,0.9945730289518754,869621,869621,False,0.1133446916937828,9.264909781093094e-05,0.00027794729343279283,8320,320
1041,41,agreement_filtered_ema,0.18100615590810776,0.014816675335168839,0.04293662466807291,0.041,2540,847469,850009,851606,0.9981247196473486,0.002982599934711592,0.9951421197126371,850009,850009,False,0.11334959417581558,9.263200821770461e-05,0.0002778960246531138,8328,328
1042,42,agreement_filtered_ema,0.12310724705457687,0.01735089672729373,0.016649168101139367,0.042,2611,871285,873896,875986,0.9976141171205932,0.00298064124312489,0.9946334758774683,873896,873896,False,0.11335429549217224,9.261490036228033e-05,0.00027784470108684094,8336,336
1043,43,agreement_filtered_ema,0.29485689103603363,0.015036943834275007,0.013966725673526525,0.043,4175,841823,845998,848545,0.9969983913640408,0.004920186908178117,0.9920782044558627,845998,845998,False,0.11335873603820801,9.259777425198655e-05,0.00027779332275595963,8344,344
1044,44,agreement_filtered_ema,0.0733303353190422,0.01655575819313526,0.006742238067090511,0.044,5971,854282,860253,865150,0.9943397098769,0.00690169334797434,0.9874380165289256,860253,860253,False,0.1133633553981781,9.258062989415955e-05,0.0002777418896824786,8352,352
1045,45,agreement_filtered_ema,0.15139704197645187,0.01573672378435731,0.007311821100302041,0.045,3629,854668,858297,861652,0.996106316703263,0.004211677103981654,0.9918946395992814,858297,858297,False,0.1133681982755661,9.256346729614342e-05,0.00027769040188843023,8360,360
1046,46,agreement_filtered_ema,0.17831190675497055,0.017530836630612612,0.0012615693267434835,0.046,4040,866097,870137,873932,0.9956575568808557,0.004622785296796547,0.9910347715840592,870137,870137,False,0.11337291449308395,9.25462864652901e-05,0.0002776388593958703,8368,368
1047,47,agreement_filtered_ema,0.14697320014238358,0.01729547791182995,0.04110059142112732,0.047,6281,850062,856343,860269,0.9954363112003338,0.007301204623205067,0.9881351065771288,856343,856343,False,0.11337768286466599,9.252908740895931e-05,0.0002775872622268779,8376,376
1048,48,agreement_filtered_ema,0.20373448729515076,0.02004881203174591,0.023876053281128407,0.048,4986,873478,878464,881935,0.9960643358070607,0.005653477864014922,0.9904108579430457,878464,878464,False,0.11338202655315399,9.251187013451857e-05,0.00027753561040355564,8384,384
1049,49,agreement_filtered_ema,0.1862577572464943,0.014858330599963665,0.0031104636727832258,0.049,4766,874451,879217,881660,0.9972290905791348,0.005405711952453327,0.9918233786266815,879217,879217,False,0.11338658630847931,9.249463464934321e-05,0.0002774839039480296,8392,392
1050,50,agreement_filtered_ema,0.07878987491130829,0.015569233801215887,0.001854496542364359,0.05,2637,854237,856874,859434,0.9970212954107005,0.0030682984382744923,0.993952996972426,856874,856874,False,0.11339163780212402,9.247738096081635e-05,0.000277432142882449,8400,400
1051,51,agreement_filtered_ema,0.19207218289375305,0.016242451034486294,0.020909057348035276,0.051,2886,872574,875460,877606,0.9975547113397129,0.003288491646593118,0.9942662196931197,875460,875460,False,0.11339663714170456,9.246010907632895e-05,0.00027738032722898683,8408,408
1052,52,agreement_filtered_ema,0.1880994290113449,0.019660445861518383,0.00888772844336927,0.052,828,873788,874616,876265,0.9981181491900282,0.0009449196304770817,0.997173229559551,874616,874616,False,0.11340136080980301,9.244281900327973e-05,0.0002773284570098391,8416,416
1053,53,agreement_filtered_ema,0.17125779390335083,0.017128955107182264,0.004770519444718957,0.053,6973,861505,868478,872522,0.9953651598469724,0.007991775565544479,0.9873733842814278,868478,868478,False,0.11340587586164474,9.242551074907519e-05,0.00027727653224722553,8424,424
1054,54,agreement_filtered_ema,0.18073071539402008,0.015172421000897884,0.0016391752869822085,0.054,1039,878775,879814,881053,0.9985937281866131,0.0011792707135666073,0.9974144574730465,879814,879814,False,0.11341020464897156,9.240818432112965e-05,0.0002772245529633889,8432,432
1055,55,agreement_filtered_ema,0.13112642616033554,0.014327012933790684,0.0016238717071246356,0.055,1071,864476,865547,866875,0.9984680605623648,0.0012354722422494593,0.9972325883201154,865547,865547,False,0.11341479420661926,9.23908397268652e-05,0.0002771725191805956,8440,440
1056,56,agreement_filtered_ema,0.14206724241375923,0.022018670104444027,0.03656264208257198,0.056,5962,859946,865908,869968,0.99533316167951,0.0068531256322071615,0.9884800360473028,865908,865908,False,0.11341916024684906,9.237347697371173e-05,0.00027712043092113515,8448,448
1057,57,agreement_filtered_ema,0.1308308243751526,0.018496309407055378,0.023471694206818938,0.057,6144,862494,868638,875305,0.99238322641822,0.007019267569590029,0.9853639588486299,868638,868638,False,0.11342348903417587,9.235609606910687e-05,0.0002770682882073206,8456,456
1058,58,agreement_filtered_ema,0.14342164248228073,0.014886271208524704,0.014467800501734018,0.058,3066,849125,852191,855149,0.996540953681756,0.0035853400986260876,0.99295561358313,852191,852191,False,0.11342809349298477,9.233869702049605e-05,0.0002770160910614881,8464,464
1059,59,agreement_filtered_ema,0.1805986538529396,0.0162695050239563,0.00695861573331058,0.059,1640,859255,860895,863724,0.9967246481514929,0.0018987546947867606,0.994825893456706,860895,860895,False,0.11343282461166382,9.232127983533246e-05,0.00027696383950599735,8472,472
1060,60,agreement_filtered_ema,0.23052909225225449,0.0148838902823627,0.07519009127281606,0.06,1058,881650,882708,884721,0.9977247064328755,0.001195857225046088,0.9965288492078294,882708,882708,False,0.11343739181756973,9.23038445210771e-05,0.00027691153356323127,8480,480
1061,61,agreement_filtered_ema,0.16030298918485641,0.016308376099914312,0.00191039452329278,0.061,880,865764,866644,868179,0.9982319314334948,0.0010136158557163904,0.9972183155777783,866644,866644,False,0.11344209313392639,9.228639108519868e-05,0.00027685917325559597,8488,488
1062,62,agreement_filtered_ema,0.15568167343735695,0.017202001996338367,0.014186005340889096,0.062,2731,838692,841423,842897,0.9982512691349003,0.0032400162771963835,0.9950112528577039,841423,841423,False,0.11344696581363678,9.226891953517369e-05,0.00027680675860552106,8496,496
1063,63,agreement_filtered_ema,0.12901930510997772,0.01938340626657009,0.05749382288195193,0.063,498,868898,869396,871750,0.9972996845425868,0.0005712646974476627,0.996728419845139,869396,869396,False,0.11345159262418747,9.22514298784864e-05,0.00027675428963545916,8504,504
1064,64,agreement_filtered_ema,0.17449203878641129,0.01527594868093729,0.05714978475589305,0.064,260,859249,859509,860732,0.9985791163800114,0.00030206847195178056,0.9982770479080596,859509,859509,False,0.11345614492893219,9.223392212262885e-05,0.0002767017663678865,8512,512
1065,65,agreement_filtered_ema,0.17218327522277832,0.01757456548511982,0.015530675300396979,0.065,3858,846624,850482,853648,0.9962912113658089,0.004519427211215865,0.991771784154593,850482,850482,False,0.11346150189638138,9.221639627510076e-05,0.00027664918882530225,8520,520
1066,66,agreement_filtered_ema,0.13042935729026794,0.01833975501358509,0.003524334402754903,0.066,2244,867843,870087,871861,0.9979652719871631,0.002573804769338232,0.9953914672178249,870087,870087,False,0.11346658319234848,9.219885234340967e-05,0.00027659655703022896,8528,528
1067,67,agreement_filtered_ema,0.24696540459990501,0.017813104204833508,0.0035512334434315562,0.067,2249,875835,878084,880647,0.99708963977621,0.0025538041916908817,0.9945358355845191,878084,878084,False,0.11347139626741409,9.218129033507084e-05,0.0002765438710052125,8536,536
1068,68,agreement_filtered_ema,0.16036368161439896,0.01668819785118103,0.01196897600311786,0.068,2325,865822,868147,869855,0.9980364543515874,0.0026728592696483896,0.995363595081939,868147,868147,False,0.11347638070583344,9.216371025760728e-05,0.0002764911307728218,8544,544
1069,69,agreement_filtered_ema,0.11805307120084763,0.015499264001846313,0.013376391492784023,0.069,3289,855273,858562,861254,0.9968743251119878,0.00381885018821393,0.9930554749237739,858562,858562,False,0.11348120868206024,9.214611211854974e-05,0.00027643833635564917,8552,552
1070,70,agreement_filtered_ema,0.1677107810974121,0.019393173046410084,0.007192811346612871,0.07,5268,870104,875372,880819,0.9938159826252613,0.005980797416949453,0.9878351852083118,875372,875372,False,0.11348605901002884,9.212849592543667e-05,0.00027638548777631,8560,560
1071,71,agreement_filtered_ema,0.13997840136289597,0.019394888076931238,0.007515294244512916,0.071,2779,849716,852495,855287,0.9967355986937718,0.0032492017299456206,0.9934863969638261,852495,852495,False,0.11349079012870789,9.211086168581433e-05,0.00027633258505744293,8568,568
1072,72,agreement_filtered_ema,0.27926255762577057,0.016178805846720934,0.00462770601734519,0.072,3394,872051,875445,878326,0.9967198967126101,0.0038641688849015057,0.9928557278277086,875445,875445,False,0.1134953424334526,9.209320940723664e-05,0.0002762796282217099,8576,576
1073,73,agreement_filtered_ema,0.1527499333024025,0.015632868744432926,0.003546010353602469,0.073,3913,862902,866815,869750,0.9966254670882437,0.004498993963782696,0.992126473124461,866815,866815,False,0.1135004535317421,9.207553909726531e-05,0.00027622661729179593,8584,584
1074,74,agreement_filtered_ema,0.157831072807312,0.01798972487449646,0.019907329056877643,0.074,563,869248,869811,871758,0.997766582010145,0.0006458214320946868,0.9971207605780503,869811,869811,False,0.11350539326667786,9.205785076346971e-05,0.0002761735522904091,8592,592
1075,75,agreement_filtered_ema,0.1252531334757805,0.016940291039645672,0.007320365286432207,0.075,1180,876962,878142,880289,0.9975610282532213,0.001340468868746514,0.9962205593844748,878142,878142,False,0.11351025849580765,9.204014441342697e-05,0.00027612043324028087,8600,600
1076,76,agreement_filtered_ema,0.18225808441638947,0.017725106328725815,0.003594493493437767,0.076,1036,871188,872224,874029,0.9979348511319418,0.0011853153613896107,0.9967495357705523,872224,872224,False,0.11351487785577774,9.20224200547219e-05,0.00027606726016416567,8608,608
1077,77,agreement_filtered_ema,0.08961406722664833,0.016436080913990736,0.0035161073319613934,0.077,786,866653,867439,869973,0.9970872659266437,0.0009034763147821829,0.9961837896118615,867439,867439,False,0.1135195717215538,9.20046776949471e-05,0.0002760140330848412,8616,616
1078,78,agreement_filtered_ema,0.2619255781173706,0.015102730598300695,0.003596185240894556,0.078,5276,871947,877223,879736,0.9971434612201843,0.005997253721571017,0.9911462074986133,877223,877223,False,0.11352434009313583,9.19869173417028e-05,0.00027596075202510837,8624,624
1079,79,agreement_filtered_ema,0.1356971077620983,0.018643955700099468,0.004806471755728126,0.079,2400,857311,859711,862640,0.9966046091069276,0.0027821570991375315,0.9938224520077901,859711,859711,False,0.11352897435426712,9.196913900259698e-05,0.0002759074170077909,8632,632
1080,80,agreement_filtered_ema,0.29224446415901184,0.016579443588852882,0.002591474330984056,0.08,582,880082,880664,882150,0.9983154792268889,0.0006597517429008672,0.997655727483988,880664,880664,False,0.11353341490030289,9.195134268524532e-05,0.0002758540280557359,8640,640
1081,81,agreement_filtered_ema,0.18397177010774612,0.017015492543578148,0.001694577920716256,0.081,3075,841782,844857,846938,0.9975429134127882,0.003630726216086656,0.9939121871967015,844857,844857,False,0.1135377287864685,9.193352839727121e-05,0.0002758005851918136,8648,648
1082,82,agreement_filtered_ema,0.1737251728773117,0.020876475609838963,0.0023882873356342316,0.082,1228,883048,884276,886299,0.997717474576864,0.001385536935052392,0.9963319376418116,884276,884276,False,0.11354190856218338,9.191569614630568e-05,0.000275747088438917,8656,656
1083,83,agreement_filtered_ema,0.12169767171144485,0.016854372806847095,0.0029460537480190396,0.083,2101,845914,848015,849861,0.9978278800886262,0.0024721689782211446,0.9953557111104051,848015,848015,False,0.11354606598615646,9.189784593998757e-05,0.00027569353781996264,8664,664
1084,84,agreement_filtered_ema,0.2644347995519638,0.02608929853886366,0.033317006193101406,0.084,9663,855515,865178,871364,0.9929007854352486,0.011089510239119358,0.9818112751961293,865178,865178,False,0.11354973912239075,9.187997778596326e-05,0.0002756399333578897,8672,672
1085,85,agreement_filtered_ema,0.1995767131447792,0.02234456967562437,0.001505113672465086,0.085,3608,870409,874017,876367,0.9973184750224506,0.004116996646382166,0.9932014783760684,874017,874017,False,0.11355313658714294,9.186209169188695e-05,0.00027558627507566084,8680,680
1086,86,agreement_filtered_ema,0.24779965728521347,0.02000527363270521,0.0033830539032351226,0.086,4051,862446,866497,869279,0.9967996466036796,0.004660183899530531,0.9921394627041491,866497,866497,False,0.11355623602867126,9.184418766542047e-05,0.00027553256299626136,8688,688
1087,87,agreement_filtered_ema,0.3042018860578537,0.01742243953049183,0.02188505046069622,0.087,8946,867670,876616,883843,0.9918232084205,0.010121707135769589,0.9817015012847304,876616,876616,False,0.11355916410684586,9.182626571423333e-05,0.00027547879714269995,8696,696
1088,88,agreement_filtered_ema,0.13839727640151978,0.01885205414146185,0.008113803574815392,0.088,11444,846866,858310,868120,0.9886997189328665,0.013182509330507302,0.9755172096023591,858310,858310,False,0.11356204003095627,9.180832584600271e-05,0.00027542497753800814,8704,704
1089,89,agreement_filtered_ema,0.21170123666524887,0.018062318675220013,0.0022096073953434825,0.089,4300,860424,864724,867646,0.9966322670766649,0.004955938251314476,0.9916763288253504,864724,864724,False,0.11356496810913086,9.179036806841353e-05,0.0002753711042052405,8712,712
1090,90,agreement_filtered_ema,0.14017276465892792,0.020989003591239452,0.0175235562492162,0.09,4132,844909,849041,851949,0.9965866501398558,0.00485005557844425,0.9917365945614115,849041,849041,False,0.11356794089078903,9.177239238915826e-05,0.0002753171771674748,8720,720
1091,91,agreement_filtered_ema,0.20407423377037048,0.01484929071739316,0.03606413584202528,0.091,4206,858900,863106,866421,0.9961739154521878,0.004854452973785261,0.9913194624784025,863106,863106,False,0.11357099562883377,9.175439881593716e-05,0.00027526319644781145,8728,728
1092,92,agreement_filtered_ema,0.1358744353055954,0.021238102577626705,0.015815485559869558,0.092,2093,873178,875271,877516,0.9974416420897169,0.002385141695422078,0.9950565003942948,875271,875271,False,0.11357396841049194,9.173638735645808e-05,0.0002752091620693742,8736,736
1093,93,agreement_filtered_ema,0.1528470329940319,0.021283444948494434,0.005085101816803217,0.093,790,851780,852570,853938,0.9983980101599882,0.0009251257117027232,0.9974728844482855,852570,852570,False,0.11357679963111877,9.171835801843658e-05,0.00027515507405530975,8744,744
1094,94,agreement_filtered_ema,0.12785733491182327,0.015551988501101732,0.0075772322015836835,0.094,5581,858298,863879,867904,0.995362390310449,0.006430434702455571,0.9889319556079935,863879,863879,False,0.1135796532034874,9.170031080959584e-05,0.0002751009324287875,8752,752
1095,95,agreement_filtered_ema,0.1588805355131626,0.01613781973719597,0.0024572976399213076,0.095,9024,865343,874367,881162,0.99228859165511,0.010241022649637638,0.9820475690054723,874367,874367,False,0.11358260363340378,9.168224573766673e-05,0.00027504673721300015,8760,760
1096,96,agreement_filtered_ema,0.07516330853104591,0.015346822328865528,0.0022223934065550566,0.096,1498,854090,855588,857489,0.9977830619401532,0.0017469611855079191,0.9960361007546452,855588,855588,False,0.11358609795570374,9.166416281038773e-05,0.00027499248843116314,8768,768
1097,97,agreement_filtered_ema,0.09271171316504478,0.01925872638821602,0.002369291731156409,0.097,3145,854257,857402,859924,0.9970671826812602,0.003657299947437215,0.993409882733823,857402,857402,False,0.1135900616645813,9.164606203550497e-05,0.00027493818610651487,8776,776
1098,98,agreement_filtered_ema,0.328793004155159,0.017155668698251247,0.002958306926302612,0.098,6543,842679,849222,854469,0.9938593442243078,0.007657387219431015,0.9862019570048767,849222,849222,False,0.11359400302171707,9.16279434207723e-05,0.00027488383026231687,8784,784
1099,99,agreement_filtered_ema,0.0759868398308754,0.01878509297966957,0.003912881074938923,0.099,4044,858854,862898,866439,0.9959131571870611,0.004667379930958787,0.9912457772561023,862898,862898,False,0.11359796673059464,9.160980697395115e-05,0.0002748294209218534,8792,792
1100,100,agreement_filtered_ema,0.15528975427150726,0.016384574584662914,0.008893579011783004,0.1,2352,876277,878629,880681,0.997669984932115,0.0026706605456459265,0.9949993243864691,878629,878629,False,0.11360202729701996,9.159165270281057e-05,0.00027477495810843166,8800,800
1101,101,agreement_filtered_ema,0.30077505111694336,0.015085432678461075,0.010360733605921268,0.101,6901,857731,864632,869120,0.9948361561119293,0.007940215390279823,0.9868959407216494,864632,864632,False,0.11360592395067215,9.157348061512727e-05,0.0002747204418453818,8808,808
1102,102,agreement_filtered_ema,0.14118675887584686,0.014905048534274101,0.061748748645186424,0.102,1369,865307,866676,869208,0.9970870033409724,0.0015749970087712032,0.9955120063322013,866676,866676,False,0.11360975354909897,9.155529071868562e-05,0.0002746658721560568,8816,816
1103,103,agreement_filtered_ema,0.08534443750977516,0.017802042420953512,0.008177909534424543,0.103,7251,858706,865957,869285,0.996171566287236,0.008341337996169266,0.9878302282910668,865957,865957,False,0.11361363530158997,9.153708302127758e-05,0.0002746112490638327,8824,824
1104,104,agreement_filtered_ema,0.2982800155878067,0.020065528340637684,0.012326112948358059,0.104,8333,843589,851922,859074,0.9916747567729904,0.009699979280015458,0.981974777492975,851922,851922,False,0.11361721158027649,9.151885753070277e-05,0.00027455657259210824,8832,832
1105,105,agreement_filtered_ema,0.24172598868608475,0.01808870630338788,0.00610391836380586,0.105,1027,871886,872913,874724,0.9979296326612738,0.0011740846255504592,0.9967555480357233,872913,872913,False,0.11362064629793167,9.150061425476838e-05,0.0002745018427643051,8840,840
1106,106,agreement_filtered_ema,0.1314612552523613,0.01959453010931611,0.01996555714868009,0.106,5986,843909,849895,854970,0.9940641192088612,0.007001415254336409,0.9870627039545247,849895,849895,False,0.11362390965223312,9.148235320128926e-05,0.0002744470596038677,8848,848
1107,107,agreement_filtered_ema,0.1267557293176651,0.017174440901726484,0.003552052890881896,0.107,2889,855359,858248,860681,0.9971731686885152,0.0033566443316397133,0.9938165243568755,858248,858248,False,0.11362843960523605,9.146407437808788e-05,0.0002743922231342636,8856,856
1108,108,agreement_filtered_ema,0.2019413486123085,0.017090917099267244,0.007474005135009065,0.108,2801,864663,867464,870479,0.9965363897348472,0.003217768607858432,0.9933186211269887,867464,867464,False,0.11363305151462555,9.144577779299431e-05,0.0002743373333789829,8864,864
1109,109,agreement_filtered_ema,0.21060389280319214,0.019985608756542206,0.028454995714128017,0.109,2631,852737,855368,857596,0.9974020401214558,0.003067878115103149,0.9943341620063526,855368,855368,False,0.11363735795021057,9.142746345384619e-05,0.0002742823903615385,8872,872
1110,110,agreement_filtered_ema,0.07935523614287376,0.016700285486876965,0.005579031305387616,0.11,5916,864119,870035,873834,0.9956524923498056,0.006770164585035602,0.9888823277647699,870035,870035,False,0.11364216357469559,9.140913136848883e-05,0.00027422739410546646,8880,880
1111,111,agreement_filtered_ema,0.1485443264245987,0.015252555720508099,0.00690075452439487,0.111,4712,872718,877430,881346,0.9955567960823558,0.005346367941761805,0.990210428140594,877430,877430,False,0.11364686489105225,9.139078154477512e-05,0.0002741723446343253,8888,888
1112,112,agreement_filtered_ema,0.14230598509311676,0.016373537480831146,0.003653856460005045,0.112,6453,866613,873066,878045,0.9943294478073448,0.007349281642740406,0.9869801661646043,873066,873066,False,0.11365187913179398,9.137241399056551e-05,0.00027411724197169647,8896,896
1113,113,agreement_filtered_ema,0.20908930897712708,0.016971907578408718,0.025885866140015423,0.113,1169,836599,837768,839915,0.9974437889548348,0.0013918075043307953,0.9960519814505039,837768,837768,False,0.11365734040737152,9.135402871372808e-05,0.00027406208614118424,8904,904
1114,114,agreement_filtered_ema,0.06963948532938957,0.01674211211502552,0.0056689378106966615,0.114,3485,863651,867136,870570,0.9960554579183754,0.004003124389767624,0.9920523335286077,867136,867136,False,0.11366277933120728,9.133562572213855e-05,0.0002740068771664156,8912,912
1115,115,agreement_filtered_ema,0.24329856038093567,0.018311322666704655,0.0031634513288736343,0.115,5678,858407,864085,866910,0.996741299558201,0.006549699507445986,0.990191600050755,864085,864085,False,0.11366783827543259,9.131720502368013e-05,0.00027395161507104036,8920,920
1116,116,agreement_filtered_ema,0.08937283605337143,0.01652146875858307,0.027015986386686563,0.116,5200,855684,860884,863858,0.996557304556999,0.006019507835778566,0.9905377967212203,860884,860884,False,0.11367281526327133,9.129876662624365e-05,0.00027389629987873093,8928,928
1117,117,agreement_filtered_ema,0.12303004413843155,0.018237167038023472,0.005282426252961159,0.117,8492,866978,875470,882568,0.991957560210658,0.00962192148367038,0.9823356387269876,875470,875470,False,0.1136777326464653,9.128031053772759e-05,0.0002738409316131827,8936,936
1118,118,agreement_filtered_ema,0.11681266874074936,0.015089996624737978,0.005917261354625225,0.118,4594,857848,862442,866023,0.9958650058947626,0.005304708997336098,0.9905602968974265,862442,862442,False,0.11368276923894882,9.12618367660379e-05,0.0002737855102981137,8944,944
1119,119,agreement_filtered_ema,0.19753044843673706,0.01776196202263236,0.009499018313363194,0.119,3356,872363,875719,878161,0.9972191887364618,0.0038216226865005394,0.9933975660499612,875719,875719,False,0.11368764936923981,9.124334531908818e-05,0.0002737300359572645,8952,952
1120,120,agreement_filtered_ema,0.18397235125303268,0.019257305189967155,0.001788715657312423,0.12,326,858376,858702,860182,0.9982794338872472,0.0003789895626739457,0.9979004443245731,858702,858702,False,0.11369243264198303,9.122483620479957e-05,0.00027367450861439865,8960,960
1121,121,agreement_filtered_ema,0.2998790144920349,0.015053914859890938,0.003987359348684549,0.121,1225,876635,877860,880391,0.9971251409884926,0.001391427218133761,0.9957337137703588,877860,877860,False,0.11369714140892029,9.120630943110077e-05,0.0002736189282933023,8968,968
1122,122,agreement_filtered_ema,0.2795203737914562,0.016027914360165596,0.00679615349508822,0.122,2387,847258,849645,852668,0.9964546576158598,0.002799448319861892,0.9936552092959979,849645,849645,False,0.11370158195495605,9.118776500592812e-05,0.0002735632950177843,8976,976
1123,123,agreement_filtered_ema,0.1248655617237091,0.016661888919770718,0.007948899874463677,0.123,3854,880283,884137,887974,0.9956789275361666,0.0043402171685206995,0.9913387103676459,884137,884137,False,0.11370619386434555,9.116920293722541e-05,0.0002735076088116762,8984,984
1124,124,agreement_filtered_ema,0.21434583887457848,0.02188482228666544,0.003766574547626078,0.124,2281,853446,855727,858483,0.9967896859926172,0.0026570124277359016,0.9941326735648813,855727,855727,False,0.11371053010225296,9.115062323294406e-05,0.0002734518696988321,8992,992
1125,125,agreement_filtered_ema,0.160568006336689,0.02481752634048462,0.011660464573651552,0.125,945,867498,868443,870423,0.9977252439331221,0.0010856790319189636,0.9966395649012032,868443,868443,False,0.11371500045061111,9.1132025901043e-05,0.00027339607770312895,9000,1000
1126,126,agreement_filtered_ema,0.13956298679113388,0.017618213780224323,0.0186707463581115,0.126,4102,851182,855284,857833,0.9970285591717736,0.004781816507408785,0.9922467426643647,855284,855284,False,0.11371933668851852,9.111341094948876e-05,0.0002733402328484662,9008,1008
1127,127,agreement_filtered_ema,0.19166335463523865,0.01781096588820219,0.025419792626053095,0.127,6961,865675,872636,878585,0.9932288850822629,0.007922967043598513,0.9853059180386644,872636,872636,False,0.11372362077236176,9.10947783862554e-05,0.00027328433515876613,9016,1016
1128,128,agreement_filtered_ema,0.2844744771718979,0.01968600880354643,0.0044169919565320015,0.128,1340,841018,842358,843796,0.9982957966143475,0.0015880615693840692,0.9967077350449635,842358,842358,False,0.11372806876897812,9.10761282193245e-05,0.0002732283846579735,9024,1024
1129,129,agreement_filtered_ema,0.23839188367128372,0.017940032295882702,0.002159894327633083,0.129,4030,867013,871043,873390,0.9973127697821134,0.0046142044218504905,0.9926985653602629,871043,871043,False,0.11373231559991837,9.105746045668521e-05,0.00027317238137005556,9032,1032
1130,130,agreement_filtered_ema,0.2024461291730404,0.018041344359517097,0.004188190214335918,0.13,2811,850742,853553,856101,0.9970237156597177,0.003283491083411887,0.9937402245763058,853553,853553,False,0.11373641341924667,9.10387751063342e-05,0.00027311632531900254,9040,1040
1131,131,agreement_filtered_ema,0.1397523432970047,0.015671496745198965,0.004579811939038336,0.131,1062,864674,865736,867184,0.9983302274949722,0.0012246535913946752,0.9971055739035776,865736,865736,False,0.11374097317457199,9.102007217627568e-05,0.00027306021652882703,9048,1048
1132,132,agreement_filtered_ema,0.2828865125775337,0.014910709578543901,0.08181136101484299,0.132,5231,839473,844704,849200,0.9947056052755535,0.006159915214319359,0.988545690061234,844704,844704,False,0.11374527215957642,9.10013516745214e-05,0.0002730040550235642,9056,1056
1133,133,agreement_filtered_ema,0.22713521122932434,0.015144967939704657,0.08665544912219048,0.133,5205,853177,858382,862541,0.995178200224685,0.006034495751506305,0.9891437044731787,858382,858382,False,0.11374928802251816,9.098261360909064e-05,0.0002729478408272719,9064,1064
1134,134,agreement_filtered_ema,0.24307195842266083,0.021376862190663815,0.0538448765873909,0.134,6922,846717,853639,858419,0.9944316237175552,0.00806366121905503,0.9863679624985001,853639,853639,False,0.11375287175178528,9.096385798801015e-05,0.0002728915739640304,9072,1072
1135,135,agreement_filtered_ema,0.1319020316004753,0.017367536667734385,0.02833706745877862,0.135,1440,862839,864279,866851,0.9970329387634091,0.0016611851402374802,0.9953717536231717,864279,864279,False,0.1137562170624733,9.094508481931427e-05,0.0002728352544579428,9080,1080
1136,136,agreement_filtered_ema,0.22584660537540913,0.014659561216831207,0.003004371887072921,0.136,2189,880155,882344,885408,0.9965394484802487,0.002472306552459431,0.9940671419277892,882344,882344,False,0.11375969648361206,9.092629411104483e-05,0.00027277888233313445,9088,1088
1137,137,agreement_filtered_ema,0.09823712334036827,0.016713456250727177,0.003995214239694178,0.137,2417,864929,867346,870425,0.9964626475572278,0.0027768044346152742,0.9936858431226125,867346,867346,False,0.11376338452100754,9.090748587125118e-05,0.0002727224576137535,9096,1096
1138,138,agreement_filtered_ema,0.14960768073797226,0.023857925087213516,0.020980906672775745,0.138,3388,849651,853039,855439,0.9971944229804813,0.00396053955922047,0.9932338834212608,853039,853039,False,0.11376681923866272,9.088866010799015e-05,0.00027266598032397044,9104,1104
1139,139,agreement_filtered_ema,0.1716981679201126,0.014804023317992687,0.009219340980052948,0.139,1762,870356,872118,874258,0.9975522099883558,0.0020154233647275747,0.9955367866236282,872118,872118,False,0.11377055943012238,9.086981682932612e-05,0.0002726094504879783,9112,1112
1140,140,agreement_filtered_ema,0.20609737932682037,0.025578998029232025,0.0037063874769955873,0.14,5921,846450,852371,855589,0.9962388483255394,0.006920378826749759,0.9893184694987898,852371,852371,False,0.11377402395009995,9.085095604333093e-05,0.00027255286812999277,9120,1120
1141,141,agreement_filtered_ema,0.16693798452615738,0.021165912970900536,0.003976187785156071,0.141,4395,856913,861308,864349,0.9964817452209698,0.005084751645458027,0.9913969935755117,861308,861308,False,0.11377765238285065,9.083207775808396e-05,0.0002724962332742518,9128,1128
1142,142,agreement_filtered_ema,0.14879504591226578,0.019487274810671806,0.0028705131262540817,0.142,1183,866913,868096,869794,0.9980478136202365,0.001360092159752769,0.9966877214604838,868096,868096,False,0.11378125846385956,9.081318198167204e-05,0.0002724395459450161,9136,1136
1143,143,agreement_filtered_ema,0.1615539826452732,0.023661581799387932,0.0015072727110236883,0.143,2484,867701,870185,871660,0.9983078264460914,0.002849734988412913,0.9954580914576785,870185,870185,False,0.11378469318151474,9.079426872218957e-05,0.00027238280616656866,9144,1144
1144,144,agreement_filtered_ema,0.115044966340065,0.020089664962142706,0.004282525973394513,0.144,9527,853163,862690,868457,0.9933594869982049,0.010970030755696598,0.9823894562425083,862690,862690,False,0.1137881726026535,9.077533798773834e-05,0.000272326013963215,9152,1152
1145,145,agreement_filtered_ema,0.09815593808889389,0.022847755812108517,0.009219656931236386,0.145,5894,864825,870719,874774,0.9953645170066783,0.006737740262056257,0.9886267767446221,870719,870719,False,0.11379219591617584,9.075638978642771e-05,0.0002722691693592831,9160,1160
1146,146,agreement_filtered_ema,0.18617471307516098,0.015184299554675817,0.003758731996640563,0.146,4103,865029,869132,871922,0.9968001724924936,0.004705696151719993,0.9920944763407736,869132,869132,False,0.11379621177911758,9.073742412637446e-05,0.00027221227237912335,9168,1168
1147,147,agreement_filtered_ema,0.17688627541065216,0.014450138434767723,0.005815752083435655,0.147,6083,868926,875009,879419,0.9949853255387933,0.006917066836172519,0.9880682587026207,875009,875009,False,0.11380013078451157,9.071844101570291e-05,0.0002721553230471087,9176,1176
1148,148,agreement_filtered_ema,0.09900324419140816,0.019375615753233433,0.03348839282989502,0.148,2326,850255,852581,855010,0.9971590975544146,0.002720436018292184,0.9944386615361224,852581,852581,False,0.11380410194396973,9.06994404625448e-05,0.00027209832138763436,9184,1184
1149,149,agreement_filtered_ema,0.1515139937400818,0.01988175418227911,0.007399427238851786,0.149,9950,844659,854609,862150,0.9912532621933539,0.011540915153975526,0.9797123470393783,854609,854609,False,0.11380783468484879,9.068042247503936e-05,0.00027204126742511807,9192,1192
1150,150,agreement_filtered_ema,0.23105968534946442,0.014633349142968655,0.058016625756863505,0.15,2868,861535,864403,866705,0.9973439636323778,0.0033090844058820475,0.9940348792264958,864403,864403,False,0.1138114407658577,9.06613870613333e-05,0.0002719841611839998,9200,1200
1151,151,agreement_filtered_ema,0.24054761230945587,0.014602113515138626,0.0019737998954951763,0.151,1913,868922,870835,872146,0.998496811313702,0.002193440089159384,0.9963033712245427,870835,870835,False,0.11381500214338303,9.064233422958077e-05,0.0002719270026887423,9208,1208
1152,152,agreement_filtered_ema,0.17833014577627182,0.020271222107112408,0.01719222217798233,0.152,3356,872751,876107,878686,0.9970649355970165,0.0038193393316839006,0.9932455962653326,876107,876107,False,0.11381836235523224,9.06232639879434e-05,0.0002718697919638302,9216,1216
1153,153,agreement_filtered_ema,0.1334947869181633,0.017720039002597332,0.007005863124504685,0.153,5037,867486,872523,875770,0.9962924055402674,0.005751510099683707,0.9905408954405838,872523,872523,False,0.11382152140140533,9.060417634459031e-05,0.0002718125290337709,9224,1224
1154,154,agreement_filtered_ema,0.15860751271247864,0.017881935462355614,0.00520028336904943,0.154,5415,851071,856486,859242,0.9967925217808254,0.006302066239778782,0.9904904555410466,856486,856486,False,0.113824762403965,9.058507130769803e-05,0.000271755213923094,9232,1232
1155,155,agreement_filtered_ema,0.1833747997879982,0.015852130949497223,0.00533486227504909,0.155,7526,856375,863901,870210,0.9927500258558279,0.008648487146780662,0.9841015387090473,863901,863901,False,0.11382804811000824,9.05659488854505e-05,0.00027169784665635147,9240,1240
1156,156,agreement_filtered_ema,0.15363461524248123,0.021026519127190113,0.007649980892892927,0.156,9715,860105,869820,877198,0.9915891281101872,0.011075036650790357,0.9805140914593968,869820,869820,False,0.1138315424323082,9.054680908603922e-05,0.00027164042725811763,9248,1248
1157,157,agreement_filtered_ema,0.07120778225362301,0.01979460660368204,0.012368911411613226,0.157,3204,838272,841476,843781,0.9972682485147213,0.003797193821619591,0.9934710546931016,841476,841476,False,0.11383510380983353,9.052765191766304e-05,0.0002715829557529891,9256,1256
1158,158,agreement_filtered_ema,0.14103787764906883,0.018247398547828197,0.0016929219127632678,0.158,3927,863154,867081,869500,0.9972179413456009,0.004516388729154687,0.9927015526164462,867081,867081,False,0.11383877694606781,9.05084773885283e-05,0.00027152543216558484,9264,1264
1159,159,agreement_filtered_ema,0.23936394602060318,0.016188685782253742,0.00435629568528384,0.159,2878,876340,879218,882161,0.996663874281452,0.0032624430234390323,0.993401431258013,879218,879218,False,0.11384230852127075,9.048928550684873e-05,0.0002714678565205462,9272,1272
1160,160,agreement_filtered_ema,0.16679544746875763,0.017014069948345423,0.005868598120287061,0.16,5230,842780,848010,853228,0.9938844013557924,0.006129662880261782,0.9877547384755305,848010,848010,False,0.11384683102369308,9.047007628084555e-05,0.00027141022884253664,9280,1280
1161,161,agreement_filtered_ema,0.35446983575820923,0.0161539139226079,0.013985313009470701,0.161,2922,873630,876552,879114,0.9970857021956196,0.0033238010087428935,0.9937619011868768,876552,876552,False,0.1138511598110199,9.045084971874738e-05,0.0002713525491562421,9288,1288
1162,162,agreement_filtered_ema,0.16759131103754044,0.015026497188955545,0.018631376791745424,0.162,5613,854247,859860,863996,0.9952129408006518,0.006496557854434511,0.9887163829462173,859860,859860,False,0.11385537683963776,9.043160582879025e-05,0.00027129481748637075,9296,1296
1163,163,agreement_filtered_ema,0.2029084488749504,0.023008011281490326,0.011694021057337523,0.163,1835,856533,858368,860967,0.9969813012577717,0.0021313244293916025,0.9948499768283802,858368,858368,False,0.1138591468334198,9.041234461921766e-05,0.0002712370338576529,9304,1304
1164,164,agreement_filtered_ema,0.2522161900997162,0.013974334578961134,0.003725703223608434,0.164,4984,861990,866974,871071,0.995296594651871,0.0057216920319927995,0.9895749026198782,866974,866974,False,0.11386297643184662,9.039306609828047e-05,0.00027117919829484135,9312,1312
1165,165,agreement_filtered_ema,0.08431897684931755,0.022572136484086514,0.012047463562339544,0.165,4863,862884,867747,872246,0.9948420514396168,0.00557526202470404,0.9892667894149128,867747,867747,False,0.11386658996343613,9.0373770274237e-05,0.0002711213108227109,9320,1320
1166,166,agreement_filtered_ema,0.1885279044508934,0.017657346092164516,0.00546329200733453,0.166,4169,845759,849928,853063,0.9963250076489075,0.0048870950914528,0.9914379125574547,849928,849928,False,0.11387007683515549,9.035445715535298e-05,0.0002710633714660589,9328,1328
1167,167,agreement_filtered_ema,0.08525712788105011,0.0168244456872344,0.0037414388498291373,0.167,6952,858066,865018,869292,0.9950833551902007,0.007997312755667832,0.9870860424345329,865018,865018,False,0.11387360841035843,9.03351267499015e-05,0.00027100538024970444,9336,1336
1168,168,agreement_filtered_ema,0.14992721378803253,0.021332656033337116,0.008207094855606556,0.168,5223,845147,850370,853340,0.9965195584409496,0.006120655307380411,0.9903989031335693,850370,850370,False,0.11387724429368973,9.031577906616314e-05,0.00027094733719848935,9344,1344
1169,169,agreement_filtered_ema,0.19107091426849365,0.01883713249117136,0.0020830907160416245,0.169,1502,874282,875784,877636,0.9978897857426086,0.0017114156666317244,0.9961783700759769,875784,875784,False,0.11388066411018372,9.029641411242579e-05,0.0002708892423372774,9352,1352
1170,170,agreement_filtered_ema,0.13310252130031586,0.017420962918549776,0.0018411226337775588,0.17,778,866422,867200,868779,0.998182506713445,0.000895509675072717,0.9972869970383722,867200,867200,False,0.11388402432203293,9.027703189698483e-05,0.0002708310956909544,9360,1360
1171,171,agreement_filtered_ema,0.21131907403469086,0.015789255499839783,0.0022654562490060925,0.171,5376,864699,870075,873173,0.9964520203900029,0.006156855514313888,0.990295164875689,870075,870075,False,0.11388746649026871,9.025763242814291e-05,0.0002707728972844287,9368,1368
1172,172,agreement_filtered_ema,0.23813177645206451,0.016367806121706963,0.0685648953076452,0.172,4187,863561,867748,870156,0.9972326801171284,0.004811780876072796,0.9924208992410556,867748,867748,False,0.11389071494340897,9.023821571421023e-05,0.00027071464714263063,9376,1376
1173,173,agreement_filtered_ema,0.1923017054796219,0.017331259790807962,0.003915921552106738,0.173,5694,861028,866722,870071,0.9961508888355088,0.006544293511678932,0.9896065953238299,866722,866722,False,0.11389436572790146,9.021878176350423e-05,0.00027065634529051263,9384,1384
1174,174,agreement_filtered_ema,0.2163572758436203,0.014893208164721727,0.0025545707903802395,0.174,3699,867176,870875,874248,0.9961418270330615,0.004231064869464957,0.9919107621635966,870875,870875,False,0.11389827728271484,9.019933058434983e-05,0.0002705979917530495,9392,1392
1175,175,agreement_filtered_ema,0.23079659789800644,0.01591939991340041,0.0018992975819855928,0.175,5955,874778,880733,883895,0.996422652011834,0.006737225575435996,0.989685426436398,880733,880733,False,0.11390197277069092,9.017986218507929e-05,0.00027053958655523784,9400,1400
1176,176,agreement_filtered_ema,0.14193642884492874,0.01480212900787592,0.015994689892977476,0.176,8545,865696,874241,879426,0.9941041088164325,0.00971656512315988,0.9843875436932726,874241,874241,False,0.11390579491853714,9.016037657403224e-05,0.0002704811297220967,9408,1408
1177,177,agreement_filtered_ema,0.2239331379532814,0.015331143513321877,0.009009620291180909,0.177,1513,867121,868634,871237,0.9970122940141432,0.001736611277987505,0.9952756827361556,868634,868634,False,0.113909512758255,9.014087375955573e-05,0.00027042262127866716,9416,1416
1178,178,agreement_filtered_ema,0.12304409593343735,0.0171559383161366,0.002927783178165555,0.178,1267,870180,871447,873199,0.997993584509373,0.001450986544876941,0.9965425979644961,871447,871447,False,0.11391307413578033,9.012135375000413e-05,0.0002703640612500123,9424,1424
1179,179,agreement_filtered_ema,0.08705854415893555,0.016548508778214455,0.01710340369027108,0.179,3687,865408,869095,872170,0.996474311200798,0.0042273868626529236,0.9922469243381451,869095,869095,False,0.11391685158014297,9.010181655373917e-05,0.0002703054496612175,9432,1432
1180,180,agreement_filtered_ema,0.2063838690519333,0.02184126991778612,0.0019372573588043451,0.18,2857,863497,866354,868509,0.9975187361328438,0.0032895456466196667,0.994229190486224,866354,866354,False,0.11392039805650711,9.008226217912998e-05,0.00027024678653738993,9440,1440
1181,181,agreement_filtered_ema,0.2136150263249874,0.019845779985189438,0.0039900633855722845,0.181,5336,842568,847904,851090,0.9962565651106229,0.006269607209578305,0.9899869579010445,847904,847904,False,0.11392396688461304,9.006269063455304e-05,0.00027018807190365906,9448,1448
1182,182,agreement_filtered_ema,0.20055976510047913,0.017488128039985895,0.005279170116409659,0.182,3444,829989,833433,836016,0.9969103462134696,0.004119538382040535,0.992790807831429,833433,833433,False,0.11392765492200851,9.004310192839216e-05,0.00027012930578517645,9456,1456
1183,183,agreement_filtered_ema,0.08874823525547981,0.016019249334931374,0.002440706710331142,0.183,3437,857356,860793,863955,0.9963400871573173,0.0039782164580331155,0.992361870699284,860793,860793,False,0.11393151432275772,9.002349606903855e-05,0.0002700704882071156,9464,1464
1184,184,agreement_filtered_ema,0.1776004321873188,0.014675566460937262,0.001244689046870917,0.184,1269,867317,868586,869744,0.9986685737412389,0.0014590500193160285,0.9972095237219227,868586,868586,False,0.11393538117408752,9.000387306489071e-05,0.0002700116191946721,9472,1472
1185,185,agreement_filtered_ema,0.1390223279595375,0.01444335002452135,0.0042736048344522715,0.185,6503,868416,874919,880052,0.9941673901087663,0.007389336084685905,0.9867780540240804,874919,874919,False,0.11393940448760986,8.998423292435454e-05,0.00026995269877306356,9480,1480
1186,186,agreement_filtered_ema,0.2619708403944969,0.01590430736541748,0.04435278661549091,0.186,2963,846968,849931,852262,0.99726492557453,0.00347663042585496,0.993788295148675,849931,849931,False,0.11394312977790833,8.99645756558432e-05,0.0002698937269675296,9488,1488
1187,187,agreement_filtered_ema,0.18140330910682678,0.016461707185953856,0.0026768376701511443,0.187,6420,852530,858950,862677,0.995679727174829,0.007441951043090288,0.9882377761317388,858950,858950,False,0.11394672095775604,8.99449012677773e-05,0.00026983470380333185,9496,1496
1188,188,agreement_filtered_ema,0.2377719134092331,0.01694340817630291,0.0017644378822296858,0.188,5355,869882,875237,878135,0.9966998240589431,0.006098151195431226,0.9906016728635119,875237,875237,False,0.11395023763179779,8.992520976858468e-05,0.00026977562930575403,9504,1504
1189,189,agreement_filtered_ema,0.19568618386983871,0.017844153568148613,0.002877039136365056,0.189,3601,864248,867849,870584,0.9968584306626357,0.0041363039063433285,0.9927221267562923,867849,867849,False,0.11395365744829178,8.990550116670057e-05,0.0002697165035001017,9512,1512
1190,190,agreement_filtered_ema,0.11855198815464973,0.020399702712893486,0.0056075818138197064,0.19,6146,851482,857628,861833,0.9951208644830263,0.007131311982715909,0.9879895525003104,857628,857628,False,0.11395719647407532,8.988577547056752e-05,0.0002696573264117025,9520,1520
1191,191,agreement_filtered_ema,0.19927557930350304,0.014889060985296965,0.00843738205730915,0.191,9639,864753,874392,880451,0.9931182995987283,0.010947798344257659,0.9821705012544707,874392,874392,False,0.11396091431379318,8.986603268863536e-05,0.00026959809806590605,9528,1528
1192,192,agreement_filtered_ema,0.14063658937811852,0.015560138039290905,0.011651984532363713,0.192,955,867965,868920,870356,0.9983501004186792,0.0010972521588867084,0.9972528482597925,868920,868920,False,0.11396482586860657,8.98462728293613e-05,0.0002695388184880839,9536,1536
1193,193,agreement_filtered_ema,0.11271312832832336,0.01468912186101079,0.021349123097024858,0.193,3678,865623,869301,872769,0.9960264399858382,0.004214173509829062,0.9918122664760091,869301,869301,False,0.11396949738264084,8.982649590120982e-05,0.0002694794877036294,9544,1544
1194,194,agreement_filtered_ema,0.1302638240158558,0.014943947549909353,0.0027633843710646033,0.194,5811,841902,847713,851767,0.9952404824324023,0.006822288254886606,0.9884181941775156,847713,847713,False,0.11397421360015869,8.980670191265273e-05,0.0002694201057379582,9552,1552
1195,195,agreement_filtered_ema,0.21369517594575882,0.016280340030789375,0.06765256449580193,0.195,8285,835610,843895,850283,0.9924872072004262,0.009743814706397753,0.9827433924940284,843895,843895,False,0.11397825181484222,8.978689087216916e-05,0.0002693606726165074,9560,1560
1196,196,agreement_filtered_ema,0.15368615835905075,0.01513137063011527,0.01941112312488258,0.196,11439,839612,851051,858648,0.9911523697720137,0.013322106381194623,0.977830263390819,851051,851051,False,0.11398206651210785,8.97670627882455e-05,0.00026930118836473646,9568,1568
1197,197,agreement_filtered_ema,0.23073311895132065,0.01642615720629692,0.0034187615383416414,0.197,3229,860953,864182,867377,0.996316480607625,0.0037227180337961463,0.9925937625738289,864182,864182,False,0.11398570984601974,8.97472176693755e-05,0.0002692416530081265,9576,1576
1198,198,agreement_filtered_ema,0.1786908209323883,0.018007224425673485,0.004452336695976555,0.198,2576,855511,858087,859870,0.9979264307395304,0.0029958016909532835,0.9949306290485771,858087,858087,False,0.11398927867412567,8.972735552406017e-05,0.00026918206657218047,9584,1584
1199,199,agreement_filtered_ema,0.26904892176389694,0.016205532010644674,0.010049032745882869,0.199,1637,863044,864681,866431,0.9979802200059785,0.0018893599144074946,0.9960908600915711,864681,864681,False,0.11399295181035995,8.970747636080783e-05,0.00026912242908242346,9592,1592
1200,200,agreement_filtered_ema,0.19886424392461777,0.017619138583540916,0.0028938634786754847,0.2,5434,862841,868275,870866,0.9970248006007812,0.0062397659341391215,0.9907850346666421,868275,868275,False,0.11399674415588379,8.968758018813405e-05,0.00026906274056440215,9600,1600
1201,201,agreement_filtered_ema,0.2671816349029541,0.017853773199021816,0.00670935632660985,0.201,7082,869039,876121,880824,0.9946606813619974,0.008040198723013906,0.9866204826389835,876121,876121,False,0.11400046199560165,8.966766701456177e-05,0.00026900300104368524,9608,1608
1202,202,agreement_filtered_ema,0.15091411024332047,0.016594884917140007,0.002540316665545106,0.202,5399,851146,856545,859043,0.9970921129675697,0.006284900755841093,0.9908072122117286,856545,856545,False,0.11400467157363892,8.964773684862112e-05,0.0002689432105458633,9616,1616
1203,203,agreement_filtered_ema,0.19475480914115906,0.015519537031650543,0.0028481276240199804,0.203,2946,851402,854348,856528,0.9974548409392338,0.0034394672445033905,0.9940153736947304,854348,854348,False,0.11400901526212692,8.962778969884955e-05,0.0002688833690965486,9624,1624
1204,204,agreement_filtered_ema,0.1385581325739622,0.023282190784811974,0.04815653758123517,0.204,2313,854695,857008,860354,0.9961109031863629,0.002688428251626656,0.9934224749347361,857008,857008,False,0.11401300132274628,8.96078255737918e-05,0.00026882347672137533,9632,1632
1205,205,agreement_filtered_ema,0.16252759844064713,0.0199752701446414,0.04501175321638584,0.205,5730,837571,843301,847254,0.9953343389349593,0.006763025019651722,0.9885713139153076,843301,843301,False,0.1140170693397522,8.958784448199987e-05,0.00026876353344599955,9640,1640
1206,206,agreement_filtered_ema,0.29636363685131073,0.018349450081586838,0.0030980452429503202,0.206,5178,869300,874478,877120,0.9969878693907334,0.005903411163808829,0.9910844582269245,874478,874478,False,0.11402080208063126,8.956784643203302e-05,0.000268703539296099,9648,1648
1207,207,agreement_filtered_ema,0.22999556735157967,0.015115794725716114,0.0035535141360014677,0.207,8896,850945,859841,867294,0.991406604911368,0.010257190756536999,0.981149414154831,859841,859841,False,0.11402483284473419,8.954783143245777e-05,0.00026864349429737326,9656,1656
1208,208,agreement_filtered_ema,0.09755578264594078,0.015474095940589905,0.0029335333965718746,0.208,3908,861815,865723,868580,0.9967107232494417,0.004499297704298971,0.9922114255451426,865723,865723,False,0.11402957141399384,8.952779949184793e-05,0.00026858339847554377,9664,1664
1209,209,agreement_filtered_ema,0.1336995381861925,0.019374607130885124,0.020780091639608145,0.209,4559,851889,856448,859953,0.9959241958572155,0.00530145252124244,0.990622743335973,856448,856448,False,0.11403405666351318,8.950775061878453e-05,0.00026852325185635354,9672,1672
1210,210,agreement_filtered_ema,0.15918733924627304,0.02095753187313676,0.005496900295838714,0.21,4208,864692,868900,871646,0.9968496385000333,0.004827647921289147,0.9920219905787441,868900,868900,False,0.11403834819793701,8.948768482185587e-05,0.00026846305446556756,9680,1680
1211,211,agreement_filtered_ema,0.2024507075548172,0.018403914291411638,0.008387984271394089,0.211,3802,862216,866018,868380,0.9972799926299546,0.004378267578709781,0.9929017250512449,866018,866018,False,0.11404231935739517,8.94676021096575e-05,0.00026840280632897245,9688,1688
1212,212,agreement_filtered_ema,0.0923226960003376,0.022957947105169296,0.013643668207805604,0.212,4077,860809,864886,867627,0.9968408083197042,0.004699023889298051,0.9921417844304061,864886,864886,False,0.1140463575720787,8.944750249079223e-05,0.00026834250747237665,9696,1696
1213,213,agreement_filtered_ema,0.20309747755527496,0.015953724272549152,0.0012281564122531563,0.213,3434,869057,872491,874218,0.9980245201997671,0.003928082011580635,0.9940964381881865,872491,872491,False,0.11405019462108612,8.94273859738701e-05,0.00026828215792161025,9704,1704
1214,214,agreement_filtered_ema,0.12631455436348915,0.01622790563851595,0.00365329475607723,0.214,8021,849754,857775,862888,0.9940745496518667,0.009295528504278654,0.9847790211475881,857775,857775,False,0.11405409872531891,8.940725256750838e-05,0.0002682217577025251,9712,1712
1215,215,agreement_filtered_ema,0.18834946304559708,0.021123701240867376,0.0056161535903811455,0.215,4640,848778,853418,857470,0.995274470243857,0.005411268032700853,0.9898632022111561,853418,853418,False,0.1140579953789711,8.938710228033155e-05,0.0002681613068409946,9720,1720
1216,216,agreement_filtered_ema,0.18969573080539703,0.017578609753400087,0.0026602029683999717,0.216,4942,852136,857078,860394,0.9961459517383896,0.005743880129336095,0.9904020716090536,857078,857078,False,0.11406198889017105,8.936693512097139e-05,0.0002681008053629142,9728,1728
1217,217,agreement_filtered_ema,0.10995549336075783,0.016260609030723572,0.00378225912572816,0.217,7879,863841,871720,876172,0.9949188058965591,0.008992526581538785,0.9859262793150203,871720,871720,False,0.1140662133693695,8.934675109806688e-05,0.0002680402532942006,9736,1736
1218,218,agreement_filtered_ema,0.17730896547436714,0.020486775785684586,0.013051784597337246,0.218,4776,865852,870628,874886,0.9951330801955912,0.005458996943601795,0.9896740832519894,870628,870628,False,0.11407020688056946,8.932655022026417e-05,0.0002679796506607925,9744,1744
1219,219,agreement_filtered_ema,0.14545784890651703,0.023898527026176453,0.008905904600396752,0.219,3334,878715,882049,884960,0.9967105857891883,0.003767401916470801,0.9929431838727174,882049,882049,False,0.1140744537115097,8.930633249621672e-05,0.00026791899748865013,9752,1752
1220,220,agreement_filtered_ema,0.1716151088476181,0.014636884909123182,0.0029586501186713576,0.22,2001,875656,877657,878362,0.9991973696494156,0.002278104016339505,0.9969192656330761,877657,877657,False,0.11407872289419174,8.928609793458514e-05,0.00026785829380375535,9760,1760
1221,221,agreement_filtered_ema,0.09750470519065857,0.01824563881382346,0.004614526056684554,0.221,1854,873806,875660,877513,0.9978883503720173,0.002112789212239591,0.9957755611597777,875660,875660,False,0.11408329755067825,8.926584654403724e-05,0.0002677975396321117,9768,1768
1222,222,agreement_filtered_ema,0.10624777898192406,0.0198498722165823,0.011648530373349786,0.222,5330,863451,868781,871329,0.9970757314401334,0.006117092395639305,0.9909586390444941,868781,868781,False,0.11408808827400208,8.924557833324814e-05,0.00026773673499974436,9776,1776
1223,223,agreement_filtered_ema,0.2353142648935318,0.017517512664198875,0.004010940785519779,0.223,4929,874766,879695,883482,0.9957135516060316,0.005579061033501531,0.9901344905725301,879695,879695,False,0.11409254372119904,8.922529331090006e-05,0.00026767587993270015,9784,1784
1224,224,agreement_filtered_ema,0.1881163865327835,0.020143918227404356,0.008649839088320732,0.224,6055,847027,853082,856751,0.9957175422030439,0.0070673976452901716,0.9886501445577537,853082,853082,False,0.11409676820039749,8.920499148568245e-05,0.00026761497445704734,9792,1792
1225,225,agreement_filtered_ema,0.23843812942504883,0.019084318540990353,0.01289366907440126,0.225,6754,845712,852466,856573,0.9952053123318153,0.007884908816878422,0.9873204035149369,852466,852466,False,0.11410073935985565,8.9184672866292e-05,0.00026755401859887595,9800,1800
1226,226,agreement_filtered_ema,0.19244317710399628,0.016935817897319794,0.010526149533689022,0.226,13335,840834,854169,863560,0.9891252489693826,0.015441891704108575,0.973683357265274,854169,854169,False,0.11410444229841232,8.916433746143253e-05,0.0002674930123842975,9808,1808
1227,227,agreement_filtered_ema,0.2797423303127289,0.016746857203543186,0.009912277921102941,0.227,11668,834895,846563,853714,0.9916236585085871,0.013667340584786006,0.9779563179238012,846563,846563,False,0.11410852521657944,8.914398527981509e-05,0.00026743195583944524,9816,1816
1228,228,agreement_filtered_ema,0.17974212020635605,0.015115087386220694,0.0028072393033653498,0.228,3774,867531,871305,875562,0.9951379799488785,0.004310374365264824,0.9908276055836137,871305,871305,False,0.114112488925457,8.912361633015791e-05,0.0002673708489904737,9824,1824
1229,229,agreement_filtered_ema,0.1882411539554596,0.01605290686711669,0.11711661284789443,0.229,1981,867130,869111,871507,0.9972507392367473,0.0022730741118545234,0.9949776651248928,869111,869111,False,0.11411574482917786,8.910323062118639e-05,0.00026730969186355914,9832,1832
1230,230,agreement_filtered_ema,0.35899147391319275,0.015816781669855118,0.05309642059728503,0.23,3509,860668,864177,867651,0.9959960859838806,0.004044252815936362,0.9919518331679442,864177,864177,False,0.11411867290735245,8.908282816163314e-05,0.0002672484844848994,9840,1840
1231,231,agreement_filtered_ema,0.14786022901535034,0.018697522580623627,0.005293922731652856,0.231,6529,860569,867098,872284,0.9940546886105901,0.007484947562949681,0.9865697410476405,867098,867098,False,0.1141216903924942,8.906240896023794e-05,0.0002671872268807138,9848,1848
1232,232,agreement_filtered_ema,0.172827310860157,0.017207371070981026,0.013282236875966191,0.232,6155,846533,852688,856038,0.9960866223228408,0.007190101374004425,0.9888965209488364,852688,852688,False,0.11412543058395386,8.904197302574768e-05,0.000267125919077243,9856,1856
1233,233,agreement_filtered_ema,0.2123020701110363,0.02625570073723793,0.02439779881387949,0.233,6397,847455,853852,857923,0.9952548189056594,0.00745638011802924,0.9877984387876301,853852,853852,False,0.11412923038005829,8.90215203669165e-05,0.00026706456110074943,9864,1864
1234,234,agreement_filtered_ema,0.13776207342743874,0.018072566483169794,0.004890394862741232,0.234,7935,847762,855697,859618,0.995438671595988,0.009230844398325768,0.9862078271976622,855697,855697,False,0.11413313448429108,8.900105099250564e-05,0.00026700315297751686,9872,1872
1235,235,agreement_filtered_ema,0.24606533348560333,0.01568236341699958,0.012181818950921297,0.235,7542,859771,867313,871170,0.9955726207284457,0.008657322910568546,0.9869152978178771,867313,867313,False,0.11413726955652237,8.898056491128357e-05,0.00026694169473385067,9880,1880
1236,236,agreement_filtered_ema,0.20544971525669098,0.017364902421832085,0.004364734515547752,0.236,2683,844356,847039,848913,0.9977924710777194,0.003160512325762475,0.9946319587519569,847039,847039,False,0.11414150148630142,8.896006213202583e-05,0.0002668801863960775,9888,1888
1237,237,agreement_filtered_ema,0.12957946956157684,0.015999276656657457,0.024802944157272577,0.237,4431,856710,861141,864221,0.9964360967854288,0.005127160760962763,0.991308936024466,861141,861141,False,0.11414594948291779,8.893954266351521e-05,0.00026681862799054557,9896,1896
1238,238,agreement_filtered_ema,0.1011614128947258,0.01903039589524269,0.010248488746583462,0.238,1741,878212,879953,881811,0.9978929725303949,0.0019743459766321807,0.9959186265537626,879953,879953,False,0.11415065079927444,8.891900651454156e-05,0.00026675701954362465,9904,1904
1239,239,agreement_filtered_ema,0.17538923397660255,0.014949354343116283,0.003459736064542085,0.239,2136,861156,863292,865718,0.9971977017920385,0.002467316146828413,0.9947303856452101,863292,863292,False,0.11415507644414902,8.889845369390193e-05,0.0002666953610817058,9912,1912
1240,240,agreement_filtered_ema,0.15969711169600487,0.022380147129297256,0.06515660509467125,0.24,3187,868954,872141,875811,0.9958095981895637,0.0036389129618148207,0.9921706852277489,872141,872141,False,0.11415897309780121,8.887788421040049e-05,0.0002666336526312014,9920,1920
1241,241,agreement_filtered_ema,0.26516563445329666,0.02215433679521084,0.024641438387334347,0.241,4672,875675,880347,882971,0.9970282149696875,0.005291227005190431,0.9917369879644972,880347,880347,False,0.11416248232126236,8.885729807284856e-05,0.0002665718942185456,9928,1928
1242,242,agreement_filtered_ema,0.17073003202676773,0.014793077483773232,0.0557359354570508,0.242,7834,857612,865446,871179,0.9934192628610193,0.008992411433241618,0.9844268514277777,865446,865446,False,0.11416581273078918,8.883669529006456e-05,0.0002665100858701937,9936,1936
1243,243,agreement_filtered_ema,0.3356444835662842,0.015118933282792568,0.006548191653564572,0.243,1189,872545,873734,875333,0.9981732666310993,0.001358340197387737,0.9968149264337115,873734,873734,False,0.11416901648044586,8.88160758708741e-05,0.0002664482276126223,9944,1944
1244,244,agreement_filtered_ema,0.24188560992479324,0.015716496855020523,0.0037954410072416067,0.244,2925,833638,836563,839106,0.9969693936165395,0.0034858528004805115,0.9934835408160589,836563,836563,False,0.1141720563173294,8.879543982410989e-05,0.00026638631947232963,9952,1952
1245,245,agreement_filtered_ema,0.15244167298078537,0.01861116662621498,0.007124617462977767,0.245,3737,867763,871500,875349,0.9956028966732127,0.004269154360146639,0.991333742313066,871500,871500,False,0.11417528241872787,8.877478715861173e-05,0.0002663243614758351,9960,1960
1246,246,agreement_filtered_ema,0.25230327248573303,0.017272976227104664,0.009834354044869542,0.246,249,870111,870360,872009,0.998108964471697,0.0002855475115509129,0.9978234169601461,870360,870360,False,0.11417869478464127,8.875411788322657e-05,0.00026626235364967966,9968,1968
1247,247,agreement_filtered_ema,0.24579943716526031,0.017644503619521856,0.007379569811746478,0.247,2774,867253,870027,872107,0.9976149715573892,0.0031808023556742465,0.9944341692017149,870027,870027,False,0.11418188363313675,8.873343200680848e-05,0.0002662002960204254,9976,1976
1248,248,agreement_filtered_ema,0.18420566245913506,0.014665713999420404,0.011254828423261642,0.248,3030,860775,863805,866789,0.9965574090118818,0.0034956604202406815,0.9930617485916411,863805,863805,False,0.11418511718511581,8.871272953821864e-05,0.00026613818861465587,9984,1984
1249,249,agreement_filtered_ema,0.264061763882637,0.014995121862739325,0.009425808908417821,0.249,4686,862134,866820,869848,0.9965189320432996,0.005387148099438062,0.9911317839438615,866820,866820,False,0.11418820172548294,8.869201048632532e-05,0.0002660760314589759,9992,1992
1250,250,agreement_filtered_ema,0.1469760462641716,0.01680054934695363,0.006585692288354039,0.25,5268,864994,870262,872607,0.997312650482978,0.0060370819853611075,0.9912755684976169,870262,870262,False,0.11419225484132767,8.867127486000389e-05,0.00026601382458001164,10000,2000
1251,251,agreement_filtered_ema,0.09759539365768433,0.014589231461286545,1.0525026423856616,0.251,4994,854316,859310,863735,0.9948769009013181,0.005781865965834429,0.9890950349354837,859310,859310,False,0.11419247090816498,8.865052266813685e-05,0.0002659515680044105,10008,2008
1252,252,agreement_filtered_ema,0.2549571394920349,0.0159781901165843,0.012456621509045362,0.252,10208,859377,869585,877764,0.9906820056416076,0.011629549628373913,0.9790524560132337,869585,869585,False,0.11419301480054855,8.862975391961377e-05,0.0002658892617588413,10016,2016
1253,253,agreement_filtered_ema,0.20377624034881592,0.016975747421383858,0.008062614826485515,0.253,6116,859678,865794,869989,0.9951780999529879,0.007029973942199269,0.9881481260107886,865794,865794,False,0.1141938641667366,8.860896862333134e-05,0.000265826905869994,10024,2024
1254,254,agreement_filtered_ema,0.201173298060894,0.022668304853141308,0.013927285559475422,0.254,4759,838188,842947,845849,0.9965691275866023,0.005626299729620771,0.9909428278569815,842947,842947,False,0.11419530212879181,8.858816678819332e-05,0.0002657645003645799,10032,2032
1255,255,agreement_filtered_ema,0.22057915478944778,0.03559960424900055,0.021882370114326477,0.255,4292,866961,871253,873610,0.9973019997481714,0.004912947425052369,0.992389052323119,871253,871253,False,0.11419684439897537,8.856734842311053e-05,0.00026570204526933156,10040,2040
1256,256,agreement_filtered_ema,0.21897216886281967,0.06231702398508787,0.030737726483494043,0.256,3069,864607,867676,871368,0.9957629841811956,0.003522048089900019,0.9922409360912955,867676,867676,False,0.11419860273599625,8.85465135370009e-05,0.0002656395406110027,10048,2048
1257,257,agreement_filtered_ema,0.22286444902420044,0.023074290715157986,0.06350671546533704,0.257,1956,846397,848353,851519,0.9962819385122352,0.002297071468751725,0.9939848670434834,848353,848353,False,0.11420082300901413,8.852566213878947e-05,0.00026557698641636835,10056,2056
1258,258,agreement_filtered_ema,0.195297509431839,0.019880385138094425,0.009407155448570848,0.258,1009,847870,848879,850089,0.9985766196245335,0.0011869345445006346,0.9973896850800328,848879,848879,False,0.11420314013957977,8.850479423740827e-05,0.00026551438271222476,10064,2064
1259,259,agreement_filtered_ema,0.0722644217312336,0.015864108689129353,0.007915266091004014,0.259,1747,891454,893201,894569,0.9984707719583397,0.001952895752032543,0.9965178762063072,893201,893201,False,0.11420587450265884,8.848390984179648e-05,0.0002654517295253894,10072,2072
1260,260,agreement_filtered_ema,0.13989818841218948,0.01683289324864745,0.006120201200246811,0.26,1201,860176,861377,863931,0.9970437453917037,0.0013901573158041556,0.9956535880758995,861377,861377,False,0.11420908570289612,8.84630089609003e-05,0.00026538902688270086,10080,2080
1261,261,agreement_filtered_ema,0.25105345249176025,0.01665455661714077,0.040473722852766514,0.261,6179,848509,854688,859686,0.994186249398036,0.0071875079971059205,0.9869987414009301,854688,854688,False,0.11421200633049011,8.844209160367299e-05,0.0002653262748110189,10088,2088
1262,262,agreement_filtered_ema,0.24036629870533943,0.017001465894281864,1.3880283026956022,0.262,412,871131,871543,873013,0.998316176276871,0.0004719288258021358,0.9978442474510689,871543,871543,False,0.11420948058366776,8.842115777907489e-05,0.0002652634733372246,10096,2096
1263,263,agreement_filtered_ema,0.14502915740013123,0.019721271470189095,0.004278228851035237,0.263,7250,875300,882550,887777,0.9941122601734445,0.008166465227191062,0.9859457949462533,882550,882550,False,0.11420807987451553,8.840020749607339e-05,0.00026520062248822014,10104,2104
1264,264,agreement_filtered_ema,0.2754932940006256,0.0165521539747715,0.01643121475353837,0.264,3157,848285,851442,854702,0.9961858051110212,0.0036936850504620325,0.9924921200605591,851442,851442,False,0.11420813947916031,8.837924076364292e-05,0.0002651377222909287,10112,2112
1265,265,agreement_filtered_ema,0.1077345721423626,0.026622304692864418,0.028761903755366802,0.265,2381,843543,845924,849417,0.9958877677277473,0.00280309906677168,0.9930846686609757,845924,845924,False,0.11420918256044388,8.8358257590765e-05,0.00026507477277229496,10120,2120
1266,266,agreement_filtered_ema,0.38692858815193176,0.017176019959151745,0.21364770364016294,0.266,3613,860986,864599,868011,0.9960691742385753,0.004162389647135808,0.9919067845914395,864599,864599,False,0.1142108291387558,8.833725798642808e-05,0.0002650117739592842,10128,2128
1267,267,agreement_filtered_ema,0.21155428886413574,0.020964372903108597,0.22785991709679365,0.267,5156,856114,861270,865366,0.9952667426268191,0.005958172611357507,0.9893085700154617,861270,861270,False,0.11421097815036774,8.831624195962778e-05,0.0002649487258788833,10136,2136
1268,268,agreement_filtered_ema,0.19804326444864273,0.016249804757535458,0.02658913843333721,0.268,15077,850550,865627,875540,0.9886778445302328,0.017220229801037074,0.9714576147291957,865627,865627,False,0.114212766289711,8.829520951936667e-05,0.00026488562855809996,10144,2144
1269,269,agreement_filtered_ema,0.1910654790699482,0.019377308897674084,0.025970416143536568,0.269,4624,840188,844812,850495,0.9933180089242147,0.005436833843820364,0.9878811750803944,844812,844812,False,0.11421679705381393,8.827416067465441e-05,0.00026482248202396323,10152,2152
1270,270,agreement_filtered_ema,0.2714860513806343,0.02160773891955614,0.06072460301220417,0.27,4534,858053,862587,866329,0.9956806247972768,0.00523357754386613,0.9904470472534107,862587,862587,False,0.1142212525010109,8.825309543450764e-05,0.00026475928630352287,10160,2160
1271,271,agreement_filtered_ema,0.2583228796720505,0.017946835607290268,0.04663359373807907,0.271,4974,871824,876798,880133,0.9962107999586426,0.005651418592417282,0.9905593813662253,876798,876798,False,0.11422667652368546,8.823201380795001e-05,0.00026469604142385,10168,2168
1272,272,agreement_filtered_ema,0.24631446599960327,0.020667201839387417,0.011880362872034311,0.272,1320,849077,850397,852941,0.9970173786932508,0.0015475865270868677,0.9954697921661639,850397,850397,False,0.11423491686582565,8.821091580401228e-05,0.0002646327474120368,10176,2176
1273,273,agreement_filtered_ema,0.19425755739212036,0.027048752643167973,0.06881195306777954,0.273,6307,846241,852548,858397,0.9931861364846336,0.0073474161722373215,0.9858387203123963,852548,852548,False,0.11424334347248077,8.818980143173213e-05,0.0002645694042951963,10184,2184
1274,274,agreement_filtered_ema,0.25930390506982803,0.021837870590388775,0.11006585694849491,0.274,6595,837630,844225,850801,0.9922708130338351,0.007751518862812808,0.9845192941710224,844225,844225,False,0.11425051093101501,8.816867070015427e-05,0.00026450601210046274,10192,2192
1275,275,agreement_filtered_ema,0.3423391133546829,0.03197541646659374,0.11207786574959755,0.275,6321,862339,868660,873984,0.9939083553016989,0.007232397847100175,0.9866759574545987,868660,868660,False,0.1142553761601448,8.814752361833044e-05,0.0002644425708549913,10200,2200
1276,276,agreement_filtered_ema,0.1921600103378296,0.018208583816885948,0.023854565806686878,0.276,4961,852949,857910,862134,0.9951005296160458,0.005754325893654583,0.9893462037223912,857910,857910,False,0.11426074802875519,8.812636019531942e-05,0.0002643790805859582,10208,2208
1277,277,agreement_filtered_ema,0.14225835353136063,0.019906891509890556,0.03357778675854206,0.277,11140,855471,866611,876481,0.9887390599453952,0.012709916130526503,0.9760291438148688,866611,866611,False,0.11426631361246109,8.810518044018689e-05,0.00026431554132056063,10216,2216
1278,278,agreement_filtered_ema,0.2628306820988655,0.024901460856199265,0.023842008784413338,0.278,3316,857345,860661,863990,0.99614694614521,0.0038380073843447262,0.9923089387608652,860661,860661,False,0.11427225172519684,8.808398436200562e-05,0.0002642519530860168,10224,2224
1279,279,agreement_filtered_ema,0.11249226704239845,0.023715962655842304,0.0169889940880239,0.279,4561,861641,866202,869492,0.9962161814024741,0.005245591678819357,0.9909705897236547,866202,866202,False,0.11427852511405945,8.806277196985535e-05,0.00026418831590956603,10232,2232
1280,280,agreement_filtered_ema,0.10654440149664879,0.01738798711448908,0.009314954048022628,0.28,5477,847886,853363,859212,0.9931925997309162,0.0063744454220844215,0.9868181543088318,853363,853363,False,0.11428562551736832,8.804154327282274e-05,0.0002641246298184682,10240,2240
1281,281,agreement_filtered_ema,0.09709596447646618,0.03105041105300188,0.058731206227093935,0.281,5798,859810,865608,870572,0.9942980017735465,0.006659989064660935,0.9876380127088856,865608,865608,False,0.1142919659614563,8.802029828000156e-05,0.00026406089484000466,10248,2248
1282,282,agreement_filtered_ema,0.15500397980213165,0.019472326152026653,0.00886861002072692,0.282,3819,860072,863891,866196,0.9973389394548117,0.0044089328512253575,0.9929300066035862,863891,863891,False,0.11429884284734726,8.799903700049243e-05,0.00026399711100147724,10256,2256
1283,283,agreement_filtered_ema,0.2063407376408577,0.016054274514317513,0.016757726669311523,0.283,1561,858697,860258,863583,0.9961497620958264,0.0018075853739594225,0.9943421767218669,860258,860258,False,0.11430589854717255,8.797775944340302e-05,0.00026393327833020903,10264,2264
1284,284,agreement_filtered_ema,0.1759832352399826,0.023378482088446617,0.009049200918525457,0.284,7581,860628,868209,874114,0.9932445882344866,0.008672781811068122,0.9845718064234185,868209,868209,False,0.11431311070919037,8.7956465617848e-05,0.00026386939685354397,10272,2272
1285,285,agreement_filtered_ema,0.28849563002586365,0.01937619550153613,0.4641325534321368,0.285,3531,857941,861472,866192,0.9945508617027172,0.004076463416886787,0.9904743982858304,861472,861472,False,0.1143161803483963,8.793515553294891e-05,0.0002638054665988467,10280,2280
1286,286,agreement_filtered_ema,0.3186068683862686,0.022356264293193817,0.013427821453660727,0.286,9887,844651,854538,864504,0.9884720024430194,0.0114366156778916,0.9770353867651278,854538,854538,False,0.11431962996721268,8.791382919783435e-05,0.000263741487593503,10288,2288
1287,287,agreement_filtered_ema,0.10339200124144554,0.020302954129874706,0.024657287634909153,0.287,5846,860903,866749,872581,0.9933163797974056,0.006699664558361917,0.9866167152390437,866749,866749,False,0.1143239289522171,8.789248662163985e-05,0.0002636774598649195,10296,2296
1288,288,agreement_filtered_ema,0.15868595242500305,0.018544930964708328,0.017735117115080357,0.288,5719,858862,864581,870436,0.9932734859311885,0.006570270531090166,0.9867032154000983,864581,864581,False,0.11432900279760361,8.787112781350785e-05,0.0002636133834405235,10304,2304
1289,289,agreement_filtered_ema,0.18764155730605125,0.01930723525583744,0.24997777491807938,0.289,3371,859604,862975,874326,0.9870174282818994,0.00385554129695331,0.9831618869849461,862975,862975,False,0.11433383077383041,8.784975278258783e-05,0.00026354925834776345,10312,2312
1290,290,agreement_filtered_ema,0.17830783873796463,0.017524687573313713,0.06801424641162157,0.29,4233,841604,845837,850557,0.994450695250289,0.004976738772357408,0.9894739564779316,845837,845837,False,0.11434024572372437,8.782836153803615e-05,0.0002634850846141084,10320,2320
1291,291,agreement_filtered_ema,0.12907445430755615,0.022694402374327183,0.052588014863431454,0.291,4622,861322,865944,873076,0.9918311807906757,0.005293926301948513,0.9865372544887272,865944,865944,False,0.1143469288945198,8.780695408901613e-05,0.0002634208622670484,10328,2328
1292,292,agreement_filtered_ema,0.23060327768325806,0.01811791956424713,0.017209241166710854,0.292,4562,855092,859654,862459,0.996747671483514,0.005289526806491671,0.9914581446770223,859654,859654,False,0.1143544614315033,8.778553044469808e-05,0.00026335659133409423,10336,2336
1293,293,agreement_filtered_ema,0.14426534622907639,0.016740281134843826,0.054681964218616486,0.293,3515,877354,880869,884093,0.9963533248199001,0.003975826072596435,0.9923774987473037,880869,880869,False,0.11436174809932709,8.776409061425919e-05,0.00026329227184277755,10344,2344
1294,294,agreement_filtered_ema,0.22297142446041107,0.01846891362220049,0.022121579386293888,0.294,12463,848423,860886,869618,0.9899588095002634,0.014331580073089564,0.9756272294271737,860886,860886,False,0.11436983197927475,8.774263460688358e-05,0.0002632279038206507,10352,2352
1295,295,agreement_filtered_ema,0.23010379076004028,0.021181237883865833,0.1677885353565216,0.295,14107,831629,845736,855163,0.9889763705866601,0.016496270301685177,0.9724801002849749,845736,845736,False,0.1143759936094284,8.772116243176235e-05,0.00026316348729528704,10360,2360
1296,296,agreement_filtered_ema,0.1599857434630394,0.016776002943515778,0.05365613289177418,0.296,6275,868860,875135,881113,0.9932153991599262,0.007121674518478334,0.9860937246414478,875135,875135,False,0.11438219249248505,8.769967409809348e-05,0.0002630990222942804,10368,2368
1297,297,agreement_filtered_ema,0.2050589621067047,0.018703006207942963,0.014137638732790947,0.297,4300,861345,865645,869163,0.9959524277954768,0.004947288368234727,0.9910051394272421,865645,865645,False,0.11438916623592377,8.76781696150819e-05,0.00026303450884524566,10376,2376
1298,298,agreement_filtered_ema,0.29499630630016327,0.017636758275330067,0.02611350524239242,0.298,7028,859401,866429,872059,0.9935440147971639,0.0080590877452099,0.985484927051954,866429,866429,False,0.11439615488052368,8.765664899193944e-05,0.0002629699469758183,10384,2384
1299,299,agreement_filtered_ema,0.2329542338848114,0.015421231742948294,0.04266661964356899,0.299,4284,865813,870097,877948,0.991057556939591,0.004879560065060801,0.9861779968745301,870097,870097,False,0.11440334469079971,8.763511223788485e-05,0.00026290533671365454,10392,2392
1300,300,agreement_filtered_ema,0.32716211676597595,0.020783213898539543,0.08436083071865141,0.3,4379,869469,873848,878530,0.9946706430059303,0.004984462681980126,0.9896861803239503,873848,873848,False,0.11441093683242798,8.761355936214382e-05,0.00026284067808643143,10400,2400
1301,301,agreement_filtered_ema,0.194863960146904,0.01737339422106743,0.06277335528284311,0.301,18593,844261,862854,873183,0.98817086452668,0.021293360040220664,0.9668775044864593,862854,862854,False,0.11441811174154282,8.759199037394887e-05,0.0002627759711218466,10408,2408
1302,302,agreement_filtered_ema,0.16274145990610123,0.020749084651470184,0.010532449930906296,0.302,7559,852530,860089,867848,0.9910594942893226,0.008710050607940561,0.982349443681382,860089,860089,False,0.114425890147686,8.75704052825395e-05,0.0002627112158476185,10416,2416
1303,303,agreement_filtered_ema,0.2716483548283577,0.0252687968313694,0.02448532171547413,0.303,6885,855826,862711,868779,0.9930154849507182,0.007924915312179507,0.9850905696385387,862711,862711,False,0.11443417519330978,8.754880409716209e-05,0.0002626464122914862,10424,2424
1304,304,agreement_filtered_ema,0.21199408173561096,0.018378562293946743,0.039743535220623016,0.304,5211,848706,853917,862354,0.9902163148776488,0.006042762021165322,0.9841735528564836,853917,853917,False,0.11444316804409027,8.752718682706985e-05,0.0002625815604812095,10432,2432
1305,305,agreement_filtered_ema,0.17357081919908524,0.019205693155527115,0.1609504404477775,0.305,3319,848672,851991,857542,0.9935268476646042,0.0038703643669931037,0.9896564832976111,851991,851991,False,0.1144515722990036,8.750555348152298e-05,0.0002625166604445689,10440,2440
1306,306,agreement_filtered_ema,0.20776428282260895,0.01730104675516486,0.009030358167365193,0.306,5305,850172,855477,859606,0.9951966365986278,0.00617143202816174,0.989025204570466,855477,855477,False,0.11446014046669006,8.74839040697885e-05,0.00026245171220936546,10448,2448
1307,307,agreement_filtered_ema,0.379568874835968,0.01656428910791874,0.09547062776982784,0.307,5737,853026,858763,867251,0.9902127527094232,0.006615155243407041,0.9835975974660162,858763,858763,False,0.11446737498044968,8.746223860114033e-05,0.00026238671580342096,10456,2456
1308,308,agreement_filtered_ema,0.10504104942083359,0.029850084334611893,0.03245164919644594,0.308,6783,845673,852456,860111,0.9910999859320483,0.007886191433431266,0.983213794498617,852456,852456,False,0.11447388678789139,8.744055708485927e-05,0.0002623216712545778,10464,2464
1309,309,agreement_filtered_ema,0.10443631187081337,0.018026389181613922,0.059174420312047005,0.309,7234,851179,858413,867396,0.9896437152119678,0.008339904726330304,0.9813038104856374,858413,858413,False,0.1144804134964943,8.741885953023301e-05,0.000262256578590699,10472,2472
1310,310,agreement_filtered_ema,0.20894178748130798,0.015710828825831413,0.032723150216042995,0.31,2613,875265,877878,883779,0.9933229913813295,0.002956621508318256,0.9903663698730112,877878,877878,False,0.11448818445205688,8.739714594655606e-05,0.00026219143783966816,10480,2480
1311,311,agreement_filtered_ema,0.10059543326497078,0.020401414949446917,0.008472749614156783,0.311,5741,869022,874763,878488,0.9957597599511888,0.006535092112812013,0.9892246678383768,874763,874763,False,0.11449631303548813,8.737541634312985e-05,0.0002621262490293895,10488,2488
1312,312,agreement_filtered_ema,0.2886009216308594,0.015280241146683693,0.020258461125195026,0.312,5836,844576,850412,859063,0.9899297257593448,0.006793448210433926,0.9831362775489109,850412,850412,False,0.11450431495904922,8.735367072926263e-05,0.0002620610121877879,10496,2496
1313,313,agreement_filtered_ema,0.16934242099523544,0.018734821118414402,0.028062276542186737,0.313,1316,875082,876398,881045,0.9947255815537231,0.0014936807995051332,0.993231900754218,876398,876398,False,0.11451325565576553,8.733190911426958e-05,0.0002619957273428087,10504,2504
1314,314,agreement_filtered_ema,0.16748995333909988,0.01875343546271324,0.07691403850913048,0.314,4851,852377,857228,866599,0.9891864634046428,0.005597744746993707,0.9835887186576491,857228,857228,False,0.11452120542526245,8.731013150747263e-05,0.00026193039452241784,10512,2512
1315,315,agreement_filtered_ema,0.15682346373796463,0.02005669428035617,0.013343521859496832,0.315,14079,822606,836685,848992,0.9855039859032829,0.01658319513022502,0.9689207907730579,836685,836685,False,0.1145283505320549,8.728833791820063e-05,0.00026186501375460186,10520,2520
1316,316,agreement_filtered_ema,0.2515472322702408,0.021037230268120766,0.011085101868957281,0.316,5485,862699,868184,873328,0.9941098876939707,0.006280572705787516,0.9878293149881832,868184,868184,False,0.1145356073975563,8.72665283557893e-05,0.0002617995850673679,10528,2528
1317,317,agreement_filtered_ema,0.1970023661851883,0.019659511744976044,0.012090482283383608,0.317,7186,859159,866345,877000,0.9878506271379703,0.008193842645381984,0.9796567844925884,866345,866345,False,0.11454243957996368,8.724470282958111e-05,0.0002617341084887433,10536,2536
1318,318,agreement_filtered_ema,0.2102012187242508,0.017611639108508825,0.09979016799479723,0.318,7844,847970,855814,863929,0.9906068669994872,0.009079449815899223,0.981527417183588,855814,855814,False,0.11454892158508301,8.722286134892545e-05,0.00026166858404677633,10544,2544
1319,319,agreement_filtered_ema,0.1339249461889267,0.01582067273557186,0.022394598461687565,0.319,6426,854683,861109,871566,0.9880020560691904,0.007372935612449315,0.9806291204567411,861109,861109,False,0.11455535143613815,8.720100392317851e-05,0.0002616030117695355,10552,2552
1320,320,agreement_filtered_ema,0.25202929228544235,0.01968270167708397,0.03933534398674965,0.32,3086,855208,858294,865434,0.9917498041445102,0.0035658409537873484,0.9881839631907228,858294,858294,False,0.11456188559532166,8.717913056170331e-05,0.00026153739168510986,10560,2560
1321,321,agreement_filtered_ema,0.2784590944647789,0.018022102303802967,0.018225689884275198,0.321,3860,865979,869839,879711,0.9887781328186188,0.004387804631293686,0.9843903281873252,869839,869839,False,0.11456884443759918,8.715724127386972e-05,0.00026147172382160914,10568,2568
1322,322,agreement_filtered_ema,0.11362266540527344,0.018737290985882282,0.008886618074029684,0.322,7647,852493,860140,868409,0.9904779890581512,0.008805758576891764,0.9816722304812594,860140,860140,False,0.11457580327987671,8.713533606905439e-05,0.00026140600820716314,10576,2576
1323,323,agreement_filtered_ema,0.2448807656764984,0.01716323709115386,0.025294287130236626,0.323,7132,850699,857831,867303,0.9890787879207151,0.008223193047873696,0.9808555948728415,857831,857831,False,0.11458233743906021,8.711341495664084e-05,0.0002613402448699225,10584,2584
1324,324,agreement_filtered_ema,0.09307128936052322,0.022317759692668915,0.03139732964336872,0.324,15895,831548,847443,856076,0.9899156149687645,0.018567276737112125,0.9713483382316523,847443,847443,False,0.11458860337734222,8.709147794601939e-05,0.0002612744338380581,10592,2592
1325,325,agreement_filtered_ema,0.25704774260520935,0.021054494194686413,0.025447369553148746,0.325,10968,836117,847085,853309,0.9927060420082291,0.012853491525344277,0.9798525504828849,847085,847085,False,0.11459419876337051,8.706952504658712e-05,0.0002612085751397613,10600,2600
1326,326,agreement_filtered_ema,0.11266767233610153,0.01755953673273325,0.009231908712536097,0.326,3658,863428,867086,875128,0.9908104871515938,0.004179959960142973,0.9866305271914508,867086,867086,False,0.11459971964359283,8.704755626774796e-05,0.00026114266880324387,10608,2608
1327,327,agreement_filtered_ema,0.18314778804779053,0.016141772735863924,0.018381104804575443,0.327,13483,827049,840532,850866,0.987854726831252,0.015846208451154472,0.9720085183800975,840532,840532,False,0.11460558325052261,8.702557161891265e-05,0.00026107671485673794,10616,2616
1328,328,agreement_filtered_ema,0.08870325982570648,0.02067132294178009,0.09481886122375727,0.328,5273,839249,844522,857509,0.9848549694522156,0.006149206597248542,0.9787057628549671,844522,844522,False,0.11461036652326584,8.700357110949873e-05,0.00026101071332849615,10624,2624
1329,329,agreement_filtered_ema,0.13408929854631424,0.015534261707216501,0.011376750422641635,0.329,3795,848671,852466,860937,0.9901607202385309,0.004407988040936793,0.985752732197594,852466,852466,False,0.11461538076400757,8.69815547489305e-05,0.00026094466424679146,10632,2632
1330,330,agreement_filtered_ema,0.24840357154607773,0.019385410472750664,0.06875623762607574,0.33,9064,827289,836353,851578,0.9821214263402765,0.01064376956661633,0.9714776567736602,836353,836353,False,0.11461964249610901,8.695952254663906e-05,0.00026087856763991714,10640,2640
1331,331,agreement_filtered_ema,0.16544930636882782,0.016771825961768627,0.008561450988054276,0.331,5784,864573,870357,877210,0.9921877315580078,0.006593632083537579,0.9855940994744702,870357,870357,False,0.11462444067001343,8.693747451206232e-05,0.0002608124235361869,10648,2648
1332,332,agreement_filtered_ema,0.13571366667747498,0.018466143868863583,0.015053482726216316,0.332,5723,869750,875473,882098,0.9924894966318935,0.006487941249158257,0.9860015553827353,875473,875473,False,0.11462953686714172,8.691541065464495e-05,0.0002607462319639348,10656,2656
1333,333,agreement_filtered_ema,0.13318907096982002,0.019648870453238487,0.009870299370959401,0.333,9400,867028,876428,884908,0.9904170829057936,0.01062257319404955,0.9797945097117441,876428,876428,False,0.1146349161863327,8.689333098383842e-05,0.00026067999295151527,10664,2664
1334,334,agreement_filtered_ema,0.16606470942497253,0.018754382617771626,0.022853085305541754,0.334,3475,857691,861166,869314,0.990627092166927,0.00399740485026124,0.9866296873166658,861166,861166,False,0.11464101821184158,8.687123550910095e-05,0.0002606137065273028,10672,2672
1335,335,agreement_filtered_ema,0.10156716406345367,0.02080986276268959,0.022652771323919296,0.335,3048,859034,862082,868691,0.9923920012985055,0.003508727499191312,0.9888832737993142,862082,862082,False,0.11464735865592957,8.684912423989755e-05,0.0002605473727196926,10680,2680
1336,336,agreement_filtered_ema,0.16890807449817657,0.019442775286734104,0.017537452280521393,0.336,7174,860554,867728,875182,0.9914829144109454,0.008197152135213019,0.9832857622757324,867728,867728,False,0.11465366929769516,8.682699718569995e-05,0.00026048099155709983,10688,2688
1337,337,agreement_filtered_ema,0.17151222378015518,0.02086060121655464,0.01190599100664258,0.337,9513,864268,873781,882496,0.9901246011313366,0.010779652259047066,0.9793449488722895,873781,873781,False,0.1146593987941742,8.680485435598673e-05,0.00026041456306796014,10696,2696
1338,338,agreement_filtered_ema,0.18532896786928177,0.01567453984171152,0.055342736188322306,0.338,5212,847933,853145,867598,0.9833413631658902,0.006007390519572429,0.9773339726463177,853145,853145,False,0.11466432362794876,8.678269576024312e-05,0.00026034808728072934,10704,2704
1339,339,agreement_filtered_ema,0.1432911902666092,0.021508997306227684,0.009070202242583036,0.339,2972,865719,868691,874696,0.9931347576758096,0.003397751904661734,0.9897370057711479,868691,868691,False,0.1146693006157875,8.67605214079612e-05,0.00026028156422388355,10712,2712
1340,340,agreement_filtered_ema,0.36203165352344513,0.01628962066024542,0.01054121251218021,0.34,3527,858774,862301,875354,0.9850883185545505,0.004029227032720476,0.98105909152183,862301,862301,False,0.11467520892620087,8.673833130863974e-05,0.0002602149939259192,10720,2720
1341,341,agreement_filtered_ema,0.18871237337589264,0.018501726910471916,0.0065792633686214685,0.341,10037,855245,865282,875273,0.9885852756797022,0.011467279351699413,0.9771179963280028,865282,865282,False,0.11468086391687393,8.671612547178428e-05,0.0002601483764153528,10728,2728
1342,342,agreement_filtered_ema,0.1625727042555809,0.016208363696932793,0.009052774868905544,0.342,3490,854278,857768,867785,0.9884568182211032,0.004021733493895377,0.9844350847272078,857768,857768,False,0.11468673497438431,8.669390390690709e-05,0.00026008171172072126,10736,2736
1343,343,agreement_filtered_ema,0.2063823640346527,0.019990138709545135,0.08413880108855665,0.343,5938,850099,856037,864091,0.9906792224430065,0.006871961402213424,0.9838072610407932,856037,856037,False,0.1146918311715126,8.66716666235272e-05,0.00026001499987058155,10744,2744
1344,344,agreement_filtered_ema,0.12381075322628021,0.022144237533211708,0.004718696931377053,0.344,5472,855979,861451,866911,0.9937017756147978,0.00631206663659822,0.9873897089781996,861451,861451,False,0.11469674855470657,8.664941363117032e-05,0.0002599482408935109,10752,2752
1345,345,agreement_filtered_ema,0.19770334661006927,0.023661380633711815,0.05494365468621254,0.345,3784,865983,869767,874400,0.9947015096065873,0.0043275388838060385,0.9903739707227813,869767,869767,False,0.11470101028680801,8.662714493936895e-05,0.0002598814348181068,10760,2760
1346,346,agreement_filtered_ema,0.1376139521598816,0.020455957390367985,0.0158619349822402,0.346,3992,854635,858627,869657,0.9873168387076744,0.0045903154921997985,0.9827265232154746,858627,858627,False,0.11470500379800797,8.660486055766228e-05,0.0002598145816729868,10768,2768
1347,347,agreement_filtered_ema,0.20927605032920837,0.01661372184753418,0.006154977949336171,0.347,6658,851790,858448,865864,0.9914351445492595,0.007689429286816405,0.983745715262443,858448,858448,False,0.11470924317836761,8.658256049559624e-05,0.0002597476814867887,10776,2776
1348,348,agreement_filtered_ema,0.08699943870306015,0.02351357974112034,0.00745929335244,0.348,2924,846103,849027,854525,0.9935660162078348,0.0034217840320645973,0.9901442321757702,849027,849027,False,0.11471371352672577,8.656024476272346e-05,0.00025968073428817034,10784,2784
1349,349,agreement_filtered_ema,0.21950699388980865,0.017218378372490406,0.009920767042785883,0.349,5298,844122,849420,857659,0.9903936179763753,0.00617728024774415,0.984216337728631,849420,849420,False,0.11471840739250183,8.653791336860331e-05,0.00025961374010580987,10792,2792
1350,350,agreement_filtered_ema,0.2708405926823616,0.016470106318593025,0.013286257162690163,0.35,8026,865206,873232,882311,0.9897099775475995,0.009096565723424054,0.9806134118241754,873232,873232,False,0.11472372710704803,8.651556632280184e-05,0.00025954669896840544,10800,2800
1351,351,agreement_filtered_ema,0.20615456253290176,0.018928448669612408,0.016107074450701475,0.351,6677,855084,861761,868777,0.9919242797633915,0.007685516536464479,0.984238763226927,861761,861761,False,0.11472948640584946,8.649320363489179e-05,0.00025947961090467533,10808,2808
1352,352,agreement_filtered_ema,0.08377417176961899,0.02059051487594843,0.013828289695084095,0.352,13581,849320,862901,874981,0.9861939859265515,0.015521479894992005,0.9706725060315595,862901,862901,False,0.11473508924245834,8.647082531445265e-05,0.0002594124759433579,10816,2816
1353,353,agreement_filtered_ema,0.198849655687809,0.021016644779592752,0.03963467478752136,0.353,8310,857052,865362,877393,0.9862877866588861,0.00947124036777134,0.9768165462911147,865362,865362,False,0.11474042385816574,8.644843137107059e-05,0.0002593452941132117,10824,2824
1354,354,agreement_filtered_ema,0.11338269338011742,0.014765827916562557,0.02569836052134633,0.354,5750,834748,840498,845378,0.9942274343548093,0.00680169107783737,0.987425743276972,840498,840498,False,0.11474564671516418,8.642602181433844e-05,0.00025927806544301526,10832,2832
1355,355,agreement_filtered_ema,0.2563122659921646,0.016319402027875185,0.015056450385600328,0.355,7398,844434,851832,859682,0.9908687165719418,0.008605507617933142,0.9822632089540085,851832,851832,False,0.11475125700235367,8.640359665385575e-05,0.0002592107899615672,10840,2840
1356,356,agreement_filtered_ema,0.15704278275370598,0.025928248651325703,0.05916789546608925,0.356,2753,845168,847921,854939,0.9917912272103624,0.003220112779976115,0.9885711144303863,847921,847921,False,0.11475526541471481,8.638115589922875e-05,0.0002591434676976862,10848,2848
1357,357,agreement_filtered_ema,0.20004286617040634,0.01594415633007884,0.011387364007532597,0.357,6852,831233,838085,846313,0.9902778286520472,0.008096295342266985,0.9821815333097802,838085,838085,False,0.11475968360900879,8.635869956007034e-05,0.000259076098680211,10856,2856
1358,358,agreement_filtered_ema,0.24856066703796387,0.015501908492296934,0.009512588381767273,0.358,7920,845711,853631,860542,0.9919690148766708,0.009203501978985337,0.9827655128976854,853631,853631,False,0.11476460844278336,8.633622764600012e-05,0.00025900868293800034,10864,2864
1359,359,agreement_filtered_ema,0.2573906406760216,0.017192281782627106,0.023564561270177364,0.359,4390,837068,841458,849872,0.9900996855997138,0.005165483743434306,0.9849342018562796,841458,841458,False,0.11477024853229523,8.631374016664434e-05,0.000258941220499933,10872,2872
1360,360,agreement_filtered_ema,0.19518101960420609,0.019546440802514553,0.01843837508931756,0.36,4708,848342,853050,862505,0.9890377447087263,0.005458519081048806,0.9835792256276775,853050,853050,False,0.11477603763341904,8.629123713163589e-05,0.0002588737113949076,10880,2880
1361,361,agreement_filtered_ema,0.1341029368340969,0.017262963578104973,0.01152633223682642,0.361,7906,861126,869032,877288,0.9905891793800895,0.009011863834909402,0.9815773155451801,869032,869032,False,0.11478175967931747,8.626871855061438e-05,0.00025880615565184313,10888,2888
1362,362,agreement_filtered_ema,0.23693495988845825,0.018919936381280422,0.010999174788594246,0.362,9383,863454,872837,888923,0.9819039444361323,0.010555469933841289,0.971348474502291,872837,872837,False,0.11478772759437561,8.624618443322607e-05,0.0002587385532996782,10896,2896
1363,363,agreement_filtered_ema,0.09048394486308098,0.018295242451131344,0.010524282697588205,0.363,8318,866411,874729,881689,0.9921060600733366,0.009434165561779721,0.9826718945115568,874729,874729,False,0.11479374766349792,8.622363478912383e-05,0.0002586709043673715,10904,2904
1364,364,agreement_filtered_ema,0.15152757987380028,0.017343856394290924,0.013323355000466108,0.364,7053,849733,856786,866808,0.9884380393351239,0.008136750006921947,0.9803012893282018,856786,856786,False,0.11479971557855606,8.620106962796723e-05,0.00025860320888390165,10912,2912
1365,365,agreement_filtered_ema,0.10704928636550903,0.027620520442724228,0.013221933506429195,0.365,6161,826629,832790,838613,0.9930563919233305,0.00734665453552473,0.9857097373878058,832790,832790,False,0.11480529606342316,8.617848895942247e-05,0.0002585354668782674,10920,2920
1366,366,agreement_filtered_ema,0.25072145462036133,0.015423293691128492,0.009520976105704904,0.366,6220,867470,873690,881251,0.9914201515799699,0.0070581480191228155,0.984362003560847,873690,873690,False,0.11481057107448578,8.615589279316239e-05,0.0002584676783794871,10928,2928
1367,367,agreement_filtered_ema,0.12168489396572113,0.017848443239927292,0.013398495502769947,0.367,10252,835578,845830,856742,0.9872633768392352,0.011966262888944396,0.9752971139502907,845830,845830,False,0.1148163303732872,8.613328113886644e-05,0.0002583998434165993,10936,2936
1368,368,agreement_filtered_ema,0.14418728649616241,0.01936053019016981,0.009800192201510072,0.368,9995,842494,852489,859972,0.9912985539064063,0.01162247142930235,0.9796760824771039,852489,852489,False,0.1148219034075737,8.611065400622078e-05,0.00025833196201866226,10944,2944
1369,369,agreement_filtered_ema,0.11250424012541771,0.017478113062679768,0.011948773171752691,0.369,3578,859703,863281,872129,0.9898547118602867,0.004102604087239388,0.9857521077730473,863281,863281,False,0.1148274689912796,8.608801140491811e-05,0.0002582640342147543,10952,2952
1370,370,agreement_filtered_ema,0.19513101875782013,0.016868289560079575,0.008060089778155088,0.37,6934,862933,869867,879216,0.9893666630270604,0.007886571672944988,0.9814800913541155,869867,869867,False,0.11483282595872879,8.606535334465784e-05,0.0002581960600339735,10960,2960
1371,371,agreement_filtered_ema,0.1501823365688324,0.018040532246232033,0.004864739370532334,0.371,5791,850706,856497,861045,0.9947180460951518,0.006725548606634961,0.9879924974885168,856497,856497,False,0.11483816057443619,8.604267983514594e-05,0.0002581280395054378,10968,2968
1372,372,agreement_filtered_ema,0.14349379390478134,0.016780790872871876,0.03604913130402565,0.372,8775,854926,863701,878475,0.9831822191866587,0.009988901220865706,0.973193317965793,863701,863701,False,0.11484278738498688,8.601999088609504e-05,0.00025805997265828507,10976,2976
1373,373,agreement_filtered_ema,0.2329414337873459,0.02554455678910017,0.004594387020915747,0.373,5855,848625,854480,869056,0.9832277781869062,0.006737195301568599,0.9764905828853376,854480,854480,False,0.11484739184379578,8.599728650722434e-05,0.00025799185952167297,10984,2984
1374,374,agreement_filtered_ema,0.24687054008245468,0.015999484807252884,0.009898176183924079,0.374,4441,834061,838502,852209,0.9839159173395259,0.005211162989360591,0.9787047543501652,838502,838502,False,0.11485224962234497,8.597456670825969e-05,0.0002579237001247791,10992,2992
1375,375,agreement_filtered_ema,0.12959589064121246,0.017099299002438784,0.03275744873099029,0.375,6164,843377,849541,856834,0.9914884329986905,0.007193925544504536,0.984294507454186,849541,849541,False,0.1148565486073494,8.595183149893353e-05,0.0002578554944968006,11000,3000
1376,376,agreement_filtered_ema,0.09818613529205322,0.021995360031723976,0.007323973346501589,0.376,7036,846475,853511,867615,0.9837439417253044,0.008109587777989084,0.9756343539473153,853511,853511,False,0.11486072838306427,8.59290808889849e-05,0.00025778724266695466,11008,3008
1377,377,agreement_filtered_ema,0.256050743162632,0.01703611295670271,0.03927053418010473,0.377,7250,863901,871151,876657,0.9937193223803609,0.008270053167886642,0.9854492692124742,871151,871151,False,0.11486467719078064,8.590631488815944e-05,0.0002577189446644783,11016,3016
1378,378,agreement_filtered_ema,0.140610471367836,0.02014079224318266,0.009079794166609645,0.378,2794,875251,878045,886065,0.9909487452952097,0.0031532675368059907,0.9877954777584037,878045,878045,False,0.11486878246068954,8.588353350620939e-05,0.00025765060051862815,11024,3024
1379,379,agreement_filtered_ema,0.12888774275779724,0.014831885229796171,0.004548379918560386,0.379,9840,864876,874716,885870,0.98740898777473,0.011107724609705712,0.9763012631650242,874716,874716,False,0.11487353593111038,8.586073675289355e-05,0.0002575822102586806,11032,3032
1380,380,agreement_filtered_ema,0.19291935861110687,0.01876507978886366,0.011332801077514887,0.38,7469,853720,861189,868350,0.9917533252720677,0.00860137041515518,0.9831519548569125,861189,861189,False,0.11487826704978943,8.583792463797733e-05,0.000257513773913932,11040,3040
1381,381,agreement_filtered_ema,0.26585571467876434,0.01568959979340434,0.007734889630228281,0.381,12395,843375,855770,870039,0.9835995857656955,0.014246487801121558,0.969353097964574,855770,855770,False,0.11488337069749832,8.581509717123273e-05,0.00025744529151369814,11048,3048
1382,382,agreement_filtered_ema,0.125076562166214,0.016706326510757208,0.009196569444611669,0.382,8703,845790,854493,868334,0.9840602809517996,0.010022641057473277,0.9740376398943263,854493,854493,False,0.11488856375217438,8.579225436243828e-05,0.00025737676308731477,11056,3056
1383,383,agreement_filtered_ema,0.22772005200386047,0.018960395362228155,0.010530270985327661,0.383,8395,847377,855772,870810,0.9827310205440911,0.009640449696259804,0.9730905708478313,855772,855772,False,0.11489357799291611,8.576939622137915e-05,0.0002573081886641374,11064,3064
1384,384,agreement_filtered_ema,0.12284640967845917,0.017947294283658266,0.009323238395154476,0.384,5524,847220,852744,860717,0.9907367926972512,0.006417905072166577,0.9843188876250847,852744,852744,False,0.11489833891391754,8.574652275784702e-05,0.00025723956827354105,11072,3072
1385,385,agreement_filtered_ema,0.2388845756649971,0.01553542073816061,0.007416095002554357,0.385,8284,849122,857406,865939,0.9901459571632644,0.009566493713760438,0.980579463449504,857406,857406,False,0.11490301042795181,8.572363398164017e-05,0.0002571709019449205,11080,3080
1386,386,agreement_filtered_ema,0.1012900061905384,0.020583842881023884,0.004476690664887428,0.386,5792,867835,873627,879480,0.9933449310956475,0.006585709737572202,0.9867592213580753,873627,873627,False,0.11490752547979355,8.570072990256342e-05,0.0002571021897076902,11088,3088
1387,387,agreement_filtered_ema,0.09389942139387131,0.02190832421183586,0.023622639011591673,0.387,8194,844126,852320,861480,0.9893671356270604,0.009511538282954915,0.9798555973441055,852320,852320,False,0.1149119883775711,8.567781053042813e-05,0.0002570334315912844,11096,3096
1388,388,agreement_filtered_ema,0.14373771101236343,0.02108117938041687,0.011803725035861135,0.388,5178,852405,857583,863861,0.9927326271240396,0.005994019871252435,0.9867386072527872,857583,857583,False,0.11491617560386658,8.565487587505226e-05,0.00025696462762515675,11104,3104
1389,389,agreement_filtered_ema,0.21348807215690613,0.019586142618209124,0.013262223917990923,0.389,9366,859140,868506,879823,0.9871371855475476,0.010645322979735698,0.976491862567812,868506,868506,False,0.11492076516151428,8.563192594626027e-05,0.0002568957778387808,11112,3112
1390,390,agreement_filtered_ema,0.12179867178201675,0.01873883791267872,0.008620167151093483,0.39,6424,849357,855781,868713,0.9851136105940627,0.00739484732011608,0.9777187632739466,855781,855781,False,0.11492543667554855,8.56089607538832e-05,0.00025682688226164957,11120,3120
1391,391,agreement_filtered_ema,0.20920249074697495,0.017918269615620375,0.013404349097982049,0.391,3348,874701,878049,883648,0.9936637665676831,0.003788838994712827,0.9898749275729702,878049,878049,False,0.11492983251810074,8.558598030775857e-05,0.0002567579409232757,11128,3128
1392,392,agreement_filtered_ema,0.24128884077072144,0.016290406230837107,0.006888057803735137,0.392,8599,863836,872435,879368,0.9921159287124389,0.009778613731680024,0.9823373149807589,872435,872435,False,0.11493410170078278,8.55629846177305e-05,0.0002566889538531915,11136,3136
1393,393,agreement_filtered_ema,0.06981277838349342,0.016095139551907778,0.00969375530257821,0.393,7647,858588,866235,877689,0.9869498193551475,0.008712653343040644,0.9782371660121068,866235,866235,False,0.11493822187185287,8.553997369364963e-05,0.00025661992108094885,11144,3144
1394,394,agreement_filtered_ema,0.12936287745833397,0.015213125851005316,0.004800101742148399,0.394,9754,852781,862535,870982,0.9903017513565149,0.01119885370765412,0.9791028976488607,862535,862535,False,0.11494258046150208,8.551694754537307e-05,0.00025655084263611917,11152,3152
1395,395,agreement_filtered_ema,0.169060580432415,0.01742732198908925,0.006427238695323467,0.395,8116,850984,859100,868305,0.9893988863360225,0.009346946061579745,0.9800519402744428,859100,859100,False,0.11494710296392441,8.549390618276452e-05,0.00025648171854829354,11160,3160
1396,396,agreement_filtered_ema,0.08589339628815651,0.01565613178536296,0.004887793678790331,0.396,8584,849494,858078,870866,0.985315766145423,0.00985685513041042,0.9754589110150127,858078,858078,False,0.11495178192853928,8.547084961569416e-05,0.00025641254884708244,11168,3168
1397,397,agreement_filtered_ema,0.26520632207393646,0.01788591593503952,0.026803177781403065,0.397,4794,844954,849748,854889,0.9939863537839415,0.005607745566968343,0.9883786082169732,849748,849748,False,0.11495683342218399,8.544777785403868e-05,0.000256343333562116,11176,3176
1398,398,agreement_filtered_ema,0.12932822108268738,0.015898107085376978,0.007715775398537517,0.398,5348,848471,853819,862881,0.9894979724898335,0.006197841880861903,0.9833001306089716,853819,853819,False,0.11496197432279587,8.542469090768129e-05,0.00025627407272304386,11184,3184
1399,399,agreement_filtered_ema,0.2787560299038887,0.02015938190743327,0.005506553454324603,0.399,11876,847169,859045,867053,0.9907641170724281,0.013696971234745742,0.9770671458376824,859045,859045,False,0.11496681720018387,8.540158878651172e-05,0.00025620476635953513,11192,3192
1400,400,agreement_filtered_ema,0.24490031599998474,0.020781838335096836,0.01842176914215088,0.4,13260,843805,857065,869657,0.9855207282871293,0.015247390637918167,0.9702733376492111,857065,857065,False,0.11497122794389725,8.53784715004262e-05,0.00025613541450127857,11200,3200
1401,401,agreement_filtered_ema,0.17772701382637024,0.015095905400812626,0.012007343117147684,0.401,8808,839879,848687,858745,0.9882875591706501,0.010256828278476147,0.9780307308921741,848687,848687,False,0.11497574299573898,8.535533905932738e-05,0.00025606601717798207,11208,3208
1402,402,agreement_filtered_ema,0.08866563811898232,0.015363204292953014,0.028355348738841712,0.402,6380,858585,864965,878254,0.984868842043418,0.007264413256301708,0.9776044287871163,864965,864965,False,0.11498101055622101,8.533219147312452e-05,0.00025599657441937354,11216,3216
1403,403,agreement_filtered_ema,0.14408014714717865,0.019030281342566013,0.012387611903250217,0.403,9352,852337,861689,876291,0.9833365856775889,0.010672253851745596,0.9726643318258432,861689,861689,False,0.11498603224754333,8.530902875173327e-05,0.0002559270862551998,11224,3224
1404,404,agreement_filtered_ema,0.29098324105143547,0.016147437505424023,0.005181594053283334,0.404,6729,841232,847961,855034,0.9917278143325294,0.007869862485000597,0.9838579518475289,847961,847961,False,0.11499109864234924,8.528585090507586e-05,0.00025585755271522755,11232,3232
1405,405,agreement_filtered_ema,0.2041185051202774,0.023251230362802744,0.012830686289817095,0.405,11339,836695,848034,859734,0.9863911395850344,0.013188963097888416,0.973202176487146,848034,848034,False,0.11499563604593277,8.526265794308089e-05,0.0002557879738292426,11240,3240
1406,406,agreement_filtered_ema,0.14047636836767197,0.01897711306810379,0.012555625755339861,0.406,3902,851128,855030,864925,0.9885597017082406,0.00451137381853918,0.9840483278897014,855030,855030,False,0.11500005424022675,8.523944987568351e-05,0.0002557183496270505,11248,3248
1407,407,agreement_filtered_ema,0.18971704691648483,0.019451060332357883,0.009212779812514782,0.407,4175,849058,853233,860673,0.9913556019533551,0.004850855086658929,0.9865047468666962,853233,853233,False,0.11500421166419983,8.521622671282532e-05,0.00025564868013847595,11256,3256
1408,408,agreement_filtered_ema,0.19010145403444767,0.016179850790649652,0.008114135707728565,0.408,5900,850473,856373,871860,0.9822368270135113,0.006767141513545753,0.9754696854999656,856373,856373,False,0.1150088831782341,8.519298846445436e-05,0.000255578965393363,11264,3264
1409,409,agreement_filtered_ema,0.17529494315385818,0.015085541643202305,0.00756578310392797,0.409,7991,847997,855988,865228,0.9893207339568298,0.009235715903784898,0.9800850180530449,855988,855988,False,0.11501354724168777,8.516973514052519e-05,0.00025550920542157554,11272,3272
1410,410,agreement_filtered_ema,0.13074855133891106,0.015480344183743,0.007212852360680699,0.41,9971,838710,848681,860174,0.9866387498343359,0.01159184072059839,0.9750469091137375,848681,848681,False,0.11501811444759369,8.51464667509988e-05,0.0002554394002529964,11280,3280
1411,411,agreement_filtered_ema,0.21018234640359879,0.018468860536813736,0.007647056598216295,0.411,4935,859506,864441,872883,0.9903286007403054,0.005653678671712016,0.9846749220685934,864441,864441,False,0.11502311378717422,8.51231833058426e-05,0.0002553695499175277,11288,3288
1412,412,agreement_filtered_ema,0.10123593360185623,0.014771887101233006,0.041021646931767464,0.412,6120,847604,853724,866392,0.9853784430142476,0.007063777135522951,0.9783146658787246,853724,853724,False,0.11502785980701447,8.509988481503048e-05,0.0002552996544450914,11296,3296
1413,413,agreement_filtered_ema,0.09243051335215569,0.0180907747708261,0.009169776923954487,0.413,7273,858170,865443,880596,0.9827923360996416,0.0082591790105792,0.9745331570890624,865443,865443,False,0.11503275483846664,8.50765712885428e-05,0.00025522971386562833,11304,3304
1414,414,agreement_filtered_ema,0.18973750993609428,0.01801768969744444,0.007486480521038175,0.414,4065,873870,877935,887036,0.9897399880049964,0.004582677591439355,0.985157310413557,877935,877935,False,0.11503757536411285,8.50532427363663e-05,0.00025515972820909884,11312,3312
1415,415,agreement_filtered_ema,0.23556990176439285,0.015540026128292084,0.006843090523034334,0.415,8525,866055,874580,882651,0.9908559555248904,0.00965840405777595,0.9811975514671144,874580,874580,False,0.11504372209310532,8.502989916849422e-05,0.00025508969750548264,11320,3320
1416,416,agreement_filtered_ema,0.12885002046823502,0.01656486839056015,0.0062349498039111495,0.416,5348,840613,845961,856279,0.9879501891322805,0.006245627885303738,0.9817045612469767,845961,845961,False,0.11505003273487091,8.500654059492618e-05,0.00025501962178477855,11328,3328
1417,417,agreement_filtered_ema,0.1418718546628952,0.02012247033417225,0.017296064645051956,0.417,16308,842522,858830,877700,0.9785006266378034,0.01858038054004785,0.9599202460977555,858830,858830,False,0.11505625396966934,8.498316702566828e-05,0.0002549495010770048,11336,3336
1418,418,agreement_filtered_ema,0.3060681074857712,0.01881849765777588,0.020841930992901325,0.418,8176,850476,858652,871601,0.985143431455448,0.009380438985269636,0.9757629924701784,858652,858652,False,0.11506201326847076,8.495977847073297e-05,0.0002548793354121989,11344,3344
1419,419,agreement_filtered_ema,0.17988388985395432,0.01944532571360469,0.011529626790434122,0.419,6339,840071,846410,854429,0.9906147848446155,0.00741898975807235,0.9831957950865432,846410,846410,False,0.1150675043463707,8.493637494013921e-05,0.0002548091248204176,11352,3352
1420,420,agreement_filtered_ema,0.30105534195899963,0.014673919416964054,0.008310688426718116,0.42,8625,834795,843420,859821,0.9809250995265294,0.010031157647929046,0.9708939418786003,843420,843420,False,0.11507278680801392,8.491295644391231e-05,0.0002547388693317369,11360,3360
1421,421,agreement_filtered_ema,0.09784552454948425,0.015366920735687017,0.013894919771701097,0.421,4006,869837,873843,886624,0.9855846446746309,0.004518262532933915,0.9810663821416971,873843,873843,False,0.11507855355739594,8.488952299208401e-05,0.000254668568976252,11368,3368
1422,422,agreement_filtered_ema,0.13726820051670074,0.020579698029905558,0.013902445789426565,0.422,8220,854728,862948,868529,0.9935741926867151,0.009464278107006214,0.9841099145797089,862948,862948,False,0.11508378386497498,8.486607459469244e-05,0.0002545982237840773,11376,3376
1423,423,agreement_filtered_ema,0.24325193464756012,0.015412874519824982,0.037028197199106216,0.423,15966,809652,825618,842902,0.9794946506236787,0.018941703780510664,0.960552946843168,825618,825618,False,0.11508850753307343,8.48426112617822e-05,0.00025452783378534654,11384,3384
1424,424,agreement_filtered_ema,0.19616535305976868,0.02047443948686123,0.020624636206775904,0.424,12448,846041,858489,875177,0.9809318572128838,0.014223408521933278,0.9667084486909505,858489,858489,False,0.11509256064891815,8.481913300340416e-05,0.00025445739901021244,11392,3392
1425,425,agreement_filtered_ema,0.18928251415491104,0.019362865947186947,0.003593603614717722,0.425,6719,864111,870830,882137,0.987182263072516,0.00761673073456844,0.9795655323379475,870830,870830,False,0.11509645730257034,8.479563982961571e-05,0.0002543869194888471,11400,3400
1426,426,agreement_filtered_ema,0.11256014928221703,0.023799425922334194,0.010030434699729085,0.426,9971,833777,843748,853699,0.9883436667959081,0.011679760665058762,0.9766639061308494,843748,843748,False,0.11510051041841507,8.477213175048058e-05,0.00025431639525144175,11408,3408
1427,427,agreement_filtered_ema,0.14182458817958832,0.018359355628490448,0.006074276636354625,0.427,10430,851542,861972,872278,0.9881849593822153,0.011957197132106965,0.9762277622501083,861972,861972,False,0.11510498076677322,8.474860877606887e-05,0.0002542458263282066,11416,3416
1428,428,agreement_filtered_ema,0.2190464362502098,0.02085756789892912,0.005637459340505302,0.428,7802,841169,848971,866678,0.9795691133269796,0.009002189971361913,0.9705669233556177,848971,848971,False,0.11510983109474182,8.47250709164571e-05,0.0002541752127493713,11424,3424
1429,429,agreement_filtered_ema,0.13258059322834015,0.019430329091846943,0.012644643429666758,0.429,6130,834957,841087,851920,0.9872840172786177,0.0071955113156164895,0.9800885059630012,841087,841087,False,0.1151144951581955,8.470151818172809e-05,0.00025410455454518425,11432,3432
1430,430,agreement_filtered_ema,0.1954515278339386,0.016862889751791954,0.015150574268773198,0.43,6968,841441,848409,860357,0.9861127415712315,0.008098963569773942,0.9780137780014575,848409,848409,False,0.11511941254138947,8.467795058197112e-05,0.00025403385174591335,11440,3440
1431,431,agreement_filtered_ema,0.2045389488339424,0.018029605504125357,0.005915168905630708,0.431,7062,826319,833381,845181,0.9860384935297883,0.008355606668867378,0.9776828868609209,833381,833381,False,0.11512479931116104,8.46543681272818e-05,0.00025396310438184535,11448,3448
1432,432,agreement_filtered_ema,0.23872336000204086,0.020636369474232197,0.010680823121219873,0.432,9830,842146,851976,864801,0.9851699986470875,0.011366776865429156,0.9738032217816585,851976,851976,False,0.11512989550828934,8.46307708277621e-05,0.00025389231248328624,11456,3456
1433,433,agreement_filtered_ema,0.1367189958691597,0.02425888879224658,0.013105207588523626,0.433,3448,848688,852136,858619,0.9924495032138818,0.00401575087436919,0.9884337523395126,852136,852136,False,0.11513473093509674,8.460715869352035e-05,0.00025382147608056104,11464,3464
1434,434,agreement_filtered_ema,0.08866795152425766,0.01866349671036005,0.10547313932329416,0.434,7724,840445,848169,856960,0.989741644884242,0.009013256161314414,0.9807283887229276,848169,848169,False,0.11513882875442505,8.458353173467124e-05,0.0002537505952040137,11472,3472
1435,435,agreement_filtered_ema,0.0594800990074873,0.015267872251570225,0.017651225440204144,0.435,2380,854663,857043,865049,0.9907450329403306,0.002751289233326667,0.9879937437070039,857043,857043,False,0.11514317989349365,8.455988996133581e-05,0.0002536796698840074,11480,3480
1436,436,agreement_filtered_ema,0.2058217078447342,0.01483917748555541,0.0029177815886214375,0.436,8413,855009,863422,867788,0.9949688172687339,0.00969476415898814,0.9852740531097457,863422,863422,False,0.11514826118946075,8.453623338364145e-05,0.00025360870015092433,11488,3488
1437,437,agreement_filtered_ema,0.2569255530834198,0.01578151760622859,0.00383929000236094,0.437,7635,844379,852014,858807,0.9920901902290037,0.008890239599816956,0.9831999506291867,852014,852014,False,0.1151534840464592,8.451256201172186e-05,0.00025353768603516555,11496,3496
1438,438,agreement_filtered_ema,0.14560700580477715,0.020395347848534584,0.007035055430606008,0.438,16953,838261,855214,869348,0.98374183871131,0.01950082130516203,0.9642410174061481,855214,855214,False,0.11515878140926361,8.448887585571714e-05,0.0002534666275671514,11504,3504
1439,439,agreement_filtered_ema,0.28430603444576263,0.014573216903954744,0.01667488890234381,0.439,3324,875606,878930,884782,0.9933859413957337,0.0037568576214253905,0.9896290837743082,878930,878930,False,0.11516375094652176,8.446517492577367e-05,0.000253395524777321,11512,3512
1440,440,agreement_filtered_ema,0.23712095618247986,0.0168176107108593,0.006772135850042105,0.44,9311,864305,873616,880957,0.9916670166648316,0.010569187826420585,0.9810978288384109,873616,873616,False,0.11516851931810379,8.444145923204417e-05,0.0002533243776961325,11520,3520
1441,441,agreement_filtered_ema,0.2464822344481945,0.018660337664186954,0.01114700804464519,0.441,8419,829529,837948,850672,0.9850424135271879,0.009896881524253767,0.9751455320029342,837948,837948,False,0.11517302691936493,8.44177287846877e-05,0.0002532531863540631,11528,3528
1442,442,agreement_filtered_ema,0.12974008545279503,0.016355686355382204,0.004023943096399307,0.442,10237,858463,868700,876463,0.9911428092229791,0.011679899778998087,0.9794629094439811,868700,868700,False,0.11517773568630219,8.439398359386963e-05,0.0002531819507816089,11536,3536
1443,443,agreement_filtered_ema,0.08764316886663437,0.017205270007252693,0.006044793641194701,0.443,11899,856040,867939,880776,0.985425352189433,0.013509677829550306,0.9719156743598827,867939,867939,False,0.11518276482820511,8.437022366976163e-05,0.0002531106710092849,11544,3544
1444,444,agreement_filtered_ema,0.21778710931539536,0.022119094617664814,0.08848645957186818,0.444,3190,868067,871257,875650,0.9949831553702964,0.003643008051161994,0.9913401473191343,871257,871257,False,0.11518560349941254,8.434644902254172e-05,0.0002530393470676251,11552,3552
1445,445,agreement_filtered_ema,0.17214401811361313,0.015178136993199587,0.0051398323848843575,0.445,5858,843621,849479,856116,0.9922475458933135,0.006842530685094076,0.9854050152082194,849479,849479,False,0.1151895746588707,8.432265966239419e-05,0.00025296797898718255,11560,3560
1446,446,agreement_filtered_ema,0.25217155367136,0.017951981630176306,0.01625735219568014,0.446,5551,861489,867040,874271,0.9917291091663798,0.00634928986549937,0.9853798193008804,867040,867040,False,0.11519437283277512,8.429885559950964e-05,0.0002528965667985289,11568,3568
1447,447,agreement_filtered_ema,0.2590421512722969,0.015778344124555588,0.014502300415188074,0.447,3943,865633,869576,883984,0.983701062462669,0.004460487972632989,0.979240574490036,869576,869576,False,0.11519942432641983,8.427503684408498e-05,0.00025282511053225493,11576,3576
1448,448,agreement_filtered_ema,0.12931757047772408,0.014019093941897154,0.008520748931914568,0.448,8279,859548,867827,874528,0.9923375809579568,0.009466820959420396,0.9828707599985363,867827,867827,False,0.115204356610775,8.425120340632342e-05,0.0002527536102189702,11584,3584
1449,449,agreement_filtered_ema,0.20313852652907372,0.018135746009647846,0.009053271729499102,0.449,9046,842553,851599,857439,0.993189019860305,0.010550021634192053,0.9826389982261129,851599,851599,False,0.11520881205797195,8.422735529643444e-05,0.0002526820658893033,11592,3592
1450,450,agreement_filtered_ema,0.23002158105373383,0.01456314604729414,0.0088938158005476,0.45,9343,849870,859213,868607,0.9891849823913461,0.010756302907989458,0.9784286794833567,859213,859213,False,0.11521344631910324,8.42034925246338e-05,0.0002526104775739014,11600,3600
1451,451,agreement_filtered_ema,0.13874390348792076,0.024699795991182327,0.005280097248032689,0.451,8123,855343,863466,869418,0.9931540409791377,0.009343031775279554,0.9838110092038582,863466,863466,False,0.11521797627210617,8.417961510114356e-05,0.0002525388453034307,11608,3608
1452,452,agreement_filtered_ema,0.14748521894216537,0.019558451138436794,0.035287206061184406,0.452,4011,861665,865676,875181,0.9891393894520105,0.004583051962965375,0.9845563374890451,865676,865676,False,0.11522253602743149,8.415572303619207e-05,0.0002524671691085762,11616,3616
1453,453,agreement_filtered_ema,0.15377602726221085,0.01685676909983158,0.016665067058056593,0.453,4951,854977,859928,864779,0.9943904743292795,0.00572516215125483,0.9886653121780247,859928,859928,False,0.11522747576236725,8.413181634001391e-05,0.0002523954490200417,11624,3624
1454,454,agreement_filtered_ema,0.18500734865665436,0.01843640860170126,0.015464495867490768,0.454,13689,854688,868377,876742,0.9904589947783955,0.015613487206042371,0.9748455075723531,868377,868377,False,0.11523214727640152,8.410789502284994e-05,0.0002523236850685498,11632,3632
1455,455,agreement_filtered_ema,0.19245605915784836,0.015494629740715027,0.006343843415379524,0.455,5216,869459,874675,882129,0.9915499887204706,0.005912967377787149,0.9856370213426835,874675,874675,False,0.11523694545030594,8.408395909494733e-05,0.00025225187728484193,11640,3640
1456,456,agreement_filtered_ema,0.31236013770103455,0.014942662790417671,0.019656360149383545,0.456,12211,831755,843966,859211,0.9822569776224932,0.014211875779057763,0.9680451018434354,843966,843966,False,0.11524166911840439,8.406000856655943e-05,0.00025218002569967824,11648,3648
1457,457,agreement_filtered_ema,0.13505235314369202,0.02382430015131831,0.019580029416829348,0.457,8158,845276,853434,862107,0.9899397638576186,0.009462862498506567,0.980476901359112,853434,853434,False,0.11524592339992523,8.40360434479459e-05,0.0002521081303438377,11656,3656
1458,458,agreement_filtered_ema,0.13241435214877129,0.019865490030497313,0.1464996247086674,0.458,8256,834651,842907,855409,0.9853847691572102,0.009651523423298095,0.9757332457339121,842907,842907,False,0.11524844914674759,8.401206374937262e-05,0.00025203619124811784,11664,3664
1459,459,agreement_filtered_ema,0.17743410170078278,0.014668341726064682,0.008938550017774105,0.459,8420,860645,869065,878533,0.9892229432474363,0.009584159046956689,0.9796387842004797,869065,869065,False,0.11525219678878784,8.398806948111179e-05,0.0002519642084433354,11672,3672
1460,460,agreement_filtered_ema,0.18151210993528366,0.01946713775396347,0.019055315293371677,0.46,8765,852021,860786,872462,0.9866171821810005,0.010046282818048235,0.9765708993629522,860786,860786,False,0.11525637656450272,8.396406065344174e-05,0.00025189218196032515,11680,3680
1461,461,agreement_filtered_ema,0.21427983790636063,0.015189021360129118,0.009396437089890242,0.461,6050,865929,871979,877982,0.9931627299876308,0.0068908018615415805,0.9862719281260891,871979,871979,False,0.11526084691286087,8.39400372766471e-05,0.0002518201118299413,11688,3688
1462,462,agreement_filtered_ema,0.09468826837837696,0.019428162835538387,0.011641665827482939,0.462,6473,866698,873171,880883,0.9912451483341147,0.007348308458671583,0.9838968398754432,873171,873171,False,0.11526641249656677,8.39159993610187e-05,0.00025174799808305606,11696,3696
1463,463,agreement_filtered_ema,0.1287449300289154,0.019497403874993324,0.008809796185232699,0.463,7221,847142,854363,865786,0.9868062084625993,0.008340398204637174,0.9784658102579621,854363,854363,False,0.11527176946401596,8.389194691685367e-05,0.000251675840750561,11704,3704
1464,464,agreement_filtered_ema,0.2264823019504547,0.014906229451298714,0.02814615797251463,0.464,7426,848372,855798,865864,0.9883746177228756,0.008576404608575942,0.9797982131142997,855798,855798,False,0.1152769923210144,8.386787995445528e-05,0.0002516036398633658,11712,3712
1465,465,agreement_filtered_ema,0.1487748697400093,0.01829381287097931,0.0177662568166852,0.465,10775,838346,849121,863673,0.9831510305404939,0.01247578655347568,0.9706752439870182,849121,849121,False,0.11528198421001434,8.384379848413304e-05,0.0002515313954523991,11720,3720
1466,466,agreement_filtered_ema,0.13585065305233002,0.014723243657499552,0.01656212005764246,0.466,6839,841514,848353,861051,0.9852529060415701,0.007942618962175295,0.9773102870793948,848353,848353,False,0.11528686434030533,8.381970251620271e-05,0.0002514591075486081,11728,3728
1467,467,agreement_filtered_ema,0.20073676109313965,0.021889427676796913,0.0062003787606954575,0.467,3064,863224,866288,875492,0.989487054136417,0.0034997464282940337,0.9859873077081229,866288,866288,False,0.1152915433049202,8.379559206098624e-05,0.0002513867761829587,11736,3736
1468,468,agreement_filtered_ema,0.133618526160717,0.017363812774419785,0.006886180490255356,0.468,9696,837393,847089,858217,0.9870335824156361,0.011297841921099208,0.9757357404945369,847089,847089,False,0.11529723554849625,8.377146712881177e-05,0.00025131440138643525,11744,3744
1469,469,agreement_filtered_ema,0.20160376280546188,0.015175891574472189,0.022275723982602358,0.469,7690,842732,850422,861042,0.9876661068798037,0.008931039368579,0.9787350675112247,850422,850422,False,0.1153031438589096,8.374732773001366e-05,0.00025124198319004097,11752,3752
1470,470,agreement_filtered_ema,0.0711771622300148,0.019498445093631744,0.01061974884942174,0.47,8847,828378,837225,847436,0.987950712502183,0.010439726421818285,0.9775109860803648,837225,837225,False,0.115308977663517,8.372317387493245e-05,0.0002511695216247973,11760,3760
1471,471,agreement_filtered_ema,0.2039438635110855,0.020178320817649364,0.011526551097631454,0.471,4887,858271,863158,871570,0.9903484516447331,0.00560712277843432,0.9847413288662987,863158,863158,False,0.11531483381986618,8.36990055739149e-05,0.0002510970167217447,11768,3768
1472,472,agreement_filtered_ema,0.15320799499750137,0.022918041795492172,0.01432249741628766,0.472,7113,858702,865815,880894,0.9828821628936059,0.008074751332169365,0.9748074115614365,865815,865815,False,0.11532068997621536,8.367482283731394e-05,0.0002510244685119418,11776,3776
1473,473,agreement_filtered_ema,0.26321040093898773,0.01877085119485855,0.031591406324878335,0.473,2560,853893,856453,865061,0.9900492566420172,0.0029593288796975013,0.9870899277623196,856453,856453,False,0.11532614380121231,8.365062567548867e-05,0.00025095187702646595,11784,3784
1474,474,agreement_filtered_ema,0.1764136701822281,0.014664363581687212,0.04213084140792489,0.474,3384,849133,852517,862057,0.9889334463962359,0.003925494485863464,0.9850079519103725,852517,852517,False,0.1153307855129242,8.36264140988044e-05,0.0002508792422964132,11792,3792
1475,475,agreement_filtered_ema,0.15587961673736572,0.014692715834826231,0.0837135910987854,0.475,5593,863881,869474,885025,0.9824287449507076,0.006319595491652778,0.9761091494590548,869474,869474,False,0.1153356060385704,8.360218811763261e-05,0.0002508065643528978,11800,3800
1476,476,agreement_filtered_ema,0.10895566828548908,0.02365151885896921,0.0073964877519756556,0.476,10180,852336,862516,876167,0.984419636895706,0.01161878956865529,0.9728008473270506,862516,862516,False,0.11534074693918228,8.357794774235092e-05,0.00025073384322705274,11808,3808
1477,477,agreement_filtered_ema,0.08762290701270103,0.018540347926318645,0.0070760713424533606,0.477,11639,836904,848543,859725,0.9869935153682864,0.013538049957835354,0.973455465410451,848543,848543,False,0.1153464987874031,8.355369298334316e-05,0.00025066107895002946,11816,3816
1478,478,agreement_filtered_ema,0.1342247910797596,0.017811249010264874,0.007397885085083544,0.478,7980,863687,871667,883743,0.9863353938871369,0.009029774493263313,0.9773056193938735,871667,871667,False,0.11535247415304184,8.352942385099927e-05,0.00025058827155299775,11824,3824
1479,479,agreement_filtered_ema,0.23335251212120056,0.023206825368106365,0.029612439684569836,0.479,7480,859216,866696,876919,0.9883421387836276,0.008529864217789784,0.9798122745658379,866696,866696,False,0.11535836011171341,8.35051403557154e-05,0.00025051542106714614,11832,3832
1480,480,agreement_filtered_ema,0.18826697766780853,0.01501781539991498,0.024558464996516705,0.48,7010,850264,857274,870911,0.9843416835933867,0.008049042898757738,0.976292640694629,857274,857274,False,0.11536411195993423,8.348084250789378e-05,0.00025044252752368134,11840,3840
1481,481,agreement_filtered_ema,0.14069334790110588,0.01678707217797637,0.007638712413609028,0.481,8417,851147,859564,870724,0.9871830798278215,0.009666668197959399,0.977516411629862,859564,859564,False,0.11536974459886551,8.345653031794292e-05,0.0002503695909538287,11848,3848
1482,482,agreement_filtered_ema,0.20729910582304,0.016627070493996143,0.005608852254226804,0.482,8259,853459,861718,871161,0.9891604422144701,0.009480451948606515,0.9796799902658636,861718,861718,False,0.1153760552406311,8.343220379627732e-05,0.0002502966113888319,11856,3856
1483,483,agreement_filtered_ema,0.1420125663280487,0.018200826831161976,0.008015202824026346,0.483,3121,851726,854847,859563,0.9945134911577161,0.0036309147787887564,0.9908825763789274,854847,854847,False,0.11538198590278625,8.340786295331771e-05,0.00025022358885995314,11864,3864
1484,484,agreement_filtered_ema,0.20291390269994736,0.0181823605671525,0.02098105917684734,0.484,3771,859259,863030,868297,0.9939341031928015,0.004342984025051336,0.9895911191677502,863030,863030,False,0.11538770794868469,8.338350779949096e-05,0.0002501505233984728,11872,3872
1485,485,agreement_filtered_ema,0.08246752247214317,0.01699463790282607,0.005354939494282007,0.485,9272,848592,857864,868171,0.9881279148923426,0.010679923655593195,0.9774479912367494,857864,857864,False,0.11539329588413239,8.335913834522999e-05,0.0002500774150356899,11880,3880
1486,486,agreement_filtered_ema,0.11275779828429222,0.014384348876774311,0.012378272600471973,0.486,8924,859949,868873,878506,0.989034793160206,0.01015815486746818,0.9788766382927379,868873,868873,False,0.1153990775346756,8.333475460097394e-05,0.0002500042638029218,11888,3888
1487,487,agreement_filtered_ema,0.19775395840406418,0.015677168034017086,0.011925339233130217,0.487,4955,870591,875546,883527,0.9909668861279848,0.005608204389905458,0.9853586817380793,875546,875546,False,0.11540461331605911,8.331035657716802e-05,0.000249931069731504,11896,3896
1488,488,agreement_filtered_ema,0.19659748673439026,0.021845018956810236,0.008346601389348507,0.488,8773,831627,840400,850111,0.9885767858550236,0.010319828822353787,0.9782569570326699,840400,840400,False,0.11540970206260681,8.328594428426357e-05,0.00024985783285279067,11904,3904
1489,489,agreement_filtered_ema,0.09508813172578812,0.015009779948741198,0.010697030695155263,0.489,6068,864929,870997,876935,0.9932286885573047,0.0069195550411375985,0.9863091335161671,870997,870997,False,0.11541512608528137,8.326151773271804e-05,0.0002497845531981541,11912,3912
1490,490,agreement_filtered_ema,0.25216352939605713,0.02287471853196621,0.004158238647505641,0.49,10788,845963,856751,866492,0.9887581189439718,0.012450201502148895,0.9763079174418229,856751,856751,False,0.11542017012834549,8.3237076932995e-05,0.00024971123079898497,11920,3920
1491,491,agreement_filtered_ema,0.0788080096244812,0.015410583466291428,0.01976694632321596,0.491,14033,835232,849265,864172,0.9827499618131575,0.016238665450859318,0.9665112963622983,849265,849265,False,0.11542529612779617,8.321262189556409e-05,0.00024963786568669223,11928,3928
1492,492,agreement_filtered_ema,0.07638870552182198,0.01452966732904315,0.03311031963676214,0.492,6016,857999,864015,868997,0.994266953740922,0.0069229237845470125,0.987344029956375,864015,864015,False,0.11543009430170059,8.318815263090109e-05,0.0002495644578927032,11936,3936
1493,493,agreement_filtered_ema,0.15104525908827782,0.01767338439822197,0.009640034986659884,0.493,4576,858416,862992,872805,0.988756938835135,0.0052428663905454255,0.9835140724445895,862992,862992,False,0.1154356598854065,8.316366914948783e-05,0.00024949100744846346,11944,3944
1494,494,agreement_filtered_ema,0.23645128309726715,0.016746530309319496,0.007026998326182365,0.494,19508,836876,856384,872552,0.981470445314434,0.022357406779194823,0.9591130385352392,856384,856384,False,0.11544109880924225,8.31391714618123e-05,0.00024941751438543685,11952,3952
1495,495,agreement_filtered_ema,0.2290932685136795,0.015067885164171457,0.0068592168390750885,0.495,17997,832846,850843,865199,0.9834072854915459,0.02080099491562057,0.9626062905759253,850843,850843,False,0.11544649302959442,8.311465957836848e-05,0.0002493439787351054,11960,3960
1496,496,agreement_filtered_ema,0.1810130849480629,0.015294992364943027,0.022441551089286804,0.496,5632,848528,854160,865345,0.9870745194113331,0.00650838682837481,0.9805661325829582,854160,854160,False,0.11545147001743317,8.309013350965653e-05,0.0002492704005289696,11968,3968
1497,497,agreement_filtered_ema,0.22447369992733002,0.018395517021417618,0.006402875762432814,0.497,4358,863062,867420,876903,0.9891858050434312,0.004969762904220877,0.9842160421392104,867420,867420,False,0.11545686423778534,8.306559326618259e-05,0.00024919677979854776,11976,3976
1498,498,agreement_filtered_ema,0.20265770703554153,0.015189444180577993,0.006866549141705036,0.498,6982,845019,852001,857209,0.9939244688284887,0.008145038141223436,0.9857794306872653,852001,852001,False,0.11546280235052109,8.304103885845898e-05,0.00024912311657537687,11984,3984
1499,499,agreement_filtered_ema,0.13385005295276642,0.016062874346971512,0.009001601836644113,0.499,7837,837054,844891,857284,0.9855438804410207,0.009141661339766053,0.9764022191012547,844891,844891,False,0.11546886712312698,8.301647029700396e-05,0.00024904941089101186,11992,3992
1500,500,agreement_filtered_ema,0.0767720639705658,0.01695587206631899,0.007051206426694989,0.5,6936,852969,859905,870970,0.9872957736776238,0.007963534909353939,0.9793322387682699,859905,859905,False,0.11547485738992691,8.299188759234198e-05,0.0002489756627770259,12000,4000
1501,501,agreement_filtered_ema,0.23108243942260742,0.018380485475063324,0.0032131022308021784,0.501,5403,858991,864394,871320,0.9920511407978699,0.006200936510122572,0.9858502042877473,864394,864394,False,0.11548056453466415,8.296729075500344e-05,0.0002489018722650103,12008,4008
1502,502,agreement_filtered_ema,0.18556120991706848,0.01718277297914028,0.012108893599361181,0.502,6060,849144,855204,865800,0.9877616077616077,0.006999306999306999,0.9807623007623008,855204,855204,False,0.11548613756895065,8.294267979552489e-05,0.00024882803938657466,12016,4016
1503,503,agreement_filtered_ema,0.175902858376503,0.01580572873353958,0.005096415989100933,0.503,6787,865252,872039,880354,0.9905549358553492,0.007709398719151614,0.9828455371361975,872039,872039,False,0.11549156904220581,8.291805472444887e-05,0.0002487541641733466,12024,4024
1504,504,agreement_filtered_ema,0.2475208342075348,0.016972434241324663,0.0067426401656121016,0.504,14801,842300,857101,869518,0.9857196745783297,0.017022074298634417,0.9686976002796952,857101,857101,False,0.11549745500087738,8.289341555232395e-05,0.0002486802466569718,12032,4032
1505,505,agreement_filtered_ema,0.13431168720126152,0.015077727381139994,0.011337694246321917,0.505,18657,848886,867543,879358,0.9865640615085096,0.02121661484855997,0.9653474466599496,867543,867543,False,0.11550315469503403,8.28687622897048e-05,0.00024860628686911436,12040,4040
1506,506,agreement_filtered_ema,0.15974343568086624,0.015375396236777306,0.040373141411691904,0.506,4366,871485,875851,884139,0.9906259083696116,0.004938137555293908,0.9856877708143177,875851,875851,False,0.11550778895616531,8.284409494715208e-05,0.0002485322848414562,12048,4048
1507,507,agreement_filtered_ema,0.10850509256124496,0.015747099183499813,0.006342677399516106,0.507,3790,864389,868179,878331,0.9884417150254289,0.004315001975337316,0.9841267130500916,868179,868179,False,0.11551255732774734,8.281941353523249e-05,0.00024845824060569743,12056,4056
1508,508,agreement_filtered_ema,0.1177859678864479,0.015240473672747612,0.007990844082087278,0.508,9940,842615,852555,861281,0.9898685794763846,0.011540948888922431,0.9783276305874622,852555,852555,False,0.11551745980978012,8.279471806451878e-05,0.0002483841541935563,12064,4064
1509,509,agreement_filtered_ema,0.12723113968968391,0.016131156589835882,0.00882537616416812,0.509,6469,854312,860781,871043,0.9882187216934181,0.0074267286460025506,0.9807919930474156,860781,860781,False,0.11552231758832932,8.27700085455897e-05,0.00024831002563676903,12072,4072
1510,510,agreement_filtered_ema,0.24975304305553436,0.022598113864660263,0.021294651553034782,0.51,5048,836599,841647,853647,0.9859426671680449,0.005913451344642458,0.9800292158234024,841647,841647,False,0.11552727222442627,8.274528498903002e-05,0.00024823585496709004,12080,4080
1511,511,agreement_filtered_ema,0.21146108955144882,0.021608647890388966,0.01997478399425745,0.511,2342,840821,843163,850057,0.9918899556147411,0.002755109363254464,0.9891348462514866,843163,843163,False,0.11553289741277695,8.272054740543052e-05,0.00024816164221629154,12088,4088
1512,512,agreement_filtered_ema,0.23379364609718323,0.015885393135249615,0.012200775323435664,0.512,7312,838453,845765,857471,0.9863482263540108,0.008527402092898768,0.977820824261112,845765,845765,False,0.11553861200809479,8.269579580538801e-05,0.000248087387416164,12096,4096
1513,513,agreement_filtered_ema,0.22990159690380096,0.017774625215679407,0.016082913149148226,0.513,2950,856157,859107,866690,0.9912506201756106,0.003403754514301538,0.9878468656613091,859107,859107,False,0.11554454267024994,8.267103019950529e-05,0.00024801309059851583,12104,4104
1514,514,agreement_filtered_ema,0.24430464208126068,0.01636352762579918,0.006858514621853828,0.514,7956,858057,866013,874551,0.9902372760422206,0.009097239612098094,0.9811400364301224,866013,866013,False,0.11555040627717972,8.264625059839113e-05,0.0002479387517951733,12112,4112
1515,515,agreement_filtered_ema,0.13522013276815414,0.01784659456461668,0.007169882766902447,0.515,3995,847059,851054,862784,0.9864044766708702,0.004630359394703657,0.9817741172761665,851054,851054,False,0.11555604636669159,8.262145701266035e-05,0.000247864371037981,12120,4120
1516,516,agreement_filtered_ema,0.20172341167926788,0.015614027623087168,0.020705031231045723,0.516,4388,862591,866979,873738,0.9922642714406378,0.005022100446586963,0.9872421709940509,866979,866979,False,0.11556176096200943,8.259664945293371e-05,0.0002477899483588011,12128,4128
1517,517,agreement_filtered_ema,0.0814153142273426,0.017347031738609076,0.03435571491718292,0.517,5297,863130,868427,874736,0.992787538182949,0.006055541329040991,0.9867319968539079,868427,868427,False,0.11556703597307205,8.257182792983802e-05,0.000247715483789514,12136,4136
1518,518,agreement_filtered_ema,0.25456707179546356,0.023822613060474396,0.0107656829059124,0.518,5376,859634,865010,876025,0.9874261579292828,0.006136811164064952,0.9812893467652178,865010,865010,False,0.11557172238826752,8.254699245400601e-05,0.000247640977362018,12144,4144
1519,519,agreement_filtered_ema,0.1790611296892166,0.01645983476191759,0.03951620031148195,0.519,6900,841645,848545,863888,0.9822395958735392,0.007987146481951365,0.9742524493915878,848545,848545,False,0.11557522416114807,8.25221430360764e-05,0.00024756642910822915,12152,4152
1520,520,agreement_filtered_ema,0.20070988684892654,0.01675715297460556,0.009061119519174099,0.52,15462,839554,855016,868805,0.9841287745811776,0.01779685890389673,0.9663319156772808,855016,855016,False,0.11557883024215698,8.249727968669391e-05,0.0002474918390600817,12160,4160
1521,521,agreement_filtered_ema,0.14256300777196884,0.018552350345999002,0.007085939170792699,0.521,7468,844248,851716,859530,0.9909089851430433,0.00868846927972264,0.9822205158633206,851716,851716,False,0.11558238416910172,8.247240241650918e-05,0.0002474172072495275,12168,4168
1522,522,agreement_filtered_ema,0.14873917400836945,0.0184925626963377,0.020768983755260706,0.522,3002,845814,848816,857129,0.9903013432050485,0.0035023899553042774,0.9867989532497442,848816,848816,False,0.11558543145656586,8.244751123617888e-05,0.0002473425337085366,12176,4176
1523,523,agreement_filtered_ema,0.20576129853725433,0.016478262841701508,0.02113080769777298,0.523,5663,852841,858504,871144,0.9854903437319203,0.006500647424536012,0.9789896963073843,858504,858504,False,0.11558891832828522,8.242260615636558e-05,0.0002472678184690967,12184,4184
1524,524,agreement_filtered_ema,0.14163895696401596,0.015761179383844137,0.00847008009441197,0.524,9326,834303,843629,854202,0.9876223656699469,0.010917792278641352,0.9767045733913056,843629,843629,False,0.1155925914645195,8.239768718773782e-05,0.0002471930615632134,12192,4192
1525,525,agreement_filtered_ema,0.19230304658412933,0.02299333643168211,0.019429803360253572,0.525,6802,849644,856446,866506,0.9883901554057329,0.007849916792266874,0.9805402386134661,856446,856446,False,0.11559600383043289,8.237275434097012e-05,0.0002471182630229103,12200,4200
1526,526,agreement_filtered_ema,0.09002018347382545,0.021094092167913914,0.008738632081076503,0.526,4872,842394,847266,857441,0.9881332943024651,0.005682023602790163,0.982451270699675,847266,847266,False,0.11559996008872986,8.234780762674288e-05,0.0002470434228802286,12208,4208
1527,527,agreement_filtered_ema,0.23922379314899445,0.01543896971270442,0.01706611318513751,0.527,16817,848054,864871,880794,0.9819219931107614,0.0190930001793836,0.9628289929313778,864871,864871,False,0.11560378968715668,8.23228470557425e-05,0.0002469685411672275,12216,4216
1528,528,agreement_filtered_ema,0.1440821811556816,0.02516347961500287,0.0240519258659333,0.528,7601,857922,865523,880812,0.9826421529225305,0.008629537290590955,0.9740126156319396,865523,865523,False,0.115607351064682,8.229787263866131e-05,0.0002468936179159839,12224,4224
1529,529,agreement_filtered_ema,0.16547765582799911,0.022280496545135975,0.012045659124851227,0.529,13371,841743,855114,869520,0.9834322384764008,0.015377449627380625,0.9680547888490202,855114,855114,False,0.1156110092997551,8.227288438619754e-05,0.0002468186531585926,12232,4232
1530,530,agreement_filtered_ema,0.1321614906191826,0.01700786454603076,0.014711556024849415,0.53,13242,843981,857223,869730,0.9856196750715739,0.015225414783898451,0.9703942602876755,857223,857223,False,0.11561477929353714,8.224788230905535e-05,0.00024674364692716603,12240,4240
1531,531,agreement_filtered_ema,0.11728478223085403,0.024753205478191376,0.01165873883292079,0.531,4033,854366,858399,867831,0.9891315244557984,0.004647218179576439,0.984484306276222,858399,858399,False,0.1156187430024147,8.222286641794488e-05,0.0002466685992538346,12248,4248
1532,532,agreement_filtered_ema,0.2997570037841797,0.01860522199422121,0.015739251393824816,0.532,8112,862369,870481,881053,0.9880007218634974,0.009207164608712529,0.9787935572547849,870481,870481,False,0.11562341451644897,8.21978367235821e-05,0.0002465935101707463,12256,4256
1533,533,agreement_filtered_ema,0.1524902731180191,0.015878266654908657,0.007351599168032408,0.533,10084,854915,864999,877327,0.9859482268299049,0.011494003946077119,0.9744542228838278,864999,864999,False,0.11562874168157578,8.217279323668895e-05,0.0002465183797100668,12264,4264
1534,534,agreement_filtered_ema,0.2087143436074257,0.01815876690670848,0.007593629532493651,0.534,11965,845019,856984,871916,0.9828744970845815,0.013722652182090936,0.9691518449024906,856984,856984,False,0.11563432961702347,8.214773596799328e-05,0.0002464432079039798,12272,4272
1535,535,agreement_filtered_ema,0.15349100530147552,0.015177307650446892,0.004511854611337185,0.535,7488,855329,862817,870289,0.9914143462688831,0.008604038428613943,0.9828103078402691,862817,862817,False,0.11564008891582489,8.21226649282288e-05,0.00024636799478468637,12280,4280
1536,536,agreement_filtered_ema,0.09605884552001953,0.01728879753500223,0.012807427439838648,0.536,12959,842850,855809,866677,0.987460149513602,0.014952514027717361,0.9725076354858846,855809,855809,False,0.11564542353153229,8.209758012813516e-05,0.00024629274038440543,12288,4288
1537,537,agreement_filtered_ema,0.26368530467152596,0.01585592981427908,0.009372539352625608,0.537,8450,847137,855587,870973,0.9823346992386676,0.009701793281766484,0.9726329059569011,855587,855587,False,0.11565110832452774,8.207248157845791e-05,0.00024621744473537365,12296,4296
1538,538,agreement_filtered_ema,0.1771119013428688,0.016351862344890833,0.010363518551457673,0.538,5521,858298,863819,870397,0.9924425290987906,0.006343082524411275,0.9860994465743793,863819,863819,False,0.11565641313791275,8.204736928994843e-05,0.00024614210786984525,12304,4304
1539,539,agreement_filtered_ema,0.29382750391960144,0.016413148026913404,0.024022705270908773,0.539,4475,849244,853719,868322,0.9831825060288695,0.005153618127837369,0.9780288879010322,853719,853719,False,0.11566081643104553,8.202224327336405e-05,0.00024606672982009214,12312,4312
1540,540,agreement_filtered_ema,0.15548642724752426,0.017607280053198338,0.009351810906082392,0.54,12755,833348,846103,861356,0.9822918746720287,0.014808046847064396,0.9674838278249643,846103,846103,False,0.11566506326198578,8.199710353946798e-05,0.0002459913106184039,12320,4320
1541,541,agreement_filtered_ema,0.13876686617732048,0.016624403186142445,0.045994087122380733,0.541,6137,852451,858588,869282,0.9876978932038165,0.007059849392947283,0.9806380438108692,858588,858588,False,0.11566806584596634,8.197195009902924e-05,0.00024591585029708766,12328,4328
1542,542,agreement_filtered_ema,0.13296624273061752,0.01814927253872156,0.009405010379850864,0.542,7568,847121,854689,866353,0.9865366657701884,0.00873546926022072,0.9778011965099677,854689,854689,False,0.11567096412181854,8.19467829628228e-05,0.00024584034888846835,12336,4336
1543,543,agreement_filtered_ema,0.19024725258350372,0.014528822153806686,0.010330889839679003,0.543,4179,832989,837168,845587,0.9900436028463068,0.004942128958936218,0.9851014738873706,837168,837168,False,0.1156739816069603,8.192160214162942e-05,0.0002457648064248882,12344,4344
1544,544,agreement_filtered_ema,0.12343988567590714,0.017760786693543196,0.030811105389147997,0.544,5875,857731,863606,872733,0.989542047796978,0.006731726656377151,0.9828103211406009,863606,863606,False,0.11567619442939758,8.189640764623584e-05,0.0002456892229387075,12352,4352
1545,545,agreement_filtered_ema,0.19598054140806198,0.015538781881332397,0.00421002006623894,0.545,11027,852967,863994,873875,0.9886928908596767,0.01261850951223001,0.9760743813474467,863994,863994,False,0.1156783476471901,8.18711994874345e-05,0.0002456135984623034,12360,4360
1546,546,agreement_filtered_ema,0.16593575477600098,0.016250165179371834,0.013909302186220884,0.546,10579,862288,872867,885531,0.9856989760945692,0.01194650441373594,0.9737524716808333,872867,872867,False,0.1156814768910408,8.18459776760238e-05,0.00024553793302807135,12368,4368
1547,547,agreement_filtered_ema,0.2167884260416031,0.021030250936746597,0.007800441700965166,0.547,5654,866043,871697,879228,0.991434531202373,0.0064306414263422,0.9850038897760308,871697,871697,False,0.11568482220172882,8.182074222280798e-05,0.0002454622266684239,12376,4376
1548,548,agreement_filtered_ema,0.13663387671113014,0.019626001827418804,0.008872137870639563,0.548,7478,861830,869308,875220,0.9932451269395124,0.008544137474006536,0.9847009894655058,869308,869308,False,0.11568856984376907,8.17954931385971e-05,0.00024538647941579124,12384,4384
1549,549,agreement_filtered_ema,0.172725647687912,0.015624019782990217,0.015621519647538662,0.549,13275,847270,860545,874075,0.9845207791093442,0.015187483911563653,0.9693332951977806,860545,860545,False,0.11569390445947647,8.177023043420705e-05,0.0002453106913026211,12392,4392
1550,550,agreement_filtered_ema,0.186489537358284,0.017212035600095987,0.009946176782250404,0.55,15238,835945,851183,865380,0.983594490281726,0.01760844946728605,0.96598604081444,851183,851183,False,0.11569909006357193,8.17449541204596e-05,0.00024523486236137875,12400,4400
1551,551,agreement_filtered_ema,0.1287163458764553,0.015991701744496822,0.013198330532759428,0.551,4769,858325,863094,871709,0.9901171147710991,0.0054708624093590865,0.98464625236174,863094,863094,False,0.11570418626070023,8.171966420818228e-05,0.0002451589926245468,12408,4408
1552,552,agreement_filtered_ema,0.18113407492637634,0.017138490453362465,0.00572467315942049,0.552,11947,849992,861939,872878,0.987467893565882,0.013686906990438527,0.9737809865754435,861939,861939,False,0.115709088742733,8.169436070820852e-05,0.0002450830821246255,12416,4416
1553,553,agreement_filtered_ema,0.09190557152032852,0.017719656694680452,0.023860786110162735,0.553,4096,860924,865020,869528,0.9948155781067429,0.004710601613749068,0.9901049764929939,865020,865020,False,0.11571346968412399,8.16690436313775e-05,0.0002450071308941325,12424,4424
1554,554,agreement_filtered_ema,0.181731715798378,0.016535541508346796,0.011474781902506948,0.554,5475,863967,869442,878677,0.9894898808094442,0.006230958588878507,0.9832589222205657,869442,869442,False,0.11571750044822693,8.16437129885343e-05,0.0002449311389656029,12432,4432
1555,555,agreement_filtered_ema,0.21320697665214539,0.01991301402449608,0.00968104146886617,0.555,3190,862239,865429,875564,0.9884246040266617,0.0036433658761666765,0.984781238150495,865429,865429,False,0.1157214343547821,8.161836879052973e-05,0.00024485510637158915,12440,4440
1556,556,agreement_filtered_ema,0.1237155981361866,0.019149694591760635,0.003914654138498008,0.556,15970,850574,866544,877968,0.9869881362418675,0.018189729010624534,0.968798407231243,866544,866544,False,0.11572529375553131,8.159301104822043e-05,0.00024477903314466126,12448,4448
1557,557,agreement_filtered_ema,0.26829617470502853,0.02319828700274229,0.02502041240222752,0.557,6964,851800,858764,870989,0.9859642314656097,0.007995508554068996,0.9779687229115408,858764,858764,False,0.11572865396738052,8.156763977246889e-05,0.00024470291931740667,12456,4456
1558,558,agreement_filtered_ema,0.2101525068283081,0.02269433345645666,0.009965611156076193,0.558,9857,854238,864095,878249,0.9838838415984533,0.0112234685151933,0.97266037308326,864095,864095,False,0.11573219299316406,8.154225497414332e-05,0.00024462676492242993,12464,4464
1559,559,agreement_filtered_ema,0.10764889419078827,0.024382995441555977,0.006555474596098065,0.559,7881,841414,849295,861463,0.9858751913895315,0.009148390586711212,0.9767268008028204,849295,849295,False,0.11573584377765656,8.151685666411779e-05,0.00024455056999235335,12472,4472
1560,560,agreement_filtered_ema,0.14994865283370018,0.01755880657583475,0.00475243222899735,0.56,10818,860154,870972,878646,0.9912661071694403,0.012312125702501349,0.9789539814669389,870972,870972,False,0.11573965102434158,8.14914448532721e-05,0.00024447433455981627,12480,4480
1561,561,agreement_filtered_ema,0.1799083687365055,0.01729042548686266,0.004495993023738265,0.561,14606,838467,853073,861952,0.9896989623552124,0.016945259132759134,0.9727537032224532,853073,853073,False,0.11574351042509079,8.146601955249188e-05,0.0002443980586574756,12488,4488
1562,562,agreement_filtered_ema,0.13713296502828598,0.017299932427704334,0.005716428393498063,0.562,5548,869801,875349,885507,0.9885286056462569,0.006265337258768141,0.9822632683874888,875349,875349,False,0.11574739217758179,8.144058077266852e-05,0.0002443217423180055,12496,4496
1563,563,agreement_filtered_ema,0.1291446015238762,0.01796458661556244,0.0060822495725005865,0.563,7362,846390,853752,864660,0.9873846367358268,0.00851432933176046,0.9788703074040663,853752,853752,False,0.11575214564800262,8.141512852469919e-05,0.00024424538557409753,12504,4504
1564,564,agreement_filtered_ema,0.18661391735076904,0.01715688221156597,0.009705186355859041,0.564,6762,840874,847636,863142,0.982035400895797,0.0078341686535935,0.9742012322422035,847636,847636,False,0.11575687676668167,8.138966281948681e-05,0.0002441689884584604,12512,4512
1565,565,agreement_filtered_ema,0.19830156117677689,0.018922200426459312,0.007087667006999254,0.565,8311,847274,855585,865687,0.9883306553061326,0.009600467605497136,0.9787301877006355,855585,855585,False,0.11576122790575027,8.136418366794008e-05,0.00024409255100382021,12520,4520
1566,566,agreement_filtered_ema,0.13754480332136154,0.017926673404872417,0.004620205610990524,0.566,8373,845713,854086,863346,0.9892742886397806,0.009698313306600134,0.9795759753331804,854086,854086,False,0.11576525866985321,8.133869108097348e-05,0.0002440160732429204,12528,4528
1567,567,agreement_filtered_ema,0.23351320624351501,0.016313865315169096,0.04409479722380638,0.567,10202,849424,859626,881171,0.975549581182313,0.011577775482851795,0.9639718056994613,859626,859626,False,0.11576783657073975,8.13131850695072e-05,0.00024393955520852158,12536,4536
1568,568,agreement_filtered_ema,0.15859412401914597,0.01705886935815215,0.012599572073668242,0.568,4977,860492,865469,879095,0.9844999687178291,0.005661504160528725,0.9788384645573004,865469,865469,False,0.1157703548669815,8.128766564446724e-05,0.00024386299693340168,12544,4544
1569,569,agreement_filtered_ema,0.23147989809513092,0.016453238669782877,0.009127859026193619,0.569,9115,823714,832829,839204,0.9924035157125085,0.010861483024389778,0.9815420326881188,832829,832829,False,0.11577274650335312,8.126213281678528e-05,0.00024378639845035579,12552,4552
1570,570,agreement_filtered_ema,0.0982542522251606,0.019405294209718704,0.06722368788905442,0.57,6525,860433,866958,879559,0.9856735022892154,0.007418490402576746,0.9782550118866387,866958,866958,False,0.11577457189559937,8.123658659739874e-05,0.0002437097597921962,12560,4560
1571,571,agreement_filtered_ema,0.14230165258049965,0.020849091466516256,0.017323378939181566,0.571,8396,838558,846954,859347,0.9855785846695223,0.009770209240271974,0.9758083754292504,846954,846954,False,0.11577640473842621,8.121102699725089e-05,0.00024363308099175266,12568,4568
1572,572,agreement_filtered_ema,0.24235940724611282,0.019651314243674278,0.016871694708243012,0.572,7256,835338,842594,850992,0.9901315171000432,0.00852651963825747,0.9816049974617858,842594,842594,False,0.11577856540679932,8.118545402729059e-05,0.00024355636208187175,12576,4576
1573,573,agreement_filtered_ema,0.24320340901613235,0.023029526695609093,0.007602602010592818,0.573,10013,839281,849294,862114,0.9851295768309064,0.011614473259916902,0.9735151035709895,849294,849294,False,0.11578105390071869,8.115986769847252e-05,0.00024347960309541755,12584,4584
1574,574,agreement_filtered_ema,0.23965955153107643,0.0175187261775136,0.005426917225122452,0.574,6906,848887,855793,862170,0.9926035468643075,0.00801002122551237,0.9845935256387951,855793,855793,False,0.11578437685966492,8.113426802175704e-05,0.00024340280406527106,12592,4592
1575,575,agreement_filtered_ema,0.21655244380235672,0.015259540639817715,0.01999547705054283,0.575,10162,842502,852664,868690,0.981551531616572,0.011698074111593319,0.9698534575049788,852664,852664,False,0.11578729748725891,8.11086550081102e-05,0.0002433259650243306,12600,4600
1576,576,agreement_filtered_ema,0.2500758618116379,0.01892236340790987,0.009062916273251176,0.576,15475,843539,859014,874919,0.9818211743029926,0.017687351629122237,0.9641338226738704,859014,859014,False,0.11579036712646484,8.108302866850387e-05,0.00024324908600551162,12608,4608
1577,577,agreement_filtered_ema,0.10461518913507462,0.01841846713796258,0.01548163965344429,0.577,11041,855891,866932,875057,0.9907148905728427,0.012617463776645407,0.9780974267961973,866932,866932,False,0.11579369008541107,8.105738901391552e-05,0.00024317216704174653,12616,4616
1578,578,agreement_filtered_ema,0.19113793969154358,0.01865106262266636,0.012229886371642351,0.578,4844,854312,859156,868368,0.9893915943470971,0.005578280176146519,0.9838133141709505,859156,859156,False,0.11579717695713043,8.103173605532837e-05,0.00024309520816598508,12624,4624
1579,579,agreement_filtered_ema,0.1401081122457981,0.018877163529396057,0.006014305632561445,0.579,3715,850152,853867,858978,0.9940499058183097,0.004324907040692544,0.9897249987776171,853867,853867,False,0.11580082774162292,8.100606980373133e-05,0.00024301820941119396,12632,4632
1580,580,agreement_filtered_ema,0.17442557215690613,0.01515919715166092,0.009743841597810388,0.58,3472,836721,840193,849959,0.9885100340134053,0.004084902918846674,0.9844251310945586,840193,840193,False,0.1158052608370781,8.098039027011901e-05,0.000242941170810357,12640,4640
1581,581,agreement_filtered_ema,0.11886361241340637,0.01658184127882123,0.010807349812239408,0.581,6821,836594,843415,859652,0.9811121244410529,0.007934606096420412,0.9731775183446325,843415,843415,False,0.11580995470285416,8.095469746549172e-05,0.0002428640923964751,12648,4648
1582,582,agreement_filtered_ema,0.13760723918676376,0.014732981566339731,0.004168532555922866,0.582,6966,839280,846246,853442,0.9915682612292341,0.00816224183951575,0.9834060193897184,846246,846246,False,0.11581498384475708,8.09289914008554e-05,0.00024278697420256615,12656,4656
1583,583,agreement_filtered_ema,0.12480837851762772,0.01970956102013588,0.012984362663701177,0.583,8097,846041,854138,865853,0.9864699897095697,0.009351471901119474,0.9771185178084502,854138,854138,False,0.11581932008266449,8.090327208722175e-05,0.00024270981626166522,12664,4664
1584,584,agreement_filtered_ema,0.14298485219478607,0.01773293223232031,0.011957675218582153,0.584,4689,852319,857008,863697,0.9922553858586981,0.005428987249000518,0.9868263986096976,857008,857008,False,0.11582347750663757,8.087753953560808e-05,0.00024263261860682422,12672,4672
1585,585,agreement_filtered_ema,0.1517569124698639,0.01783969672396779,0.010531464824452996,0.585,3202,855578,858780,864203,0.993724853998424,0.003705147980277782,0.9900197060181462,858780,858780,False,0.11582779139280319,8.085179375703744e-05,0.0002425553812711123,12680,4680
1586,586,agreement_filtered_ema,0.2825476676225662,0.014925613068044186,0.09057536162436008,0.586,3821,841423,845244,854942,0.9886565404436792,0.004469309029150516,0.9841872314145287,845244,845244,False,0.1158299371600151,8.082603476253847e-05,0.00024247810428761537,12688,4688
1587,587,agreement_filtered_ema,0.07754500582814217,0.019296847749501467,0.019469148013740778,0.587,5813,849409,855222,872463,0.9802387035324134,0.006662746729660742,0.9735759568027527,855222,855222,False,0.11583234369754791,8.08002625631455e-05,0.00024240078768943647,12696,4696
1588,588,agreement_filtered_ema,0.12284938246011734,0.017936838325113058,0.035488579189404845,0.588,8301,843627,851928,867908,0.9815879102393341,0.009564377791194458,0.9720235324481397,851928,851928,False,0.11583446711301804,8.077447716989855e-05,0.0002423234315096956,12704,4704
1589,589,agreement_filtered_ema,0.19966845959424973,0.015319492667913437,0.0068167822901159525,0.589,5898,860308,866206,873217,0.991971067901793,0.006754334833151439,0.9852167330686415,866206,866206,False,0.11583712697029114,8.074867859384322e-05,0.00024224603578152962,12712,4712
1590,590,agreement_filtered_ema,0.12970616668462753,0.01673528691753745,0.008698563789948821,0.59,9003,834608,843611,850904,0.9914291153878698,0.010580512020157385,0.9808486033677124,843611,843611,False,0.11584033071994781,8.072286684603085e-05,0.0002421686005380925,12720,4720
1591,591,agreement_filtered_ema,0.18963436782360077,0.017023594118654728,0.015672066248953342,0.591,7860,846768,854628,862453,0.9909270418214094,0.009113540100156182,0.9818135017212533,854628,854628,False,0.11584411561489105,8.069704193751832e-05,0.00024209112581255495,12728,4728
1592,592,agreement_filtered_ema,0.20042099058628082,0.01910633873194456,0.007310836459510028,0.592,13357,833733,847090,857319,0.9880686185655514,0.015579964983862483,0.972488653581689,847090,847090,False,0.11584794521331787,8.067120387936826e-05,0.00024201361163810476,12736,4736
1593,593,agreement_filtered_ema,0.24486364424228668,0.016958268359303474,0.005847254651598632,0.593,27219,848217,875436,892174,0.9812390856492119,0.030508622757444176,0.9507304628917678,875436,875436,False,0.11585179716348648,8.064535268264883e-05,0.00024193605804794646,12744,4744
1594,594,agreement_filtered_ema,0.1643424779176712,0.016388744115829468,0.009094365406781435,0.594,7980,851208,859188,872196,0.9850859210544419,0.009149319648335924,0.9759366014061059,859188,859188,False,0.11585689336061478,8.061948835843387e-05,0.00024185846507530158,12752,4752
1595,595,agreement_filtered_ema,0.1377864107489586,0.014516988769173622,0.005423568654805422,0.595,4387,846351,850738,857924,0.9916239666916883,0.0051135065576904245,0.9865104601339979,850738,850738,False,0.11586208641529083,8.059361091780286e-05,0.00024178083275340853,12760,4760
1596,596,agreement_filtered_ema,0.14545293152332306,0.014312447980046272,0.009969417937099934,0.596,12691,845856,858547,869489,0.987415596977075,0.014595929333206055,0.972819667643869,858547,858547,False,0.11586716026067734,8.056772037184082e-05,0.00024170316111552244,12768,4768
1597,597,agreement_filtered_ema,0.20313183963298798,0.020950142294168472,0.028837256133556366,0.597,8210,846324,854534,863404,0.989726709628401,0.009508874177094385,0.9802178354513067,854534,854534,False,0.11587133258581161,8.05418167316385e-05,0.00024162545019491545,12776,4776
1598,598,agreement_filtered_ema,0.20917338132858276,0.020029394887387753,0.011254587094299495,0.598,5561,854910,860471,866399,0.9931578868396662,0.006418520796999997,0.9867393660426662,860471,860471,False,0.11587530374526978,8.051590000829216e-05,0.00024154770002487644,12784,4784
1599,599,agreement_filtered_ema,0.18779115565121174,0.015727590769529343,0.0408336129039526,0.599,9993,829247,839240,854278,0.982396831008173,0.011697597269273,0.9706992337389,839240,839240,False,0.11587854474782944,8.04899702129037e-05,0.00024146991063871107,12792,4792
1600,600,agreement_filtered_ema,0.08083467185497284,0.014826943166553974,0.011603140737861395,0.6,10311,839154,849465,867694,0.9789914416833584,0.011883221504355222,0.9671082201790032,849465,849465,False,0.1158817708492279,8.046402735658063e-05,0.00024139208206974187,12800,4800
1601,601,agreement_filtered_ema,0.23423504829406738,0.019862516783177853,0.008362671826034784,0.601,5493,832511,838004,847995,0.9882180909085548,0.006477632533210691,0.9817404583753442,838004,838004,False,0.1158856526017189,8.043807145043604e-05,0.00024131421435130807,12808,4808
1602,602,agreement_filtered_ema,0.1524301953613758,0.01950562885031104,0.01149587519466877,0.602,8190,846278,854468,863703,0.9893076671031593,0.009482426250690342,0.9798252408524689,854468,854468,False,0.11588920652866364,8.041210250558861e-05,0.0002412363075167658,12816,4816
1603,603,agreement_filtered_ema,0.14095735549926758,0.01839879248291254,0.01322478847578168,0.603,13605,848437,862042,873536,0.9868419847607883,0.015574630009524507,0.9712673547512638,862042,862042,False,0.11589261889457703,8.038612053316265e-05,0.0002411583615994879,12824,4824
1604,604,agreement_filtered_ema,0.15457500517368317,0.02223693858832121,0.0059307171031832695,0.604,10050,857349,867399,878467,0.987400778856804,0.011440384214774146,0.9759603946420298,867399,867399,False,0.11589597165584564,8.036012554428796e-05,0.00024108037663286383,12832,4832
1605,605,agreement_filtered_ema,0.23236385732889175,0.018532506190240383,0.008504192344844341,0.605,9074,856423,865497,874963,0.9891812568074307,0.010370724247768191,0.9788105325596625,865497,865497,False,0.11589951068162918,8.033411755009999e-05,0.00024100235265029992,12840,4840
1606,606,agreement_filtered_ema,0.13471290469169617,0.01658514328300953,0.015798188745975494,0.606,6177,859481,865658,874374,0.990031725554511,0.0070644827041975175,0.9829672428503134,865658,865658,False,0.11590339243412018,8.030809656173974e-05,0.0002409242896852192,12848,4848
1607,607,agreement_filtered_ema,0.2561746686697006,0.017292029224336147,0.009578810073435307,0.607,7908,838115,846023,855314,0.9891373226674648,0.00924572730014942,0.9798915953673154,846023,846023,False,0.11590750515460968,8.028206259035377e-05,0.0002408461877710613,12856,4856
1608,608,agreement_filtered_ema,0.14306359365582466,0.018129896838217974,0.012657569954171777,0.608,8158,854047,862205,872217,0.9885212051588079,0.009353177019021643,0.9791680281397863,862205,862205,False,0.11591139435768127,8.025601564709421e-05,0.00024076804694128263,12864,4864
1609,609,agreement_filtered_ema,0.12651199847459793,0.014972080942243338,0.00731815374456346,0.609,9965,848248,858213,866230,0.9907449522644102,0.01150387310529536,0.9792410791591147,858213,858213,False,0.1159161925315857,8.022995574311876e-05,0.00024068986722935624,12872,4872
1610,610,agreement_filtered_ema,0.1423473209142685,0.02068567741662264,0.00975008332170546,0.61,19944,824291,844235,864032,0.977087654160957,0.023082478426724937,0.954005175734232,844235,844235,False,0.11592039465904236,8.020388288959061e-05,0.0002406116486687718,12880,4880
1611,611,agreement_filtered_ema,0.20152844488620758,0.02078582439571619,0.0061640008352696896,0.611,9483,835799,845282,857770,0.9854413187684344,0.011055411124194132,0.9743859076442403,845282,845282,False,0.11592420935630798,8.017779709767858e-05,0.0002405333912930357,12888,4888
1612,612,agreement_filtered_ema,0.1268124207854271,0.014465782325714827,0.013057255418971181,0.612,4916,846389,851305,857665,0.9925845172648995,0.005731841686439344,0.9868526755784601,851305,851305,False,0.11592801660299301,8.015169837855698e-05,0.00024045509513567092,12896,4896
1613,613,agreement_filtered_ema,0.20753563940525055,0.020774153992533684,0.00828322977758944,0.613,9708,853763,863471,874423,0.9874751693402393,0.011102178236391312,0.9763729911038479,863471,863471,False,0.11593154072761536,8.012558674340566e-05,0.00024037676023021696,12904,4904
1614,614,agreement_filtered_ema,0.19380134344100952,0.017553197219967842,0.010030913632363081,0.614,3107,864333,867440,876497,0.9896668214494745,0.003544792509272707,0.9861220289402017,867440,867440,False,0.1159350797533989,8.009946220341007e-05,0.00024029838661023017,12912,4912
1615,615,agreement_filtered_ema,0.13731281831860542,0.017352995462715626,0.004507736768573523,0.615,8396,847121,855517,867589,0.9860855773874496,0.009677393327946758,0.9764081840595028,855517,855517,False,0.11593841761350632,8.007332476976106e-05,0.00024021997430928314,12920,4920
1616,616,agreement_filtered_ema,0.1294039860367775,0.014905101619660854,0.0017555557424202561,0.616,7296,849249,856545,862035,0.9936313490751536,0.0084636934695227,0.9851676556056309,856545,856545,False,0.11594200134277344,8.004717445365512e-05,0.00024014152336096535,12928,4928
1617,617,agreement_filtered_ema,0.131317637860775,0.018561162520200014,0.01653497153893113,0.617,7550,859201,866751,877205,0.9880826032683352,0.008606882085715426,0.9794757211826198,866751,866751,False,0.11594546586275101,8.002101126629421e-05,0.0002400630337988826,12936,4936
1618,618,agreement_filtered_ema,0.140207689255476,0.014734587632119656,0.003921180497854948,0.618,5958,847448,853406,863381,0.988446583837263,0.006900777292991159,0.9815458065442719,853406,853406,False,0.11594937741756439,7.99948352188858e-05,0.00023998450565665736,12944,4944
1619,619,agreement_filtered_ema,0.23378299921751022,0.014311428181827068,0.009513645898550749,0.619,26216,819932,846148,863194,0.9802524113930356,0.030370924728392458,0.9498814866646432,846148,846148,False,0.11595311760902405,7.996864632264287e-05,0.00023990593896792858,12952,4952
1620,620,agreement_filtered_ema,0.2019556164741516,0.014589941129088402,0.0061947962967678905,0.62,8718,860938,869656,885261,0.9823724302776243,0.009847943148969626,0.9725244871286547,869656,869656,False,0.11595708131790161,7.994244458878392e-05,0.00023982733376635173,12960,4960
1621,621,agreement_filtered_ema,0.17873772978782654,0.017895075492560863,0.012590572470799088,0.621,4498,851294,855792,867321,0.9867073436478535,0.00518608450619782,0.9815212591416558,855792,855792,False,0.11596086621284485,7.991623002853296e-05,0.00023974869008559885,12968,4968
1622,622,agreement_filtered_ema,0.18832333385944366,0.01749562844634056,0.006622985703870654,0.622,10431,840786,851217,868427,0.9801825599618621,0.012011372285753438,0.9681711876761087,851217,851217,False,0.11596477776765823,7.989000265311945e-05,0.0002396700079593583,12976,4976
1623,623,agreement_filtered_ema,0.14017032086849213,0.022059597074985504,0.0039845077553763986,0.623,15758,833705,849463,867817,0.9788503797459602,0.0181582061655856,0.9606921735803746,849463,849463,False,0.11596836894750595,7.986376247377836e-05,0.00023959128742133504,12984,4984
1624,624,agreement_filtered_ema,0.22233955562114716,0.01596310082823038,0.002404760627541691,0.624,8236,842377,850613,860131,0.9889342437372912,0.009575285625096642,0.9793589581121945,850613,850613,False,0.11597251892089844,7.983750950175016e-05,0.00023951252850525046,12992,4992
1625,625,agreement_filtered_ema,0.18842124193906784,0.016016711480915546,0.008755283895879984,0.625,7210,835031,842241,856337,0.9835391907625152,0.008419582477459225,0.975119608285056,842241,842241,False,0.11597692221403122,7.98112437482808e-05,0.00023943373124484234,13000,5000
1626,626,agreement_filtered_ema,0.24299830198287964,0.014296064153313637,0.007852567243389785,0.626,5978,862153,868131,874095,0.9931769430096271,0.006839073556078001,0.9863378694535491,868131,868131,False,0.11598142236471176,7.978496522462167e-05,0.000239354895673865,13008,5008
1627,627,agreement_filtered_ema,0.24714460968971252,0.018070018850266933,0.005450179101899266,0.627,7192,866871,874063,883122,0.9897420741415116,0.008143835166602123,0.9815982389749095,874063,874063,False,0.11598589271306992,7.975867394202968e-05,0.00023927602182608902,13016,5016
1628,628,agreement_filtered_ema,0.12651893869042397,0.01705493265762925,0.0046836319379508495,0.628,7616,863959,871575,879388,0.9911154120820389,0.008660568486265448,0.9824548435957734,871575,871575,False,0.11599050462245941,7.973236991176715e-05,0.00023919710973530143,13024,5024
1629,629,agreement_filtered_ema,0.14495757222175598,0.018421439453959465,0.005246767948847264,0.629,8042,831011,839053,850554,0.9864782247805548,0.009455014026152366,0.9770232107544025,839053,839053,False,0.11599501222372055,7.970605314510194e-05,0.00023911815943530577,13032,5032
1630,630,agreement_filtered_ema,0.1244238093495369,0.017044033389538527,0.00289805477950722,0.63,5702,844505,850207,861825,0.9865193049633046,0.006616192382444232,0.9799031125808604,850207,850207,False,0.1159994900226593,7.967972365330725e-05,0.0002390391709599217,13040,5040
1631,631,agreement_filtered_ema,0.17816034331917763,0.015192767605185509,0.019192920997738838,0.631,6919,849209,856128,872329,0.9814278787017283,0.007931640470510553,0.9734962382312178,856128,856128,False,0.11600346863269806,7.965338144766186e-05,0.00023896014434298554,13048,5048
1632,632,agreement_filtered_ema,0.12267350405454636,0.01764704193919897,0.004274101695045829,0.632,9841,835270,845111,859949,0.982745488395242,0.011443701893949524,0.9713017865012925,845111,845111,False,0.1160072386264801,7.96270265394499e-05,0.00023888107961834968,13056,5056
1633,633,agreement_filtered_ema,0.19499831646680832,0.019609847106039524,0.011529681039974093,0.633,17489,813201,830690,843144,0.9852290949114267,0.020742601501048456,0.9644864934103783,830690,830690,False,0.11601080745458603,7.960065893996098e-05,0.00023880197681988292,13064,5064
1634,634,agreement_filtered_ema,0.19988736510276794,0.02037959359586239,0.006518814712762833,0.634,12294,832885,845179,857385,0.9857636884246866,0.014338949246837769,0.9714247391778489,845179,845179,False,0.11601453274488449,7.957427866049014e-05,0.0002387228359814704,13072,5072
1635,635,agreement_filtered_ema,0.23453979939222336,0.016191258560866117,0.012347141746431589,0.635,8109,858143,866252,874282,0.9908153204572437,0.009275039403762174,0.9815402810534816,866252,866252,False,0.11601802706718445,7.954788571233787e-05,0.00023864365713701356,13080,5080
1636,636,agreement_filtered_ema,0.21577998250722885,0.015491090714931488,0.00409265945199877,0.636,11055,848901,859956,873474,0.984523866766498,0.012656358403341141,0.9718675083631568,859956,859956,False,0.11602164059877396,7.952148010681006e-05,0.00023856444032043016,13088,5088
1637,637,agreement_filtered_ema,0.1756621152162552,0.016648031771183014,0.0022675448562949896,0.637,5551,837059,842610,850497,0.9907265986828878,0.006526771993316849,0.984199826689571,842610,842610,False,0.1160251572728157,7.949506185521802e-05,0.00023848518556565405,13096,5096
1638,638,agreement_filtered_ema,0.14335232228040695,0.016269356478005648,0.004684720537625253,0.638,4766,839656,844422,851549,0.9916305462163657,0.005596859370394423,0.9860336868459713,844422,844422,False,0.11602861434221268,7.946863096887851e-05,0.0002384058929066355,13104,5104
1639,639,agreement_filtered_ema,0.11936056241393089,0.01597182359546423,0.009582327911630273,0.639,13060,827610,840670,854785,0.9834870756973976,0.01527869581239727,0.9682083798850003,840670,840670,False,0.11603248864412308,7.944218745911366e-05,0.00023832656237734098,13112,5112
1640,640,agreement_filtered_ema,0.14602123945951462,0.01652464736253023,0.008638015482574701,0.64,10734,851205,861939,873984,0.986218283172232,0.012281689367311072,0.9739365938049209,861939,861939,False,0.11603633314371109,7.941573133725106e-05,0.00023824719401175317,13120,5120
1641,641,agreement_filtered_ema,0.2171153575181961,0.01556043280288577,0.010666893562301993,0.641,7949,844763,852712,864673,0.9861670249909503,0.009193070675272617,0.9769739543156777,852712,852712,False,0.11604032665491104,7.938926261462366e-05,0.00023816778784387094,13128,5128
1642,642,agreement_filtered_ema,0.08672680705785751,0.019657487981021404,0.008550179656594992,0.642,2899,859261,862160,867787,0.9935156899100817,0.003340681526688001,0.9901750083833937,862160,862160,False,0.11604442447423935,7.93627813025698e-05,0.00023808834390770937,13136,5136
1643,643,agreement_filtered_ema,0.1771480217576027,0.0190194109454751,0.00297026289626956,0.643,9489,856806,866295,877589,0.9871306499967525,0.010812578553286333,0.9763180714434662,866295,866295,False,0.11604911834001541,7.933628741243326e-05,0.00023800886223729976,13144,5144
1644,644,agreement_filtered_ema,0.13338754326105118,0.022112004458904266,0.006254006177186966,0.644,3992,857702,861694,865408,0.9957083826357048,0.004612853128235468,0.9910955295074693,861694,861694,False,0.11605344712734222,7.930978095556317e-05,0.00023792934286668945,13152,5152
1645,645,agreement_filtered_ema,0.1262974515557289,0.01491232868283987,0.0044540222734212875,0.645,5012,864719,869731,877119,0.9915769696016162,0.00571416193241738,0.9858628076691989,869731,869731,False,0.11605829000473022,7.928326194331404e-05,0.00023784978582994207,13160,5160
1646,646,agreement_filtered_ema,0.24089597165584564,0.013986137695610523,0.006985828396864235,0.646,5121,850229,855350,862256,0.9919907776808744,0.005939071459056243,0.9860517062218181,855350,855350,False,0.11606275290250778,7.92567303870458e-05,0.00023777019116113737,13168,5168
1647,647,agreement_filtered_ema,0.14605216309428215,0.024471820332109928,0.0033959681168198586,0.647,8932,847336,856268,866382,0.9883261655943913,0.010309540133566948,0.9780166254608245,856268,856268,False,0.11606685072183609,7.923018629812368e-05,0.00023769055889437103,13176,5176
1648,648,agreement_filtered_ema,0.18746695667505264,0.015028669964522123,0.014945863280445337,0.648,4990,849533,854523,863235,0.9899077308033154,0.005780581185887968,0.9841271496174274,854523,854523,False,0.11607091128826141,7.920362968791839e-05,0.00023761088906375515,13184,5184
1649,649,agreement_filtered_ema,0.16916412115097046,0.014037461951375008,0.006322190980426967,0.649,3110,855155,858265,864722,0.9925328602718562,0.003596531602064016,0.9889363286697921,858265,858265,False,0.11607497185468674,7.917706056780587e-05,0.00023753118170341758,13192,5192
1650,650,agreement_filtered_ema,0.17517070472240448,0.016948520205914974,0.015046288492158055,0.65,7023,857405,864428,876872,0.9858086471001469,0.008009150708427228,0.9777994963917197,864428,864428,False,0.11607874929904938,7.915047894916756e-05,0.00023745143684750263,13200,5200
1651,651,agreement_filtered_ema,0.06041109561920166,0.014779919758439064,0.004194523673504591,0.651,9134,853047,862181,871552,0.9892479163606991,0.010480154941988545,0.9787677614187106,862181,862181,False,0.11608283221721649,7.912388484339012e-05,0.00023737165453017033,13208,5208
1652,652,agreement_filtered_ema,0.12979713827371597,0.019782821647822857,0.002437318558804691,0.652,9670,848611,858281,868691,0.9880164523403604,0.011131691245793959,0.9768847610945665,858281,858281,False,0.11608671396970749,7.909727826186564e-05,0.0002372918347855969,13216,5216
1653,653,agreement_filtered_ema,0.22855156660079956,0.01705042365938425,0.012901704991236329,0.653,6143,858147,864290,871060,0.9922278603081304,0.007052327049801391,0.985175533258329,864290,864290,False,0.11609139293432236,7.907065921599154e-05,0.0002372119776479746,13224,5224
1654,654,agreement_filtered_ema,0.200178325176239,0.015443828422576189,0.002563509566243738,0.654,7800,867450,875250,881859,0.9925056046374761,0.008844951403795844,0.9836606532336802,875250,875250,False,0.1160961464047432,7.904402771717057e-05,0.00023713208315151167,13232,5232
1655,655,agreement_filtered_ema,0.2931976020336151,0.01951527176424861,0.006626352667808533,0.655,4215,849734,853949,862135,0.9905049673195033,0.004889025500646651,0.9856159418188567,853949,853949,False,0.11610067635774612,7.90173837768108e-05,0.0002370521513304324,13240,5240
1656,656,agreement_filtered_ema,0.15039630234241486,0.018537204712629318,0.002856071456335485,0.656,4441,857475,861916,868012,0.9929770556167427,0.005116288714902559,0.9878607669018401,861916,861916,False,0.11610496789216995,7.89907274063257e-05,0.00023697218221897706,13248,5248
1657,657,agreement_filtered_ema,0.07160271517932415,0.01450898265466094,0.00256771850399673,0.657,14705,864243,878948,887904,0.989913323962951,0.016561475114426787,0.9733518488485242,878948,878948,False,0.11610932648181915,7.896405861713394e-05,0.0002368921758514018,13256,5256
1658,658,agreement_filtered_ema,0.11982076801359653,0.015038797166198492,0.004746411461383104,0.658,5404,837897,843301,851874,0.9899363051343274,0.0063436611517665754,0.9835926439825609,843301,843301,False,0.1161135658621788,7.893737742065965e-05,0.00023681213226197894,13264,5264
1659,659,agreement_filtered_ema,0.2056322693824768,0.019050393253564835,0.022702675312757492,0.659,8288,841131,849419,864344,0.9827325694399452,0.009588774839647178,0.973143794600298,849419,849419,False,0.11611738801002502,7.891068382833215e-05,0.00023673205148499644,13272,5272
1660,660,agreement_filtered_ema,0.1950861942023039,0.01637695450335741,0.003835498820990324,0.66,7127,861510,868637,878569,0.9886952533039522,0.008112054943891715,0.9805831983600605,868637,868637,False,0.11612126976251602,7.888397785158617e-05,0.0002366519335547585,13280,5280
1661,661,agreement_filtered_ema,0.08799130655825138,0.019414713140577078,0.008559144334867597,0.661,6568,847526,854094,862495,0.9902596536791518,0.0076151166093716485,0.9826445370697802,854094,854094,False,0.11612486839294434,7.88572595018617e-05,0.00023657177850558504,13288,5288
1662,662,agreement_filtered_ema,0.14319908246397972,0.016162177547812462,0.0019102541264146566,0.662,10586,849736,860322,868948,0.9900730538536253,0.012182547171982673,0.9778905066816427,860322,860322,False,0.11612918972969055,7.883052879060399e-05,0.00023649158637181191,13296,5296
1663,663,agreement_filtered_ema,0.12350682355463505,0.018251524306833744,0.004176311194896698,0.663,4672,863753,868425,875636,0.9917648429255992,0.005335550388517603,0.9864292925370817,868425,868425,False,0.11613333225250244,7.880378572926366e-05,0.00023641135718779094,13304,5304
1664,664,agreement_filtered_ema,0.1407250016927719,0.014967212919145823,0.0077999705681577325,0.664,10998,857422,868420,876031,0.991311951289395,0.012554350245596332,0.9787576010437987,868420,868420,False,0.11613728106021881,7.877703032929659e-05,0.00023633109098788972,13312,5312
1665,665,agreement_filtered_ema,0.11148659139871597,0.01735660620033741,0.015541095286607742,0.665,2945,860326,863271,868802,0.9936337623532174,0.0033897251617744893,0.9902440371914429,863271,863271,False,0.11614079773426056,7.875026260216393e-05,0.00023625078780649178,13320,5320
1666,666,agreement_filtered_ema,0.13391277194023132,0.018029258586466312,0.006917877588421106,0.666,10246,852804,863050,875434,0.9858538736215409,0.011703909146777484,0.9741499644747633,863050,863050,False,0.1161440908908844,7.872348255933213e-05,0.00023617044767799636,13328,5328
1667,667,agreement_filtered_ema,0.12614892609417439,0.019638145342469215,0.006288560340180993,0.667,9679,850959,860638,872246,0.9866918277641858,0.011096640168025992,0.9755951875961598,860638,860638,False,0.11614728718996048,7.869669021227292e-05,0.00023609007063681874,13336,5336
1668,668,agreement_filtered_ema,0.14281245321035385,0.02276087924838066,0.009682835778221488,0.668,11203,855862,867065,877549,0.9880530887733905,0.012766238694363505,0.9752868500790269,867065,867065,False,0.11615030467510223,7.866988557246329e-05,0.00023600965671738983,13344,5344
1669,669,agreement_filtered_ema,0.17482055723667145,0.015310493297874928,0.0034457131987437606,0.669,7672,861253,868925,877459,0.9902741894493076,0.00874342846788283,0.9815307609814248,868925,868925,False,0.11615340411663055,7.864306865138545e-05,0.00023592920595415633,13352,5352
1670,670,agreement_filtered_ema,0.23952239751815796,0.01738583855330944,0.008905501803383231,0.67,4888,859943,864831,871591,0.992244068605573,0.005608135008277965,0.9866359335972951,864831,864831,False,0.11615680158138275,7.861623946052699e-05,0.00023584871838158093,13360,5360
1671,671,agreement_filtered_ema,0.09726415947079659,0.020968662574887276,0.003275294497143477,0.671,12218,833528,845746,855755,0.98830389539062,0.014277450905925177,0.9740264444846948,845746,845746,False,0.11616013199090958,7.858939801138061e-05,0.0002357681940341418,13368,5368
1672,672,agreement_filtered_ema,0.1912955865263939,0.018208544701337814,0.015891861636191607,0.672,4160,854712,858872,869598,0.9876655650081992,0.004783819649999195,0.9828817453581999,858872,858872,False,0.11616413295269012,7.856254431544441e-05,0.0002356876329463332,13376,5376
1673,673,agreement_filtered_ema,0.07381753623485565,0.018426603637635708,0.005495240679010749,0.673,7707,836836,844543,853133,0.9899312299489059,0.00903376144165095,0.980897468507255,844543,844543,False,0.11616820096969604,7.85356783842216e-05,0.00023560703515266478,13384,5384
1674,674,agreement_filtered_ema,0.15317339077591896,0.022026638500392437,0.006182627170346677,0.674,10914,842087,853001,861325,0.9903358198124982,0.012671175224218501,0.9776646445882797,853001,853001,False,0.1161721795797348,7.85088002292207e-05,0.00023552640068766207,13392,5392
1675,675,agreement_filtered_ema,0.18060891330242157,0.0163964182138443,0.0047664978774264455,0.675,10425,828491,838916,855739,0.9803409684494921,0.01218245282732235,0.9681585156221698,838916,838916,False,0.11617600172758102,7.84819098619555e-05,0.00023544572958586645,13400,5400
1676,676,agreement_filtered_ema,0.18264366686344147,0.017320659942924976,0.0038913770113140345,0.676,13903,857484,871387,883254,0.9865644537132015,0.015740658972390728,0.9708237947408107,871387,871387,False,0.1161796972155571,7.845500729394491e-05,0.00023536502188183472,13408,5408
1677,677,agreement_filtered_ema,0.3072196990251541,0.018542330712080002,0.005832124035805464,0.677,7227,840776,848003,853702,0.9933243684564403,0.008465483271680282,0.9848588851847601,848003,848003,False,0.11618318408727646,7.84280925367132e-05,0.0002352842776101396,13416,5416
1678,678,agreement_filtered_ema,0.15959132090210915,0.016416359692811966,0.0042798841604962945,0.678,7433,846125,853558,862341,0.9898149339994271,0.008619560011642727,0.9811953739877844,853558,853558,False,0.11618608981370926,7.840116560178978e-05,0.0002352034968053693,13424,5424
1679,679,agreement_filtered_ema,0.10031266510486603,0.016705808229744434,0.009821716928854585,0.679,8868,857627,866495,875135,0.9901272375119268,0.010133293720397424,0.9799939437915293,866495,866495,False,0.1161898523569107,7.837422650070927e-05,0.00023512267950212779,13432,5432
1680,680,agreement_filtered_ema,0.1344841942191124,0.014513983391225338,0.10453909076750278,0.68,8698,856492,865190,876184,0.9874524072569232,0.00992713859189394,0.9775252686650293,865190,865190,False,0.11619072407484055,7.834727524501153e-05,0.00023504182573503456,13440,5440
1681,681,agreement_filtered_ema,0.26095253229141235,0.028811071999371052,0.005998489214107394,0.681,6472,859377,865849,873973,0.9907045183318021,0.007405263091651573,0.9832992552401505,865849,865849,False,0.11619161814451218,7.832031184624164e-05,0.0002349609355387249,13448,5448
1682,682,agreement_filtered_ema,0.12136388942599297,0.020237195305526257,0.0020543604623526335,0.682,6612,844579,851191,855738,0.9946864577709532,0.007726664002299769,0.9869597937686535,851191,851191,False,0.11619266867637634,7.829333631594987e-05,0.00023488000894784954,13456,5456
1683,683,agreement_filtered_ema,0.07079960405826569,0.015420099254697561,0.01593956840224564,0.683,9334,852129,861463,874663,0.9849084733205817,0.01067153863830984,0.9742369346822719,861463,861463,False,0.11619433015584946,7.826634866569164e-05,0.0002347990459970749,13464,5464
1684,684,agreement_filtered_ema,0.14770058542490005,0.02000761777162552,0.0051661578472703695,0.684,7339,836771,844110,852632,0.9900050666641647,0.008607464885202526,0.9813976017789621,844110,844110,False,0.11619655042886734,7.823934890702764e-05,0.0002347180467210829,13472,5472
1685,685,agreement_filtered_ema,0.12223643064498901,0.014068448916077614,0.016789469867944717,0.685,7161,879051,886212,892946,0.9924586705131105,0.008019521897180793,0.9844391486159297,886212,886212,False,0.11619910597801208,7.821233705152371e-05,0.0002346370111545711,13480,5480
1686,686,agreement_filtered_ema,0.20110701397061348,0.023730449378490448,0.01155797322280705,0.686,8604,857184,865788,871039,0.9939715672891799,0.009877858511501782,0.9840937087776781,865788,865788,False,0.11620214581489563,7.818531311075084e-05,0.00023455593933225248,13488,5488
1687,687,agreement_filtered_ema,0.20892605185508728,0.0163491265848279,0.03904587775468826,0.687,9629,856351,865980,874644,0.9900942554913771,0.011009050539419467,0.9790852049519576,865980,865980,False,0.11620427668094635,7.815827709628525e-05,0.0002344748312888557,13496,5496
1688,688,agreement_filtered_ema,0.09225836023688316,0.01669473433867097,0.008462910540401936,0.688,10247,855128,865375,874491,0.9895756502925702,0.011717673480916327,0.9778579768116539,865375,865375,False,0.11620674282312393,7.81312290197083e-05,0.00023439368705912485,13504,5504
1689,689,agreement_filtered_ema,0.1860666424036026,0.021037356927990913,0.010715486947447062,0.689,7734,857150,864884,875895,0.9874288584818957,0.008829825492781669,0.978599032989114,864884,864884,False,0.11620961874723434,7.810416889260653e-05,0.00023431250667781958,13512,5512
1690,690,agreement_filtered_ema,0.28964973986148834,0.01604826468974352,0.006618754588998854,0.69,8024,836809,844833,855926,0.9870397674565324,0.009374642200377136,0.9776651252561553,844833,844833,False,0.11621243506669998,7.807709672657165e-05,0.00023423129017971492,13520,5520
1691,691,agreement_filtered_ema,0.14607800170779228,0.02062679873779416,0.006725198123604059,0.691,11133,834117,845250,856175,0.9872397582269979,0.01300318276053377,0.9742365754664642,845250,845250,False,0.11621543020009995,7.80500125332005e-05,0.00023415003759960146,13528,5528
1692,692,agreement_filtered_ema,0.14063353091478348,0.016663762740790844,0.019872354343533516,0.692,8337,835510,843847,855961,0.9858474860420042,0.009739929739789547,0.9761075563022147,843847,843847,False,0.11621885001659393,7.80229163240951e-05,0.00023406874897228527,13536,5536
1693,693,agreement_filtered_ema,0.2937757223844528,0.015194259583950043,0.009947140701115131,0.693,12364,852880,865244,880625,0.9825339957416608,0.014040028388928318,0.9684939673527324,865244,865244,False,0.11622225493192673,7.799580811086258e-05,0.0002339874243325877,13544,5544
1694,694,agreement_filtered_ema,0.12855317443609238,0.016946599818766117,0.004556824453175068,0.694,3512,850149,853661,857125,0.9959585824704681,0.004097418696222838,0.9918611637742453,853661,853661,False,0.11622543632984161,7.796868790511527e-05,0.00023390606371534578,13552,5552
1695,695,agreement_filtered_ema,0.10851133242249489,0.018958017230033875,0.009527025278657675,0.695,8260,866260,874520,886587,0.9863893785945429,0.00931662656907895,0.977072752025464,874520,874520,False,0.1162283718585968,7.794155571847058e-05,0.00023382466715541172,13560,5560
1696,696,agreement_filtered_ema,0.07971218228340149,0.017640109173953533,0.008871979545801878,0.696,10348,826546,836894,855417,0.9783462334744341,0.012097024024540078,0.966249209449894,836894,836894,False,0.11623130738735199,7.79144115625511e-05,0.00023374323468765328,13568,5568
1697,697,agreement_filtered_ema,0.17318559437990189,0.014828309416770935,0.008101270301267505,0.697,8566,851293,859859,867499,0.9911930734214103,0.00987436296756538,0.9813187104538449,859859,859859,False,0.11623407900333405,7.788725544898452e-05,0.00023366176634695353,13576,5576
1698,698,agreement_filtered_ema,0.09797875955700874,0.021556938998401165,0.003300321288406849,0.698,13874,862883,876757,885484,0.9901443730208563,0.015668267297884547,0.9744761057229718,876757,876757,False,0.11623722314834595,7.786008738940362e-05,0.00023358026216821083,13584,5584
1699,699,agreement_filtered_ema,0.13315830379724503,0.015433663036674261,0.004046843328978866,0.699,7465,848030,855495,862497,0.9918817108929074,0.008655102568472703,0.9832266083244348,855495,855495,False,0.11624059826135635,7.783290739544639e-05,0.00023349872218633914,13592,5592
1700,700,agreement_filtered_ema,0.21140797436237335,0.014065578114241362,0.0031969610136002302,0.7,7684,856201,863885,870743,0.9921239676919597,0.008824647456252879,0.9832993202357068,863885,863885,False,0.11624427139759064,7.780571547875584e-05,0.00023341714643626747,13600,5600
1701,701,agreement_filtered_ema,0.1120265070348978,0.015800892375409603,0.037504592910408974,0.701,9282,844764,854046,863951,0.9885352294285208,0.010743664860622882,0.977791564567898,854046,854046,False,0.11624691635370255,7.777851165098012e-05,0.0002333355349529403,13608,5608
1702,702,agreement_filtered_ema,0.14909590780735016,0.015764345414936543,0.0039212212432175875,0.702,4074,845432,849506,853890,0.9948658492311656,0.00477110634859291,0.9900947428825727,849506,849506,False,0.11624990403652191,7.77512959237725e-05,0.00023325388777131748,13616,5616
1703,703,agreement_filtered_ema,0.09932609274983406,0.015680913347750902,0.008017168380320072,0.703,6062,847509,853571,865465,0.9862570987850462,0.007004327153611064,0.9792527716314351,853571,853571,False,0.11625346541404724,7.772406830879133e-05,0.00023317220492637396,13624,5624
1704,704,agreement_filtered_ema,0.12635384872555733,0.01552455872297287,0.007523865206167102,0.704,10758,854586,865344,878837,0.9846467547451917,0.012241177829335816,0.9724055769158558,865344,865344,False,0.11625692993402481,7.769682881770007e-05,0.00023309048645310017,13632,5632
1705,705,agreement_filtered_ema,0.07454286888241768,0.022071008570492268,0.008969588670879602,0.705,19306,850345,869651,882522,0.9854156610260141,0.021875941902864744,0.9635397191231493,869651,869651,False,0.1162601113319397,7.766957746216721e-05,0.00023300873238650159,13640,5640
1706,706,agreement_filtered_ema,0.2440912425518036,0.015282941050827503,0.00474921113345772,0.706,7105,840431,847536,855540,0.9906445052247703,0.008304696449026346,0.982339808775744,847536,847536,False,0.1162634938955307,7.76423142538664e-05,0.0002329269427615992,13648,5648
1707,707,agreement_filtered_ema,0.1974799782037735,0.01899561006575823,0.031255162321031094,0.707,8486,841040,849526,861552,0.9860414693483388,0.00984966664809553,0.9761918027002433,849526,849526,False,0.11626699566841125,7.761503920447634e-05,0.000232845117613429,13656,5656
1708,708,agreement_filtered_ema,0.3342176675796509,0.016525331884622574,0.002836251980625093,0.708,9328,837167,846495,855675,0.9892716276623719,0.010901335203202151,0.9783702924591696,846495,846495,False,0.1162705048918724,7.758775232568076e-05,0.00023276325697704225,13664,5664
1709,709,agreement_filtered_ema,0.10179317370057106,0.01692949701100588,0.004660410573706031,0.709,6860,875601,882461,886402,0.9955539360245126,0.007739152213104212,0.9878147838114084,882461,882461,False,0.1162741556763649,7.756045362916853e-05,0.00023268136088750555,13672,5672
1710,710,agreement_filtered_ema,0.23893984407186508,0.01780553814023733,0.014054924249649048,0.71,5841,855783,861624,877257,0.9821796805269152,0.006658254080617197,0.9755214264462979,861624,861624,False,0.1162780299782753,7.753314312663352e-05,0.0002325994293799005,13680,5680
1711,711,agreement_filtered_ema,0.12939967587590218,0.017113572917878628,0.0050793057307600975,0.711,4821,851476,856297,862419,0.9929013623308391,0.005590090199775283,0.987311272131064,856297,856297,False,0.1162819042801857,7.750582082977467e-05,0.000232517462489324,13688,5688
1712,712,agreement_filtered_ema,0.12820446118712425,0.01725582592189312,0.006960612954571843,0.712,8187,847260,855447,869852,0.9834397115831199,0.009411945940228912,0.974027765642891,855447,855447,False,0.11628564447164536,7.747848675029601e-05,0.00023243546025088799,13696,5696
1713,713,agreement_filtered_ema,0.1950981467962265,0.015052110888063908,0.0012895870604552329,0.713,18217,833967,852184,866098,0.9839348434010932,0.02103341654177703,0.9629014268593161,852184,852184,False,0.11628936976194382,7.74511408999066e-05,0.00023235342269971974,13704,5704
1714,714,agreement_filtered_ema,0.1810646429657936,0.015181747730821371,0.014558463357388973,0.714,7206,852045,859251,870401,0.9871898125117043,0.008278942694229442,0.9789108698174749,859251,859251,False,0.11629343032836914,7.74237832903205e-05,0.00023227134987096145,13712,5712
1715,715,agreement_filtered_ema,0.21382081508636475,0.017336290329694748,0.003455795464105904,0.715,4448,876333,880781,885417,0.994764049030005,0.005023621638165971,0.9897404273918391,880781,880781,False,0.11629704385995865,7.739641393325685e-05,0.00023218924179977052,13720,5720
1716,716,agreement_filtered_ema,0.08489324152469635,0.020732717122882605,0.006395015399903059,0.716,7684,835506,843190,853417,0.9880164093286166,0.009003804705085557,0.979012604623531,843190,843190,False,0.11630069464445114,7.736903284043984e-05,0.00023210709852131947,13728,5728
1717,717,agreement_filtered_ema,0.1291866973042488,0.016628914047032595,0.006659814273007214,0.717,4975,843044,848019,851732,0.995640647527626,0.005841039200123983,0.989799608327502,848019,848019,False,0.11630440503358841,7.734164002359863e-05,0.00023202492007079584,13736,5736
1718,718,agreement_filtered_ema,0.1406092345714569,0.021251259371638298,0.016005199402570724,0.718,9746,851701,861447,872396,0.9874495068753181,0.011171532194095342,0.9762779746812228,861447,861447,False,0.11630769819021225,7.731423549446743e-05,0.00023194270648340228,13744,5744
1719,719,agreement_filtered_ema,0.1289798952639103,0.01713219191879034,0.011461205082014203,0.719,5080,843214,848294,857652,0.9890888145774743,0.005923148316566626,0.9831656662609077,848294,848294,False,0.11631055921316147,7.72868192647855e-05,0.00023186045779435648,13752,5752
1720,720,agreement_filtered_ema,0.16280078887939453,0.023565606214106083,0.0036882979329675436,0.72,7896,855852,863748,872485,0.9899860742591563,0.00905001232112873,0.9809360619380276,863748,863748,False,0.11631391942501068,7.725939134629704e-05,0.00023177817403889113,13760,5760
1721,721,agreement_filtered_ema,0.09088657051324844,0.021162450313568115,0.004067831207066774,0.721,5932,851506,857438,862823,0.9937588590012089,0.006875106481862445,0.9868837525193463,857438,857438,False,0.11631719022989273,7.723195175075136e-05,0.00023169585525225405,13768,5768
1722,722,agreement_filtered_ema,0.31266437470912933,0.018143881112337112,0.004832131788134575,0.722,8146,868750,876896,886977,0.9886344290776424,0.00918400364383744,0.9794504254338049,876896,876896,False,0.1163206547498703,7.720450048990266e-05,0.00023161350146970794,13776,5776
1723,723,agreement_filtered_ema,0.13749423250555992,0.017493872437626123,0.004783554933965206,0.723,10004,859028,869032,878981,0.988681211539271,0.011381360916788872,0.9772998506224821,869032,869032,False,0.11632397025823593,7.717703757551019e-05,0.00023153111272653055,13784,5784
1724,724,agreement_filtered_ema,0.21854256093502045,0.015195113141089678,0.0021835766383446753,0.724,11527,839296,850823,859721,0.9896501306819305,0.013407838124228674,0.9762422925577019,850823,850823,False,0.11632723361253738,7.714956301933821e-05,0.0002314486890580146,13792,5792
1725,725,agreement_filtered_ema,0.1872718185186386,0.01831128727644682,0.0033447861205786467,0.725,25590,831721,857311,870769,0.9845446955507143,0.02938781697556987,0.9551568785751445,857311,857311,False,0.11633031815290451,7.712207683315594e-05,0.00023136623049946779,13800,5800
1726,726,agreement_filtered_ema,0.33234304189682007,0.014972283970564604,0.019240145571529865,0.726,11232,832313,843545,867684,0.9721799641344083,0.012944804790684166,0.9592351593437242,843545,843545,False,0.11633306741714478,7.709457902873759e-05,0.00023128373708621275,13808,5808
1727,727,agreement_filtered_ema,0.22727428376674652,0.014775747898966074,0.038220870308578014,0.727,7741,847638,855379,863105,0.9910485977951697,0.008968781318611292,0.9820798164765585,855379,855379,False,0.11633497476577759,7.706706961786234e-05,0.00023120120885358698,13816,5816
1728,728,agreement_filtered_ema,0.2606246620416641,0.018699514213949442,0.010000324109569192,0.728,8701,839736,848437,858396,0.9883981286026496,0.010136347326874776,0.9782617812757748,848437,848437,False,0.11633714288473129,7.703954861231436e-05,0.00023111864583694303,13824,5824
1729,729,agreement_filtered_ema,0.12576378881931305,0.018053625710308552,0.004357842146418989,0.729,7786,851611,859397,867029,0.9911975262649808,0.008980091784703857,0.9822174344802769,859397,859397,False,0.1163395568728447,7.701201602388276e-05,0.00023103604807164825,13832,5832
1730,730,agreement_filtered_ema,0.10698023065924644,0.02653128933161497,0.013860184932127595,0.73,13371,854681,868052,874829,0.9922533432247902,0.015284129812797701,0.9769692134119925,868052,868052,False,0.11634161323308945,7.698447186436164e-05,0.0002309534155930849,13840,5840
1731,731,agreement_filtered_ema,0.06692972220480442,0.015365241095423698,0.008833865751512349,0.731,9517,852408,861925,872076,0.9883599594530752,0.0109130396892014,0.9774469197638738,861925,861925,False,0.11634406447410583,7.695691614555003e-05,0.00023087074843665005,13848,5848
1732,732,agreement_filtered_ema,0.17150556296110153,0.016465728171169758,0.009720044676214457,0.732,7386,859143,866529,875478,0.9897781554762084,0.008436534099086441,0.981341621377122,866529,866529,False,0.1163468137383461,7.692934887925191e-05,0.00023078804663775572,13856,5856
1733,733,agreement_filtered_ema,0.22789155691862106,0.017902429215610027,0.015185248106718063,0.733,5538,847303,852841,865049,0.9858875046384655,0.006401949484942471,0.9794855551535231,852841,852841,False,0.11634987592697144,7.690177007727625e-05,0.00023070531023182875,13864,5864
1734,734,agreement_filtered_ema,0.11870355159044266,0.014857033733278513,0.010855660773813725,0.734,8033,849488,857521,862302,0.9944555387787574,0.00931576176328015,0.9851397770154772,857521,857521,False,0.1163531243801117,7.687417975143694e-05,0.00023062253925431082,13872,5872
1735,735,agreement_filtered_ema,0.3406723737716675,0.015586765483021736,0.010845027398318052,0.735,5799,843711,849510,856611,0.9917103562760693,0.006769700599221817,0.9849406556768475,849510,849510,False,0.11635654419660568,7.684657791355279e-05,0.00023053973374065833,13880,5880
1736,736,agreement_filtered_ema,0.1256129890680313,0.01451206998899579,0.007175932638347149,0.736,16581,827401,843982,851308,0.9913944189412057,0.01947708702373289,0.9719173319174729,843982,843982,False,0.11636026948690414,7.681896457544753e-05,0.00023045689372634256,13888,5888
1737,737,agreement_filtered_ema,0.236751951277256,0.014258702285587788,0.005397599656134844,0.737,5172,865285,870457,875146,0.994642036871562,0.005909871038660978,0.988732165832901,870457,870457,False,0.11636394262313843,7.679133974894983e-05,0.00023037401924684946,13896,5896
1738,738,agreement_filtered_ema,0.20348716154694557,0.017130794003605843,0.006219811039045453,0.738,5702,850966,856668,864475,0.9909690852829752,0.0065959108129211375,0.9843731744700541,856668,856668,False,0.11636767536401749,7.676370344589333e-05,0.00023029111033767997,13904,5904
1739,739,agreement_filtered_ema,0.2836322635412216,0.017202804796397686,0.01858069095760584,0.739,12171,840395,852566,865418,0.9851493729041919,0.014063724119442858,0.9710856487847491,852566,852566,False,0.11637090891599655,7.673605567811653e-05,0.00023020816703434954,13912,5912
1740,740,agreement_filtered_ema,0.12788419798016548,0.017456687055528164,0.008202093187719584,0.74,4288,857938,862226,869802,0.991289971740695,0.004929857599775581,0.9863601141409194,862226,862226,False,0.11637438088655472,7.670839645746283e-05,0.00023012518937238845,13920,5920
1741,741,agreement_filtered_ema,0.17164552211761475,0.015850482042878866,0.002753529930487275,0.741,7218,861580,868798,874903,0.993022083590981,0.008250057434938502,0.9847720261560424,868798,868798,False,0.11637779325246811,7.668072579578058e-05,0.00023004217738734173,13928,5928
1742,742,agreement_filtered_ema,0.23544131219387054,0.017142845317721367,0.0025136253680102527,0.742,6863,837478,844341,852911,0.9899520583038559,0.008046560543831655,0.9819054977600242,844341,844341,False,0.11638110876083374,7.665304370492301e-05,0.000229959131114769,13936,5936
1743,743,agreement_filtered_ema,0.23027612268924713,0.014090884942561388,0.004343571083154529,0.743,5480,857829,863309,870099,0.9921962903071949,0.00629813389051131,0.9858981564166837,863309,863309,False,0.11638427525758743,7.662535019674827e-05,0.00022987605059024478,13944,5944
1744,744,agreement_filtered_ema,0.18801572918891907,0.014902161434292793,0.005143780494108796,0.744,20900,842096,862996,876522,0.9845685561799932,0.02384423893524635,0.9607243172447468,862996,862996,False,0.11638735234737396,7.659764528311935e-05,0.000229792935849358,13952,5952
1745,745,agreement_filtered_ema,0.17098698392510414,0.01603148737922311,0.0013931486464571208,0.745,6291,834076,840367,846671,0.9925543688162226,0.0074302769316534996,0.9851240918845691,840367,840367,False,0.11639036983251572,7.656992897590414e-05,0.00022970978692771242,13960,5960
1746,746,agreement_filtered_ema,0.2000112235546112,0.016829821281135082,0.04791430942714214,0.746,5935,852875,858810,868651,0.9886709391919194,0.00683243327872759,0.9818385059131919,858810,858810,False,0.11639182269573212,7.654220128697546e-05,0.00022962660386092638,13968,5968
1747,747,agreement_filtered_ema,0.12290293350815773,0.01771898614242673,0.004157118615694344,0.747,5060,850124,855184,863471,0.9904026886832331,0.005860069417502151,0.984542619265731,855184,855184,False,0.1163935512304306,7.6514462228211e-05,0.00022954338668463296,13976,5976
1748,748,agreement_filtered_ema,0.15045347437262535,0.021523157134652138,0.0063575649401172996,0.748,4700,849794,854494,860971,0.992477098531774,0.005458952740568498,0.9870181457912055,854494,854494,False,0.11639566719532013,7.648671181149321e-05,0.0002294601354344796,13984,5984
1749,749,agreement_filtered_ema,0.11594779789447784,0.01621880428865552,0.0038797652814537287,0.749,16288,854418,870706,879728,0.9897445574086536,0.01851481366967972,0.9712297437389739,870706,870706,False,0.11639804393053055,7.645895004870954e-05,0.00022937685014612856,13992,5992
1750,750,agreement_filtered_ema,0.1183970496058464,0.01437044469639659,0.007205536705441773,0.75,10183,826982,837165,848903,0.9861727429400061,0.01199548122694819,0.974177261713058,837165,837165,False,0.11640140414237976,7.643117695175224e-05,0.0002292935308552567,14000,6000
1751,751,agreement_filtered_ema,0.23902706056833267,0.014549991115927696,0.006327192182652652,0.751,3897,866027,869924,877508,0.9913573437507123,0.004440985153411707,0.9869163585973005,869924,869924,False,0.11640486866235733,7.64033925325184e-05,0.0002292101775975552,14008,6008
1752,752,agreement_filtered_ema,0.1920568197965622,0.024173916317522526,0.007340928306803107,0.752,5833,842672,848505,859477,0.9872340970148125,0.00678668539123211,0.9804474116235804,848505,848505,False,0.11640842258930206,7.637559680291002e-05,0.00022912679040873005,14016,6016
1753,753,agreement_filtered_ema,0.18584665656089783,0.014360977336764336,0.004898951621726155,0.753,12398,828181,840579,848186,0.991031448290823,0.014617076914733325,0.9764143713760897,840579,840579,False,0.11641190201044083,7.634778977483389e-05,0.00022904336932450163,14024,6024
1754,754,agreement_filtered_ema,0.14213399589061737,0.020575924776494503,0.015929139219224453,0.754,11257,858730,869987,878549,0.9902543853558538,0.012813172628959797,0.977441212726894,869987,869987,False,0.11641503870487213,7.631997146020164e-05,0.0002289599143806049,14032,6032
1755,755,agreement_filtered_ema,0.18343926966190338,0.015352396760135889,0.0023797997273504734,0.755,4088,851359,855447,858748,0.9961560318044409,0.0047604186559968694,0.991395613148444,855447,855447,False,0.11641795933246613,7.629214187092978e-05,0.0002288764256127893,14040,6040
1756,756,agreement_filtered_ema,0.2301291525363922,0.017688728868961334,0.006468670559115708,0.756,7907,856486,864393,874346,0.9886166346046074,0.00904333067229678,0.9795733039323106,864393,864393,False,0.1164209321141243,7.62643010189396e-05,0.0002287929030568188,14048,6048
1757,757,agreement_filtered_ema,0.09897454082965851,0.014255059882998466,0.006895409896969795,0.757,9776,839871,849647,860158,0.9877801520185826,0.011365353807091255,0.9764147982114914,849647,849647,False,0.11642441153526306,7.623644891615727e-05,0.00022870934674847177,14056,6056
1758,758,agreement_filtered_ema,0.2514539137482643,0.019302792847156525,0.007531864219345152,0.758,7998,859239,867237,874023,0.992235902258865,0.009150788938048542,0.9830851133208165,867237,867237,False,0.11642798036336899,7.62085855745137e-05,0.00022862575672354105,14064,6064
1759,759,agreement_filtered_ema,0.12381012737751007,0.015442748088389635,0.003263357561081648,0.759,4246,832909,837155,841744,0.9945482236879621,0.005044288999980992,0.9895039346879811,837155,837155,False,0.11643160134553909,7.618071100594468e-05,0.000228542133017834,14072,6072
1760,760,agreement_filtered_ema,0.19564205408096313,0.017087077256292105,0.005982519825920463,0.76,8735,871292,880027,891020,0.9876624542658975,0.009803371417027676,0.9778590828488698,880027,880027,False,0.1164352297782898,7.61528252223908e-05,0.00022845847566717236,14080,6080
1761,761,agreement_filtered_ema,0.08693192899227142,0.023620272520929575,0.013471696292981505,0.761,4157,874642,878799,885324,0.9926298168805996,0.0046954561267965175,0.9879343607538031,878799,878799,False,0.11643850058317184,7.612492823579745e-05,0.0002283747847073923,14088,6088
1762,762,agreement_filtered_ema,0.12144307792186737,0.01791744912043214,0.0056528381537646055,0.762,10545,843149,853694,861200,0.9912842545285648,0.01224454249883883,0.979039712029726,853694,853694,False,0.11644194275140762,7.609702005811478e-05,0.00022829106017434434,14096,6096
1763,763,agreement_filtered_ema,0.21174287796020508,0.015972806606441736,0.007189866388216615,0.763,10411,847927,858338,869667,0.9869731747898909,0.011971248765332019,0.9750019260245588,858338,858338,False,0.11644601821899414,7.60691007012978e-05,0.00022820730210389338,14104,6104
1764,764,agreement_filtered_ema,0.18478883802890778,0.01849016174674034,0.030608984525315464,0.764,7532,839905,847437,857866,0.9878430897133119,0.008779926002429285,0.9790631637108825,847437,847437,False,0.11644954979419708,7.604117017730626e-05,0.00022812351053191874,14112,6112
1765,765,agreement_filtered_ema,0.18547601252794266,0.01521495170891285,0.012197083327919245,0.765,7258,842954,850212,860881,0.9876068817873783,0.008430898114838171,0.9791759836725401,850212,850212,False,0.11645340174436569,7.60132284981047e-05,0.0002280396854943141,14120,6120
1766,766,agreement_filtered_ema,0.12703509628772736,0.018500186502933502,0.009079309180378914,0.766,8102,860177,868279,880109,0.98655848309698,0.009205677933074198,0.9773528051639059,868279,868279,False,0.11645711213350296,7.598527567566247e-05,0.00022795582702698738,14128,6128
1767,767,agreement_filtered_ema,0.2490263730287552,0.015179031062871218,0.010876257438212633,0.767,8656,855871,864527,873568,0.9896504908604711,0.00990878786768746,0.9797417029927836,864527,864527,False,0.1164608895778656,7.595731172195365e-05,0.00022787193516586091,14136,6136
1768,768,agreement_filtered_ema,0.08067536726593971,0.01772796083241701,0.003948321100324392,0.768,6374,851766,858140,863615,0.9936603694933506,0.007380603625458103,0.9862797658678926,858140,858140,False,0.11646468937397003,7.592933664895712e-05,0.00022778800994687132,14144,6144
1769,769,agreement_filtered_ema,0.1839297115802765,0.015589063055813313,0.0055607701651751995,0.769,12838,838161,850999,861474,0.9878406080740684,0.014902365016239608,0.9729382430578288,850999,850999,False,0.11646837741136551,7.590135046865651e-05,0.00022770405140596953,14152,6152
1770,770,agreement_filtered_ema,0.2618831843137741,0.014965897426009178,0.04168657585978508,0.77,19206,829469,848675,860942,0.9857516534214849,0.022308122962987054,0.9634435304584977,848675,848675,False,0.11647091805934906,7.587335319304021e-05,0.00022762005957912063,14160,6160
1771,771,agreement_filtered_ema,0.14235176891088486,0.023159818723797798,0.007258174009621143,0.771,8032,845377,853409,862185,0.9898212100651252,0.009315866084425037,0.9805053439807002,853409,853409,False,0.11647329479455948,7.584534483410137e-05,0.0002275360345023041,14168,6168
1772,772,agreement_filtered_ema,0.28148770332336426,0.014224400278180838,0.011314643081277609,0.772,10700,846658,857358,872086,0.9831117573266857,0.012269432143160192,0.9708423251835254,857358,857358,False,0.11647605150938034,7.581732540383789e-05,0.00022745197621151363,14176,6176
1773,773,agreement_filtered_ema,0.0799109935760498,0.019466515630483627,0.005863220430910587,0.773,11073,842445,853518,865672,0.9859600402923971,0.012791218845012891,0.9731688214473843,853518,853518,False,0.11647909134626389,7.578929491425238e-05,0.00022736788474275708,14184,6184
1774,774,agreement_filtered_ema,0.23711392283439636,0.015646742656826973,0.02580335456877947,0.774,2836,850809,853645,861096,0.991347073961556,0.0032934771500506333,0.9880535968115053,853645,853645,False,0.11648169159889221,7.576125337735223e-05,0.00022728376013205664,14192,6192
1775,775,agreement_filtered_ema,0.20132140815258026,0.018293261528015137,0.006620058324187994,0.775,4570,844228,848798,855320,0.9923747837066829,0.005343029509423373,0.9870317541972595,848798,848798,False,0.11648483574390411,7.57332008051495e-05,0.0002271996024154485,14200,6200
1776,776,agreement_filtered_ema,0.08000184968113899,0.019977438263595104,0.01124641194473952,0.776,5052,866633,871685,878017,0.9927882945318827,0.005753874924972979,0.9870344196069096,871685,871685,False,0.11648815125226974,7.570513720966108e-05,0.00022711541162898321,14208,6208
1777,777,agreement_filtered_ema,0.09774265438318253,0.015575115568935871,0.013508742675185204,0.777,3719,854111,857830,865111,0.9915837389652888,0.00429887031837533,0.9872848686469136,857830,857830,False,0.11649210005998611,7.567706260290851e-05,0.0002270311878087255,14216,6216
1778,778,agreement_filtered_ema,0.12133942916989326,0.01733318530023098,0.009184528607875109,0.778,7808,855518,863326,870728,0.9914990674470099,0.008967209048060932,0.982531858398949,863326,863326,False,0.11649573594331741,7.564897699691804e-05,0.00022694693099075409,14224,6224
1779,779,agreement_filtered_ema,0.20739394426345825,0.023910026531666517,0.004505714168772101,0.779,8060,853326,861386,877446,0.9816968793521197,0.009185750462136702,0.9725111288899829,861386,861386,False,0.11649896949529648,7.562088040372067e-05,0.00022686264121116195,14232,6232
1780,780,agreement_filtered_ema,0.2033742368221283,0.015296134632080793,0.0041255365358665586,0.78,16483,837458,853941,864155,0.9881803611620601,0.019074124433695345,0.9691062367283647,853941,853941,False,0.1165020614862442,7.559277283535205e-05,0.0002267783185060561,14240,6240
1781,781,agreement_filtered_ema,0.15081917867064476,0.017049037851393223,0.007033317815512419,0.781,7531,834041,841572,849972,0.9901173215117675,0.008860291868438019,0.9812570296433294,841572,841572,False,0.11650453507900238,7.55646543038526e-05,0.00022669396291155776,14248,6248
1782,782,agreement_filtered_ema,0.1319001540541649,0.02364100981503725,0.00962913129478693,0.782,18834,842911,861745,882401,0.9765911416691504,0.02134403746142627,0.9552471042077242,861745,861745,False,0.11650683730840683,7.553652482126743e-05,0.00022660957446380225,14256,6256
1783,783,agreement_filtered_ema,0.20523028820753098,0.015322173479944468,0.016903501702472568,0.783,12163,842290,854453,865622,0.9870971393980282,0.014051167830762157,0.9730459715672661,854453,854453,False,0.1165093258023262,7.550838439964627e-05,0.00022652515319893877,14264,6264
1784,784,agreement_filtered_ema,0.1569540873169899,0.019994034431874752,0.00866861385293305,0.784,10568,846612,857180,870878,0.984271046001851,0.012134879971706715,0.9721361660301443,857180,857180,False,0.11651188880205154,7.548023305104361e-05,0.00022644069915313077,14272,6272
1785,785,agreement_filtered_ema,0.18056299164891243,0.014357008971273899,0.0030836244113743305,0.785,7417,865300,872717,880033,0.9916866753860366,0.008428093037420188,0.9832585823486165,872717,872717,False,0.11651450395584106,7.545207078751857e-05,0.00022635621236255567,14280,6280
1786,786,agreement_filtered_ema,0.07571002468466759,0.014699531719088554,0.015718651935458183,0.786,7183,844289,851472,857944,0.9924563840996615,0.008372341318314483,0.984084042781347,851472,851472,False,0.11651752144098282,7.5423897621135e-05,0.00022627169286340497,14288,6288
1787,787,agreement_filtered_ema,0.10076994821429253,0.01950286701321602,0.004192287218756974,0.787,10865,837660,848525,856742,0.9904090146158353,0.01268176417171097,0.9777272504441243,848525,848525,False,0.11652061343193054,7.539571356396136e-05,0.00022618714069188404,14296,6296
1788,788,agreement_filtered_ema,0.14137133210897446,0.014612946659326553,0.007494847755879164,0.788,6925,868122,875047,881825,0.9923136676778272,0.007853032064185072,0.9844606356136422,875047,875047,False,0.1165245994925499,7.536751862807083e-05,0.00022610255588421247,14304,6304
1789,789,agreement_filtered_ema,0.1255139522254467,0.015535453334450722,0.008002224029041827,0.789,7219,855588,862807,871148,0.9904252779091498,0.008286766427748213,0.9821385114814015,862807,862807,False,0.11652874946594238,7.53393128255412e-05,0.0002260179384766236,14312,6312
1790,790,agreement_filtered_ema,0.18531866371631622,0.01615372346714139,0.008470294531434774,0.79,18939,842035,860974,870285,0.989301205926794,0.02176183663972147,0.9675393692870726,860974,860974,False,0.11653251200914383,7.531109616845498e-05,0.00022593328850536488,14320,6320
1791,791,agreement_filtered_ema,0.13288835436105728,0.014805990736931562,0.019950557267293334,0.791,5154,853786,858940,866778,0.9909573154833187,0.005946159224161204,0.9850111562591575,858940,858940,False,0.11653599888086319,7.528286866889924e-05,0.0002258486060066977,14328,6328
1792,792,agreement_filtered_ema,0.2935383468866348,0.01666521467268467,0.010854200227186084,0.792,8307,850691,858998,867584,0.9901035519327235,0.00957486537326645,0.980528686559457,858998,858998,False,0.11653894931077957,7.525463033896576e-05,0.00022576389101689725,14336,6336
1793,793,agreement_filtered_ema,0.21339775621891022,0.020573580637574196,0.009244198678061366,0.793,12109,853858,865967,874994,0.9896833578287394,0.013838952038528264,0.9758444057902111,865967,865967,False,0.11654156446456909,7.522638119075096e-05,0.00022567914357225286,14344,6344
1794,794,agreement_filtered_ema,0.11717576906085014,0.015449665021151304,0.004979664692655206,0.794,9192,850580,859772,871374,0.986685395708387,0.010548857321884748,0.9761365383865023,859772,859772,False,0.11654436588287354,7.519812123635588e-05,0.0002255943637090676,14352,6352
1795,795,agreement_filtered_ema,0.24612046778202057,0.014292455743998289,0.01088458951562643,0.795,4066,859074,863140,871365,0.990560786811497,0.004666242045526272,0.9858945447659706,863140,863140,False,0.1165476143360138,7.516985048788616e-05,0.00022550955146365847,14360,6360
1796,796,agreement_filtered_ema,0.2942659258842468,0.01865459978580475,0.007447473239153624,0.796,4132,848560,852692,861499,0.9897771210413477,0.004796291115834145,0.9849808299255135,852692,852692,False,0.11655063927173615,7.514156895745212e-05,0.0002254247068723563,14368,6368
1797,797,agreement_filtered_ema,0.0737985149025917,0.019650365225970745,0.0056132052559405565,0.797,11658,838448,850106,863103,0.9849415423188195,0.0135070785294455,0.9714344637893739,850106,850106,False,0.11655426025390625,7.511327665716863e-05,0.00022533982997150585,14376,6376
1798,798,agreement_filtered_ema,0.12058231234550476,0.01612556306645274,0.005235561868175864,0.798,6677,860808,867485,876163,0.9900954502758048,0.007620728106528123,0.9824747221692767,867485,867485,False,0.1165580227971077,7.508497359915525e-05,0.0002252549207974657,14384,6384
1799,799,agreement_filtered_ema,0.14258842542767525,0.0189415467903018,0.0029907439602538943,0.799,3861,838421,842282,851852,0.9887656541277123,0.004532477472612613,0.9842331766550997,842282,842282,False,0.11656175553798676,7.505665979553609e-05,0.00022516997938660824,14392,6392
1800,800,agreement_filtered_ema,0.19429614022374153,0.016652259975671768,0.05393833387643099,0.8,4973,861592,866565,873101,0.9925140390401569,0.00569579006323438,0.9868182489769225,866565,866565,False,0.11656426638364792,7.50283352584399e-05,0.0002250850057753197,14400,6400
1801,801,agreement_filtered_ema,0.10805917158722878,0.015608034562319517,0.005421210313215852,0.801,4242,861764,866006,872535,0.9925172056135284,0.004861696092420362,0.987655509521108,866006,866006,False,0.11656711995601654,7.500000000000001e-05,0.000225,14408,6408
1802,802,agreement_filtered_ema,0.16641925275325775,0.01863287389278412,0.005283615901134908,0.802,7808,857934,865742,875129,0.9892735813805736,0.00892211319702581,0.9803514681835478,865742,865742,False,0.116570383310318,7.497165403235433e-05,0.00022491496209706293,14416,6416
1803,803,agreement_filtered_ema,0.1312127783894539,0.014173229690641165,0.0034154108725488186,0.803,9205,847321,856526,863765,0.9916192482909124,0.010656833745289517,0.9809624145456229,856526,856526,False,0.11657371371984482,7.494329736764538e-05,0.00022482989210293608,14424,6424
1804,804,agreement_filtered_ema,0.26179181784391403,0.01872250624001026,0.03324582730419934,0.804,3162,855571,858733,868344,0.988931805828105,0.003641414001824162,0.9852903918262809,858733,858733,False,0.11657612025737762,7.491493001802025e-05,0.0002247447900540607,14432,6432
1805,805,agreement_filtered_ema,0.23758114874362946,0.01825337205082178,0.006450939341448247,0.805,4308,860595,864903,869232,0.9950197415649676,0.004956099177204705,0.990063642387763,864903,864903,False,0.11657870560884476,7.488655199563062e-05,0.0002246596559868918,14440,6440
1806,806,agreement_filtered_ema,0.19986994564533234,0.019067609682679176,0.009775087935850024,0.806,10705,861340,872045,879536,0.9914830092230449,0.01217119026395736,0.9793118189590875,872045,872045,False,0.11658130586147308,7.485816331263273e-05,0.00022457448993789815,14448,6448
1807,807,agreement_filtered_ema,0.08475873619318008,0.015885401517152786,0.005868388107046485,0.807,5753,846113,851866,857388,0.9935595086471936,0.0067099142978441495,0.9868495943493494,851866,851866,False,0.11658424884080887,7.482976398118738e-05,0.0002244892919435621,14456,6456
1808,808,agreement_filtered_ema,0.14077461883425713,0.019578704610466957,0.014908572193235159,0.808,3852,870830,874682,881784,0.991945873365813,0.004368416755123704,0.9875774566106892,874682,874682,False,0.1165878027677536,7.480135401345996e-05,0.00022440406204037985,14464,6464
1809,809,agreement_filtered_ema,0.16237656027078629,0.016277029179036617,0.008872221689671278,0.809,16857,843737,860594,868716,0.9906505693460234,0.019404500435124945,0.9712460689108984,860594,860594,False,0.11659179627895355,7.477293342162039e-05,0.00022431880026486112,14472,6472
1810,810,agreement_filtered_ema,0.06272690370678902,0.0158036258071661,0.0173971732147038,0.81,4938,860919,865857,874966,0.9895893097560362,0.005643647867459993,0.9839456618885762,865857,865857,False,0.11659614741802216,7.474450221784313e-05,0.00022423350665352936,14480,6480
1811,811,agreement_filtered_ema,0.1277494616806507,0.016017157584428787,0.011783245950937271,0.811,12128,843954,856082,867156,0.9872295181028558,0.013985949471606031,0.9732435686312497,856082,856082,False,0.11660067737102509,7.471606041430723e-05,0.00022414818124292165,14488,6488
1812,812,agreement_filtered_ema,0.0800824724137783,0.023880321066826582,0.009822232415899634,0.812,10046,847539,857585,863843,0.9927556280481523,0.01162942803264019,0.9811262000155121,857585,857585,False,0.11660528182983398,7.468760802319626e-05,0.00022406282406958874,14496,6496
1813,813,agreement_filtered_ema,0.20388370752334595,0.01480501564219594,0.008877437794581056,0.813,12817,842063,854880,865619,0.9875938490259571,0.01480674523086947,0.9727871037950877,854880,854880,False,0.11661003530025482,7.465914505669829e-05,0.00022397743517009482,14504,6504
1814,814,agreement_filtered_ema,0.22621392458677292,0.014225550927221775,0.01810627756640315,0.814,6972,838870,845842,857846,0.9860068124115517,0.008127332877929138,0.9778794795336225,845842,845842,False,0.1166142001748085,7.463067152700597e-05,0.00022389201458101787,14512,6512
1815,815,agreement_filtered_ema,0.1823853999376297,0.016733990982174873,0.009801140520721674,0.815,3597,864118,867715,871942,0.9951522004903995,0.004125274387516601,0.991026926102883,867715,867715,False,0.11661845445632935,7.460218744631645e-05,0.00022380656233894934,14520,6520
1816,816,agreement_filtered_ema,0.08081875368952751,0.017665234860032797,0.003489076509140432,0.816,8070,850712,858782,863208,0.9948726147116338,0.009348847554702923,0.9855237671569309,858782,858782,False,0.11662258207798004,7.457369282683142e-05,0.00022372107848049423,14528,6528
1817,817,agreement_filtered_ema,0.2289610207080841,0.017910626716911793,0.009501225082203746,0.817,9175,848365,857540,867301,0.9887455450875763,0.010578795596915028,0.9781667494906613,857540,857540,False,0.11662649363279343,7.454518768075704e-05,0.00022363556304227111,14536,6536
1818,818,agreement_filtered_ema,0.19048723578453064,0.016064711846411228,0.018321522511541843,0.818,11540,832495,844035,860275,0.9811223155386359,0.013414315189910203,0.9677080003487257,844035,844035,False,0.11663027107715607,7.451667202030404e-05,0.0002235500160609121,14544,6544
1819,819,agreement_filtered_ema,0.22813903540372849,0.014500709716230631,0.002452039683703333,0.819,7504,830986,838490,847688,0.9891493096516643,0.00885231358707449,0.9802969960645898,838490,838490,False,0.11663415282964706,7.44881458576876e-05,0.00022346443757306279,14552,6552
1820,820,agreement_filtered_ema,0.17881107330322266,0.01614370383322239,0.026987957768142223,0.82,7748,846753,854501,863346,0.9897549765679113,0.008974385703993532,0.9807805908639178,854501,854501,False,0.11663798987865448,7.445960920512745e-05,0.0002233788276153823,14560,6560
1821,821,agreement_filtered_ema,0.18641556054353714,0.01568265352398157,0.012186937034130096,0.821,11349,839314,850663,861320,0.9876271304509358,0.013176287558630938,0.9744508428923049,850663,850663,False,0.11664149165153503,7.443106207484776e-05,0.00022329318622454325,14568,6568
1822,822,agreement_filtered_ema,0.11561713367700577,0.013966039288789034,0.03767544263973832,0.822,12607,835406,848013,862208,0.9835364552404988,0.014621761802256533,0.9689146934382423,848013,848013,False,0.1166444793343544,7.44025044790772e-05,0.0002232075134372316,14576,6576
1823,823,agreement_filtered_ema,0.18720010295510292,0.01659736456349492,0.00967581756412983,0.823,8151,854662,862813,869667,0.9921188224918274,0.00937255294267806,0.9827462695491492,862813,862813,False,0.11664775013923645,7.437393643004898e-05,0.00022312180929014692,14584,6584
1824,824,agreement_filtered_ema,0.3079734295606613,0.018543286714702845,0.008576232008635998,0.824,8748,862450,871198,880774,0.9891277444611217,0.009932173293035444,0.9791955711680862,871198,871198,False,0.11665083467960358,7.434535794000071e-05,0.0002230360738200021,14592,6592
1825,825,agreement_filtered_ema,0.12049490213394165,0.01682105753570795,0.00605181697756052,0.825,3831,867840,871671,877926,0.9928752537229789,0.00436369352314432,0.9885115601998347,871671,871671,False,0.11665379256010056,7.431676902117452e-05,0.00022295030706352356,14600,6600
1826,826,agreement_filtered_ema,0.26166051626205444,0.016428140923380852,0.02567869145423174,0.826,4577,851279,855856,861821,0.9930786091311304,0.005310847612207175,0.9877677615189233,855856,855856,False,0.11665662378072739,7.428816968581701e-05,0.000222864509057451,14608,6608
1827,827,agreement_filtered_ema,0.22992224991321564,0.01850573904812336,0.01591100823134184,0.827,9333,866747,876080,884966,0.9899589362755179,0.010546167875376003,0.9794127684001419,876080,876080,False,0.11665987223386765,7.42595599461792e-05,0.00022277867983853754,14616,6616
1828,828,agreement_filtered_ema,0.19251395016908646,0.015147656202316284,0.004656919045373797,0.828,13688,829908,843596,857548,0.9837303567846931,0.015961788727861297,0.9677685680568318,843596,843596,False,0.11666350066661835,7.423093981451661e-05,0.0002226928194435498,14624,6624
1829,829,agreement_filtered_ema,0.18463721126317978,0.017782372888177633,0.028817868325859308,0.829,15186,829716,844902,861849,0.9803364626518102,0.01762025598451701,0.9627162066672932,844902,844902,False,0.11666616052389145,7.420230930308917e-05,0.00022260692790926747,14632,6632
1830,830,agreement_filtered_ema,0.21623393148183823,0.022133614867925644,0.005991025711409748,0.83,4906,842407,847313,852156,0.9943167682912518,0.005757161834218148,0.9885596064570337,847313,847313,False,0.1166686937212944,7.417366842416133e-05,0.00022252100527248394,14640,6640
1831,831,agreement_filtered_ema,0.14284195005893707,0.018756157718598843,0.0146803162060678,0.831,6695,846788,853483,860976,0.991297086097638,0.007776058798386947,0.9835210272992511,853483,853483,False,0.11667100340127945,7.414501719000187e-05,0.00022243505157000556,14648,6648
1832,832,agreement_filtered_ema,0.14585567265748978,0.01660281652584672,0.004895120393484831,0.832,8892,843425,852317,864049,0.986422066341145,0.010291083028856002,0.976130983312289,852317,852317,False,0.11667346954345703,7.411635561288413e-05,0.00022234906683865234,14656,6656
1833,833,agreement_filtered_ema,0.23944181203842163,0.015760023146867752,0.009544427623040974,0.833,9094,860774,869868,877715,0.9910597403485186,0.010360994172368024,0.9806987461761506,869868,869868,False,0.11667589098215103,7.408768370508576e-05,0.00022226305111525726,14664,6664
1834,834,agreement_filtered_ema,0.2734704241156578,0.02248196117579937,0.005100752227008343,0.834,3610,865311,868921,871949,0.9965273198317791,0.004140150398704512,0.9923871694330746,868921,868921,False,0.1166781336069107,7.405900147888896e-05,0.00022217700443666685,14672,6672
1835,835,agreement_filtered_ema,0.07163805700838566,0.018037185072898865,0.0031954364385455847,0.835,10887,844755,855642,866736,0.9872002547488509,0.0125609182034668,0.974639336545384,855642,855642,False,0.11668051034212112,7.403030894658023e-05,0.00022209092683974065,14680,6680
1836,836,agreement_filtered_ema,0.13121656328439713,0.017898442689329386,0.004362775478512049,0.836,6845,858799,865644,872697,0.9919181571610766,0.007843501238115863,0.9840746559229606,865644,865644,False,0.11668290197849274,7.400160612045057e-05,0.00022200481836135165,14688,6688
1837,837,agreement_filtered_ema,0.14107833057641983,0.015203092247247696,0.004753620829433203,0.837,4233,871872,876105,882791,0.9924262934261904,0.004795019432685652,0.9876312739935047,876105,876105,False,0.11668545752763748,7.397289301279533e-05,0.00022191867903838597,14696,6696
1838,838,agreement_filtered_ema,0.13947419822216034,0.016083550173789263,0.004827824071981013,0.838,8220,861324,869544,875011,0.9937520785452982,0.009394167616178539,0.9843579109291197,869544,869544,False,0.11668815463781357,7.394416963591433e-05,0.00022183250890774295,14704,6704
1839,839,agreement_filtered_ema,0.1380976438522339,0.015623932238668203,0.013437644578516483,0.839,17956,813177,831133,850011,0.9777908756474917,0.021124432507344023,0.9566664431401476,831133,831133,False,0.11669076979160309,7.391543600211172e-05,0.00022174630800633516,14712,6712
1840,840,agreement_filtered_ema,0.29695725440979004,0.015778433997184038,0.010821624659001827,0.84,4831,856337,861168,870996,0.9887163660912335,0.005546523749822042,0.9831698423414115,861168,861168,False,0.11669331043958664,7.388669212369611e-05,0.00022166007637108832,14720,6720
1841,841,agreement_filtered_ema,0.10011883825063705,0.02036256156861782,0.005874828202649951,0.841,6208,855440,861648,865638,0.9953906829413681,0.007171589047615747,0.9882190938937524,861648,861648,False,0.1166958436369896,7.385793801298042e-05,0.00022157381403894124,14728,6728
1842,842,agreement_filtered_ema,0.18442056328058243,0.016859155148267746,0.004610128467902541,0.842,2362,848666,851028,853971,0.9965537471412964,0.0027659018865980227,0.9937878452546983,851028,851028,False,0.11669855564832687,7.382917368228204e-05,0.00022148752104684608,14736,6736
1843,843,agreement_filtered_ema,0.1854018047451973,0.014414945617318153,0.006964340340346098,0.843,13336,834818,848154,861445,0.9845712726871709,0.015480965122555706,0.9690903075646152,848154,848154,False,0.11670152097940445,7.380039914392267e-05,0.00022140119743176799,14744,6744
1844,844,agreement_filtered_ema,0.1779242753982544,0.01743158930912614,0.00982718588784337,0.844,12097,842665,854762,867312,0.9855300053498626,0.013947691257586659,0.9715823140922759,854762,854762,False,0.116704560816288,7.377161441022842e-05,0.00022131484323068522,14752,6752
1845,845,agreement_filtered_ema,0.250532791018486,0.021725020371377468,0.015412630513310432,0.845,10632,841890,852522,857384,0.9943292620342811,0.012400511322814514,0.9819287507114665,852522,852522,False,0.11670685559511185,7.374281949352973e-05,0.00022122845848058915,14760,6760
1846,846,agreement_filtered_ema,0.19519634544849396,0.019071306101977825,0.006386138498783112,0.846,11080,851171,862251,874010,0.9865459205272251,0.012677200489696915,0.9738687200375282,862251,862251,False,0.11670933663845062,7.371401440616146e-05,0.00022114204321848434,14768,6768
1847,847,agreement_filtered_ema,0.18957211077213287,0.014485728461295366,0.007480441126972437,0.847,10918,850320,861238,874102,0.9852831820542682,0.012490533141441159,0.9727926489128271,861238,861238,False,0.11671245843172073,7.368519916046279e-05,0.00022105559748138834,14776,6776
1848,848,agreement_filtered_ema,0.23813705146312714,0.014584490563720465,0.0023650265648029745,0.848,7746,843465,851211,859208,0.9906925913166544,0.009015279187344623,0.9816773121293098,851211,851211,False,0.11671586334705353,7.365637376877724e-05,0.0002209691213063317,14784,6784
1849,849,agreement_filtered_ema,0.12338802590966225,0.015454278327524662,0.0030033919028937817,0.849,13324,854025,867349,875538,0.9906468936813708,0.015218071631385503,0.9754288220499853,867349,867349,False,0.11671962589025497,7.362753824345272e-05,0.0002208826147303581,14792,6792
1850,850,agreement_filtered_ema,0.08943790197372437,0.026650115847587585,0.00841554079670459,0.85,6386,857150,863536,876958,0.9846948200483946,0.007281990699668627,0.977412829348726,863536,863536,False,0.11672360450029373,7.35986925968414e-05,0.00022079607779052418,14800,6800
1851,851,agreement_filtered_ema,0.10832316428422928,0.01655273651704192,0.006878356798551977,0.851,8381,838128,846509,854866,0.9902241988802923,0.009803875695138185,0.9804203231851542,846509,846509,False,0.11672729253768921,7.35698368412999e-05,0.00022070951052389966,14808,6808
1852,852,agreement_filtered_ema,0.28172390162944794,0.014540679287165403,0.01851084071677178,0.852,6791,846386,853177,860537,0.9914472009919387,0.007891583976052163,0.9835556170158866,853177,853177,False,0.11673036217689514,7.354097098918907e-05,0.00022062291296756715,14816,6816
1853,853,agreement_filtered_ema,0.12068836390972137,0.014098487794399261,0.005300032091327012,0.853,6301,869985,876286,882856,0.9925582427938417,0.007137064255099359,0.9854211785387424,876286,876286,False,0.11673372983932495,7.351209505287412e-05,0.00022053628515862232,14824,6824
1854,854,agreement_filtered_ema,0.18923596292734146,0.018344505690038204,0.007006020983681083,0.854,7812,851092,858904,867254,0.9903719094982554,0.009007741676602241,0.9813641678216531,858904,858904,False,0.11673694103956223,7.34832090447246e-05,0.0002204496271341738,14832,6832
1855,855,agreement_filtered_ema,0.17215391620993614,0.014345247764140368,0.0033522568410262465,0.855,8413,855037,863450,870806,0.9915526535186941,0.009661164484397213,0.981891489034297,863450,863450,False,0.1167401373386383,7.345431297711436e-05,0.0002203629389313431,14840,6840
1856,856,agreement_filtered_ema,0.22373099625110626,0.018465110566467047,0.024895205162465572,0.856,5456,849964,855420,864610,0.9893709302460069,0.006310359584089937,0.983060570661917,855420,855420,False,0.11674351245164871,7.342540686242158e-05,0.00022027622058726473,14848,6848
1857,857,agreement_filtered_ema,0.1718207597732544,0.017451466992497444,0.006129586370661855,0.857,4507,849665,854172,862027,0.9908877564159824,0.005228374517271501,0.9856593818987108,854172,854172,False,0.11674710363149643,7.339649071302867e-05,0.000220189472139086,14856,6856
1858,858,agreement_filtered_ema,0.23903295397758484,0.014888469595462084,0.009897562209516764,0.858,10333,863990,874323,885087,0.9878384836744862,0.01167455854622201,0.9761639251282642,874323,874323,False,0.11675058305263519,7.336756454132243e-05,0.00022010269362396722,14864,6864
1859,859,agreement_filtered_ema,0.21547679603099823,0.016064506489783525,0.019779152236878872,0.859,11926,840828,852754,860820,0.9906298645477568,0.013854232011338027,0.9767756325364187,852754,852754,False,0.1167532354593277,7.333862835969389e-05,0.0002200158850790816,14872,6872
1860,860,agreement_filtered_ema,0.23220866173505783,0.014482032507658005,0.012366721173748374,0.86,11330,860513,871843,882569,0.987846842569816,0.01283752318515606,0.97500931938466,871843,871843,False,0.11675620079040527,7.33096821805384e-05,0.00021992904654161515,14880,6880
1861,861,agreement_filtered_ema,0.14074212685227394,0.020832782611250877,0.00664064078591764,0.861,7284,853408,860692,871064,0.9880927233819788,0.008362186934599525,0.9797305364473793,860692,860692,False,0.11675913631916046,7.328072601625557e-05,0.0002198421780487667,14888,6888
1862,862,agreement_filtered_ema,0.10449402406811714,0.016042751260101795,0.007799057988449931,0.862,8749,847097,855846,862037,0.9928181736978807,0.010149216332941625,0.9826689573649391,855846,855846,False,0.11676224321126938,7.325175987924932e-05,0.00021975527963774796,14896,6896
1863,863,agreement_filtered_ema,0.18615234643220901,0.01504848850890994,0.004746381426230073,0.863,19074,829778,848852,858851,0.9883577011612026,0.02220874167929012,0.9661489594819125,848852,848852,False,0.11676561087369919,7.322278378192783e-05,0.00021966835134578345,14904,6904
1864,864,agreement_filtered_ema,0.24167709425091743,0.016489192377775908,0.0038051727460697293,0.864,5971,848365,854336,861847,0.9912849960607857,0.006928143858480682,0.9843568522023051,854336,854336,False,0.11676917970180511,7.319379773670352e-05,0.00021958139321011052,14912,6912
1865,865,agreement_filtered_ema,0.14174684882164001,0.01713767135515809,0.007019629701972008,0.865,13753,831702,845455,858754,0.9845136092524751,0.016015063685292878,0.9684985455671822,845455,845455,False,0.11677286773920059,7.316480175599309e-05,0.00021949440526797926,14920,6920
1866,866,agreement_filtered_ema,0.06130332872271538,0.015769644174724817,0.009450732730329037,0.866,9999,850776,860775,871028,0.9882288514261309,0.011479539119293525,0.9767493123068375,860775,860775,False,0.11677674204111099,7.313579585221751e-05,0.0002194073875566525,14928,6928
1867,867,agreement_filtered_ema,0.10375284031033516,0.01484624994918704,0.006862621754407883,0.867,7500,864805,872305,879226,0.9921283037580781,0.00853022999774802,0.9835980737603301,872305,872305,False,0.1167808324098587,7.310678003780197e-05,0.00021932034011340587,14936,6936
1868,868,agreement_filtered_ema,0.16766634583473206,0.018584501463919878,0.005903901997953653,0.868,18424,852278,870702,887166,0.9814420300146759,0.02076725212643406,0.9606747778882418,870702,870702,False,0.11678477376699448,7.307775432517595e-05,0.00021923326297552782,14944,6944
1869,869,agreement_filtered_ema,0.17185670882463455,0.01637548813596368,0.00950240483507514,0.869,6521,847006,853527,865164,0.9865493709863101,0.007537299286609244,0.9790120716997008,853527,853527,False,0.11678845435380936,7.304871872677312e-05,0.00021914615618031933,14952,6952
1870,870,agreement_filtered_ema,0.32471229135990143,0.016284762416034937,0.010179669130593538,0.87,14962,845599,860561,872375,0.9864576586903567,0.017150881215073792,0.969306777475283,860561,860561,False,0.1167917549610138,7.301967325503142e-05,0.00021905901976509423,14960,6960
1871,871,agreement_filtered_ema,0.08364282175898552,0.01586259389296174,0.003083881107158959,0.871,11467,837967,849434,862404,0.984960644894968,0.013296552427864435,0.9716640924671036,849434,849434,False,0.11679515987634659,7.2990617922393e-05,0.00021897185376717899,14968,6968
1872,872,agreement_filtered_ema,0.13096802681684494,0.015799124725162983,0.008056225022301078,0.872,4827,856568,861395,867861,0.9925494981339178,0.0055619505888615806,0.9869875475450561,861395,861395,False,0.11679883301258087,7.296155274130425e-05,0.00021888465822391269,14976,6976
1873,873,agreement_filtered_ema,0.14055468514561653,0.014911862090229988,0.008797264192253351,0.873,6358,844115,850473,861258,0.9874776199466362,0.007382224606331669,0.9800953953403045,850473,850473,False,0.11680299788713455,7.293247772421576e-05,0.00021879743317264726,14984,6984
1874,874,agreement_filtered_ema,0.12619058042764664,0.01496349647641182,0.008569634752348065,0.874,15321,828867,844188,858048,0.9838470575072723,0.017855644439471918,0.9659914130678005,844188,844188,False,0.11680713295936584,7.290339288358233e-05,0.00021871017865074697,14992,6992
1875,875,agreement_filtered_ema,0.24836914241313934,0.015576073434203863,0.0030743865063413978,0.875,8765,853601,862366,870704,0.9904238409379077,0.010066566824087176,0.9803572741138206,862366,862366,False,0.11681126803159714,7.287429823186303e-05,0.00021862289469558904,15000,7000
1876,876,agreement_filtered_ema,0.15160151571035385,0.01606312207877636,0.003407792770303786,0.876,8299,869613,877912,882127,0.9952217764562246,0.009407942393782301,0.9858138340624423,877912,877912,False,0.11681541055440903,7.284519378152103e-05,0.00021853558134456307,15008,7008
1877,877,agreement_filtered_ema,0.2875353693962097,0.015389395412057638,0.004595691571012139,0.877,17560,833007,850567,865127,0.9831701010371887,0.02029759792492894,0.9628725031122598,850567,850567,False,0.11681929975748062,7.28160795450238e-05,0.00021844823863507136,15016,7016
1878,878,agreement_filtered_ema,0.13453413546085358,0.01510450430214405,0.09578878385946155,0.878,9652,834216,843868,853838,0.988323311916312,0.011304252094659642,0.9770190598216524,843868,843868,False,0.1168203055858612,7.278695553484292e-05,0.00021836086660452871,15024,7024
1879,879,agreement_filtered_ema,0.12591123953461647,0.016151768621057272,0.004671014379709959,0.879,6219,844451,850670,860770,0.9882663196905097,0.00722492651927925,0.9810413931712304,850670,850670,False,0.11682149022817612,7.27578217634542e-05,0.00021827346529036256,15032,7032
1880,880,agreement_filtered_ema,0.13745228201150894,0.020134245976805687,0.01203331258147955,0.88,5359,851959,857318,867792,0.987930287442152,0.006175442963290742,0.9817548444788613,857318,857318,False,0.11682301014661789,7.272867824333762e-05,0.00021818603473001283,15040,7040
1881,881,agreement_filtered_ema,0.24148643016815186,0.0152419270016253,0.013265957590192556,0.881,6995,840659,847654,856381,0.9898094422926245,0.008168093407023276,0.9816413488856012,847654,847654,False,0.11682461202144623,7.269952498697734e-05,0.00021809857496093199,15048,7048
1882,882,agreement_filtered_ema,0.09253806248307228,0.014710814692080021,0.009045225335285068,0.882,5535,867835,873370,880580,0.9918122146766903,0.006285629925730768,0.9855265847509596,873370,873370,False,0.11682743579149246,7.267036200686171e-05,0.00021801108602058507,15056,7056
1883,883,agreement_filtered_ema,0.15273092687129974,0.022674391977488995,0.009861447382718325,0.883,11023,827363,838386,851765,0.984292615921058,0.012941362934612247,0.9713512529864458,838386,838386,False,0.11683027446269989,7.264118931548318e-05,0.00021792356794644952,15064,7064
1884,884,agreement_filtered_ema,0.15384048968553543,0.014202480670064688,0.027982961386442184,0.884,4947,857266,862213,869079,0.9920996825374908,0.005692232811976817,0.986407449725514,862213,862213,False,0.11683433502912521,7.261200692533844e-05,0.00021783602077601527,15072,7072
1885,885,agreement_filtered_ema,0.1424339935183525,0.01643245294690132,0.0072915025521069765,0.885,9582,861436,871018,881125,0.9885294367995461,0.01087473400482338,0.9776547027947227,871018,871018,False,0.11683863401412964,7.258281484892829e-05,0.00021774844454678483,15080,7080
1886,886,agreement_filtered_ema,0.17343981564044952,0.01642919797450304,0.004449008498340845,0.886,5114,855578,860692,865819,0.9940784390270946,0.0059065462873880105,0.9881718927397065,860692,860692,False,0.11684279888868332,7.255361309875768e-05,0.000217660839296273,15088,7088
1887,887,agreement_filtered_ema,0.13187585026025772,0.016847075428813696,0.008394511416554451,0.887,12731,852730,865461,875085,0.9890022112137679,0.014548301022186415,0.9744539101915813,865461,865461,False,0.11684684455394745,7.252440168733572e-05,0.00021757320506200713,15096,7096
1888,888,agreement_filtered_ema,0.12957477569580078,0.016516332980245352,0.004615331534296274,0.888,5817,876345,882162,887439,0.9940536758019425,0.0065548167254312695,0.9874988590765111,882162,882162,False,0.11685074120759964,7.249518062717565e-05,0.00021748554188152694,15104,7104
1889,889,agreement_filtered_ema,0.17337489128112793,0.014209591783583164,0.004413745831698179,0.889,10846,852435,863281,874662,0.9869881165524511,0.01240021859872728,0.9745878979537238,863281,863281,False,0.1168544739484787,7.246594993079482e-05,0.00021739784979238447,15112,7112
1890,890,agreement_filtered_ema,0.1366652064025402,0.017812979873269796,0.009268545545637608,0.89,13819,836359,850178,861782,0.9865348777300988,0.0160353778565809,0.9704994998735179,850178,850178,False,0.11685846000909805,7.243670961071478e-05,0.00021731012883214433,15120,7120
1891,891,agreement_filtered_ema,0.20226798951625824,0.01934914756566286,0.00942574767395854,0.891,7124,854459,861583,869489,0.9909073030251101,0.00819331814433535,0.9827139848807748,861583,861583,False,0.11686211824417114,7.240745967946113e-05,0.00021722237903838338,15128,7128
1892,892,agreement_filtered_ema,0.11955565959215164,0.0182225969620049,0.007301091682165861,0.892,7629,851825,859454,866359,0.9920298629090251,0.0088058183732148,0.9832240445358102,859454,859454,False,0.11686571687459946,7.237820014956361e-05,0.00021713460044869078,15136,7136
1893,893,agreement_filtered_ema,0.1916946843266487,0.01434754254296422,0.003087756922468543,0.893,18462,831679,850141,863134,0.9849467174274215,0.02138949456283729,0.9635572228645842,850141,850141,False,0.11686946451663971,7.234893103355607e-05,0.00021704679310066818,15144,7144
1894,894,agreement_filtered_ema,0.0676461011171341,0.014426820911467075,0.003466811147518456,0.894,7973,855122,863095,872181,0.9895824375903626,0.009141451143741952,0.9804409864466206,863095,863095,False,0.11687376350164413,7.231965234397645e-05,0.00021695895703192932,15152,7152
1895,895,agreement_filtered_ema,0.2015116810798645,0.016995418816804886,0.007774230092763901,0.895,8325,851487,859812,866254,0.9925633821027089,0.009610345233615083,0.9829530368690939,859812,859812,False,0.11687788367271423,7.229036409336687e-05,0.00021687109228010057,15160,7160
1896,896,agreement_filtered_ema,0.13829772174358368,0.015398835763335228,0.008047585841268301,0.896,12717,840516,853233,861469,0.9904395863345054,0.014761993757175244,0.9756775925773301,853233,853233,False,0.11688241362571716,7.226106629427342e-05,0.00021678319888282022,15168,7168
1897,897,agreement_filtered_ema,0.12811429798603058,0.019067333545535803,0.0057103491853922606,0.897,5859,860282,866141,870450,0.9950496869435349,0.006731001206272617,0.9883186857372623,866141,866141,False,0.11688677966594696,7.223175895924638e-05,0.0002166952768777391,15176,7176
1898,898,agreement_filtered_ema,0.11370774731040001,0.017385948449373245,0.0032763645285740495,0.898,8386,831837,840223,849074,0.9895757024711627,0.00987664208302221,0.9796990603881405,840223,840223,False,0.11689091473817825,7.220244210084008e-05,0.00021660732630252022,15184,7184
1899,899,agreement_filtered_ema,0.1869203746318817,0.018656605388969183,0.016713839955627918,0.899,3187,842668,845855,850868,0.9941083693357842,0.003745586859536379,0.9903627824762478,845855,845855,False,0.11689497530460358,7.217311573161293e-05,0.00021651934719483875,15192,7192
1900,900,agreement_filtered_ema,0.18802957236766815,0.016436669509857893,0.006160506280139089,0.9,10665,854416,865081,872449,0.9915548072150923,0.01222421024036935,0.9793305969747229,865081,865081,False,0.11689870059490204,7.214377986412741e-05,0.0002164313395923822,15200,7200
1901,901,agreement_filtered_ema,0.10876144096255302,0.027721142396330833,0.0037145449314266443,0.901,6878,857492,864370,871433,0.9918949592223384,0.007892746774565572,0.9840022124477729,864370,864370,False,0.11690197885036469,7.211443451095007e-05,0.00021634330353285017,15208,7208
1902,902,agreement_filtered_ema,0.07992662489414215,0.01496133441105485,0.014679059153422713,0.902,6987,845054,852041,861078,0.989505015805769,0.008114247489774445,0.9813907683159946,852041,852041,False,0.1169048324227333,7.208507968465154e-05,0.00021625523905395458,15216,7216
1903,903,agreement_filtered_ema,0.149290069937706,0.022354159969836473,0.0032587569439783692,0.903,4627,847879,852506,860154,0.9911085689306799,0.005379269293638116,0.9857292996370417,852506,852506,False,0.11690772324800491,7.205571539780648e-05,0.0002161671461934194,15224,7224
1904,904,agreement_filtered_ema,0.09973865747451782,0.02177725126966834,0.009531583986245096,0.904,2045,863268,865313,870425,0.9941270069219059,0.0023494270040497456,0.9917775799178562,865313,865313,False,0.11691068112850189,7.202634166299364e-05,0.00021607902498898087,15232,7232
1905,905,agreement_filtered_ema,0.13571640104055405,0.016882112715393305,0.007649855222553015,0.905,10184,855017,865201,874113,0.9898045218409977,0.01165066759103228,0.9781538542499654,865201,865201,False,0.1169138252735138,7.199695849279576e-05,0.00021599087547838727,15240,7240
1906,906,agreement_filtered_ema,0.14276260510087013,0.018723880872130394,0.013144106138497591,0.906,9694,829321,839015,850735,0.9862236771732679,0.011394852686206634,0.9748288244870612,839015,839015,False,0.1169174313545227,7.196756589979969e-05,0.000215902697699399,15248,7248
1907,907,agreement_filtered_ema,0.3041289895772934,0.014934530947357416,0.005980299785733223,0.907,7585,857851,865436,872934,0.9914105762864088,0.008689087605706731,0.9827214886807021,865436,865436,False,0.1169210746884346,7.193816389659626e-05,0.00021581449168978878,15256,7256
1908,908,agreement_filtered_ema,0.13304458186030388,0.016278675757348537,0.00977092212997377,0.908,13056,849376,862432,873181,0.9876898375021903,0.01495222639979569,0.9727376111023945,862432,862432,False,0.11692488193511963,7.190875249578037e-05,0.0002157262574873411,15264,7264
1909,909,agreement_filtered_ema,0.24352337419986725,0.014130220748484135,0.0053373517584986985,0.909,8566,842968,851534,860704,0.9893459307729486,0.009952318102390601,0.979393612670558,851534,851534,False,0.11692845076322556,7.187933170995094e-05,0.00021563799512985278,15272,7272
1910,910,agreement_filtered_ema,0.061898380517959595,0.01515681017190218,0.005529531976208091,0.91,10584,847866,858450,865877,0.9914225692563724,0.012223445131352375,0.9791991241250201,858450,858450,False,0.11693194508552551,7.184990155171086e-05,0.00021554970465513255,15280,7280
1911,911,agreement_filtered_ema,0.23826578631997108,0.02086007222533226,0.005136378691531718,0.911,19458,840505,859963,870892,0.987450797573063,0.022342609646201824,0.9651081879268611,859963,859963,False,0.11693515628576279,7.18204620336671e-05,0.00021546138610100128,15288,7288
1912,912,agreement_filtered_ema,0.2696566954255104,0.018181906081736088,0.003608688130043447,0.912,11744,845529,857273,864144,0.9920487789072192,0.013590327538002926,0.9784584513692163,857273,857273,False,0.1169385015964508,7.179101316843062e-05,0.00021537303950529185,15296,7296
1913,913,agreement_filtered_ema,0.14265499636530876,0.017663704231381416,0.01733215292915702,0.913,7842,844051,851893,860620,0.9898596360763171,0.009112035509284005,0.980747600567033,851893,851893,False,0.11694164574146271,7.176155496861638e-05,0.00021528466490584912,15304,7304
1914,914,agreement_filtered_ema,0.19770967960357666,0.016743694432079792,0.004882665700279176,0.914,11995,843050,855045,868380,0.984643819526014,0.013813077224256662,0.9708307423017573,855045,855045,False,0.11694519221782684,7.173208744684332e-05,0.00021519626234052993,15312,7312
1915,915,agreement_filtered_ema,0.14324379339814186,0.01388745242729783,0.004698743927292526,0.915,8453,846393,854846,862474,0.9911556754174619,0.009800875156816321,0.9813548002606456,854846,854846,False,0.11694929003715515,7.17026106157344e-05,0.00021510783184720318,15320,7320
1916,916,agreement_filtered_ema,0.07813160866498947,0.01757565326988697,0.01497648749500513,0.916,15633,840945,856578,870635,0.9838543132311474,0.017955859803476772,0.9658984534276706,856578,856578,False,0.11695273220539093,7.167312448791655e-05,0.0002150193734637496,15328,7328
1917,917,agreement_filtered_ema,0.16567878425121307,0.014777564443647861,0.003839525976218283,0.917,9839,864490,874329,882619,0.9906074988188561,0.011147505322228505,0.9794599934966276,874329,874329,False,0.11695601046085358,7.164362907602072e-05,0.0002149308872280621,15336,7336
1918,918,agreement_filtered_ema,0.12076043337583542,0.017195854801684618,0.009713915875181556,0.918,10370,839154,849524,858849,0.9891424452959717,0.012074299440297422,0.9770681458556743,849524,849524,False,0.11695889383554459,7.161412439268175e-05,0.00021484237317804522,15344,7344
1919,919,agreement_filtered_ema,0.1802135929465294,0.015613048803061247,0.021883973851799965,0.919,10438,830334,840772,850563,0.9884888009471373,0.012271871689692591,0.9762169292574447,840772,840772,False,0.1169607862830162,7.158461045053856e-05,0.00021475383135161565,15352,7352
1920,920,agreement_filtered_ema,0.25680284202098846,0.013891556300222874,0.020360508002340794,0.92,7052,852524,859576,871036,0.9868432533213323,0.008096106245895691,0.9787471470754366,859576,859576,False,0.1169629618525505,7.155508726223395e-05,0.00021466526178670183,15360,7360
1921,921,agreement_filtered_ema,0.18608757853507996,0.015075862407684326,0.009456978645175695,0.921,10523,844798,855321,866655,0.9869221316440798,0.012142086528087879,0.9747800451159919,855321,855321,False,0.11696577817201614,7.152555484041476e-05,0.00021457666452124428,15368,7368
1922,922,agreement_filtered_ema,0.24150121584534645,0.015490261372178793,0.006646664580330253,0.922,9612,849874,859486,866161,0.9922935805237133,0.011097244045852907,0.9811963364778603,859486,859486,False,0.1169687956571579,7.149601319773172e-05,0.0002144880395931951,15376,7376
1923,923,agreement_filtered_ema,0.24857638776302338,0.020549396984279156,0.008975286735221744,0.923,5308,836649,841957,847701,0.9932240259242351,0.0062616417817131275,0.9869623841425219,841957,841957,False,0.1169719398021698,7.146646234683951e-05,0.00021439938704051847,15384,7384
1924,924,agreement_filtered_ema,0.14112216979265213,0.014987106900662184,0.0035020180512219667,0.924,7578,856210,863788,869838,0.9930446818832932,0.008711967055934553,0.9843327148273586,863788,863788,False,0.11697546392679214,7.143690230039679e-05,0.00021431070690119033,15392,7392
1925,925,agreement_filtered_ema,0.20940304547548294,0.020030314102768898,0.007098861038684845,0.925,13979,848943,862922,876357,0.9846694897170902,0.01595126187158886,0.9687182278455013,862922,862922,False,0.11697909235954285,7.140733307106615e-05,0.00021422199921319844,15400,7400
1926,926,agreement_filtered_ema,0.14894266799092293,0.014554658904671669,0.014449761714786291,0.926,5636,871120,876756,882418,0.9935835397736673,0.006386995732181347,0.987196544041486,876756,876756,False,0.116982601583004,7.137775467151411e-05,0.0002141332640145423,15408,7408
1927,927,agreement_filtered_ema,0.15102962031960487,0.015892877243459225,0.007239303784444928,0.927,18113,833420,851533,865554,0.9838011262151177,0.020926481767746436,0.9628746444473713,851533,851533,False,0.11698666214942932,7.134816711441112e-05,0.0002140445013432333,15416,7416
1928,928,agreement_filtered_ema,0.13453400135040283,0.014380743261426687,0.012644658796489239,0.928,12263,843071,855334,864652,0.9892234101118138,0.014182584438594948,0.9750408256732188,855334,855334,False,0.11699093878269196,7.131857041243152e-05,0.00021395571123729453,15424,7424
1929,929,agreement_filtered_ema,0.14186519384384155,0.017361187376081944,0.0032205895986407995,0.929,5548,867444,872992,876631,0.9958488805438092,0.006328774592730579,0.9895201059510786,872992,872992,False,0.11699506640434265,7.128896457825364e-05,0.00021386689373476087,15432,7432
1930,930,agreement_filtered_ema,0.13851822912693024,0.018087674863636494,0.003752240212634206,0.93,12315,862611,874926,883111,0.9907316294327667,0.01394501936902609,0.9767866100637406,874926,874926,False,0.11699898540973663,7.125934962455964e-05,0.00021377804887367892,15440,7440
1931,931,agreement_filtered_ema,0.1797984391450882,0.01418629614636302,0.009637038223445415,0.931,15594,835136,850730,860701,0.9884152568662056,0.018117790033937452,0.9702974668322681,850730,850730,False,0.11700259894132614,7.122972556403567e-05,0.00021368917669210697,15448,7448
1932,932,agreement_filtered_ema,0.11199661903083324,0.016594030894339085,0.008380245883017778,0.932,9376,862378,871754,882198,0.9881613878063654,0.01062799961006486,0.9775333881963006,871754,871754,False,0.11700629442930222,7.120009240937168e-05,0.00021360027722811505,15456,7456
1933,933,agreement_filtered_ema,0.17751765251159668,0.014676833990961313,0.009985925629734993,0.933,11443,844159,855602,869705,0.983784156696811,0.013157334958405436,0.9706268217384055,855602,855602,False,0.11700990051031113,7.117045017326162e-05,0.00021351135051978482,15464,7464
1934,934,agreement_filtered_ema,0.08488908410072327,0.014335580635815859,0.010013312567025423,0.934,10811,848392,859203,867561,0.9903660952947401,0.012461371592314547,0.9779047237024255,859203,859203,False,0.11701370775699615,7.114079886840326e-05,0.00021342239660520975,15472,7472
1935,935,agreement_filtered_ema,0.1785910502076149,0.016969761811196804,0.014513439498841763,0.935,11166,837467,848633,858246,0.9887992487002562,0.01301025580078439,0.9757889928994717,848633,848633,False,0.11701671034097672,7.111113850749828e-05,0.0002133334155224948,15480,7480
1936,936,agreement_filtered_ema,0.18127547204494476,0.016722898930311203,0.008945772657170892,0.936,4989,861096,866085,874504,0.990372828483346,0.005704948176337672,0.9846678803070084,866085,866085,False,0.11701987683773041,7.108146910325223e-05,0.00021324440730975666,15488,7488
1937,937,agreement_filtered_ema,0.23990017920732498,0.01698358217254281,0.0055585254449397326,0.937,9336,854276,863612,869556,0.9931643275418719,0.010736513807046355,0.9824278137348256,863612,863612,False,0.11702312529087067,7.105179066837456e-05,0.00021315537200512362,15496,7496
1938,938,agreement_filtered_ema,0.23412025719881058,0.0158939016982913,0.0033348967554047704,0.938,8487,828129,836616,844061,0.9911795474497697,0.010054960482713928,0.9811245869670557,836616,836616,False,0.11702637374401093,7.102210321557855e-05,0.00021306630964673562,15504,7504
1939,939,agreement_filtered_ema,0.058446748182177544,0.01811251137405634,0.0029031274607405066,0.939,6123,856951,863074,867809,0.9945437302447889,0.007055700044595066,0.9874880302001938,863074,863074,False,0.11702945828437805,7.099240675758137e-05,0.00021297722027274407,15512,7512
1940,940,agreement_filtered_ema,0.17499786615371704,0.016828229650855064,0.012665996793657541,0.94,5660,846921,852581,858879,0.9926671859481953,0.006589985318071579,0.9860772006301237,852581,852581,False,0.117031991481781,7.096270130710403e-05,0.00021288810392131207,15520,7520
1941,941,agreement_filtered_ema,0.12262233346700668,0.016655361279845238,0.004516665474511683,0.941,8169,871479,879648,885174,0.9937571596092971,0.009228694019480916,0.9845284655898162,879648,879648,False,0.11703424155712128,7.09329868768714e-05,0.0002127989606306142,15528,7528
1942,942,agreement_filtered_ema,0.21839436143636703,0.014564397744834423,0.007117508561350405,0.942,9171,844243,853414,861463,0.990656592331882,0.010645843176085334,0.9800107491557966,853414,853414,False,0.11703696101903915,7.090326347961223e-05,0.00021270979043883664,15536,7536
1943,943,agreement_filtered_ema,0.20850902795791626,0.01770414225757122,0.003374083578819409,0.943,11232,823548,834780,842926,0.9903360437333764,0.013325013109098545,0.9770110306242779,834780,834780,False,0.11703959852457047,7.087353112805905e-05,0.00021262059338417712,15544,7544
1944,944,agreement_filtered_ema,0.17707616463303566,0.015808543656021357,0.005483857588842511,0.944,13618,850314,863932,873132,0.9894632197651673,0.015596725351951366,0.9738664944132158,863932,863932,False,0.11704199761152267,7.084378983494824e-05,0.0002125313695048447,15552,7552
1945,945,agreement_filtered_ema,0.1251673623919487,0.015543398447334766,0.011246792739257216,0.945,11020,832413,843433,855990,0.9853304361032255,0.012873982172688933,0.9724564539305366,843433,843433,False,0.11704421788454056,7.081403961302006e-05,0.00021244211883906017,15560,7560
1946,946,agreement_filtered_ema,0.19276312738656998,0.01764916116371751,0.003952140687033534,0.946,4572,857965,862537,865660,0.9963923480350253,0.005281519303190629,0.9911108287318346,862537,862537,False,0.11704645305871964,7.078428047501855e-05,0.00021235284142505562,15568,7568
1947,947,agreement_filtered_ema,0.13858984410762787,0.017874708399176598,0.005025046179071069,0.947,9893,840215,850108,859043,0.9895988908587813,0.011516303607619176,0.978082587251162,850108,850108,False,0.11704884469509125,7.075451243369157e-05,0.00021226353730107467,15576,7576
1948,948,agreement_filtered_ema,0.1369839496910572,0.014893541112542152,0.01162748015485704,0.948,10356,851715,862071,870348,0.9904900108921948,0.011898688800341933,0.978591322091853,862071,862071,False,0.11705168336629868,7.07247355017908e-05,0.00021217420650537238,15584,7584
1949,949,agreement_filtered_ema,0.2930724620819092,0.014640230219811201,0.006203755736351013,0.949,11708,848288,859996,869675,0.9888705550924196,0.013462500359329634,0.97540805473309,859996,859996,False,0.11705461144447327,7.069494969207174e-05,0.0002120848490762152,15592,7592
1950,950,agreement_filtered_ema,0.07594386488199234,0.014763817191123962,0.013752794358879328,0.95,16713,853957,870670,882128,0.9870109553262112,0.01894623002557452,0.9680647253006367,870670,870670,False,0.11705808341503143,7.06651550172937e-05,0.00021199546505188104,15600,7600
1951,951,agreement_filtered_ema,0.07658448070287704,0.015633602626621723,0.008830292616039515,0.951,17851,828999,846850,862906,0.9813931065492649,0.020687073678940696,0.9607060328703242,846850,846850,False,0.11706208437681198,7.063535149021973e-05,0.00021190605447065917,15608,7608
1952,952,agreement_filtered_ema,0.15580689907073975,0.018659780733287334,0.00790540175512433,0.952,9648,852696,862344,872805,0.9880145049581521,0.011054015501744376,0.9769604894564078,862344,862344,False,0.11706570535898209,7.060553912361677e-05,0.00021181661737085028,15616,7616
1953,953,agreement_filtered_ema,0.14800642430782318,0.016937349922955036,0.004534243140369654,0.953,9957,846477,856434,862456,0.9930176148116542,0.011544936785180926,0.9814726780264732,856434,856434,False,0.11706915497779846,7.057571793025544e-05,0.00021172715379076632,15624,7624
1954,954,agreement_filtered_ema,0.18687166273593903,0.015271530486643314,0.014144555199891329,0.954,6599,862503,869102,877357,0.9905910592837351,0.007521453638598655,0.9830696056451365,869102,869102,False,0.11707264184951782,7.054588792291022e-05,0.0002116376637687306,15632,7632
1955,955,agreement_filtered_ema,0.18515057861804962,0.014347119256854057,0.004600041313096881,0.955,13136,825701,838837,849417,0.9875443980989314,0.015464724628774795,0.9720796734701566,838837,838837,False,0.11707597970962524,7.051604911435932e-05,0.00021154814734307797,15640,7640
1956,956,agreement_filtered_ema,0.15336765348911285,0.019948627799749374,0.004832756472751498,0.956,13977,835711,849688,864981,0.9823198428636005,0.01615873643467313,0.9661611064289274,849688,849688,False,0.1170797049999237,7.048620151738477e-05,0.0002114586045521543,15648,7648
1957,957,agreement_filtered_ema,0.14107441157102585,0.018417038954794407,0.0012762179540004581,0.957,6130,841851,847981,852367,0.9948543291798017,0.0071917378312393605,0.9876625913485623,847981,847981,False,0.1170833483338356,7.045634514477229e-05,0.00021136903543431685,15656,7656
1958,958,agreement_filtered_ema,0.12159599363803864,0.01593364914879203,0.03546686377376318,0.958,12427,846510,858937,868698,0.9887636439821433,0.014305316692337268,0.9744583272898061,858937,858937,False,0.11708519607782364,7.042648000931144e-05,0.00021127944002793426,15664,7664
1959,959,agreement_filtered_ema,0.06778511218726635,0.016135876532644033,0.014574743341654539,0.959,12039,852107,864146,875145,0.9874317970164944,0.013756577481445932,0.9736752195350484,864146,864146,False,0.11708644777536392,7.039660612379546e-05,0.00021118981837138636,15672,7672
1960,960,agreement_filtered_ema,0.12250039726495743,0.01434538559988141,0.005927866091951728,0.96,6406,865476,871882,877292,0.9938332960975365,0.007302015748462313,0.9865312803490742,871882,871882,False,0.11708805710077286,7.03667235010214e-05,0.00021110017050306418,15680,7680
1961,961,agreement_filtered_ema,0.1138865128159523,0.016971439588814974,0.004143335041590035,0.961,5954,847561,853515,861156,0.9911270431838134,0.006913962162488562,0.9842130810213249,853515,853515,False,0.1170898973941803,7.033683215379002e-05,0.00021101049646137003,15688,7688
1962,962,agreement_filtered_ema,0.29933999478816986,0.014444430358707905,0.012364518595859408,0.962,15464,848375,863839,874788,0.9874838246523729,0.017677425844890418,0.9698063988074825,863839,863839,False,0.11709176748991013,7.03069320949058e-05,0.0002109207962847174,15696,7696
1963,963,agreement_filtered_ema,0.15164437517523766,0.0159628433175385,0.005477509461343288,0.963,15033,842713,857746,866321,0.9901018213802967,0.017352690284548108,0.9727491310957486,857746,857746,False,0.11709394305944443,7.027702333717702e-05,0.00021083107001153102,15704,7704
1964,964,agreement_filtered_ema,0.40513625741004944,0.017340899910777807,0.008628163486719131,0.964,7468,857427,864895,872963,0.990757912992876,0.008554772653594712,0.9822031403392812,864895,864895,False,0.1170964390039444,7.024710589341561e-05,0.0002107413176802468,15712,7712
1965,965,agreement_filtered_ema,0.1355753093957901,0.014076839201152325,0.0062465546652674675,0.965,11165,861536,872701,881008,0.9905710277318708,0.012672983673247007,0.9778980440586238,872701,872701,False,0.11709969490766525,7.021717977643726e-05,0.00021065153932931175,15720,7720
1966,966,agreement_filtered_ema,0.21808570623397827,0.016849624924361706,0.006015205872245133,0.966,6453,868572,875025,882880,0.9911029811525915,0.0073090340703153315,0.9837939470822762,875025,875025,False,0.11710327863693237,7.018724499906135e-05,0.00021056173499718402,15728,7728
1967,967,agreement_filtered_ema,0.1979489028453827,0.017718863673508167,0.008104264037683606,0.967,3144,852776,855920,862250,0.9926587416642505,0.003646274282400696,0.9890124673818498,855920,855920,False,0.1171066015958786,7.015730157411102e-05,0.00021047190472233305,15736,7736
1968,968,agreement_filtered_ema,0.06229980289936066,0.014882217161357403,0.006558689288794994,0.968,7712,864029,871741,880274,0.9903064273169491,0.008760908535296964,0.9815455187816521,871741,871741,False,0.11711008101701736,7.012734951441307e-05,0.0002103820485432392,15744,7744
1969,969,agreement_filtered_ema,0.14903929829597473,0.02301760483533144,0.025908670853823423,0.969,7179,847277,854456,863190,0.9898817178141545,0.008316824801028742,0.9815648930131258,854456,854456,False,0.11711282283067703,7.009738883279802e-05,0.000210292166498394,15752,7752
1970,970,agreement_filtered_ema,0.0914093479514122,0.01595514127984643,0.011065234197303653,0.97,8984,855743,864727,872245,0.9913808620284439,0.01029985841134085,0.981081003617103,864727,864727,False,0.11711512506008148,7.006741954210004e-05,0.0002102022586263001,15760,7760
1971,971,agreement_filtered_ema,0.12066374346613884,0.01505328668281436,0.005987845943309367,0.971,6892,846342,853234,860423,0.9916448072634042,0.008010013679318195,0.983634793584086,853234,853234,False,0.11711737513542175,7.003744165515705e-05,0.0002101123249654711,15768,7768
1972,972,agreement_filtered_ema,0.18086186051368713,0.016712321899831295,0.0016818545991554856,0.972,12268,866095,878363,884368,0.9932098402474988,0.013872053262895085,0.9793377869846037,878363,878363,False,0.11711957305669785,7.000745518481062e-05,0.00021002236555443183,15776,7776
1973,973,agreement_filtered_ema,0.16681786999106407,0.013966990634799004,0.006912845652550459,0.973,6565,865823,872388,878446,0.9931037309066237,0.007473424661276846,0.9856303062453469,872388,872388,False,0.1171218752861023,6.997746014390601e-05,0.000209932380431718,15784,7784
1974,974,agreement_filtered_ema,0.0712223406881094,0.015206288546323776,0.006392133422195911,0.974,8510,844475,852985,862064,0.9894682993374042,0.009871656860743518,0.9795966424766607,852985,852985,False,0.11712469905614853,6.994745654529212e-05,0.00020984236963587634,15792,7792
1975,975,agreement_filtered_ema,0.20606234669685364,0.02184148319065571,0.00979878450743854,0.975,20560,839641,860201,877532,0.9802502928668129,0.023429345026734067,0.9568209478400788,860201,860201,False,0.11712784320116043,6.991744440182155e-05,0.00020975233320546464,15800,7800
1976,976,agreement_filtered_ema,0.24978365004062653,0.016004926525056362,0.006621289765462279,0.976,5073,863796,868869,875897,0.9919762255151006,0.005791776887008404,0.9861844486280921,868869,868869,False,0.11713104695081711,6.988742372635056e-05,0.00020966227117905163,15808,7808
1977,977,agreement_filtered_ema,0.1280759461224079,0.019082573242485523,0.004735143855214119,0.977,8426,838019,846445,853727,0.9914703412214911,0.009869665595676369,0.9816006756258148,846445,846445,False,0.11713451892137527,6.985739453173903e-05,0.00020957218359521706,15816,7816
1978,978,agreement_filtered_ema,0.14685972407460213,0.014681411907076836,0.006009240169078112,0.978,3638,858125,861763,867801,0.9930421836342663,0.004192205355836188,0.9888499782784302,861763,861763,False,0.11713831126689911,6.982735683085056e-05,0.00020948207049255164,15824,7824
1979,979,agreement_filtered_ema,0.17912572622299194,0.015135735739022493,0.00956649100407958,0.979,6586,859812,866398,871378,0.9942849142392853,0.0075581435381659855,0.9867267707011194,866398,866398,False,0.11714205145835876,6.979731063655227e-05,0.0002093919319096568,15832,7832
1980,980,agreement_filtered_ema,0.1448323205113411,0.018772617913782597,0.0036377263022586703,0.98,13094,854429,867523,874438,0.9920920637026296,0.01497418913633671,0.9771178745662928,867523,867523,False,0.11714603006839752,6.976725596171505e-05,0.00020930176788514513,15840,7840
1981,981,agreement_filtered_ema,0.18740713968873024,0.01736479438841343,0.0031061801710166037,0.981,9481,855760,865241,869927,0.9946133411194272,0.010898615630966736,0.9837147254884605,865241,865241,False,0.11714985221624374,6.973719281921335e-05,0.00020921157845764005,15848,7848
1982,982,agreement_filtered_ema,0.23671486228704453,0.014629682060331106,0.011265827342867851,0.982,2989,856718,859707,864589,0.9943533864067204,0.00345713396770026,0.9908962524390201,859707,859707,False,0.11715320497751236,6.970712122192531e-05,0.0002091213636657759,15856,7856
1983,983,agreement_filtered_ema,0.16128359735012054,0.013571076095104218,0.005942713236436248,0.983,9479,839933,849412,860916,0.9866374884425426,0.011010365703506497,0.9756271227390361,849412,849412,False,0.11715704947710037,6.967704118273258e-05,0.0002090311235481977,15864,7864
1984,984,agreement_filtered_ema,0.1721204984933138,0.01546110026538372,0.001234206953085959,0.984,3654,843981,847635,851941,0.9949456593825159,0.004289029404618395,0.9906566299778975,847635,847635,False,0.11716081202030182,6.964695271452052e-05,0.00020894085814356152,15872,7872
1985,985,agreement_filtered_ema,0.11113596893846989,0.01548906322568655,0.01091171894222498,0.985,5620,865167,870787,877562,0.9922797477557141,0.006404105920721271,0.9858756418349929,870787,870787,False,0.11716432869434357,6.961685583017808e-05,0.0002088505674905342,15880,7880
1986,986,agreement_filtered_ema,0.08873455040156841,0.019211688078939915,0.004010882112197578,0.986,7693,867847,875540,883844,0.9906046768434249,0.008704024692140242,0.9819006521512846,875540,875540,False,0.11716768145561218,6.95867505425978e-05,0.00020876025162779336,15888,7888
1987,987,agreement_filtered_ema,0.13454541936516762,0.014750875998288393,0.004353397409431636,0.987,7691,857635,865326,871113,0.9933567746090346,0.008828934937258427,0.9845278396717763,865326,865326,False,0.11717116087675095,6.955663686467585e-05,0.0002086699105940275,15896,7896
1988,988,agreement_filtered_ema,0.20418677106499672,0.02129137283191085,0.007682208903133869,0.988,6927,858915,865842,875140,0.9893754142194392,0.007915304979774664,0.9814601092396645,865842,865842,False,0.11717476695775986,6.952651480931193e-05,0.00020857954442793578,15904,7904
1989,989,agreement_filtered_ema,0.18053217977285385,0.016643567942082882,0.0088069211342372,0.989,10728,847350,858078,866886,0.9898394944664004,0.012375329628117191,0.9774641648382832,858078,858078,False,0.11717845499515533,6.949638438940942e-05,0.00020848915316822823,15912,7912
1990,990,agreement_filtered_ema,0.13065462559461594,0.014462649822235107,0.0025448800297454,0.99,8327,848636,856963,862055,0.9940931843095858,0.009659476483519032,0.9844337078260668,856963,856963,False,0.11718256026506424,6.94662456178752e-05,0.00020839873685362558,15920,7920
1991,991,agreement_filtered_ema,0.12677032127976418,0.015256963204592466,0.004331678268499672,0.991,3073,857270,860343,866318,0.9931029945124077,0.003547196295124885,0.9895557982172828,860343,860343,False,0.11718795448541641,6.943609850761979e-05,0.00020830829552285932,15928,7928
1992,992,agreement_filtered_ema,0.25359204411506653,0.021099749486893415,0.0017586290487088263,0.992,10318,857542,867860,875178,0.9916382724428631,0.011789601658176965,0.9798486707846861,867860,867860,False,0.11719299107789993,6.940594307155724e-05,0.00020821782921467166,15936,7936
1993,993,agreement_filtered_ema,0.17875603586435318,0.014787289313971996,0.0019941620994359255,0.993,4018,850450,854468,857599,0.9963491095488685,0.0046851733735696986,0.9916639361752987,854468,854468,False,0.11719775199890137,6.937577932260515e-05,0.00020812733796781542,15944,7944
1994,994,agreement_filtered_ema,0.22439558058977127,0.016233751084655523,0.0020622878801077604,0.994,8202,869008,877210,881448,0.9951920022508418,0.009305143355024914,0.9858868588958168,877210,877210,False,0.11720212548971176,6.934560727368477e-05,0.00020803682182105425,15952,7952
1995,995,agreement_filtered_ema,0.22775773704051971,0.013916417956352234,0.002423363854177296,0.995,6586,860454,867040,873504,0.9925999194050629,0.007539747957651024,0.9850601714474118,867040,867040,False,0.11720634251832962,6.931542693772081e-05,0.0002079462808131624,15960,7960
1996,996,agreement_filtered_ema,0.15184711292386055,0.02061586733907461,0.012149971909821033,0.996,9678,853547,863225,870238,0.991941285027774,0.011121095608327837,0.9808201894194462,863225,863225,False,0.11720993369817734,6.928523832764158e-05,0.0002078557149829247,15968,7968
1997,997,agreement_filtered_ema,0.14257269725203514,0.01421840162947774,0.007880937540903687,0.997,20789,839553,860342,873095,0.9853933420761772,0.023810696430514436,0.9615826456456629,860342,860342,False,0.11721319705247879,6.925504145637891e-05,0.0002077651243691367,15976,7976
1998,998,agreement_filtered_ema,0.18345195055007935,0.016258116345852613,0.006327722687274218,0.998,10674,842188,852862,860681,0.9909153333232638,0.01240180740599595,0.9785135259172678,852862,852862,False,0.11721619218587875,6.922483633686818e-05,0.00020767450901060453,15984,7984
1999,999,agreement_filtered_ema,0.22432296723127365,0.015213069971650839,0.003184784553013742,0.999,18735,825724,844459,853497,0.9894106247590794,0.02195086801711078,0.9674597567419686,844459,844459,False,0.1172192394733429,6.919462298204834e-05,0.000207583868946145,15992,7992
2000,1000,agreement_filtered_ema,0.17351192235946655,0.01572694443166256,0.0062406950164586306,1.0,3996,849169,853165,858447,0.9938470284129364,0.004654917542958389,0.989192110869978,853165,853165,False,0.11722242087125778,6.916440140486177e-05,0.00020749320421458532,16000,8000
