step,loss,supervised_loss,text_aux_loss,alpha,selected_aux_patches,encoder_lr,head_lr,images_seen
251,0.3399472087621689,0.3381676971912384,0.017795157618820667,0.10488606244325638,97307,9.997322937381829e-05,0.00029991968812145484,4016
252,0.29654067009687424,0.29580749571323395,0.007331729691941291,0.1049116998910904,98795,9.997214794094127e-05,0.00029991644382282377,4032
253,0.2765844240784645,0.2753861993551254,0.011982242460362613,0.10493753105401993,98696,9.997104510158365e-05,0.0002999131353047509,4048
254,0.24622807651758194,0.24512628465890884,0.011017960263416171,0.10496320575475693,98495,9.996992085621781e-05,0.0002999097625686534,4064
255,0.2850664034485817,0.28405727073550224,0.010091230506077409,0.10498914122581482,103538,9.996877520532535e-05,0.000299906325615976,4080
256,0.375695139169693,0.37457650899887085,0.011186304618604481,0.10501392185688019,100656,9.996760814939705e-05,0.0002999028244481911,4096
257,0.3905414938926697,0.3900204002857208,0.005210913805058226,0.10503823310136795,102831,9.996641968893282e-05,0.0002998992590667984,4112
258,0.2767794542014599,0.2756287232041359,0.01150734320981428,0.10506275296211243,100218,9.996520982444175e-05,0.0002998956294733252,4128
259,0.28886914625763893,0.28728121146559715,0.01587935211136937,0.10508755594491959,93395,9.996397855644215e-05,0.0002998919356693264,4144
260,0.3066413551568985,0.30477022379636765,0.018711300363065675,0.10511337965726852,104003,9.99627258854614e-05,0.0002998881776563842,4160
261,0.34414130449295044,0.3436080142855644,0.005332861095666885,0.10513965040445328,100384,9.996145181203615e-05,0.00029988435543610843,4176
262,0.2877754904329777,0.28651588037610054,0.012596124084666371,0.10516580939292908,100399,9.996015633671216e-05,0.00029988046901013643,4192
263,0.3402658626437187,0.33745263516902924,0.028132367588113993,0.10519026219844818,102326,9.995883946004435e-05,0.00029987651838013295,4208
264,0.29395652189850807,0.29225172474980354,0.01704796656849794,0.10521405190229416,98010,9.995750118259685e-05,0.0002998725035477905,4224
265,0.3037460669875145,0.30116406828165054,0.02582002303097397,0.10523690283298492,91784,9.995614150494293e-05,0.00029986842451482874,4240
266,0.35224226862192154,0.3516111746430397,0.006310907017905265,0.10525978356599808,101979,9.995476042766502e-05,0.00029986428128299505,4256
267,0.3053431920707226,0.30426106974482536,0.01082126039545983,0.10528264939785004,99614,9.995335795135475e-05,0.00029986007385406424,4272
268,0.3128044977784157,0.3114287443459034,0.013757538865320385,0.10530520230531693,101740,9.99519340766129e-05,0.0002998558022298386,4288
269,0.26403384283185005,0.26288990676403046,0.011439419002272189,0.1053285226225853,99915,9.995048880404938e-05,0.0002998514664121481,4304
270,0.3428736850619316,0.3421168252825737,0.007568633314804174,0.10535109788179398,100210,9.994902213428333e-05,0.0002998470664028499,4320
271,0.2707945853471756,0.2699720785021782,0.008225123165175319,0.10537499189376831,102320,9.994753406794301e-05,0.000299842602203829,4336
272,0.3269452005624771,0.32664796710014343,0.0029723098487011157,0.10539906471967697,101162,9.994602460566586e-05,0.00029983807381699757,4352
273,0.26137562841176987,0.25957290828227997,0.018027146288659424,0.10542348027229309,99112,9.994449374809851e-05,0.0002998334812442955,4368
274,0.34014614671468735,0.33976198732852936,0.003841640325845219,0.1054481491446495,99762,9.994294149589669e-05,0.00029982882448769,4384
275,0.2585209868848324,0.2560763731598854,0.02444613561965525,0.10547256469726562,91629,9.994136784972537e-05,0.00029982410354917604,4400
276,0.32257743179798126,0.3217674121260643,0.00810027722036466,0.10549638420343399,96669,9.993977281025862e-05,0.00029981931843077583,4416
277,0.3007025457918644,0.29872023686766624,0.019823119626380503,0.10551895201206207,96517,9.993815637817974e-05,0.0002998144691345392,4432
278,0.287158090621233,0.2863723412156105,0.007857468270231038,0.10554158687591553,103012,9.993651855418112e-05,0.0002998095556625433,4448
279,0.2925873287022114,0.2919500768184662,0.00637248350540176,0.10556421428918839,99901,9.993485933896438e-05,0.0002998045780168931,4464
280,0.31319841742515564,0.3126208670437336,0.005775488796643913,0.10558640956878662,100746,9.993317873324026e-05,0.00029979953619972075,4480
281,0.2849169038236141,0.28385965898633003,0.010572445637080818,0.10560803860425949,101337,9.99314767377287e-05,0.000299794430213186,4496
282,0.34230887144804,0.3404718041419983,0.018370688187133055,0.10562887787818909,97663,9.992975335315874e-05,0.0002997892600594762,4512
283,0.353484433144331,0.3525962196290493,0.008882208136128611,0.10564982891082764,104629,9.992800858026867e-05,0.00029978402574080596,4528
284,0.3018820881843567,0.3004853054881096,0.013967896375106648,0.10567035526037216,99602,9.992624241980586e-05,0.00029977872725941757,4544
285,0.22120648249983788,0.2198662869632244,0.013401996868196875,0.10569160431623459,98739,9.992445487252691e-05,0.0002997733646175807,4560
286,0.25327863171696663,0.2523723654448986,0.009062648605322465,0.10571237653493881,99939,9.992264593919751e-05,0.0002997679378175925,4576
287,0.2937496714293957,0.29248999059200287,0.012596772925462574,0.10573280602693558,103036,9.992081562059257e-05,0.00029976244686177764,4592
288,0.3246467113494873,0.3242292106151581,0.004175007372396067,0.1057528704404831,98691,9.991896391749613e-05,0.00029975689175248835,4608
289,0.25775453448295593,0.25709762051701546,0.006569107266841456,0.10577299445867538,100568,9.991709083070143e-05,0.0002997512724921042,4624
290,0.3005037307739258,0.299927793443203,0.00575932499486953,0.10579267144203186,102560,9.991519636101079e-05,0.0002997455890830324,4640
291,0.24107544496655464,0.24013441428542137,0.009410313563421369,0.10581263154745102,95085,9.991328050923581e-05,0.00029973984152770737,4656
292,0.23048434406518936,0.22862082347273827,0.018635201966390014,0.1058327853679657,99780,9.991134327619711e-05,0.00029973402982859127,4672
293,0.25998393073678017,0.2566153071820736,0.03368621412664652,0.10585233569145203,97755,9.990938466272459e-05,0.0002997281539881737,4688
294,0.27983953803777695,0.27937380969524384,0.004657268596929498,0.10587196052074432,97022,9.990740466965722e-05,0.0002997222140089716,4704
295,0.23546797409653664,0.23476415872573853,0.00703809957485646,0.10589204728603363,98194,9.990540329784319e-05,0.00029971620989352953,4720
296,0.2574913799762726,0.25610629096627235,0.013850875722710043,0.1059131920337677,100276,9.990338054813982e-05,0.0002997101416444194,4736
297,0.2876229099929333,0.2859843671321869,0.01638545107562095,0.10593444854021072,101284,9.990133642141359e-05,0.0002997040092642407,4752
298,0.2410503514111042,0.24056600779294968,0.004843416216317564,0.10595709830522537,99937,9.989927091854012e-05,0.0002996978127556203,4768
299,0.25629645586013794,0.255823589861393,0.004728653351776302,0.10597917437553406,100640,9.989718404040425e-05,0.0002996915521212127,4784
300,0.27142779156565666,0.2703426852822304,0.010851070517674088,0.10600165277719498,104947,9.98950757878999e-05,0.00029968522736369965,4800
301,0.3214251697063446,0.32088806107640266,0.005371138191549107,0.10602319985628128,102365,9.989294616193017e-05,0.0002996788384857905,4816
302,0.2786867618560791,0.2771387882530689,0.015479768393561244,0.10604415088891983,99498,9.989079516340736e-05,0.00029967238549022206,4832
303,0.25287677347660065,0.25126319006085396,0.016135900048539042,0.106064572930336,93958,9.988862279325286e-05,0.0002996658683797585,4848
304,0.30375368148088455,0.30141137540340424,0.02342302311444655,0.1060849279165268,95830,9.988642905239726e-05,0.0002996592871571917,4864
305,0.2895081229507923,0.28876984864473343,0.007382708718068898,0.10610552877187729,100953,9.988421394178027e-05,0.0002996526418253408,4880
306,0.25779062137007713,0.2570938505232334,0.006967686931602657,0.10612667351961136,102882,9.98819774623508e-05,0.00029964593238705235,4896
307,0.3213086798787117,0.3198111206293106,0.014975527068600059,0.10614709556102753,96527,9.987971961506686e-05,0.00029963915884520054,4912
308,0.24553730711340904,0.24463430419564247,0.009030034765601158,0.10616756975650787,96902,9.987744040089564e-05,0.0002996323212026869,4928
309,0.2916680574417114,0.2906895875930786,0.009784624184248969,0.1061875969171524,97413,9.987513982081351e-05,0.0002996254194624405,4944
310,0.2742164433002472,0.2729567885398865,0.012596554617630318,0.10620676726102829,97898,9.987281787580595e-05,0.0002996184536274178,4960
311,0.36709973961114883,0.3652215749025345,0.01878162391949445,0.10622499138116837,101292,9.98704745668676e-05,0.00029961142370060274,4976
312,0.23187266662716866,0.23030182346701622,0.015708469407400116,0.1062430739402771,97793,9.986810989500226e-05,0.00029960432968500675,4992
313,0.23611783608794212,0.23408429697155952,0.02033538941759616,0.10626240819692612,103667,9.986572386122291e-05,0.0002995971715836687,5008
314,0.3477839082479477,0.34645404666662216,0.013298664416652173,0.10628127306699753,99143,9.986331646655162e-05,0.0002995899493996548,5024
315,0.2971552275121212,0.2964264564216137,0.007287710905075073,0.1063007265329361,101132,9.986088771201965e-05,0.0002995826631360589,5040
316,0.3074566349387169,0.3066914603114128,0.007651803258340806,0.10631952434778214,98481,9.985843759866739e-05,0.0002995753127960021,5056
317,0.3279207907617092,0.32750510051846504,0.004156938754022121,0.10633837431669235,101172,9.985596612754439e-05,0.00029956789838263314,5072
318,0.27070265635848045,0.26945292949676514,0.012497299001552165,0.1063576340675354,103304,9.98534732997094e-05,0.00029956041989912815,5088
319,0.32961831986904144,0.3285875469446182,0.01030773384263739,0.10637612640857697,100673,9.985095911623019e-05,0.0002995528773486905,5104
320,0.2852904796600342,0.2843729816377163,0.009174973238259554,0.10639548301696777,99346,9.984842357818382e-05,0.00029954527073455144,5120
321,0.2614470273256302,0.26032233238220215,0.011246938162003062,0.10641495883464813,97981,9.98458666866564e-05,0.00029953760005996916,5136
322,0.26905377581715584,0.2683592289686203,0.006945541477762163,0.10643438249826431,99290,9.984328844274324e-05,0.0002995298653282297,5152
323,0.320596307516098,0.3201460540294647,0.004502481548115611,0.10645415633916855,104556,9.984068884754875e-05,0.0002995220665426462,5168
324,0.2122158259153366,0.21079356968402863,0.014222579717170447,0.10647384822368622,100039,9.983806790218655e-05,0.0002995142037065596,5184
325,0.2812832407653332,0.2805766239762306,0.007066148391459137,0.1064930260181427,99844,9.983542560777935e-05,0.00029950627682333796,5200
326,0.23801643401384354,0.23726671934127808,0.00749711284879595,0.10651203244924545,101092,9.983276196545902e-05,0.00029949828589637703,5216
327,0.26630715280771255,0.26461121067404747,0.016959429893177003,0.10653029382228851,95692,9.983007697636659e-05,0.00029949023092909976,5232
328,0.3220372647047043,0.3217979371547699,0.0023933550764922984,0.10654852539300919,103267,9.982737064165222e-05,0.0002994821119249566,5248
329,0.2979772053658962,0.2976996824145317,0.00277524211560376,0.10656651854515076,99913,9.982464296247522e-05,0.0002994739288874256,5264
330,0.2560741454362869,0.25527818873524666,0.007959568785736337,0.10658454895019531,102117,9.982189394000404e-05,0.0002994656818200121,5280
331,0.2219875454902649,0.2212940715253353,0.006934763368917629,0.10660357773303986,101519,9.981912357541627e-05,0.0002994573707262488,5296
332,0.3272913247346878,0.32593151181936264,0.013598060002550483,0.10662183165550232,101429,9.981633186989865e-05,0.00029944899560969593,5312
333,0.28639307245612144,0.28459636121988297,0.017967095016501844,0.10663963109254837,97875,9.981351882464706e-05,0.00029944055647394114,5328
334,0.311332818120718,0.3106234520673752,0.007093634485499933,0.10665708780288696,96075,9.981068444086653e-05,0.0002994320533225995,5344
335,0.2954608350992203,0.2945491224527359,0.00911713286768645,0.10667445510625839,103370,9.98078287197712e-05,0.00029942348615931354,5360
336,0.3127337731420994,0.3117603361606598,0.009734391700476408,0.10669141262769699,99522,9.980495166258437e-05,0.0002994148549877531,5376
337,0.20497816428542137,0.20394448190927505,0.01033684320282191,0.1067088395357132,98903,9.980205327053848e-05,0.00029940615981161544,5392
338,0.2688898555934429,0.26788994669914246,0.009999112080549821,0.1067260205745697,99143,9.979913354487513e-05,0.0002993974006346254,5408
339,0.3161831572651863,0.3154187649488449,0.007643936376553029,0.10674341768026352,104396,9.979619248684502e-05,0.000299388577460535,5424
340,0.24089215695858002,0.23943569138646126,0.014564635697752237,0.10676044225692749,97338,9.9793230097708e-05,0.00029937969029312394,5440
341,0.3742954879999161,0.37351755797863007,0.00777927266608458,0.10677767544984818,102488,9.97902463787331e-05,0.0002993707391361992,5456
342,0.20325732231140137,0.20248907059431076,0.007682521070819348,0.1067962497472763,104349,9.97872413311984e-05,0.00029936172399359516,5472
343,0.29932041838765144,0.29725784063339233,0.020625792385544628,0.10681424289941788,98706,9.97842149563912e-05,0.00029935264486917354,5488
344,0.28029920905828476,0.2783653885126114,0.0193381606368348,0.10683130472898483,99922,9.978116725560788e-05,0.0002993435017668236,5504
345,0.2660880647599697,0.2653128560632467,0.007752051402349025,0.10684775561094284,92055,9.977809823015401e-05,0.000299334294690462,5520
346,0.20298928767442703,0.20255008712410927,0.004391973663587123,0.10686584562063217,102065,9.977500788134423e-05,0.00029932502364403267,5536
347,0.336428739130497,0.3360329121351242,0.003958300861995667,0.10688310861587524,100359,9.977189621050237e-05,0.00029931568863150705,5552
348,0.2537923790514469,0.2532475106418133,0.005448689858894795,0.10690143704414368,101505,9.976876321896136e-05,0.00029930628965688403,5568
349,0.2888031154870987,0.28830521553754807,0.004978987388312817,0.10691885650157928,93561,9.976560890806328e-05,0.0002992968267241898,5584
350,0.28777122870087624,0.28652428090572357,0.012469520617742091,0.10693556070327759,98714,9.976243327915933e-05,0.00029928729983747795,5600
351,0.2443036213517189,0.24298886209726334,0.013147571997251362,0.10695328563451767,100792,9.975923633360985e-05,0.00029927770900082954,5616
352,0.21076158434152603,0.20787973329424858,0.028818491380661726,0.10697043687105179,92891,9.975601807278432e-05,0.0002992680542183529,5632
353,0.26797229051589966,0.26766256988048553,0.003097199762123637,0.10698886215686798,100413,9.975277849806133e-05,0.0002992583354941839,5648
354,0.22603991627693176,0.22446847707033157,0.015714448119979352,0.10700728744268417,97786,9.97495176108286e-05,0.00029924855283248574,5664
355,0.197858065366745,0.19641217216849327,0.014458928490057588,0.10702621936798096,98042,9.974623541248301e-05,0.000299238706237449,5680
356,0.2620147503912449,0.2612452507019043,0.007694957253988832,0.10704559087753296,103116,9.974293190443054e-05,0.0002992287957132916,5696
357,0.28332692570984364,0.28228503838181496,0.010418854421004653,0.1070638969540596,96729,9.973960708808633e-05,0.00029921882126425893,5712
358,0.22617656365036964,0.22529823705554008,0.008783269207924604,0.10708169639110565,101295,9.97362609648746e-05,0.0002992087828946237,5728
359,0.33769985288381577,0.3373233787715435,0.003764708471862832,0.10709866136312485,100330,9.973289353622872e-05,0.00029919868060868614,5744
360,0.23736774176359177,0.23700028285384178,0.0036746032419614494,0.1071164533495903,102728,9.97295048035912e-05,0.00029918851441077356,5760
361,0.25078483298420906,0.24965885281562805,0.011259762104600668,0.10713386535644531,95128,9.972609476841367e-05,0.00029917828430524096,5776
362,0.29175009205937386,0.2907242849469185,0.010258066700771451,0.10715042799711227,100715,9.972266343215689e-05,0.0002991679902964706,5792
363,0.22659135982394218,0.2256682813167572,0.009230802475940436,0.10716760903596878,102918,9.97192107962907e-05,0.00029915763238887204,5808
364,0.26328304782509804,0.2626507356762886,0.006323190231341869,0.10718656331300735,104471,9.971573686229411e-05,0.00029914721058688234,5824
365,0.22437961772084236,0.2232978194952011,0.010818026668857783,0.10720505565404892,101575,9.971224163165527e-05,0.00029913672489496575,5840
366,0.2217293195426464,0.22061537951231003,0.011139399604871869,0.10722307115793228,103340,9.970872510587141e-05,0.0002991261753176142,5856
367,0.31277935206890106,0.3117888495326042,0.00990506840753369,0.10724050551652908,99537,9.97051872864489e-05,0.00029911556185934667,5872
368,0.32990070432424545,0.3286251351237297,0.012755679490510374,0.10725847631692886,104781,9.970162817490322e-05,0.0002991048845247096,5888
369,0.2751132696866989,0.2742413505911827,0.008719211095012724,0.10727588087320328,97654,9.9698047772759e-05,0.00029909414331827697,5904
370,0.2680433914065361,0.2672909051179886,0.007524850079789758,0.10729330033063889,102046,9.969444608154994e-05,0.0002990833382446498,5920
371,0.3043431229889393,0.3039379231631756,0.0040519686008337885,0.10731024295091629,100529,9.969082310281891e-05,0.0002990724693084567,5936
372,0.19457962736487389,0.19370402954518795,0.00875599862774834,0.10732775926589966,95175,9.968717883811788e-05,0.0002990615365143536,5952
373,0.2873116508126259,0.28629493713378906,0.010167160391574726,0.10734454542398453,97997,9.968351328900794e-05,0.0002990505398670238,5968
374,0.23531297221779823,0.23377078026533127,0.01542195538058877,0.10736061632633209,101030,9.967982645705926e-05,0.00029903947937117776,5984
375,0.2464839704334736,0.24592093378305435,0.005630418570945039,0.10737729072570801,97425,9.967611834385122e-05,0.00029902835503155365,6000
376,0.21259459108114243,0.2106374278664589,0.019571600947529078,0.10739331692457199,92186,9.967238895097222e-05,0.00029901716685291663,6016
377,0.24824794009327888,0.24758439883589745,0.006635382538661361,0.10740910470485687,101339,9.966863828001982e-05,0.0002990059148400594,6032
378,0.21728316321969032,0.21560166776180267,0.016815010196296498,0.10742391645908356,94197,9.966486633260071e-05,0.00029899459899780206,6048
379,0.2907857485115528,0.289909303188324,0.008764439960941672,0.10743904858827591,101943,9.966107311033062e-05,0.0002989832193309918,6064
380,0.2751085236668587,0.2745566666126251,0.005518529389519244,0.10745417326688766,97039,9.965725861483449e-05,0.0002989717758445034,6080
381,0.22789888456463814,0.2265128456056118,0.013860357750672847,0.1074698343873024,101526,9.965342284774632e-05,0.00029896026854323894,6096
382,0.1781497597694397,0.17633255198597908,0.0181720657274127,0.10748476535081863,90364,9.964956581070923e-05,0.00029894869743212767,6112
383,0.2580067589879036,0.2574804089963436,0.005263466504402459,0.10749956220388412,100364,9.964568750537544e-05,0.00029893706251612627,6128
384,0.28670868650078773,0.2864143028855324,0.0029438012425089255,0.10751395672559738,103092,9.964178793340631e-05,0.00029892536380021886,6144
385,0.2090587243437767,0.2071514017879963,0.019073253963142633,0.10752827674150467,96219,9.963786709647228e-05,0.0002989136012894168,6160
386,0.20785745605826378,0.2066596783697605,0.011977768619544804,0.10754220932722092,96154,9.963392499625292e-05,0.00029890177498875873,6176
387,0.2654617950320244,0.26423042826354504,0.012313715182244778,0.10755637288093567,104666,9.962996163443689e-05,0.00029888988490331067,6192
388,0.25965841114521027,0.25833335891366005,0.013250543852336705,0.10757029801607132,98225,9.9625977012722e-05,0.00029887793103816596,6208
389,0.23526933789253235,0.23429657146334648,0.009727688389830291,0.10758413374423981,99913,9.962197113281509e-05,0.0002988659133984452,6224
390,0.21574479341506958,0.2148486152291298,0.008961834304500371,0.10759909451007843,97156,9.961794399643219e-05,0.0002988538319892965,6240
391,0.32067977264523506,0.32022471353411674,0.00455051165772602,0.1076139286160469,104876,9.961389560529836e-05,0.00029884168681589506,6256
392,0.2508394978940487,0.2502174526453018,0.006220510374987498,0.10762826353311539,101186,9.960982596114783e-05,0.00029882947788344345,6272
393,0.23722317814826965,0.23571055009961128,0.015126226120628417,0.10764216631650925,100864,9.96057350657239e-05,0.0002988172051971717,6288
394,0.20882466435432434,0.20767175778746605,0.01152903726324439,0.10765638947486877,100727,9.960162292077898e-05,0.00029880486876233687,6304
395,0.31650322303175926,0.3160788491368294,0.004243839815899264,0.10766991972923279,101342,9.959748952807457e-05,0.00029879246858422365,6320
396,0.26415898092091084,0.2630673535168171,0.010916260856902227,0.10768337547779083,100516,9.95933348893813e-05,0.00029878000466814386,6336
397,0.32397642359137535,0.32364334538578987,0.003330820589326322,0.10769718885421753,100987,9.95891590064789e-05,0.00029876747701943667,6352
398,0.18192844092845917,0.18023155257105827,0.016968906158581376,0.10771229863166809,102473,9.958496188115613e-05,0.00029875488564346837,6368
399,0.2118372619152069,0.2103179506957531,0.015193104685749859,0.10772742331027985,100059,9.958074351521097e-05,0.00029874223054563283,6384
400,0.1633618362247944,0.16212116554379463,0.01240667881211266,0.1077428087592125,99097,9.957650391045039e-05,0.00029872951173135116,6400
401,0.2862751968204975,0.28440866619348526,0.01866525923833251,0.10775742679834366,91368,9.957224306869053e-05,0.00029871672920607153,6416
402,0.22558215633034706,0.2246105670928955,0.009715889813378453,0.10777242481708527,97538,9.956796099175657e-05,0.00029870388297526966,6432
403,0.252939086407423,0.2516694515943527,0.012696349062025547,0.10778693854808807,98595,9.956365768148284e-05,0.00029869097304444846,6448
404,0.3010736145079136,0.3003976531326771,0.006759597337804735,0.10780064016580582,98771,9.955933313971273e-05,0.0002986779994191382,6464
405,0.21513772755861282,0.21417942270636559,0.009583047707565129,0.10781504213809967,99007,9.955498736829875e-05,0.0002986649621048962,6480
406,0.24908800050616264,0.24857406318187714,0.005139357672305778,0.10783112794160843,100153,9.955062036910246e-05,0.00029865186110730735,6496
407,0.1813121661543846,0.1802668385207653,0.010453351424075663,0.10784805566072464,104381,9.954623214399458e-05,0.0002986386964319837,6512
408,0.31933441013097763,0.31864210963249207,0.006923050263139885,0.10786478221416473,100399,9.954182269485486e-05,0.00029862546808456455,6528
409,0.25050861574709415,0.24964007176458836,0.008685403445269912,0.1078810840845108,103194,9.953739202357218e-05,0.0002986121760707165,6544
410,0.17170441150665283,0.1696124542504549,0.020919581118505448,0.10789746046066284,94787,9.95329401320445e-05,0.0002985988203961335,6560
411,0.22693391144275665,0.22549589350819588,0.014380153181264177,0.10791376978158951,98703,9.952846702217886e-05,0.00029858540106653656,6576
412,0.21900925412774086,0.2182786799967289,0.007305760896997526,0.10793030261993408,101165,9.952397269589142e-05,0.0002985719180876742,6592
413,0.22269143350422382,0.2210719957947731,0.01619441411457956,0.10794684290885925,100214,9.951945715510738e-05,0.0002985583714653221,6608
414,0.25734003260731697,0.25696270167827606,0.0037733461358584464,0.1079629510641098,103103,9.951492040176104e-05,0.0002985447612052831,6624
415,0.23640894144773483,0.23486970365047455,0.01539241150021553,0.10797862708568573,96325,9.951036243779585e-05,0.0002985310873133875,6640
416,0.2818540260195732,0.28140242770314217,0.0045159685832913965,0.10799425095319748,99478,9.950578326516429e-05,0.0002985173497954928,6656
417,0.22294365242123604,0.22254465147852898,0.003990002325735986,0.10801078379154205,105386,9.950118288582788e-05,0.0002985035486574836,6672
418,0.2985865883529186,0.2973475381731987,0.012390478790621273,0.1080266609787941,100133,9.949656130175734e-05,0.00029848968390527197,6688
419,0.2550022713840008,0.25318993628025055,0.01812338992021978,0.10804177820682526,100467,9.949191851493235e-05,0.00029847575554479706,6704
420,0.1893718559294939,0.1881406083703041,0.012312463950365782,0.10805683583021164,98167,9.948725452734178e-05,0.0002984617635820253,6720
421,0.2786460481584072,0.27807343751192093,0.005726046452764422,0.1080721989274025,99595,9.948256934098352e-05,0.0002984477080229505,6736
422,0.17720328643918037,0.1758280210196972,0.013752651400864124,0.10808775573968887,101236,9.947786295786455e-05,0.00029843358887359357,6752
423,0.17082853615283966,0.16988387145102024,0.009446662064874545,0.10810329020023346,101073,9.947313538000093e-05,0.0002984194061400027,6768
424,0.22420623898506165,0.22384491562843323,0.003613271430367604,0.10811874270439148,100421,9.946838660941782e-05,0.0002984051598282534,6784
425,0.19562952779233456,0.19357531517744064,0.020542133774142712,0.10813387483358383,98908,9.946361664814943e-05,0.00029839084994444826,6800
426,0.2310025691986084,0.23033561185002327,0.0066696167923510075,0.1081494614481926,105196,9.945882549823906e-05,0.00029837647649471715,6816
427,0.20817389339208603,0.20730902254581451,0.008648711140267551,0.10816526412963867,98794,9.945401316173907e-05,0.0002983620394852172,6832
428,0.20052050426602364,0.19982093200087547,0.00699573359452188,0.10818127542734146,99670,9.944917964071096e-05,0.00029834753892213285,6848
429,0.26313136518001556,0.2624456286430359,0.00685736839659512,0.10819769650697708,99013,9.944432493722524e-05,0.00029833297481167566,6864
430,0.2331845909357071,0.2320389188826084,0.011456691034254618,0.10821384936571121,97234,9.943944905336148e-05,0.00029831834716008437,6880
431,0.2612479142844677,0.2597585469484329,0.014893671264871955,0.10822926461696625,100739,9.943455199120837e-05,0.00029830365597362506,6896
432,0.3167908228933811,0.316025972366333,0.00764850084669888,0.10824384540319443,103667,9.942963375286368e-05,0.000298288901258591,6912
433,0.17458987794816494,0.1729770563542843,0.016128225513966754,0.10825825482606888,97258,9.942469434043418e-05,0.0002982740830213025,6928
434,0.17235726676881313,0.17146211490035057,0.008951533061917871,0.10827215760946274,96431,9.94197337560358e-05,0.0002982592012681073,6944
435,0.24227942526340485,0.24076762422919273,0.015118010924197733,0.10828569531440735,95967,9.941475200179347e-05,0.00029824425600538033,6960
436,0.2657383792102337,0.2646378353238106,0.011005458709405502,0.108298659324646,96664,9.940974907984124e-05,0.0002982292472395237,6976
437,0.24959881231188774,0.2492714822292328,0.003273333713877946,0.10831240564584732,103580,9.940472499232217e-05,0.0002982141749769665,6992
438,0.26173990592360497,0.2602462023496628,0.014937041036318988,0.10832569003105164,102188,9.939967974138845e-05,0.00029819903922416533,7008
439,0.2357364073395729,0.2347366325557232,0.009997714412747882,0.10833901166915894,102819,9.93946133292013e-05,0.0002981838399876039,7024
440,0.2448291853070259,0.24405845627188683,0.007707251323154196,0.10835246741771698,101777,9.938952575793099e-05,0.0002981685772737929,7040
441,0.23038899526000023,0.22960815206170082,0.007808485941495746,0.1083659827709198,96722,9.938441702975689e-05,0.00029815325108927063,7056
442,0.2514778822660446,0.2508418932557106,0.006359917490044609,0.1083797812461853,95540,9.937928714686741e-05,0.0002981378614406022,7072
443,0.19803761318325996,0.1973007246851921,0.007368875667452812,0.10839511454105377,101907,9.937413611146005e-05,0.0002981224083343801,7088
444,0.23917096480727196,0.23823601752519608,0.009349459898658097,0.10840991884469986,99125,9.936896392574131e-05,0.00029810689177722387,7104
445,0.21435795724391937,0.21319721266627312,0.011607455089688301,0.10842470824718475,100030,9.936377059192683e-05,0.00029809131177578043,7120
446,0.27568574249744415,0.27518731355667114,0.004984306171536446,0.10843946039676666,103439,9.935855611224125e-05,0.0002980756683367237,7136
447,0.20772778801620007,0.20699295215308666,0.007348336046561599,0.10845401138067245,99875,9.935332048891828e-05,0.0002980599614667548,7152
448,0.2384485937654972,0.23815148323774338,0.002971113513922319,0.10847046971321106,104648,9.934806372420072e-05,0.0002980441911726021,7168
449,0.28144753351807594,0.28033564426004887,0.011118836409877986,0.10848570615053177,99947,9.934278582034037e-05,0.00029802835746102106,7184
450,0.23347894847393036,0.2331738956272602,0.003050477709621191,0.10850058495998383,98648,9.933748677959813e-05,0.0002980124603387944,7200
451,0.3381311222910881,0.3374318554997444,0.00699272631391068,0.1085149347782135,102965,9.933216660424395e-05,0.00029799649981273186,7216
452,0.3186669200658798,0.3180837109684944,0.005832147173350677,0.10852846503257751,101281,9.932682529655682e-05,0.0002979804758896704,7232
453,0.21747221797704697,0.2146434485912323,0.028287694847676903,0.10854240506887436,101209,9.932146285882477e-05,0.0002979643885764743,7248
454,0.2892143949866295,0.2883549891412258,0.008594043943048746,0.1085561066865921,98079,9.931607929334492e-05,0.0002979482378800347,7264
455,0.28509674593806267,0.28419021517038345,0.009065321239177138,0.10856932401657104,97567,9.931067460242341e-05,0.0002979320238072702,7280
456,0.21855595707893372,0.2171197198331356,0.014362385496497154,0.10858295112848282,97244,9.930524878837544e-05,0.0002979157463651263,7296
457,0.24990080669522285,0.2480972558259964,0.01803556061349809,0.10859651118516922,101186,9.929980185352526e-05,0.0002978994055605757,7312
458,0.26284023374319077,0.2619858756661415,0.008543568954337388,0.10861068218946457,101644,9.929433380020615e-05,0.00029788300140061837,7328
459,0.228962704539299,0.22854193300008774,0.004207729100016877,0.10862543433904648,98243,9.928884463076045e-05,0.0002978665338922813,7344
460,0.1912233605980873,0.19026603177189827,0.009573296818416566,0.10863996297121048,98796,9.928333434753954e-05,0.0002978500030426186,7360
461,0.26642754673957825,0.265931099653244,0.004964457417372614,0.10865464806556702,102130,9.927780295290389e-05,0.00029783340885871165,7376
462,0.255692757666111,0.25488679111003876,0.008059732615947723,0.10866901278495789,101736,9.927225044922295e-05,0.0002978167513476688,7392
463,0.221323624253273,0.2203502580523491,0.0097337132319808,0.10868364572525024,97794,9.926667683887521e-05,0.00029780003051662555,7408
464,0.15918356366455555,0.15793171525001526,0.012518516625277698,0.10869873315095901,99242,9.926108212424828e-05,0.0002977832463727448,7424
465,0.20329099893569946,0.2018219344317913,0.014690616633743048,0.10871369391679764,96561,9.92554663077387e-05,0.00029776639892321606,7440
466,0.2629190720617771,0.2623027041554451,0.00616365997120738,0.10872860252857208,99670,9.924982939175216e-05,0.00029774948817525644,7456
467,0.19803710281848907,0.19694753736257553,0.010895676095969975,0.10874348133802414,98361,9.92441713787033e-05,0.00029773251413610987,7472
468,0.24058932065963745,0.23923514038324356,0.013541810199967586,0.10875806957483292,103962,9.923849227101585e-05,0.0002977154768130475,7488
469,0.27240491285920143,0.27161934971809387,0.007855649222619832,0.10877189040184021,96874,9.923279207112255e-05,0.0002976983762133676,7504
470,0.22708377987146378,0.22615182027220726,0.009319592907559127,0.1087857335805893,100899,9.922707078146518e-05,0.0002976812123443955,7520
471,0.3361929878592491,0.33548612892627716,0.007068549108225852,0.10879871249198914,102113,9.922132840449459e-05,0.0002976639852134837,7536
472,0.20283601060509682,0.20137732475996017,0.014586886623874307,0.10881216078996658,104711,9.92155649426706e-05,0.00029764669482801174,7552
473,0.26911282166838646,0.26877960190176964,0.0033321484661428258,0.1088251918554306,97460,9.92097803984621e-05,0.00029762934119538623,7568
474,0.18138734623789787,0.18009937554597855,0.012879700399935246,0.10883820801973343,95998,9.920397477434702e-05,0.000297611924323041,7584
475,0.26996462047100067,0.269366092979908,0.005985228141071275,0.1088513657450676,102206,9.919814807281228e-05,0.0002975944442184368,7600
476,0.26358943432569504,0.26265643909573555,0.009329943248303607,0.10886413604021072,95983,9.919230029635387e-05,0.00029757690088906156,7616
477,0.21454280242323875,0.2142813578248024,0.0026144372386625037,0.10887879878282547,106043,9.918643144747681e-05,0.00029755929434243034,7632
478,0.2305563986301422,0.22934051975607872,0.01215878885705024,0.10889284312725067,99164,9.918054152869508e-05,0.0002975416245860852,7648
479,0.1323512401431799,0.13085314258933067,0.014980991370975971,0.1089063361287117,95534,9.917463054253177e-05,0.0002975238916275953,7664
480,0.24571515247225761,0.2441738210618496,0.01541330952932185,0.1089191734790802,102168,9.916869849151895e-05,0.0002975060954745568,7680
481,0.2320743314921856,0.22955986112356186,0.025144731218460947,0.10893204063177109,98617,9.916274537819775e-05,0.00029748823613459316,7696
482,0.21562774665653706,0.21460862085223198,0.01019128441112116,0.1089443787932396,101613,9.915677120511822e-05,0.00029747031361535464,7712
483,0.2787369042634964,0.277779933065176,0.009569703484885395,0.10895664989948273,102963,9.915077597483958e-05,0.0002974523279245187,7728
484,0.23349590227007866,0.23239276558160782,0.011031344183720648,0.1089693084359169,103327,9.914475968992998e-05,0.0002974342790697899,7744
485,0.2040202710777521,0.20359992235898972,0.004203449498163536,0.10898270457983017,102136,9.913872235296657e-05,0.0002974161670588997,7760
486,0.20544358901679516,0.20418031886219978,0.012632664089323953,0.10899581015110016,99994,9.91326639665356e-05,0.00029739799189960675,7776
487,0.2706107348203659,0.2681286558508873,0.024820745456963778,0.10900820791721344,94585,9.912658453323224e-05,0.0002973797535996967,7792
488,0.17001695185899734,0.16910619474947453,0.00910753640346229,0.10902003943920135,96734,9.912048405566079e-05,0.00029736145216698235,7808
489,0.2101334985345602,0.2093640211969614,0.0076947822235524654,0.1090320348739624,97737,9.911436253643445e-05,0.0002973430876093033,7824
490,0.2732366845011711,0.2724691480398178,0.007675403292523697,0.10904375463724136,98920,9.910821997817549e-05,0.0002973246599345264,7840
491,0.2588958702981472,0.25851248390972614,0.0038338534795911983,0.10905560851097107,98996,9.91020563835152e-05,0.00029730616915054557,7856
492,0.2656082287430763,0.2650671750307083,0.005410513695096597,0.10906696319580078,98737,9.909587175509388e-05,0.00029728761526528157,7872
493,0.18711266107857227,0.18527312949299812,0.01839530060533434,0.10907794535160065,95856,9.908966609556079e-05,0.0002972689982866823,7888
494,0.3391278237104416,0.3383515924215317,0.007762296358123422,0.10908824950456619,102662,9.908343940757428e-05,0.0002972503182227228,7904
495,0.2747773379087448,0.273713905364275,0.010634389778715558,0.10909829288721085,101306,9.907719169380163e-05,0.0002972315750814049,7920
496,0.22767022624611855,0.2268022783100605,0.008679470476636197,0.10910943895578384,104151,9.907092295691918e-05,0.00029721276887075747,7936
497,0.2417931891977787,0.2408711165189743,0.0092207015841268,0.10912048816680908,100183,9.906463319961225e-05,0.00029719389959883673,7952
498,0.2717205658555031,0.2712198384106159,0.0050072690937668085,0.10913146287202835,99850,9.90583224245752e-05,0.00029717496727372556,7968
499,0.2840209938585758,0.28352884761989117,0.004921381470921915,0.10914279520511627,101128,9.905199063451134e-05,0.00029715597190353395,7984
500,0.20087014138698578,0.2003459632396698,0.00524180696811527,0.10915437340736389,97338,9.904563783213299e-05,0.0002971369134963989,8000
501,0.3464075140655041,0.34598957374691963,0.004179372983344365,0.10916613787412643,105934,9.903926402016153e-05,0.00029711779206048454,8016
502,0.3143000975251198,0.3135204166173935,0.007796846621204168,0.10917773097753525,101031,9.903286920132726e-05,0.00029709860760398176,8032
503,0.21605592593550682,0.21503975242376328,0.01016174943652004,0.10918932408094406,101274,9.902645337836955e-05,0.00029707936013510864,8048
504,0.25138262286782265,0.24931270629167557,0.020699136541225016,0.10920090973377228,97461,9.902001655403672e-05,0.0002970600496621101,8064
505,0.2318720519542694,0.2306368090212345,0.01235242944676429,0.10921306908130646,102178,9.901355873108609e-05,0.0002970406761932583,8080
506,0.18139567226171494,0.17888908833265305,0.025065850466489792,0.10922510921955109,93946,9.900707991228402e-05,0.000297021239736852,8096
507,0.2591010518372059,0.258166316896677,0.009347382059786469,0.10923642665147781,97232,9.900058010040579e-05,0.0002970017403012173,8112
508,0.20459555834531784,0.20259575173258781,0.01999803341459483,0.10924777388572693,96228,9.899405929823574e-05,0.00029698217789470715,8128
509,0.280899778008461,0.28038934618234634,0.0051042728300672024,0.10925836116075516,98305,9.898751750856713e-05,0.00029696255252570136,8144
510,0.2953978106379509,0.2941649369895458,0.012328692333539948,0.10926856100559235,101773,9.898095473420232e-05,0.00029694286420260695,8160
511,0.22701242938637733,0.22680876404047012,0.002036626872722991,0.10927940905094147,101119,9.897437097795257e-05,0.0002969231129338577,8176
512,0.18553107418119907,0.18442147597670555,0.011095957714132965,0.10928996652364731,94106,9.896776624263815e-05,0.0002969032987279144,8192
513,0.14037839882075787,0.13905136473476887,0.01327033736743033,0.10930032283067703,97581,9.896114053108829e-05,0.0002968834215932648,8208
514,0.21669152192771435,0.21600579097867012,0.006857317755930126,0.10931094735860825,103043,9.895449384614128e-05,0.0002968634815384238,8224
515,0.21607176214456558,0.215174226090312,0.008975381730124354,0.1093216985464096,100295,9.894782619064431e-05,0.0002968434785719329,8240
516,0.20778299123048782,0.20536615327000618,0.02416840923251584,0.10933215916156769,94903,9.894113756745362e-05,0.0002968234127023608,8256
517,0.1568547524511814,0.15531235188245773,0.015423982928041369,0.10934370756149292,98381,9.89344279794344e-05,0.00029680328393830315,8272
518,0.20891616493463516,0.20816799998283386,0.007481697910407092,0.10935543477535248,98740,9.892769742946079e-05,0.00029678309228838235,8288
519,0.28036849573254585,0.279223021119833,0.011454737177700736,0.10936734825372696,101931,9.8920945920416e-05,0.00029676283776124796,8304
520,0.25216853246092796,0.25061995536088943,0.015485820156754926,0.10937900096178055,98762,9.891417345519214e-05,0.0002967425203655764,8320
521,0.2506248578429222,0.2502051889896393,0.0041966765420511365,0.10939094424247742,102806,9.890738003669029e-05,0.0002967221401100708,8336
522,0.2078814096748829,0.20647889375686646,0.014025153417605907,0.10940302163362503,100007,9.890056566782056e-05,0.00029670169700346164,8352
523,0.18745393306016922,0.18705099076032639,0.004029364281450398,0.10941509902477264,102538,9.889373035150202e-05,0.000296681191054506,8368
524,0.2629512809216976,0.2618313506245613,0.01119933175505139,0.10942695289850235,98114,9.888687409066266e-05,0.0002966606222719879,8384
525,0.21591734141111374,0.21490371972322464,0.010136211931239814,0.1094389408826828,100783,9.887999688823955e-05,0.00029663999066471857,8400
526,0.3055613748729229,0.3039476275444031,0.016137423110194504,0.10945018380880356,99908,9.88730987471786e-05,0.0002966192962415358,8416
527,0.23587108589708805,0.23487897962331772,0.009921042023051996,0.10946116596460342,95537,9.886617967043479e-05,0.0002965985390113043,8432
528,0.19813943095505238,0.19745778292417526,0.006816445500589907,0.10947215557098389,99429,9.885923966097203e-05,0.000296577718982916,8448
529,0.16350523009896278,0.16265962831676006,0.008456040202872828,0.1094835177063942,97249,9.88522787217632e-05,0.0002965568361652895,8464
530,0.26077131927013397,0.25997331738471985,0.007980054011568427,0.10949508100748062,98278,9.884529685579012e-05,0.0002965358905673703,8480
531,0.24170468375086784,0.24055682308971882,0.011478592219646089,0.10950680822134018,100007,9.883829406604363e-05,0.00029651488219813085,8496
532,0.2545807287096977,0.25365788489580154,0.009228458628058434,0.10951822251081467,104130,9.883127035552348e-05,0.0002964938110665704,8512
533,0.20195357874035835,0.20068207010626793,0.012715081218630075,0.10953013598918915,101069,9.882422572723844e-05,0.00029647267718171526,8528
534,0.20955348387360573,0.20848103985190392,0.010724381194449961,0.10954272001981735,94464,9.881716018420618e-05,0.00029645148055261846,8544
535,0.3162996768951416,0.31566617637872696,0.006335077167022973,0.10955484956502914,102319,9.881007372945334e-05,0.00029643022118836,8560
536,0.2186928428709507,0.2183183766901493,0.003744644287507981,0.10956773906946182,104484,9.880296636601554e-05,0.00029640889909804657,8576
537,0.206003800034523,0.20487073995172977,0.011330561712384224,0.10957976430654526,95829,9.879583809693738e-05,0.0002963875142908121,8592
538,0.2132242601364851,0.21122924238443375,0.019950188201619312,0.10959123820066452,94345,9.878868892527234e-05,0.000296366066775817,8608
539,0.26117129996418953,0.26000967621803284,0.011616288917139173,0.10960212349891663,100008,9.878151885408294e-05,0.00029634455656224874,8624
540,0.23491045087575912,0.23396439850330353,0.009460583663894795,0.10961326956748962,105370,9.877432788644056e-05,0.00029632298365932165,8640
541,0.26115433499217033,0.2600674480199814,0.010868923913221806,0.10962415486574173,99470,9.876711602542563e-05,0.00029630134807627685,8656
542,0.2751902136951685,0.274496266618371,0.006939440107089467,0.10963501036167145,96937,9.875988327412747e-05,0.00029627964982238236,8672
543,0.1737662721425295,0.17275315336883068,0.010131179762538522,0.10964629054069519,95895,9.875262963564436e-05,0.00029625788890693305,8688
544,0.25427619367837906,0.25348011404275894,0.007960853283293545,0.10965748131275177,104398,9.874535511308349e-05,0.00029623606533925046,8704
545,0.2324255257844925,0.23158959299325943,0.008359291590750217,0.10966844856739044,100289,9.87380597095611e-05,0.00029621417912868323,8720
546,0.17978045158088207,0.1789451539516449,0.008352948992978781,0.10967956483364105,98565,9.873074342820226e-05,0.00029619223028460673,8736
547,0.2025093287229538,0.20181411504745483,0.006952109688427299,0.1096903458237648,100223,9.872340627214105e-05,0.0002961702188164231,8752
548,0.19596362113952637,0.19515573605895042,0.008078838814981282,0.10970079153776169,98280,9.871604824452047e-05,0.0002961481447335614,8768
549,0.22794177941977978,0.22628057934343815,0.016611956525593996,0.10971067100763321,94165,9.870866934849248e-05,0.0002961260080454774,8784
550,0.2534608282148838,0.25135355442762375,0.021072764066047966,0.10972044616937637,93270,9.870126958721794e-05,0.00029610380876165377,8800
551,0.2654787451028824,0.26489581167697906,0.005829368776176125,0.1097310408949852,103924,9.869384896386668e-05,0.0002960815468916,8816
552,0.23713954165577888,0.23644861578941345,0.006909237126819789,0.10974164307117462,98531,9.868640748161748e-05,0.0002960592224448524,8832
553,0.20539826154708862,0.20510105788707733,0.002972031303215772,0.10975233465433121,100549,9.867894514365802e-05,0.00029603683543097403,8848
554,0.250994510948658,0.24950429424643517,0.01490219112019986,0.10976286977529526,101040,9.867146195318492e-05,0.00029601438585955475,8864
555,0.2347172051668167,0.2337498962879181,0.009673078544437885,0.10977397859096527,101393,9.866395791340375e-05,0.0002959918737402112,8880
556,0.15157744102180004,0.15065987966954708,0.009175631450489163,0.10978579521179199,99780,9.865643302752901e-05,0.00029596929908258697,8896
557,0.19412648305296898,0.19321578741073608,0.009106980869546533,0.10979725420475006,97313,9.86488872987841e-05,0.00029594666189635224,8912
558,0.16189982369542122,0.1609488781541586,0.009509454015642405,0.10980833321809769,100391,9.86413207304014e-05,0.0002959239621912042,8928
559,0.29295000806450844,0.29174529388546944,0.012047169671859592,0.10981889069080353,102289,9.863373332562215e-05,0.00029590119997686644,8944
560,0.1839669905602932,0.18359382450580597,0.0037316193629521877,0.10983019322156906,101436,9.86261250876966e-05,0.00029587837526308977,8960
561,0.25028878822922707,0.24975812807679176,0.00530659340438433,0.10984135419130325,103899,9.861849601988383e-05,0.0002958554880596515,8976
562,0.29839760437607765,0.2979247719049454,0.004728288360638544,0.10985197871923447,102703,9.861084612545192e-05,0.00029583253837635575,8992
563,0.2734663598239422,0.2730505242943764,0.00415829464327544,0.10986244678497314,100509,9.860317540767783e-05,0.0002958095262230335,9008
564,0.29707490280270576,0.2962271720170975,0.008477351162582636,0.10987219959497452,97803,9.859548386984747e-05,0.0002957864516095424,9024
565,0.22592289373278618,0.22550640627741814,0.00416489080816973,0.10988196730613708,100216,9.858777151525564e-05,0.00029576331454576687,9040
566,0.27610354498028755,0.2743251360952854,0.017784069772460498,0.10989123582839966,97722,9.858003834720603e-05,0.00029574011504161806,9056
567,0.20817970484495163,0.2070283144712448,0.011513884594023693,0.10990037024021149,98185,9.857228436901136e-05,0.00029571685310703403,9072
568,0.34530874714255333,0.344281330704689,0.010274243511958048,0.10990914702415466,97235,9.856450958399311e-05,0.0002956935287519793,9088
569,0.17383763194084167,0.17249592021107674,0.013417115871561691,0.1099180281162262,101056,9.855671399548181e-05,0.0002956701419864454,9104
570,0.2394649088382721,0.23837518692016602,0.010897212661802769,0.10992696136236191,102772,9.85488976068168e-05,0.00029564669282045036,9120
571,0.22332899272441864,0.22223855555057526,0.01090439158724621,0.10993627458810806,98283,9.854106042134641e-05,0.00029562318126403916,9136
572,0.20365666411817074,0.20289182849228382,0.007648353930562735,0.10994590818881989,103709,9.853320244242781e-05,0.00029559960732728337,9152
573,0.20382072776556015,0.20303752459585667,0.007832069881260395,0.10995534807443619,106539,9.852532367342713e-05,0.00029557597102028134,9168
574,0.2137802541255951,0.2131693810224533,0.006108725618105382,0.1099652424454689,99334,9.851742411771937e-05,0.00029555227235315807,9184
575,0.1969234813004732,0.19645719975233078,0.004662811319576576,0.10997495800256729,98757,9.850950377868846e-05,0.0002955285113360653,9200
576,0.2076277919113636,0.20732151344418526,0.003062800722545944,0.10998478531837463,100934,9.850156265972721e-05,0.0002955046879791816,9216
577,0.23177608288824558,0.23041161336004734,0.013644748418300878,0.10999402403831482,97664,9.849360076423734e-05,0.000295480802292712,9232
578,0.2834767885506153,0.2818683013319969,0.016084816670627333,0.11000251770019531,96158,9.848561809562949e-05,0.00029545685428688845,9248
579,0.23635589331388474,0.2352372258901596,0.01118666774709709,0.11001143604516983,97996,9.847761465732318e-05,0.0002954328439719695,9264
580,0.28248249366879463,0.2815603092312813,0.009221828076988459,0.11001979559659958,100424,9.846959045274682e-05,0.0002954087713582404,9280
581,0.09392591938376427,0.09296653978526592,0.009593787195626646,0.11002834141254425,99347,9.846154548533773e-05,0.00029538463645601315,9296
582,0.2901376932859421,0.28936295583844185,0.007747367199044675,0.11003697663545609,103740,9.845347975854211e-05,0.0002953604392756263,9312
583,0.2197617907077074,0.2192141953855753,0.005475919489981607,0.11004575341939926,98363,9.844539327581505e-05,0.00029533617982744514,9328
584,0.22785842418670654,0.2275737226009369,0.002847015861334512,0.11005459725856781,97119,9.843728604062059e-05,0.00029531185812186174,9344
585,0.18518730625510216,0.1836043819785118,0.015829216106794775,0.11006342619657516,95271,9.842915805643155e-05,0.00029528747416929463,9360
586,0.25268494710326195,0.2523692399263382,0.003157053164613899,0.11007227748632431,99537,9.842100932672975e-05,0.0002952630279801892,9376
587,0.17838769406080246,0.1775004044175148,0.008872860402334481,0.11008130759000778,95917,9.841283985500582e-05,0.00029523851956501744,9392
588,0.23096945509314537,0.23051932454109192,0.004501331161009148,0.11009041965007782,103810,9.840464964475932e-05,0.00029521394893427795,9408
589,0.26328083872795105,0.2628217525780201,0.004590821743477136,0.11009897291660309,98160,9.839643869949866e-05,0.00029518931609849597,9424
590,0.2596065439283848,0.25903351977467537,0.005730171134928241,0.1101071685552597,103459,9.838820702274116e-05,0.00029516462106822343,9440
591,0.2017491329461336,0.2008900735527277,0.008590597950387746,0.11011575162410736,99190,9.837995461801299e-05,0.00029513986385403896,9456
592,0.19914454966783524,0.198909193277359,0.0023535956934210844,0.1101255863904953,105713,9.837168148884925e-05,0.00029511504446654767,9472
593,0.14288988709449768,0.14068460650742054,0.02205281751230359,0.11013537645339966,96767,9.836338763879385e-05,0.0002950901629163815,9488
594,0.19799329340457916,0.1973235085606575,0.006697867531329393,0.11014504730701447,99854,9.835507307139963e-05,0.00029506521921419883,9504
595,0.19562365114688873,0.1942698359489441,0.013538170198444277,0.11015460640192032,95961,9.834673779022828e-05,0.00029504021337068483,9520
596,0.2162293866276741,0.21556508541107178,0.006643019965849817,0.11016402393579483,98670,9.833838179885038e-05,0.0002950151453965511,9536
597,0.15398583933711052,0.15319789946079254,0.007879404758568853,0.11017397791147232,103777,9.833000510084537e-05,0.00029499001530253606,9552
598,0.19571984186768532,0.19504012539982796,0.006797163339797407,0.11018475890159607,103960,9.832160769980155e-05,0.0002949648230994046,9568
599,0.32209520414471626,0.3213161379098892,0.007790770730935037,0.11019489914178848,100463,9.831318959931611e-05,0.0002949395687979483,9584
600,0.2555392403155565,0.255212739109993,0.003264993618358858,0.11020456999540329,102762,9.83047508029951e-05,0.0002949142524089853,9600
601,0.2801559045910835,0.27841096371412277,0.017449372448027134,0.11021365225315094,94770,9.829629131445342e-05,0.0002948888739433602,9616
602,0.1295293290168047,0.1278422474861145,0.0168708119308576,0.11022277176380157,94176,9.828781113731484e-05,0.0002948634334119445,9632
603,0.18748694844543934,0.18655089102685452,0.009360575815662742,0.11023174971342087,99842,9.827931027521203e-05,0.0002948379308256361,9648
604,0.27663321793079376,0.27604567259550095,0.0058754263300215825,0.11024119704961777,99669,9.827078873178647e-05,0.00029481236619535934,9664
605,0.19671541638672352,0.19633916392922401,0.0037625224940711632,0.11025073379278183,100735,9.826224651068852e-05,0.00029478673953206553,9680
606,0.2655133157968521,0.2648255005478859,0.006878142186906189,0.11025988310575485,102454,9.825368361557738e-05,0.0002947610508467321,9696
607,0.2332308366894722,0.2317340448498726,0.014967923780204728,0.11026909947395325,102553,9.824510005012113e-05,0.00029473530015036335,9712
608,0.22521541267633438,0.22334660589694977,0.018688086391193792,0.11027789115905762,99844,9.823649581799673e-05,0.00029470948745399014,9728
609,0.234853133559227,0.23343777656555176,0.01415353105403483,0.11028622090816498,95188,9.822787092288991e-05,0.0002946836127686697,9744
610,0.20526011288166046,0.20489488542079926,0.0036522699519991875,0.1102946400642395,100737,9.821922536849533e-05,0.0002946576761054859,9760
611,0.3244387283921242,0.3242128789424896,0.0022585447877645493,0.11030290275812149,105202,9.821055915851647e-05,0.00029463167747554935,9776
612,0.3021570183336735,0.3013732060790062,0.00783810651046224,0.1103108823299408,102647,9.820187229666565e-05,0.0002946056168899969,9792
613,0.2359192669391632,0.235066007822752,0.00853257433482213,0.11031895130872726,101455,9.819316478666405e-05,0.0002945794943599921,9808
614,0.2077309787273407,0.2062874436378479,0.014435347984544933,0.1103271022439003,100105,9.81844366322417e-05,0.00029455330989672506,9824
615,0.18659784272313118,0.1860681138932705,0.005297254479955882,0.1103353202342987,104931,9.817568783713744e-05,0.00029452706351141227,9840
616,0.16344087570905685,0.1627088002860546,0.007320775184780359,0.11034414172172546,99167,9.8166918405099e-05,0.00029450075521529693,9856
617,0.1455462295562029,0.14448419772088528,0.010620325920172036,0.11035331338644028,101155,9.815812833988291e-05,0.00029447438501964873,9872
618,0.19228267669677734,0.19143065065145493,0.008520244155079126,0.11036249250173569,98609,9.814931764525457e-05,0.00029444795293576365,9888
619,0.21906131133437157,0.2186934743076563,0.00367836318037007,0.11037194728851318,103681,9.814048632498818e-05,0.0002944214589749645,9904
620,0.2278139442205429,0.22715817391872406,0.0065577427158132195,0.11038097739219666,102935,9.813163438286682e-05,0.0002943949031486004,9920
621,0.27439940720796585,0.27405698224902153,0.003424264410568867,0.11038955301046371,101368,9.812276182268236e-05,0.000294368285468047,9936
622,0.20857908576726913,0.20806272700428963,0.005163562469533645,0.11039837449789047,103455,9.811386864823555e-05,0.0002943416059447066,9952
623,0.294442530721426,0.2941105514764786,0.003319785007988685,0.11040721088647842,101141,9.810495486333592e-05,0.0002943148645900077,9968
624,0.23161517083644867,0.23038523271679878,0.012299339636228979,0.11041547358036041,100364,9.809602047180187e-05,0.00029428806141540556,9984
625,0.2018865030258894,0.2010396234691143,0.008468791376799345,0.1104234829545021,100059,9.808706547746057e-05,0.0002942611964323817,10000
626,0.1817910633981228,0.18128825724124908,0.0050280652940273285,0.11043191701173782,103399,9.80780898841481e-05,0.0002942342696524443,10016
627,0.2258618101477623,0.22546260058879852,0.003992124838987365,0.11044081300497055,103450,9.806909369570931e-05,0.0002942072810871279,10032
628,0.2451075054705143,0.2444167472422123,0.006907541071996093,0.1104496642947197,103479,9.806007691599786e-05,0.0002941802307479935,10048
629,0.23064934089779854,0.22991773299872875,0.007316052098758519,0.11045815050601959,101039,9.805103954887627e-05,0.0002941531186466288,10064
630,0.23802837543189526,0.2377740629017353,0.0025431568938074633,0.1104666069149971,103076,9.804198159821587e-05,0.0002941259447946476,10080
631,0.18253582157194614,0.18167374283075333,0.008620766515377909,0.11047501116991043,105725,9.803290306789676e-05,0.00029409870920369026,10096
632,0.2685187757015228,0.26799124479293823,0.005275267078104662,0.11048287153244019,106334,9.802380396180794e-05,0.0002940714118854238,10112
633,0.18311594799160957,0.18293485045433044,0.0018109370366801159,0.11049120128154755,101067,9.801468428384716e-05,0.0002940440528515414,10128
634,0.2352648749947548,0.2349608838558197,0.003039993578568101,0.11049992591142654,101732,9.800554403792099e-05,0.00029401663211376294,10144
635,0.16102813929319382,0.15955140441656113,0.014767393993679434,0.11050854623317719,95365,9.799638322794482e-05,0.0002939891496838344,10160
636,0.23695426993072033,0.2363687176257372,0.005855599069036543,0.110516756772995,100687,9.798720185784287e-05,0.0002939616055735286,10176
637,0.17298490926623344,0.17255841195583344,0.0042649297101888806,0.11052537709474564,101303,9.797799993154814e-05,0.0002939339997946444,10192
638,0.23341254144906998,0.23146002739667892,0.019525146402884275,0.11053342372179031,92965,9.796877745300244e-05,0.00029390633235900726,10208
639,0.24821731075644493,0.2468765303492546,0.013407774269580841,0.11054098606109619,94327,9.795953442615638e-05,0.0002938786032784691,10224
640,0.24377065524458885,0.24237768352031708,0.013929736625868827,0.11054815351963043,94988,9.795027085496938e-05,0.00029385081256490806,10240
641,0.2054822724312544,0.20426180213689804,0.012204674640088342,0.11055584996938705,93575,9.794098674340965e-05,0.00029382296023022894,10256
642,0.2332930862903595,0.23221585527062416,0.010772281209938228,0.11056342720985413,99001,9.793168209545425e-05,0.0002937950462863627,10272
643,0.1833499912172556,0.18216662853956223,0.011833620723336935,0.11057090014219284,100560,9.792235691508896e-05,0.0002937670707452668,10288
644,0.1942082792520523,0.19284233264625072,0.013659460440976545,0.11057829111814499,97955,9.791301120630839e-05,0.00029373903361892514,10304
645,0.21454782411456108,0.21365554444491863,0.008922833134420216,0.11058555543422699,94640,9.790364497311597e-05,0.00029371093491934786,10320
646,0.2460020948201418,0.24462293460965157,0.013791583711281419,0.11059275269508362,97997,9.789425821952387e-05,0.0002936827746585716,10336
647,0.21419023349881172,0.2139025256037712,0.002877089034882374,0.11060096323490143,102832,9.788485094955309e-05,0.00029365455284865923,10352
648,0.22634420543909073,0.22559359297156334,0.007506097106670495,0.11060892045497894,97051,9.78754231672334e-05,0.00029362626950170016,10368
649,0.14006135798990726,0.13927237875759602,0.007889748259913176,0.11061687022447586,98742,9.786597487660337e-05,0.00029359792462981004,10384
650,0.22408036515116692,0.22334866970777512,0.007316936753340997,0.11062482744455338,100574,9.785650608171034e-05,0.000293569518245131,10400
651,0.26962196826934814,0.2687057629227638,0.009162076021311805,0.11063242703676224,102477,9.784701678661045e-05,0.0002935410503598313,10416
652,0.20163746364414692,0.20083749666810036,0.00799967443163041,0.11064046621322632,105829,9.78375069953686e-05,0.00029351252098610577,10432
653,0.1631884165108204,0.16160967014729977,0.015787470212671906,0.11064846813678741,103082,9.78279767120585e-05,0.0002934839301361755,10448
654,0.2046517599374056,0.2035935577005148,0.010582074290141463,0.11065620929002762,100481,9.78184259407626e-05,0.0002934552778222878,10464
655,0.19772151112556458,0.1969468556344509,0.007746540999505669,0.11066417396068573,103418,9.780885468557216e-05,0.00029342656405671643,10480
656,0.24747831001877785,0.246650829911232,0.008274797874037176,0.11067193746566772,102280,9.77992629505872e-05,0.00029339778885176157,10496
657,0.20329901203513145,0.20252741500735283,0.00771597953280434,0.11067962646484375,99752,9.778965073991651e-05,0.00029336895221974946,10512
658,0.26208309084177017,0.2600538767874241,0.020292178116505966,0.11068753153085709,95727,9.778001805767767e-05,0.000293340054173033,10528
659,0.2317749224603176,0.23099640384316444,0.007785145833622664,0.11069539934396744,98210,9.777036490799697e-05,0.0002933110947239909,10544
660,0.19831966049969196,0.19794504158198833,0.0037461798201547936,0.1107032373547554,103475,9.776069129500958e-05,0.0002932820738850287,10560
661,0.2449786476790905,0.24431712552905083,0.006615192338358611,0.11071082949638367,98671,9.775099722285935e-05,0.00029325299166857796,10576
662,0.24919649958610535,0.2484244927763939,0.0077201136882649735,0.11071804910898209,94207,9.774128269569887e-05,0.00029322384808709654,10592
663,0.20294283144176006,0.2020980529487133,0.008447804691968486,0.11072500795125961,101459,9.773154771768955e-05,0.0002931946431530686,10608
664,0.17416004464030266,0.17287190444767475,0.012881415314041078,0.11073201894760132,98264,9.772179229300157e-05,0.0002931653768790047,10624
665,0.18138480558991432,0.18074543960392475,0.006393679417669773,0.11073946207761765,101312,9.771201642581385e-05,0.0002931360492774415,10640
666,0.24234961345791817,0.24118239432573318,0.011672233929857612,0.11074718087911606,99468,9.770222012031402e-05,0.00029310666036094204,10656
667,0.22436815313994884,0.22328590229153633,0.01082243373093661,0.1107545867562294,101237,9.769240338069854e-05,0.00029307721014209555,10672
668,0.19043274596333504,0.19003278762102127,0.0039996172417886555,0.11076214164495468,102076,9.768256621117257e-05,0.0002930476986335177,10688
669,0.16710612922906876,0.16643129289150238,0.0067483443999662995,0.11077083647251129,103019,9.767270861595005e-05,0.00029301812584785013,10704
670,0.2539917193353176,0.2535479534417391,0.0044376478640515415,0.11077942699193954,102816,9.766283059925367e-05,0.000292988491797761,10720
671,0.3066081218421459,0.30635492876172066,0.002531978185288608,0.1107877716422081,103176,9.765293216531486e-05,0.0002929587964959445,10736
672,0.2959252558648586,0.29287541657686234,0.03049838001606986,0.11079563945531845,97255,9.764301331837376e-05,0.00029292903995512123,10752
673,0.2830713205039501,0.28046825528144836,0.026030704131699167,0.11080329120159149,94300,9.763307406267932e-05,0.00029289922218803794,10768
674,0.22726532816886902,0.22484076768159866,0.024245618958957493,0.11081123352050781,94505,9.762311440248919e-05,0.0002928693432074675,10784
675,0.18515287339687347,0.18453992158174515,0.006129531218903139,0.11082012951374054,99152,9.761313434206978e-05,0.0002928394030262093,10800
676,0.1862474363297224,0.18549981340765953,0.007476252780179493,0.1108294427394867,100421,9.760313388569622e-05,0.0002928094016570886,10816
677,0.28647721000015736,0.28608407638967037,0.003931304265279323,0.11083853244781494,103247,9.75931130376524e-05,0.0002927793391129571,10832
678,0.19886190630495548,0.19796781241893768,0.00894092652015388,0.11084765195846558,97487,9.758307180223091e-05,0.0002927492154066927,10848
679,0.19486023113131523,0.19433563202619553,0.005245998501777649,0.11085698008537292,100683,9.757301018373312e-05,0.00029271903055119936,10864
680,0.16666080988943577,0.1653274167329073,0.013333889655768871,0.11086619645357132,99402,9.756292818646913e-05,0.00029268878455940734,10880
681,0.21413722075521946,0.21303247660398483,0.011047457111999393,0.11087491363286972,99710,9.755282581475769e-05,0.00029265847744427303,10896
682,0.20346167869865894,0.20302295498549938,0.004387249180581421,0.11088348180055618,100824,9.754270307292637e-05,0.00029262810921877906,10912
683,0.2182854823768139,0.2172122411429882,0.010732390801422298,0.11089211702346802,99318,9.753255996531141e-05,0.00029259767989593417,10928
684,0.2505939118564129,0.24789320677518845,0.027007042430341244,0.11090025305747986,100612,9.752239649625783e-05,0.00029256718948877345,10944
685,0.2091072667390108,0.20791047252714634,0.011967916507273912,0.11090807616710663,99153,9.751221267011929e-05,0.00029253663801035785,10960
686,0.13550194911658764,0.13489762134850025,0.0060432477039285,0.11091563105583191,97635,9.750200849125828e-05,0.0002925060254737748,10976
687,0.22131917998194695,0.22092681750655174,0.003923649026546627,0.11092355102300644,101675,9.749178396404588e-05,0.0002924753518921376,10992
688,0.2221978921443224,0.22109000012278557,0.011078896641265601,0.11093152314424515,98652,9.7481539092862e-05,0.00029244461727858593,11008
689,0.22026459127664566,0.21961893513798714,0.006456609931774437,0.11093951761722565,103073,9.74712738820952e-05,0.00029241382164628556,11024
690,0.23375872522592545,0.23276443034410477,0.009943000972270966,0.11094723641872406,101362,9.746098833614276e-05,0.00029238296500842825,11040
691,0.19878053851425648,0.19796577095985413,0.008147623622789979,0.1109546571969986,98128,9.74506824594107e-05,0.00029235204737823204,11056
692,0.15707609802484512,0.15645987540483475,0.006162221601698548,0.11096244305372238,102170,9.744035625631372e-05,0.0002923210687689411,11072
693,0.2557988166809082,0.2551583908498287,0.006404237778042443,0.11097043007612228,98963,9.743000973127523e-05,0.00029229002919382564,11088
694,0.2268449142575264,0.22581703960895538,0.010278715984895825,0.11097797006368637,101688,9.741964288872738e-05,0.0002922589286661821,11104
695,0.22908707708120346,0.22850036807358265,0.005867027270141989,0.11098514497280121,100998,9.740925573311097e-05,0.00029222776719933286,11120
696,0.21473019383847713,0.21412760950624943,0.006025811249855906,0.11099249124526978,104491,9.739884826887553e-05,0.00029219654480662656,11136
697,0.24236543104052544,0.24149822629988194,0.008672035328345373,0.11099960654973984,96791,9.73884205004793e-05,0.00029216526150143785,11152
698,0.19778981432318687,0.19691655784845352,0.008732595189940184,0.1110067144036293,99457,9.737797243238917e-05,0.0002921339172971675,11168
699,0.25206631049513817,0.2508220598101616,0.012442545003068517,0.11101389676332474,99070,9.736750406908082e-05,0.0002921025122072424,11184
700,0.1582207176834345,0.15750150196254253,0.007192160468548536,0.11102083325386047,97267,9.735701541503852e-05,0.0002920710462451155,11200
701,0.21382790245115757,0.2125771902501583,0.012507111125160009,0.11102791875600815,99339,9.73465064747553e-05,0.0002920395194242658,11216
702,0.2329513356089592,0.2321109026670456,0.008404347114264965,0.11103521287441254,100986,9.733597725273283e-05,0.0002920079317581984,11232
703,0.27824642136693,0.27654142305254936,0.017049955786205828,0.1110420674085617,96621,9.73254277534815e-05,0.00029197628326044445,11248
704,0.23277874290943146,0.2322491891682148,0.005295581999234855,0.1110488623380661,99891,9.731485798152041e-05,0.0002919445739445612,11264
705,0.21420389413833618,0.21305806189775467,0.011458271474111825,0.1110561415553093,101258,9.730426794137727e-05,0.0002919128038241318,11280
706,0.24921031668782234,0.24887204729020596,0.003382700146175921,0.11106298863887787,98125,9.729365763758856e-05,0.0002918809729127656,11296
707,0.206671342253685,0.2059548683464527,0.00716476421803236,0.1110696941614151,97465,9.728302707469936e-05,0.00029184908122409804,11312
708,0.14357002638280392,0.1428687609732151,0.00701266253599897,0.1110769510269165,99399,9.727237625726349e-05,0.0002918171287717904,11328
709,0.20939933322370052,0.2083786241710186,0.010207069222815335,0.11108419299125671,102415,9.726170518984341e-05,0.0002917851155695302,11344
710,0.22633512131869793,0.2257446814328432,0.0059043835863121785,0.11109185218811035,94128,9.725101387701028e-05,0.00029175304163103077,11360
711,0.2688969522714615,0.2680448144674301,0.008521371288225055,0.11109936237335205,102207,9.724030232334391e-05,0.0002917209069700317,11376
712,0.23088683560490608,0.2303289920091629,0.005578410520683974,0.11110696941614151,106547,9.722957053343278e-05,0.0002916887116002983,11392
713,0.28470494970679283,0.28420912474393845,0.004958200588589534,0.11111433804035187,98813,9.721881851187406e-05,0.00029165645553562214,11408
714,0.2776556424796581,0.2770600840449333,0.005955599728622474,0.11112123727798462,100151,9.720804626327356e-05,0.00029162413878982066,11424
715,0.29659806564450264,0.2959718853235245,0.006261760456254706,0.11112785339355469,101146,9.71972537922458e-05,0.0002915917613767374,11440
716,0.16960416361689568,0.1686592735350132,0.00944891752442345,0.11113456636667252,102587,9.71864411034139e-05,0.0002915593233102417,11456
717,0.21028343588113785,0.20993472449481487,0.0034871413954533637,0.11114145815372467,99926,9.717560820140969e-05,0.000291526824604229,11472
718,0.24043730646371841,0.239737119525671,0.00700186169706285,0.11114818602800369,100157,9.716475509087362e-05,0.0002914942652726208,11488
719,0.21935588866472244,0.21827341988682747,0.010824736440554261,0.11115457117557526,98060,9.715388177645484e-05,0.0002914616453293645,11504
720,0.26777806878089905,0.2674820348620415,0.002960357640404254,0.11116094887256622,101144,9.714298826281114e-05,0.0002914289647884334,11520
721,0.24807380512356758,0.24679549410939217,0.012783093436155468,0.11116720736026764,97304,9.713207455460894e-05,0.00029139622366382674,11536
722,0.2246155347675085,0.22341134771704674,0.012041860143654048,0.11117345094680786,99604,9.71211406565233e-05,0.00029136342196956985,11552
723,0.22041066363453865,0.21898886188864708,0.01421801233664155,0.11117944121360779,95156,9.711018657323799e-05,0.00029133055971971395,11568
724,0.15889493376016617,0.15757782012224197,0.013171158265322447,0.11118540912866592,94773,9.709921230944539e-05,0.0002912976369283361,11584
725,0.18914137408137321,0.18840567395091057,0.007357003429206088,0.11119154840707779,98106,9.708821786984652e-05,0.00029126465360953955,11600
726,0.2572277933359146,0.2569197863340378,0.003080063092056662,0.11119844764471054,104604,9.707720325915104e-05,0.00029123160977745306,11616
727,0.1417648158967495,0.14143555611371994,0.0032925906125456095,0.11120611429214478,100578,9.706616848207728e-05,0.0002911985054462318,11632
728,0.17379466071724892,0.17311172932386398,0.006829346006270498,0.1112135648727417,100481,9.705511354335215e-05,0.0002911653406300564,11648
729,0.17266175523400307,0.17168653197586536,0.009752209880389273,0.1112213060259819,100685,9.704403844771128e-05,0.0002911321153431338,11664
730,0.2643855959177017,0.2637690156698227,0.0061657671321881935,0.1112290471792221,101048,9.703294319989887e-05,0.00029109882959969655,11680
731,0.24158182367682457,0.24090547300875187,0.006763500510714948,0.1112372949719429,99999,9.702182780466775e-05,0.00029106548341400324,11696
732,0.22486134991049767,0.22397085651755333,0.008904988062568009,0.11124544590711594,104576,9.701069226677943e-05,0.00029103207680033827,11712
733,0.15734123438596725,0.155422056093812,0.019191764789866284,0.11125344783067703,98024,9.699953659100401e-05,0.00029099860977301197,11728
734,0.24384426698088646,0.24310944601893425,0.007348251179791987,0.11126138269901276,101417,9.698836078212023e-05,0.00029096508234636065,11744
735,0.18849398009479046,0.18796808272600174,0.005258964782115072,0.11126992106437683,100499,9.697716484491546e-05,0.00029093149453474635,11760
736,0.2385010328143835,0.23800051398575306,0.005005213839467615,0.11127826571464539,99971,9.696594878418566e-05,0.0002908978463525569,11776
737,0.20731143653392792,0.20627174526453018,0.010396908153779805,0.11128678172826767,99038,9.695471260473545e-05,0.00029086413781420633,11792
738,0.28169484809041023,0.2813636064529419,0.003312363289296627,0.11129482835531235,100407,9.694345631137807e-05,0.00029083036893413417,11808
739,0.20448312163352966,0.20340413600206375,0.010789878782816231,0.11130312085151672,101604,9.693217990893532e-05,0.00029079653972680596,11824
740,0.26882139034569263,0.26624417677521706,0.025772122433409095,0.11131083220243454,99275,9.692088340223769e-05,0.00029076265020671303,11840
741,0.21525833383202553,0.2116231732070446,0.036351613816805184,0.11131805181503296,89777,9.690956679612421e-05,0.0002907287003883726,11856
742,0.15530740842223167,0.1543078888207674,0.009995174477808177,0.11132559180259705,103450,9.689823009544258e-05,0.0002906946902863277,11872
743,0.2053796984255314,0.2044588178396225,0.009208855772158131,0.11133278161287308,100529,9.688687330504907e-05,0.00029066061991514714,11888
744,0.16147441789507866,0.16000078804790974,0.014736288343556225,0.11133971810340881,96101,9.687549642980858e-05,0.0002906264892894257,11904
745,0.20534649305045605,0.20490257255733013,0.004439212672878057,0.1113465428352356,100978,9.686409947459458e-05,0.00029059229842378373,11920
746,0.2088521346449852,0.20800209417939186,0.008500405863742344,0.11135389655828476,95922,9.685268244428918e-05,0.0002905580473328675,11936
747,0.20356398448348045,0.20286516100168228,0.006988241744693369,0.11136174947023392,104466,9.684124534378307e-05,0.0002905237360313492,11952
748,0.2612489275634289,0.2603055573999882,0.00943371857283637,0.11136893182992935,101695,9.682978817797555e-05,0.00029048936453392665,11968
749,0.15409883670508862,0.15219092927873135,0.01907906893757172,0.11137610673904419,94761,9.68183109517745e-05,0.0002904549328553234,11984
750,0.21249771863222122,0.2111649513244629,0.013327645719982684,0.1113828495144844,95293,9.680681367009638e-05,0.0002904204410102891,12000
751,0.1959996595978737,0.1953982450067997,0.006014121201587841,0.1113894060254097,103119,9.67952963378663e-05,0.00029038588901359884,12016
752,0.23926633223891258,0.23823217302560806,0.010341567860450596,0.11139616370201111,91707,9.678375896001786e-05,0.00029035127688005355,12032
753,0.18314680457115173,0.18224956095218658,0.008972452225862071,0.11140304058790207,95449,9.677220154149337e-05,0.0002903166046244801,12048
754,0.2282547689974308,0.22717377543449402,0.01080996236851206,0.1114097386598587,100349,9.676062408724362e-05,0.0002902818722617308,12064
755,0.22097235545516014,0.21962113305926323,0.013512263773009181,0.11141651123762131,99988,9.674902660222805e-05,0.0002902470798066841,12080
756,0.25323891267180443,0.2529932036995888,0.002457076800055802,0.11142311990261078,103257,9.673740909141463e-05,0.00029021222727424384,12096
757,0.19706745073199272,0.19618204608559608,0.008854071493260562,0.11142951250076294,86113,9.672577155977993e-05,0.00029017731467933974,12112
758,0.22384710609912872,0.22256431728601456,0.012827886253944598,0.11143560707569122,96931,9.671411401230914e-05,0.00029014234203692733,12128
759,0.13997317664325237,0.13842280954122543,0.015503661568800453,0.11144185066223145,100711,9.670243645399592e-05,0.00029010730936198775,12144
760,0.19148755818605423,0.19093666970729828,0.00550887591089122,0.111448734998703,104340,9.669073888984263e-05,0.00029007221666952786,12160
761,0.21169827692210674,0.21106917783617973,0.0062909732805565,0.11145602911710739,95188,9.667902132486009e-05,0.00029003706397458023,12176
762,0.19894247502088547,0.1985177844762802,0.00424690313229803,0.11146345734596252,103477,9.666728376406775e-05,0.0002900018512922032,12192
763,0.25770774111151695,0.25617798045277596,0.015297553676646203,0.11147025972604752,96032,9.665552621249361e-05,0.00028996657863748077,12208
764,0.25270146131515503,0.2515060529112816,0.011954127519857138,0.11147694289684296,106432,9.664374867517421e-05,0.0002899312460255226,12224
765,0.22581593692302704,0.22530397772789001,0.005119555629789829,0.11148365586996078,102688,9.663195115715471e-05,0.0002898958534714641,12240
766,0.18462656997144222,0.18329874239861965,0.013278319383971393,0.11149024218320847,95992,9.662013366348877e-05,0.0002898604009904663,12256
767,0.22435478307306767,0.22382210195064545,0.0053268352639861405,0.11149702221155167,100396,9.660829619923862e-05,0.0002898248885977158,12272
768,0.20488135144114494,0.20377510786056519,0.011062446021242067,0.11150375753641129,96126,9.659643876947507e-05,0.00028978931630842513,12288
769,0.21758539974689484,0.2156139872968197,0.019714115565875545,0.11150994896888733,95318,9.658456137927745e-05,0.0002897536841378323,12304
770,0.1799230631440878,0.1788244005292654,0.01098659262061119,0.11151602119207382,100040,9.657266403373369e-05,0.000289717992101201,12320
771,0.227596964687109,0.22698727250099182,0.006096939301642124,0.11152173578739166,98152,9.656074673794018e-05,0.0002896822402138205,12336
772,0.24264445155858994,0.24231666699051857,0.0032778455642983317,0.11152759939432144,102417,9.654880949700195e-05,0.0002896464284910058,12352
773,0.20896003767848015,0.2082848884165287,0.006751474225893617,0.11153343319892883,102482,9.653685231603256e-05,0.00028961055694809765,12368
774,0.23309729807078838,0.23285090364515781,0.00246394061105093,0.11153924465179443,103407,9.652487520015402e-05,0.000289574625600462,12384
775,0.17515588738024235,0.17437312379479408,0.007827658206224442,0.11154516786336899,101437,9.651287815449698e-05,0.0002895386344634909,12400
776,0.18062154948711395,0.18009262159466743,0.0052892994426656514,0.11155173182487488,102689,9.650086118420061e-05,0.00028950258355260177,12416
777,0.19189655408263206,0.19120710715651512,0.006894439167808741,0.11155806481838226,99861,9.648882429441257e-05,0.00028946647288323766,12432
778,0.18406063318252563,0.18301865831017494,0.010419779922813177,0.11156462132930756,98770,9.64767674902891e-05,0.0002894303024708673,12448
779,0.24176011607050896,0.24085287377238274,0.009072443208424374,0.11157085001468658,97318,9.646469077699493e-05,0.0002893940723309848,12464
780,0.20639791525900364,0.20561281964182854,0.007850962661905214,0.11157683283090591,100083,9.645259415970338e-05,0.0002893577824791101,12480
781,0.2957577630877495,0.2956693656742573,0.0008839609581627883,0.11158251017332077,98037,9.644047764359622e-05,0.0002893214329307886,12496
782,0.22612092271447182,0.225717231631279,0.004036869104311336,0.11158855259418488,97984,9.642834123386379e-05,0.00028928502370159133,12512
783,0.2712908089160919,0.27107565104961395,0.002151596563635394,0.11159489303827286,105089,9.641618493570494e-05,0.0002892485548071148,12528
784,0.19064578786492348,0.1900665294378996,0.005792581767309457,0.11160154640674591,100658,9.640400875432705e-05,0.0002892120262629811,12544
785,0.19559604302048683,0.19505494087934494,0.005410992889665067,0.11160798370838165,102253,9.6391812694946e-05,0.00028917543808483796,12560
786,0.1850391235202551,0.18451305106282234,0.0052607059478759766,0.11161435395479202,100449,9.637959676278621e-05,0.00028913879028835855,12576
787,0.21139732375741005,0.21044225618243217,0.009550677059451118,0.11162074655294418,100306,9.636736096308059e-05,0.0002891020828892417,12592
788,0.32977767288684845,0.3293297067284584,0.004479685856495053,0.11162685602903366,101371,9.635510530107055e-05,0.0002890653159032116,12608
789,0.26344894245266914,0.26213669031858444,0.01312255160883069,0.11163272708654404,102124,9.634282978200604e-05,0.00028902848934601806,12624
790,0.2000590842217207,0.1993358638137579,0.007232210831716657,0.11163844168186188,96013,9.633053441114553e-05,0.0002889916032334365,12640
791,0.27857617661356926,0.2781239729374647,0.004522027993516531,0.11164399236440659,102406,9.631821919375591e-05,0.0002889546575812677,12656
792,0.2334114983677864,0.23326792567968369,0.0014357418403960764,0.1116497665643692,101805,9.630588413511266e-05,0.00028891765240533795,12672
793,0.12886840850114822,0.12772636488080025,0.011420404043747112,0.11165570467710495,103182,9.629352924049975e-05,0.0002888805877214992,12688
794,0.19883066043257713,0.19846532680094242,0.0036533321253955364,0.11166147142648697,99958,9.628115451520958e-05,0.0002888434635456287,12704
795,0.26856646314263344,0.26760394126176834,0.009625199774745852,0.11166724562644958,101285,9.626875996454311e-05,0.0002888062798936293,12720
796,0.21472806856036186,0.2140184734016657,0.007095921886502765,0.11167293041944504,97979,9.625634559380978e-05,0.0002887690367814293,12736
797,0.21428776532411575,0.21403992921113968,0.002478349764714949,0.1116790920495987,101150,9.624391140832749e-05,0.00028873173422498243,12752
798,0.2125337701290846,0.2113361693918705,0.011976002482697368,0.11168482899665833,102176,9.623145741342267e-05,0.00028869437224026794,12768
799,0.2140553928911686,0.21354376152157784,0.005116310534504009,0.11169065535068512,101075,9.62189836144302e-05,0.0002886569508432906,12784
800,0.2923826538026333,0.29224198311567307,0.00140663798811147,0.11169625073671341,102282,9.620649001669347e-05,0.0002886194700500804,12800
801,0.25768263079226017,0.25751736387610435,0.0016526070187410369,0.11170175671577454,102021,9.619397662556435e-05,0.000288581929876693,12816
802,0.20330039784312248,0.20280682295560837,0.00493570527760312,0.1117071732878685,101452,9.618144344640315e-05,0.0002885443303392094,12832
803,0.25771928019821644,0.2574284989386797,0.002907782729380415,0.11171258240938187,104713,9.616889048457871e-05,0.0002885066714537361,12848
804,0.2463335059583187,0.24599233642220497,0.003411729820072651,0.11171828955411911,98176,9.615631774546832e-05,0.0002884689532364049,12864
805,0.13788871467113495,0.13719987124204636,0.006888411822728813,0.11172392964363098,101656,9.614372523445771e-05,0.0002884311757033731,12880
806,0.28999648056924343,0.2894324529916048,0.005640254019454005,0.1117297112941742,97383,9.613111295694117e-05,0.00028839333887082345,12896
807,0.25025007873773575,0.24966010078787804,0.005899769108509645,0.11173531413078308,99683,9.611848091832134e-05,0.000288355442754964,12912
808,0.24424606561660767,0.24353034980595112,0.007157182844821364,0.11174079775810242,99025,9.610582912400943e-05,0.0002883174873720282,12928
809,0.19016166776418686,0.1897301748394966,0.004314923280617222,0.11174684017896652,103255,9.609315757942503e-05,0.0002882794727382751,12944
810,0.23680908605456352,0.236499210819602,0.0030987641657702625,0.11175341159105301,99436,9.608046628999625e-05,0.0002882413988699887,12960
811,0.20023538917303085,0.19974242895841599,0.004929629969410598,0.11176015436649323,100843,9.606775526115963e-05,0.00028820326578347884,12976
812,0.20475954934954643,0.2040599286556244,0.006996228999923915,0.11176680028438568,98507,9.605502449836017e-05,0.00028816507349508047,12992
813,0.18174055963754654,0.18071381002664566,0.010267478384776041,0.11177348345518112,104444,9.604227400705133e-05,0.00028812682202115393,13008
814,0.20146001502871513,0.20111597888171673,0.003440338303335011,0.11178041994571686,103371,9.602950379269499e-05,0.00028808851137808493,13024
815,0.17559891566634178,0.1736824307590723,0.019164885627105832,0.11178712546825409,96652,9.601671386076153e-05,0.00028805014158228456,13040
816,0.17043539322912693,0.16975383833050728,0.006815526670834515,0.11179477721452713,100081,9.600390421672975e-05,0.0002880117126501892,13056
817,0.17935635522007942,0.1787567399442196,0.005996136635076255,0.11180344223976135,103984,9.599107486608689e-05,0.00028797322459826063,13072
818,0.2703017294406891,0.26898112148046494,0.013206123956479132,0.11181140691041946,97874,9.597822581432863e-05,0.0002879346774429858,13088
819,0.11292127519845963,0.11148218251764774,0.014390947617357597,0.11181943118572235,95932,9.596535706695911e-05,0.0002878960712008773,13104
820,0.19525457918643951,0.19489729218184948,0.0035729086957871914,0.11182726919651031,105856,9.595246862949086e-05,0.00028785740588847255,13120
821,0.22187196090817451,0.22065815329551697,0.012138071237131953,0.1118345707654953,99936,9.593956050744492e-05,0.00028781868152233473,13136
822,0.18327075615525246,0.1830224096775055,0.0024834516443661414,0.11184211820363998,102426,9.59266327063507e-05,0.00028777989811905205,13152
823,0.17828651890158653,0.17720230855047703,0.01084209990222007,0.1118495836853981,93809,9.591368523174605e-05,0.0002877410556952381,13168
824,0.17465878650546074,0.1742725782096386,0.003862082099658437,0.11185722053050995,96930,9.590071808917727e-05,0.0002877021542675318,13184
825,0.22255092859268188,0.22159335389733315,0.009575740492437035,0.11186464130878448,99100,9.588773128419906e-05,0.00028766319385259713,13200
826,0.2138263713568449,0.21314017474651337,0.006861941859824583,0.11187183856964111,99214,9.587472482237456e-05,0.00028762417446712363,13216
827,0.16896252892911434,0.1682685874402523,0.006939419719856232,0.11187896877527237,97302,9.586169870927534e-05,0.000287585096127826,13232
828,0.22406191378831863,0.22333324514329433,0.007286659718374722,0.11188584566116333,102536,9.584865295048136e-05,0.00028754595885144404,13248
829,0.2283153012394905,0.22803019359707832,0.0028510775919130538,0.11189250648021698,97842,9.5835587551581e-05,0.000287506762654743,13264
830,0.17336805537343025,0.17284650541841984,0.00521552431746386,0.11189890652894974,101387,9.582250251817108e-05,0.00028746750755451325,13280
831,0.16148041188716888,0.16042295657098293,0.010574551008176059,0.11190536618232727,100636,9.580939785585681e-05,0.0002874281935675704,13296
832,0.26706642284989357,0.26612087339162827,0.009455470484681427,0.11191140860319138,100675,9.579627357025178e-05,0.0002873888207107553,13312
833,0.20180180482566357,0.20123567059636116,0.005661375253112055,0.11191784590482712,98803,9.578312966697807e-05,0.00028734938900093417,13328
834,0.2476988136768341,0.2470359094440937,0.006629028415773064,0.1119242012500763,99435,9.576996615166605e-05,0.0002873098984549981,13344
835,0.20487971976399422,0.20334221795201302,0.015374949754914269,0.11193010210990906,100527,9.57567830299546e-05,0.0002872703490898638,13360
836,0.18200392834842205,0.18159226514399052,0.004116637472179718,0.11193634569644928,100610,9.574358030749094e-05,0.00028723074092247276,13376
837,0.1824280135333538,0.18206236511468887,0.0036564769397955388,0.11194276064634323,101444,9.573035798993069e-05,0.000287191073969792,13392
838,0.19183500297367573,0.19130167178809643,0.005333312961738557,0.11194917559623718,96516,9.571711608293785e-05,0.0002871513482488135,13408
839,0.182064326480031,0.1818215176463127,0.0024280924699269235,0.11195611208677292,105215,9.570385459218489e-05,0.0002871115637765546,13424
840,0.23829320818185806,0.2362475022673607,0.02045712604012806,0.11196280270814896,97353,9.569057352335256e-05,0.00028707172057005763,13440
841,0.29580681025981903,0.29544275999069214,0.0036405048158485442,0.11196906864643097,100367,9.567727288213005e-05,0.0002870318186463901,13456
842,0.22898267582058907,0.22779578901827335,0.01186885088100098,0.11197495460510254,101981,9.566395267421496e-05,0.0002869918580226448,13472
843,0.19146872125566006,0.19117543660104275,0.0029328722594073042,0.11198066920042038,101996,9.565061290531322e-05,0.0002869518387159396,13488
844,0.1654986757785082,0.16512192599475384,0.0037674995401175693,0.11198695749044418,98350,9.563725358113918e-05,0.00028691176074341747,13504
845,0.1606766190379858,0.15985924005508423,0.008173786962288432,0.11199294775724411,101235,9.562387470741554e-05,0.00028687162412224657,13520
846,0.1913732886314392,0.1906597726047039,0.007135161431506276,0.11199872940778732,99669,9.561047628987339e-05,0.00028683142886962013,13536
847,0.2563157044351101,0.2557755187153816,0.005401852140494157,0.11200466006994247,97370,9.559705833425218e-05,0.00028679117500275653,13552
848,0.21805223636329174,0.21752136200666428,0.005308765248628333,0.1120106428861618,99428,9.558362084629975e-05,0.0002867508625388992,13568
849,0.19979890994727612,0.19944021105766296,0.0035869844978151377,0.11201649904251099,97044,9.557016383177227e-05,0.00028671049149531675,13584
850,0.2125855404883623,0.2119184024631977,0.006671397248283029,0.11202246695756912,102076,9.555668729643432e-05,0.0002866700618893029,13600
851,0.1331380270421505,0.1326088272035122,0.005292008587275632,0.11202868819236755,99476,9.554319124605879e-05,0.0002866295737381763,13616
852,0.22023491002619267,0.21943679824471474,0.007981138536706567,0.11203456670045853,95763,9.5529675686427e-05,0.00028658902705928094,13632
853,0.11291895341128111,0.11233664397150278,0.005823060142574832,0.11204040050506592,101498,9.551614062332856e-05,0.00028654842186998564,13648
854,0.21539330668747425,0.21470882929861546,0.006844789852038957,0.11204618960618973,96840,9.550258606256146e-05,0.0002865077581876843,13664
855,0.2162529956549406,0.2155841700732708,0.006688242661766708,0.11205170303583145,97216,9.548901200993205e-05,0.0002864670360297961,13680
856,0.14419826678931713,0.14378951862454414,0.004087487846845761,0.11205821484327316,103588,9.547541847125503e-05,0.00028642625541376506,13696
857,0.1716210190206766,0.17032563872635365,0.012953811150509864,0.11206436902284622,96907,9.546180545235344e-05,0.00028638541635706027,13712
858,0.21062822453677654,0.2092844434082508,0.013437852903734893,0.1120699867606163,103173,9.544817295905864e-05,0.0002863445188771759,13728
859,0.20964870788156986,0.20926271937787533,0.003859867079881951,0.11207577586174011,101427,9.543452099721037e-05,0.0002863035629916311,13744
860,0.20946427062153816,0.20832007005810738,0.011442019662354141,0.11208121478557587,101843,9.542084957265672e-05,0.0002862625487179701,13760
861,0.22774067893624306,0.22699282318353653,0.007478569052182138,0.11208653450012207,100539,9.540715869125407e-05,0.0002862214760737622,13776
862,0.17633552104234695,0.1754748597741127,0.00860664015635848,0.11209191381931305,101064,9.539344835886716e-05,0.00028618034507660144,13792
863,0.17959386110305786,0.17828943580389023,0.01304428034927696,0.11209714412689209,100909,9.537971858136907e-05,0.00028613915574410715,13808
864,0.1604637335985899,0.15958961844444275,0.00874114758335054,0.11210308969020844,103848,9.536596936464119e-05,0.00028609790809392354,13824
865,0.22896084748208523,0.22755055874586105,0.014102903194725513,0.11210910975933075,92393,9.535220071457325e-05,0.0002860566021437197,13840
866,0.23567181825637817,0.23450291901826859,0.011689054823364131,0.11211510002613068,97042,9.533841263706331e-05,0.0002860152379111899,13856
867,0.26229772344231606,0.2621767967939377,0.001209320043471962,0.11212071031332016,101350,9.532460513801774e-05,0.0002859738154140532,13872
868,0.21327932737767696,0.21238865703344345,0.00890674174297601,0.11212651431560516,102775,9.531077822335123e-05,0.0002859323346700537,13888
869,0.28702982515096664,0.2868218272924423,0.002080010250210762,0.11213236302137375,95505,9.52969318989868e-05,0.0002858907956969604,13904
870,0.2485445961356163,0.2483578473329544,0.0018675376777537167,0.11213795840740204,100027,9.528306617085576e-05,0.00028584919851256724,13920
871,0.21753152459859848,0.2165948860347271,0.009366406564367935,0.11214349418878555,97325,9.526918104489777e-05,0.00028580754313469326,13936
872,0.1537296660244465,0.1518143080174923,0.019153591711074114,0.1121487021446228,90243,9.525527652706075e-05,0.00028576582958118223,13952
873,0.13252567872405052,0.13195961341261864,0.005660648923367262,0.11215419322252274,102252,9.524135262330098e-05,0.00028572405786990294,13968
874,0.16034814715385437,0.15978797525167465,0.00560173814301379,0.11215995252132416,101786,9.522740933958301e-05,0.000285682228018749,13984
875,0.23302713967859745,0.23251816630363464,0.005089737067464739,0.11216563731431961,101335,9.521344668187969e-05,0.000285640340045639,14000
876,0.2426537461578846,0.2421996146440506,0.004541297057585325,0.11217096447944641,101503,9.519946465617218e-05,0.0002855983939685165,14016
877,0.2267417535185814,0.22568706795573235,0.010546861973125488,0.11217588931322098,102718,9.518546326844993e-05,0.00028555638980534974,14032
878,0.18509535677731037,0.18481927178800106,0.0027608541277004406,0.11218109726905823,98008,9.517144252471071e-05,0.0002855143275741321,14048
879,0.19272030889987946,0.19205675646662712,0.006635540456045419,0.11218605190515518,101217,9.515740243096057e-05,0.00028547220729288164,14064
880,0.19832280650734901,0.19803342036902905,0.0028938947871210985,0.11219100654125214,101749,9.51433429932138e-05,0.0002854300289796413,14080
881,0.18452607467770576,0.1833837553858757,0.011423224117606878,0.11219571530818939,97497,9.512926421749304e-05,0.0002853877926524791,14096
882,0.15070251747965813,0.14964295364916325,0.010595635350910015,0.11220032721757889,99589,9.511516610982918e-05,0.0002853454983294875,14112
883,0.15896585769951344,0.15878482908010483,0.0018102887843269855,0.1122053936123848,95337,9.510104867626142e-05,0.0002853031460287842,14128
884,0.24648209288716316,0.24606943503022194,0.004126589745283127,0.11221026629209518,97848,9.50869119228372e-05,0.00028526073576851156,14144
885,0.1900450438261032,0.18950766324996948,0.00537379429442808,0.11221566796302795,103297,9.507275585561229e-05,0.0002852182675668368,14160
886,0.23016404546797276,0.22915049456059933,0.010135484801139683,0.11222078651189804,97881,9.505858048065066e-05,0.0002851757414419519,14176
887,0.1442552376538515,0.1437064167112112,0.005488212977070361,0.11222661286592484,102592,9.50443858040246e-05,0.0002851331574120738,14192
888,0.27482591196894646,0.27405431121587753,0.007715994732279796,0.11223205178976059,102927,9.503017183181468e-05,0.00028509051549544396,14208
889,0.17846768535673618,0.17814482189714909,0.003228615620173514,0.11223790794610977,100180,9.501593857010969e-05,0.000285047815710329,14224
890,0.23336664587259293,0.23240958154201508,0.009570591850206256,0.11224383860826492,103361,9.50016860250067e-05,0.00028500505807502007,14240
891,0.24452862329781055,0.24365583062171936,0.008727948035812005,0.11224938184022903,97252,9.498741420261108e-05,0.0002849622426078332,14256
892,0.2362685538828373,0.23586831241846085,0.004002410045359284,0.11225499957799911,95064,9.497312310903639e-05,0.00028491936932710917,14272
893,0.1663204375654459,0.1652218122035265,0.010986264620441943,0.1122603714466095,96573,9.495881275040453e-05,0.0002848764382512135,14288
894,0.11637344397604465,0.11589757353067398,0.004758685303386301,0.11226601153612137,101474,9.494448313284554e-05,0.0002848334493985366,14304
895,0.1716023050248623,0.171049565076828,0.005527406989131123,0.1122722178697586,101467,9.493013426249782e-05,0.0002847904027874934,14320
896,0.16473459266126156,0.16418875195086002,0.005458378233015537,0.1122785359621048,94970,9.491576614550795e-05,0.00028474729843652383,14336
897,0.17602158337831497,0.17503119632601738,0.00990391295090376,0.11228470504283905,96666,9.490137878803079e-05,0.0002847041363640923,14352
898,0.21156470850110054,0.21073056757450104,0.008341423177625984,0.11229079961776733,99095,9.48869721962294e-05,0.0002846609165886882,14368
899,0.2039143145084381,0.2036983873695135,0.002159337447665166,0.11229681223630905,98958,9.487254637627514e-05,0.00028461763912882536,14384
900,0.14882244355976582,0.1482197530567646,0.0060268890811130404,0.11230244487524033,96086,9.485810133434753e-05,0.0002845743040030426,14400
901,0.30675579980015755,0.30641542933881283,0.003403681010240689,0.11230797320604324,104512,9.484363707663442e-05,0.00028453091122990323,14416
902,0.24586781486868858,0.2454703338444233,0.003974827297497541,0.11231342703104019,106311,9.48291536093318e-05,0.0002844874608279954,14432
903,0.19681841135025024,0.19623837992548943,0.005800322076538578,0.11231908947229385,101611,9.481465093864395e-05,0.0002844439528159318,14448
904,0.2026151493191719,0.20125985145568848,0.013552997261285782,0.11232449114322662,100976,9.480012907078333e-05,0.00028440038721234994,14464
905,0.22039050050079823,0.21996920928359032,0.004212876781821251,0.1123303771018982,98979,9.478558801197065e-05,0.0002843567640359119,14480
906,0.1816814262419939,0.18119100108742714,0.004904269182588905,0.11233620345592499,104494,9.477102776843485e-05,0.0002843130833053045,14496
907,0.228447575122118,0.22774243727326393,0.007051328400848433,0.11234171688556671,96223,9.475644834641308e-05,0.00028426934503923923,14512
908,0.15847665816545486,0.15784918144345284,0.00627478159731254,0.11234720051288605,100996,9.474184975215069e-05,0.00028422554925645204,14528
909,0.27128779515624046,0.2710193023085594,0.0026849742571357638,0.11235276609659195,105876,9.472723199190125e-05,0.0002841816959757037,14544
910,0.1956298165023327,0.19531328603625298,0.00316531874705106,0.11235851794481277,99240,9.471259507192657e-05,0.00028413778521577967,14560
911,0.1918136067688465,0.19042102247476578,0.01392581501568202,0.11236429959535599,96877,9.469793899849661e-05,0.00028409381699548983,14576
912,0.2565109506249428,0.25594475492835045,0.005661990064254496,0.11236988753080368,101341,9.468326377788959e-05,0.0002840497913336687,14592
913,0.23669859766960144,0.23555145040154457,0.011471484045614488,0.1123751848936081,100867,9.466856941639188e-05,0.0002840057082491756,14608
914,0.21864699572324753,0.2179621122777462,0.006848779274150729,0.1123804822564125,98400,9.46538559202981e-05,0.0002839615677608943,14624
915,0.24282663688063622,0.24192897975444794,0.008976550533930094,0.11238588392734528,99671,9.463912329591105e-05,0.0002839173698877331,14640
916,0.1368449330329895,0.13566485978662968,0.011800725478678942,0.1123914122581482,94787,9.46243715495417e-05,0.0002838731146486251,14656
917,0.21453797072172165,0.21402128413319588,0.005166846538486425,0.11239742487668991,105095,9.460960068750924e-05,0.0002838288020625277,14672
918,0.16014572605490685,0.1586252972483635,0.01520431728567928,0.1124030128121376,99201,9.459481071614104e-05,0.0002837844321484231,14688
919,0.22570685669779778,0.22498350962996483,0.00723348841211191,0.11240844428539276,101030,9.458000164177263e-05,0.00028374000492531785,14704
920,0.22619947791099548,0.22532841935753822,0.008710599620826542,0.11241357773542404,97721,9.456517347074778e-05,0.0002836955204122433,14720
921,0.16791168600320816,0.166658041998744,0.012536489870399237,0.11241897940635681,94410,9.45503262094184e-05,0.00028365097862825513,14736
922,0.17596438713371754,0.1753192786127329,0.006451077351812273,0.1124243512749672,95242,9.453545986414457e-05,0.00028360637959243365,14752
923,0.2097083367407322,0.2090677134692669,0.0064062742167152464,0.11242962628602982,96260,9.452057444129456e-05,0.00028356172332388364,14768
924,0.14764529652893543,0.14731701463460922,0.003282819132436998,0.11243598908185959,99991,9.450566994724483e-05,0.00028351700984173447,14784
925,0.24959411472082138,0.24916396290063858,0.0043015202099923044,0.11244209110736847,101948,9.449074638837999e-05,0.00028347223916513995,14800
926,0.11870663799345493,0.1176915131509304,0.01015121943783015,0.11244802176952362,96054,9.447580377109281e-05,0.0002834274113132784,14816
927,0.20588932186365128,0.20534861832857132,0.005407075339462608,0.1124536395072937,98916,9.446084210178423e-05,0.00028338252630535264,14832
928,0.1508015189319849,0.1506096851080656,0.0019183698350389022,0.11245950311422348,98189,9.444586138686335e-05,0.00028333758416059,14848
929,0.25771189481019974,0.25760800763964653,0.0010388581613369752,0.11246540397405624,103026,9.443086163274745e-05,0.0002832925848982423,14864
930,0.19739487767219543,0.1967099793255329,0.006849024153780192,0.11247127503156662,102314,9.441584284586193e-05,0.00028324752853758575,14880
931,0.11071817297488451,0.11011998914182186,0.005981851078104228,0.11247709393501282,101786,9.440080503264037e-05,0.0002832024150979211,14896
932,0.232462203130126,0.23177144303917885,0.0069076017825864255,0.11248300224542618,99870,9.43857481995245e-05,0.00028315724459857346,14912
933,0.2319778259843588,0.23106853663921356,0.009092906526348088,0.11248864978551865,102047,9.437067235296418e-05,0.00028311201705889246,14928
934,0.23652738332748413,0.2359248474240303,0.00602539157262072,0.11249415576457977,100801,9.43555774994174e-05,0.00028306673249825216,14944
935,0.29430609568953514,0.294143658131361,0.0016242994970525615,0.1124994158744812,103046,9.434046364535037e-05,0.00028302139093605105,14960
936,0.2727905288338661,0.27196941524744034,0.008211095293518156,0.1125047504901886,98787,9.432533079723733e-05,0.00028297599239171197,14976
937,0.2674802150577307,0.26716896519064903,0.003112465055892244,0.11251085996627808,103765,9.431017896156074e-05,0.00028293053688468214,14992
938,0.1911276988685131,0.19086360558867455,0.0026409236306790262,0.11251749843358994,99827,9.429500814481116e-05,0.00028288502443443345,15008
939,0.32993458211421967,0.3293828219175339,0.005517577432328835,0.11252376437187195,103174,9.42798183534873e-05,0.0002828394550604618,15024
940,0.13623190857470036,0.13557265512645245,0.006592520046979189,0.11253051459789276,99474,9.426460959409595e-05,0.00028279382878228785,15040
941,0.23667394742369652,0.23539203591644764,0.012819176656194031,0.11253702640533447,99667,9.42493818731521e-05,0.00028274814561945626,15056
942,0.2470793630927801,0.24664035439491272,0.004390099391457625,0.11254315078258514,99305,9.423413519717879e-05,0.00028270240559153634,15072
943,0.1991286687552929,0.19882844761013985,0.0030022182618267834,0.11255005747079849,99568,9.421886957270723e-05,0.00028265660871812164,15088
944,0.14103970862925053,0.14070180244743824,0.003379060188308358,0.11255687475204468,98996,9.42035850062767e-05,0.0002826107550188301,15104
945,0.30394625663757324,0.30239373445510864,0.01552517240634188,0.11256327480077744,95735,9.418828150443469e-05,0.00028256484451330403,15120
946,0.264862485229969,0.26408759132027626,0.007748956675641239,0.11256975680589676,103500,9.417295907373664e-05,0.0002825188772212099,15136
947,0.1895763911306858,0.1887921839952469,0.00784209172707051,0.11257646977901459,101022,9.415761772074627e-05,0.0002824728531622388,15152
948,0.2236618921160698,0.22260591760277748,0.010559755261056125,0.1125827357172966,95371,9.414225745203528e-05,0.00028242677235610584,15168
949,0.2265893593430519,0.22612539306282997,0.004639729231712408,0.11258899420499802,102901,9.412687827418356e-05,0.00028238063482255064,15184
950,0.25580932572484016,0.2553037218749523,0.005056006964878179,0.11259504407644272,104963,9.411148019377903e-05,0.00028233444058133706,15200
951,0.176305016502738,0.1750173196196556,0.012876961030997336,0.11260081827640533,98288,9.409606321741775e-05,0.0002822881896522532,15216
952,0.17720938846468925,0.17688660509884357,0.0032278470462188125,0.11260700970888138,102614,9.408062735170386e-05,0.00028224188205511154,15232
953,0.156071275472641,0.15452534705400467,0.015459261485375464,0.11261361837387085,98509,9.40651726032496e-05,0.0002821955178097488,15248
954,0.29562412202358246,0.293222151696682,0.024019722491061657,0.11261944472789764,99752,9.404969897867531e-05,0.00028214909693602587,15264
955,0.1905954424291849,0.18960626050829887,0.00989183783531189,0.11262499541044235,96378,9.403420648460936e-05,0.0002821026194538281,15280
956,0.2160230092704296,0.21499168127775192,0.010313237551599741,0.11263054609298706,100038,9.401869512768827e-05,0.00028205608538306475,15296
957,0.18554101884365082,0.18524140119552612,0.0029961732652736828,0.11263734847307205,101693,9.400316491455661e-05,0.0002820094947436698,15312
958,0.2610795646905899,0.26090338826179504,0.0017617558187339455,0.11264409869909286,98312,9.3987615851867e-05,0.000281962847555601,15328
959,0.16621427796781063,0.16502567939460278,0.011885966872796416,0.11265111714601517,91566,9.397204794628021e-05,0.0002819161438388406,15344
960,0.23575615882873535,0.2350400909781456,0.007160662877140567,0.11265814304351807,99198,9.395646120446502e-05,0.00028186938361339503,15360
961,0.21608903631567955,0.21524542942643166,0.008436048170551658,0.11266560852527618,103302,9.394085563309827e-05,0.00028182256689929475,15376
962,0.26207853481173515,0.26107558608055115,0.010029467288404703,0.11267291009426117,96188,9.392523123886492e-05,0.0002817756937165947,15392
963,0.3054491654038429,0.30489472299814224,0.00554440772975795,0.11267973482608795,102814,9.390958802845796e-05,0.0002817287640853738,15408
964,0.2869650050997734,0.2866958826780319,0.002691219102416653,0.11268644779920578,102981,9.389392600857844e-05,0.0002816817780257353,15424
965,0.181238679215312,0.18055468052625656,0.0068399590090848505,0.11269357055425644,99768,9.387824518593546e-05,0.00028163473555780635,15440
966,0.1603586059063673,0.15948390401899815,0.008747042738832533,0.11270042508840561,100608,9.386254556724622e-05,0.0002815876367017386,15456
967,0.23786301910877228,0.2370273545384407,0.008356633363291621,0.11270689219236374,100555,9.384682715923589e-05,0.00028154048147770763,15472
968,0.2662615552544594,0.2657063826918602,0.005551747948629782,0.11271350830793381,97525,9.383108996863778e-05,0.00028149326990591333,15488
969,0.20239337906241417,0.2016359455883503,0.007574327028123662,0.11271984130144119,96982,9.381533400219318e-05,0.0002814460020065795,15504
970,0.2356399316340685,0.23484520986676216,0.00794715475058183,0.11272697895765305,102334,9.379955926665145e-05,0.0002813986777999543,15520
971,0.24488963931798935,0.2432268150150776,0.016628258366836235,0.1127338856458664,106253,9.378376576876999e-05,0.00028135129730630994,15536
972,0.22272208705544472,0.22216977179050446,0.005523184285266325,0.11274062842130661,102103,9.376795351531422e-05,0.0002813038605459426,15552
973,0.26295866072177887,0.262532364577055,0.0042629319650586694,0.1127476617693901,96879,9.375212251305763e-05,0.00028125636753917284,15568
974,0.17916565388441086,0.17896114848554134,0.0020451007003430277,0.11275488138198853,101918,9.37362727687817e-05,0.00028120881830634507,15584
975,0.22305761836469173,0.22215615026652813,0.009014712239149958,0.1127622202038765,103185,9.372040428927596e-05,0.00028116121286782784,15600
976,0.22042809799313545,0.21990207210183144,0.005260285222902894,0.11277023702859879,97835,9.370451708133795e-05,0.0002811135512440138,15616
977,0.1747448444366455,0.17185970023274422,0.028851462062448263,0.11277780681848526,87418,9.368861115177327e-05,0.0002810658334553198,15632
978,0.24001255258917809,0.2396329529583454,0.0037959842302370816,0.11278572678565979,101339,9.36726865073955e-05,0.00028101805952218645,15648
979,0.2398238442838192,0.23967989534139633,0.0014395078251254745,0.11279337853193283,100023,9.365674315502626e-05,0.00028097022946507874,15664
980,0.2713017165660858,0.27051860839128494,0.007831035822164267,0.11280177533626556,95495,9.364078110149516e-05,0.00028092234330448544,15680
981,0.25422871299088,0.253218874335289,0.010098404076416045,0.11280947178602219,95141,9.362480035363986e-05,0.0002808744010609196,15696
982,0.09275982901453972,0.0920215118676424,0.007383165415376425,0.11281678080558777,102014,9.360880091830599e-05,0.00028082640275491793,15712
983,0.12353816628456116,0.12265291810035706,0.008852479339111596,0.11282408982515335,96572,9.35927828023472e-05,0.0002807783484070416,15728
984,0.24985625222325325,0.24921613931655884,0.0064011091308202595,0.1128310039639473,98696,9.357674601262514e-05,0.00028073023803787536,15744
985,0.19453692063689232,0.19384535029530525,0.006915702921105549,0.11283811926841736,102720,9.356069055600948e-05,0.00028068207166802837,15760
986,0.21041759848594666,0.21001864969730377,0.003989483928307891,0.11284538358449936,98814,9.354461643937784e-05,0.0002806338493181335,15776
987,0.25405341386795044,0.2536800317466259,0.003733830410055816,0.11285263299942017,97838,9.352852366961588e-05,0.0002805855710088476,15792
988,0.14427945762872696,0.14323105663061142,0.010484062251634896,0.1128600537776947,97517,9.351241225361722e-05,0.0002805372367608516,15808
989,0.22975577786564827,0.22928037866950035,0.004753961984533817,0.11286704987287521,106157,9.349628219828349e-05,0.0002804888465948504,15824
990,0.2332748845219612,0.232867993414402,0.004068923042723327,0.11287490278482437,101048,9.348013351052428e-05,0.0002804404005315728,15840
991,0.1994861513376236,0.1988833285868168,0.006028276518918574,0.11288255453109741,98611,9.34639661972572e-05,0.00028039189859177153,15856
992,0.3068605624139309,0.3066159561276436,0.0024460335698677227,0.11288989335298538,103477,9.344778026540777e-05,0.0002803433407962233,15872
993,0.20536595210433006,0.2041102834045887,0.012556681758724153,0.11289744824171066,97219,9.343157572190957e-05,0.00028029472716572867,15888
994,0.1977882981300354,0.19740742444992065,0.003808742418186739,0.11290516704320908,103739,9.341535257370409e-05,0.00028024605772111223,15904
995,0.17641791887581348,0.17560298554599285,0.008149321452947333,0.11291294544935226,99146,9.339911082774082e-05,0.0002801973324832224,15920
996,0.17227396555244923,0.1717919073998928,0.0048205883940681815,0.11292053014039993,93527,9.338285049097721e-05,0.0002801485514729316,15936
997,0.24096499010920525,0.24040257930755615,0.005624124285532162,0.1129276379942894,94781,9.336657157037866e-05,0.00028009971471113594,15952
998,0.2285711131989956,0.22721928358078003,0.01351830642670393,0.1129346489906311,95572,9.335027407291855e-05,0.0002800508222187556,15968
999,0.2124536819756031,0.21197695285081863,0.004767264937981963,0.11294203251600266,100507,9.333395800557821e-05,0.0002800018740167346,15984
1000,0.2832021042704582,0.28260188549757004,0.006002252533562569,0.11294922977685928,100239,9.331762337534694e-05,0.00027995287012604075,16000
1001,0.2739816792309284,0.27345291897654533,0.005287614811095409,0.11295648664236069,93439,9.330127018922194e-05,0.0002799038105676658,16016
1002,0.21059329435229301,0.2100516501814127,0.005416425345174503,0.11296366900205612,104156,9.328489845420842e-05,0.00027985469536262524,16032
1003,0.2622109688818455,0.26160214841365814,0.006088223693950567,0.11297071725130081,104391,9.326850817731951e-05,0.0002798055245319585,16048
1004,0.23952828720211983,0.23859963566064835,0.009286551619879901,0.112977035343647,95818,9.325209936557628e-05,0.0002797562980967288,16064
1005,0.21793315932154655,0.21678517200052738,0.011479882581625134,0.11298316717147827,99009,9.323567202600776e-05,0.0002797070160780232,16080
1006,0.13643954694271088,0.13532375544309616,0.01115791907068342,0.11298917233943939,92971,9.321922616565088e-05,0.0002796576784969526,16096
1007,0.25750206783413887,0.25680019706487656,0.007018708507530391,0.11299502849578857,100242,9.320276179155052e-05,0.0002796082853746515,16112
1008,0.17767340317368507,0.17668985016644,0.009835543460212648,0.11300121247768402,98722,9.31862789107595e-05,0.00027955883673227847,16128
1009,0.2024195622652769,0.20171852968633175,0.007010346686001867,0.11300766468048096,99244,9.316977753033859e-05,0.0002795093325910157,16144
1010,0.19230981171131134,0.19185061380267143,0.004592005512677133,0.11301546543836594,101494,9.315325765735642e-05,0.00027945977297206924,16160
1011,0.2447071336209774,0.24379491806030273,0.00912215979769826,0.11302294582128525,100512,9.31367192988896e-05,0.00027941015789666873,16176
1012,0.201963908970356,0.20101681910455227,0.009470922319451347,0.11303006112575531,97886,9.312016246202262e-05,0.00027936048738606785,16192
1013,0.2177778296172619,0.21695461496710777,0.008232112770201638,0.11303720623254776,96420,9.310358715384793e-05,0.00027931076146154373,16208
1014,0.23874646425247192,0.2381279282271862,0.006185362508404069,0.11304442584514618,102050,9.308699338146583e-05,0.0002792609801443974,16224
1015,0.2446913979947567,0.24361930415034294,0.010721010097768158,0.11305125802755356,100757,9.307038115198458e-05,0.00027921114345595373,16240
1016,0.3199253976345062,0.3192487433552742,0.006766520731616765,0.11305752396583557,96060,9.305375047252037e-05,0.000279161251417561,16256
1017,0.1810911726206541,0.17989364080131054,0.01197530038189143,0.11306330561637878,90817,9.30371013501972e-05,0.0002791113040505915,16272
1018,0.19426335766911507,0.19344879686832428,0.008145607411279343,0.11306913197040558,100212,9.302043379214703e-05,0.00027906130137644105,16288
1019,0.1932751052081585,0.19282256066799164,0.004525495663983747,0.11307520419359207,103588,9.300374780550974e-05,0.00027901124341652914,16304
1020,0.23120615631341934,0.23047718778252602,0.007289717410458252,0.11308126896619797,100621,9.298704339743308e-05,0.00027896113019229915,16320
1021,0.2379694189876318,0.23741367273032665,0.005557478856644593,0.11308757215738297,95113,9.297032057507264e-05,0.0002789109617252179,16336
1022,0.27058221586048603,0.27016057074069977,0.004216410859953612,0.11309393495321274,103339,9.295357934559198e-05,0.0002788607380367759,16352
1023,0.21281187236309052,0.21154487505555153,0.012669999414356425,0.11310086399316788,96212,9.293681971616252e-05,0.00027881045914848756,16368
1024,0.2740602642297745,0.27348068356513977,0.005795834222226404,0.11310718208551407,103711,9.292004169396356e-05,0.0002787601250818906,16384
1025,0.13287715427577496,0.13230283185839653,0.005743208748754114,0.11311335861682892,100594,9.290324528618224e-05,0.00027870973585854665,16400
1026,0.14485372602939606,0.14427732676267624,0.0057640002341941,0.11311928927898407,96753,9.288643050001361e-05,0.0002786592915000408,16416
1027,0.26311250030994415,0.2627262584865093,0.0038624419539701194,0.11312512308359146,101896,9.286959734266061e-05,0.0002786087920279818,16432
1028,0.21559474989771843,0.2154316082596779,0.0016313999803969637,0.113132044672966,102803,9.285274582133401e-05,0.000278558237464002,16448
1029,0.21741874516010284,0.2169087454676628,0.005099989881273359,0.11313938349485397,105162,9.283587594325249e-05,0.0002785076278297574,16464
1030,0.18138211406767368,0.18077154457569122,0.006105669890530407,0.11314638704061508,99319,9.281898771564254e-05,0.0002784569631469276,16480
1031,0.21879703737795353,0.2183517962694168,0.00445242301793769,0.11315366625785828,103045,9.280208114573859e-05,0.00027840624343721573,16496
1032,0.20302513241767883,0.2025498002767563,0.0047533091965306085,0.11316104233264923,103441,9.278515624078282e-05,0.0002783554687223484,16512
1033,0.27939541079103947,0.2791797239333391,0.0021568187585216947,0.11316812038421631,101822,9.276821300802534e-05,0.000278304639024076,16528
1034,0.2248138841241598,0.2241588532924652,0.006550305050041061,0.11317498981952667,89886,9.27512514547241e-05,0.00027825375436417226,16544
1035,0.2033170387148857,0.20308465138077736,0.0023238961439346895,0.11318159848451614,101043,9.27342715881449e-05,0.00027820281476443465,16560
1036,0.21773095428943634,0.21702608466148376,0.007048696686979383,0.11318771541118622,97272,9.271727341556135e-05,0.000278151820246684,16576
1037,0.19484634697437286,0.19450416415929794,0.0034218547953059897,0.11319416761398315,97217,9.270025694425497e-05,0.0002781007708327649,16592
1038,0.21432985365390778,0.2137642651796341,0.0056558829674031585,0.11320015788078308,101466,9.268322218151501e-05,0.00027804966654454503,16608
1039,0.2607131600379944,0.26031220331788063,0.0040095754666253924,0.11320638656616211,101961,9.266616913463869e-05,0.00027799850740391603,16624
1040,0.2233351580798626,0.22313426807522774,0.0020088928285986185,0.11321239173412323,102503,9.264909781093094e-05,0.00027794729343279283,16640
1041,0.21420582570135593,0.21395431086421013,0.00251515707350336,0.11321951448917389,103841,9.263200821770461e-05,0.0002778960246531138,16656
1042,0.20281406305730343,0.2019268460571766,0.00887217145645991,0.11322630196809769,95688,9.261490036228033e-05,0.00027784470108684094,16672
1043,0.2075600028038025,0.20706863328814507,0.004913681419566274,0.1132327988743782,103016,9.259777425198655e-05,0.00027779332275595963,16688
1044,0.23172201961278915,0.2316139154136181,0.0010810541425598785,0.11323957145214081,104192,9.258062989415955e-05,0.0002777418896824786,16704
1045,0.21300305426120758,0.2125006765127182,0.0050237905234098434,0.11324592679738998,102478,9.256346729614342e-05,0.00027769040188843023,16720
1046,0.1939890868961811,0.19345592707395554,0.005331646301783621,0.11325187236070633,101033,9.25462864652901e-05,0.0002776388593958703,16736
1047,0.19755830615758896,0.1972582619637251,0.0030004773434484378,0.11325766891241074,102596,9.252908740895931e-05,0.0002775872622268779,16752
1048,0.19886582344770432,0.19809665717184544,0.007691645674640313,0.11326295882463455,99009,9.251187013451857e-05,0.00027753561040355564,16768
1049,0.1711606327444315,0.17106686905026436,0.000937637577408168,0.11326836794614792,103406,9.249463464934321e-05,0.0002774839039480296,16784
1050,0.1782618947327137,0.17767402343451977,0.00587873843323905,0.11327366530895233,101799,9.247738096081635e-05,0.000277432142882449,16800
1051,0.1953715644776821,0.19510383903980255,0.002677247619431,0.11327899992465973,103944,9.246010907632895e-05,0.00027738032722898683,16816
1052,0.18486404232680798,0.18405391089618206,0.008101345621980727,0.11328456550836563,93288,9.244281900327973e-05,0.0002773284570098391,16832
1053,0.30810827761888504,0.30793559551239014,0.0017267884541070089,0.11328987777233124,104642,9.242551074907519e-05,0.00027727653224722553,16848
1054,0.234731774777174,0.2342008724808693,0.0053089991270098835,0.11329489946365356,103155,9.240818432112965e-05,0.0002772245529633889,16864
1055,0.2041945457458496,0.20382796227931976,0.0036658217140939087,0.11330021917819977,99317,9.23908397268652e-05,0.0002771725191805956,16880
1056,0.18864268250763416,0.18798957951366901,0.006531023478601128,0.11330508440732956,95987,9.237347697371173e-05,0.00027712043092113515,16896
1057,0.2606472708284855,0.2601946145296097,0.004526565317064524,0.11331003904342651,97692,9.235609606910687e-05,0.0002770682882073206,16912
1058,0.1787767093628645,0.17843068577349186,0.0034602451414684765,0.11331617832183838,94872,9.233869702049605e-05,0.0002770160910614881,16928
1059,0.1886422485113144,0.18755356781184673,0.010886829870287329,0.11332181096076965,96352,9.232127983533246e-05,0.00027696383950599735,16944
1060,0.1766315922141075,0.17610334791243076,0.00528247345937416,0.11332734674215317,97049,9.23038445210771e-05,0.00027691153356323127,16960
1061,0.22790386900305748,0.22723888605833054,0.006649862800259143,0.11333263665437698,100556,9.228639108519868e-05,0.00027685917325559597,16976
1062,0.23423274606466293,0.23400790616869926,0.0022484642977360636,0.11333800107240677,99981,9.226891953517369e-05,0.00027680675860552106,16992
1063,0.17363011091947556,0.17284005135297775,0.00790061050793156,0.11334319412708282,99341,9.22514298784864e-05,0.00027675428963545916,17008
1064,0.16548839770257473,0.16454829089343548,0.009401076626090799,0.11334823071956635,95502,9.223392212262885e-05,0.0002767017663678865,17024
1065,0.22091659158468246,0.2205352745950222,0.003813167830230668,0.11335328966379166,102671,9.221639627510076e-05,0.00027664918882530225,17040
1066,0.2188711315393448,0.218667384237051,0.0020374518644530326,0.11335868388414383,102363,9.219885234340967e-05,0.00027659655703022896,17056
1067,0.1428652498871088,0.1420296635478735,0.008355882698197092,0.11336447298526764,101267,9.218129033507084e-05,0.0002765438710052125,17072
1068,0.22147822938859463,0.22093988209962845,0.0053835061844438314,0.11336998641490936,96155,9.216371025760728e-05,0.0002764911307728218,17088
1069,0.187286039814353,0.18612230755388737,0.01163733028806746,0.11337530612945557,97794,9.214611211854974e-05,0.00027643833635564917,17104
1070,0.16283703967928886,0.16193445771932602,0.009025833336636424,0.11338089406490326,97197,9.212849592543667e-05,0.00027638548777631,17120
1071,0.23714185133576393,0.23638415709137917,0.007576954434625804,0.11338624358177185,96985,9.211086168581433e-05,0.00027633258505744293,17136
1072,0.18379060737788677,0.18296033889055252,0.008302693371661007,0.11339148879051208,97652,9.209320940723664e-05,0.0002762796282217099,17152
1073,0.13117879256606102,0.13078955933451653,0.003892331646056846,0.1133970320224762,99419,9.207553909726531e-05,0.00027622661729179593,17168
1074,0.17039929144084454,0.16985614970326424,0.0054314656590577215,0.11340270936489105,97911,9.205785076346971e-05,0.0002761735522904091,17184
1075,0.20519908517599106,0.20469252206385136,0.005065595003543422,0.11340823769569397,100854,9.204014441342697e-05,0.00027612043324028087,17200
1076,0.1669362299144268,0.16632839292287827,0.006078369391616434,0.11341403424739838,99890,9.20224200547219e-05,0.00027606726016416567,17216
1077,0.2032471615821123,0.2029298096895218,0.003173548429913353,0.11341959983110428,103064,9.20046776949471e-05,0.0002760140330848412,17232
1078,0.1742291934788227,0.17356717586517334,0.006620146559725981,0.11342514306306839,95202,9.19869173417028e-05,0.00027596075202510837,17248
1079,0.2772243842482567,0.2770179621875286,0.0020642166928155348,0.11343061923980713,102361,9.196913900259698e-05,0.0002759074170077909,17264
1080,0.2090912163257599,0.20875833556056023,0.003328798367874697,0.11343594640493393,98019,9.195134268524532e-05,0.0002758540280557359,17280
1081,0.1448360402137041,0.14409072510898113,0.007453124737367034,0.11344154179096222,96508,9.193352839727121e-05,0.0002758005851918136,17296
1082,0.14540605433285236,0.14459056966006756,0.008154874958563596,0.11344732344150543,96627,9.191569614630568e-05,0.000275747088438917,17312
1083,0.2151726633310318,0.2149109896272421,0.0026167228061240166,0.11345310509204865,103505,9.189784593998757e-05,0.00027569353781996264,17328
1084,0.20528827235102654,0.20471630990505219,0.005719612672692165,0.11345870047807693,100235,9.187997778596326e-05,0.0002756399333578897,17344
1085,0.29313981533050537,0.2927049770951271,0.004348383801698219,0.11346425116062164,100607,9.186209169188695e-05,0.00027558627507566084,17360
1086,0.2136204782873392,0.21328036859631538,0.0034011012903647497,0.1134704127907753,103080,9.184418766542047e-05,0.00027553256299626136,17376
1087,0.24247194826602936,0.24151258915662766,0.009593579918146133,0.11347601562738419,93278,9.182626571423333e-05,0.00027547879714269995,17392
1088,0.23399224132299423,0.23346992582082748,0.005223178013693541,0.11348114907741547,100605,9.180832584600271e-05,0.00027542497753800814,17408
1089,0.24795052409172058,0.2477592919021845,0.0019123615893477108,0.11348632723093033,103954,9.179036806841353e-05,0.0002753711042052405,17424
1090,0.15659947879612446,0.15618452802300453,0.0041494776887702756,0.11349136382341385,105172,9.177239238915826e-05,0.0002753171771674748,17440
1091,0.2407900895923376,0.24020101875066757,0.005890686508791987,0.11349637806415558,102706,9.175439881593716e-05,0.00027526319644781145,17456
1092,0.16770724207162857,0.1671507339924574,0.005565102328546345,0.11350148916244507,103474,9.173638735645808e-05,0.0002752091620693742,17472
1093,0.19962756894528866,0.199130117893219,0.004974491952452809,0.11350652575492859,96256,9.171835801843658e-05,0.00027515507405530975,17488
1094,0.23217009752988815,0.23166215233504772,0.005079450173070654,0.11351175606250763,104692,9.170031080959584e-05,0.0002751009324287875,17504
1095,0.19106740690767765,0.190826877951622,0.0024052934168139473,0.11351699382066727,100184,9.168224573766673e-05,0.00027504673721300015,17520
1096,0.15057600289583206,0.15025288425385952,0.003231236565625295,0.11352232843637466,102240,9.166416281038773e-05,0.00027499248843116314,17536
1097,0.22135993838310242,0.22101236134767532,0.0034758138936012983,0.11352741718292236,102501,9.164606203550497e-05,0.00027493818610651487,17552
1098,0.2277609221637249,0.226291349157691,0.014695697951538023,0.11353195458650589,101704,9.16279434207723e-05,0.00027488383026231687,17568
1099,0.2106365952640772,0.2098454274237156,0.007911660795798525,0.11353617161512375,101880,9.160980697395115e-05,0.0002748294209218534,17584
1100,0.22549134492874146,0.22489725798368454,0.005940858187386766,0.1135401502251625,99725,9.159165270281057e-05,0.00027477495810843166,17600
1101,0.2829728536307812,0.28231509029865265,0.006577610118256416,0.11354408413171768,103896,9.157348061512727e-05,0.0002747204418453818,17616
1102,0.14415289647877216,0.14355162903666496,0.006012643687427044,0.11354812234640121,96993,9.155529071868562e-05,0.0002746658721560568,17632
1103,0.17132524214684963,0.1709348652511835,0.0039037700626067817,0.11355297267436981,105465,9.153708302127758e-05,0.0002746112490638327,17648
1104,0.20859543792903423,0.20775289088487625,0.008425512700341642,0.1135580763220787,97588,9.151885753070277e-05,0.00027455657259210824,17664
1105,0.19783499464392662,0.1972989607602358,0.005360321665648371,0.11356312036514282,98863,9.150061425476838e-05,0.0002745018427643051,17680
1106,0.17385856993496418,0.17347951605916023,0.0037905123317614198,0.11356814205646515,96594,9.148235320128926e-05,0.0002744470596038677,17696
1107,0.19368350505828857,0.19336992129683495,0.0031358782725874335,0.11357301473617554,97565,9.146407437808788e-05,0.0002743922231342636,17712
1108,0.21836268343031406,0.21800630912184715,0.0035637083637993783,0.1135777086019516,101510,9.144577779299431e-05,0.0002743373333789829,17728
1109,0.2107371650636196,0.20958497002720833,0.01152191250002943,0.11358223855495453,99595,9.142746345384619e-05,0.0002742823903615385,17744
1110,0.1902928166091442,0.19009163044393063,0.002011842982028611,0.1135866641998291,97041,9.140913136848883e-05,0.00027422739410546646,17760
1111,0.18391350284218788,0.1833421215415001,0.0057137721159961075,0.11359104514122009,101170,9.139078154477512e-05,0.0002741723446343253,17776
1112,0.16542538069188595,0.16478854417800903,0.006368357979226857,0.11359524726867676,99977,9.137241399056551e-05,0.00027411724197169647,17792
1113,0.22276473231613636,0.2224416472017765,0.0032308852605638094,0.11359948664903641,105324,9.135402871372808e-05,0.00027406208614118424,17808
1114,0.2702171057462692,0.2698392905294895,0.0037781482678838074,0.11360352486371994,102657,9.133562572213855e-05,0.0002740068771664156,17824
1115,0.17647094279527664,0.17576615884900093,0.007047831437375862,0.11360741406679153,96939,9.131720502368013e-05,0.00027395161507104036,17840
1116,0.1849480215460062,0.18464311584830284,0.003049044345971197,0.1136116236448288,97458,9.129876662624365e-05,0.00027389629987873093,17856
1117,0.25442812964320183,0.2541099637746811,0.003181694191880524,0.11361583322286606,98366,9.128031053772759e-05,0.0002738409316131827,17872
1118,0.17884346656501293,0.17796814814209938,0.008753210422582924,0.11361975222826004,97218,9.12618367660379e-05,0.0002737855102981137,17888
1119,0.1936782207340002,0.192986149340868,0.006920753628946841,0.11362408101558685,103746,9.124334531908818e-05,0.0002737300359572645,17904
1120,0.16253029741346836,0.16229284182190895,0.0023745628423057497,0.11362840980291367,100734,9.122483620479957e-05,0.00027367450861439865,17920
1121,0.24991557747125626,0.24871397763490677,0.012015972286462784,0.1136324554681778,99792,9.120630943110077e-05,0.0002736189282933023,17936
1122,0.22877740859985352,0.22857623919844627,0.0020116988744121045,0.11363647133111954,102633,9.118776500592812e-05,0.0002735632950177843,17952
1123,0.17683639004826546,0.17646191455423832,0.00374477420700714,0.11364053934812546,99466,9.116920293722541e-05,0.0002735076088116762,17968
1124,0.260296817868948,0.2600867636501789,0.0021005723319831304,0.1136445477604866,97896,9.115062323294406e-05,0.0002734518696988321,17984
1125,0.18828980438411236,0.18748237006366253,0.008074335288256407,0.11364820599555969,96785,9.1132025901043e-05,0.00027339607770312895,18000
1126,0.16281847283244133,0.16235574707388878,0.004627246002200991,0.11365208774805069,105465,9.111341094948876e-05,0.0002733402328484662,18016
1127,0.255701020359993,0.25530053302645683,0.004004858106782194,0.11365583539009094,100360,9.10947783862554e-05,0.00027328433515876613,18032
1128,0.21428134851157665,0.21419987827539444,0.000814680228359066,0.11365997046232224,102577,9.10761282193245e-05,0.0002732283846579735,18048
1129,0.15195492655038834,0.15131848491728306,0.006364442277117632,0.11366431415081024,99309,9.105746045668521e-05,0.00027317238137005556,18064
1130,0.23173435032367706,0.23106602765619755,0.006683237501420081,0.11366836726665497,99768,9.10387751063342e-05,0.00027311632531900254,18080
1131,0.20005707256495953,0.1997975818812847,0.0025948657748813275,0.11367249488830566,101344,9.102007217627568e-05,0.00027306021652882703,18096
1132,0.17468076013028622,0.17421183362603188,0.004689291148679331,0.1136765331029892,97526,9.10013516745214e-05,0.0002730040550235642,18112
1133,0.23316111788153648,0.2323559708893299,0.008051475248066708,0.11368054896593094,102347,9.098261360909064e-05,0.0002729478408272719,18128
1134,0.16794050857424736,0.16745511628687382,0.004853917867876589,0.11368436366319656,101110,9.096385798801015e-05,0.0002728915739640304,18144
1135,0.2702793590724468,0.26954564452171326,0.0073371305770706385,0.11368875950574875,101223,9.094508481931427e-05,0.0002728352544579428,18160
1136,0.2828843668103218,0.28252803534269333,0.003563350808690302,0.1136929988861084,95750,9.092629411104483e-05,0.00027277888233313445,18176
1137,0.18812213651835918,0.18683716282248497,0.012849713122704998,0.11369692534208298,97876,9.090748587125118e-05,0.0002727224576137535,18192
1138,0.1719772182404995,0.17169913090765476,0.0027808760341940797,0.11370144784450531,100613,9.088866010799015e-05,0.00027266598032397044,18208
1139,0.25215064734220505,0.25103941187262535,0.01111238420708105,0.1137058213353157,99589,9.086981682932612e-05,0.0002726094504879783,18224
1140,0.20493477955460548,0.20435646548867226,0.005783163738669828,0.11371035873889923,100528,9.085095604333093e-05,0.00027255286812999277,18240
1141,0.18015859834849834,0.17920435778796673,0.009542415791656822,0.11371472477912903,98525,9.083207775808396e-05,0.0002724962332742518,18256
1142,0.13300807774066925,0.13225268945097923,0.007553883770015091,0.11371918767690659,99603,9.081318198167204e-05,0.0002724395459450161,18272
1143,0.18944690003991127,0.18879591301083565,0.006509851984446868,0.11372417211532593,100377,9.079426872218957e-05,0.00027238280616656866,18288
1144,0.1266201063990593,0.12615126743912697,0.004688384826295078,0.1137290820479393,100196,9.077533798773834e-05,0.000272326013963215,18304
1145,0.3301048278808594,0.32989031821489334,0.002145140169886872,0.11373376846313477,98277,9.075638978642771e-05,0.0002722691693592831,18320
1146,0.17474575154483318,0.1739780381321907,0.007677160159801133,0.11373823881149292,100621,9.073742412637446e-05,0.00027221227237912335,18336
1147,0.2541734166443348,0.25372394919395447,0.0044947052556381095,0.1137426495552063,96025,9.071844101570291e-05,0.0002721553230471087,18352
1148,0.25630997493863106,0.2556730657815933,0.0063690692113596015,0.1137467473745346,97611,9.06994404625448e-05,0.00027209832138763436,18368
1149,0.17495526187121868,0.17448646761476994,0.004687949025537819,0.1137508973479271,98000,9.068042247503936e-05,0.00027204126742511807,18384
1150,0.2491365522146225,0.2489362247288227,0.002003311104090244,0.11375503242015839,100393,9.06613870613333e-05,0.0002719841611839998,18400
1151,0.1917753964662552,0.19103184714913368,0.007435480001731776,0.11375892907381058,98833,9.064233422958077e-05,0.0002719270026887423,18416
1152,0.2963496781885624,0.2959715239703655,0.003781541105126962,0.11376257240772247,101278,9.06232639879434e-05,0.0002718697919638302,18432
1153,0.19412723928689957,0.19339383207261562,0.0073340594572073314,0.11376607418060303,99016,9.060417634459031e-05,0.0002718125290337709,18448
1154,0.14583670347929,0.145074175670743,0.007625245831150096,0.11376973986625671,101985,9.058507130769803e-05,0.000271755213923094,18464
1155,0.22326525673270226,0.22293605282902718,0.0032920982921496034,0.11377329379320145,98864,9.05659488854505e-05,0.00027169784665635147,18480
1156,0.15092033706605434,0.14891190640628338,0.020084263564058347,0.11377676576375961,96961,9.054680908603922e-05,0.00027164042725811763,18496
1157,0.21059001237154007,0.20889482274651527,0.01695186796132475,0.11378022283315659,95674,9.052765191766304e-05,0.0002715829557529891,18512
1158,0.18697909265756607,0.18650534749031067,0.004737401381134987,0.11378412693738937,101202,9.05084773885283e-05,0.00027152543216558484,18528
1159,0.1970635987818241,0.19659383408725262,0.004697640943049919,0.11378796398639679,100664,9.048928550684873e-05,0.0002714678565205462,18544
1160,0.21365755796432495,0.21306569501757622,0.005918640876188874,0.11379172652959824,103434,9.047007628084555e-05,0.00027141022884253664,18560
1161,0.24578605219721794,0.24513660743832588,0.006494376153568737,0.11379634588956833,98668,9.045084971874738e-05,0.0002713525491562421,18576
1162,0.18031671456992626,0.17956103011965752,0.007556836761068553,0.11380090564489365,101818,9.043160582879025e-05,0.00027129481748637075,18592
1163,0.2767283320426941,0.2761138081550598,0.006145201230538078,0.11380507051944733,105687,9.041234461921766e-05,0.0002712370338576529,18608
1164,0.2099206168204546,0.2095462828874588,0.003743324166862294,0.11380910873413086,102547,9.039306609828047e-05,0.00027117919829484135,18624
1165,0.22294342517852783,0.22266709804534912,0.002763262774692521,0.11381319910287857,103434,9.0373770274237e-05,0.0002711213108227109,18640
1166,0.225394980981946,0.2249707728624344,0.004242082322889473,0.11381717771291733,102200,9.035445715535298e-05,0.0002710633714660589,18656
1167,0.2500581033527851,0.24933192878961563,0.0072617531986907125,0.1138215959072113,97889,9.03351267499015e-05,0.00027100538024970444,18672
1168,0.18982204981148243,0.1891528945416212,0.006691587928798981,0.11382592469453812,101443,9.031577906616314e-05,0.00027094733719848935,18688
1169,0.23329715430736542,0.23240349628031254,0.008936586731579155,0.1138300746679306,100230,9.029641411242579e-05,0.0002708892423372774,18704
1170,0.17862044088542461,0.17745819874107838,0.011622392514254898,0.11383410543203354,99564,9.027703189698483e-05,0.0002708310956909544,18720
1171,0.13003845512866974,0.1292434222996235,0.007950310653541237,0.11383847892284393,100307,9.025763242814291e-05,0.0002707728972844287,18736
1172,0.2796829678118229,0.2792866416275501,0.003963261639000848,0.11384311318397522,101526,9.023821571421023e-05,0.00027071464714263063,18752
1173,0.22955968044698238,0.22897963598370552,0.005800406855996698,0.1138477474451065,102826,9.021878176350423e-05,0.00027065634529051263,18768
1174,0.22105763107538223,0.2201250158250332,0.00932613672921434,0.1138523668050766,96864,9.019933058434983e-05,0.0002705979917530495,18784
1175,0.16492939740419388,0.16453779116272926,0.003916058747563511,0.11385669559240341,99734,9.017986218507929e-05,0.00027053958655523784,18800
1176,0.17881893552839756,0.1780877262353897,0.007312066531085293,0.11386112123727798,99535,9.016037657403224e-05,0.0002704811297220967,18816
1177,0.18017524108290672,0.1799345426261425,0.002406994732154999,0.11386552453041077,100606,9.014087375955573e-05,0.00027042262127866716,18832
1178,0.21687643975019455,0.21623041667044163,0.00646024159505032,0.11386985331773758,100922,9.012135375000413e-05,0.0002703640612500123,18848
1179,0.23670418187975883,0.23628834635019302,0.004158349533952332,0.11387398093938828,102080,9.010181655373917e-05,0.0002703054496612175,18864
1180,0.2339075319468975,0.23316285759210587,0.007446750765666366,0.11387774348258972,100014,9.008226217912998e-05,0.00027024678653738993,18880
1181,0.26923197507858276,0.26882410794496536,0.004078672805917449,0.11388147622346878,99568,9.006269063455304e-05,0.00027018807190365906,18896
1182,0.17255875281989574,0.17162159830331802,0.009371592430397868,0.11388511210680008,95197,9.004310192839216e-05,0.00027012930578517645,18912
1183,0.2482268624007702,0.24796655774116516,0.00260299738147296,0.1138887032866478,102687,9.002349606903855e-05,0.0002700704882071156,18928
1184,0.1451528389006853,0.14451484009623528,0.006379961501806974,0.11389309167861938,99062,9.000387306489071e-05,0.0002700116191946721,18944
1185,0.17814037017524242,0.17790882848203182,0.002315434205229394,0.11389770358800888,102951,8.998423292435454e-05,0.00026995269877306356,18960
1186,0.2032288908958435,0.2030717059969902,0.0015718611502961721,0.11390258371829987,99851,8.99645756558432e-05,0.0002698937269675296,18976
1187,0.1126477811485529,0.11170229688286781,0.009454843937419355,0.11390729248523712,96822,8.99449012677773e-05,0.00026983470380333185,18992
1188,0.2681081257760525,0.26790357381105423,0.002045591034402605,0.11391185969114304,100389,8.992520976858468e-05,0.00026977562930575403,19008
1189,0.21933805756270885,0.21895202435553074,0.003860355229335255,0.11391615867614746,102021,8.990550116670057e-05,0.0002697165035001017,19024
1190,0.2432616762816906,0.24247108399868011,0.0079058853443712,0.11391998082399368,100284,8.988577547056752e-05,0.0002696573264117025,19040
1191,0.257057998329401,0.2566857971251011,0.0037220374506432563,0.11392359435558319,95612,8.986603268863536e-05,0.00026959809806590605,19056
1192,0.19868889823555946,0.1976464856415987,0.010424079693621024,0.11392705887556076,99465,8.98462728293613e-05,0.0002695388184880839,19072
1193,0.1927759349346161,0.19165842980146408,0.011175056803040206,0.11393085867166519,96550,8.982649590120982e-05,0.0002694794877036294,19088
1194,0.17655926197767258,0.1762429978698492,0.003162626118864864,0.11393485963344574,102142,8.980670191265273e-05,0.0002694201057379582,19104
1195,0.27973634377121925,0.27924517542123795,0.004911687632557005,0.11393871903419495,99336,8.978689087216916e-05,0.0002693606726165074,19120
1196,0.17933334037661552,0.1788166482001543,0.005166891874978319,0.1139427199959755,97170,8.97670627882455e-05,0.00026930118836473646,19136
1197,0.18849880434572697,0.1878277212381363,0.006710853835102171,0.11394689232110977,98459,8.97472176693755e-05,0.0002692416530081265,19152
1198,0.21661137603223324,0.21647956036031246,0.0013181513411382184,0.11395100504159927,101966,8.972735552406017e-05,0.00026918206657218047,19168
1199,0.2708327956497669,0.2706015333533287,0.0023126422602217644,0.11395519226789474,100523,8.970747636080783e-05,0.00026912242908242346,19184
1200,0.17983507364988327,0.17903611436486244,0.00798955577192828,0.11395927518606186,102235,8.968758018813405e-05,0.00026906274056440215,19200
1201,0.21090972609817982,0.21056754887104034,0.0034217550564790145,0.11396314203739166,101714,8.966766701456177e-05,0.00026900300104368524,19216
1202,0.2386404164135456,0.2383951172232628,0.0024530303780920804,0.11396685987710953,103328,8.964773684862112e-05,0.0002689432105458633,19232
1203,0.24881771206855774,0.24859768152236938,0.002200363640440628,0.11397037655115128,99883,8.962778969884955e-05,0.0002688833690965486,19248
1204,0.24195214733481407,0.2415717951953411,0.0038034695826354437,0.11397376656532288,102929,8.96078255737918e-05,0.00026882347672137533,19264
1205,0.18937884271144867,0.18858019076287746,0.007986487355083227,0.11397690325975418,96871,8.958784448199987e-05,0.00026876353344599955,19280
1206,0.22621237114071846,0.2257162481546402,0.004961194033967331,0.11397993564605713,101528,8.956784643203302e-05,0.000268703539296099,19296
1207,0.27608533576130867,0.2754414901137352,0.006438431941205636,0.11398277431726456,102095,8.954783143245777e-05,0.00026864349429737326,19312
1208,0.1842984687536955,0.18400777503848076,0.0029069028969388455,0.1139860600233078,100285,8.952779949184793e-05,0.00026858339847554377,19328
1209,0.23813992738723755,0.23775652796030045,0.003834042960079387,0.11398942768573761,102770,8.950775061878453e-05,0.00026852325185635354,19344
1210,0.12389794550836086,0.12313089706003666,0.007670477032661438,0.11399280279874802,97717,8.948768482185587e-05,0.00026846305446556756,19360
1211,0.2660607174038887,0.26558157056570053,0.004791463928995654,0.11399641633033752,102069,8.94676021096575e-05,0.00026840280632897245,19376
1212,0.2651051878929138,0.2649388611316681,0.001663256378378719,0.1139998510479927,99367,8.944750249079223e-05,0.00026834250747237665,19392
1213,0.25305066630244255,0.2529243864119053,0.0012627872720258893,0.11400317400693893,99791,8.94273859738701e-05,0.00026828215792161025,19408
1214,0.15938728116452694,0.15871328487992287,0.006739966571331024,0.11400621384382248,96590,8.940725256750838e-05,0.0002682217577025251,19424
1215,0.10878139268606901,0.1081171240657568,0.006642684311373159,0.11400933563709259,97991,8.938710228033155e-05,0.0002681613068409946,19440
1216,0.14734356850385666,0.14711867459118366,0.002248934397357516,0.11401282995939255,103283,8.936693512097139e-05,0.0002681008053629142,19456
1217,0.15667089819908142,0.15635643154382706,0.0031446545908693224,0.11401668936014175,100839,8.934675109806688e-05,0.0002680402532942006,19472
1218,0.19923503696918488,0.19848349690437317,0.007515406585298479,0.11402041465044022,99118,8.932655022026417e-05,0.0002679796506607925,19488
1219,0.20955218374729156,0.20903026312589645,0.005219218088313937,0.11402378976345062,100661,8.930633249621672e-05,0.00026791899748865013,19504
1220,0.1633035447448492,0.16278254427015781,0.00521002066670917,0.11402731388807297,101044,8.928609793458514e-05,0.00026785829380375535,19520
1221,0.20295515656471252,0.2025543935596943,0.004007600058685057,0.11403138190507889,98917,8.926584654403724e-05,0.0002677975396321117,19536
1222,0.24901630729436874,0.24833976849913597,0.0067654515951289795,0.11403534561395645,98031,8.924557833324814e-05,0.00026773673499974436,19552
1223,0.12229188159108162,0.1220997367054224,0.0019214258136344142,0.11403942853212357,100075,8.922529331090006e-05,0.00026767587993270015,19568
1224,0.22157585248351097,0.2209144290536642,0.0066142326395493,0.11404432356357574,95803,8.920499148568245e-05,0.00026761497445704734,19584
1225,0.15398664213716984,0.15358050540089607,0.004061380946950521,0.1140495091676712,102008,8.9184672866292e-05,0.00026755401859887595,19600
1226,0.17638532631099224,0.175965191796422,0.004201346018817276,0.1140551045536995,101288,8.916433746143253e-05,0.0002674930123842975,19616
1227,0.23601340875029564,0.23561136797070503,0.00402038546235417,0.11406067758798599,99323,8.914398527981509e-05,0.00026743195583944524,19632
1228,0.17527572810649872,0.17439828254282475,0.008774484449531883,0.11406580358743668,100650,8.912361633015791e-05,0.0002673708489904737,19648
1229,0.1859410274773836,0.18528274446725845,0.006582811154657975,0.1140706017613411,98268,8.910323062118639e-05,0.00026730969186355914,19664
1230,0.1811264529824257,0.18057577684521675,0.005506782821612433,0.11407548934221268,104359,8.908282816163314e-05,0.0002672484844848994,19680
1231,0.22311770915985107,0.22273261845111847,0.0038508548168465495,0.11408030986785889,98279,8.906240896023794e-05,0.0002671872268807138,19696
1232,0.2168349251151085,0.21658652275800705,0.002484009659383446,0.11408502608537674,102083,8.904197302574768e-05,0.000267125919077243,19712
1233,0.226734921336174,0.22607416287064552,0.006607608345802873,0.1140897199511528,102998,8.90215203669165e-05,0.00026706456110074943,19728
1234,0.17269043251872063,0.17214204370975494,0.005483892047777772,0.11409474164247513,99306,8.900105099250564e-05,0.00026700315297751686,19744
1235,0.16296244226396084,0.16216621734201908,0.007962260657222942,0.11410030722618103,97763,8.898056491128357e-05,0.00026694169473385067,19760
1236,0.2711341939866543,0.27047577127814293,0.006584263130207546,0.11410558223724365,101245,8.896006213202583e-05,0.0002668801863960775,19776
1237,0.15107962489128113,0.15081338956952095,0.0026623573794495314,0.11411047726869583,100445,8.893954266351521e-05,0.00026681862799054557,19792
1238,0.19777999445796013,0.19682445377111435,0.009555441531119868,0.11411518603563309,103410,8.891900651454156e-05,0.00026675701954362465,19808
1239,0.17034607753157616,0.1699398923665285,0.0040618185012135655,0.11411947011947632,101462,8.889845369390193e-05,0.0002666953610817058,19824
1240,0.250218840315938,0.24962537549436092,0.005934570966928732,0.11412341892719269,100600,8.887788421040049e-05,0.0002666336526312014,19840
1241,0.17676289565861225,0.17650090157985687,0.0026199660205747932,0.1141277626156807,101196,8.885729807284856e-05,0.0002665718942185456,19856
1242,0.17766299098730087,0.17692562006413937,0.007373680535238236,0.11413204669952393,102464,8.883669529006456e-05,0.0002665100858701937,19872
1243,0.19728542119264603,0.19611979648470879,0.011656224029138684,0.11413613706827164,96603,8.88160758708741e-05,0.0002664482276126223,19888
1244,0.21872737258672714,0.21842578798532486,0.003015858761500567,0.11414016038179398,97380,8.879543982410989e-05,0.00026638631947232963,19904
1245,0.22329063341021538,0.2229825221002102,0.0030811178439762443,0.11414413899183273,100469,8.877478715861173e-05,0.0002663243614758351,19920
1246,0.19745726510882378,0.1967007741332054,0.007564909174107015,0.11414834856987,96233,8.875411788322657e-05,0.00026626235364967966,19936
1247,0.1846072543412447,0.18438753858208656,0.0021971420501358807,0.11415283381938934,103320,8.873343200680848e-05,0.0002662002960204254,19952
1248,0.30720028281211853,0.3070518858730793,0.0014839552604826167,0.11415717750787735,100007,8.871272953821864e-05,0.00026613818861465587,19968
1249,0.2353998553007841,0.23498691990971565,0.00412931882601697,0.11416122317314148,101545,8.869201048632532e-05,0.0002660760314589759,19984
1250,0.1965717114508152,0.19633039087057114,0.0024132428225129843,0.11416534334421158,103441,8.867127486000389e-05,0.00026601382458001164,20000
1251,0.15090260561555624,0.1503406735137105,0.0056193057098425925,0.11416934430599213,102029,8.865052266813685e-05,0.0002659515680044105,20016
1252,0.1674667540937662,0.16671861708164215,0.007481357897631824,0.11417412012815475,100922,8.862975391961377e-05,0.0002658892617588413,20032
1253,0.16371006704866886,0.1630521658807993,0.006578980352060171,0.11417931318283081,104736,8.860896862333134e-05,0.000265826905869994,20048
1254,0.1927289068698883,0.19177962839603424,0.009492732431681361,0.11418408900499344,98413,8.858816678819332e-05,0.0002657645003645799,20064
1255,0.1805269494652748,0.18016662448644638,0.0036032366333529353,0.11418861150741577,97429,8.856734842311053e-05,0.00026570204526933156,20080
1256,0.13253074139356613,0.1315205730497837,0.010101678199134767,0.1141929179430008,99158,8.85465135370009e-05,0.0002656395406110027,20096
1257,0.18215211667120457,0.18093547970056534,0.012166395084932446,0.11419747024774551,94370,8.852566213878947e-05,0.00026557698641636835,20112
1258,0.24567148089408875,0.24526891484856606,0.00402561104419874,0.11420184373855591,100608,8.850479423740827e-05,0.00026551438271222476,20128
1259,0.22280537709593773,0.2225743606686592,0.0023102024861145765,0.11420612782239914,94731,8.848390984179648e-05,0.0002654517295253894,20144
1260,0.17301449179649353,0.17261903919279575,0.003954523694119416,0.11421077698469162,102730,8.84630089609003e-05,0.00026538902688270086,20160
1261,0.17641157656908035,0.17607348784804344,0.003380890892003663,0.11421580612659454,100806,8.844209160367299e-05,0.0002653262748110189,20176
1262,0.22862268798053265,0.22804345190525055,0.0057923821223084815,0.11422055959701538,100448,8.842115777907489e-05,0.0002652634733372246,20192
1263,0.23234247043728828,0.23210269026458263,0.002397751515673008,0.11422540992498398,100712,8.840020749607339e-05,0.00026520062248822014,20208
1264,0.17972451634705067,0.17941639572381973,0.0030812058103038,0.11423063278198242,106337,8.837924076364292e-05,0.0002651377222909287,20224
1265,0.17497586645185947,0.17426767386496067,0.0070819478132762015,0.11423557251691818,96070,8.8358257590765e-05,0.00026507477277229496,20240
1266,0.10115071944892406,0.10011079907417297,0.010399225924629718,0.1142403706908226,97866,8.833725798642808e-05,0.0002650117739592842,20256
1267,0.252048060297966,0.25161368027329445,0.0043438282737042755,0.11424475163221359,100546,8.831624195962778e-05,0.0002649487258788833,20272
1268,0.19257662445306778,0.1921945959329605,0.003820250101853162,0.1142491027712822,96887,8.829520951936667e-05,0.00026488562855809996,20288
1269,0.20569169893860817,0.20500395260751247,0.0068774713727179915,0.11425328999757767,95684,8.827416067465441e-05,0.00026482248202396323,20304
1270,0.18464565835893154,0.18422233872115612,0.0042332160519436,0.11425763368606567,100602,8.825309543450764e-05,0.00026475928630352287,20320
1271,0.1889091096818447,0.1885426566004753,0.003664562274934724,0.11426206678152084,100251,8.823201380795001e-05,0.00026469604142385,20336
1272,0.21813920885324478,0.21759291738271713,0.005462876608362421,0.11426663398742676,97524,8.821091580401228e-05,0.0002646327474120368,20352
1273,0.1724886130541563,0.17213376984000206,0.0035484625841490924,0.11427106708288193,99979,8.818980143173213e-05,0.0002645694042951963,20368
1274,0.20594237744808197,0.20446867123246193,0.014737038407474756,0.11427505314350128,95151,8.816867070015427e-05,0.00026450601210046274,20384
1275,0.16569823399186134,0.16530179791152477,0.003964353789342567,0.11427909880876541,99630,8.814752361833044e-05,0.0002644425708549913,20400
1276,0.1496735829859972,0.14930314011871815,0.0037044339696876705,0.11428356915712357,96748,8.812636019531942e-05,0.0002643790805859582,20416
1277,0.19731443002820015,0.19712300039827824,0.001914265740197152,0.11428818106651306,95287,8.810518044018689e-05,0.00026431554132056063,20432
1278,0.21408889442682266,0.2137770913541317,0.0031179715260805096,0.11429288983345032,102615,8.808398436200562e-05,0.0002642519530860168,20448
1279,0.20704784616827965,0.20682204514741898,0.0022580673539778218,0.11429771035909653,103148,8.806277196985535e-05,0.00026418831590956603,20464
1280,0.29025061801075935,0.28999000787734985,0.002606083668069914,0.11430225521326065,100808,8.804154327282274e-05,0.0002641246298184682,20480
1281,0.24696172028779984,0.24673284962773323,0.0022887171126058092,0.11430682241916656,103680,8.802029828000156e-05,0.00026406089484000466,20496
1282,0.2423206977546215,0.24217915162444115,0.0014154016166685324,0.1143118292093277,103821,8.799903700049243e-05,0.00026399711100147724,20512
1283,0.2343539297580719,0.23385168984532356,0.005022374243708327,0.11431699991226196,103363,8.797775944340302e-05,0.00026393327833020903,20528
1284,0.23551809042692184,0.23524030297994614,0.0027779356387327425,0.11432197690010071,104075,8.7956465617848e-05,0.00026386939685354397,20544
1285,0.2244095355272293,0.2226482518017292,0.017612852156162262,0.11432617157697678,94320,8.793515553294891e-05,0.0002638054665988467,20560
1286,0.28858760744333267,0.28800152242183685,0.0058608489780453965,0.11432994157075882,100071,8.791382919783435e-05,0.000263741487593503,20576
1287,0.18530071154236794,0.18479686230421066,0.005038534465711564,0.11433406174182892,96865,8.789248662163985e-05,0.0002636774598649195,20592
1288,0.1580380331724882,0.1573984958231449,0.006395397271262482,0.11433833837509155,99221,8.787112781350785e-05,0.0002636133834405235,20608
1289,0.18220383115112782,0.18167218938469887,0.005316377315466525,0.11434294283390045,97584,8.784975278258783e-05,0.00026354925834776345,20624
1290,0.2273431122303009,0.22672485187649727,0.006182550452649593,0.1143474206328392,101782,8.782836153803615e-05,0.0002634850846141084,20640
1291,0.26487270183861256,0.26462525501847267,0.00247444401611574,0.11435236781835556,99803,8.780695408901613e-05,0.0002634208622670484,20656
1292,0.17482327111065388,0.17412064783275127,0.007026229053735733,0.11435723304748535,103689,8.778553044469808e-05,0.00026335659133409423,20672
1293,0.23515613935887814,0.2346053272485733,0.005508140166057274,0.11436180025339127,98868,8.776409061425919e-05,0.00026329227184277755,20688
1294,0.20074142515659332,0.20054105296730995,0.0020037386602780316,0.11436637490987778,99942,8.774263460688358e-05,0.0002632279038206507,20704
1295,0.27328743040561676,0.272848155349493,0.004392741830088198,0.11437060683965683,100184,8.772116243176235e-05,0.00026316348729528704,20720
1296,0.2453201673924923,0.24495360255241394,0.0036656097072409466,0.11437451839447021,95320,8.769967409809348e-05,0.0002630990222942804,20736
1297,0.1916639506816864,0.19131336361169815,0.003505865402985364,0.11437834799289703,99815,8.76781696150819e-05,0.00026303450884524566,20752
1298,0.16891627572476864,0.16841107420623302,0.005052035499829799,0.11438257992267609,100653,8.765664899193944e-05,0.0002629699469758183,20768
1299,0.302165899425745,0.30141925252974033,0.007466515344276559,0.11438668519258499,105549,8.763511223788485e-05,0.00026290533671365454,20784
1300,0.15285423025488853,0.15178552642464638,0.010687067173421383,0.11439084261655807,102446,8.761355936214382e-05,0.00026284067808643143,20800
1301,0.17210769839584827,0.17171930335462093,0.003883919329382479,0.11439518630504608,99099,8.759199037394887e-05,0.0002627759711218466,20816
1302,0.20960958115756512,0.20875732973217964,0.008522495481884107,0.11439977586269379,98240,8.75704052825395e-05,0.0002627112158476185,20832
1303,0.1781678181141615,0.17737754061818123,0.007902809709776193,0.11440445482730865,100449,8.754880409716209e-05,0.0002626464122914862,20848
1304,0.3358790837228298,0.3356655463576317,0.0021354150085244328,0.1144089624285698,105068,8.752718682706985e-05,0.0002625815604812095,20864
1305,0.25985703989863396,0.2593105025589466,0.0054653499682899565,0.11441320925951004,102050,8.750555348152298e-05,0.0002625166604445689,20880
1306,0.17028066515922546,0.16961785033345222,0.00662813987582922,0.11441750079393387,99409,8.74839040697885e-05,0.00026245171220936546,20896
1307,0.16145659796893597,0.16018309444189072,0.012735015014186502,0.11442134529352188,90507,8.746223860114033e-05,0.00026238671580342096,20912
1308,0.21711459010839462,0.2161826677620411,0.009319222095655277,0.11442509293556213,97064,8.744055708485927e-05,0.0002623216712545778,20928
1309,0.258190643042326,0.2575257495045662,0.0066489308956079185,0.11442922800779343,101537,8.741885953023301e-05,0.000262256578590699,20944
1310,0.2680092491209507,0.26749218069016933,0.0051706496815313585,0.11443323642015457,96822,8.739714594655606e-05,0.00026219143783966816,20960
1311,0.2403568997979164,0.23991983011364937,0.004370705704786815,0.11443748325109482,95093,8.737541634312985e-05,0.0002621262490293895,20976
1312,0.22870589420199394,0.22807564213871956,0.006302514462731779,0.11444178223609924,101486,8.735367072926263e-05,0.0002620610121877879,20992
1313,0.2344258539378643,0.23385064676404,0.005752086057327688,0.11444598436355591,98968,8.733190911426958e-05,0.0002619957273428087,21008
1314,0.21710018813610077,0.21656688302755356,0.005333011535185506,0.11444996297359467,94872,8.731013150747263e-05,0.00026193039452241784,21024
1315,0.2576676197350025,0.2574191465973854,0.002484661585185677,0.11445419490337372,103082,8.728833791820063e-05,0.00026186501375460186,21040
1316,0.22985204681754112,0.22896286845207214,0.008891782956197858,0.11445816606283188,93916,8.72665283557893e-05,0.0002617995850673679,21056
1317,0.23937225341796875,0.23858288675546646,0.0078936884237919,0.11446179449558258,101887,8.724470282958111e-05,0.0002617341084887433,21072
1318,0.2114381641149521,0.21118196099996567,0.002562011533882469,0.11446558684110641,101056,8.722286134892545e-05,0.00026166858404677633,21088
1319,0.19270706363022327,0.19218845665454865,0.005186101116123609,0.11446916311979294,100556,8.720100392317851e-05,0.0002616030117695355,21104
1320,0.19228192791342735,0.1917834635823965,0.004984619190508965,0.11447283625602722,98261,8.717913056170331e-05,0.00026153739168510986,21120
1321,0.30732112005352974,0.30668625608086586,0.006348640439284736,0.11447648704051971,99133,8.715724127386972e-05,0.00026147172382160914,21136
1322,0.23653190955519676,0.2363964430987835,0.001354670643195277,0.11447993665933609,100319,8.713533606905439e-05,0.00026140600820716314,21152
1323,0.14777076616883278,0.14694295264780521,0.008278101973701268,0.11448398232460022,98597,8.711341495664084e-05,0.0002613402448699225,21168
1324,0.17001961544156075,0.16963762417435646,0.003819946461590007,0.11448805779218674,102104,8.709147794601939e-05,0.0002612744338380581,21184
1325,0.1350480206310749,0.13475506752729416,0.00292951735900715,0.11449234932661057,97819,8.706952504658712e-05,0.0002612085751397613,21200
1326,0.2451920285820961,0.24493512138724327,0.0025691095838737965,0.11449636518955231,97105,8.704755626774796e-05,0.00026114266880324387,21216
1327,0.2328587770462036,0.23236401565372944,0.004947622772306204,0.11450038850307465,102948,8.702557161891265e-05,0.00026107671485673794,21232
1328,0.15219346433877945,0.15135538950562477,0.008380774641409516,0.11450426280498505,90213,8.700357110949873e-05,0.00026101071332849615,21248
1329,0.22920438088476658,0.22883516550064087,0.003692117734317435,0.11450804024934769,100880,8.69815547489305e-05,0.00026094466424679146,21264
1330,0.20532303676009178,0.20468096062541008,0.006420749588869512,0.11451154202222824,92980,8.695952254663906e-05,0.00026087856763991714,21280
1331,0.17108771204948425,0.1705400850623846,0.005476244376040995,0.11451493203639984,97149,8.693747451206232e-05,0.0002608124235361869,21296
1332,0.15856511145830154,0.15818966552615166,0.003754484496312216,0.11451859772205353,98318,8.691541065464495e-05,0.0002607462319639348,21312
1333,0.18047337606549263,0.18034712970256805,0.0012624161972780712,0.11452212184667587,99077,8.689333098383842e-05,0.00026067999295151527,21328
1334,0.1723392866551876,0.17189782857894897,0.0044145542196929455,0.11452563852071762,101335,8.687123550910095e-05,0.0002606137065273028,21344
1335,0.12478084117174149,0.12418055534362793,0.006002877693390474,0.114529088139534,100719,8.684912423989755e-05,0.0002605473727196926,21360
1336,0.17791838757693768,0.177649088203907,0.002692948910407722,0.1145329549908638,103520,8.682699718569995e-05,0.00026048099155709983,21376
1337,0.16988657414913177,0.1692274734377861,0.006591002718778327,0.11453687399625778,98059,8.680485435598673e-05,0.00026041456306796014,21392
1338,0.14580242987722158,0.1448061391711235,0.00996288369060494,0.11454063653945923,96938,8.678269576024312e-05,0.00026034808728072934,21408
1339,0.1653747297823429,0.16502076759934425,0.0035396193561609834,0.1145443394780159,103911,8.67605214079612e-05,0.00026028156422388355,21424
1340,0.17788910493254662,0.17695475183427334,0.009343563229776919,0.11454809457063675,98235,8.673833130863974e-05,0.0002602149939259192,21440
1341,0.24275372177362442,0.24235824868083,0.003954776271712035,0.11455167084932327,102682,8.671612547178428e-05,0.0002601483764153528,21456
1342,0.17781472019851208,0.17722970247268677,0.00585018124547787,0.11455532908439636,93638,8.669390390690709e-05,0.00026008171172072126,21472
1343,0.2866121418774128,0.2862996533513069,0.00312491004660842,0.1145591288805008,101995,8.66716666235272e-05,0.00026001499987058155,21488
1344,0.24046065658330917,0.24022118374705315,0.002394718016148545,0.11456283926963806,101342,8.664941363117032e-05,0.0002599482408935109,21504
1345,0.25965329073369503,0.25949220545589924,0.0016108814998005982,0.11456713080406189,95930,8.662714493936895e-05,0.0002598814348181068,21520
1346,0.21345394290983677,0.21320512145757675,0.0024882724974304438,0.11457128822803497,101749,8.660486055766228e-05,0.0002598145816729868,21536
1347,0.19126078858971596,0.1907895039767027,0.004712872832897119,0.11457548290491104,100559,8.658256049559624e-05,0.0002597476814867887,21552
1348,0.1471451371908188,0.14659560658037663,0.005495289893588051,0.11457981169223785,96319,8.656024476272346e-05,0.00025968073428817034,21568
1349,0.24780526384711266,0.24758973531425,0.002155239774083384,0.11458415538072586,99396,8.653791336860331e-05,0.00025961374010580987,21584
1350,0.20733140595257282,0.20661716908216476,0.007142378337448463,0.11458857357501984,101555,8.651556632280184e-05,0.00025954669896840544,21600
1351,0.1986985895782709,0.1984434463083744,0.0025514633998682257,0.11459274590015411,95855,8.649320363489179e-05,0.00025947961090467533,21616
1352,0.20409556850790977,0.2035692259669304,0.0052633764207712375,0.1145964190363884,98348,8.647082531445265e-05,0.0002594124759433579,21632
1353,0.18066447414457798,0.1798954028636217,0.007690714730415493,0.11460002511739731,92106,8.644843137107059e-05,0.0002593452941132117,21648
1354,0.13949021324515343,0.1390814520418644,0.0040876233542803675,0.11460370570421219,99194,8.642602181433844e-05,0.00025927806544301526,21664
1355,0.24871337786316872,0.24841339141130447,0.002999826228915481,0.11460736393928528,97004,8.640359665385575e-05,0.0002592107899615672,21680
1356,0.25254643335938454,0.2522667981684208,0.0027963655738858506,0.11461149901151657,99957,8.638115589922875e-05,0.0002591434676976862,21696
1357,0.24783168360590935,0.2473936676979065,0.004380087360914331,0.11461582034826279,100274,8.635869956007034e-05,0.000259076098680211,21712
1358,0.1801272500306368,0.1794723905622959,0.00654857000336051,0.11462043970823288,98693,8.633622764600012e-05,0.00025900868293800034,21728
1359,0.21227866411209106,0.21192991361021996,0.0034875532146543264,0.11462510377168655,101846,8.631374016664434e-05,0.000258941220499933,21744
1360,0.186635822057724,0.18588793650269508,0.007478868883481482,0.11462976783514023,100893,8.629123713163589e-05,0.0002588737113949076,21760
1361,0.2303781397640705,0.22988919541239738,0.004889444448053837,0.11463417857885361,102521,8.626871855061438e-05,0.00025880615565184313,21776
1362,0.18789241276681423,0.18737343326210976,0.005189764720853418,0.11463858932256699,99808,8.624618443322607e-05,0.0002587385532996782,21792
1363,0.21094033867120743,0.2102411426603794,0.006991949456278235,0.11464259773492813,99559,8.622363478912383e-05,0.0002586709043673715,21808
1364,0.16727782599627972,0.16661068983376026,0.006671354116406292,0.1146460473537445,101498,8.620106962796723e-05,0.00025860320888390165,21824
1365,0.23842568695545197,0.23790065199136734,0.005250298927421682,0.1146492138504982,103151,8.617848895942247e-05,0.0002585354668782674,21840
1366,0.135809026658535,0.135354682803154,0.004543437113170512,0.11465301364660263,101077,8.615589279316239e-05,0.0002584676783794871,21856
1367,0.19420616887509823,0.19377323985099792,0.004329292074544355,0.11465701460838318,104985,8.613328113886644e-05,0.0002583998434165993,21872
1368,0.1781264003366232,0.1777638103812933,0.0036258903492125683,0.11466112732887268,101061,8.611065400622078e-05,0.00025833196201866226,21888
1369,0.15232115238904953,0.15187810733914375,0.004430431232322007,0.11466536670923233,99536,8.608801140491811e-05,0.0002582640342147543,21904
1370,0.17382396943867207,0.1729646511375904,0.008593156235292554,0.11466952413320541,95324,8.606535334465784e-05,0.0002581960600339735,21920
1371,0.21121818758547306,0.21084335818886757,0.0037483082969629322,0.11467383801937103,102805,8.604267983514594e-05,0.0002581280395054378,21936
1372,0.1427296008914709,0.14237486571073532,0.0035473534953780472,0.11467820405960083,98510,8.601999088609504e-05,0.00025805997265828507,21952
1373,0.11917487904429436,0.11879567056894302,0.0037920891772955656,0.11468293517827988,99764,8.599728650722434e-05,0.00025799185952167297,21968
1374,0.2309315912425518,0.23085318505764008,0.0007841218939574901,0.11468736082315445,102842,8.597456670825969e-05,0.0002579237001247791,21984
1375,0.1663776244968176,0.16593178734183311,0.004458329887711443,0.1146918311715126,93903,8.595183149893353e-05,0.0002578554944968006,22000
1376,0.26455938071012497,0.2643852271139622,0.0017415038601029664,0.11469590663909912,98727,8.59290808889849e-05,0.00025778724266695466,22016
1377,0.1994188018143177,0.19911511801183224,0.0030368249281309545,0.11470014601945877,99836,8.590631488815944e-05,0.0002577189446644783,22032
1378,0.1824190989136696,0.18203984200954437,0.0037925380165688694,0.1147044226527214,94754,8.588353350620939e-05,0.00025765060051862815,22048
1379,0.22777962312102318,0.22727884724736214,0.005007761064916849,0.11470847576856613,100907,8.586073675289355e-05,0.0002575822102586806,22064
1380,0.19809339568018913,0.19783158972859383,0.0026180816057603806,0.11471232026815414,104894,8.583792463797733e-05,0.000257513773913932,22080
1381,0.1465607676655054,0.14588341116905212,0.006773584667826071,0.11471619457006454,93339,8.581509717123273e-05,0.00025744529151369814,22096
1382,0.21894026920199394,0.21867536008358002,0.0026490377790082675,0.11472007632255554,100710,8.579225436243828e-05,0.00025737676308731477,22112
1383,0.15314725041389465,0.15240279398858547,0.007444541028235108,0.1147240400314331,99166,8.576939622137915e-05,0.0002573081886641374,22128
1384,0.243812944740057,0.24326433055102825,0.005486151858349331,0.11472776532173157,101253,8.574652275784702e-05,0.00025723956827354105,22144
1385,0.17964153923094273,0.17911948636174202,0.00522050162544474,0.11473169922828674,99474,8.572363398164017e-05,0.0002571709019449205,22160
1386,0.2184518538415432,0.2182932235300541,0.0015863253502175212,0.1147356852889061,100529,8.570072990256342e-05,0.0002571021897076902,22176
1387,0.1655389368534088,0.16450675763189793,0.010321830966859125,0.11473959684371948,99755,8.567781053042813e-05,0.0002570334315912844,22192
1388,0.16102712787687778,0.16043254360556602,0.00594580767210573,0.1147431880235672,97559,8.565487587505226e-05,0.00025696462762515675,22208
1389,0.19280289486050606,0.19214650429785252,0.006563924078363925,0.11474674940109253,98001,8.563192594626027e-05,0.0002568957778387808,22224
1390,0.14126809313893318,0.14067738875746727,0.005907029495574534,0.11475041508674622,98821,8.56089607538832e-05,0.00025682688226164957,22240
1391,0.19065143913030624,0.18978596478700638,0.008654739882331342,0.11475380510091782,96823,8.558598030775857e-05,0.0002567579409232757,22256
1392,0.2697390578687191,0.2692554444074631,0.004836082851397805,0.11475733667612076,102740,8.55629846177305e-05,0.0002566889538531915,22272
1393,0.2590751238167286,0.25892971456050873,0.0014540580650646007,0.1147611141204834,103438,8.553997369364963e-05,0.00025661992108094885,22288
1394,0.13172280229628086,0.13140545412898064,0.0031734793446958065,0.11476495862007141,103251,8.551694754537307e-05,0.00025655084263611917,22304
1395,0.17141640931367874,0.1710276212543249,0.0038878972627571784,0.11476880311965942,100012,8.549390618276452e-05,0.00025648171854829354,22320
1396,0.11474999412894249,0.1137289758771658,0.010210174310486764,0.1147724986076355,96990,8.547084961569416e-05,0.00025641254884708244,22336
1397,0.1889547687023878,0.18846837803721428,0.004863899608608335,0.11477623879909515,100452,8.544777785403868e-05,0.000256343333562116,22352
1398,0.2673654295504093,0.26695964485406876,0.004057813270264887,0.11478037387132645,101171,8.542469090768129e-05,0.00025627407272304386,22368
1399,0.2345855999737978,0.234064519405365,0.005210841700318269,0.1147846058011055,95895,8.540158878651172e-05,0.00025620476635953513,22384
1400,0.13898804411292076,0.1385632511228323,0.004247945034876466,0.11478870362043381,94985,8.53784715004262e-05,0.00025613541450127857,22400
1401,0.23989367857575417,0.2395167015492916,0.003769744944293052,0.11479254066944122,102915,8.535533905932738e-05,0.00025606601717798207,22416
1402,0.28265784680843353,0.28205529786646366,0.006025524882716127,0.11479627341032028,99435,8.533219147312452e-05,0.00025599657441937354,22432
1403,0.22477000579237938,0.22399573773145676,0.00774270740657812,0.11479976773262024,99498,8.530902875173327e-05,0.0002559270862551998,22448
1404,0.204653799533844,0.20446681790053844,0.0018698157873586752,0.11480315774679184,104151,8.528585090507586e-05,0.00025585755271522755,22464
1405,0.1449211072176695,0.1441895291209221,0.007315744471270591,0.11480659991502762,98017,8.526265794308089e-05,0.0002557879738292426,22480
1406,0.1447448432445526,0.14444967173039913,0.002951750357169658,0.11481016874313354,98597,8.523944987568351e-05,0.0002557183496270505,22496
1407,0.20296763814985752,0.20264282822608948,0.00324809013545746,0.11481374502182007,96225,8.521622671282532e-05,0.00025564868013847595,22512
1408,0.14811929501593113,0.14733438566327095,0.007849104091292247,0.11481714993715286,92205,8.519298846445436e-05,0.000255578965393363,22528
1409,0.2618614099919796,0.2615821659564972,0.0027924962851102464,0.114820696413517,102432,8.516973514052519e-05,0.00025550920542157554,22544
1410,0.1649155467748642,0.16448479518294334,0.004307536932174116,0.1148243322968483,102567,8.51464667509988e-05,0.0002554394002529964,22560
1411,0.24317311868071556,0.24284221976995468,0.0033089741264120676,0.11482782661914825,101138,8.51231833058426e-05,0.0002553695499175277,22576
1412,0.1641482152044773,0.1638299822807312,0.003182318221661262,0.114832304418087,103657,8.509988481503048e-05,0.0002552996544450914,22592
1413,0.1865980215370655,0.18630987778306007,0.002881401975173503,0.11483670026063919,101075,8.50765712885428e-05,0.00025522971386562833,22608
1414,0.18958865106105804,0.18937987834215164,0.0020877537463093176,0.11484130471944809,102489,8.50532427363663e-05,0.00025515972820909884,22624
1415,0.16675733216106892,0.16648282669484615,0.0027450189809314907,0.11484603583812714,104104,8.502989916849422e-05,0.00025508969750548264,22640
1416,0.1587135661393404,0.15777633525431156,0.00937228521797806,0.11485069245100021,96225,8.500654059492618e-05,0.00025501962178477855,22656
1417,0.23882263712584972,0.238688375800848,0.0013426721343421377,0.1148553416132927,105028,8.498316702566828e-05,0.0002549495010770048,22672
1418,0.21432721801102161,0.21415511518716812,0.001721040898701176,0.11486005038022995,100406,8.495977847073297e-05,0.0002548793354121989,22688
1419,0.2194078527390957,0.21810639090836048,0.013014646130613983,0.1148643046617508,96789,8.493637494013921e-05,0.0002548091248204176,22704
1420,0.2769784815609455,0.2763968352228403,0.005816501463527857,0.11486774682998657,97501,8.491295644391231e-05,0.0002547388693317369,22720
1421,0.1967683993279934,0.19626391306519508,0.005044819321483374,0.11487090587615967,98921,8.488952299208401e-05,0.000254668568976252,22736
1422,0.23223677836358547,0.23186197876930237,0.0037479288803297095,0.11487429589033127,99487,8.486607459469244e-05,0.0002545982237840773,22752
1423,0.17796101793646812,0.17735075950622559,0.006102588667999953,0.11487779021263123,97439,8.48426112617822e-05,0.00025452783378534654,22768
1424,0.13626700639724731,0.13559851050376892,0.006684947467874736,0.11488158255815506,99988,8.481913300340416e-05,0.00025445739901021244,22784
1425,0.17262312211096287,0.17227597534656525,0.003471466130577028,0.11488554626703262,102108,8.479563982961571e-05,0.0002543869194888471,22800
1426,0.17997454851865768,0.17966027185320854,0.003142792673315853,0.11488959938287735,105543,8.477213175048058e-05,0.00025431639525144175,22816
1427,0.23353559151291847,0.23322558030486107,0.003100120255112415,0.11489363014698029,102871,8.474860877606887e-05,0.0002542458263282066,22832
1428,0.1880485564470291,0.1876526176929474,0.003959391819080338,0.11489760875701904,101316,8.47250709164571e-05,0.0002541752127493713,22848
1429,0.24833137728273869,0.24795133620500565,0.0038004576067578455,0.1149013563990593,103691,8.470151818172809e-05,0.00025410455454518425,22864
1430,0.1873237732797861,0.18689131177961826,0.0043246103577985195,0.1149052083492279,100100,8.467795058197112e-05,0.00025403385174591335,22880
1431,0.21889624744653702,0.21859371662139893,0.0030253364093368873,0.11490888893604279,102226,8.46543681272818e-05,0.00025396310438184535,22896
1432,0.17125689052045345,0.170744389295578,0.00512500898912549,0.11491219699382782,98570,8.46307708277621e-05,0.00025389231248328624,22912
1433,0.13126717880368233,0.13093995302915573,0.003272263813414611,0.11491551250219345,103155,8.460715869352035e-05,0.00025382147608056104,22928
1434,0.24196710623800755,0.24144598469138145,0.005211228533880785,0.11491861194372177,97247,8.458353173467124e-05,0.0002537505952040137,22944
1435,0.18971581757068634,0.1893177330493927,0.003980828856583685,0.11492140591144562,104695,8.455988996133581e-05,0.0002536796698840074,22960
1436,0.23730071634054184,0.23697931692004204,0.0032139546565304045,0.11492422968149185,96699,8.453623338364145e-05,0.00025360870015092433,22976
1437,0.2510339766740799,0.2506571374833584,0.0037683939744965755,0.11492694914340973,103164,8.451256201172186e-05,0.00025353768603516555,22992
1438,0.16360938362777233,0.16297846660017967,0.006309177493676543,0.1149296835064888,99307,8.448887585571714e-05,0.0002534666275671514,23008
1439,0.22287575155496597,0.22255349159240723,0.0032225733884843066,0.11493251472711563,98268,8.446517492577367e-05,0.000253395524777321,23024
1440,0.1694167423993349,0.1690605916082859,0.0035614935331977904,0.11493559926748276,101332,8.444145923204417e-05,0.0002533243776961325,23040
1441,0.15771726332604885,0.156850416213274,0.008668435038998723,0.11493906378746033,93676,8.44177287846877e-05,0.0002532531863540631,23056
1442,0.2856059707701206,0.28552595898509026,0.0008001050737220794,0.11494254320859909,101739,8.439398359386963e-05,0.0002531819507816089,23072
1443,0.2568434178829193,0.2564386688172817,0.004047477064887062,0.11494597047567368,96850,8.437022366976163e-05,0.0002531106710092849,23088
1444,0.22319867089390755,0.2221505343914032,0.01048138365149498,0.11494933813810349,98574,8.434644902254172e-05,0.0002530393470676251,23104
1445,0.1433421242982149,0.142961909994483,0.003802136576268822,0.11495262384414673,98495,8.432265966239419e-05,0.00025296797898718255,23120
1446,0.21829363889992237,0.21773911081254482,0.005545264662941918,0.11495577543973923,96911,8.429885559950964e-05,0.0002528965667985289,23136
1447,0.22100380435585976,0.22077542543411255,0.0022838073200546205,0.11495887488126755,98791,8.427503684408498e-05,0.00025282511053225493,23152
1448,0.15266820415854454,0.15188162960112095,0.007865777937695384,0.11496182531118393,93617,8.425120340632342e-05,0.0002527536102189702,23168
1449,0.17584154941141605,0.17503466084599495,0.00806891469983384,0.11496450006961823,96916,8.422735529643444e-05,0.0002526820658893033,23184
1450,0.11254224181175232,0.11205735243856907,0.004848889366257936,0.11496739834547043,99126,8.42034925246338e-05,0.0002526104775739014,23200
1451,0.15243840217590332,0.15191142819821835,0.0052697648643516,0.11497051268815994,96214,8.417961510114356e-05,0.0002525388453034307,23216
1452,0.1766662485897541,0.17640702612698078,0.0025922046042978764,0.11497397720813751,99789,8.415572303619207e-05,0.0002524671691085762,23232
1453,0.18952965550124645,0.18837316893041134,0.011564866297703702,0.1149771511554718,92313,8.413181634001391e-05,0.0002523954490200417,23248
1454,0.10852140560746193,0.10830241441726685,0.002189922583056614,0.11498063057661057,102807,8.410789502284994e-05,0.0002523236850685498,23264
1455,0.18806790933012962,0.187898937612772,0.0016897293826332316,0.11498387157917023,102056,8.408395909494733e-05,0.00025225187728484193,23280
1456,0.23383120074868202,0.23365262895822525,0.0017857686100342107,0.1149878054857254,101997,8.406000856655943e-05,0.00025218002569967824,23296
1457,0.19373324885964394,0.19336024671792984,0.0037300442054402083,0.11499153822660446,99483,8.40360434479459e-05,0.0002521081303438377,23312
1458,0.21208829060196877,0.21167342364788055,0.004148680192884058,0.11499518156051636,100774,8.401206374937262e-05,0.00025203619124811784,23328
1459,0.14489403367042542,0.14447836205363274,0.004156737733865157,0.11499865353107452,97670,8.398806948111179e-05,0.0002519642084433354,23344
1460,0.18293310701847076,0.18282684311270714,0.0010626384064380545,0.1150020956993103,101178,8.396406065344174e-05,0.00025189218196032515,23360
1461,0.14217606000602245,0.1414879932999611,0.006880660192109644,0.11500557512044907,101200,8.39400372766471e-05,0.0002518201118299413,23376
1462,0.2259129136800766,0.2255309745669365,0.003819342076894827,0.11500906199216843,98917,8.39159993610187e-05,0.00025174799808305606,23392
1463,0.2325628697872162,0.2324310503900051,0.0013181594695197418,0.11501246690750122,100400,8.389194691685367e-05,0.000251675840750561,23408
1464,0.1687963791191578,0.16843993961811066,0.0035643885494209826,0.1150161474943161,106417,8.386787995445528e-05,0.0002516036398633658,23424
1465,0.2609054706990719,0.25998740270733833,0.00918065695441328,0.11501970887184143,96653,8.384379848413304e-05,0.0002515313954523991,23440
1466,0.1888743694871664,0.1886586658656597,0.0021570212229562458,0.11502331495285034,99598,8.381970251620271e-05,0.0002514591075486081,23456
1467,0.1864340603351593,0.18496568128466606,0.014683771049021743,0.11502715200185776,100506,8.379559206098624e-05,0.0002513867761829587,23472
1468,0.2807719185948372,0.28060006722807884,0.0017185128890560009,0.11503098905086517,99422,8.377146712881177e-05,0.00025131440138643525,23488
1469,0.2501217946410179,0.24969452992081642,0.004272706777555868,0.1150345429778099,99572,8.374732773001366e-05,0.00025124198319004097,23504
1470,0.2091798149049282,0.20855802670121193,0.006217891044798307,0.11503838002681732,92828,8.372317387493245e-05,0.0002511695216247973,23520
1471,0.233713673427701,0.23317904584109783,0.005346259276848286,0.11504199355840683,99391,8.36990055739149e-05,0.0002510970167217447,23536
1472,0.1814283337444067,0.18098681792616844,0.004415173090819735,0.11504590511322021,101123,8.367482283731394e-05,0.0002510244685119418,23552
1473,0.19431753642857075,0.19368181377649307,0.006357243692036718,0.11504992097616196,101605,8.365062567548867e-05,0.00025095187702646595,23568
1474,0.21976783499121666,0.21941762417554855,0.0035021232470171526,0.11505365371704102,99381,8.36264140988044e-05,0.0002508792422964132,23584
1475,0.14839648082852364,0.14783653430640697,0.005599447118584067,0.11505726724863052,102628,8.360218811763261e-05,0.0002508065643528978,23600
1476,0.19961246103048325,0.19936002418398857,0.0025243887066608295,0.115060955286026,105088,8.357794774235092e-05,0.00025073384322705274,23616
1477,0.2589786294847727,0.2588647659868002,0.001138642299338244,0.1150648444890976,101397,8.355369298334316e-05,0.00025066107895002946,23632
1478,0.23204153403639793,0.2318829745054245,0.0015855475794523954,0.11506926268339157,106026,8.352942385099927e-05,0.00025058827155299775,23648
1479,0.18455339036881924,0.1841924972832203,0.003608978178817779,0.11507391929626465,94243,8.35051403557154e-05,0.00025051542106714614,23664
1480,0.09755883738398552,0.09676571376621723,0.007931224186904728,0.11507830023765564,97358,8.348084250789378e-05,0.00025044252752368134,23680
1481,0.12839800119400024,0.12786263413727283,0.005353682769055013,0.11508273333311081,96685,8.345653031794292e-05,0.0002503695909538287,23696
1482,0.22379296459257603,0.2231262307614088,0.0066673724504653364,0.11508681625127792,96197,8.343220379627732e-05,0.0002502966113888319,23712
1483,0.10844491980969906,0.10780575685203075,0.0063916416838765144,0.1150907576084137,101242,8.340786295331771e-05,0.00025022358885995314,23728
1484,0.24208252876996994,0.2418229654431343,0.002595570054836571,0.1150958463549614,104845,8.338350779949096e-05,0.0002501505233984728,23744
1485,0.1695107240229845,0.16920724883675575,0.003034737048437819,0.11510083824396133,102588,8.335913834522999e-05,0.0002500774150356899,23760
1486,0.2766794189810753,0.2763966880738735,0.0028273135831113905,0.115105539560318,105511,8.333475460097394e-05,0.0002500042638029218,23776
1487,0.21287570521235466,0.21208536997437477,0.007903353252913803,0.1151103675365448,100127,8.331035657716802e-05,0.000249931069731504,23792
1488,0.25711880810558796,0.25667834654450417,0.0044046267721569166,0.11511483788490295,98075,8.328594428426357e-05,0.00024985783285279067,23808
1489,0.17319944500923157,0.1728503480553627,0.003490950184641406,0.11511941254138947,102784,8.326151773271804e-05,0.0002497845531981541,23824
1490,0.17075523547828197,0.17003409937024117,0.007211377320345491,0.11512396484613419,95565,8.3237076932995e-05,0.00024971123079898497,23840
1491,0.13642155192792416,0.13605573400855064,0.0036581389140337706,0.11512839049100876,98510,8.321262189556409e-05,0.00024963786568669223,23856
1492,0.20705949887633324,0.2069446314126253,0.0011486800540296827,0.11513302475214005,99219,8.318815263090109e-05,0.0002495644578927032,23872
1493,0.2575925774872303,0.25670694001019,0.008856345513777342,0.11513718962669373,98015,8.316366914948783e-05,0.00024949100744846346,23888
1494,0.11523589305579662,0.11451013945043087,0.007257548277266324,0.115141361951828,96196,8.31391714618123e-05,0.00024941751438543685,23904
1495,0.2025226354598999,0.20212780870497227,0.003948248049709946,0.11514570564031601,100533,8.311465957836848e-05,0.0002493439787351054,23920
1496,0.18885602429509163,0.18867391906678677,0.0018210186681244522,0.11515061557292938,103981,8.309013350965653e-05,0.0002492704005289696,23936
1497,0.19808894954621792,0.19769995659589767,0.0038898907077964395,0.11515607684850693,103124,8.306559326618259e-05,0.00024919677979854776,23952
1498,0.18592051789164543,0.18518251553177834,0.00738005037419498,0.1151612401008606,95170,8.304103885845898e-05,0.00024912311657537687,23968
1499,0.17878854274749756,0.17824625596404076,0.005422845802968368,0.11516617238521576,100246,8.301647029700396e-05,0.00024904941089101186,23984
1500,0.16283703409135342,0.16213829070329666,0.006987423526879866,0.11517107486724854,96609,8.299188759234198e-05,0.0002489756627770259,24000
1501,0.12774568237364292,0.12732011266052723,0.004255720064975321,0.11517605185508728,99988,8.296729075500344e-05,0.0002489018722650103,24016
1502,0.20134803652763367,0.20087885484099388,0.004691820096923038,0.1151808425784111,101729,8.294267979552489e-05,0.00024882803938657466,24032
1503,0.16668718121945858,0.1663091890513897,0.003779873688472435,0.11518528312444687,94997,8.291805472444887e-05,0.0002487541641733466,24048
1504,0.1714069154113531,0.17105230689048767,0.0035460699582472444,0.11518934369087219,100445,8.289341555232395e-05,0.0002486802466569718,24064
1505,0.19609081745147705,0.19534788094460964,0.007429377437802032,0.11519352346658707,99504,8.28687622897048e-05,0.00024860628686911436,24080
1506,0.15647822618484497,0.15609443746507168,0.0038378885365091264,0.11519767343997955,101596,8.284409494715208e-05,0.0002485322848414562,24096
1507,0.23875844478607178,0.238201592117548,0.005568574590142816,0.11520164459943771,99577,8.281941353523249e-05,0.00024845824060569743,24112
1508,0.22867589443922043,0.22820403426885605,0.004718601179774851,0.11520535498857498,98401,8.279471806451878e-05,0.0002483841541935563,24128
1509,0.14278284460306168,0.1421858873218298,0.005969563324470073,0.1152089536190033,98815,8.27700085455897e-05,0.00024831002563676903,24144
1510,0.21670463308691978,0.21647978201508522,0.002248531935038045,0.11521267145872116,96600,8.274528498903002e-05,0.00024823585496709004,24160
1511,0.20515897125005722,0.2048543468117714,0.0030462826834991574,0.11521665751934052,101956,8.272054740543052e-05,0.00024816164221629154,24176
1512,0.20095282420516014,0.20060310140252113,0.003497196375974454,0.11522065848112106,99909,8.269579580538801e-05,0.000248087387416164,24192
1513,0.2392699010670185,0.23906507715582848,0.002048209251370281,0.11522463709115982,104631,8.267103019950529e-05,0.00024801309059851583,24208
1514,0.1419474333524704,0.14104588329792023,0.009015492571052164,0.11522878706455231,101923,8.264625059839113e-05,0.0002479387517951733,24224
1515,0.23957046121358871,0.2389330081641674,0.0063745435400051065,0.11523327231407166,98744,8.262145701266035e-05,0.000247864371037981,24240
1516,0.19800077192485332,0.19768022745847702,0.0032054432085715234,0.11523844301700592,99634,8.259664945293371e-05,0.0002477899483588011,24256
1517,0.24784715473651886,0.2475639395415783,0.002832181802659761,0.11524342745542526,103051,8.257182792983802e-05,0.000247715483789514,24272
1518,0.18005776777863503,0.17951873689889908,0.00539028893399518,0.11524827033281326,98731,8.254699245400601e-05,0.000247640977362018,24288
1519,0.19510415196418762,0.19467290490865707,0.004312467301133438,0.11525275558233261,96916,8.25221430360764e-05,0.00024756642910822915,24304
1520,0.2113773636519909,0.2110925279557705,0.0028483845344453584,0.11525708436965942,99534,8.249727968669391e-05,0.0002474918390600817,24320
1521,0.22852906212210655,0.22822934202849865,0.0029971686599310488,0.11526136845350266,98652,8.247240241650918e-05,0.0002474172072495275,24336
1522,0.1028202585875988,0.10232172347605228,0.004985364510503132,0.11526603251695633,94193,8.244751123617888e-05,0.0002473425337085366,24352
1523,0.16705979965627193,0.16690462455153465,0.0015517398787778802,0.11527122557163239,94716,8.242260615636558e-05,0.0002472678184690967,24368
1524,0.11393648013472557,0.11331050097942352,0.006259765192226041,0.11527659744024277,101519,8.239768718773782e-05,0.0002471930615632134,24384
1525,0.18963216245174408,0.18932506628334522,0.0030709597122040577,0.11528260260820389,104330,8.237275434097012e-05,0.0002471182630229103,24400
1526,0.24925894662737846,0.2488575503230095,0.004013907805983763,0.11528842151165009,98139,8.234780762674288e-05,0.0002470434228802286,24416
1527,0.2184895370155573,0.2183091640472412,0.0018037489207927138,0.11529403924942017,93464,8.23228470557425e-05,0.0002469685411672275,24432
1528,0.13263261877000332,0.13202779181301594,0.006048242328688502,0.11529944092035294,98364,8.229787263866131e-05,0.0002468936179159839,24448
1529,0.21698768436908722,0.2166794091463089,0.0030827644368400797,0.11530502885580063,104474,8.227288438619754e-05,0.0002468186531585926,24464
1530,0.10450823232531548,0.10433075204491615,0.00177479675039649,0.11531046777963638,103023,8.224788230905535e-05,0.00024674364692716603,24480
1531,0.266479117795825,0.2661997936666012,0.002793234132695943,0.11531557142734528,101614,8.222286641794488e-05,0.0002466685992538346,24496
1532,0.2574242241680622,0.2572764754295349,0.0014774827432120219,0.11532057821750641,101514,8.21978367235821e-05,0.0002465935101707463,24512
1533,0.18451898358762264,0.18419903330504894,0.003199501737981336,0.11532563716173172,103281,8.217279323668895e-05,0.0002465183797100668,24528
1534,0.16415203176438808,0.16396354511380196,0.0018848665786208585,0.11533123254776001,101512,8.214773596799328e-05,0.0002464432079039798,24544
1535,0.1193531658500433,0.11845680326223373,0.008963624306488782,0.1153368279337883,101575,8.21226649282288e-05,0.00024636799478468637,24560
1536,0.2710327170789242,0.27052004635334015,0.0051268021195483016,0.1153419017791748,100084,8.209758012813516e-05,0.00024629274038440543,24576
1537,0.24246149137616158,0.24202077463269234,0.004407190921483561,0.11534677445888519,102264,8.207248157845791e-05,0.00024621744473537365,24592
1538,0.19230522774159908,0.1917963195592165,0.005089075129944831,0.11535125225782394,103352,8.204736928994843e-05,0.00024614210786984525,24608
1539,0.1447232272475958,0.1441334020346403,0.005898270181205589,0.11535578221082687,99596,8.202224327336405e-05,0.00024606672982009214,24624
1540,0.11802097409963608,0.11773493140935898,0.0028604600329344976,0.1153608113527298,104453,8.199710353946798e-05,0.0002459913106184039,24640
1541,0.16558257304131985,0.1648797169327736,0.00702852668473497,0.11536545306444168,93355,8.197195009902924e-05,0.00024591585029708766,24656
1542,0.1264695841819048,0.12610517255961895,0.0036441301344893873,0.11537037789821625,98493,8.19467829628228e-05,0.00024584034888846835,24672
1543,0.1804470159113407,0.18010114878416061,0.0034586925994517514,0.11537545919418335,97514,8.192160214162942e-05,0.0002457648064248882,24688
1544,0.2664673402905464,0.26579445973038673,0.0067287799320183694,0.11538052558898926,100957,8.189640764623584e-05,0.0002456892229387075,24704
1545,0.15256283804774284,0.15206631645560265,0.004965228305081837,0.11538561433553696,97166,8.18711994874345e-05,0.0002456135984623034,24720
1546,0.27728450670838356,0.27691978961229324,0.003647164056019392,0.1153903380036354,98378,8.18459776760238e-05,0.00024553793302807135,24736
1547,0.17246011458337307,0.17162614315748215,0.008339728228747845,0.11539464443922043,98004,8.182074222280798e-05,0.0002454622266684239,24752
1548,0.14377624355256557,0.14307324029505253,0.007030034146737307,0.11539856344461441,96972,8.17954931385971e-05,0.00024538647941579124,24768
1549,0.2846060208976269,0.28438830375671387,0.0021772189465991687,0.11540237814188004,97850,8.177023043420705e-05,0.0002453106913026211,24784
1550,0.2714545466005802,0.2711784355342388,0.0027611015393631533,0.11540590971708298,100626,8.17449541204596e-05,0.00024523486236137875,24800
1551,0.298933032900095,0.2988186404109001,0.0011439138179412112,0.11540918797254562,98992,8.171966420818228e-05,0.0002451589926245468,24816
1552,0.2590478491038084,0.25869183987379074,0.003560103665222414,0.11541223526000977,96093,8.169436070820852e-05,0.0002450830821246255,24832
1553,0.23543063178658485,0.2352435328066349,0.001870974650955759,0.11541510373353958,103196,8.16690436313775e-05,0.0002450071308941325,24848
1554,0.25169476866722107,0.25146473944187164,0.0023003104724921286,0.11541800200939178,98824,8.16437129885343e-05,0.0002449311389656029,24864
1555,0.2625034339725971,0.2616748884320259,0.008285487019747961,0.11542070657014847,98215,8.161836879052973e-05,0.00024485510637158915,24880
1556,0.2203499861061573,0.2199700027704239,0.0037998115876689553,0.11542382091283798,103020,8.159301104822043e-05,0.00024477903314466126,24896
1557,0.20840256102383137,0.20783109031617641,0.0057146549806930125,0.11542676389217377,101557,8.156763977246889e-05,0.00024470291931740667,24912
1558,0.17458916455507278,0.17373507656157017,0.008540902053937316,0.11542939394712448,92993,8.154225497414332e-05,0.00024462676492242993,24928
1559,0.1705653127282858,0.17000659741461277,0.005587166000623256,0.11543210595846176,98883,8.151685666411779e-05,0.00024455056999235335,24944
1560,0.24244793504476547,0.24196307733654976,0.004848542066611117,0.11543497443199158,102009,8.14914448532721e-05,0.00024447433455981627,24960
1561,0.1319205928593874,0.13170585222542286,0.002147401617548894,0.11543833464384079,95067,8.146601955249188e-05,0.0002443980586574756,24976
1562,0.23067443631589413,0.2302363272756338,0.0043811067880596966,0.11544167250394821,103272,8.144058077266852e-05,0.0002443217423180055,24992
1563,0.11216852068901062,0.11116014420986176,0.010083764034789056,0.11544502526521683,95287,8.141512852469919e-05,0.00024424538557409753,25008
1564,0.1251775547862053,0.12489604949951172,0.002815065352478996,0.11544878035783768,101777,8.138966281948681e-05,0.0002441689884584604,25024
1565,0.21457280591130257,0.21433688327670097,0.0023592212528456002,0.11545242369174957,102998,8.136418366794008e-05,0.00024409255100382021,25040
1566,0.2148481048643589,0.21465254202485085,0.001955613784957677,0.11545610427856445,101546,8.133869108097348e-05,0.0002440160732429204,25056
1567,0.14394987560808659,0.1433340385556221,0.0061583921778947115,0.11545958369970322,90401,8.13131850695072e-05,0.00024393955520852158,25072
1568,0.14380344934761524,0.1433819718658924,0.004214745276840404,0.11546311527490616,98721,8.128766564446724e-05,0.00024386299693340168,25088
1569,0.1318429373204708,0.1313114780932665,0.005314598063705489,0.11546654999256134,97153,8.126213281678528e-05,0.00024378639845035579,25104
1570,0.26853685453534126,0.26833804696798325,0.001988075688132085,0.11547025293111801,104744,8.123658659739874e-05,0.0002437097597921962,25120
1571,0.2771555073559284,0.2765125706791878,0.006429402070352808,0.11547385156154633,100596,8.121102699725089e-05,0.00024363308099175266,25136
1572,0.1967210080474615,0.19624626822769642,0.0047473705490119755,0.11547786742448807,99527,8.118545402729059e-05,0.00024355636208187175,25152
1573,0.22240061312913895,0.22155888006091118,0.008417360135354102,0.1154818907380104,99442,8.115986769847252e-05,0.00024347960309541755,25168
1574,0.09885547682642937,0.09871414676308632,0.0014133025615592487,0.11548659205436707,103575,8.113426802175704e-05,0.00024340280406527106,25184
1575,0.21982440911233425,0.21929395198822021,0.005304561338562053,0.11549124866724014,102300,8.11086550081102e-05,0.0002433259650243306,25200
1576,0.22197963297367096,0.22159999050199986,0.003796439624238701,0.11549557745456696,102029,8.108302866850387e-05,0.00024324908600551162,25216
1577,0.19978708773851395,0.1989700309932232,0.008170566346962005,0.11549944430589676,97812,8.105738901391552e-05,0.00024317216704174653,25232
1578,0.22729285806417465,0.22703184187412262,0.002610179828479886,0.11550334841012955,101284,8.103173605532837e-05,0.00024309520816598508,25248
1579,0.15964727196842432,0.15936115197837353,0.002861182001652196,0.11550714820623398,99346,8.100606980373133e-05,0.00024301820941119396,25264
1580,0.14683174155652523,0.14653191901743412,0.0029981997940922156,0.115510955452919,98687,8.098039027011901e-05,0.000242941170810357,25280
1581,0.14559962134808302,0.1454212088137865,0.0017841400258475915,0.11551473289728165,104997,8.095469746549172e-05,0.0002428640923964751,25296
1582,0.11577125452458858,0.11512530781328678,0.0064594600116834044,0.11551834642887115,97204,8.09289914008554e-05,0.00024278697420256615,25312
1583,0.1550301481038332,0.1545543596148491,0.004757861795951612,0.11552198976278305,99176,8.090327208722175e-05,0.00024270981626166522,25328
1584,0.18776383809745312,0.18735606968402863,0.004077645324287005,0.11552565544843674,98833,8.087753953560808e-05,0.00024263261860682422,25344
1585,0.21049127727746964,0.21035164594650269,0.0013962600714876316,0.11552942544221878,103844,8.085179375703744e-05,0.0002425553812711123,25360
1586,0.11628881841897964,0.11573403887450695,0.005547815206227824,0.11553321778774261,102349,8.082603476253847e-05,0.00024247810428761537,25376
1587,0.1714586727321148,0.17115039750933647,0.0030827198643237352,0.11553693562746048,103044,8.08002625631455e-05,0.00024240078768943647,25392
1588,0.18600820563733578,0.1852255817502737,0.007826222281437367,0.11554095894098282,98443,8.077447716989855e-05,0.0002423234315096956,25408
1589,0.19600510597229004,0.195363637059927,0.006414723247871734,0.11554459482431412,94077,8.074867859384322e-05,0.00024224603578152962,25424
1590,0.22766059264540672,0.2270936593413353,0.00566933152731508,0.11554798483848572,96978,8.072286684603085e-05,0.0002421686005380925,25440
1591,0.14337309636175632,0.14279228262603283,0.005808137299027294,0.11555110663175583,96168,8.069704193751832e-05,0.00024209112581255495,25456
1592,0.16355029866099358,0.16316200606524944,0.003882923920173198,0.11555404216051102,102320,8.067120387936826e-05,0.00024201361163810476,25472
1593,0.19994525238871574,0.1996723897755146,0.002728672814555466,0.11555729061365128,100674,8.064535268264883e-05,0.00024193605804794646,25488
1594,0.25435294955968857,0.2541438415646553,0.002091054670017911,0.11556052416563034,99075,8.061948835843387e-05,0.00024185846507530158,25504
1595,0.17370355129241943,0.17309273593127728,0.006108114612288773,0.11556380242109299,102220,8.059361091780286e-05,0.00024178083275340853,25520
1596,0.17354845814406872,0.1732744760811329,0.0027398006786825135,0.11556728929281235,102354,8.056772037184082e-05,0.00024170316111552244,25536
1597,0.243044663220644,0.24285311251878738,0.0019154656620230526,0.11557100713253021,104605,8.05418167316385e-05,0.00024162545019491545,25552
1598,0.15309388749301434,0.15244019217789173,0.006536970438901335,0.11557461321353912,95136,8.051590000829216e-05,0.00024154770002487644,25568
1599,0.21522924676537514,0.2148151509463787,0.004140953577007167,0.1155785471200943,101717,8.04899702129037e-05,0.00024146991063871107,25584
1600,0.2660057432949543,0.26554831117391586,0.004574430320644751,0.11558232456445694,103458,8.046402735658063e-05,0.00024139208206974187,25600
1601,0.15576617047190666,0.1554599143564701,0.003062584324652562,0.11558692157268524,102297,8.043807145043604e-05,0.00024131421435130807,25616
1602,0.24484829418361187,0.244284613057971,0.005636761168716475,0.11559119075536728,100928,8.041210250558861e-05,0.0002412363075167658,25632
1603,0.22880960814654827,0.22858081944286823,0.0022878772288095206,0.11559529602527618,99014,8.038612053316265e-05,0.0002411583615994879,25648
1604,0.25606521405279636,0.255881542339921,0.001836773837567307,0.11559908837080002,104014,8.036012554428796e-05,0.00024108037663286383,25664
1605,0.25617440417408943,0.2558070160448551,0.003673839964903891,0.11560258269309998,102228,8.033411755009999e-05,0.00024100235265029992,25680
1606,0.13108521327376366,0.1308329962193966,0.002522141730878502,0.11560602486133575,100914,8.030809656173974e-05,0.0002409242896852192,25696
1607,0.10388071462512016,0.10354534722864628,0.0033536804257892072,0.11560977250337601,101494,8.028206259035377e-05,0.0002408461877710613,25712
1608,0.19103213027119637,0.19075631350278854,0.0027582254842855036,0.11561334133148193,99053,8.025601564709421e-05,0.00024076804694128263,25728
1609,0.14246798120439053,0.14199410006403923,0.004738789066323079,0.11561711132526398,103344,8.022995574311876e-05,0.00024068986722935624,25744
1610,0.16848042607307434,0.16834423318505287,0.0013619376404676586,0.11562114208936691,102116,8.020388288959061e-05,0.0002406116486687718,25760
1611,0.1911233402788639,0.1902872584760189,0.008360833686310798,0.11562490463256836,90801,8.017779709767858e-05,0.0002405333912930357,25776
1612,0.13281822577118874,0.13228336349129677,0.005348607897758484,0.11562931537628174,98573,8.015169837855698e-05,0.00024045509513567092,25792
1613,0.13883291371166706,0.13849562034010887,0.0033729188071447425,0.11563370376825333,100502,8.012558674340566e-05,0.00024037676023021696,25808
1614,0.15914471168071032,0.15889099799096584,0.0025371281735715456,0.11563781648874283,102576,8.009946220341007e-05,0.00024029838661023017,25824
1615,0.25572966411709785,0.25547706335783005,0.0025259787507820874,0.11564187705516815,103518,8.007332476976106e-05,0.00024021997430928314,25840
1616,0.17539448104798794,0.17532502673566341,0.0006945254253878375,0.11564581841230392,102696,8.004717445365512e-05,0.00024014152336096535,25856
1617,0.22341736406087875,0.2230701558291912,0.0034721202682703733,0.11564942449331284,100398,8.002101126629421e-05,0.0002400630337988826,25872
1618,0.16766097955405712,0.16731299459934235,0.0034798770138877444,0.11565294861793518,102789,7.99948352188858e-05,0.00023998450565665736,25888
1619,0.17866747826337814,0.17824804037809372,0.0041943733231164515,0.11565636843442917,101233,7.996864632264287e-05,0.00023990593896792858,25904
1620,0.19813885539770126,0.19761896133422852,0.005198938160901889,0.11565961688756943,99874,7.994244458878392e-05,0.00023982733376635173,25920
1621,0.17509963363409042,0.17454186268150806,0.005577702104346827,0.11566299945116043,97668,7.991623002853296e-05,0.00023974869008559885,25936
1622,0.21138815581798553,0.21109028905630112,0.002978666816375153,0.1156667023897171,98841,7.989000265311945e-05,0.0002396700079593583,25952
1623,0.2121995184570551,0.2116481550037861,0.005513669224455953,0.11567042768001556,92692,7.986376247377836e-05,0.00023959128742133504,25968
1624,0.09477924276143312,0.09422386065125465,0.005553811410209164,0.1156742051243782,102415,7.983750950175016e-05,0.00023951252850525046,25984
1625,0.16499821096658707,0.16465011797845364,0.00348094294895418,0.11567825824022293,102219,7.98112437482808e-05,0.00023943373124484234,26000
1626,0.20991006679832935,0.2096261940896511,0.0028387556521920487,0.11568211764097214,102396,7.978496522462167e-05,0.000239354895673865,26016
1627,0.12581638619303703,0.1255879532545805,0.002284316302393563,0.11568589508533478,102247,7.975867394202968e-05,0.00023927602182608902,26032
1628,0.11101800389587879,0.10981879942119122,0.011992029845714569,0.11568979918956757,94578,7.973236991176715e-05,0.00023919710973530143,26048
1629,0.19593437388539314,0.19533629901707172,0.005980721907690167,0.11569342017173767,100156,7.970605314510194e-05,0.00023911815943530577,26064
1630,0.23399095982313156,0.2338569313287735,0.0013402886543190107,0.11569754779338837,95280,7.967972365330725e-05,0.0002390391709599217,26080
1631,0.2032667174935341,0.2027941234409809,0.004725961844087578,0.11570187658071518,102104,7.965338144766186e-05,0.00023896014434298554,26096
1632,0.30531640350818634,0.30492086336016655,0.003955392021453008,0.11570640653371811,100838,7.96270265394499e-05,0.00023888107961834968,26112
1633,0.18755738250911236,0.1873201634734869,0.002372227987507358,0.11571106314659119,102041,7.960065893996098e-05,0.00023880197681988292,26128
1634,0.20350651443004608,0.20294345542788506,0.005630616913549602,0.11571551114320755,99695,7.957427866049014e-05,0.0002387228359814704,26144
1635,0.13903521932661533,0.13887927122414112,0.0015594908327329904,0.11572016030550003,100098,7.954788571233787e-05,0.00023864365713701356,26160
1636,0.23670973721891642,0.23640136048197746,0.0030837475205771625,0.11572465300559998,103140,7.952148010681006e-05,0.00023856444032043016,26176
1637,0.12738323211669922,0.1271294392645359,0.002537921871407889,0.11572972685098648,102214,7.949506185521802e-05,0.00023848518556565405,26192
1638,0.18371949903666973,0.18332738429307938,0.003921103780157864,0.11573528498411179,100920,7.946863096887851e-05,0.0002384058929066355,26208
1639,0.14768990129232407,0.14704406261444092,0.0064583832427160814,0.11574047803878784,91824,7.944218745911366e-05,0.00023832656237734098,26224
1640,0.1673219706863165,0.1668660193681717,0.0045595530536957085,0.11574549227952957,98716,7.941573133725106e-05,0.00023824719401175317,26240
1641,0.1448610983788967,0.14319675974547863,0.01664340542629361,0.11574992537498474,94179,7.938926261462366e-05,0.00023816778784387094,26256
1642,0.24106150399893522,0.24062934331595898,0.004321628917750786,0.11575403809547424,99207,7.93627813025698e-05,0.00023808834390770937,26272
1643,0.23419011384248734,0.23394035920500755,0.002497608511475846,0.11575794965028763,100268,7.933628741243326e-05,0.00023800886223729976,26288
1644,0.15424290299415588,0.15374311245977879,0.004997895623091608,0.11576168984174728,99839,7.930978095556317e-05,0.00023792934286668945,26304
1645,0.1377421636134386,0.1373718287795782,0.0037033215558039956,0.11576572060585022,99018,7.928326194331404e-05,0.00023784978582994207,26320
1646,0.1835303846746683,0.18303456529974937,0.004958188743330538,0.11576981842517853,94296,7.92567303870458e-05,0.00023777019116113737,26336
1647,0.19714085943996906,0.19689251109957695,0.0024835135336616077,0.11577405035495758,104456,7.923018629812368e-05,0.00023769055889437103,26352
1648,0.1859811870381236,0.1856806566938758,0.0030053213122300804,0.1157781183719635,101488,7.920362968791839e-05,0.00023761088906375515,26368
1649,0.19878552854061127,0.1982826367020607,0.005028898405726068,0.11578187346458435,96990,7.917706056780587e-05,0.00023753118170341758,26384
1650,0.22446265630424023,0.22416884824633598,0.002938089336382177,0.11578595638275146,101412,7.915047894916756e-05,0.00023745143684750263,26400
1651,0.12697068508714437,0.12665160186588764,0.0031908722303342074,0.11578986793756485,99909,7.912388484339012e-05,0.00023737165453017033,26416
1652,0.11651383154094219,0.11609351634979248,0.004203166987281293,0.1157936155796051,95338,7.909727826186564e-05,0.0002372918347855969,26432
1653,0.11993138957768679,0.11972083989530802,0.0021055128672742285,0.11579775810241699,99420,7.907065921599154e-05,0.0002372119776479746,26448
1654,0.1825668402016163,0.18244114890694618,0.001256893501704326,0.11580169200897217,106315,7.904402771717057e-05,0.00023713208315151167,26464
1655,0.24141185730695724,0.24084520898759365,0.005666469311108813,0.11580536514520645,97830,7.90173837768108e-05,0.0002370521513304324,26480
1656,0.14588457252830267,0.14554267097264528,0.003419042128371075,0.11580947041511536,100699,7.89907274063257e-05,0.00023697218221897706,26496
1657,0.2931574359536171,0.2929315119981766,0.002259219480038155,0.11581343412399292,101703,7.896405861713394e-05,0.0002368921758514018,26512
1658,0.10937813483178616,0.10914750769734383,0.0023062645050231367,0.1158178374171257,101977,7.893737742065965e-05,0.00023681213226197894,26528
1659,0.22018127422779799,0.21997373271733522,0.0020754011056851596,0.11582208424806595,98176,7.891068382833215e-05,0.00023673205148499644,26544
1660,0.14065846987068653,0.1403471827507019,0.003112849430181086,0.11582627892494202,96974,7.888397785158617e-05,0.0002366519335547585,26560
1661,0.21514838188886642,0.21478716284036636,0.003612154017901048,0.11583001166582108,104873,7.88572595018617e-05,0.00023657177850558504,26576
1662,0.12129046395421028,0.12101953849196434,0.0027092601667391136,0.11583387851715088,102469,7.883052879060399e-05,0.00023649158637181191,26592
1663,0.165931461378932,0.16539378464221954,0.005376773682655767,0.11583748459815979,103071,7.880378572926366e-05,0.00023641135718779094,26608
1664,0.16825266554951668,0.16786058619618416,0.003920803283108398,0.11584099382162094,95209,7.877703032929659e-05,0.00023633109098788972,26624
1665,0.22082453966140747,0.22028041258454323,0.005441267683636397,0.11584445089101791,96323,7.875026260216393e-05,0.00023625078780649178,26640
1666,0.11796480976045132,0.11721966415643692,0.007451449579093605,0.11584780365228653,94047,7.872348255933213e-05,0.00023617044767799636,26656
1667,0.15850824676454067,0.15803778730332851,0.004704582097474486,0.115851029753685,99140,7.869669021227292e-05,0.00023609007063681874,26672
1668,0.13652527704834938,0.13620421662926674,0.0032105751743074507,0.11585424095392227,101037,7.866988557246329e-05,0.00023600965671738983,26688
1669,0.14662443846464157,0.1462329663336277,0.003914698492735624,0.11585763096809387,98534,7.864306865138545e-05,0.00023592920595415633,26704
1670,0.20812219008803368,0.20796485990285873,0.0015732440806459635,0.11586101353168488,101234,7.861623946052699e-05,0.00023584871838158093,26720
1671,0.24554277211427689,0.24528305977582932,0.0025971056893467903,0.11586425453424454,96655,7.858939801138061e-05,0.0002357681940341418,26736
1672,0.2607997767627239,0.2602955922484398,0.005041797179728746,0.1158677190542221,101381,7.856254431544441e-05,0.0002356876329463332,26752
1673,0.14094849955290556,0.14048032835125923,0.004681716549384873,0.11587125808000565,96406,7.85356783842216e-05,0.00023560703515266478,26768
1674,0.24100888147950172,0.24080387130379677,0.0020500842269939312,0.1158747673034668,100340,7.85088002292207e-05,0.00023552640068766207,26784
1675,0.16560997813940048,0.16520272195339203,0.004072543946676888,0.1158784031867981,104144,7.84819098619555e-05,0.00023544572958586645,26800
1676,0.16849905624985695,0.1681666411459446,0.003324161225464195,0.11588232219219208,97670,7.845500729394491e-05,0.00023536502188183472,26816
1677,0.21602588333189487,0.21551326103508472,0.005126219301018864,0.11588595807552338,97518,7.84280925367132e-05,0.0002352842776101396,26832
1678,0.16409573145210743,0.16367977112531662,0.004159619682468474,0.11588966101408005,99973,7.840116560178978e-05,0.0002352034968053693,26848
1679,0.13686328008770943,0.1363345254212618,0.005287527194013819,0.11589346081018448,104506,7.837422650070927e-05,0.00023512267950212779,26864
1680,0.18402434699237347,0.18276544474065304,0.01258902990957722,0.11589682102203369,98060,7.834727524501153e-05,0.00023504182573503456,26880
1681,0.1628371849656105,0.16256575845181942,0.0027142714243382215,0.11590012162923813,104033,7.832031184624164e-05,0.0002349609355387249,26896
1682,0.09239170700311661,0.09199471026659012,0.003969965968281031,0.11590360850095749,97614,7.829333631594987e-05,0.00023488000894784954,26912
1683,0.2684218417853117,0.2680639773607254,0.0035786651424132288,0.11590691655874252,100643,7.826634866569164e-05,0.0002347990459970749,26928
1684,0.2167673259973526,0.2163387779146433,0.004285463408450596,0.11591044813394547,96585,7.823934890702764e-05,0.0002347180467210829,26944
1685,0.2890966311097145,0.2889644242823124,0.0013221614208305255,0.11591388285160065,100015,7.821233705152371e-05,0.0002346370111545711,26960
1686,0.2114519476890564,0.211127121001482,0.003248333028750494,0.1159171611070633,99178,7.818531311075084e-05,0.00023455593933225248,26976
1687,0.23219166696071625,0.231932882219553,0.002587840994237922,0.11592046916484833,101899,7.815827709628525e-05,0.0002344748312888557,26992
1688,0.1713285930454731,0.17082690447568893,0.0050168633460998535,0.11592371016740799,105317,7.81312290197083e-05,0.00023439368705912485,27008
1689,0.17717930488288403,0.17654423415660858,0.0063507133891107515,0.11592687666416168,100241,7.810416889260653e-05,0.00023431250667781958,27024
1690,0.22382709570229053,0.22346034832298756,0.0036674360890174285,0.11592977494001389,103315,7.807709672657165e-05,0.00023423129017971492,27040
1691,0.2099839337170124,0.2097965031862259,0.0018743354585240013,0.11593324691057205,100881,7.80500125332005e-05,0.00023415003759960146,27056
1692,0.19924988970160484,0.19861947372555733,0.0063041561807040125,0.11593616008758545,100016,7.80229163240951e-05,0.00023406874897228527,27072
1693,0.18914414197206497,0.18869827315211296,0.004458681680262089,0.11593896150588989,98258,7.799580811086258e-05,0.0002339874243325877,27088
1694,0.1682316716760397,0.16765381768345833,0.0057785832905210555,0.11594171822071075,101090,7.796868790511527e-05,0.00023390606371534578,27104
1695,0.14307165704667568,0.1425495259463787,0.005221293220529333,0.11594489961862564,101308,7.794155571847058e-05,0.00023382466715541172,27120
1696,0.21913345530629158,0.21877900697290897,0.0035444472450762987,0.11594805121421814,97746,7.79144115625511e-05,0.00023374323468765328,27136
1697,0.15915819071233273,0.15880004689097404,0.0035814104485325515,0.11595118045806885,100932,7.788725544898452e-05,0.00023366176634695353,27152
1698,0.17294688895344734,0.1722702793776989,0.006766117934603244,0.11595425754785538,92617,7.786008738940362e-05,0.00023358026216821083,27168
1699,0.13316239975392818,0.13278372213244438,0.003786782210227102,0.11595738679170609,104125,7.783290739544639e-05,0.00023349872218633914,27184
1700,0.11786390095949173,0.11765124835073948,0.002126530831446871,0.11596072465181351,102450,7.780571547875584e-05,0.00023341714643626747,27200
1701,0.2788943964987993,0.2783557642251253,0.0053863370849285275,0.11596391350030899,94763,7.777851165098012e-05,0.0002333355349529403,27216
1702,0.19754059240221977,0.19742406532168388,0.0011653103720163926,0.11596767604351044,101316,7.77512959237725e-05,0.00023325388777131748,27232
1703,0.16757487505674362,0.16748278215527534,0.0009209307247601828,0.11597157269716263,100739,7.772406830879133e-05,0.00023317220492637396,27248
1704,0.28228553012013435,0.2820114940404892,0.0027403813728597015,0.11597521603107452,102274,7.769682881770007e-05,0.00023309048645310017,27264
1705,0.21894393302500248,0.2187898475676775,0.001540875411592424,0.11597932130098343,100943,7.766957746216721e-05,0.00023300873238650159,27280
1706,0.18362806737422943,0.1832935530692339,0.003345160308526829,0.1159832701086998,101256,7.76423142538664e-05,0.0002329269427615992,27296
1707,0.24854382127523422,0.248347669839859,0.001961545363883488,0.11598709225654602,102175,7.761503920447634e-05,0.000232845117613429,27312
1708,0.29207196459174156,0.2915484942495823,0.005234721407759935,0.11599096655845642,97931,7.758775232568076e-05,0.00023276325697704225,27328
1709,0.20235864631831646,0.20166107639670372,0.006975764874368906,0.11599474400281906,102221,7.756045362916853e-05,0.00023268136088750555,27344
1710,0.15070553310215473,0.15043922513723373,0.002663061663042754,0.1159992590546608,104932,7.753314312663352e-05,0.0002325994293799005,27360
1711,0.18459292501211166,0.18427972495555878,0.0031320187845267355,0.11600398272275925,103189,7.750582082977467e-05,0.000232517462489324,27376
1712,0.20336604677140713,0.20296833664178848,0.00397711708501447,0.11600834876298904,104431,7.747848675029601e-05,0.00023243546025088799,27392
1713,0.19994773715734482,0.19934070110321045,0.006070341432860005,0.1160123273730278,97087,7.74511408999066e-05,0.00023235342269971974,27408
1714,0.155805179849267,0.15520858019590378,0.005965959775494412,0.11601581424474716,102011,7.74237832903205e-05,0.00023227134987096145,27424
1715,0.12224633060395718,0.12100963294506073,0.012366991548333317,0.11601938307285309,97547,7.739641393325685e-05,0.00023218924179977052,27440
1716,0.12415767647325993,0.12366051785647869,0.004971580416167853,0.11602272093296051,103645,7.736903284043984e-05,0.00023210709852131947,27456
1717,0.19531158171594143,0.1946563646197319,0.006552162551088259,0.1160258948802948,93027,7.734164002359863e-05,0.00023202492007079584,27472
1718,0.17072384990751743,0.17041964828968048,0.0030420244729612023,0.11602911353111267,98474,7.731423549446743e-05,0.00023194270648340228,27488
1719,0.17916723899543285,0.1786484606564045,0.005187792761716992,0.116032674908638,100014,7.72868192647855e-05,0.00023186045779435648,27504
1720,0.1953776739537716,0.19512992724776268,0.0024774475023150444,0.11603624373674393,102902,7.725939134629704e-05,0.00023177817403889113,27520
1721,0.20824814960360527,0.20766915939748287,0.005789912131149322,0.11603972315788269,96251,7.723195175075136e-05,0.00023169585525225405,27536
1722,0.1725240107625723,0.17167389765381813,0.00850114191416651,0.11604329198598862,96583,7.720450048990266e-05,0.00023161350146970794,27552
1723,0.21880723349750042,0.21845563687384129,0.0035159995386493392,0.1160467341542244,97129,7.717703757551019e-05,0.00023153111272653055,27568
1724,0.18420924618840218,0.18400779366493225,0.002014478523051366,0.11605025082826614,98757,7.714956301933821e-05,0.0002314486890580146,27584
1725,0.18930513598024845,0.18779506161808968,0.015100728604011238,0.11605344712734222,92384,7.712207683315594e-05,0.00023136623049946779,27600
1726,0.23914683051407337,0.2389590572565794,0.0018777387595036998,0.11605675518512726,102207,7.709457902873759e-05,0.00023128373708621275,27616
1727,0.21203637309372425,0.21163555048406124,0.004008261617855169,0.11606016755104065,103324,7.706706961786234e-05,0.00023120120885358698,27632
1728,0.16130970045924187,0.16084494441747665,0.004647549838409759,0.11606375128030777,100191,7.703954861231436e-05,0.00023111864583694303,27648
1729,0.21153221651911736,0.21073180064558983,0.008004147559404373,0.1160672977566719,98304,7.701201602388276e-05,0.00023103604807164825,27664
1730,0.2213907465338707,0.22094729356467724,0.0044345486094243824,0.11607075482606888,99756,7.698447186436164e-05,0.0002309534155930849,27680
1731,0.17963633127510548,0.17942480742931366,0.0021152592798898695,0.11607407033443451,101381,7.695691614555003e-05,0.00023087074843665005,27696
1732,0.1853371597826481,0.1851300187408924,0.002071384064038284,0.1160772293806076,105106,7.692934887925191e-05,0.00023078804663775572,27712
1733,0.22210508026182652,0.2218629438430071,0.0024213476790464483,0.11608058214187622,98368,7.690177007727625e-05,0.00023070531023182875,27728
1734,0.2702031582593918,0.270078144967556,0.0012501215878728544,0.11608453094959259,102624,7.687417975143694e-05,0.00023062253925431082,27744
1735,0.3523167669773102,0.3521086648106575,0.0020810636015085038,0.11608830839395523,104567,7.684657791355279e-05,0.00023053973374065833,27760
1736,0.16093689016997814,0.16067777387797832,0.002591151380329393,0.11609216034412384,101690,7.681896457544753e-05,0.00023045689372634256,27776
1737,0.19698700308799744,0.1964642908424139,0.005227146029938012,0.11609594523906708,104253,7.679133974894983e-05,0.00023037401924684946,27792
1738,0.16073142178356647,0.16033091768622398,0.004005026836239267,0.11609964817762375,95959,7.676370344589333e-05,0.00023029111033767997,27808
1739,0.25499894097447395,0.2545926794409752,0.004062614367285278,0.11610329896211624,97005,7.673605567811653e-05,0.00023020816703434954,27824
1740,0.151397081092,0.15076780691742897,0.00629273772938177,0.11610688269138336,92461,7.670839645746283e-05,0.00023012518937238845,27840
1741,0.1788236778229475,0.17859253101050854,0.0023115005024010316,0.11611051112413406,99359,7.668072579578058e-05,0.00023004217738734173,27856
1742,0.2514445073902607,0.25062031485140324,0.008241944276960567,0.11611375957727432,98228,7.665304370492301e-05,0.000229959131114769,27872
1743,0.1731155551970005,0.1725573167204857,0.005582362529821694,0.11611679196357727,99978,7.662535019674827e-05,0.00022987605059024478,27888
1744,0.18815433979034424,0.1880776770412922,0.0007666451929253526,0.11612070351839066,103958,7.659764528311935e-05,0.000229792935849358,27904
1745,0.19083619117736816,0.19045337289571762,0.0038281502966128755,0.1161244735121727,99897,7.656992897590414e-05,0.00022970978692771242,27920
1746,0.25072585232555866,0.25056465715169907,0.0016119449289249133,0.11612816154956818,102769,7.654220128697546e-05,0.00022962660386092638,27936
1747,0.18630362674593925,0.18576369807124138,0.0053992667817510664,0.11613176763057709,99351,7.6514462228211e-05,0.00022954338668463296,27952
1748,0.15841239504516125,0.15818810276687145,0.002242912072688341,0.11613538861274719,104095,7.648671181149321e-05,0.0002294601354344796,27968
1749,0.25144921988248825,0.25129179656505585,0.0015742322029836942,0.11613891273736954,100776,7.645895004870954e-05,0.00022937685014612856,27984
1750,0.1152720358222723,0.11485509760677814,0.004169368796283379,0.11614244431257248,99821,7.643117695175224e-05,0.0002292935308552567,28000
1751,0.15349254570901394,0.15270766615867615,0.007848829729482532,0.11614586412906647,94818,7.64033925325184e-05,0.0002292101775975552,28016
1752,0.2165195532143116,0.21612421423196793,0.003953343897592276,0.11614990234375,96815,7.637559680291002e-05,0.00022912679040873005,28032
1753,0.11346536315977573,0.11331704817712307,0.0014831213775323704,0.11615414917469025,103651,7.634778977483389e-05,0.00022904336932450163,28048
1754,0.146405516192317,0.14626598358154297,0.0013953620436950587,0.11615818738937378,104151,7.631997146020164e-05,0.0002289599143806049,28064
1755,0.2295534759759903,0.22935328260064125,0.002001915912842378,0.11616230756044388,102307,7.629214187092978e-05,0.0002288764256127893,28080
1756,0.21002477779984474,0.20957648381590843,0.0044829281978309155,0.11616630852222443,101923,7.62643010189396e-05,0.0002287929030568188,28096
1757,0.24337876588106155,0.24255992844700813,0.0081883717502933,0.11616974323987961,98962,7.623644891615727e-05,0.00022870934674847177,28112
1758,0.1913083717226982,0.1906386911869049,0.006696798751363531,0.11617278307676315,97457,7.62085855745137e-05,0.00022862575672354105,28128
1759,0.14013132080435753,0.13983288407325745,0.0029843630618415773,0.1161758229136467,101159,7.618071100594468e-05,0.000228542133017834,28144
1760,0.23063961789011955,0.2303990051150322,0.0024061947624431923,0.11617936939001083,103424,7.61528252223908e-05,0.00022845847566717236,28160
1761,0.146772101521492,0.14652324095368385,0.002488625468686223,0.11618310958147049,93818,7.612492823579745e-05,0.0002283747847073923,28176
1762,0.22315690480172634,0.22272979468107224,0.0042710849666036665,0.1161872148513794,100226,7.609702005811478e-05,0.00022829106017434434,28192
1763,0.1319448333233595,0.13138415664434433,0.005606794198683929,0.11619125306606293,101512,7.60691007012978e-05,0.00022820730210389338,28208
1764,0.2354552336037159,0.23523450270295143,0.0022073361906223,0.11619574576616287,99049,7.604117017730626e-05,0.00022812351053191874,28224
1765,0.2313191369175911,0.23081250302493572,0.005066307378001511,0.11620011180639267,99439,7.60132284981047e-05,0.0002280396854943141,28240
1766,0.11576992459595203,0.11548434011638165,0.002855837461538613,0.11620458215475082,103746,7.598527567566247e-05,0.00022795582702698738,28256
1767,0.1485324501991272,0.14787771552801132,0.006547350494656712,0.11620882898569107,98797,7.595731172195365e-05,0.00022787193516586091,28272
1768,0.22453106194734573,0.22431214153766632,0.0021892211225349456,0.11621271818876266,101383,7.592933664895712e-05,0.00022778800994687132,28288
1769,0.16366188414394855,0.1631563063710928,0.005055769147929823,0.1162165179848671,100216,7.590135046865651e-05,0.00022770405140596953,28304
1770,0.24467309936881065,0.24421674013137817,0.004563579015666619,0.11621993780136108,101844,7.587335319304021e-05,0.00022762005957912063,28320
1771,0.13856148719787598,0.13826745934784412,0.002940280959592201,0.11622326076030731,102071,7.584534483410137e-05,0.0002275360345023041,28336
1772,0.12181601673364639,0.1213531969115138,0.00462821991823148,0.11622665822505951,98917,7.581732540383789e-05,0.00022745197621151363,28352
1773,0.2881355918943882,0.2877207100391388,0.004148780259129126,0.11622992157936096,94849,7.578929491425238e-05,0.00022736788474275708,28368
1774,0.15492532961070538,0.15464993380010128,0.0027540130104171112,0.11623358726501465,93785,7.576125337735223e-05,0.00022728376013205664,28384
1775,0.18014750257134438,0.17992441356182098,0.00223089536302723,0.11623743176460266,105606,7.57332008051495e-05,0.0002271996024154485,28400
1776,0.2301912121474743,0.22992494329810143,0.0026626535691320896,0.11624108999967575,102771,7.570513720966108e-05,0.00022711541162898321,28416
1777,0.13637304864823818,0.13616562262177467,0.002074252552120015,0.11624511331319809,101344,7.567706260290851e-05,0.0002270311878087255,28432
1778,0.2267458252608776,0.22654633969068527,0.001994796119106468,0.1162489503622055,101477,7.564897699691804e-05,0.00022694693099075409,28448
1779,0.21370014920830727,0.21352733299136162,0.0017281675172853284,0.11625274270772934,101463,7.562088040372067e-05,0.00022686264121116195,28464
1780,0.19189425185322762,0.1916794218122959,0.0021482624724740162,0.11625660955905914,105490,7.559277283535205e-05,0.0002267783185060561,28480
1781,0.18568958342075348,0.18528751283884048,0.004020667605800554,0.11626055091619492,101132,7.55646543038526e-05,0.00022669396291155776,28496
1782,0.1635977402329445,0.1629082951694727,0.006894436308357399,0.11626411229372025,99899,7.553652482126743e-05,0.00022660957446380225,28512
1783,0.12559711746871471,0.12542863190174103,0.0016848493687575683,0.11626743525266647,101822,7.550838439964627e-05,0.00022652515319893877,28528
1784,0.21640434674918652,0.2160624209791422,0.003419291868340224,0.1162707507610321,100788,7.548023305104361e-05,0.00022644069915313077,28544
1785,0.2009952012449503,0.20089684799313545,0.0009835042201302713,0.11627393215894699,103278,7.545207078751857e-05,0.00022635621236255567,28560
1786,0.15174717642366886,0.15145330503582954,0.0029387099493760616,0.11627689749002457,96814,7.5423897621135e-05,0.00022627169286340497,28576
1787,0.20837168395519257,0.2081238590180874,0.0024782401815173216,0.11627991497516632,98174,7.539571356396136e-05,0.00022618714069188404,28592
1788,0.1692338716238737,0.16853795759379864,0.006959146820008755,0.11628280580043793,100595,7.536751862807083e-05,0.00022610255588421247,28608
1789,0.111965736374259,0.11127462796866894,0.006911099597346038,0.11628564447164536,105816,7.53393128255412e-05,0.0002260179384766236,28624
1790,0.0923211183398962,0.09175385534763336,0.005672633182257414,0.11628858000040054,91570,7.531109616845498e-05,0.00022593328850536488,28640
1791,0.13845055177807808,0.1380486637353897,0.004018909530714154,0.11629167944192886,101024,7.528286866889924e-05,0.0002258486060066977,28656
1792,0.16996129788458347,0.1693918164819479,0.0056948025012388825,0.11629492789506912,98171,7.525463033896576e-05,0.00022576389101689725,28672
1793,0.2738721948117018,0.27364483661949635,0.002273571299156174,0.11629817634820938,97371,7.522638119075096e-05,0.00022567914357225286,28688
1794,0.13640187680721283,0.13622386008501053,0.0017802027869038284,0.11630155891180038,98908,7.519812123635588e-05,0.0002255943637090676,28704
1795,0.22870143130421638,0.2283167503774166,0.0038468538969027577,0.11630483716726303,100365,7.516985048788616e-05,0.00022550955146365847,28720
1796,0.26695578545331955,0.2664850056171417,0.004707792249973863,0.11630794405937195,97447,7.514156895745212e-05,0.0002254247068723563,28736
1797,0.22078027948737144,0.2204565666615963,0.003237116921809502,0.11631080508232117,100425,7.511327665716863e-05,0.00022533982997150585,28752
1798,0.19943338260054588,0.1991933174431324,0.002400680386926979,0.11631371080875397,102910,7.508497359915525e-05,0.0002252549207974657,28768
1799,0.22421205043792725,0.22381160221993923,0.004004502174211666,0.11631639301776886,102859,7.505665979553609e-05,0.00022516997938660824,28784
1800,0.20062950253486633,0.20030919648706913,0.003203007625415921,0.11631905287504196,98628,7.50283352584399e-05,0.0002250850057753197,28800
1801,0.19634869880974293,0.19615713134407997,0.0019156578637193888,0.11632200330495834,103301,7.500000000000001e-05,0.000225,28816
1802,0.22003233060240746,0.21975826658308506,0.0027406552544562146,0.11632519215345383,102894,7.497165403235433e-05,0.00022491496209706293,28832
1803,0.17990787886083126,0.17943277209997177,0.0047510577715002,0.11632829159498215,95112,7.494329736764538e-05,0.00022482989210293608,28848
1804,0.19801191799342632,0.19776682555675507,0.002450904456054559,0.11633136123418808,101043,7.491493001802025e-05,0.0002247447900540607,28864
1805,0.2470010109245777,0.24611439183354378,0.008866108837537467,0.11633416265249252,96689,7.488655199563062e-05,0.0002246596559868918,28880
1806,0.19851163402199745,0.19819830358028412,0.0031333006627392024,0.11633706837892532,98932,7.485816331263273e-05,0.00022457448993789815,28896
1807,0.2055225744843483,0.2053150925785303,0.002074835676467046,0.11634004861116409,103366,7.482976398118738e-05,0.0002244892919435621,28912
1808,0.2040627058595419,0.20365196093916893,0.00410745527187828,0.11634302884340286,100272,7.480135401345996e-05,0.00022440406204037985,28928
1809,0.08611957356333733,0.08579570334404707,0.0032387078790634405,0.11634615808725357,97620,7.477293342162039e-05,0.00022431880026486112,28944
1810,0.13251285441219807,0.1322876699268818,0.0022518617333844304,0.11634968221187592,98986,7.474450221784313e-05,0.00022423350665352936,28960
1811,0.19256379641592503,0.19221233017742634,0.0035146565351169556,0.11635303497314453,103814,7.471606041430723e-05,0.00022414818124292165,28976
1812,0.1913431715220213,0.19038190133869648,0.009612706897314638,0.11635586619377136,101418,7.468760802319626e-05,0.00022406282406958874,28992
1813,0.18101786822080612,0.1804816946387291,0.0053616834338754416,0.11635875701904297,98416,7.465914505669829e-05,0.00022397743517009482,29008
1814,0.13101603835821152,0.13074503652751446,0.002710000771912746,0.11636210978031158,101500,7.463067152700597e-05,0.00022389201458101787,29024
1815,0.17429743334650993,0.17404583282768726,0.0025160358200082555,0.11636566370725632,100915,7.460218744631645e-05,0.00022380656233894934,29040
1816,0.18022578209638596,0.18016593158245087,0.0005985273892292753,0.11636921763420105,96880,7.457369282683142e-05,0.00022372107848049423,29056
1817,0.15061083808541298,0.15038203075528145,0.002288057749865402,0.11637280881404877,103446,7.454518768075704e-05,0.00022363556304227111,29072
1818,0.18590807914733887,0.18560311570763588,0.003049608872970566,0.1163763478398323,98404,7.451667202030404e-05,0.0002235500160609121,29088
1819,0.22702257707715034,0.22681157290935516,0.0021100798330735415,0.11637988686561584,104275,7.44881458576876e-05,0.00022346443757306279,29104
1820,0.2502976544201374,0.2500717230141163,0.002259263666928746,0.11638348549604416,102845,7.445960920512745e-05,0.0002233788276153823,29120
1821,0.19398419559001923,0.19356421381235123,0.004199821152724326,0.11638689786195755,104506,7.443106207484776e-05,0.00022329318622454325,29136
1822,0.2790048811584711,0.27862348034977913,0.0038140378126172436,0.11639020591974258,97685,7.44025044790772e-05,0.0002232075134372316,29152
1823,0.19402658939361572,0.1935884803533554,0.004381070903036743,0.11639309674501419,95642,7.437393643004898e-05,0.00022312180929014692,29168
1824,0.14410945773124695,0.14350491017103195,0.006045452202670276,0.11639603227376938,97735,7.434535794000071e-05,0.0002230360738200021,29184
1825,0.21479080244898796,0.2138645425438881,0.009262619336368516,0.11639918386936188,95875,7.431676902117452e-05,0.00022295030706352356,29200
1826,0.11896398849785328,0.11868891492486,0.0027507540507940575,0.1164027601480484,98391,7.428816968581701e-05,0.000222864509057451,29216
1827,0.18394283205270767,0.18365705758333206,0.0028578004566952586,0.11640623956918716,101125,7.42595599461792e-05,0.00022277867983853754,29232
1828,0.10438678693026304,0.10400563105940819,0.0038115764618851244,0.11640970408916473,103499,7.423093981451661e-05,0.0002226928194435498,29248
1829,0.18351532332599163,0.18339524045586586,0.0012008534104097635,0.11641324311494827,97298,7.420230930308917e-05,0.00022260692790926747,29264
1830,0.22201101202517748,0.2217239998281002,0.0028701455012196675,0.11641664057970047,100882,7.417366842416133e-05,0.00022252100527248394,29280
1831,0.20174412615597248,0.20137045346200466,0.0037367095646914095,0.11641994118690491,102239,7.414501719000187e-05,0.00022243505157000556,29296
1832,0.10770152509212494,0.10752475820481777,0.0017676776842563413,0.11642340570688248,102472,7.411635561288413e-05,0.00022234906683865234,29312
1833,0.2139564100652933,0.21373224072158337,0.0022416871761379298,0.11642689257860184,101035,7.408768370508576e-05,0.00022226305111525726,29328
1834,0.2139803133904934,0.21349067613482475,0.004896371581708081,0.11643005162477493,101632,7.405900147888896e-05,0.00022217700443666685,29344
1835,0.16111868247389793,0.16079113818705082,0.0032754178100731224,0.1164330244064331,97441,7.403030894658023e-05,0.00022209092683974065,29360
1836,0.23877761885523796,0.23836302943527699,0.00414584091049619,0.11643581092357635,99895,7.400160612045057e-05,0.00022200481836135165,29376
1837,0.18762090802192688,0.1874252064153552,0.0019570379809010774,0.1164386048913002,103235,7.397289301279533e-05,0.00022191867903838597,29392
1838,0.13151319324970245,0.13134628161787987,0.0016690876218490303,0.11644197255373001,101233,7.394416963591433e-05,0.00022183250890774295,29408
1839,0.2594629433006048,0.2593333814293146,0.001295640155149158,0.11644504964351654,102182,7.391543600211172e-05,0.00022174630800633516,29424
1840,0.16792877204716206,0.16715463064610958,0.007741445442661643,0.11644793301820755,99747,7.388669212369611e-05,0.00022166007637108832,29440
1841,0.2002572100609541,0.1997585091739893,0.004987026666640304,0.11645065993070602,99939,7.385793801298042e-05,0.00022157381403894124,29456
1842,0.22813815250992775,0.2280285432934761,0.0010960594590869732,0.11645345389842987,97128,7.382917368228204e-05,0.00022148752104684608,29472
1843,0.1431753747165203,0.14279092848300934,0.003844425780698657,0.11645635217428207,99712,7.380039914392267e-05,0.00022140119743176799,29488
1844,0.22248905152082443,0.22220412269234657,0.0028492772762547247,0.11645897477865219,100487,7.377161441022842e-05,0.00022131484323068522,29504
1845,0.18478411436080933,0.18451328575611115,0.002708276209887117,0.11646155267953873,100887,7.374281949352973e-05,0.00022122845848058915,29520
1846,0.1975333821028471,0.19717561826109886,0.0035775967335212044,0.1164642944931984,101969,7.371401440616146e-05,0.00022114204321848434,29536
1847,0.22410975396633148,0.223805021494627,0.0030473276565317065,0.11646711081266403,101325,7.368519916046279e-05,0.00022105559748138834,29552
1848,0.27994710579514503,0.27977801114320755,0.001690958444669377,0.11647000908851624,98352,7.365637376877724e-05,0.0002209691213063317,29568
1849,0.17357012256979942,0.17294920980930328,0.006209105107700452,0.11647292971611023,101259,7.362753824345272e-05,0.0002208826147303581,29584
1850,0.17363538779318333,0.17332434095442295,0.003110469435341656,0.11647552996873856,102888,7.35986925968414e-05,0.00022079607779052418,29600
1851,0.25032556988298893,0.2501729689538479,0.0015260183577083808,0.11647813767194748,101799,7.35698368412999e-05,0.00022070951052389966,29616
1852,0.16255524940788746,0.16213931050151587,0.004159406234975904,0.11648049205541611,100963,7.354097098918907e-05,0.00022062291296756715,29632
1853,0.15498622693121433,0.15462237782776356,0.003638458641944453,0.11648272722959518,96143,7.351209505287412e-05,0.00022053628515862232,29648
1854,0.31949300318956375,0.31932469457387924,0.0016830399908940308,0.11648473143577576,99390,7.34832090447246e-05,0.0002204496271341738,29664
1855,0.2077149748802185,0.2074921540915966,0.002228216180810705,0.11648669838905334,97178,7.345431297711436e-05,0.0002203629389313431,29680
1856,0.11657769046723843,0.1163298711180687,0.002478184556821361,0.1164892390370369,102323,7.342540686242158e-05,0.00022027622058726473,29696
1857,0.19443926587700844,0.19412492588162422,0.0031434099073521793,0.1164918765425682,101835,7.339649071302867e-05,0.000220189472139086,29712
1858,0.14687274023890495,0.1460173763334751,0.008553640625905246,0.1164945587515831,96231,7.336756454132243e-05,0.00022010269362396722,29728
1859,0.14148680679500103,0.14038927666842937,0.010975323675666004,0.11649738997220993,96113,7.333862835969389e-05,0.0002200158850790816,29744
1860,0.2127376925200224,0.21243560500442982,0.0030208534735720605,0.11650044471025467,103118,7.33096821805384e-05,0.00021992904654161515,29760
1861,0.19102701358497143,0.19073860719799995,0.002884097113565076,0.11650387197732925,100663,7.328072601625557e-05,0.0002198421780487667,29776
1862,0.11592715606093407,0.11540150828659534,0.005256461095996201,0.11650722473859787,102872,7.325175987924932e-05,0.00021975527963774796,29792
1863,0.2046084888279438,0.20430855825543404,0.0029992762865731493,0.11651062220335007,101346,7.322278378192783e-05,0.00021966835134578345,29808
1864,0.17411211505532265,0.17323927208781242,0.008728451211936772,0.1165136843919754,93159,7.319379773670352e-05,0.00021958139321011052,29824
1865,0.24605679139494896,0.24555620178580284,0.0050058537744916975,0.11651650071144104,98032,7.316480175599309e-05,0.00021949440526797926,29840
1866,0.15202214941382408,0.15148865431547165,0.005334963643690571,0.11651931703090668,96892,7.313579585221751e-05,0.0002194073875566525,29856
1867,0.22195041179656982,0.22186478599905968,0.0008562709226680454,0.1165224239230156,96496,7.310678003780197e-05,0.00021932034011340587,29872
1868,0.19271288067102432,0.19238785281777382,0.0032502905669389293,0.11652576923370361,101499,7.307775432517595e-05,0.00021923326297552782,29888
1869,0.2267814390361309,0.22620651498436928,0.005749286676291376,0.11652898043394089,100549,7.304871872677312e-05,0.00021914615618031933,29904
1870,0.13391481898725033,0.13351924158632755,0.003955762891564518,0.11653240025043488,100189,7.301967325503142e-05,0.00021905901976509423,29920
1871,0.16773084551095963,0.16716179624199867,0.005690482925274409,0.11653580516576767,93748,7.2990617922393e-05,0.00021897185376717899,29936
1872,0.1637902930378914,0.16337735950946808,0.004129349050344899,0.1165391355752945,97720,7.296155274130425e-05,0.00021888465822391269,29952
1873,0.2301459237933159,0.2293656636029482,0.0078026529681665124,0.11654236167669296,101857,7.293247772421576e-05,0.00021879743317264726,29968
1874,0.1594517044723034,0.15909154899418354,0.0036015247751493007,0.11654575169086456,100663,7.290339288358233e-05,0.00021871017865074697,29984
1875,0.15299952030181885,0.1526403035968542,0.0035921777016483247,0.11654939502477646,103418,7.287429823186303e-05,0.00021862289469558904,30000
1876,0.15906718838959932,0.15864057932049036,0.004266050498699769,0.11655277013778687,100752,7.284519378152103e-05,0.00021853558134456307,30016
1877,0.23219111189246178,0.23158831894397736,0.0060279464814811945,0.11655601114034653,102966,7.28160795450238e-05,0.00021844823863507136,30032
1878,0.2482752613723278,0.24807069450616837,0.0020456631973502226,0.11655902862548828,101282,7.278695553484292e-05,0.00021836086660452871,30048
1879,0.16278444789350033,0.1622062586247921,0.005781934360129526,0.11656250059604645,99295,7.27578217634542e-05,0.00021827346529036256,30064
1880,0.19043082371354103,0.18992121890187263,0.005096093751490116,0.11656583100557327,102405,7.272867824333762e-05,0.00021818603473001283,30080
1881,0.2050730660557747,0.20488625764846802,0.0018680443745324737,0.11656957864761353,97530,7.269952498697734e-05,0.00021809857496093199,30096
1882,0.21347706764936447,0.21321621909737587,0.0026084431738127023,0.11657322198152542,96620,7.267036200686171e-05,0.00021801108602058507,30112
1883,0.1545606069266796,0.154063381254673,0.004972241571522318,0.11657693982124329,97846,7.264118931548318e-05,0.00021792356794644952,30128
1884,0.14586995728313923,0.1455460749566555,0.0032388388935942203,0.11658070981502533,96847,7.261200692533844e-05,0.00021783602077601527,30144
1885,0.14162193052470684,0.14112862199544907,0.004933115415042266,0.11658433824777603,101863,7.258281484892829e-05,0.00021774844454678483,30160
1886,0.17939436994493008,0.17901847511529922,0.0037589132552966475,0.11658822000026703,96387,7.255361309875768e-05,0.000217660839296273,30176
1887,0.13565725646913052,0.1353832595050335,0.0027399913233239204,0.11659235507249832,96176,7.252440168733572e-05,0.00021757320506200713,30192
1888,0.18235607258975506,0.18209937401115894,0.002567006362369284,0.1165965124964714,103104,7.249518062717565e-05,0.00021748554188152694,30208
1889,0.11293441615998745,0.1125242579728365,0.00410158111480996,0.11660023778676987,99648,7.246594993079482e-05,0.00021739784979238447,30224
1890,0.1451153140515089,0.14490838907659054,0.0020692942780442536,0.11660394072532654,99372,7.243670961071478e-05,0.00021731012883214433,30240
1891,0.24409450218081474,0.24357212334871292,0.005223848565947264,0.11660733073949814,102509,7.240745967946113e-05,0.00021722237903838338,30256
1892,0.1518520526587963,0.15138178318738937,0.004702693899162114,0.11661069840192795,98635,7.237820014956361e-05,0.00021713460044869078,30272
1893,0.16177006624639034,0.16152941435575485,0.002406496219919063,0.11661409586668015,98379,7.234893103355607e-05,0.00021704679310066818,30288
1894,0.1841228511184454,0.18388965167105198,0.002332003918127157,0.116617351770401,101236,7.231965234397645e-05,0.00021695895703192932,30304
1895,0.22197791002690792,0.22170033305883408,0.0027757797797676176,0.11662032455205917,97310,7.229036409336687e-05,0.00021687109228010057,30320
1896,0.172226975671947,0.17138555645942688,0.008414159048697911,0.11662286520004272,94044,7.226106629427342e-05,0.00021678319888282022,30336
1897,0.24262107908725739,0.24213247001171112,0.004886069451458752,0.11662524938583374,103424,7.223175895924638e-05,0.0002166952768777391,30352
1898,0.21281082555651665,0.2123960182070732,0.0041480329236947,0.11662761121988297,102298,7.220244210084008e-05,0.00021660732630252022,30368
1899,0.2191575951874256,0.21875593811273575,0.004016546459752135,0.11663015186786652,96579,7.217311573161293e-05,0.00021651934719483875,30384
1900,0.13909246772527695,0.13893705792725086,0.0015540926397079602,0.1166328564286232,97051,7.214377986412741e-05,0.0002164313395923822,30400
1901,0.18053352646529675,0.1802216600626707,0.0031185941043077037,0.11663587391376495,102598,7.211443451095007e-05,0.00021634330353285017,30416
1902,0.24697762355208397,0.24659759551286697,0.003800277510890737,0.11663886904716492,99305,7.208507968465154e-05,0.00021625523905395458,30432
1903,0.19413969293236732,0.19384614005684853,0.0029355132646742277,0.11664201319217682,97496,7.205571539780648e-05,0.0002161671461934194,30448
1904,0.22919147461652756,0.22872379422187805,0.004676854412537068,0.1166449710726738,101375,7.202634166299364e-05,0.00021607902498898087,30464
1905,0.17412757314741611,0.17386755347251892,0.0026001881778938696,0.11664815992116928,100914,7.199695849279576e-05,0.00021599087547838727,30480
1906,0.21744482964277267,0.21613435074687004,0.013104779180139303,0.11665112525224686,90641,7.196756589979969e-05,0.000215902697699399,30496
1907,0.24941290356218815,0.24910162948071957,0.003112770849838853,0.11665382236242294,95994,7.193816389659626e-05,0.00021581449168978878,30512
1908,0.17520694807171822,0.17479517124593258,0.004117780350497924,0.1166566014289856,103316,7.190875249578037e-05,0.0002157262574873411,30528
1909,0.13890845328569412,0.1382664181292057,0.006420364050427452,0.11665920913219452,97451,7.187933170995094e-05,0.00021563799512985278,30544
1910,0.19776617735624313,0.19750374928116798,0.002624313667183742,0.11666181683540344,98099,7.184990155171086e-05,0.00021554970465513255,30560
1911,0.20975267700850964,0.20941685140132904,0.003358224537805654,0.116664357483387,95259,7.18204620336671e-05,0.00021546138610100128,30576
1912,0.2698564939200878,0.2696728743612766,0.001836214491049759,0.11666687577962875,101105,7.179101316843062e-05,0.00021537303950529185,30592
1913,0.15172472409904003,0.15083551779389381,0.008892035344615579,0.1166694238781929,95725,7.176155496861638e-05,0.00021528466490584912,30608
1914,0.1675582630559802,0.16716604679822922,0.003922165007679723,0.1166723296046257,102605,7.173208744684332e-05,0.00021519626234052993,30624
1915,0.18825848400592804,0.18803728744387627,0.0022119864588603377,0.11667528003454208,103500,7.17026106157344e-05,0.00021510783184720318,30640
1916,0.23191481828689575,0.23154816031455994,0.003666553777293302,0.1166781559586525,94835,7.167312448791655e-05,0.0002150193734637496,30656
1917,0.2491612583398819,0.24890903756022453,0.0025222333788406104,0.11668084561824799,105650,7.164362907602072e-05,0.0002149308872280621,30672
1918,0.13772333227097988,0.13754046894609928,0.0018286028935108334,0.11668453365564346,103188,7.161412439268175e-05,0.00021484237317804522,30688
1919,0.14240607246756554,0.14196983817964792,0.004362334206234664,0.1166878342628479,103912,7.158461045053856e-05,0.00021475383135161565,30704
1920,0.34770360589027405,0.3475910499691963,0.0011255649631038978,0.11669092625379562,102189,7.155508726223395e-05,0.00021466526178670183,30720
1921,0.1577090211212635,0.15751383639872074,0.0019518540939316154,0.1166938841342926,102956,7.152555484041476e-05,0.00021457666452124428,30736
1922,0.14430493116378784,0.1431279182434082,0.011770158162107691,0.1166965588927269,99893,7.149601319773172e-05,0.0002144880395931951,30752
1923,0.19263784028589725,0.19230136275291443,0.003364786709425971,0.11669916659593582,102963,7.146646234683951e-05,0.00021439938704051847,30768
1924,0.14375953376293182,0.1435425989329815,0.002169357452658005,0.11670219898223877,104304,7.143690230039679e-05,0.00021431070690119033,30784
1925,0.21619882434606552,0.2160394061356783,0.0015941698366077617,0.11670520901679993,99994,7.140733307106615e-05,0.00021422199921319844,30800
1926,0.15231147222220898,0.15192938037216663,0.003820905782049522,0.11670809239149094,100992,7.137775467151411e-05,0.0002141332640145423,30816
1927,0.1914711482822895,0.19055163487792015,0.009195100308716064,0.11671080440282822,98446,7.134816711441112e-05,0.0002140445013432333,30832
1928,0.20727363228797913,0.20685029216110706,0.004233387698207025,0.11671388894319534,95367,7.131857041243152e-05,0.00021395571123729453,30848
1929,0.18138466961681843,0.18116229586303234,0.002223762799985707,0.11671686172485352,99542,7.128896457825364e-05,0.00021386689373476087,30864
1930,0.14045820012688637,0.14010906778275967,0.0034913390409201384,0.11671983450651169,96258,7.125934962455964e-05,0.00021377804887367892,30880
1931,0.18274914659559727,0.18214178644120693,0.0060735795414075255,0.11672276258468628,93116,7.122972556403567e-05,0.00021368917669210697,30896
1932,0.14664535224437714,0.1458655558526516,0.007797944621415809,0.11672548949718475,96791,7.120009240937168e-05,0.00021360027722811505,30912
1933,0.18034283444285393,0.17965235374867916,0.00690478140313644,0.11672843992710114,101987,7.117045017326162e-05,0.00021351135051978482,30928
1934,0.174972178414464,0.17434046790003777,0.0063171046786010265,0.1167314276099205,96523,7.114079886840326e-05,0.00021342239660520975,30944
1935,0.1952757053077221,0.19510216638445854,0.0017353802104480565,0.11673488467931747,101847,7.111113850749828e-05,0.0002133334155224948,30960
1936,0.21092357113957405,0.21061034500598907,0.003132260841084644,0.11673817038536072,100964,7.108146910325223e-05,0.00021324440730975666,30976
1937,0.15410921350121498,0.15379641763865948,0.0031279643008019775,0.11674124002456665,100807,7.105179066837456e-05,0.00021315537200512362,30992
1938,0.10211770236492157,0.10146361589431763,0.006540859962115064,0.11674404889345169,100412,7.102210321557855e-05,0.00021306630964673562,31008
1939,0.1837768368422985,0.18327779695391655,0.004990386281860992,0.11674672365188599,102555,7.099240675758137e-05,0.00021297722027274407,31024
1940,0.2224217914044857,0.22223903983831406,0.0018275081065439736,0.1167493611574173,102924,7.096270130710403e-05,0.00021288810392131207,31040
1941,0.21057721599936485,0.21038616448640823,0.001910507766297087,0.11675188690423965,103473,7.09329868768714e-05,0.0002127989606306142,31056
1942,0.21623487025499344,0.215806782245636,0.004280877998098731,0.11675436794757843,94847,7.090326347961223e-05,0.00021270979043883664,31072
1943,0.19391863606870174,0.19373713620007038,0.0018149942043237388,0.11675705760717392,102652,7.087353112805905e-05,0.00021262059338417712,31088
1944,0.1786300502717495,0.1781516708433628,0.004783814321854152,0.11675965785980225,99037,7.084378983494824e-05,0.0002125313695048447,31104
1945,0.20909341797232628,0.2088925503194332,0.0020086359581910074,0.1167626604437828,103486,7.081403961302006e-05,0.00021244211883906017,31120
1946,0.22390909492969513,0.22330624237656593,0.006028517316735815,0.11676550656557083,98993,7.078428047501855e-05,0.00021235284142505562,31136
1947,0.24632367119193077,0.2459641769528389,0.0035949587727373,0.1167682409286499,101474,7.075451243369157e-05,0.00021226353730107467,31152
1948,0.21140718460083008,0.21096256747841835,0.004446141188964248,0.11677072197198868,100514,7.07247355017908e-05,0.00021217420650537238,31168
1949,0.30672257766127586,0.3065078817307949,0.0021470078427228145,0.11677321046590805,101198,7.069494969207174e-05,0.0002120848490762152,31184
1950,0.1523691862821579,0.15167531929910183,0.006938689039088786,0.11677566915750504,94498,7.06651550172937e-05,0.00021199546505188104,31200
1951,0.14140824042260647,0.14105193130671978,0.003563104022759944,0.1167779415845871,98085,7.063535149021973e-05,0.00021190605447065917,31216
1952,0.2387024275958538,0.23843087628483772,0.002715508227538521,0.11678028106689453,102196,7.060553912361677e-05,0.00021181661737085028,31232
1953,0.17887619324028492,0.17860420793294907,0.002719863870879635,0.11678317189216614,98882,7.057571793025544e-05,0.00021172715379076632,31248
1954,0.2168218120932579,0.21624046936631203,0.00581341223733034,0.1167864203453064,98800,7.054588792291022e-05,0.0002116376637687306,31264
1955,0.20958430878818035,0.2094633113592863,0.0012099207888240926,0.11678971350193024,101148,7.051604911435932e-05,0.00021154814734307797,31280
1956,0.1765428725630045,0.17641915474087,0.0012371599004836753,0.11679302901029587,102477,7.048620151738477e-05,0.0002114586045521543,31296
1957,0.19678103737533092,0.19631904736161232,0.004619905746949371,0.11679641157388687,103150,7.045634514477229e-05,0.00021136903543431685,31312
1958,0.19442833960056305,0.19369133561849594,0.007370042614638805,0.11679963767528534,101016,7.042648000931144e-05,0.00021127944002793426,31328
1959,0.17691698670387268,0.17637339234352112,0.005435902101453394,0.1168026477098465,95981,7.039660612379546e-05,0.00021118981837138636,31344
1960,0.16691279597580433,0.166641965508461,0.0027082749002147466,0.11680567264556885,103488,7.03667235010214e-05,0.00021110017050306418,31360
1961,0.21311056800186634,0.21275107748806477,0.0035949264702708206,0.11680864542722702,100667,7.033683215379002e-05,0.00021101049646137003,31376
1962,0.1272560153156519,0.1266624629497528,0.005935525114182383,0.11681145429611206,95454,7.03069320949058e-05,0.0002109207962847174,31392
1963,0.18667356297373772,0.18649419024586678,0.0017937864613486454,0.1168142780661583,101526,7.027702333717702e-05,0.00021083107001153102,31408
1964,0.1791024338454008,0.178713733330369,0.0038869882555445656,0.11681731045246124,97240,7.024710589341561e-05,0.0002107413176802468,31424
1965,0.21476338431239128,0.21457992866635323,0.0018345931748626754,0.11682069301605225,105080,7.021717977643726e-05,0.00021065153932931175,31440
1966,0.15147767961025238,0.15105174109339714,0.004259373003151268,0.11682416498661041,96378,7.018724499906135e-05,0.00021056173499718402,31456
1967,0.17241324856877327,0.17202536389231682,0.0038788718020441593,0.11682785302400589,103197,7.015730157411102e-05,0.00021047190472233305,31472
1968,0.1553172841668129,0.15471255593001842,0.006047275906894356,0.11683144420385361,92743,7.012734951441307e-05,0.0002103820485432392,31488
1969,0.1045131403952837,0.10424578376114368,0.002673574592336081,0.11683531105518341,95529,7.009738883279802e-05,0.000210292166498394,31504
1970,0.1422713790088892,0.14160313457250595,0.006682450708467513,0.11683881282806396,91700,7.006741954210004e-05,0.0002102022586263001,31520
1971,0.16798509284853935,0.16730495542287827,0.006801330222515389,0.11684194952249527,96127,7.003744165515705e-05,0.0002101123249654711,31536
1972,0.1487633641809225,0.14824923034757376,0.005141328874742612,0.11684485524892807,101104,7.000745518481062e-05,0.00021002236555443183,31552
1973,0.19681590795516968,0.19616002216935158,0.00655884449952282,0.11684776097536087,94401,6.997746014390601e-05,0.000209932380431718,31568
1974,0.22305671125650406,0.22254703566432,0.005096790817333385,0.11685045063495636,94771,6.994745654529212e-05,0.00020984236963587634,31584
1975,0.12962636165320873,0.1291345190256834,0.0049184339586645365,0.11685312539339066,98480,6.991744440182155e-05,0.00020975233320546464,31600
1976,0.23118916898965836,0.23066723346710205,0.005219318671151996,0.11685652285814285,104409,6.988742372635056e-05,0.00020966227117905163,31616
1977,0.2578873559832573,0.2576998434960842,0.0018751207971945405,0.11686009168624878,102047,6.985739453173903e-05,0.00020957218359521706,31632
1978,0.13012307323515415,0.12999664433300495,0.0012643175359698944,0.11686389148235321,99482,6.982735683085056e-05,0.00020948207049255164,31648
1979,0.20242607966065407,0.20165983960032463,0.0076623902132268995,0.11686775088310242,96683,6.979731063655227e-05,0.0002093919319096568,31664
1980,0.1622014120221138,0.16184028424322605,0.0036112850648351014,0.11687132716178894,99385,6.976725596171505e-05,0.00020930176788514513,31680
1981,0.1407444141805172,0.14012069441378117,0.006237184890778735,0.1168745756149292,102931,6.973719281921335e-05,0.00020921157845764005,31696
1982,0.2755900211632252,0.27533810026943684,0.0025192148750647902,0.11687755584716797,100409,6.970712122192531e-05,0.0002091213636657759,31712
1983,0.1831895112991333,0.18287692964076996,0.0031258248836820712,0.11688016355037689,100934,6.967704118273258e-05,0.0002090311235481977,31728
1984,0.1388559164479375,0.13834671303629875,0.005092012870591134,0.11688275635242462,101293,6.964695271452052e-05,0.00020894085814356152,31744
1985,0.1370492298156023,0.13677232153713703,0.0027691281866282225,0.11688536405563354,101892,6.961685583017808e-05,0.0002088505674905342,31760
1986,0.1531224176287651,0.15294699370861053,0.0017542288696859032,0.11688796430826187,106939,6.95867505425978e-05,0.00020876025162779336,31776
1987,0.1346332710236311,0.13443101570010185,0.002022571148700081,0.11689112335443497,101151,6.955663686467585e-05,0.0002086699105940275,31792
1988,0.19832568615674973,0.1981414407491684,0.001842467943788506,0.11689427495002747,102803,6.952651480931193e-05,0.00020857954442793578,31808
1989,0.22671764716506004,0.22632909938693047,0.003885490987158846,0.11689732223749161,96586,6.949638438940942e-05,0.00020848915316822823,31824
1990,0.1878599226474762,0.18765373528003693,0.002061858307570219,0.1169002428650856,100873,6.94662456178752e-05,0.00020839873685362558,31840
1991,0.14486533403396606,0.14420310407876968,0.006622333166887984,0.11690320074558258,98276,6.943609850761979e-05,0.00020830829552285932,31856
1992,0.21533625945448875,0.2148030288517475,0.005332325032213703,0.11690610647201538,94848,6.940594307155724e-05,0.00020821782921467166,31872
1993,0.18807626143097878,0.1876988634467125,0.003773996781092137,0.11690878868103027,97059,6.937577932260515e-05,0.00020812733796781542,31888
1994,0.240482147783041,0.2400944046676159,0.0038774153781560017,0.11691129207611084,98812,6.934560727368477e-05,0.00020803682182105425,31904
1995,0.17708375304937363,0.17644647881388664,0.006372766540152952,0.11691387742757797,92627,6.931542693772081e-05,0.0002079462808131624,31920
1996,0.21402020938694477,0.21368343383073807,0.0033677484025247395,0.11691638827323914,103616,6.928523832764158e-05,0.0002078557149829247,31936
1997,0.2074848860502243,0.20735470205545425,0.001301820269873133,0.11691880226135254,101635,6.925504145637891e-05,0.0002077651243691367,31952
1998,0.2801184207201004,0.2799624726176262,0.0015594029632666206,0.11692102253437042,99026,6.922483633686818e-05,0.00020767450901060453,31968
1999,0.14337611570954323,0.14289904199540615,0.004770751518663019,0.11692328751087189,100459,6.919462298204834e-05,0.000207583868946145,31984
2000,0.2563776224851608,0.25595421344041824,0.004234022257151082,0.11692547798156738,95161,6.916440140486177e-05,0.00020749320421458532,32000
2001,0.1530922967940569,0.15280754305422306,0.0028475119033828378,0.11692759394645691,99521,6.91341716182545e-05,0.00020740251485476345,32016
2002,0.1898219920694828,0.18942027166485786,0.004017189705336932,0.11692975461483002,96225,6.910393363517596e-05,0.00020731180090552783,32032
2003,0.19554134272038937,0.1953203957527876,0.0022094948508311063,0.11693223565816879,102629,6.907368746857914e-05,0.0002072210624057374,32048
2004,0.18775802850723267,0.18745135143399239,0.003066762030357495,0.11693473905324936,101846,6.904343313142059e-05,0.00020713029939426175,32064
2005,0.1925238911062479,0.19225273840129375,0.0027115169177704956,0.11693742126226425,102687,6.901317063666025e-05,0.00020703951190998072,32080
2006,0.181393438950181,0.18115478567779064,0.002386525196925504,0.11694005876779556,104775,6.898289999726164e-05,0.0002069486999917849,32096
2007,0.19365110993385315,0.1933092214167118,0.003418889455133467,0.11694305390119553,100536,6.895262122619174e-05,0.00020685786367857518,32112
2008,0.20133433677256107,0.200917711481452,0.004166259081102908,0.11694588512182236,98262,6.892233433642099e-05,0.00020676700300926293,32128
2009,0.2087936531752348,0.20840514451265335,0.0038850848213769495,0.11694859713315964,103351,6.889203934092336e-05,0.00020667611802277006,32144
2010,0.2267777994275093,0.22655299119651318,0.002248148085811863,0.1169511154294014,102288,6.886173625267625e-05,0.0002065852087580287,32160
2011,0.1376183219254017,0.13724565133452415,0.003726707014720887,0.11695364862680435,97420,6.883142508466054e-05,0.0002064942752539816,32176
2012,0.22326216846704483,0.2228347323834896,0.004274382285075262,0.11695625633001328,101218,6.880110584986058e-05,0.0002064033175495817,32192
2013,0.23669357225298882,0.23618895933032036,0.005046125763328746,0.11695878952741623,99778,6.877077856126416e-05,0.00020631233568379245,32208
2014,0.14686646312475204,0.14648008905351162,0.0038637322722934186,0.11696139723062515,101413,6.874044323186253e-05,0.00020622132969558757,32224
2015,0.1936207227408886,0.19342598877847195,0.001947333279531449,0.116964191198349,98489,6.871009987465036e-05,0.0002061302996239511,32240
2016,0.24109171703457832,0.2409568764269352,0.0013483808725140989,0.11696691811084747,102847,6.867974850262582e-05,0.00020603924550787744,32256
2017,0.2552028112113476,0.2549097612500191,0.002930514427134767,0.11696954816579819,99985,6.864938912879046e-05,0.00020594816738637133,32272
2018,0.17936697974801064,0.17918234504759312,0.0018462939060555073,0.11697225272655487,98137,6.861902176614926e-05,0.0002058570652984477,32288
2019,0.1697376724332571,0.16942119784653187,0.0031647555151721463,0.1169750988483429,93580,6.858864642771061e-05,0.0002057659392831318,32304
2020,0.1347180251032114,0.13413106836378574,0.005869557149708271,0.11697784066200256,94839,6.855826312648638e-05,0.00020567478937945913,32320
2021,0.22716953605413437,0.22680698335170746,0.0036255791055737063,0.11698036640882492,97111,6.852787187549182e-05,0.00020558361562647543,32336
2022,0.16925567388534546,0.16902719996869564,0.002284752823470626,0.1169828474521637,100703,6.849747268774553e-05,0.00020549241806323658,32352
2023,0.23442784138023853,0.23405520990490913,0.003726253504282795,0.11698509007692337,98083,6.84670655762696e-05,0.0002054011967288088,32368
2024,0.17643450945615768,0.17603877559304237,0.00395737295912113,0.11698748171329498,95232,6.843665055408943e-05,0.00020530995166226826,32384
2025,0.15837435983121395,0.15803463384509087,0.003397271088033449,0.11698979139328003,98241,6.840622763423391e-05,0.0002052186829027017,32400
2026,0.16179916076362133,0.16133140213787556,0.004677554898080416,0.11699216812849045,99022,6.837579682973518e-05,0.00020512739048920552,32416
2027,0.16858037188649178,0.16838577017188072,0.0019459975010249764,0.11699467152357101,101503,6.834535815362888e-05,0.00020503607446088661,32432
2028,0.20981413312256336,0.2094413973391056,0.0037274018104653805,0.11699756979942322,100915,6.831491161895395e-05,0.0002049447348568618,32448
2029,0.14544527977705002,0.14513210207223892,0.0031317652465077117,0.11700058728456497,99697,6.828445723875272e-05,0.00020485337171625813,32464
2030,0.21908724308013916,0.21884378977119923,0.0024345420533791184,0.11700376123189926,95677,6.825399502607088e-05,0.00020476198507821263,32480
2031,0.18912638537585735,0.18895531259477139,0.0017106933519244194,0.11700689047574997,102374,6.82235249939575e-05,0.00020467057498187248,32496
2032,0.12303210608661175,0.1227378286421299,0.002942792169051245,0.11701010912656784,104709,6.819304715546492e-05,0.00020457914146639473,32512
2033,0.1795150712132454,0.17936724051833153,0.001478320460591931,0.11701339483261108,103752,6.816256152364892e-05,0.00020448768457094675,32528
2034,0.11337045673280954,0.11283693835139275,0.005335196037776768,0.11701656877994537,99016,6.813206811156857e-05,0.00020439620433470568,32544
2035,0.18367689847946167,0.18338782712817192,0.002890734249376692,0.11701972782611847,94181,6.810156693228626e-05,0.00020430470079685876,32560
2036,0.22924488969147205,0.2291607391089201,0.0008414683979935944,0.11702273041009903,104720,6.807105799886776e-05,0.00020421317399660325,32576
2037,0.2332349196076393,0.23235974460840225,0.008751723828027025,0.11702548712491989,98449,6.80405413243821e-05,0.00020412162397314624,32592
2038,0.20253331027925014,0.2023277562111616,0.0020555588125716895,0.1170283630490303,100776,6.801001692190166e-05,0.00020403005076570494,32608
2039,0.16550513356924057,0.16519773192703724,0.0030739760113647208,0.11703113466501236,98262,6.797948480450212e-05,0.0002039384544135063,32624
2040,0.12477747909724712,0.1241487804800272,0.006286970135988668,0.11703398078680038,95261,6.794894498526248e-05,0.00020384683495578738,32640
2041,0.19168215617537498,0.19118852727115154,0.004936309327604249,0.11703674495220184,98853,6.7918397477265e-05,0.000203755192431795,32656
2042,0.1485879011452198,0.1483715157955885,0.002163835924875457,0.11703967303037643,102121,6.788784229359533e-05,0.00020366352688078597,32672
2043,0.1767838690429926,0.17611121200025082,0.006726573483319953,0.11704246699810028,95540,6.785727944734228e-05,0.00020357183834202681,32688
2044,0.19015204347670078,0.18974757194519043,0.004044733839691617,0.11704537272453308,103733,6.7826708951598e-05,0.00020348012685479395,32704
2045,0.1458198819309473,0.1452368851751089,0.005829929548781365,0.11704840511083603,99574,6.779613081945795e-05,0.0002033883924583738,32720
2046,0.19823750481009483,0.19762082397937775,0.006166806677356362,0.11705135554075241,100443,6.776554506402081e-05,0.0002032966351920624,32736
2047,0.1828307770192623,0.18259499222040176,0.0023578648979309946,0.11705416440963745,102025,6.773495169838857e-05,0.00020320485509516564,32752
2048,0.17309667728841305,0.1729708407074213,0.0012583421921590343,0.11705700308084488,102964,6.770435073566642e-05,0.00020311305220699924,32768
2049,0.17514212522655725,0.17493806034326553,0.002040673920419067,0.11705971509218216,102220,6.767374218896286e-05,0.00020302122656688858,32784
2050,0.1562172919511795,0.15585453063249588,0.0036275850143283606,0.11706230789422989,99867,6.764312607138963e-05,0.00020292937821416885,32800
2051,0.13410521671175957,0.13378856517374516,0.0031665006827097386,0.11706487834453583,100977,6.761250239606169e-05,0.00020283750718818501,32816
2052,0.17945044487714767,0.1788189597427845,0.006314891892543528,0.11706762760877609,94081,6.758187117609725e-05,0.0002027456135282917,32832
2053,0.11068812943994999,0.11006713844835758,0.006209924955328461,0.11707033216953278,101356,6.755123242461774e-05,0.0002026536972738532,32848
2054,0.18913714215159416,0.1887204945087433,0.00416645962104667,0.11707284301519394,98135,6.752058615474783e-05,0.00020256175846424348,32864
2055,0.22997322864830494,0.22950861975550652,0.004646106348445755,0.11707513779401779,99247,6.748993237961544e-05,0.0002024697971388463,32880
2056,0.14592991583049297,0.14548246189951897,0.00447451852960512,0.11707723140716553,100148,6.745927111235165e-05,0.00020237781333705494,32896
2057,0.21179955266416073,0.21142353862524033,0.00376017318922095,0.11707915365695953,100623,6.742860236609077e-05,0.00020228580709827227,32912
2058,0.14356707222759724,0.1430778969079256,0.00489174309768714,0.11708078533411026,98724,6.739792615397032e-05,0.0002021937784619109,32928
2059,0.21078222431242466,0.21035360544919968,0.004286191571736708,0.117082379758358,95094,6.736724248913101e-05,0.00020210172746739301,32944
2060,0.19028696231544018,0.1899565327912569,0.0033042696304619312,0.1170840784907341,98740,6.733655138471677e-05,0.00020200965415415026,32960
2061,0.2095426321029663,0.20913689769804478,0.004057332931552082,0.11708608269691467,94047,6.730585285387465e-05,0.00020191755856162393,32976
2062,0.17935261316597462,0.17896009050309658,0.003925259748939425,0.11708830296993256,98824,6.727514690975497e-05,0.0002018254407292649,32992
2063,0.10563286580145359,0.1053556352853775,0.0027723275907192146,0.11709103733301163,100102,6.724443356551115e-05,0.00020173330069653343,33008
2064,0.18816724326461554,0.18802104890346527,0.001461972096876707,0.11709387600421906,105478,6.721371283429984e-05,0.00020164113850289951,33024
2065,0.2827138230204582,0.2824949324131012,0.0021888715564273298,0.1170966848731041,104502,6.718298472928082e-05,0.00020154895418784242,33040
2066,0.16421828232705593,0.16368618234992027,0.005321025906596333,0.11709941923618317,98532,6.7152249263617e-05,0.00020145674779085095,33056
2067,0.17205026373267174,0.1713752206414938,0.006750381784513593,0.11710201948881149,101982,6.71215064504745e-05,0.00020136451935142349,33072
2068,0.1865299716591835,0.18610465712845325,0.004253148290445097,0.1171049103140831,105496,6.709075630302258e-05,0.00020127226890906768,33088
2069,0.25400684401392937,0.2532246336340904,0.007822124556696508,0.11710764467716217,101937,6.70599988344336e-05,0.00020117999650330078,33104
2070,0.2984609715640545,0.2982321083545685,0.002288672716531437,0.11711039394140244,101848,6.70292340578831e-05,0.00020108770217364924,33120
2071,0.18205526284873486,0.18141326867043972,0.006419927638489753,0.11711303144693375,96665,6.699846198654971e-05,0.0002009953859596491,33136
2072,0.2896825820207596,0.2895461618900299,0.0013641899749927688,0.11711541563272476,101828,6.696768263361524e-05,0.00020090304790084572,33152
2073,0.14395854994654655,0.14367932081222534,0.0027922822464461206,0.117117740213871,98998,6.693689601226458e-05,0.00020081068803679371,33168
2074,0.1596109177917242,0.1591638345271349,0.0044708392160828225,0.11712002009153366,103391,6.690610213568572e-05,0.00020071830640705713,33184
2075,0.2890491709113121,0.2887283004820347,0.003208722126146313,0.1171221137046814,101351,6.687530101706978e-05,0.00020062590305120932,33200
2076,0.24812455847859383,0.24793069809675217,0.0019385923819470463,0.11712399870157242,101497,6.6844492669611e-05,0.00020053347800883298,33216
2077,0.17183692939579487,0.17160632461309433,0.0023060541279846802,0.11712594330310822,104369,6.68136771065067e-05,0.00020044103131952007,33232
2078,0.27622014470398426,0.275912182405591,0.003079601374338381,0.11712784320116043,99225,6.678285434095727e-05,0.00020034856302287177,33248
2079,0.19221600703895092,0.1919301450252533,0.002858650899725035,0.11712979525327682,99588,6.67520243861662e-05,0.00020025607315849858,33264
2080,0.2221077512949705,0.2217035461217165,0.004042070242576301,0.11713220179080963,94121,6.672118725534007e-05,0.0002001635617660202,33280
2081,0.22966231405735016,0.22951238974928856,0.0014992392398198717,0.11713474988937378,98575,6.669034296168855e-05,0.0002000710288850656,33296
2082,0.206812784075737,0.20625223591923714,0.005605507161817513,0.11713702976703644,98715,6.665949151842435e-05,0.000199978474555273,33312
2083,0.12184654176235199,0.1213146336376667,0.0053190616017673165,0.11713961511850357,95248,6.66286329387632e-05,0.00019988589881628956,33328
2084,0.21934375911951065,0.21885320730507374,0.004905490321107209,0.11714226007461548,97991,6.659776723592396e-05,0.0001997933017077719,33344
2085,0.2158290110528469,0.21538787707686424,0.004411386384163052,0.11714499443769455,103735,6.656689442312855e-05,0.0001997006832693856,33360
2086,0.1695711798965931,0.1690483447164297,0.0052283329860074446,0.1171477884054184,97495,6.653601451360188e-05,0.00019960804354080564,33376
2087,0.30625833570957184,0.30575602129101753,0.005023093050112948,0.11715023219585419,101091,6.65051275205719e-05,0.0001995153825617157,33392
2088,0.23908045142889023,0.23879393935203552,0.0028650677268160507,0.11715241521596909,102653,6.647423345726966e-05,0.00019942270037180896,33408
2089,0.21591803058981895,0.21525951847434044,0.006585156836081296,0.11715444922447205,100195,6.644333233692916e-05,0.00019932999701078748,33424
2090,0.22050602361559868,0.22014708071947098,0.003589386607927736,0.11715623736381531,96758,6.641242417278748e-05,0.0001992372725183624,33440
2091,0.17293825559318066,0.17238366603851318,0.005545899155549705,0.11715812236070633,97042,6.638150897808468e-05,0.00019914452693425402,33456
2092,0.15290331654250622,0.15215286426246166,0.00750454212538898,0.11715995520353317,95939,6.635058676606385e-05,0.0001990517602981915,33472
2093,0.11892487294971943,0.11860381625592709,0.00321056364919059,0.11716178804636002,98137,6.63196575499711e-05,0.00019895897264991325,33488
2094,0.17919380776584148,0.17875266447663307,0.004411436326336116,0.11716382205486298,103411,6.628872134305549e-05,0.00019886616402916646,33504
2095,0.10876281559467316,0.10853612422943115,0.0022669215977657586,0.1171661987900734,103210,6.625777815856916e-05,0.00019877333447570743,33520
2096,0.0994845200330019,0.09890320524573326,0.005813150288304314,0.11716891080141068,101246,6.622682800976711e-05,0.00019868048402930133,33536
2097,0.11700206249952316,0.1164890006184578,0.005130610370542854,0.11717215925455093,98764,6.619587090990748e-05,0.0001985876127297224,33552
2098,0.18763725087046623,0.18732850439846516,0.0030874540680088103,0.11717527359724045,101543,6.616490687225126e-05,0.00019849472061675373,33568
2099,0.18891982920467854,0.18833444826304913,0.0058538116863928735,0.11717819422483444,101322,6.613393591006247e-05,0.00019840180773018738,33584
2100,0.13427887856960297,0.13403278961777687,0.002460877687553875,0.1171809583902359,95063,6.61029580366081e-05,0.0001983088741098243,33600
2101,0.14606651291251183,0.14552604034543037,0.005404740208177827,0.11718375980854034,98962,6.607197326515808e-05,0.00019821591979547423,33616
2102,0.1419469118118286,0.14158159866929054,0.0036531333171296865,0.117186538875103,103115,6.60409816089853e-05,0.00019812294482695586,33632
2103,0.21439375169575214,0.21395906619727612,0.004346865433035418,0.11718911677598953,103604,6.600998308136559e-05,0.00019802994924409675,33648
2104,0.13416830822825432,0.13390891253948212,0.0025939678598660976,0.11719159036874771,99817,6.597897769557775e-05,0.00019793693308673322,33664
2105,0.23108411580324173,0.23055431619286537,0.005298069620039314,0.1171942800283432,97823,6.594796546490351e-05,0.00019784389639471048,33680
2106,0.16136249899864197,0.1610994003713131,0.0026309870372642763,0.11719683557748795,97772,6.591694640262749e-05,0.00019775083920788245,33696
2107,0.17137165740132332,0.17102600261569023,0.0034565887763164937,0.1171993762254715,98497,6.588592052203731e-05,0.00019765776156611189,33712
2108,0.28128014877438545,0.28066860511898994,0.006115492280514445,0.11720184981822968,97832,6.585488783642344e-05,0.0001975646635092703,33728
2109,0.14976784586906433,0.14902360178530216,0.0074424114427529275,0.1172044426202774,96415,6.582384835907931e-05,0.0001974715450772379,33744
2110,0.2562915049493313,0.2561602182686329,0.0013128664286341518,0.11720684170722961,99400,6.579280210330126e-05,0.00019737840630990372,33760
2111,0.20837614499032497,0.20804289355874062,0.0033325500262435526,0.11720948666334152,104771,6.57617490823885e-05,0.00019728524724716546,33776
2112,0.20057246088981628,0.1997119002044201,0.008605598733993247,0.11721190810203552,97415,6.573068930964316e-05,0.00019719206792892944,33792
2113,0.2417474463582039,0.2416466623544693,0.001007798365662893,0.11721442639827728,101022,6.569962279837026e-05,0.00019709886839511072,33808
2114,0.24937858060002327,0.24909109249711037,0.0028749325892931665,0.11721663922071457,107506,6.56685495618777e-05,0.00019700564868563308,33824
2115,0.2073686420917511,0.20713835768401623,0.002302845288795652,0.11721884459257126,103812,6.56374696134763e-05,0.00019691240884042887,33840
2116,0.14126058295369148,0.14072299748659134,0.00537587032886222,0.11722071468830109,97114,6.560638296647969e-05,0.00019681914889943907,33856
2117,0.16822490841150284,0.16757555678486824,0.006493547349236906,0.11722235381603241,98083,6.557528963420442e-05,0.00019672586890261322,33872
2118,0.19304566085338593,0.19284683093428612,0.0019882891413089965,0.11722414940595627,98667,6.554418962996987e-05,0.00019663256888990957,33888
2119,0.16532464139163494,0.1651176381856203,0.002070010348688811,0.11722615361213684,104615,6.551308296709829e-05,0.00019653924890129486,33904
2120,0.17300580255687237,0.1728371437638998,0.0016865853540366516,0.11722806841135025,98710,6.548196965891481e-05,0.0001964459089767444,33920
2121,0.13640878163278103,0.1362086944282055,0.002000889027840458,0.11723005026578903,95186,6.545084971874738e-05,0.0001963525491562421,33936
2122,0.19062265008687973,0.19032085314393044,0.003017961949808523,0.11723250895738602,101013,6.541972315992678e-05,0.00019625916947978029,33952
2123,0.13295226357877254,0.13279113918542862,0.001611236875760369,0.11723511666059494,102791,6.538858999578663e-05,0.00019616576998735986,33968
2124,0.1906552817672491,0.19047091156244278,0.0018437330668348295,0.11723779141902924,100998,6.53574502396634e-05,0.00019607235071899016,33984
2125,0.16108374670147896,0.16022642515599728,0.008573232858907431,0.11724001914262772,100283,6.53263039048964e-05,0.00019597891171468915,34000
2126,0.14660384692251682,0.14642945863306522,0.001743884786264971,0.11724238097667694,104018,6.529515100482768e-05,0.00019588545301448302,34016
2127,0.27367499098181725,0.27314260229468346,0.005323831341229379,0.11724455654621124,102577,6.526399155280219e-05,0.00019579197465840654,34032
2128,0.17228908091783524,0.1718168817460537,0.0047219910338753834,0.1172468289732933,93486,6.523282556216763e-05,0.00019569847668650286,34048
2129,0.2214034330099821,0.22103827074170113,0.0036516018517431803,0.11724909394979477,98199,6.520165304627452e-05,0.0001956049591388235,34064
2130,0.1960779633373022,0.19566218927502632,0.004157715477049351,0.11725171655416489,100494,6.51704740184762e-05,0.00019551142205542858,34080
2131,0.15744888968765736,0.15731357783079147,0.0013531354634324089,0.11725430190563202,94547,6.513928849212873e-05,0.00019541786547638617,34096
2132,0.14503606408834457,0.1444128192961216,0.006232439074665308,0.11725672334432602,98605,6.510809648059104e-05,0.0001953242894417731,34112
2133,0.09272931143641472,0.0923648290336132,0.003644847936811857,0.1172594279050827,103191,6.507689799722478e-05,0.00019523069399167433,34128
2134,0.20618459582328796,0.2059614397585392,0.002231553677120246,0.11726217716932297,103434,6.50456930553944e-05,0.0001951370791661832,34144
2135,0.1451314352452755,0.14443577826023102,0.006956554090720601,0.11726558953523636,99417,6.501448166846711e-05,0.0001950434450054013,34160
2136,0.1286457683891058,0.128404401242733,0.0024136783031281084,0.11726957559585571,104045,6.498326384981283e-05,0.0001949497915494385,34176
2137,0.17647896707057953,0.17601134441792965,0.004676235632359749,0.11727316677570343,95676,6.495203961280434e-05,0.000194856118838413,34192
2138,0.20971261151134968,0.20944245159626007,0.0027016177082259674,0.11727757751941681,101375,6.492080897081709e-05,0.0001947624269124512,34208
2139,0.17690046690404415,0.1767469197511673,0.0015354674105765298,0.11728192120790482,102996,6.488957193722927e-05,0.0001946687158116878,34224
2140,0.25095873326063156,0.25075388699769974,0.0020484930209931917,0.11728613078594208,101843,6.485832852542187e-05,0.0001945749855762656,34240
2141,0.15052538365125656,0.15032055042684078,0.002048335489234887,0.11729039251804352,101470,6.482707874877854e-05,0.0001944812362463356,34256
2142,0.20979764871299267,0.20912847481667995,0.0066917212679982185,0.11729452759027481,100215,6.479582262068574e-05,0.0001943874678620572,34272
2143,0.16624781303107738,0.16605618596076965,0.0019162906100973487,0.11729859560728073,103062,6.476456015453256e-05,0.00019429368046359766,34288
2144,0.18130428344011307,0.18112139962613583,0.0018288747960468754,0.11730250716209412,98745,6.473329136371087e-05,0.00019419987409113258,34304
2145,0.17449693195521832,0.17417538538575172,0.003215488926798571,0.11730633676052094,102963,6.47020162616152e-05,0.00019410604878484556,34320
2146,0.18183363042771816,0.18165313825011253,0.0018049450009129941,0.11730995774269104,104029,6.467073486164284e-05,0.00019401220458492848,34336
2147,0.16434336453676224,0.164108507335186,0.0023485716519644484,0.11731351166963577,99605,6.463944717719374e-05,0.0001939183415315812,34352
2148,0.16339665558189154,0.16299967467784882,0.00396983827386066,0.11731686443090439,97653,6.460815322167053e-05,0.00019382445966501156,34368
2149,0.16431845165789127,0.1640327423810959,0.0028570671202032827,0.11732009053230286,102089,6.457685300847858e-05,0.0001937305590254357,34384
2150,0.10037768445909023,0.10023739747703075,0.0014028546538611408,0.11732354015111923,105991,6.454554655102587e-05,0.0001936366396530776,34400
2151,0.21183096803724766,0.2115179356187582,0.0031303029613809485,0.1173267588019371,99282,6.451423386272312e-05,0.0001935427015881693,34416
2152,0.22245731204748154,0.22209888324141502,0.0035843131045112386,0.11732971668243408,101623,6.44829149569837e-05,0.00019344874487095106,34432
2153,0.18672049045562744,0.18630763702094555,0.004128518863581121,0.1173325851559639,98479,6.445158984722358e-05,0.00019335476954167072,34448
2154,0.18708234280347824,0.1868044827133417,0.0027785856218542904,0.11733542382717133,103755,6.44202585468615e-05,0.00019326077564058448,34464
2155,0.16340423189103603,0.16291581839323044,0.00488412196864374,0.11733812838792801,96002,6.438892106931876e-05,0.00019316676320795627,34480
2156,0.14730489905923605,0.14707889314740896,0.002260041124827694,0.11734125763177872,103201,6.435757742801937e-05,0.0001930727322840581,34496
2157,0.16322126612067223,0.16311573050916195,0.001055328335496597,0.11734437942504883,101250,6.432622763638993e-05,0.00019297868290916973,34512
2158,0.25625186413526535,0.2559931296855211,0.0025873427002807148,0.11734753102064133,102240,6.429487170785968e-05,0.00019288461512357902,34528
2159,0.09646451380103827,0.09621908143162727,0.002454325556755066,0.11735063046216965,100926,6.426350965586051e-05,0.00019279052896758154,34544
2160,0.24776128306984901,0.2475408911705017,0.002203936730438727,0.11735381186008453,103416,6.423214149382697e-05,0.00019269642448148088,34560
2161,0.18308507837355137,0.1829055231064558,0.0017955476942006499,0.1173568069934845,99267,6.420076723519614e-05,0.0001926023017055884,34576
2162,0.20513785257935524,0.20491042733192444,0.00227422131865751,0.11735961586236954,103070,6.416938689340776e-05,0.00019250816068022326,34592
2163,0.08560585416853428,0.08530088886618614,0.0030496644030790776,0.11736245453357697,101559,6.413800048190416e-05,0.0001924140014457125,34608
2164,0.18219825066626072,0.18183188512921333,0.0036636647273553535,0.1173650249838829,99445,6.410660801413033e-05,0.00019231982404239098,34624
2165,0.1487766169011593,0.1485388372093439,0.0023778233444318175,0.11736749857664108,102519,6.407520950353377e-05,0.00019222562851060128,34640
2166,0.16514593176543713,0.16475161164999008,0.0039431760378647596,0.1173698753118515,98074,6.404380496356462e-05,0.0001921314148906938,34656
2167,0.11655912362039089,0.11620527133345604,0.0035385256487643346,0.11737217009067535,98294,6.401239440767554e-05,0.0001920371832230266,34672
2168,0.0859136525541544,0.08534115459769964,0.0057249840756412596,0.11737450957298279,98126,6.39809778493219e-05,0.00019194293354796564,34688
2169,0.20463191717863083,0.20426921732723713,0.0036269692100177053,0.11737705767154694,99476,6.394955530196147e-05,0.00019184866590588439,34704
2170,0.12259088642895222,0.12239587493240833,0.0019500957569107413,0.11737961322069168,102033,6.391812677905472e-05,0.00019175438033716414,34720
2171,0.2524781599640846,0.2519465871155262,0.005315744347171858,0.11738207936286926,97546,6.388669229406462e-05,0.00019166007688219383,34736
2172,0.15519107319414616,0.15508222207427025,0.0010885159790632315,0.11738531291484833,105726,6.385525186045669e-05,0.00019156575558137003,34752
2173,0.20592918992042542,0.2056967206299305,0.0023247140015882906,0.117388516664505,102857,6.382380549169905e-05,0.00019147141647509714,34768
2174,0.19001195579767227,0.18971352092921734,0.0029843347292626277,0.11739150434732437,102538,6.379235320126229e-05,0.00019137705960378684,34784
2175,0.1275077424943447,0.1272137202322483,0.0029402381042018533,0.11739438027143478,97721,6.376089500261958e-05,0.0001912826850078587,34800
2176,0.10771845653653145,0.10751991719007492,0.00198538601398468,0.11739727109670639,99198,6.372943090924662e-05,0.00019118829272773985,34816
2177,0.11963455192744732,0.11936233192682266,0.0027221859636483714,0.11740022897720337,97510,6.369796093462164e-05,0.00019109388280386488,34832
2178,0.21299180947244167,0.21272127702832222,0.002705327613512054,0.11740297824144363,99695,6.366648509222535e-05,0.00019099945527667602,34848
2179,0.15264298394322395,0.15237641148269176,0.0026657181733753532,0.11740557849407196,104321,6.363500339554099e-05,0.00019090501018662295,34864
2180,0.1430437546223402,0.1427193023264408,0.0032445208926219493,0.11740810424089432,100905,6.360351585805437e-05,0.0001908105475741631,34880
2181,0.12865108251571655,0.1284897532314062,0.0016132894597831182,0.11741047352552414,99300,6.357202249325371e-05,0.00019071606747976113,34896
2182,0.26996568962931633,0.2697944678366184,0.001712235474769841,0.11741273105144501,98465,6.35405233146298e-05,0.00019062156994388937,34912
2183,0.2407948486506939,0.24069124087691307,0.0010360700871387962,0.11741501837968826,106662,6.350901833567585e-05,0.00019052705500702754,34928
2184,0.2918891366571188,0.29148757830262184,0.004015569313196465,0.11741720139980316,98709,6.347750756988761e-05,0.00019043252270966278,34944
2185,0.18088490143418312,0.180599145591259,0.002857558662071824,0.11741933226585388,100014,6.344599103076329e-05,0.00019033797309228983,34960
2186,0.1984786093235016,0.19809680059552193,0.0038180630654096603,0.11742158979177475,96382,6.341446873180357e-05,0.0001902434061954107,34976
2187,0.17556598037481308,0.17530332505702972,0.002626557252369821,0.1174241155385971,105633,6.338294068651163e-05,0.00019014882205953485,34992
2188,0.11026891134679317,0.11009072884917259,0.0017818324558902532,0.11742682754993439,102188,6.335140690839303e-05,0.00019005422072517907,35008
2189,0.18007801845669746,0.17947816103696823,0.005998575070407242,0.11742940545082092,95946,6.331986741095588e-05,0.00018995960223286762,35024
2190,0.15007788501679897,0.1495321150869131,0.005457731924252585,0.11743193119764328,97144,6.328832220771069e-05,0.00018986496662313202,35040
2191,0.21519059501588345,0.2150237374007702,0.0016685170521668624,0.11743447929620743,98453,6.32567713121704e-05,0.0001897703139365112,35056
2192,0.15118200331926346,0.1507494319230318,0.004325751171563752,0.11743719130754471,99931,6.322521473785046e-05,0.00018967564421355134,35072
2193,0.14175350964069366,0.1410585232079029,0.006949881557375193,0.11743971705436707,100687,6.319365249826865e-05,0.00018958095749480592,35088
2194,0.20575406402349472,0.2055765502154827,0.001775070617441088,0.11744202673435211,102574,6.316208460694526e-05,0.00018948625382083576,35104
2195,0.15573698095977306,0.15537147969007492,0.003655044100014493,0.11744421720504761,95641,6.313051107740297e-05,0.0001893915332322089,35120
2196,0.1890863999724388,0.188549492508173,0.005369096485082991,0.11744629591703415,96099,6.309893192316688e-05,0.0001892967957695006,35136
2197,0.19427689164876938,0.19384831562638283,0.004285755363525823,0.11744824051856995,97428,6.306734715776447e-05,0.0001892020414732934,35152
2198,0.1287002433091402,0.1284933164715767,0.002069279580609873,0.1174502894282341,97006,6.303575679472569e-05,0.00018910727038417706,35168
2199,0.22642969898879528,0.2262050211429596,0.0022468207753263414,0.11745245009660721,100335,6.300416084758283e-05,0.0001890124825427485,35184
2200,0.22687369212508202,0.22637474536895752,0.004989398759789765,0.1174546554684639,101825,6.29725593298706e-05,0.00018891767798961175,35200
2201,0.16514168120920658,0.16502977348864079,0.0011190136392542627,0.11745710670948029,102491,6.294095225512603e-05,0.0001888228567653781,35216
2202,0.18689795769751072,0.18667718395590782,0.0022077203902881593,0.11745966225862503,99896,6.290933963688867e-05,0.000188728018910666,35232
2203,0.2364160418510437,0.23573358729481697,0.006824579868407454,0.11746200174093246,96279,6.287772148870031e-05,0.00018863316446610093,35248
2204,0.09939287044107914,0.09895314276218414,0.004397266107844189,0.11746444553136826,89308,6.284609782410518e-05,0.00018853829347231552,35264
2205,0.13088485226035118,0.1306159533560276,0.0026890094741247594,0.11746679246425629,102559,6.281446865664984e-05,0.0001884434059699495,35280
2206,0.14632138796150684,0.14609826169908047,0.0022312888904707506,0.11746947467327118,99088,6.278283399988322e-05,0.00018834850199964963,35296
2207,0.19291167706251144,0.19255870953202248,0.003529699884893489,0.1174720823764801,95556,6.275119386735661e-05,0.00018825358160206982,35312
2208,0.1319827949628234,0.13158348109573126,0.003993138408986852,0.11747460812330246,99921,6.271954827262365e-05,0.00018815864481787093,35328
2209,0.16438396275043488,0.16384329460561275,0.005406680516898632,0.1174769476056099,98691,6.268789722924029e-05,0.00018806369168772083,35344
2210,0.24195479601621628,0.24143493175506592,0.005198651683372191,0.11747927963733673,96215,6.265624075076483e-05,0.00018796872225229446,35360
2211,0.12225985527038574,0.12170205265283585,0.0055780138391128276,0.11748173087835312,98670,6.26245788507579e-05,0.00018787373655227368,35376
2212,0.22191742435097694,0.2214624062180519,0.004550199482764583,0.117483951151371,98620,6.259291154278246e-05,0.00018777873462834735,35392
2213,0.19917284697294235,0.19884954765439034,0.0032329845998901874,0.11748611181974411,101871,6.256123884040378e-05,0.00018768371652121133,35408
2214,0.17184114083647728,0.17135380394756794,0.0048733746516518295,0.11748820543289185,100394,6.252956075718945e-05,0.0001875886822715683,35424
2215,0.1789383627474308,0.17851590923964977,0.004224541306030005,0.1174904853105545,100066,6.249787730670932e-05,0.00018749363192012793,35440
2216,0.11294105648994446,0.1125681884586811,0.003728693671291694,0.11749280244112015,99901,6.246618850253558e-05,0.00018739856550760672,35456
2217,0.17309554480016232,0.17272980511188507,0.0036574063014995772,0.11749549955129623,101774,6.243449435824276e-05,0.00018730348307472824,35472
2218,0.24618873372673988,0.24558575823903084,0.006029771611792967,0.1174980103969574,91203,6.240279488740754e-05,0.0001872083846622226,35488
2219,0.26061343401670456,0.2602817229926586,0.0033170674250868615,0.11750054359436035,101059,6.237109010360904e-05,0.0001871132703108271,35504
2220,0.20187619142234325,0.20160388387739658,0.0027230430132476613,0.11750315129756927,101490,6.233938002042854e-05,0.0001870181400612856,35520
2221,0.16049833595752716,0.16021301969885826,0.002853151861927472,0.11750569939613342,99166,6.230766465144967e-05,0.00018692299395434896,35536
2222,0.18023758009076118,0.17982148006558418,0.004160974523983896,0.11750809848308563,101688,6.227594401025824e-05,0.0001868278320307747,35552
2223,0.08867313154041767,0.08843310363590717,0.002400274359388277,0.11751057207584381,99262,6.224421811044238e-05,0.0001867326543313271,35568
2224,0.2463683784008026,0.24607720226049423,0.0029117908416083083,0.11751294881105423,97858,6.221248696559248e-05,0.0001866374608967774,35584
2225,0.16224191151559353,0.1620465088635683,0.001954035527887754,0.11751531809568405,101379,6.218075058930113e-05,0.00018654225176790336,35600
2226,0.1823238767683506,0.1820973064750433,0.002265706440084614,0.11751765012741089,100502,6.21490089951632e-05,0.0001864470269854896,35616
2227,0.11784142069518566,0.11741902027279139,0.004223996846121736,0.11751984804868698,97146,6.211726219677578e-05,0.00018635178659032732,35632
2228,0.16920390725135803,0.16909034736454487,0.0011355839305906557,0.11752208322286606,103285,6.208551020773816e-05,0.00018625653062321446,35648
2229,0.2964359261095524,0.29626115411520004,0.0017477756628068164,0.11752419173717499,104655,6.205375304165194e-05,0.0001861612591249558,35664
2230,0.32887982577085495,0.3284807428717613,0.00399080480565317,0.11752615869045258,98987,6.202199071212084e-05,0.00018606597213636247,35680
2231,0.1597668807953596,0.15937526896595955,0.003916142333764583,0.11752817034721375,98894,6.199022323275083e-05,0.00018597066969825248,35696
2232,0.1369077991694212,0.1365559808909893,0.0035182058927603066,0.11753064393997192,98093,6.195845061715011e-05,0.0001858753518514503,35712
2233,0.24368594121187925,0.2433357872068882,0.003501546729239635,0.11753314733505249,98206,6.192667287892905e-05,0.00018578001863678713,35728
2234,0.1602639276534319,0.16005738638341427,0.0020654178770200815,0.11753557622432709,102733,6.189489003170022e-05,0.00018568467009510064,35744
2235,0.08855542819947004,0.0883922390639782,0.0016318847683578497,0.11753789335489273,101260,6.186310208907839e-05,0.00018558930626723515,35760
2236,0.15467524155974388,0.15447976998984814,0.001954772014869377,0.1175401583313942,102788,6.18313090646805e-05,0.00018549392719404147,35776
2237,0.23954937979578972,0.2388460896909237,0.007032926776446402,0.11754197627305984,98501,6.179951097212566e-05,0.00018539853291637696,35792
2238,0.1948547288775444,0.19449259713292122,0.0036212984305166174,0.11754372715950012,98676,6.17677078250352e-05,0.0001853031234751056,35808
2239,0.1792348064482212,0.17884109169244766,0.003937137604225427,0.11754543334245682,97109,6.173589963703254e-05,0.00018520769891109762,35824
2240,0.1724654734134674,0.17226716876029968,0.001983019436011091,0.11754732578992844,101846,6.17040864217433e-05,0.0001851122592652299,35840
2241,0.17473660223186016,0.1743143144994974,0.00422288166009821,0.11754930764436722,101444,6.167226819279528e-05,0.0001850168045783858,35856
2242,0.14067446626722813,0.14043626375496387,0.0023820194037398323,0.11755147576332092,101311,6.164044496381837e-05,0.00018492133489145506,35872
2243,0.19076737761497498,0.19060130789875984,0.0016606759454589337,0.11755368113517761,100613,6.160861674844463e-05,0.0001848258502453339,35888
2244,0.19495750591158867,0.19452325999736786,0.004342448897659779,0.11755585670471191,98433,6.157678356030828e-05,0.0001847303506809248,35904
2245,0.2684280760586262,0.2681550346314907,0.002730395717662759,0.11755825579166412,104629,6.154494541304561e-05,0.00018463483623913684,35920
2246,0.21741662174463272,0.2172114998102188,0.002051214352832176,0.11756076663732529,101489,6.151310232029512e-05,0.00018453930696088534,35936
2247,0.129753265529871,0.12958760373294353,0.0016566297999816015,0.1175634041428566,101612,6.148125429569735e-05,0.000184443762887092,35952
2248,0.14941983297467232,0.14875697530806065,0.006628574134083465,0.11756585538387299,96327,6.144940135289497e-05,0.0001843482040586849,35968
2249,0.15999042987823486,0.15960557013750076,0.003848599793855101,0.1175682544708252,99540,6.141754350553279e-05,0.00018425263051659836,35984
2250,0.1517483964562416,0.1515628956258297,0.0018550166860222816,0.11757073551416397,100743,6.138568076725769e-05,0.00018415704230177304,36000
2251,0.11045999079942703,0.11031557805836201,0.0014441394887398928,0.1175733208656311,101055,6.135381315171867e-05,0.00018406143945515598,36016
2252,0.14796479791402817,0.14759378880262375,0.0037101076159160584,0.11757587641477585,99521,6.132194067256678e-05,0.00018396582201770032,36032
2253,0.21901489794254303,0.21874690614640713,0.0026798626058734953,0.11757848411798477,94404,6.12900633434552e-05,0.00018387019003036556,36048
2254,0.15455753449350595,0.15420626662671566,0.0035126633738400415,0.11758120357990265,100366,6.125818117803913e-05,0.00018377454353411736,36064
2255,0.21573709696531296,0.2151077836751938,0.006293160426139366,0.1175837591290474,97222,6.122629418997591e-05,0.00018367888256992773,36080
2256,0.2660393211990595,0.26568104699254036,0.0035828035267968517,0.11758634448051453,97875,6.119440239292493e-05,0.00018358320717877478,36096
2257,0.16550476849079132,0.16505858302116394,0.004461845004698262,0.11758913844823837,104548,6.116250580054757e-05,0.00018348751740164272,36112
2258,0.21419565752148628,0.21396814286708832,0.0022752066570319585,0.11759182810783386,103070,6.113060442650736e-05,0.00018339181327952205,36128
2259,0.11366404220461845,0.11276667937636375,0.00897360613453202,0.11759427189826965,97558,6.10986982844698e-05,0.0001832960948534094,36144
2260,0.15805848874151707,0.15712936036288738,0.009291269176173955,0.11759652942419052,95810,6.106678738810251e-05,0.0001832003621643075,36160
2261,0.27880195155739784,0.2782136835157871,0.0058826536405831575,0.11759855598211288,98238,6.103487175107507e-05,0.0001831046152532252,36176
2262,0.11063394695520401,0.11035722307860851,0.002767245525319595,0.11760079860687256,101191,6.1002951387059116e-05,0.00018300885416117733,36192
2263,0.16665414348244667,0.16645406931638718,0.0020007074635941535,0.1176031231880188,96413,6.0971026309728365e-05,0.00018291307892918506,36208
2264,0.11778403632342815,0.11759854666888714,0.001854870090028271,0.11760588735342026,103725,6.0939096532758465e-05,0.00018281728959827537,36224
2265,0.17634538561105728,0.1758354716002941,0.005099155416246504,0.1176086887717247,91962,6.090716206982714e-05,0.0001827214862094814,36240
2266,0.13144080340862274,0.13091869838535786,0.005221047671511769,0.11761170625686646,100757,6.087522293461408e-05,0.0001826256688038422,36256
2267,0.1810566410422325,0.18082123436033726,0.002354041595935996,0.11761455982923508,104294,6.084327914080101e-05,0.000182529837422403,36272
2268,0.2027255017310381,0.20250816829502583,0.00217332030297257,0.11761721223592758,102470,6.0811330702071634e-05,0.00018243399210621488,36288
2269,0.1398935467004776,0.1397041268646717,0.0018942155002150685,0.11761984974145889,102461,6.077937763211166e-05,0.00018233813289633496,36304
2270,0.17887642234563828,0.17848662286996841,0.003897967078955844,0.1176222488284111,97893,6.074741994460873e-05,0.00018224225983382616,36320
2271,0.21034779772162437,0.20960605517029762,0.007417435017487151,0.11762452870607376,95632,6.071545765325254e-05,0.0001821463729597576,36336
2272,0.22942505590617657,0.22908634692430496,0.003387119126273319,0.11762671172618866,98475,6.068349077173471e-05,0.0001820504723152041,36352
2273,0.12218550406396389,0.12193494848906994,0.0025055656078620814,0.11762900650501251,99361,6.0651519313748836e-05,0.0001819545579412465,36368
2274,0.18947536684572697,0.1892029345035553,0.0027243245276622474,0.11763114482164383,102781,6.061954329299047e-05,0.00018185862987897137,36384
2275,0.12123667635023594,0.12091256864368916,0.003241075581172481,0.11763359606266022,99913,6.0587562723157135e-05,0.00018176268816947136,36400
2276,0.15061017125844955,0.15015501901507378,0.004551489488221705,0.11763589084148407,97920,6.0555577617948256e-05,0.00018166673285384475,36416
2277,0.16242054849863052,0.1615768000483513,0.00843750606145477,0.1176380142569542,94581,6.052358799106528e-05,0.0001815707639731958,36432
2278,0.19962755404412746,0.19922678917646408,0.004007643503427971,0.11764021962881088,92691,6.049159385621155e-05,0.00018147478156863462,36448
2279,0.19458923116326332,0.19433249533176422,0.0025673323834780604,0.11764233559370041,102935,6.0459595227092284e-05,0.00018137878568127682,36464
2280,0.21912894025444984,0.21871893852949142,0.004100043275684584,0.1176442876458168,100493,6.042759211741472e-05,0.00018128277635224413,36480
2281,0.1835308726876974,0.1833940204232931,0.0013685056328540668,0.11764625459909439,100533,6.0395584540887963e-05,0.00018118675362266385,36496
2282,0.23213955760002136,0.2319921962916851,0.0014735971126356162,0.11764813959598541,100212,6.0363572511223065e-05,0.00018109071753366916,36512
2283,0.15680709667503834,0.15623527206480503,0.0057182497112080455,0.11765003949403763,93091,6.0331556042132906e-05,0.0001809946681263987,36528
2284,0.16286990977823734,0.16257841885089874,0.002914944925578311,0.11765215545892715,103772,6.0299535147332386e-05,0.00018089860544199713,36544
2285,0.14866470359265804,0.14818357676267624,0.004811267455806956,0.11765442788600922,97955,6.026750984053821e-05,0.00018080252952161458,36560
2286,0.19920839741826057,0.19880743697285652,0.004009660391602665,0.11765658855438232,103646,6.023548013546899e-05,0.00018070644040640694,36576
2287,0.1515827476978302,0.1512881712988019,0.002945738233393058,0.11765877902507782,105628,6.020344604584526e-05,0.00018061033813753576,36592
2288,0.14944021962583065,0.14892031624913216,0.005199001985602081,0.11766079068183899,93879,6.017140758538937e-05,0.00018051422275616808,36608
2289,0.21213411912322044,0.21179797500371933,0.0033614276580919977,0.11766254156827927,102142,6.0139364767825626e-05,0.00018041809430347684,36624
2290,0.17147257924079895,0.17105511389672756,0.004174625326413661,0.11766411364078522,94818,6.010731760688013e-05,0.00018032195282064036,36640
2291,0.141997953876853,0.14156231470406055,0.004356401055702008,0.11766578257083893,103210,6.007526611628086e-05,0.00018022579834884255,36656
2292,0.11313852667808533,0.11259830929338932,0.005402163786129677,0.11766760051250458,100448,6.004321030975767e-05,0.00018012963092927297,36672
2293,0.15403912961483002,0.15349352546036243,0.0054560136632062495,0.11766942590475082,99201,6.0011150201042236e-05,0.00018003345060312666,36688
2294,0.1932189054787159,0.1929098144173622,0.0030908952321624383,0.11767128854990005,100666,5.997908580386811e-05,0.0001799372574116043,36704
2295,0.1373507846146822,0.13710287027060986,0.002479159244103357,0.1176738366484642,103927,5.994701713197063e-05,0.00017984105139591186,36720
2296,0.24485740810632706,0.24436010047793388,0.004973073082510382,0.11767633259296417,101100,5.991494419908703e-05,0.00017974483259726107,36736
2297,0.21717341616749763,0.21695116721093655,0.0022224516796995886,0.11767881363630295,99202,5.988286701895631e-05,0.0001796486010568689,36752
2298,0.1836883695796132,0.18345625512301922,0.0023211820953292772,0.11768113821744919,103840,5.985078560531933e-05,0.00017955235681595794,36768
2299,0.1931575946509838,0.19299513287842274,0.0016246129962382838,0.11768343299627304,102437,5.9818699971918754e-05,0.00017945609991575624,36784
2300,0.12126476317644119,0.12032914347946644,0.009356196504086256,0.11768556386232376,95607,5.978661013249902e-05,0.00017935983039749705,36800
2301,0.17399069108068943,0.17350292205810547,0.004877744286204688,0.11768747866153717,101227,5.9754516100806423e-05,0.00017926354830241924,36816
2302,0.14136552065610886,0.14046974666416645,0.00895772996591404,0.11768925935029984,97895,5.972241789058901e-05,0.000179167253671767,36832
2303,0.1827351190149784,0.18228918500244617,0.004459302581381053,0.11769108474254608,99953,5.969031551559664e-05,0.0001790709465467899,36848
2304,0.24715780094265938,0.2468247041106224,0.003330963576445356,0.1176927462220192,102850,5.965820898958097e-05,0.00017897462696874288,36864
2305,0.1915199439972639,0.1913734618574381,0.0014648316937382333,0.11769448965787888,99569,5.9626098326295376e-05,0.00017887829497888612,36880
2306,0.1803333517163992,0.1798691265285015,0.004642219006200321,0.11769618093967438,97005,5.959398353949508e-05,0.00017878195061848522,36896
2307,0.18534045480191708,0.18504347279667854,0.002969793713418767,0.11769787222146988,100718,5.956186464293703e-05,0.00017868559392881107,36912
2308,0.17019672319293022,0.16986750066280365,0.0032922674326982815,0.11769948154687881,101199,5.952974165037992e-05,0.00017858922495113974,36928
2309,0.16987374424934387,0.16969809867441654,0.0017564091976964846,0.11770116537809372,101100,5.949761457558424e-05,0.0001784928437267527,36944
2310,0.20185589045286179,0.2017476037144661,0.0010828865924850106,0.11770299822092056,96924,5.9465483432312194e-05,0.00017839645029693656,36960
2311,0.16315749287605286,0.16277524083852768,0.003822511833277531,0.11770477145910263,101486,5.9433348234327765e-05,0.00017830004470298328,36976
2312,0.19381636194884777,0.19350336119532585,0.0031299977126764134,0.11770670115947723,98749,5.940120899539664e-05,0.0001782036269861899,36992
2313,0.16512512788176537,0.16475190222263336,0.0037322708521969616,0.11770860105752945,96617,5.9369065729286245e-05,0.0001781071971878587,37008
2314,0.18487904407083988,0.18461463041603565,0.002644143944053212,0.11771050095558167,102152,5.933691844976572e-05,0.00017801075534929715,37024
2315,0.19436147063970566,0.1938533578068018,0.0050811358814826235,0.11771272122859955,99933,5.930476717060596e-05,0.00017791430151181784,37040
2316,0.15787585359066725,0.15745016001164913,0.00425692496355623,0.11771468073129654,96893,5.927261190557954e-05,0.0001778178357167386,37056
2317,0.18302046693861485,0.1824077796190977,0.006126862223027274,0.11771634221076965,100948,5.9240452668460775e-05,0.0001777213580053823,37072
2318,0.143609082326293,0.14326941594481468,0.003396706517378334,0.11771777272224426,95262,5.9208289473025634e-05,0.0001776248684190769,37088
2319,0.10444748401641846,0.10424245707690716,0.002050272945780307,0.11771926283836365,96931,5.917612233305183e-05,0.00017752836699915547,37104
2320,0.1659311093389988,0.16551032662391663,0.004207844292977825,0.11772065609693527,97348,5.914395126231871e-05,0.0001774318537869561,37120
2321,0.24894926324486732,0.24860498681664467,0.0034427853242959827,0.11772207915782928,98787,5.911177627460739e-05,0.00017733532882382213,37136
2322,0.14105424471199512,0.1405993029475212,0.004549432705971412,0.11772364377975464,96982,5.9079597383700546e-05,0.0001772387921511016,37152
2323,0.23097223788499832,0.2303307130932808,0.006415242969524115,0.1177251860499382,93789,5.904741460338266e-05,0.00017714224381014794,37168
2324,0.16889292001724243,0.16857733204960823,0.003155918820993975,0.11772684007883072,102029,5.901522794743977e-05,0.00017704568384231927,37184
2325,0.2505289316177368,0.25016137585043907,0.003675510233733803,0.11772853136062622,94750,5.898303742965964e-05,0.0001769491122889789,37200
2326,0.21048783510923386,0.21000977605581284,0.0047806050861254334,0.11773006618022919,104025,5.895084306383165e-05,0.00017685252919149493,37216
2327,0.13189365435391665,0.1315942583605647,0.0029939746455056593,0.11773175746202469,99771,5.891864486374683e-05,0.00017675593459124045,37232
2328,0.2874765619635582,0.28737547248601913,0.0010109061622642912,0.1177334114909172,102136,5.888644284319791e-05,0.0001766593285295937,37248
2329,0.15111206844449043,0.15087920241057873,0.002328631111595314,0.11773525923490524,98790,5.885423701597917e-05,0.0001765627110479375,37264
2330,0.09733149223029613,0.09697698149830103,0.0035451163130346686,0.11773695051670074,104906,5.882202739588659e-05,0.00017646608218765974,37280
2331,0.20677088107913733,0.2065961780026555,0.0017470260936534032,0.1177385002374649,106054,5.8789813996717736e-05,0.0001763694419901532,37296
2332,0.16719906777143478,0.16705356910824776,0.0014549729967257008,0.11774029582738876,94779,5.87575968322718e-05,0.00017627279049681538,37312
2333,0.25086429715156555,0.25057078525424004,0.002935161377536133,0.11774201691150665,102190,5.87253759163496e-05,0.00017617612774904878,37328
2334,0.15635724179446697,0.15614304319024086,0.0021419751283247024,0.11774370819330215,96882,5.8693151262753566e-05,0.00017607945378826068,37344
2335,0.1717685516923666,0.17127079144120216,0.004977573262294754,0.11774583905935287,96518,5.8660922885287686e-05,0.00017598276865586304,37360
2336,0.1191465575248003,0.11890782974660397,0.0023872725723776966,0.11774838715791702,103382,5.862869079775759e-05,0.00017588607239327274,37376
2337,0.21813984774053097,0.21793466061353683,0.0020518816309049726,0.11775068938732147,102034,5.859645501397048e-05,0.0001757893650419114,37392
2338,0.16555263847112656,0.16519147530198097,0.003611605876358226,0.11775292456150055,92490,5.856421554773515e-05,0.00017569264664320542,37408
2339,0.14236926101148129,0.14194340631365776,0.004258562810719013,0.11775515973567963,97066,5.853197241286195e-05,0.00017559591723858583,37424
2340,0.18664104491472244,0.18632405065000057,0.0031699750979896635,0.11775743216276169,101181,5.8499725623162803e-05,0.0001754991768694884,37440
2341,0.19709251262247562,0.1969362050294876,0.0015631166461389512,0.11775970458984375,98428,5.8467475192451226e-05,0.00017540242557735364,37456
2342,0.1656609196215868,0.1654267217963934,0.0023420132201863453,0.11776188760995865,100024,5.8435221134542297e-05,0.00017530566340362685,37472
2343,0.16106672398746014,0.16074396297335625,0.0032275795965688303,0.1177639365196228,98997,5.84029634632526e-05,0.0001752088903897578,37488
2344,0.1263605523854494,0.12608616705983877,0.0027438660472398624,0.11776597797870636,94593,5.837070219240031e-05,0.0001751121065772009,37504
2345,0.17554102465510368,0.17541708052158356,0.001239440211065812,0.11776822060346603,100068,5.833843733580512e-05,0.00017501531200741534,37520
2346,0.165090287104249,0.16487523168325424,0.0021505472832359374,0.1177707090973854,105882,5.830616890728827e-05,0.00017491850672186478,37536
2347,0.10928758792579174,0.10874980501830578,0.005377821406000294,0.11777298897504807,96546,5.8273896920672555e-05,0.00017482169076201765,37552
2348,0.17182894982397556,0.17134849354624748,0.0048045667936094105,0.11777511239051819,99448,5.8241621389782254e-05,0.00017472486416934675,37568
2349,0.19817329943180084,0.19784177839756012,0.0033152280375361443,0.11777719110250473,98845,5.820934232844315e-05,0.00017462802698532944,37584
2350,0.19522060453891754,0.19494240544736385,0.002782027600915171,0.11777942627668381,102123,5.817705975048261e-05,0.00017453117925144782,37600
2351,0.2782725840806961,0.27805498987436295,0.002175939589506015,0.11778171360492706,98818,5.814477366972945e-05,0.0001744343210091883,37616
2352,0.1578820589929819,0.1575512047857046,0.0033085636232499382,0.11778399348258972,99043,5.8112484100013984e-05,0.00017433745230004192,37632
2353,0.213933065533638,0.2133611999452114,0.005718650034395978,0.11778626590967178,98507,5.8080191055168064e-05,0.00017424057316550417,37648
2354,0.14269929192960262,0.14255348592996597,0.001458049300708808,0.1177884116768837,95945,5.8047894549024985e-05,0.00017414368364707493,37664
2355,0.16648904979228973,0.1661472897976637,0.0034175865293946117,0.11779047548770905,98785,5.8015594595419565e-05,0.00017404678378625868,37680
2356,0.18887607380747795,0.1886757779866457,0.002002946443099063,0.1177925243973732,100835,5.798329120818806e-05,0.00017394987362456417,37696
2357,0.16049080900847912,0.16024145670235157,0.0024935021938290447,0.11779467016458511,100422,5.795098440116822e-05,0.00017385295320350463,37712
2358,0.10744313895702362,0.1070297323167324,0.004134087517741136,0.11779698729515076,97075,5.791867418819924e-05,0.0001737560225645977,37728
2359,0.13870322704315186,0.1384587436914444,0.0024448346230201423,0.117799311876297,94504,5.788636058312182e-05,0.00017365908174936544,37744
2360,0.17252949997782707,0.17212287336587906,0.004066225592396222,0.11780164390802383,99180,5.785404359977806e-05,0.00017356213079933416,37760
2361,0.19322001934051514,0.19304825365543365,0.0017176252658828162,0.11780405044555664,102886,5.782172325201155e-05,0.00017346516975603462,37776
2362,0.2732938975095749,0.27301663160324097,0.002772681138594635,0.1178063303232193,99335,5.778939955366728e-05,0.00017336819866100182,37792
2363,0.22601904533803463,0.2258251328021288,0.0019391155801713467,0.11780847609043121,100888,5.775707251859168e-05,0.00017327121755577503,37808
2364,0.23649359494447708,0.2362449523061514,0.0024863762373570353,0.11781048774719238,100492,5.7724742160632664e-05,0.00017317422648189797,37824
2365,0.13834252953529358,0.13797293044626713,0.0036959996505174786,0.1178123950958252,99461,5.769240849363952e-05,0.00017307722548091852,37840
2366,0.17779519222676754,0.17742487136274576,0.0037032074615126476,0.11781413853168488,92190,5.7660071531462936e-05,0.00017298021459438877,37856
2367,0.16752751357853413,0.16707665473222733,0.0045086011523380876,0.11781585961580276,96448,5.762773128795505e-05,0.00017288319386386515,37872
2368,0.1758205182850361,0.1756468378007412,0.0017368495318805799,0.11781752854585648,95110,5.759538777696942e-05,0.00017278616333090826,37888
2369,0.2911570258438587,0.2909434475004673,0.0021358117228373885,0.1178194060921669,105096,5.756304101236097e-05,0.0001726891230370829,37904
2370,0.2089834026992321,0.2086867280304432,0.0029667312192032114,0.11782149970531464,104585,5.7530691007986006e-05,0.00017259207302395798,37920
2371,0.2128848023712635,0.21265830844640732,0.002264944021590054,0.11782342940568924,101395,5.749833777770225e-05,0.00017249501333310672,37936
2372,0.13406146503984928,0.133591178804636,0.004702832346083596,0.11782528460025787,92101,5.7465981335368814e-05,0.0001723979440061064,37952
2373,0.23525916412472725,0.23503747582435608,0.002216883047367446,0.11782710999250412,100650,5.743362169484616e-05,0.00017230086508453847,37968
2374,0.18706863559782505,0.18667101114988327,0.003976217936724424,0.1178288608789444,98018,5.740125886999612e-05,0.00017220377660998834,37984
2375,0.18808269686996937,0.18764970637857914,0.004329943607444875,0.1178305521607399,96700,5.73688928746819e-05,0.00017210667862404568,38000
2376,0.16158495098352432,0.16132286936044693,0.002620852304971777,0.117832250893116,100337,5.733652372276809e-05,0.00017200957116830423,38016
2377,0.14926446601748466,0.14879908226430416,0.004653821590181906,0.11783383786678314,96135,5.730415142812059e-05,0.00017191245428436173,38032
2378,0.21975009143352509,0.21963973343372345,0.0011035929273930378,0.11783542484045029,103650,5.727177600460665e-05,0.00017181532801381993,38048
2379,0.17185714654624462,0.17167466133832932,0.0018248142150696367,0.11783701926469803,99664,5.723939746609489e-05,0.00017171819239828465,38064
2380,0.12986107915639877,0.12953564152121544,0.003254379189456813,0.11783864349126816,100648,5.7207015826455235e-05,0.00017162104747936568,38080
2381,0.24041127040982246,0.24027922004461288,0.0013205715349613456,0.1178404837846756,102966,5.717463109955896e-05,0.00017152389329867687,38096
2382,0.23800919950008392,0.23787300661206245,0.0013619179517263547,0.11784214526414871,101558,5.7142243299278676e-05,0.00017142672989783601,38112
2383,0.16397545859217644,0.16348879970610142,0.004866590759775136,0.11784379929304123,100529,5.710985243948823e-05,0.00017132955731846467,38128
2384,0.24028484523296356,0.24011260271072388,0.0017224356438418909,0.11784552037715912,100535,5.707745853406289e-05,0.00017123237560218865,38144
2385,0.21549156680703163,0.21540487930178642,0.0008668794034747407,0.11784720420837402,101034,5.7045061596879134e-05,0.00017113518479063738,38160
2386,0.24001671932637691,0.23976128175854683,0.002554328239057213,0.11784888058900833,95612,5.7012661641814825e-05,0.00017103798492544445,38176
2387,0.20389709807932377,0.20368913002312183,0.0020796761091332883,0.11785068362951279,102167,5.6980258682749036e-05,0.00017094077604824708,38192
2388,0.15125545114278793,0.1511359065771103,0.0011954211786360247,0.11785263568162918,99328,5.694785273356219e-05,0.00017084355820068655,38208
2389,0.19449769146740437,0.19433713890612125,0.001605565004865639,0.11785463243722916,102757,5.691544380813596e-05,0.00017074633142440785,38224
2390,0.2462792620062828,0.2459651604294777,0.003141075518215075,0.11785662174224854,98483,5.6883031920353294e-05,0.00017064909576105985,38240
2391,0.20960135757923126,0.20928334444761276,0.0031801020522834733,0.11785855144262314,99266,5.685061708409841e-05,0.0001705518512522952,38256
2392,0.1851708237081766,0.18444144167006016,0.007293827373359818,0.11786043643951416,93329,5.68181993132568e-05,0.00017045459793977037,38272
2393,0.18440403044223785,0.18398257717490196,0.0042145123588852584,0.11786273866891861,96848,5.6785778621715225e-05,0.00017035733586514564,38288
2394,0.21463848277926445,0.21432103589177132,0.0031745092128403485,0.11786489933729172,99369,5.675335502336165e-05,0.00017026006507008494,38304
2395,0.23881327360868454,0.23867300525307655,0.001402652997057885,0.11786714941263199,105690,5.6720928532085346e-05,0.00017016278559625603,38320
2396,0.13758695032447577,0.1371291410177946,0.004578114894684404,0.11786952614784241,97244,5.668849916177676e-05,0.00017006549748533028,38336
2397,0.18284041434526443,0.18263509310781956,0.0020532674752757885,0.11787184327840805,98329,5.665606692632762e-05,0.00016996820077898285,38352
2398,0.26891712844371796,0.2687717266380787,0.0014540589072566945,0.11787400394678116,101728,5.6623631839630864e-05,0.00016987089551889257,38368
2399,0.15760328620672226,0.15701265446841717,0.005906339705688879,0.11787604540586472,96621,5.6591193915580656e-05,0.00016977358174674194,38384
2400,0.2128712348639965,0.21279195323586464,0.0007928528430056758,0.1178780049085617,100689,5.655875316807237e-05,0.0001696762595042171,38400
2401,0.2211438361555338,0.22092453762888908,0.002192960600950755,0.11788012087345123,100331,5.6526309611002594e-05,0.00016957892883300775,38416
2402,0.17496044747531414,0.1747488472610712,0.0021159669049666263,0.11788209527730942,100149,5.6493863258269084e-05,0.00016948158977480722,38432
2403,0.26234748400747776,0.26224324852228165,0.0010423743369756266,0.11788399517536163,97579,5.6461414123770886e-05,0.00016938424237131263,38448
2404,0.2956864982843399,0.2954409271478653,0.0024556891730753705,0.11788585036993027,102004,5.6428962221408145e-05,0.0001692868866642244,38464
2405,0.13192564249038696,0.13151760771870613,0.004080329730641097,0.1178877055644989,100253,5.639650756508222e-05,0.00016918952269524666,38480
2406,0.11318840831518173,0.11274115182459354,0.0044725576881319284,0.11788969486951828,99207,5.636405016869567e-05,0.00016909215050608698,38496
2407,0.1352476691827178,0.13484466448426247,0.004030015668831766,0.11789160221815109,98130,5.6331590046152197e-05,0.00016899477013845656,38512
2408,0.2101821806281805,0.2098316214978695,0.0035055471234954894,0.11789353936910629,101636,5.629912721135671e-05,0.0001688973816340701,38528
2409,0.19385563768446445,0.19361262023448944,0.0024301540543092415,0.1178954690694809,95899,5.6266661678215216e-05,0.00016879998503464561,38544
2410,0.1566447764635086,0.15633345767855644,0.003113171915174462,0.11789752542972565,100800,5.6234193460634953e-05,0.00016870258038190485,38560
2411,0.15887692291289568,0.1584212789312005,0.004556459083687514,0.11789943277835846,98980,5.6201722572524275e-05,0.0001686051677175728,38576
2412,0.11373945884406567,0.11352013796567917,0.002193209969846066,0.11790143698453903,103552,5.616924902779266e-05,0.00016850774708337794,38592
2413,0.16452709585428238,0.16422628052532673,0.0030081424047239125,0.11790339648723602,101393,5.613677284035075e-05,0.00016841031852105222,38608
2414,0.0986868143081665,0.09811998531222343,0.005668292345944792,0.11790519952774048,93681,5.6104294024110306e-05,0.0001683128820723309,38624
2415,0.17439496982842684,0.17401870526373386,0.0037626639768859604,0.11790701746940613,101972,5.607181259298424e-05,0.0001682154377789527,38640
2416,0.1331742536276579,0.1327507123351097,0.004235448051986168,0.11790875345468521,94827,5.603932856088655e-05,0.00016811798568265961,38656
2417,0.18921538442373276,0.18875143490731716,0.0046395202371058986,0.11791038513183594,99215,5.6006841941732355e-05,0.00016802052582519706,38672
2418,0.18618321418762207,0.18582627177238464,0.003569422580767423,0.1179119348526001,95657,5.597435274943792e-05,0.00016792305824831372,38688
2419,0.205429682508111,0.20518984831869602,0.002398360113147646,0.11791349202394485,98541,5.594186099792055e-05,0.0001678255829937616,38704
2420,0.10898389667272568,0.10879154689610004,0.0019234888050050358,0.11791517585515976,98982,5.5909366701098695e-05,0.00016772810010329606,38720
2421,0.24412966519594193,0.24383573979139328,0.0029392608666967135,0.1179167628288269,98758,5.587686987289189e-05,0.00016763060961867566,38736
2422,0.1704726703464985,0.16986419260501862,0.006084779044613242,0.11791830509901047,98750,5.5844370527220725e-05,0.00016753311158166216,38752
2423,0.2168823927640915,0.2165747992694378,0.003075910295592621,0.117919921875,97461,5.58118686780069e-05,0.00016743560603402067,38768
2424,0.23672281578183174,0.2364422231912613,0.0028059332980774343,0.11792145669460297,102654,5.5779364339173146e-05,0.00016733809301751942,38784
2425,0.1600885856896639,0.15986451506614685,0.002240713802166283,0.11792291700839996,98723,5.574685752464334e-05,0.00016724057257392998,38800
2426,0.17713482305407524,0.17670092172920704,0.004339027655078098,0.11792448163032532,94453,5.571434824834233e-05,0.00016714304474502696,38816
2427,0.21717464923858643,0.2170406673103571,0.001339830854703905,0.1179259642958641,101752,5.568183652419606e-05,0.00016704550957258817,38832
2428,0.2006639689207077,0.20028403028845787,0.003799443074967712,0.11792734265327454,102091,5.564932236613154e-05,0.00016694796709839458,38848
2429,0.17980617098510265,0.17961802892386913,0.0018813864935509628,0.11792875081300735,94784,5.561680578807678e-05,0.0001668504173642303,38864
2430,0.22101975977420807,0.22083341889083385,0.001863433135440573,0.11793021112680435,98838,5.558428680396087e-05,0.0001667528604118826,38880
2431,0.13714172691106796,0.13692927360534668,0.0021245134412311018,0.1179317757487297,97934,5.5551765427713884e-05,0.00016665529628314164,38896
2432,0.18976658023893833,0.189419936388731,0.0034664136692299508,0.11793340742588043,96705,5.551924167326698e-05,0.0001665577250198009,38912
2433,0.18997331708669662,0.18970799446105957,0.0026532059300734545,0.11793556809425354,100106,5.548671555455226e-05,0.00016646014666365675,38928
2434,0.1915009394288063,0.19112277776002884,0.0037816427065990865,0.11793765425682068,100442,5.545418708550293e-05,0.00016636256125650877,38944
2435,0.15993071533739567,0.15967026725411415,0.0026045202466775663,0.11794013530015945,102569,5.542165628005311e-05,0.0001662649688401593,38960
2436,0.1959025077521801,0.19548223912715912,0.00420267807203345,0.11794255673885345,97071,5.538912315213797e-05,0.0001661673694564139,38976
2437,0.20667272433638573,0.20637862011790276,0.0029410379647742957,0.11794514954090118,104571,5.535658771569369e-05,0.00016606976314708104,38992
2438,0.22930069081485271,0.22875887900590897,0.005418144341092557,0.117947518825531,90399,5.53240499846574e-05,0.0001659721499539722,39008
2439,0.23641766421496868,0.23617413453757763,0.0024352902619284578,0.11795008182525635,100684,5.529150997296724e-05,0.0001658745299189017,39024
2440,0.18599718622863293,0.18565662764012814,0.0034055608775815926,0.1179528459906578,98800,5.5258967694562304e-05,0.00016577690308368687,39040
2441,0.19260191917419434,0.19243966042995453,0.0016225833423959557,0.11795548349618912,97933,5.522642316338268e-05,0.000165679269490148,39056
2442,0.24684641882777214,0.24632301926612854,0.00523395772324875,0.11795786023139954,100478,5.519387639336941e-05,0.0001655816291801082,39072
2443,0.20716239884495735,0.20697012171149254,0.0019227632583351806,0.11796024441719055,105282,5.51613273984645e-05,0.00016548398219539347,39088
2444,0.2163414414972067,0.21608604863286018,0.0025539210028000525,0.11796260625123978,102765,5.5128776192610895e-05,0.00016538632857783267,39104
2445,0.21352186053991318,0.21317615546286106,0.0034570634088595398,0.11796489357948303,104709,5.50962227897525e-05,0.0001652886683692575,39120
2446,0.2043471448123455,0.20405402779579163,0.00293117589171743,0.11796706914901733,97654,5.506366720383417e-05,0.0001651910016115025,39136
2447,0.19869462214410305,0.19809397496283054,0.006006480376527179,0.1179690733551979,97720,5.503110944880169e-05,0.00016509332834640505,39152
2448,0.180895259603858,0.1803809441626072,0.005143135087564588,0.11797118186950684,96033,5.499854953860173e-05,0.00016499564861580516,39168
2449,0.16532845050096512,0.16513944417238235,0.0018900482828030363,0.11797354370355606,100490,5.4965987487181957e-05,0.00016489796246154585,39184
2450,0.13901550509035587,0.1388081256300211,0.002073755895253271,0.11797630786895752,101372,5.493342330849089e-05,0.00016480026992547267,39200
2451,0.19719449058175087,0.19693360105156898,0.0026089044695254415,0.11797914654016495,99521,5.490085701647805e-05,0.0001647025710494341,39216
2452,0.2449071891605854,0.24451789632439613,0.0038929192232899368,0.11798188090324402,97273,5.4868288625093725e-05,0.00016460486587528114,39232
2453,0.1533698458224535,0.15253036096692085,0.008394838412641548,0.1179843619465828,92690,5.483571814828921e-05,0.00016450715444486758,39248
2454,0.23993568494915962,0.23981298878788948,0.0012269506842130795,0.11798690259456635,103577,5.480314560001667e-05,0.00016440943680004998,39264
2455,0.17111043259501457,0.17083977162837982,0.002706606814172119,0.11798947304487228,103989,5.477057099422913e-05,0.00016431171298268737,39280
2456,0.1391537692397833,0.13889654725790024,0.0025722501159179956,0.11799196898937225,102248,5.4737994344880564e-05,0.00016421398303464167,39296
2457,0.1591024361550808,0.1589733101427555,0.0012912602688857078,0.11799459904432297,99180,5.470541566592573e-05,0.00016411624699777717,39312
2458,0.26712462306022644,0.2669200152158737,0.0020461024687392637,0.11799707263708115,104155,5.4672834971320296e-05,0.00016401850491396086,39328
2459,0.19277853146195412,0.1924813874065876,0.00297145403601462,0.11799933761358261,100866,5.464025227502082e-05,0.00016392075682506243,39344
2460,0.1606542430818081,0.16023097932338715,0.004232613398926333,0.11800147593021393,95820,5.460766759098468e-05,0.00016382300277295402,39360
2461,0.20392011478543282,0.20369119197130203,0.002289214593474753,0.11800353974103928,104461,5.457508093317013e-05,0.00016372524279951038,39376
2462,0.1915648002177477,0.19105817656964064,0.005066217563580722,0.11800544708967209,105533,5.454249231553624e-05,0.0001636274769466087,39392
2463,0.13904234766960144,0.13887034356594086,0.0017200359579874203,0.11800739914178848,98507,5.450990175204296e-05,0.00016352970525612885,39408
2464,0.15750707499682903,0.15732388570904732,0.0018318715774512384,0.11800939589738846,106700,5.447730925665104e-05,0.0001634319277699531,39424
2465,0.16162245348095894,0.16135516576468945,0.002672901864571031,0.1180114671587944,95517,5.4444714843322085e-05,0.00016333414452996623,39440
2466,0.10029212012887001,0.10016192868351936,0.0013019117104704492,0.1180146262049675,100326,5.441211852601849e-05,0.00016323635557805542,39456
2467,0.16514571011066437,0.1647890880703926,0.0035662170412251726,0.11801768094301224,99332,5.437952031870347e-05,0.00016313856095611037,39472
2468,0.13659288734197617,0.13610167801380157,0.004912134092592169,0.11802065372467041,94737,5.434692023534108e-05,0.00016304076070602322,39488
2469,0.08400201424956322,0.08367986418306828,0.003221486636903137,0.11802379041910172,99375,5.4314318289896185e-05,0.0001629429548696885,39504
2470,0.1532903779298067,0.15308449417352676,0.002058811798633542,0.11802682280540466,100970,5.428171449633437e-05,0.00016284514348900307,39520
2471,0.12949949130415916,0.12892353348433971,0.0057595816178945825,0.1180294007062912,99133,5.4249108868622086e-05,0.00016274732660586625,39536
2472,0.2260546311736107,0.2258600890636444,0.0019454145076451823,0.11803179234266281,98688,5.421650142072655e-05,0.00016264950426217963,39552
2473,0.19393016397953033,0.19354432821273804,0.003858373878756538,0.1180339977145195,98760,5.418389216661579e-05,0.00016255167649984736,39568
2474,0.16613337956368923,0.1660180501639843,0.0011532707940205,0.11803630739450455,102736,5.415128112025851e-05,0.00016245384336077551,39584
2475,0.1801485624164343,0.1799390148371458,0.002095450443448499,0.11803869903087616,99446,5.4118668295624283e-05,0.00016235600488687284,39600
2476,0.22713542357087135,0.2268824465572834,0.0025297144456999376,0.11804112792015076,100494,5.408605370668342e-05,0.00016225816112005022,39616
2477,0.19901453703641891,0.1985761635005474,0.004383716179290786,0.11804353445768356,99303,5.4053437367406946e-05,0.0001621603121022208,39632
2478,0.25533758476376534,0.2551061026751995,0.0023148125619627535,0.11804694682359695,105681,5.402081929176668e-05,0.00016206245787530002,39648
2479,0.14043043553829193,0.13980994001030922,0.006204917539434973,0.11805009841918945,94517,5.3988199493735156e-05,0.00016196459848120547,39664
2480,0.2149021066725254,0.21471810713410378,0.0018400117987766862,0.11805307865142822,102616,5.395557798728568e-05,0.00016186673396185701,39680
2481,0.2633565030992031,0.26313813775777817,0.0021836031664861366,0.11805586516857147,101933,5.392295478639225e-05,0.00016176886435917675,39696
2482,0.20523202419281006,0.2049824483692646,0.002495768349035643,0.11805874109268188,99849,5.3890329905029626e-05,0.00016167098971508884,39712
2483,0.22457032278180122,0.22448211908340454,0.0008820408875180874,0.11806152760982513,103313,5.385770335717326e-05,0.00016157311007151975,39728
2484,0.2220852877944708,0.2218567058444023,0.0022858227894175798,0.11806416511535645,103758,5.382507515679931e-05,0.0001614752254703979,39744
2485,0.26200652308762074,0.26186415553092957,0.0014237085761124035,0.11806666105985641,96178,5.3792445317884696e-05,0.00016137733595365407,39760
2486,0.12429850362241268,0.12322810478508472,0.010703984939027578,0.11806868016719818,94694,5.3759813854407e-05,0.00016127944156322098,39776
2487,0.19269797578454018,0.1925775595009327,0.0012041549634886906,0.11807090044021606,105021,5.3727180780344486e-05,0.00016118154234103345,39792
2488,0.26989502273499966,0.2697920836508274,0.0010293566665495746,0.11807296425104141,99150,5.3694546109676135e-05,0.00016108363832902838,39808
2489,0.25334255397319794,0.25317998230457306,0.0016256887683994137,0.11807499825954437,102103,5.366190985638159e-05,0.00016098572956914473,39824
2490,0.21640471182763577,0.21618209406733513,0.0022261457197600976,0.1180771142244339,102622,5.36292720344412e-05,0.00016088781610332358,39840
2491,0.10569829493761063,0.10521765798330307,0.004806337994523346,0.1180792897939682,102116,5.359663265783598e-05,0.0001607898979735079,39856
2492,0.1501922458410263,0.14994589611887932,0.002463494471157901,0.1180814728140831,98350,5.356399174054758e-05,0.00016069197522164272,39872
2493,0.1623083334416151,0.16179096326231956,0.0051736923342105,0.11808354407548904,98934,5.3531349296558345e-05,0.00016059404788967501,39888
2494,0.16606207191944122,0.16584492474794388,0.0021714867070841137,0.1180858463048935,100505,5.349870533985124e-05,0.0001604961160195537,39904
2495,0.1765812449157238,0.1763908714056015,0.0019037047313759103,0.11808796226978302,102952,5.3466059884409944e-05,0.0001603981796532298,39920
2496,0.15234033949673176,0.1518768109381199,0.004635272329323925,0.11809056997299194,97368,5.3433412944218684e-05,0.00016030023883265604,39936
2497,0.26173219457268715,0.2615439221262932,0.001882755765109323,0.11809304356575012,103960,5.340076453326241e-05,0.00016020229359978722,39952
2498,0.15391063317656517,0.15349436923861504,0.004162628341873642,0.11809543520212173,103843,5.336811466552665e-05,0.00016010434399657992,39968
2499,0.183643470518291,0.1835569478571415,0.000865238718688488,0.11809784173965454,105325,5.333546335499756e-05,0.00016000639006499267,39984
2500,0.29124227724969387,0.29109347611665726,0.0014879900031701254,0.11810006946325302,100743,5.3302810615661935e-05,0.0001599084318469858,40000
2501,0.2875595688819885,0.2873120754957199,0.002474897635693196,0.11810223758220673,105579,5.327015646150716e-05,0.00015981046938452146,40016
2502,0.1509388219565153,0.15077555365860462,0.0016326953045791015,0.11810429394245148,97819,5.323750090652124e-05,0.0001597125027195637,40032
2503,0.2734968289732933,0.27342650294303894,0.000703280403286044,0.11810623854398727,101491,5.320484396469281e-05,0.0001596145318940784,40048
2504,0.16176235862076283,0.16160965152084827,0.0015270852745743468,0.11810839176177979,106151,5.317218565001102e-05,0.00015951655695003303,40064
2505,0.18972172401845455,0.18958449736237526,0.001372275612084195,0.1181105226278305,101367,5.313952597646568e-05,0.000159418577929397,40080
2506,0.20458577945828438,0.2044008933007717,0.0018488648638594896,0.11811259388923645,106585,5.3106864958047145e-05,0.00015932059487414141,40096
2507,0.29277969524264336,0.29271241649985313,0.0006728304968532939,0.1181146427989006,100247,5.3074202608746356e-05,0.00015922260782623906,40112
2508,0.24723094701766968,0.24705737084150314,0.0017357939796056598,0.11811669170856476,98434,5.3041538942554846e-05,0.0001591246168276645,40128
2509,0.11850295774638653,0.11802816577255726,0.00474792173190508,0.11811868101358414,98331,5.3008873973464676e-05,0.00015902662192039403,40144
2510,0.18826414365321398,0.188123500905931,0.0014064323186175898,0.11812068521976471,102426,5.2976207715468485e-05,0.00015892862314640543,40160
2511,0.1888125091791153,0.18862877413630486,0.0018373379134573042,0.11812286823987961,97860,5.294354018255945e-05,0.00015883062054767832,40176
2512,0.1552805621176958,0.15493801794946194,0.0034254270722158253,0.1181250512599945,100575,5.291087138873132e-05,0.00015873261416619395,40192
2513,0.14448026940226555,0.14433501102030277,0.0014525731749017723,0.11812784522771835,102518,5.2878201347978374e-05,0.0001586346040439351,40208
2514,0.11342817917466164,0.11310223676264286,0.003259402365074493,0.11813092231750488,102172,5.284553007429539e-05,0.00015853659022288614,40224
2515,0.13705438375473022,0.13661431707441807,0.004400696721859276,0.11813385784626007,99284,5.281285758167773e-05,0.00015843857274503318,40240
2516,0.19811795093119144,0.19781659170985222,0.0030135382403386757,0.11813678592443466,98236,5.278018388412123e-05,0.00015834055165236366,40256
2517,0.1008781585842371,0.10055583156645298,0.003223275241907686,0.1181396096944809,97961,5.27475089956223e-05,0.00015824252698686686,40272
2518,0.1926501952111721,0.19228186830878258,0.003683239978272468,0.11814232915639877,97745,5.271483293017778e-05,0.00015814449879053333,40288
2519,0.1920140888541937,0.19189758598804474,0.0011650030937744305,0.11814488470554352,99142,5.2682155701785085e-05,0.00015804646710535525,40304
2520,0.27168070897459984,0.2714733686298132,0.002073410150842392,0.11814730614423752,98366,5.264947732444209e-05,0.00015794843197332624,40320
2521,0.17830773815512657,0.17796690762043,0.003408303193282336,0.11814972758293152,95702,5.26167978121472e-05,0.0001578503934364416,40336
2522,0.18413335643708706,0.18371403217315674,0.004193256594589911,0.11815212666988373,99460,5.258411717889925e-05,0.00015775235153669772,40352
2523,0.12852526642382145,0.12832348980009556,0.002017769140365999,0.11815441399812698,101279,5.255143543869758e-05,0.00015765430631609274,40368
2524,0.2271040827035904,0.22680509462952614,0.0029898665379732847,0.11815667897462845,95629,5.251875260554204e-05,0.00015755625781662611,40384
2525,0.1780727170407772,0.1775833908468485,0.004893248580629006,0.11815913766622543,97847,5.24860686934329e-05,0.00015745820608029868,40400
2526,0.2631032094359398,0.2626589834690094,0.004442272329470143,0.11816157400608063,100008,5.245338371637091e-05,0.0001573601511491127,40416
2527,0.13192613422870636,0.13166262954473495,0.002635033888509497,0.11816398799419403,94419,5.242069768835728e-05,0.00015726209306507182,40432
2528,0.14111178182065487,0.14076560549438,0.0034617515048012137,0.11816652119159698,100395,5.2388010623393645e-05,0.00015716403187018092,40448
2529,0.17933438252657652,0.1788769457489252,0.004574363765641465,0.11816884577274323,95241,5.235532253548213e-05,0.00015706596760644637,40464
2530,0.18450900353491306,0.18418988958001137,0.0031911502592265606,0.11817097663879395,92488,5.232263343862528e-05,0.00015696790031587582,40480
2531,0.1331930309534073,0.13270611502230167,0.004869133830652572,0.11817300319671631,95044,5.228994334682604e-05,0.0001568698300404781,40496
2532,0.14747522585093975,0.14731214195489883,0.0016308212289004587,0.1181756928563118,105196,5.2257252274087834e-05,0.00015677175682226346,40512
2533,0.15785612165927887,0.15768089890480042,0.0017521959034638712,0.11817862093448639,103226,5.222456023441444e-05,0.0001566736807032433,40528
2534,0.16894147358834743,0.16881709080189466,0.0012437939585652202,0.11818152666091919,102871,5.219186724181013e-05,0.00015657560172543039,40544
2535,0.21716296300292015,0.21705207228660583,0.0011089349500252865,0.11818445473909378,104623,5.215917331027952e-05,0.00015647751993083854,40560
2536,0.16657543182373047,0.16618059016764164,0.003948405836126767,0.11818733811378479,102970,5.2126478453827666e-05,0.00015637943536148298,40576
2537,0.19288994744420052,0.19229508936405182,0.0059486170939635485,0.11818999797105789,88997,5.209378268645998e-05,0.0001562813480593799,40592
2538,0.15326812118291855,0.15294568054378033,0.0032244139874819666,0.11819244921207428,99438,5.206108602218234e-05,0.00015618325806654698,40608
2539,0.22607141360640526,0.22579868137836456,0.0027272991123936663,0.1181948184967041,102000,5.2028388475000897e-05,0.00015608516542500267,40624
2540,0.10546901449561119,0.10512938722968102,0.0033962599118240178,0.11819735169410706,96452,5.1995690058922275e-05,0.0001559870701767668,40640
2541,0.18265473656356335,0.1823681853711605,0.0028655060013988987,0.11819973587989807,95054,5.196299078795344e-05,0.0001558889723638603,40656
2542,0.14215338602662086,0.14188973419368267,0.002636490680743009,0.11820204555988312,95106,5.193029067610171e-05,0.0001557908720283051,40672
2543,0.14070303365588188,0.14040766470134258,0.0029536791480495594,0.11820431053638458,98793,5.1897589737374774e-05,0.0001556927692121243,40688
2544,0.17918328009545803,0.1790221594274044,0.0016112125449581072,0.11820665746927261,102489,5.186488798578069e-05,0.00015559466395734204,40704
2545,0.18375315517187119,0.1835079826414585,0.00245168312540045,0.11820899695158005,100188,5.183218543532782e-05,0.00015549655630598343,40720
2546,0.29249807074666023,0.2923354245722294,0.0016264689547824673,0.11821132153272629,103748,5.179948210002492e-05,0.00015539844630007473,40736
2547,0.17244681157171726,0.1721394583582878,0.003073508501984179,0.1182137057185173,99395,5.176677799388107e-05,0.00015530033398164318,40752
2548,0.1739298701286316,0.17345120012760162,0.004786678347954876,0.11821617186069489,97607,5.1734073130905645e-05,0.00015520221939271692,40768
2549,0.23384549468755722,0.23351258039474487,0.0033291315630776808,0.11821847409009933,99230,5.170136752510837e-05,0.0001551041025753251,40784
2550,0.17773853428661823,0.1775980219244957,0.0014051199232198996,0.11822068691253662,98018,5.166866119049931e-05,0.00015500598357149793,40800
2551,0.16025832295417786,0.15989642962813377,0.003618940550950356,0.11822295188903809,94917,5.1635954141088813e-05,0.00015490786242326643,40816
2552,0.16362694464623928,0.16327843442559242,0.0034851138188969344,0.11822514981031418,101780,5.1603246390887524e-05,0.00015480973917266256,40832
2553,0.18337687104940414,0.18297487124800682,0.004020024440251291,0.11822715401649475,104433,5.157053795390642e-05,0.00015471161386171922,40848
2554,0.10258218832314014,0.10234393365681171,0.002382573642535135,0.11822911351919174,99750,5.1537828844156745e-05,0.00015461348653247021,40864
2555,0.15235253609716892,0.15189668908715248,0.00455848514684476,0.11823109537363052,98129,5.150511907565005e-05,0.00015451535722695015,40880
2556,0.12657725997269154,0.12589340284466743,0.006838577406597324,0.11823325604200363,97482,5.1472408662398176e-05,0.00015441722598719452,40896
2557,0.22210565954446793,0.2217558454722166,0.0034981795179191977,0.11823534965515137,96778,5.143969761841317e-05,0.0001543190928552395,40912
2558,0.1901763156056404,0.19004539400339127,0.0013092198787489906,0.11823741346597672,98695,5.1406985957707475e-05,0.0001542209578731224,40928
2559,0.17581760324537754,0.1754294615238905,0.003881412911141524,0.11823977530002594,101278,5.1374273694293676e-05,0.000154122821082881,40944
2560,0.13838104903697968,0.13819316029548645,0.0018788583984132856,0.1182422861456871,104473,5.13415608421847e-05,0.00015402468252655407,40960
2561,0.20483782142400742,0.20447225868701935,0.0036556267587002367,0.11824487149715424,100476,5.1308847415393666e-05,0.00015392654224618098,40976
2562,0.30913984775543213,0.30865926668047905,0.004805765289347619,0.11824733763933182,99727,5.127613342793398e-05,0.00015382840028380193,40992
2563,0.21047360077500343,0.2102017179131508,0.0027188296226086095,0.11824971437454224,96530,5.124341889381929e-05,0.00015373025668145783,41008
2564,0.2088987398892641,0.20856129750609398,0.0033744117099558935,0.11825203150510788,98992,5.121070382706342e-05,0.00015363211148119025,41024
2565,0.18923928029835224,0.18909013643860817,0.0014914341700205114,0.11825432628393173,104756,5.117798824168052e-05,0.00015353396472504155,41040
2566,0.1872868724167347,0.18657132424414158,0.0071554461610503495,0.11825643479824066,95767,5.1145272151684854e-05,0.00015343581645505455,41056
2567,0.18893127515912056,0.18865743279457092,0.0027384547574911267,0.11825824528932571,99374,5.1112555571091005e-05,0.000153337666713273,41072
2568,0.15381799265742302,0.15350970719009638,0.0030828725721221417,0.1182599663734436,96934,5.107983851391369e-05,0.00015323951554174105,41088
2569,0.20809756219387054,0.20785268768668175,0.0024487603971010685,0.11826152354478836,101540,5.104712099416785e-05,0.00015314136298250354,41104
2570,0.2259300360456109,0.22550056222826242,0.0042948202608386055,0.11826284974813461,97227,5.101440302586865e-05,0.00015304320907760593,41120
2571,0.14188198186457157,0.14166015572845936,0.0022182507818797603,0.11826440691947937,100056,5.0981684623031415e-05,0.00015294505386909422,41136
2572,0.20572340860962868,0.20533771812915802,0.0038568689196836203,0.1182660385966301,101513,5.0948965799671677e-05,0.000152846897399015,41152
2573,0.18014508485794067,0.1796464454382658,0.004986440908396617,0.11826791614294052,97279,5.091624656980515e-05,0.00015274873970941543,41168
2574,0.24369257874786854,0.24353166669607162,0.0016091923817498355,0.11826987564563751,98476,5.088352694744769e-05,0.00015265058084234305,41184
2575,0.1707346774637699,0.17020346224308014,0.005312200140906498,0.11827179789543152,99412,5.0850806946615346e-05,0.00015255242083984602,41200
2576,0.15413701720535755,0.15383752807974815,0.002994901484271395,0.11827393621206284,103289,5.0818086581324345e-05,0.000152454259743973,41216
2577,0.10545425675809383,0.10507373884320259,0.003805186110184877,0.11827602982521057,95730,5.078536586559104e-05,0.0001523560975967731,41232
2578,0.16973460093140602,0.16950852051377296,0.00226078330524615,0.1182781383395195,98786,5.075264481343196e-05,0.00015225793444029586,41248
2579,0.15457378700375557,0.15390317142009735,0.006706202504574321,0.11828012019395828,98011,5.0719923438863726e-05,0.00015215977031659116,41264
2580,0.21216950379312038,0.2121063433587551,0.0006315439750324003,0.11828217655420303,101838,5.068720175590318e-05,0.0001520616052677095,41280
2581,0.1783006675541401,0.17814861238002777,0.0015205929121293593,0.11828426271677017,102390,5.0654479778567223e-05,0.00015196343933570163,41296
2582,0.21067138761281967,0.2105548158288002,0.0011656438837235328,0.11828624457120895,96553,5.0621757520872936e-05,0.0001518652725626188,41312
2583,0.1643272340297699,0.1641615889966488,0.0016564463876420632,0.11828818172216415,103036,5.058903499683746e-05,0.00015176710499051235,41328
2584,0.1301833987236023,0.13002282567322254,0.001605702069355175,0.1182900220155716,98216,5.055631222047812e-05,0.00015166893666143433,41344
2585,0.20939679630100727,0.20911162719130516,0.0028517094248172725,0.11829181015491486,98125,5.052358920581229e-05,0.00015157076761743686,41360
2586,0.2266700156033039,0.22617495991289616,0.00495053781196475,0.11829357594251633,95109,5.049086596685749e-05,0.00015147259790057247,41376
2587,0.18001397978514433,0.1799035044386983,0.0011047282059735153,0.11829565465450287,103703,5.04581425176313e-05,0.00015137442755289388,41392
2588,0.14464929327368736,0.14414587803184986,0.005034140340285376,0.11829768121242523,95106,5.04254188721514e-05,0.00015127625661645418,41408
2589,0.2623179703950882,0.26204209960997105,0.0027587540625972906,0.118299700319767,105640,5.039269504443557e-05,0.00015117808513330668,41424
2590,0.11056174337863922,0.11011619679629803,0.004455442714970559,0.11830177903175354,98691,5.035997104850166e-05,0.00015107991314550497,41440
2591,0.16952773556113243,0.16894369013607502,0.005840443700435571,0.1183038204908371,101364,5.0327246898367597e-05,0.00015098174069510278,41456
2592,0.18287129327654839,0.1826062686741352,0.0026502587461436633,0.11830582469701767,98977,5.029452260805137e-05,0.00015088356782415408,41472
2593,0.12455088645219803,0.12410122901201248,0.004496572655625641,0.11830773204565048,95516,5.026179819157098e-05,0.0001507853945747129,41488
2594,0.21506361663341522,0.21489986777305603,0.0016375070990761742,0.11830946803092957,100630,5.022907366294458e-05,0.00015068722098883372,41504
2595,0.2140713781118393,0.21312762796878815,0.009437541739316657,0.11831096559762955,96699,5.01963490361903e-05,0.0001505890471085709,41520
2596,0.10816946998238564,0.10787454061210155,0.0029492854373529553,0.11831247061491013,102689,5.016362432532634e-05,0.000150490872975979,41536
2597,0.22152261808514595,0.2212706096470356,0.002520058013033122,0.11831413209438324,98034,5.013089954437091e-05,0.0001503926986331127,41552
2598,0.22934551164507866,0.22898529097437859,0.0036021777777932584,0.11831563711166382,100746,5.009817470734226e-05,0.00015029452412202677,41568
2599,0.13219557516276836,0.1319679394364357,0.002276365314173745,0.11831722408533096,101568,5.006544982825872e-05,0.00015019634948477612,41584
2600,0.1650048177689314,0.16482196375727654,0.0018285572878085077,0.11831898987293243,100652,5.003272492113851e-05,0.0001500981747634155,41600
2601,0.18343554064631462,0.18325020372867584,0.001853372494224459,0.1183210164308548,100783,5e-05,0.00015,41616
2602,0.16143117658793926,0.16113032400608063,0.0030084889876889065,0.11832302063703537,102249,4.996727507886149e-05,0.00014990182523658444,41632
2603,0.2735293824225664,0.2732139118015766,0.003154654028776349,0.11832502484321594,94322,4.9934550171741315e-05,0.0001498036505152239,41648
2604,0.21093623712658882,0.21058185771107674,0.0035437927581369877,0.11832710355520248,100274,4.990182529265775e-05,0.00014970547587797323,41664
2605,0.20666590705513954,0.20639708265662193,0.0026882501697400585,0.11832929402589798,99077,4.9869100455629105e-05,0.0001496073013668873,41680
2606,0.1531770285218954,0.15281741879880428,0.003596122012822889,0.11833164840936661,101304,4.983637567467366e-05,0.00014950912702402098,41696
2607,0.11663369461894035,0.11641683056950569,0.0021686539257643744,0.11833406239748001,101291,4.980365096380971e-05,0.0001494109528914291,41712
2608,0.2089797742664814,0.2088358961045742,0.001438760504242964,0.11833633482456207,102164,4.977092633705543e-05,0.00014931277901116628,41728
2609,0.18054099846631289,0.18040599301457405,0.001350021086182096,0.11833854764699936,103366,4.973820180842902e-05,0.00014921460542528705,41744
2610,0.1447383053600788,0.14448275789618492,0.0025554500389262103,0.11834068596363068,102536,4.9705477391948664e-05,0.00014911643217584597,41760
2611,0.18825332447886467,0.18804319761693478,0.0021012467914260924,0.11834275722503662,100830,4.9672753101632415e-05,0.00014901825930489722,41776
2612,0.18748493120074272,0.18724122643470764,0.0024370153739710076,0.11834478378295898,104599,4.964002895149834e-05,0.000148920086854495,41792
2613,0.22237669676542282,0.22197972983121872,0.0039697008760413155,0.1183466836810112,104409,4.960730495556446e-05,0.00014882191486669335,41808
2614,0.16504186391830444,0.16451825201511383,0.005236163997324184,0.11834841966629028,93014,4.957458112784862e-05,0.00014872374338354585,41824
2615,0.13926601223647594,0.1390191912651062,0.0024682266521267593,0.11835023760795593,104202,4.954185748236871e-05,0.00014862557244710612,41840
2616,0.08598316181451082,0.08562141377478838,0.0036174767374177463,0.1183522418141365,95043,4.9509134033142525e-05,0.00014852740209942756,41856
2617,0.12297533266246319,0.12258896790444851,0.0038636570825474337,0.1183541938662529,104327,4.947641079418773e-05,0.00014842923238256317,41872
2618,0.20749736204743385,0.20724523440003395,0.0025212488617398776,0.11835625022649765,100215,4.9443687779521894e-05,0.00014833106333856565,41888
2619,0.15992834139615297,0.1597301997244358,0.0019814098195638508,0.11835825443267822,95485,4.941096500316253e-05,0.0001482328950094876,41904
2620,0.24534129351377487,0.24505164101719856,0.0028965678939130157,0.11836013942956924,104490,4.937824247912708e-05,0.00014813472743738123,41920
2621,0.16079548746347427,0.16035167314112186,0.004438155185198411,0.11836204677820206,105519,4.934552022143279e-05,0.00014803656066429834,41936
2622,0.15936581045389175,0.15905827656388283,0.0030753316241316497,0.11836391687393188,97907,4.931279824409683e-05,0.00014793839473229047,41952
2623,0.20676008239388466,0.20650844648480415,0.0025163719401462004,0.11836573481559753,100094,4.928007656113627e-05,0.0001478402296834088,41968
2624,0.1286919005215168,0.12834526598453522,0.003466354013653472,0.11836755275726318,99282,4.924735518656807e-05,0.00014774206555970417,41984
2625,0.20689434371888638,0.20666811242699623,0.002262298956338782,0.11836931854486465,99555,4.921463413440898e-05,0.00014764390240322691,42000
2626,0.1869924869388342,0.1865492407232523,0.00443243863992393,0.11837126314640045,103653,4.918191341867566e-05,0.00014754574025602698,42016
2627,0.21396957896649837,0.21380827203392982,0.0016130223375512287,0.1183730810880661,100535,4.914919305338467e-05,0.000147447579160154,42032
2628,0.2726427651941776,0.2724929414689541,0.001498293480835855,0.11837484687566757,98536,4.9116473052552325e-05,0.00014734941915765695,42048
2629,0.17743150517344475,0.17706456407904625,0.0036693950823973864,0.1183767169713974,98099,4.9083753430194865e-05,0.0001472512602905846,42064
2630,0.1477696131914854,0.14748798869550228,0.0028162623930256814,0.11837845295667648,100341,4.9051034200328335e-05,0.000147153102600985,42080
2631,0.2161250151693821,0.21567004546523094,0.004549759039946366,0.11838008463382721,103128,4.901831537696859e-05,0.00014705494613090575,42096
2632,0.20898309163749218,0.20890949852764606,0.0007359386472671758,0.11838161200284958,100831,4.8985596974131355e-05,0.00014695679092239405,42112
2633,0.1538874115794897,0.15369461476802826,0.0019279477710369974,0.11838368326425552,101222,4.895287900583216e-05,0.00014685863701749646,42128
2634,0.21670612134039402,0.21638154238462448,0.0032457655761390924,0.1183856725692749,104472,4.892016148608632e-05,0.00014676048445825895,42144
2635,0.1509292609989643,0.15077867731451988,0.0015058489007060416,0.11838755756616592,101593,4.8887444428909006e-05,0.000146662333286727,42160
2636,0.13524886406958103,0.13487289287149906,0.0037597120681311935,0.11838949471712112,97819,4.885472784831514e-05,0.0001465641835449454,42176
2637,0.08372670318931341,0.08340300153940916,0.003237030148738995,0.11839152872562408,101389,4.8822011758319505e-05,0.00014646603527495848,42192
2638,0.18012626469135284,0.17983903363347054,0.002872301251045428,0.11839361488819122,99717,4.878929617293658e-05,0.00014636788851880972,42208
2639,0.08255698718130589,0.08208611607551575,0.004708701162599027,0.1183958351612091,98247,4.875658110618073e-05,0.00014626974331854217,42224
2640,0.179978646337986,0.17981702834367752,0.0016162040847120807,0.11839799582958221,103743,4.8723866572066025e-05,0.00014617159971619804,42240
2641,0.26774390414357185,0.2676349766552448,0.0010892401929822881,0.11840012669563293,100518,4.869115258460635e-05,0.00014607345775381904,42256
2642,0.14889781177043915,0.14839186519384384,0.005059481703938218,0.11840251833200455,98882,4.865843915781531e-05,0.00014597531747344593,42272
2643,0.22473959997296333,0.22430549561977386,0.004341094099800102,0.11840484291315079,101093,4.862572630570633e-05,0.00014587717891711898,42288
2644,0.2610570378601551,0.2607814632356167,0.0027557393677852815,0.11840708553791046,100543,4.859301404229255e-05,0.00014577904212687763,42304
2645,0.19141032733023167,0.19088693149387836,0.005234008880506735,0.11840925365686417,98363,4.8560302381586834e-05,0.00014568090714476046,42320
2646,0.13376110419631004,0.13337022252380848,0.003908840677468106,0.11841139197349548,99167,4.852759133760184e-05,0.0001455827740128055,42336
2647,0.14406663551926613,0.14363360032439232,0.0043303564061716315,0.11841364204883575,101756,4.849488092434995e-05,0.00014548464277304982,42352
2648,0.2407284379005432,0.24059292301535606,0.0013550950434364495,0.11841567605733871,98791,4.8462171155843273e-05,0.00014538651346752979,42368
2649,0.1655232198536396,0.1652502454817295,0.0027297462220303714,0.11841769516468048,99620,4.8429462046093585e-05,0.00014528838613828076,42384
2650,0.2563948482275009,0.25631047040224075,0.0008437875658273697,0.11841956526041031,104424,4.8396753609112474e-05,0.0001451902608273374,42400
2651,0.20470506325364113,0.20455685257911682,0.0014821398453932488,0.11842134594917297,104205,4.83640458589112e-05,0.00014509213757673357,42416
2652,0.15115293115377426,0.15075024776160717,0.004026853057439439,0.11842306703329086,101541,4.83313388095007e-05,0.00014499401642850207,42432
2653,0.14493223279714584,0.14430539682507515,0.006268372118938714,0.1184246614575386,97600,4.8298632474891624e-05,0.00014489589742467486,42448
2654,0.18079734407365322,0.1805348889902234,0.002624524866405409,0.11842626333236694,103305,4.826592686909438e-05,0.0001447977806072831,42464
2655,0.12843218073248863,0.12814691849052906,0.0028526386886369437,0.1184278279542923,103660,4.8233222006118943e-05,0.00014469966601835682,42480
2656,0.14528178051114082,0.14490430429577827,0.0037747225105704274,0.1184295043349266,97185,4.820051789997509e-05,0.00014460155369992525,42496
2657,0.1512732394039631,0.15109297446906567,0.0018026575926342048,0.11843124032020569,96210,4.816781456467218e-05,0.00014450344369401651,42512
2658,0.16177469678223133,0.16147712245583534,0.0029757338561466895,0.11843295395374298,100746,4.813511201421934e-05,0.00014440533604265799,42528
2659,0.24505126476287842,0.24483099579811096,0.002202660369221121,0.11843457072973251,97896,4.810241026262524e-05,0.0001443072307878757,42544
2660,0.17253374680876732,0.1722077801823616,0.0032596758974250406,0.118436299264431,101189,4.806970932389831e-05,0.0001442091279716949,42560
2661,0.19908866938203573,0.19892169162631035,0.0016697991377441213,0.11843803524971008,102722,4.8037009212046586e-05,0.00014411102763613973,42576
2662,0.1487207245081663,0.1483739484101534,0.0034677544026635587,0.11843977868556976,100397,4.800430994107774e-05,0.0001440129298232332,42592
2663,0.19845894537866116,0.19792799651622772,0.005309517902787775,0.11844156682491302,96792,4.797161152499911e-05,0.0001439148345749973,42608
2664,0.12296331115067005,0.12252522073686123,0.004380871279863641,0.11844344437122345,94553,4.793891397781768e-05,0.00014381674193345302,42624
2665,0.13207673653960228,0.13176430948078632,0.003124300987110473,0.11844535171985626,100045,4.790621731354003e-05,0.00014371865194062007,42640
2666,0.1663910448551178,0.1662975214421749,0.0009352270280942321,0.11844729632139206,102090,4.787352154617235e-05,0.00014362056463851702,42656
2667,0.13890451565384865,0.13822133839130402,0.006831767474068329,0.1184491440653801,98216,4.784082668972048e-05,0.0001435224800691614,42672
2668,0.1775879729539156,0.17744047194719315,0.0014749744223081507,0.118450827896595,101321,4.7808132758189885e-05,0.00014342439827456964,42688
2669,0.13365454971790314,0.13286722637712955,0.00787324080010876,0.1184522733092308,90447,4.777543976558557e-05,0.0001433263192967567,42704
2670,0.24443994462490082,0.24429724738001823,0.001426979182724608,0.11845366656780243,101525,4.774274772591218e-05,0.0001432282431777365,42720
2671,0.18692313320934772,0.18670930713415146,0.002138235926395282,0.11845500022172928,102951,4.7710056653173976e-05,0.0001431301699595219,42736
2672,0.14452747628092766,0.14394579082727432,0.005816832388518378,0.1184564083814621,92927,4.767736656137473e-05,0.00014303209968412418,42752
2673,0.09889063611626625,0.09822770394384861,0.006629331328440458,0.11845797300338745,95191,4.7644677464517874e-05,0.0001429340323935536,42768
2674,0.22551806084811687,0.2248766664415598,0.00641393440309912,0.11845961958169937,96386,4.761198937660636e-05,0.00014283596812981905,42784
2675,0.2719438597559929,0.27156342193484306,0.003804380585279432,0.11846138536930084,100537,4.7579302311642746e-05,0.00014273790693492824,42800
2676,0.19023896008729935,0.18994333036243916,0.002956283620733302,0.11846315115690231,96522,4.7546616283629105e-05,0.0001426398488508873,42816
2677,0.225852869451046,0.22556020691990852,0.002926583285443485,0.11846496164798737,99725,4.751393130656711e-05,0.00014254179391970132,42832
2678,0.18765535578131676,0.1875280998647213,0.0012725896672236559,0.1184668093919754,99890,4.748124739445798e-05,0.00014244374218337394,42848
2679,0.14740776177495718,0.14691452868282795,0.004932317940983921,0.11846870929002762,97303,4.744856456130243e-05,0.00014234569368390727,42864
2680,0.18380268476903439,0.183224618434906,0.00578065836452879,0.1184706911444664,94465,4.741588282110076e-05,0.00014224764846330226,42880
2681,0.23076840955764055,0.23046230990439653,0.003061046765651554,0.11847256124019623,99956,4.738320218785281e-05,0.0001421496065635584,42896
2682,0.2067074254155159,0.20656057074666023,0.0014685176720377058,0.11847428977489471,100021,4.735052267555792e-05,0.00014205156802667374,42912
2683,0.1913052685558796,0.19067710265517235,0.006281665526330471,0.11847588419914246,93995,4.731784429821493e-05,0.00014195353289464475,42928
2684,0.26166926324367523,0.261482585221529,0.001866796228569001,0.11847736686468124,100262,4.728516706982222e-05,0.00014185550120946665,42944
2685,0.1951356753706932,0.19491386786103249,0.0022181063177413307,0.11847882717847824,99487,4.725249100437773e-05,0.00014175747301313314,42960
2686,0.13479758240282536,0.1346772015094757,0.001203775405883789,0.11848033964633942,100516,4.721981611587878e-05,0.0001416594483476363,42976
2687,0.16878801211714745,0.1686674766242504,0.0012053530372213572,0.11848188191652298,99602,4.718714241832228e-05,0.00014156142725496682,42992
2688,0.17409317381680012,0.17385439574718475,0.0023877713803130973,0.11848367005586624,99891,4.715446992570463e-05,0.00014146340977711386,43008
2689,0.15355567075312138,0.1533508449792862,0.002048239906798699,0.11848583817481995,97627,4.7121798652021644e-05,0.0001413653959560649,43024
2690,0.21099130623042583,0.2107355184853077,0.0025578713466529734,0.1184878796339035,102224,4.7089128611268685e-05,0.00014126738583380603,43040
2691,0.1437274543568492,0.14345352537930012,0.0027392816336941905,0.11849018931388855,96159,4.7056459817440544e-05,0.00014116937945232163,43056
2692,0.12128922808915377,0.12116874195635319,0.0012048277130816132,0.11849288642406464,104151,4.702379228453153e-05,0.00014107137685359457,43072
2693,0.14817121345549822,0.14804958924651146,0.0012162358907517046,0.11849550902843475,105174,4.699112602653533e-05,0.00014097337807960597,43088
2694,0.15979179739952087,0.15960387140512466,0.001879306510090828,0.11849801242351532,103622,4.6958461057445166e-05,0.00014087538317233546,43104
2695,0.21354413032531738,0.21330522559583187,0.002389037617831491,0.11850041151046753,104415,4.692579739125365e-05,0.00014077739217376094,43120
2696,0.19751787185668945,0.19725963473320007,0.0025823963042057585,0.11850279569625854,99391,4.6893135041952873e-05,0.00014067940512585861,43136
2697,0.1541288997977972,0.1535930261015892,0.005358758993679658,0.11850496381521225,94160,4.6860474023534335e-05,0.000140581422070603,43152
2698,0.23601410537958145,0.23575051128864288,0.0026358984468970448,0.11850691586732864,104053,4.682781434998899e-05,0.00014048344304996694,43168
2699,0.1346392072737217,0.1342466827481985,0.003925218799849972,0.11850874125957489,97404,4.679515603530721e-05,0.0001403854681059216,43184
2700,0.15550342202186584,0.155336057767272,0.0016736614488763735,0.11851053684949875,103362,4.676249909347876e-05,0.00014028749728043626,43200
2701,0.11720077693462372,0.11693812347948551,0.002626549598062411,0.11851223558187485,98008,4.6729843538492847e-05,0.0001401895306154785,43216
2702,0.19477006047964096,0.1944904327392578,0.002796269371174276,0.11851385980844498,95257,4.669718938433809e-05,0.00014009156815301426,43232
2703,0.184818672016263,0.18443871289491653,0.0037996350438334048,0.11851542443037033,98836,4.6664536645002456e-05,0.00013999360993500735,43248
2704,0.2349415272474289,0.23483633063733578,0.0010519766401557717,0.11851701885461807,101925,4.6631885334473364e-05,0.00013989565600342006,43264
2705,0.13166560977697372,0.13156783208251,0.0009777879458852112,0.11851878464221954,104650,4.659923546673761e-05,0.0001397977064002128,43280
2706,0.19088178128004074,0.1907583326101303,0.0012344958377070725,0.1185205802321434,103354,4.656658705578132e-05,0.00013969976116734394,43296
2707,0.23092620074748993,0.23080972209572792,0.001164779609098332,0.11852235347032547,102074,4.653394011559006e-05,0.00013960182034677016,43312
2708,0.15799373015761375,0.1577244121581316,0.002693166577955708,0.11852406710386276,99530,4.650129466014875e-05,0.00013950388398044624,43328
2709,0.10694577358663082,0.10622280277311802,0.007229711511172354,0.11852588504552841,96284,4.646865070344168e-05,0.000139405952110325,43344
2710,0.19939845986664295,0.1991280186921358,0.002704454876948148,0.11852776259183884,96913,4.6436008259452435e-05,0.00013930802477835728,43360
2711,0.15373010747134686,0.15344617888331413,0.002839282125933096,0.11852950602769852,101180,4.640336734216403e-05,0.00013921010202649206,43376
2712,0.1736333668231964,0.17308049276471138,0.005528767876967322,0.11853113770484924,96316,4.637072796555882e-05,0.00013911218389667642,43392
2713,0.15343990363180637,0.15306534431874752,0.0037455656129168347,0.11853282898664474,103320,4.633809014361843e-05,0.00013901427043085527,43408
2714,0.12271600030362606,0.12230028212070465,0.004157200630288571,0.11853446066379547,90958,4.630545389032388e-05,0.00013891636167097162,43424
2715,0.2071212362498045,0.2068359237164259,0.0028531046555144712,0.11853600293397903,100161,4.627281921965552e-05,0.00013881845765896652,43440
2716,0.22863013669848442,0.22843677923083305,0.0019335482302267337,0.1185375452041626,99141,4.624018614559301e-05,0.00013872055843677902,43456
2717,0.14386466797441244,0.14364131540060043,0.002233507562777959,0.11853907257318497,105797,4.620755468211531e-05,0.0001386226640463459,43472
2718,0.18722808174788952,0.18702277354896069,0.002053122818324482,0.11854062229394913,98044,4.617492484320068e-05,0.00013852477452960203,43488
2719,0.21055784821510315,0.21029005199670792,0.0026779788895510137,0.1185421273112297,96039,4.6142296642826764e-05,0.00013842688992848028,43504
2720,0.24298730306327343,0.24276308342814445,0.002242181777546648,0.11854362487792969,104243,4.6109670094970386e-05,0.00013832901028491113,43520
2721,0.07782661356031895,0.07752156630158424,0.003050474915653467,0.1185452863574028,106284,4.607704521360776e-05,0.00013823113564082325,43536
2722,0.19630073569715023,0.19610514119267464,0.0019559510110411793,0.11854714155197144,96846,4.604442201271432e-05,0.00013813326603814296,43552
2723,0.2816533464938402,0.2811871338635683,0.004662102347538166,0.11854885518550873,94998,4.6011800506264856e-05,0.00013803540151879456,43568
2724,0.19114066660404205,0.19098857045173645,0.001520959380286513,0.11855056881904602,104338,4.597918070823333e-05,0.00013793754212469998,43584
2725,0.15390637796372175,0.15366597846150398,0.0024039680865826085,0.11855219304561615,100806,4.5946562632593066e-05,0.00013783968789777916,43600
2726,0.07775797788053751,0.07721265684813261,0.005453206656966358,0.11855381727218628,97817,4.591394629331661e-05,0.0001377418388799498,43616
2727,0.13338889926671982,0.13318290747702122,0.0020599549243343063,0.11855550110340118,102693,4.588133170437572e-05,0.00013764399511312716,43632
2728,0.19834330677986145,0.1980363391339779,0.003069633909035474,0.11855719238519669,99227,4.584871887974149e-05,0.00013754615663922446,43648
2729,0.13001123908907175,0.12960691191256046,0.004043259425088763,0.118558868765831,91114,4.5816107833384234e-05,0.0001374483235001527,43664
2730,0.204273859038949,0.20399600826203823,0.0027784876292571425,0.11856056749820709,95867,4.578349857927345e-05,0.00013735049573782035,43680
2731,0.16568541713058949,0.16553303971886635,0.0015237391635309905,0.11856237798929214,102562,4.575089113137792e-05,0.00013725267339413376,43696
2732,0.1928788758814335,0.19257701933383942,0.0030185736977728084,0.11856435239315033,100710,4.5718285503665636e-05,0.0001371548565109969,43712
2733,0.2410764880478382,0.24077083542943,0.0030564960470655933,0.11856614798307419,101055,4.568568171010384e-05,0.0001370570451303115,43728
2734,0.24677718430757523,0.24651998654007912,0.002571998711573542,0.11856794357299805,97651,4.5653079764658926e-05,0.00013695923929397675,43744
2735,0.22110014222562313,0.2207663655281067,0.0033377084764651954,0.11856965720653534,99080,4.5620479681296535e-05,0.0001368614390438896,43760
2736,0.10274090804159641,0.10246110241860151,0.0027980536106042564,0.11857151240110397,98740,4.558788147398154e-05,0.00013676364442194458,43776
2737,0.23363366723060608,0.23327093943953514,0.003627250720455777,0.11857334524393082,96429,4.555528515667793e-05,0.00013666585547003377,43792
2738,0.13777776062488556,0.1373801976442337,0.003975612606154755,0.11857514083385468,99950,4.552269074334897e-05,0.0001365680722300469,43808
2739,0.12811984308063984,0.1279440838843584,0.0017575838137418032,0.11857692897319794,100970,4.549009824795704e-05,0.0001364702947438711,43824
2740,0.1668812669813633,0.16674752160906792,0.0013374838235904463,0.11857869476079941,102922,4.545750768446377e-05,0.0001363725230533913,43840
2741,0.1505223624408245,0.15027277916669846,0.0024958394933491945,0.1185806542634964,97880,4.542491906682989e-05,0.00013627475720048965,43856
2742,0.2207333818078041,0.22055093944072723,0.001824385716645338,0.11858256161212921,100754,4.5392332409015334e-05,0.00013617699722704598,43872
2743,0.14309042133390903,0.14259126782417297,0.004991542708012275,0.1185845285654068,95923,4.535974772497921e-05,0.0001360792431749376,43888
2744,0.18104522675275803,0.18037514574825764,0.006700828380417079,0.11858660727739334,96542,4.532716502867972e-05,0.00013598149508603914,43904
2745,0.1835922934114933,0.18348382785916328,0.0010846551231225021,0.11858859658241272,101252,4.529458433407429e-05,0.00013588375300222283,43920
2746,0.18703908286988735,0.18655467219650745,0.0048440914251841605,0.11859060823917389,103469,4.5262005655119454e-05,0.00013578601696535833,43936
2747,0.16684176214039326,0.16650437377393246,0.0033739314967533574,0.11859256029129028,93218,4.522942900577087e-05,0.0001356882870173126,43952
2748,0.21202104538679123,0.21183183416724205,0.0018920874354080297,0.11859437823295593,104167,4.519685439998334e-05,0.00013559056319995,43968
2749,0.21167469024658203,0.21146268770098686,0.0021199805196374655,0.11859617382287979,97566,4.516428185171079e-05,0.00013549284555513236,43984
2750,0.1880794782191515,0.18788719922304153,0.0019227466982556507,0.11859793961048126,102365,4.51317113749063e-05,0.0001353951341247189,44000
2751,0.0877248514443636,0.08746583573520184,0.0025901628396240994,0.11859972774982452,93731,4.509914298352197e-05,0.0001352974289505659,44016
2752,0.15204648952931166,0.1519419029355049,0.0010458851174917072,0.11860165745019913,101074,4.506657669150911e-05,0.0001351997300745273,44032
2753,0.16848325170576572,0.1681872345507145,0.0029601604910567403,0.11860375106334686,99237,4.503401251281806e-05,0.00013510203753845418,44048
2754,0.1381035763770342,0.13769925385713577,0.0040432427485939115,0.11860586702823639,97528,4.500145046139828e-05,0.00013500435138419484,44064
2755,0.19783529825508595,0.1976102590560913,0.0022504129556182306,0.11860796064138412,100744,4.496889055119832e-05,0.00013490667165359492,44080
2756,0.16964313946664333,0.1693375427275896,0.003055986577010117,0.11861013621091843,98468,4.4936332796165827e-05,0.00013480899838849746,44096
2757,0.1875547282397747,0.18744772300124168,0.0010700576094677672,0.11861225962638855,103572,4.490377721024751e-05,0.0001347113316307425,44112
2758,0.1556424768641591,0.15519048646092415,0.004519890761002898,0.11861421912908554,96513,4.487122380738911e-05,0.00013461367142216733,44128
2759,0.25651396811008453,0.25613658502697945,0.0037738277096650563,0.11861613392829895,107058,4.48386726015355e-05,0.0001345160178046065,44144
2760,0.1532772397622466,0.1532015921548009,0.0007565083287772723,0.11861807852983475,99831,4.48061236066306e-05,0.00013441837081989177,44160
2761,0.11118699796497822,0.11104176566004753,0.0014523420250043273,0.11862025409936905,100908,4.477357683661734e-05,0.000134320730509852,44176
2762,0.10086383298039436,0.10047860629856586,0.003852239460684359,0.11862226575613022,97014,4.47410323054377e-05,0.0001342230969163131,44192
2763,0.19673718139529228,0.1961879711598158,0.0054920962429605424,0.11862414330244064,99208,4.4708490027032785e-05,0.00013412547008109834,44208
2764,0.16140717826783657,0.16120440140366554,0.0020277893490856513,0.11862598359584808,100295,4.467595001534261e-05,0.0001340278500460278,44224
2765,0.23716795071959496,0.23687724024057388,0.0029071511671645567,0.11862784624099731,99924,4.4643412284306324e-05,0.00013393023685291896,44240
2766,0.23948771879076958,0.23925390094518661,0.002338134087040089,0.1186295673251152,99027,4.4610876847862034e-05,0.00013383263054358608,44256
2767,0.16077333502471447,0.16021696291863918,0.005563730490393937,0.11863117665052414,93749,4.457834371994691e-05,0.00013373503115984072,44272
2768,0.16447119414806366,0.16404680162668228,0.0042439507524250075,0.11863278597593307,99932,4.4545812914497084e-05,0.00013363743874349123,44288
2769,0.20146033354103565,0.20083072036504745,0.006296127088717185,0.11863440275192261,98970,4.451328444544774e-05,0.0001335398533363432,44304
2770,0.14173376746475697,0.14139542914927006,0.003383378469152376,0.11863607913255692,100492,4.448075832673305e-05,0.00013344227498019912,44320
2771,0.15972167998552322,0.15946262888610363,0.0025904819485731423,0.11863785237073898,97667,4.444823457228612e-05,0.00013334470371685836,44336
2772,0.13607197627425194,0.1358800996094942,0.001918772904900834,0.11863959580659866,95842,4.441571319603914e-05,0.0001332471395881174,44352
2773,0.28961262851953506,0.28945811092853546,0.0015452669376827544,0.11864101886749268,95605,4.438319421192322e-05,0.00013314958263576965,44368
2774,0.12720761448144913,0.12693520449101925,0.00272407395823393,0.1186424270272255,97676,4.435067763386848e-05,0.00013305203290160542,44384
2775,0.1535083269700408,0.15314721316099167,0.003611126187024638,0.11864390224218369,96155,4.431816347580395e-05,0.00013295449042741183,44400
2776,0.18199834413826466,0.18165135756134987,0.0034698734380071983,0.11864560842514038,95896,4.4285651751657676e-05,0.000132856955254973,44416
2777,0.15027079917490482,0.14987104199826717,0.003997569619968999,0.11864758282899857,101009,4.425314247535668e-05,0.00013275942742607002,44432
2778,0.20249725319445133,0.20233862474560738,0.0015863050357438624,0.1186496764421463,103271,4.4220635660826866e-05,0.00013266190698248058,44448
2779,0.1326690036803484,0.13222299329936504,0.00446010816085618,0.11865168809890747,98223,4.418813132199311e-05,0.00013256439396597933,44464
2780,0.24187206476926804,0.24164611473679543,0.0022595400223508477,0.11865352839231491,102338,4.41556294727793e-05,0.00013246688841833787,44480
2781,0.16171230375766754,0.1612984985113144,0.00413807089717011,0.11865542083978653,98108,4.412313012710813e-05,0.00013236939038132435,44496
2782,0.2176720704883337,0.21752954460680485,0.0014252325163397472,0.11865735799074173,102349,4.409063329890131e-05,0.00013227189989670392,44512
2783,0.08014162722975016,0.07961059175431728,0.005310357781127095,0.11865910142660141,99361,4.405813900207945e-05,0.00013217441700623834,44528
2784,0.15982744842767715,0.1593776661902666,0.004497827845625579,0.11866062134504318,94242,4.40256472505621e-05,0.00013207694175168628,44544
2785,0.16399378143250942,0.16367406211793423,0.003197216778062284,0.11866211146116257,98548,4.399315805826765e-05,0.00013197947417480292,44560
2786,0.161767415702343,0.1614853721112013,0.0028204238096805057,0.11866353452205658,100294,4.396067143911347e-05,0.00013188201431734039,44576
2787,0.077716164290905,0.07756935246288776,0.001468115886382293,0.1186651960015297,104629,4.3928187407015786e-05,0.00013178456222104733,44592
2788,0.17391828820109367,0.17351918667554855,0.0039909824954520445,0.1186668649315834,99296,4.38957059758897e-05,0.00013168711792766908,44608
2789,0.2119782641530037,0.2117224484682083,0.0025581174122635275,0.11866854131221771,96098,4.3863227159649255e-05,0.00013158968147894775,44624
2790,0.19006973505020142,0.18981423415243626,0.0025549977435730398,0.1186702623963356,101215,4.383075097220735e-05,0.00013149225291662203,44640
2791,0.1800383161753416,0.17967735417187214,0.0036096300173085183,0.11867212504148483,99596,4.379827742747575e-05,0.00013139483228242723,44656
2792,0.15627010725438595,0.15601958334445953,0.0025052320561371744,0.11867406219244003,100174,4.376580653936505e-05,0.00013129741961809513,44672
2793,0.13455123454332352,0.13422105461359024,0.0033017912064678967,0.11867614090442657,99499,4.373333832178478e-05,0.00013120001496535433,44688
2794,0.16322867944836617,0.1626693718135357,0.005593078836682253,0.11867817491292953,97863,4.370087278864332e-05,0.00013110261836592993,44704
2795,0.16441784240305424,0.16389118880033493,0.005266561725875363,0.1186801865696907,99609,4.366840995384782e-05,0.00013100522986154344,44720
2796,0.13014445081353188,0.1295462604612112,0.005981894268188626,0.1186821311712265,103474,4.3635949831304346e-05,0.00013090784949391302,44736
2797,0.16479276400059462,0.1646853070706129,0.0010745494510047138,0.11868420243263245,103007,4.360349243491778e-05,0.00013081047730475331,44752
2798,0.18481392972171307,0.18458316288888454,0.0023076899597072043,0.11868620663881302,99807,4.357103777859187e-05,0.0001307131133357756,44768
2799,0.16991132125258446,0.16896088793873787,0.009504297690000385,0.11868797987699509,92230,4.3538585876229125e-05,0.00013061575762868738,44784
2800,0.2401588000357151,0.23990024998784065,0.0025855060666799545,0.1186896413564682,100502,4.350613674173091e-05,0.0001305184102251927,44800
2801,0.2620924599468708,0.2618362717330456,0.002561846951721236,0.11869117617607117,99071,4.347369038899744e-05,0.00013042107116699228,44816
2802,0.24147140607237816,0.24134276807308197,0.00128638691148808,0.11869261413812637,101509,4.344124683192764e-05,0.00013032374049578292,44832
2803,0.198977280408144,0.19865889102220535,0.0031839049406698905,0.11869391798973083,99183,4.340880608441935e-05,0.00013022641825325803,44848
2804,0.14500193111598492,0.1444885265082121,0.005134028731845319,0.11869512498378754,96842,4.337636816036915e-05,0.00013012910448110743,44864
2805,0.1285608671605587,0.12826503068208694,0.0029583451396320015,0.11869627982378006,104161,4.334393307367239e-05,0.00013003179922101716,44880
2806,0.16236982867121696,0.16203569062054157,0.003341348754474893,0.11869736760854721,98456,4.331150083822324e-05,0.00012993450251466972,44896
2807,0.10913749318569899,0.10893254913389683,0.0020494195123319514,0.1186988353729248,100558,4.3279071467914665e-05,0.000129837214403744,44912
2808,0.19285143725574017,0.19267120026051998,0.0018023312877630815,0.11870039254426956,99125,4.3246644976638354e-05,0.00012973993492991503,44928
2809,0.12700345180928707,0.12668078020215034,0.003226687027790831,0.11870329827070236,104762,4.321422137828479e-05,0.00012964266413485433,44944
2810,0.11104052700102329,0.1108967550098896,0.0014377178667928092,0.11870622634887695,103262,4.31818006867432e-05,0.00012954540206022957,44960
2811,0.18164235539734364,0.18120328709483147,0.004390746296849102,0.11870896816253662,99316,4.3149382915901606e-05,0.0001294481487477048,44976
2812,0.12345338892191648,0.12304465100169182,0.0040873929974623024,0.11871159821748734,99910,4.3116968079646725e-05,0.00012935090423894015,44992
2813,0.11881411075592041,0.11855915188789368,0.00254956484423019,0.11871428787708282,102592,4.308455619186406e-05,0.00012925366857559215,45008
2814,0.10814046487212181,0.10787586309015751,0.002646018758241553,0.11871689558029175,103628,4.3052147266437814e-05,0.00012915644179931342,45024
2815,0.18319056369364262,0.183005191385746,0.0018537306314101443,0.1187194213271141,94189,4.3019741317250976e-05,0.00012905922395175292,45040
2816,0.13511300459504128,0.13485113345086575,0.0026187283801846206,0.11872181296348572,98458,4.2987338358185186e-05,0.00012896201507455555,45056
2817,0.11145328544080257,0.11095096543431282,0.005023181773140095,0.11872408539056778,104581,4.295493840312087e-05,0.0001288648152093626,45072
2818,0.14026599004864693,0.139631574973464,0.006344143330352381,0.11872608959674835,91460,4.292254146593714e-05,0.0001287676243978114,45088
2819,0.18742462620139122,0.18728724122047424,0.001373819929540332,0.11872811615467072,102704,4.289014756051178e-05,0.0001286704426815353,45104
2820,0.1485469788312912,0.14829470217227936,0.002522781665902585,0.1187300980091095,100594,4.2857756700721336e-05,0.000128573270102164,45120
2821,0.14153276197612286,0.14121999219059944,0.0031276739318855107,0.11873197555541992,99639,4.282536890044104e-05,0.0001284761067013231,45136
2822,0.21203116700053215,0.21182267181575298,0.002085033178445883,0.11873374879360199,104828,4.279298417354478e-05,0.00012837895252063432,45152
2823,0.15571722574532032,0.1554161235690117,0.0030110116058494896,0.11873552948236465,106167,4.276060253390511e-05,0.00012828180760171532,45168
2824,0.14940398558974266,0.14849798381328583,0.009059986972715706,0.11873718351125717,89613,4.272822399539335e-05,0.00012818467198618002,45184
2825,0.0976650919765234,0.09747773222625256,0.001873589753813576,0.11873897165060043,100463,4.269584857187943e-05,0.00012808754571563827,45200
2826,0.23568859696388245,0.235626220703125,0.000623775675194338,0.11874070018529892,97136,4.2663476277231915e-05,0.00012799042883169574,45216
2827,0.1367842834442854,0.1365712769329548,0.0021300363878253847,0.11874251812696457,101968,4.2631107125318096e-05,0.00012789332137595427,45232
2828,0.1576844248920679,0.15736869536340237,0.0031573290907545015,0.11874442547559738,97788,4.25987411300039e-05,0.00012779622339001168,45248
2829,0.23726814333349466,0.23720617219805717,0.0006197210714162793,0.11874639242887497,104229,4.256637830515385e-05,0.00012769913491546153,45264
2830,0.15414218232035637,0.15402023121714592,0.0012194842174721998,0.11874829977750778,102004,4.25340186646312e-05,0.00012760205599389357,45280
2831,0.2060718098655343,0.20584980957210064,0.0022199451341293752,0.1187501847743988,101022,4.250166222229774e-05,0.00012750498666689323,45296
2832,0.12598462030291557,0.125823512673378,0.0016111125514726155,0.11875268816947937,104366,4.246930899201401e-05,0.00012740792697604202,45312
2833,0.1154489228501916,0.1152241937816143,0.00224728966713883,0.11875518411397934,97915,4.243695898763904e-05,0.0001273108769629171,45328
2834,0.179666880518198,0.1792090581730008,0.00457823625401943,0.11875766515731812,101452,4.240461222303058e-05,0.00012721383666909172,45344
2835,0.21307126432657242,0.21292532980442047,0.001459325234463904,0.11876002699136734,101059,4.237226871204496e-05,0.00012711680613613488,45360
2836,0.1750728078186512,0.17473070695996284,0.0034210087469546124,0.11876223236322403,93251,4.233992846853708e-05,0.00012701978540561123,45376
2837,0.1998745258897543,0.19941149093210697,0.0046303662966238335,0.11876433342695236,99053,4.2307591506360494e-05,0.00012692277451908145,45392
2838,0.2015853263437748,0.20135903917253017,0.0022628961160080507,0.11876624077558517,103734,4.227525783936735e-05,0.00012682577351810203,45408
2839,0.1442949753254652,0.1441490575671196,0.0014591599610866979,0.11876820772886276,102433,4.224292748140833e-05,0.000126728782444225,45424
2840,0.23155971057713032,0.23120886832475662,0.003508388952468522,0.11877009272575378,95090,4.2210600446332735e-05,0.00012663180133899818,45440
2841,0.12854334898293018,0.12832107208669186,0.0022227508015930653,0.11877205222845078,102524,4.2178276747988446e-05,0.00012653483024396533,45456
2842,0.13041728362441063,0.130341574549675,0.0007570689340354875,0.11877435445785522,100914,4.214595640022194e-05,0.0001264378692006658,45472
2843,0.21585234999656677,0.21560074388980865,0.00251611226121895,0.11877662688493729,96995,4.2113639416878184e-05,0.00012634091825063453,45488
2844,0.11229773238301277,0.11211990378797054,0.001778314312105067,0.11877882480621338,99595,4.2081325811800756e-05,0.00012624397743540223,45504
2845,0.15379163064062595,0.15348120220005512,0.0031042683112900704,0.1187809482216835,91374,4.204901559883181e-05,0.0001261470467964954,45520
2846,0.18738014996051788,0.18702603317797184,0.0035412355355219916,0.11878295242786407,100431,4.201670879181195e-05,0.00012605012637543583,45536
2847,0.14024577103555202,0.13976816833019257,0.004776045272592455,0.11878493428230286,99969,4.1984405404580453e-05,0.00012595321621374135,45552
2848,0.1071429206058383,0.10668833088129759,0.004545893199974671,0.11878696084022522,98316,4.195210545097501e-05,0.00012585631635292504,45568
2849,0.1989155448973179,0.19869472458958626,0.0022081999049987644,0.11878915876150131,102796,4.1919808944831954e-05,0.00012575942683449583,45584
2850,0.1894787885248661,0.18939143046736717,0.0008735650844755583,0.11879191547632217,104197,4.188751589998602e-05,0.00012566254769995805,45600
2851,0.15201350674033165,0.151732524856925,0.0028098318580305204,0.11879473924636841,99689,4.185522633027057e-05,0.0001255656789908117,45616
2852,0.15553251467645168,0.15517375618219376,0.003587558356230147,0.1187974065542221,94659,4.182294024951741e-05,0.0001254688207485522,45632
2853,0.17768020369112492,0.17724924720823765,0.004309557807573583,0.11879993975162506,102861,4.179065767155686e-05,0.00012537197301467056,45648
2854,0.14857713505625725,0.14833625964820385,0.0024087447964120656,0.11880253255367279,98646,4.1758378610217765e-05,0.00012527513583065328,45664
2855,0.2196909673511982,0.21949860453605652,0.001923655356222298,0.11880508065223694,101310,4.172610307932746e-05,0.00012517830923798238,45680
2856,0.13198656868189573,0.1317303217947483,0.002562452487381961,0.11880742013454437,100633,4.1693831092711736e-05,0.0001250814932781352,45696
2857,0.13910860940814018,0.1389152817428112,0.0019332597439642996,0.11880962550640106,102517,4.166156266419489e-05,0.00012498468799258466,45712
2858,0.21833669394254684,0.21807744354009628,0.0025924795554601587,0.1188117116689682,101456,4.16292978075997e-05,0.00012488789342279908,45728
2859,0.1668872032314539,0.16658692248165607,0.003002776429639198,0.1188136413693428,99085,4.159703653674741e-05,0.00012479110961024223,45744
2860,0.10051086731255054,0.10017716139554977,0.0033370874589309096,0.11881556361913681,101195,4.156477886545772e-05,0.00012469433659637315,45760
2861,0.17972599528729916,0.17954985052347183,0.0017614221960684517,0.1188172921538353,95167,4.153252480754877e-05,0.0001245975744226463,45776
2862,0.13004175387322903,0.12990526854991913,0.0013648993481183425,0.11881899833679199,97564,4.1500274376837215e-05,0.00012450082313051163,45792
2863,0.15535255894064903,0.15507404692471027,0.002785152231808752,0.11882064491510391,95715,4.146802758713807e-05,0.0001244040827614142,45808
2864,0.17978671565651894,0.17948529496788979,0.0030142402683850378,0.11882228404283524,92850,4.143578445226487e-05,0.0001243073533567946,45824
2865,0.2348305732011795,0.2345815673470497,0.0024901001452235505,0.1188238188624382,102329,4.140354498602952e-05,0.00012421063495808853,45840
2866,0.186302674934268,0.18615231476724148,0.0015036145778140053,0.11882538348436356,104239,4.1371309202242424e-05,0.00012411392760672727,45856
2867,0.15801788307726383,0.15741950646042824,0.005983738054055721,0.11882691830396652,98160,4.133907711471232e-05,0.00012401723134413694,45872
2868,0.22740898467600346,0.2269451506435871,0.00463836233211623,0.11882855743169785,95957,4.130684873724645e-05,0.00012392054621173932,45888
2869,0.21101429127156734,0.2108786404132843,0.0013565310109697748,0.11883014440536499,99132,4.127462408365041e-05,0.00012382387225095122,45904
2870,0.2655712738633156,0.26543664559721947,0.0013462574643199332,0.11883164197206497,101331,4.1242403167728216e-05,0.00012372720950318462,45920
2871,0.12402906827628613,0.12385077215731144,0.0017829747885116376,0.11883305758237839,99546,4.1210186003282275e-05,0.0001236305580098468,45936
2872,0.1366226989775896,0.13636315055191517,0.0025954633892979473,0.11883445829153061,99452,4.117797260411343e-05,0.00012353391781234026,45952
2873,0.11738753877580166,0.11714717000722885,0.002403699647402391,0.11883582919836044,103358,4.114576298402084e-05,0.0001234372889520625,45968
2874,0.17249126359820366,0.1718117780983448,0.00679484533611685,0.11883711069822311,96517,4.111355715680211e-05,0.00012334067147040632,45984
2875,0.10278630256652832,0.10246609337627888,0.00320206765900366,0.11883842945098877,97102,4.108135513625317e-05,0.0001232440654087595,46000
2876,0.13436561543494463,0.13412702921777964,0.002385820487688761,0.11883968114852905,99084,4.104915693616838e-05,0.0001231474708085051,46016
2877,0.2324898261576891,0.2323142234236002,0.001756026435032254,0.11884085834026337,106408,4.101696257034037e-05,0.0001230508877110211,46032
2878,0.19332873076200485,0.19310398399829865,0.002247413038276136,0.11884211003780365,103080,4.0984772052560235e-05,0.0001229543161576807,46048
2879,0.16005650721490383,0.15967175364494324,0.003847529587801546,0.11884337663650513,98855,4.095258539661736e-05,0.00012285775618985206,46064
2880,0.22041746973991394,0.2202281430363655,0.0018932347156805918,0.1188446655869484,99518,4.092040261629946e-05,0.00012276120784889837,46080
2881,0.24406589940190315,0.24388816207647324,0.0017774104926502332,0.11884631961584091,101840,4.088822372539263e-05,0.00012266467117617787,46096
2882,0.12884055450558662,0.12849232368171215,0.0034823238966055214,0.11884793639183044,94702,4.085604873768129e-05,0.00012256814621304385,46112
2883,0.2325158827006817,0.23242266103625298,0.0009321505744992464,0.11884954571723938,98525,4.08238776669482e-05,0.00012247163300084456,46128
2884,0.18051970191299915,0.1804453730583191,0.0007432808561134152,0.1188511848449707,102241,4.079171052697437e-05,0.00012237513158092308,46144
2885,0.1968730129301548,0.19651287235319614,0.0036014115466969088,0.1188528835773468,99682,4.075954733153922e-05,0.00012227864199461765,46160
2886,0.21621127612888813,0.21585640124976635,0.0035487607965478674,0.11885450035333633,98199,4.072738809442046e-05,0.00012218216428326137,46176
2887,0.21023567020893097,0.2099722996354103,0.0026336922601331025,0.11885611712932587,101404,4.0695232829394046e-05,0.00012208569848818214,46192
2888,0.21721423417329788,0.21706591546535492,0.001483178733906243,0.11885778605937958,98660,4.0663081550234285e-05,0.00012198924465070283,46208
2889,0.1752624548971653,0.17506492882966995,0.0019752364605665207,0.11885955184698105,100421,4.063093427071376e-05,0.00012189280281214126,46224
2890,0.19826792366802692,0.19798419997096062,0.002837266933056526,0.11886128038167953,104227,4.059879100460338e-05,0.00012179637301381012,46240
2891,0.14933060482144356,0.14895659871399403,0.003740045300219208,0.11886277049779892,102856,4.0566651765672246e-05,0.00012169995529701673,46256
2892,0.11681807227432728,0.11656481772661209,0.002532540587708354,0.11886446923017502,100305,4.0534516567687804e-05,0.00012160354970306339,46272
2893,0.13121712394058704,0.13080627284944057,0.004108520341105759,0.11886607110500336,92388,4.050238542441578e-05,0.00012150715627324731,46288
2894,0.15762249939143658,0.15732073597609997,0.0030176374129951,0.1188676506280899,100391,4.0470258349620096e-05,0.00012141077504886026,46304
2895,0.24895907938480377,0.24858591705560684,0.0037316258312785067,0.1188691183924675,94354,4.043813535706299e-05,0.00012131440607118895,46320
2896,0.11259904317557812,0.11229517124593258,0.003038747665414121,0.11887069791555405,102142,4.040601646050495e-05,0.00012121804938151483,46336
2897,0.1772531419992447,0.17671769112348557,0.005354503053240478,0.11887216567993164,97491,4.037390167370464e-05,0.0001211217050211139,46352
2898,0.17454608902335167,0.17419691756367683,0.0034917320663225837,0.11887387931346893,97702,4.034179101041904e-05,0.00012102537303125712,46368
2899,0.23674463480710983,0.23640142008662224,0.0034321341809118167,0.11887551844120026,100389,4.0309684484403364e-05,0.00012092905345321007,46384
2900,0.13285567797720432,0.13209871761500835,0.007569589070044458,0.11887705326080322,93321,4.027758210941101e-05,0.00012083274632823302,46400
2901,0.1445301678031683,0.144194969907403,0.0033519804128445685,0.1188788115978241,96052,4.0245483899193595e-05,0.00012073645169758076,46416
2902,0.1675464455038309,0.16703398525714874,0.005124574061483145,0.11888048052787781,95489,4.0213389867500984e-05,0.00012064016960250294,46432
2903,0.15677452087402344,0.15640855766832829,0.0036596361023839563,0.11888214945793152,95980,4.018130002808127e-05,0.00012054390008424379,46448
2904,0.15675226971507072,0.15643742308020592,0.003148491436149925,0.11888393014669418,95864,4.0149214394680684e-05,0.00012044764318404203,46464
2905,0.18721014074981213,0.18696259707212448,0.0024754102632869035,0.1188855767250061,100937,4.0117132981043693e-05,0.00012035139894313107,46480
2906,0.2363823838531971,0.23597685620188713,0.0040552396239945665,0.11888711154460907,96715,4.008505580091297e-05,0.0001202551674027389,46496
2907,0.21405893936753273,0.21348141878843307,0.005775183788500726,0.11888856440782547,101388,4.005298286802938e-05,0.00012015894860408811,46512
2908,0.19592295959591866,0.19578718394041061,0.001357762681436725,0.11889012902975082,98524,4.002091419613191e-05,0.00012006274258839571,46528
2909,0.12554139643907547,0.1250655483454466,0.004758486960781738,0.11889158934354782,101347,3.998884979895777e-05,0.00011996654939687329,46544
2910,0.23337441682815552,0.23331637680530548,0.0005804580860058195,0.11889301240444183,102295,3.9956789690242344e-05,0.00011987036907072703,46560
2911,0.16806332021951675,0.16787101700901985,0.0019229896570323035,0.11889465898275375,101442,3.992473388371915e-05,0.00011977420165115742,46576
2912,0.1622221264988184,0.16186366975307465,0.0035845473466906697,0.1188962534070015,96213,3.9892682393119886e-05,0.00011967804717935964,46592
2913,0.19016391970217228,0.18978257104754448,0.003813493198776996,0.11889795958995819,99481,3.986063523217439e-05,0.00011958190569652316,46608
2914,0.21679407730698586,0.21659253165125847,0.0020154816593276337,0.11889960616827011,102514,3.982859241461064e-05,0.0001194857772438319,46624
2915,0.205113984644413,0.20497044548392296,0.0014353651349665597,0.11890121549367905,100367,3.979655395415476e-05,0.00011938966186246425,46640
2916,0.17437066696584225,0.17401158809661865,0.003590803942643106,0.11890280246734619,99889,3.976451986453102e-05,0.00011929355959359306,46656
2917,0.17025571316480637,0.16988781839609146,0.0036789345467695966,0.11890432983636856,103757,3.973249015946182e-05,0.00011919747047838545,46672
2918,0.18633168563246727,0.18610602244734764,0.0022566387488041073,0.11890578269958496,98541,3.9700464852667626e-05,0.00011910139455800287,46688
2919,0.1400810293853283,0.13982800766825676,0.002530197234591469,0.11890731006860733,96146,3.9668443957867085e-05,0.00011900533187360124,46704
2920,0.23613715544342995,0.23578520864248276,0.003519469602906611,0.11890874803066254,99953,3.963642748877696e-05,0.00011890928246633087,46720
2921,0.18818126246333122,0.18787545152008533,0.003058104863157496,0.11891016364097595,100035,3.960441545911204e-05,0.00011881324637733611,46736
2922,0.11478559300303459,0.11465336754918098,0.0013222666611909517,0.11891184747219086,103131,3.9572407882585285e-05,0.00011871722364775583,46752
2923,0.23913578689098358,0.23895996809005737,0.001758197948220186,0.11891347169876099,99868,3.9540404772907714e-05,0.00011862121431872313,46768
2924,0.17907859571278095,0.1789634246379137,0.001151704098447226,0.11891518533229828,104660,3.950840614378847e-05,0.00011852521843136541,46784
2925,0.16398475132882595,0.1635666061192751,0.0041814345750026405,0.11891685426235199,95512,3.947641200893473e-05,0.00011842923602680417,46800
2926,0.2269269861280918,0.2264292575418949,0.004977273376425728,0.11891847103834152,95984,3.944442238205174e-05,0.00011833326714615522,46816
2927,0.10361631959676743,0.10350584052503109,0.0011047836014768109,0.11892034858465195,100818,3.94124372768429e-05,0.00011823731183052867,46832
2928,0.24118969030678272,0.2410084791481495,0.0018121476023225114,0.1189221441745758,103843,3.938045670700954e-05,0.0001181413701210286,46848
2929,0.13431719690561295,0.1341098565608263,0.0020734236277348828,0.11892414093017578,98383,3.9348480686251176e-05,0.00011804544205875352,46864
2930,0.163058590143919,0.16280698589980602,0.0025160811201203614,0.118926040828228,96938,3.93165092282653e-05,0.00011794952768479589,46880
2931,0.10176276043057442,0.10143689066171646,0.0032586936140432954,0.11892783641815186,93699,3.928454234674747e-05,0.0001178536270402424,46896
2932,0.21427776478230953,0.21413356438279152,0.001441992266336456,0.11892955750226974,100200,3.9252580055391275e-05,0.00011775774016617381,46912
2933,0.12405321002006531,0.12397463247179985,0.0007857824530219659,0.11893131583929062,99875,3.922062236788836e-05,0.00011766186710366506,46928
2934,0.23927291855216026,0.23887424170970917,0.003986781041021459,0.1189330667257309,99976,3.918866929792838e-05,0.00011756600789378512,46944
2935,0.19067314080893993,0.19029496051371098,0.00378180899497238,0.118934765458107,101922,3.9156720859199e-05,0.000117470162577597,46960
2936,0.06688466388732195,0.06651708576828241,0.003675765881780535,0.1189364418387413,100274,3.912477706538593e-05,0.00011737433119615776,46976
2937,0.2055704314261675,0.20543838292360306,0.0013204936367401388,0.11893811076879501,103855,3.9092837930172884e-05,0.00011727851379051865,46992
2938,0.2170291803777218,0.21681135892868042,0.0021782471449114382,0.11893970519304276,97164,3.9060903467241547e-05,0.00011718271040172462,47008
2939,0.18385246396064758,0.18379918858408928,0.0005327331728040008,0.11894132196903229,102468,3.9028973690271646e-05,0.00011708692107081493,47024
2940,0.13726012594997883,0.1368950605392456,0.003650642785942182,0.11894287168979645,95172,3.899704861294088e-05,0.00011699114583882262,47040
2941,0.10113130137324333,0.10091899707913399,0.002123046273482032,0.11894448101520538,98049,3.896512824892495e-05,0.00011689538474677484,47056
2942,0.17961300909519196,0.17936363816261292,0.0024936806639743736,0.11894601583480835,97628,3.8933212611897504e-05,0.00011679963783569248,47072
2943,0.15251964703202248,0.1522716786712408,0.0024796749639790505,0.1189475804567337,97510,3.8901301715530204e-05,0.0001167039051465906,47088
2944,0.1836007498204708,0.18347659893333912,0.0012415435921866447,0.11894907057285309,102143,3.886939557349266e-05,0.00011660818672047797,47104
2945,0.16851205378770828,0.1681677419692278,0.003443153593252646,0.11895055323839188,98786,3.883749419945244e-05,0.0001165124825983573,47120
2946,0.22194265574216843,0.22170039266347885,0.002422605783067411,0.11895203590393066,102550,3.880559760707508e-05,0.00011641679282122522,47136
2947,0.21518445946276188,0.2146480493247509,0.005364132259273902,0.11895346641540527,96838,3.877370581002408e-05,0.00011632111743007223,47152
2948,0.1912135686725378,0.19096962735056877,0.002439385309116915,0.11895489692687988,97839,3.874181882196088e-05,0.00011622545646588262,47168
2949,0.1841719765216112,0.18388159573078156,0.0029037874992354773,0.11895619332790375,96106,3.870993665654482e-05,0.00011612980996963445,47184
2950,0.1383728738874197,0.1380782499909401,0.002946264823549427,0.11895757168531418,96046,3.867805932743322e-05,0.00011603417798229966,47200
2951,0.20481685362756252,0.2046642005443573,0.0015265317852026783,0.11895883828401566,103588,3.864618684828134e-05,0.00011593856054484402,47216
2952,0.1683797426521778,0.16818762570619583,0.0019211106118746102,0.11896013468503952,93560,3.861431923274232e-05,0.00011584295769822694,47232
2953,0.17295696958899498,0.17272955924272537,0.002274088386911899,0.11896151304244995,94833,3.858245649446721e-05,0.00011574736948340163,47248
2954,0.30330317839980125,0.3029220625758171,0.0038111726062197704,0.11896288394927979,99547,3.855059864710505e-05,0.00011565179594131512,47264
2955,0.32042872346937656,0.32034607976675034,0.0008265075666713528,0.1189642921090126,102292,3.851874570430266e-05,0.00011555623711290797,47280
2956,0.1613085065037012,0.16105451993644238,0.0025398388534085825,0.1189657598733902,101282,3.8486897679704886e-05,0.00011546069303911464,47296
2957,0.20981445163488388,0.20954450592398643,0.0026994108520739246,0.11896724998950958,108295,3.845505458695437e-05,0.00011536516376086311,47312
2958,0.138368658721447,0.1381861437112093,0.0018251234068884514,0.11896883696317673,101794,3.842321643969174e-05,0.0001152696493190752,47328
2959,0.1579540241509676,0.1576438695192337,0.003101577196503058,0.11897028237581253,95460,3.8391383251555375e-05,0.00011517414975466611,47344
2960,0.10146093927323818,0.10109430085867643,0.0036663720002252376,0.11897176504135132,99430,3.8359555036181644e-05,0.00011507866510854491,47360
2961,0.12350836023688316,0.12338428758084774,0.001240757293999195,0.1189732551574707,103943,3.832773180720475e-05,0.00011498319542161423,47376
2962,0.17619426921010017,0.1758362464606762,0.003580239412258379,0.1189747080206871,104887,3.8295913578256704e-05,0.0001148877407347701,47392
2963,0.23400228284299374,0.2338235005736351,0.0017877958889584988,0.11897606402635574,97022,3.826410036296747e-05,0.0001147923010889024,47408
2964,0.18550444208085537,0.18545332178473473,0.0005112038343213499,0.11897743493318558,103884,3.823229217496481e-05,0.0001146968765248944,47424
2965,0.1694268062710762,0.1690895762294531,0.003372281091287732,0.11897900700569153,103654,3.820048902787435e-05,0.00011460146708362302,47440
2966,0.18441202491521835,0.18428700417280197,0.0012502262106863782,0.11898048967123032,99880,3.816869093531951e-05,0.0001145060728059585,47456
2967,0.18006396666169167,0.1798625960946083,0.0020137096289545298,0.1189819872379303,101788,3.813689791092161e-05,0.00011441069373276481,47472
2968,0.19373067375272512,0.19359157606959343,0.0013909374101785943,0.1189836785197258,104051,3.810510996829979e-05,0.00011431532990489936,47488
2969,0.17809458822011948,0.17781896144151688,0.002756232144747628,0.11898539960384369,99956,3.807332712107097e-05,0.00011421998136321289,47504
2970,0.21339418552815914,0.21295921690762043,0.00434972693619784,0.1189870610833168,97906,3.804154938284989e-05,0.00011412464814854966,47520
2971,0.21891864202916622,0.21855835616588593,0.003602831842727028,0.11898864060640335,98321,3.800977676724919e-05,0.00011402933030174756,47536
2972,0.19023366272449493,0.19000622630119324,0.002274361060699448,0.11899026483297348,100705,3.7978009287879176e-05,0.00011393402786363753,47552
2973,0.12482936307787895,0.12468322180211544,0.0014613705279771239,0.11899185925722122,100354,3.794624695834808e-05,0.0001138387408750442,47568
2974,0.19334589131176472,0.19305246509611607,0.0029342784982873127,0.11899338662624359,98543,3.791448979226183e-05,0.00011374346937678548,47584
2975,0.19024367816746235,0.1900119036436081,0.002317763801215733,0.11899500340223312,100557,3.7882737803224244e-05,0.00011364821340967271,47600
2976,0.22474119067192078,0.22464274801313877,0.0009844546802924015,0.1189967691898346,101915,3.785099100483681e-05,0.00011355297301451042,47616
2977,0.1999080292880535,0.19959446787834167,0.003135640017717378,0.11899852752685547,95788,3.781924941069888e-05,0.00011345774823209661,47632
2978,0.15678165294229984,0.15645793825387955,0.0032370981061831117,0.11900022625923157,102448,3.778751303440755e-05,0.00011336253910322262,47648
2979,0.21481340751051903,0.21470395103096962,0.0010945725516648963,0.11900203675031662,101884,3.775578188955763e-05,0.00011326734566867287,47664
2980,0.15332379005849361,0.15313270688056946,0.0019108014398625528,0.11900384724140167,100108,3.7724055989741774e-05,0.00011317216796922531,47680
2981,0.20428961887955666,0.20410827174782753,0.001813423543353565,0.11900555342435837,99801,3.769233534855035e-05,0.00011307700604565104,47696
2982,0.1945242378860712,0.19420838169753551,0.0031585587857989594,0.1190071552991867,104090,3.7660619979571474e-05,0.00011298185993871442,47712
2983,0.15916498191654682,0.15894259698688984,0.0022238419333007187,0.11900871247053146,100758,3.762890989639097e-05,0.00011288672968917291,47728
2984,0.18987663090229034,0.1893059629946947,0.0057066901281359605,0.11901022493839264,100476,3.759720511259245e-05,0.00011279161533777735,47744
2985,0.2040538601577282,0.20382991153746843,0.0022394342231564224,0.11901162564754486,100420,3.756550564175727e-05,0.0001126965169252718,47760
2986,0.12979104090481997,0.1295817270874977,0.0020931412145728245,0.11901300400495529,99098,3.753381149746443e-05,0.00011260143449239326,47776
2987,0.21040991134941578,0.21036795526742935,0.0004195604378764983,0.11901439726352692,98428,3.7502122693290695e-05,0.00011250636807987208,47792
2988,0.14186315052211285,0.14138091914355755,0.004822323491680436,0.11901585757732391,99045,3.7470439242810586e-05,0.00011241131772843173,47808
2989,0.152490577660501,0.15232550166547298,0.0016507606505911099,0.11901725083589554,101274,3.7438761159596225e-05,0.00011231628347878866,47824
2990,0.15704745799303055,0.15673827193677425,0.003091888385824859,0.11901868134737015,96741,3.7407088457217546e-05,0.00011222126537165263,47840
2991,0.17330457642674446,0.17282377742230892,0.004808003344805911,0.11902005970478058,97792,3.73754211492421e-05,0.00011212626344772628,47856
2992,0.18396936915814877,0.18377361167222261,0.001957549451617524,0.11902138590812683,99090,3.734375924923519e-05,0.00011203127774770554,47872
2993,0.20319431275129318,0.2030402570962906,0.0015405331942019984,0.11902276426553726,100433,3.731210277075972e-05,0.00011193630831227914,47888
2994,0.15739895217120647,0.157048923894763,0.003500267252093181,0.11902416497468948,102412,3.728045172737636e-05,0.00011184135518212906,47904
2995,0.13722368516027927,0.13685731403529644,0.003663716954179108,0.11902565509080887,100008,3.724880613264339e-05,0.00011174641839793016,47920
2996,0.24239880219101906,0.2421785518527031,0.0022024987192708068,0.11902710795402527,95792,3.721716600011679e-05,0.00011165149800035035,47936
2997,0.1729382835328579,0.17276237718760967,0.0017590359566383995,0.11902855336666107,104775,3.718553134335017e-05,0.00011155659403005048,47952
2998,0.16518096439540386,0.1650521717965603,0.001287916732053418,0.1190299466252327,95651,3.715390217589483e-05,0.00011146170652768447,47968
2999,0.21555314399302006,0.21506673097610474,0.004864150512730703,0.11903124302625656,99148,3.71222785112997e-05,0.00011136683553389907,47984
3000,0.1341850608587265,0.13406460359692574,0.0012045501789543778,0.11903250217437744,100462,3.709066036311134e-05,0.000111271981089334,48000
3001,0.18916048482060432,0.18901611678302288,0.0014436802521231584,0.1190338283777237,104770,3.705904774487396e-05,0.00011117714323462186,48016
3002,0.27664056047797203,0.27646204829216003,0.0017850992298917845,0.11903510987758636,97932,3.702744067012943e-05,0.00011108232201038828,48032
3003,0.19294842332601547,0.1926361285150051,0.003122989510302432,0.11903652548789978,103595,3.699583915241717e-05,0.0001109875174572515,48048
3004,0.24967389553785324,0.24953415989875793,0.001397340392145452,0.11903800070285797,95848,3.6964243205274307e-05,0.00011089272961582291,48064
3005,0.07621197402477264,0.07563192583620548,0.005800473154522479,0.11903946101665497,102067,3.693265284223554e-05,0.0001107979585267066,48080
3006,0.1548541784286499,0.15451694279909134,0.0033723531232681125,0.11904088407754898,94112,3.6901068076833136e-05,0.00011070320423049939,48096
3007,0.19159317575395107,0.19146492704749107,0.001282494718907401,0.1190422847867012,97582,3.686948892259703e-05,0.00011060846676779107,48112
3008,0.10820294544100761,0.10793562978506088,0.0026731751568149775,0.119043730199337,99450,3.6837915393054746e-05,0.00011051374617916422,48128
3009,0.17147592175751925,0.17135740723460913,0.0011851287781610154,0.11904515326023102,104845,3.680634750173137e-05,0.0001104190425051941,48144
3010,0.13772636465728283,0.1375735178589821,0.0015284676919691265,0.11904661357402802,101042,3.677478526214956e-05,0.00011032435578644867,48160
3011,0.2619638368487358,0.2617740258574486,0.0018980746141892268,0.11904796212911606,105523,3.6743228687829595e-05,0.00011022968606348877,48176
3012,0.1744353175163269,0.17413272708654404,0.003025881182111334,0.11904945969581604,95937,3.6711677792289337e-05,0.00011013503337686799,48192
3013,0.1689228191971779,0.16867917589843273,0.002436402799503412,0.11905103176832199,102487,3.6680132589044136e-05,0.00011004039776713239,48208
3014,0.17192023433744907,0.17180661112070084,0.0011362271034158766,0.1190527081489563,105848,3.664859309160697e-05,0.0001099457792748209,48224
3015,0.13703231886029243,0.13649939559400082,0.005329246865585446,0.11905425786972046,98219,3.661705931348838e-05,0.00010985117794046511,48240
3016,0.17366725951433182,0.1735159009695053,0.0015136044239625335,0.11905581504106522,103230,3.658553126819644e-05,0.0001097565938045893,48256
3017,0.2095951959490776,0.20947219338268042,0.0012300415110075846,0.11905724555253983,95368,3.655400896923672e-05,0.00010966202690771014,48272
3018,0.2354786917567253,0.23527753725647926,0.0020114688231842592,0.11905865371227264,99660,3.65224924301124e-05,0.00010956747729033718,48288
3019,0.14377572387456894,0.14341778308153152,0.003579407566576265,0.11906014382839203,96208,3.649098166432417e-05,0.00010947294499297249,48304
3020,0.19419430568814278,0.19401462003588676,0.0017969158943742514,0.11906154453754425,102074,3.645947668537022e-05,0.00010937843005611063,48320
3021,0.19291383400559425,0.19249216094613075,0.00421673824894242,0.1190628856420517,97065,3.642797750674629e-05,0.00010928393252023886,48336
3022,0.23644307255744934,0.23610332235693932,0.003397497464902699,0.11906424909830093,100561,3.639648414194563e-05,0.00010918945242583688,48352
3023,0.2769097201526165,0.276486087590456,0.004236291955749039,0.11906560510396957,104029,3.636499660445902e-05,0.00010909498981337704,48368
3024,0.24341066554188728,0.24299613013863564,0.004145390324993059,0.11906688660383224,97105,3.633351490777467e-05,0.00010900054472332399,48384
3025,0.21219483204185963,0.21207929216325283,0.0011553952499525622,0.11906830966472626,102944,3.630203906537838e-05,0.00010890611719613512,48400
3026,0.1469274628907442,0.14630572870373726,0.006217356480192393,0.11906963586807251,93333,3.62705690907534e-05,0.00010881170727226018,48416
3027,0.20128856226801872,0.20104540325701237,0.0024316073686350137,0.11907093226909637,103453,3.623910499738043e-05,0.00010871731499214128,48432
3028,0.09071804396808147,0.09049244783818722,0.0022559613280463964,0.11907236278057098,101005,3.620764679873772e-05,0.00010862294039621313,48448
3029,0.15503830648958683,0.15472075529396534,0.0031754973460920155,0.11907383799552917,96687,3.617619450830097e-05,0.00010852858352490289,48464
3030,0.1806177757680416,0.18041238747537136,0.002053873788099736,0.11907533556222916,98484,3.6144748139543316e-05,0.00010843424441862993,48480
3031,0.19322352297604084,0.19298530742526054,0.0023821802215024945,0.11907687783241272,102549,3.6113307705935396e-05,0.00010833992311780617,48496
3032,0.20684675313532352,0.206654230132699,0.0019252736001362791,0.1190783679485321,102982,3.608187322094528e-05,0.00010824561966283583,48512
3033,0.2683957740664482,0.2681895010173321,0.0020626902260119095,0.1190798282623291,94708,3.605044469803854e-05,0.00010815133409411562,48528
3034,0.14055189117789268,0.14027484320104122,0.0027704947569873184,0.11908134073019028,98065,3.601902215067813e-05,0.00010805706645203437,48544
3035,0.12650224659591913,0.12622831668704748,0.0027393257441872265,0.11908286809921265,95683,3.5987605592324456e-05,0.00010796281677697335,48560
3036,0.10787376016378403,0.10739821940660477,0.004755424684844911,0.1190844401717186,100544,3.5956195036435406e-05,0.00010786858510930621,48576
3037,0.13889192789793015,0.13858962059020996,0.0030230663251131773,0.11908593773841858,97249,3.592479049646623e-05,0.00010777437148939868,48592
3038,0.22730613127350807,0.22710536792874336,0.0020076229411643,0.11908748000860214,98960,3.589339198586967e-05,0.00010768017595760901,48608
3039,0.17648330703377724,0.17634235695004463,0.0014094898360781372,0.11908906698226929,103784,3.586199951809582e-05,0.00010758599855428746,48624
3040,0.13498090580105782,0.13420379720628262,0.007771092583425343,0.11909056454896927,100497,3.583061310659226e-05,0.00010749183931977676,48640
3041,0.18407605774700642,0.18386142328381538,0.002146300765161868,0.11909206956624985,102436,3.579923276480387e-05,0.0001073976982944116,48656
3042,0.23097798973321915,0.2306210622191429,0.0035692979290615767,0.11909354478120804,98328,3.576785850617304e-05,0.0001073035755185191,48672
3043,0.23490161448717117,0.23471423238515854,0.0018737984355539083,0.11909492313861847,96511,3.57364903441395e-05,0.00010720947103241847,48688
3044,0.23416107892990112,0.23391694203019142,0.002441436954541132,0.11909618973731995,97585,3.570512829214033e-05,0.00010711538487642098,48704
3045,0.1522437296807766,0.15206468850374222,0.0017904452979564667,0.11909739673137665,97069,3.567377236361008e-05,0.00010702131709083023,48720
3046,0.10307619720697403,0.10269556753337383,0.0038062960957176983,0.11909860372543335,97061,3.564242257198065e-05,0.00010692726771594193,48736
3047,0.1659405268728733,0.16569101810455322,0.0024950530350906774,0.11909981817007065,96153,3.5611078930681254e-05,0.00010683323679204374,48752
3048,0.20530065707862377,0.20511874184012413,0.0018191563576692715,0.11910098046064377,100114,3.557974145313851e-05,0.00010673922435941551,48768
3049,0.21053110249340534,0.21028101444244385,0.002500911366951186,0.11910214275121689,99897,3.554841015277641e-05,0.00010664523045832922,48784
3050,0.16979024559259415,0.16947492212057114,0.003153211175231263,0.11910338699817657,97901,3.551708504301633e-05,0.00010655125512904897,48800
3051,0.11239534057676792,0.11185730993747711,0.005380325674195774,0.11910471320152283,92517,3.5485766137276894e-05,0.00010645729841183066,48816
3052,0.2505667470395565,0.2503930553793907,0.0017368557455483824,0.11910601705312729,103869,3.545445344897413e-05,0.00010636336034692238,48832
3053,0.10851521417498589,0.10812421701848507,0.003909990475222003,0.1191074475646019,96535,3.542314699152145e-05,0.00010626944097456434,48848
3054,0.22140397131443024,0.22110522165894508,0.0029874533793190494,0.11910885572433472,102623,3.5391846778329476e-05,0.00010617554033498843,48864
3055,0.1362257208675146,0.1359169241040945,0.003087971417699009,0.11911028623580933,100364,3.536055282280627e-05,0.00010608165846841879,48880
3056,0.15442667715251446,0.1540394350886345,0.0038723934558220208,0.11911170929670334,100283,3.5329265138357165e-05,0.00010598779541507148,48896
3057,0.15636266209185123,0.15609776973724365,0.0026488839939702302,0.11911305040121078,97131,3.529798373838481e-05,0.00010589395121515441,48912
3058,0.11559201776981354,0.11530721187591553,0.0028480452092480846,0.11911451071500778,97947,3.5266708636289145e-05,0.00010580012590886742,48928
3059,0.27908242493867874,0.278956763446331,0.0012566002988023683,0.11911586672067642,103563,3.523543984546744e-05,0.0001057063195364023,48944
3060,0.22653794288635254,0.22618845477700233,0.0034948847896885127,0.11911719292402267,99468,3.520417737931427e-05,0.0001056125321379428,48960
3061,0.18002289906144142,0.1797834224998951,0.0023947656991367694,0.11911845952272415,101389,3.5172921251221455e-05,0.00010551876375366436,48976
3062,0.13142984360456467,0.13104675710201263,0.003830870547972154,0.11911984533071518,96705,3.5141671474578144e-05,0.00010542501442373441,48992
3063,0.16874023713171482,0.16864259913563728,0.0009764010028447956,0.11912135779857635,98001,3.511042806277075e-05,0.00010533128418831223,49008
3064,0.21735451370477676,0.21718838438391685,0.0016613462794339284,0.1191229447722435,99607,3.507919102918293e-05,0.00010523757308754879,49024
3065,0.17797847650945187,0.17788385972380638,0.0009461774070587126,0.11912457644939423,104154,3.504796038719567e-05,0.00010514388116158701,49040
3066,0.15574187226593494,0.15562034398317337,0.0012153209900134243,0.11912624537944794,100257,3.5016736150187166e-05,0.00010505020845056149,49056
3067,0.1830761320888996,0.18293393030762672,0.0014220502052921802,0.11912790685892105,104403,3.498551833153292e-05,0.00010495655499459874,49072
3068,0.20846009626984596,0.20837778598070145,0.0008231087704189122,0.11912957578897476,104091,3.4954306944605595e-05,0.00010486292083381678,49088
3069,0.15960344672203064,0.1592426635324955,0.0036078304692637175,0.1191311702132225,92297,3.492310200277522e-05,0.00010476930600832565,49104
3070,0.16599927470088005,0.16564426943659782,0.003550027380697429,0.11913275718688965,98934,3.489190351940898e-05,0.0001046757105582269,49120
3071,0.15708091668784618,0.15661603957414627,0.004648787304176949,0.11913423985242844,97035,3.486071150787128e-05,0.00010458213452361383,49136
3072,0.2423742674291134,0.24206090345978737,0.0031336418105638586,0.1191357746720314,99087,3.482952598152381e-05,0.00010448857794457143,49152
3073,0.13778559677302837,0.13765179738402367,0.0013380158525251318,0.11913727223873138,99222,3.479834695372548e-05,0.00010439504086117644,49168
3074,0.2899259403347969,0.2898099347949028,0.0011600478801767622,0.11913865804672241,105774,3.47671744378324e-05,0.00010430152331349717,49184
3075,0.2083206009119749,0.2081295493990183,0.0019105227293039206,0.1191399022936821,101372,3.4736008447197823e-05,0.00010420802534159346,49200
3076,0.13872849568724632,0.13830826431512833,0.00420228362781927,0.11914113163948059,97843,3.4704848995172326e-05,0.00010411454698551695,49216
3077,0.18995855748653412,0.18973128870129585,0.0022727195682819,0.1191423088312149,98146,3.467369609510363e-05,0.00010402108828531086,49232
3078,0.1509611662477255,0.15058453753590584,0.003766314417589456,0.11914344877004623,99158,3.4642549760336604e-05,0.00010392764928100981,49248
3079,0.2235895562916994,0.2234124094247818,0.0017714219575282186,0.1191447302699089,103133,3.461141000421337e-05,0.0001038342300126401,49264
3080,0.18515757285058498,0.18500616773962975,0.0015140195173444226,0.11914607137441635,98881,3.458027684007324e-05,0.00010374083052021971,49280
3081,0.13171188905835152,0.1316062230616808,0.0010566749260760844,0.11914756149053574,100028,3.4549150281252636e-05,0.0001036474508437579,49296
3082,0.13476458005607128,0.13447795435786247,0.0028662297772825696,0.11914899945259094,98301,3.451803034108519e-05,0.00010355409102325557,49312
3083,0.28289005532860756,0.2827354446053505,0.0015460483718925389,0.11915034055709839,104744,3.448691703290171e-05,0.00010346075109870513,49328
3084,0.1898314692080021,0.18936972878873348,0.004617420549038798,0.11915165185928345,103334,3.445581037003015e-05,0.00010336743111009043,49344
3085,0.1650883462280035,0.16495594382286072,0.0013239944369161094,0.1191532090306282,98818,3.44247103657956e-05,0.00010327413109738679,49360
3086,0.18197244219481945,0.1817407924681902,0.0023164776212070137,0.11915469914674759,98409,3.439361703352032e-05,0.00010318085110056094,49376
3087,0.21571598947048187,0.21531208977103233,0.0040389847417827696,0.11915614455938339,98421,3.436253038652373e-05,0.00010308759115957118,49392
3088,0.13962486572563648,0.13936280272901058,0.0026206316833849996,0.11915801465511322,98813,3.43314504381223e-05,0.00010299435131436689,49408
3089,0.19381166622042656,0.19360296428203583,0.0020870619046036154,0.11915992200374603,103374,3.4300377201629754e-05,0.00010290113160488924,49424
3090,0.10523051023483276,0.10486859269440174,0.003619171751779504,0.11916175484657288,98037,3.426931069035686e-05,0.00010280793207107056,49440
3091,0.18615996651351452,0.1859925538301468,0.0016740944192861207,0.11916359513998032,101866,3.423825091761153e-05,0.00010271475275283457,49456
3092,0.15997578017413616,0.1597598809748888,0.0021589829120785,0.11916538327932358,98263,3.420719789669876e-05,0.00010262159369009628,49472
3093,0.14470994379371405,0.1444978890940547,0.0021205622324487194,0.11916711926460266,101404,3.417615164092069e-05,0.00010252845492276208,49488
3094,0.2716798335313797,0.27145025692880154,0.0022958010813454166,0.11916869878768921,99940,3.4145112163576576e-05,0.00010243533649072971,49504
3095,0.2015701849013567,0.2014734074473381,0.0009677794150775298,0.11917015165090561,103966,3.411407947796271e-05,0.00010234223843388813,49520
3096,0.19821528159081936,0.19806397892534733,0.0015130157844396308,0.11917169392108917,97779,3.408305359737252e-05,0.00010224916079211754,49536
3097,0.15835841372609138,0.1576748564839363,0.006835554871940985,0.11917302012443542,100858,3.40520345350965e-05,0.00010215610360528948,49552
3098,0.21985636465251446,0.21943319402635098,0.004231744635205814,0.11917432397603989,95784,3.402102230442226e-05,0.00010206306691326676,49568
3099,0.16403490491211414,0.16376726143062115,0.0026764329231809825,0.1191757544875145,104548,3.399001691863441e-05,0.00010197005075590324,49584
3100,0.19084740243852139,0.19061492010951042,0.002324825356481597,0.11917739361524582,102100,3.395901839101471e-05,0.00010187705517304411,49600
3101,0.2067654449492693,0.20648887008428574,0.0027657738246489316,0.11917881667613983,100995,3.392802673484193e-05,0.00010178408020452579,49616
3102,0.19015934690833092,0.18974076397717,0.004185795245575719,0.11918025463819504,105272,3.38970419633919e-05,0.00010169112589017568,49632
3103,0.13944157771766186,0.13891923241317272,0.005223477230174467,0.11918161064386368,100797,3.386606408993753e-05,0.00010159819226981258,49648
3104,0.24388251453638077,0.2435644455254078,0.0031806651095394045,0.11918293684720993,96894,3.383509312774875e-05,0.00010150527938324624,49664
3105,0.1794562079012394,0.17930330336093903,0.0015290394021576503,0.11918431520462036,98776,3.380412909009254e-05,0.00010141238727027761,49680
3106,0.15000523813068867,0.14972550049424171,0.00279737065648078,0.11918582022190094,96821,3.377317199023289e-05,0.00010131951597069865,49696
3107,0.11614122334867716,0.11600374896079302,0.001374740750179626,0.11918724328279495,100878,3.374222184143086e-05,0.00010122666552429259,49712
3108,0.2325492762029171,0.23220156878232956,0.0034770731143112243,0.11918848007917404,104974,3.371127865694452e-05,0.00010113383597083354,49728
3109,0.1116988081485033,0.11121964082121849,0.004791659739566967,0.11918962746858597,97155,3.3680342450028915e-05,0.00010104102735008674,49744
3110,0.20280673541128635,0.20264126732945442,0.0016546937658858951,0.11919073760509491,100860,3.364941323393615e-05,0.00010094823970180843,49760
3111,0.13738272339105606,0.1370382346212864,0.003444920368565363,0.1191917136311531,102260,3.361849102191533e-05,0.00010085547306574598,49776
3112,0.18563128262758255,0.18552101589739323,0.001102696180169005,0.11919280141592026,102630,3.358757582721253e-05,0.00010076272748163756,49792
3113,0.18244611471891403,0.18212195672094822,0.0032416157914667565,0.11919388175010681,97963,3.355666766307084e-05,0.00010067000298921251,49808
3114,0.2207128033041954,0.22052907571196556,0.0018372477238699503,0.11919493973255157,102076,3.3525766542730334e-05,0.00010057729962819099,49824
3115,0.16536655835807323,0.1647369060665369,0.006296559353359044,0.11919591575860977,92323,3.3494872479428095e-05,0.00010048461743828428,49840
3116,0.24743814393877983,0.24678291380405426,0.0065523109515197575,0.11919686198234558,99803,3.346398548639812e-05,0.00010039195645919437,49856
3117,0.2623688243329525,0.2621138319373131,0.0025498497125227004,0.11919791996479034,98601,3.343310557687145e-05,0.00010029931673061433,49872
3118,0.18300234340131283,0.18273858726024628,0.002637538287672214,0.1191989928483963,101381,3.340223276407605e-05,0.00010020669829222813,49888
3119,0.12435039691627026,0.1242478433996439,0.001025570012643584,0.119200199842453,100505,3.337136706123682e-05,0.00010011410118371046,49904
3120,0.09657904598861933,0.09640193171799183,0.0017711349937599152,0.11920144408941269,97892,3.3340508481575675e-05,0.000100021525444727,49920
3121,0.15616752952337265,0.15576235949993134,0.004051681258715689,0.1192026361823082,93240,3.330965703831146e-05,9.992897111493437e-05,49936
3122,0.17822292260825634,0.17811147309839725,0.0011144966701976955,0.11920396238565445,103699,3.327881274465994e-05,9.98364382339798e-05,49952
3123,0.1673671454191208,0.16697817854583263,0.0038896280602784827,0.11920523643493652,95685,3.32479756138338e-05,9.97439268415014e-05,49968
3124,0.09683556389063597,0.09660771675407887,0.002278452637256123,0.11920670419931412,101983,3.321714565904273e-05,9.96514369771282e-05,49984
3125,0.19659373722970486,0.19634414836764336,0.002495864923730551,0.11920811235904694,95558,3.318632289349332e-05,9.955896868047993e-05,50000
3126,0.21532589942216873,0.21494760364294052,0.003782948449952528,0.11920943856239319,100090,3.3155507330389e-05,9.946652199116699e-05,50016
3127,0.16364439204335213,0.16347327083349228,0.0017111966226366349,0.11921079456806183,100395,3.312469898293022e-05,9.937409694879064e-05,50032
3128,0.13289743568748236,0.13267025258392096,0.002271832461701706,0.11921215057373047,101627,3.309389786431431e-05,9.92816935929429e-05,50048
3129,0.22427840903401375,0.22399455308914185,0.0028385450277710333,0.11921343952417374,98541,3.3063103987735433e-05,9.918931196320629e-05,50064
3130,0.17797947395592928,0.17784036416560411,0.0013911160567658953,0.11921469867229462,101662,3.303231736638477e-05,9.909695209915429e-05,50080
3131,0.20388374105095863,0.20372656360268593,0.0015718278800704866,0.11921605467796326,100748,3.300153801345028e-05,9.900461404035084e-05,50096
3132,0.2646828107535839,0.2643337771296501,0.003490320686978521,0.11921734362840652,100750,3.297076594211692e-05,9.891229782635074e-05,50112
3133,0.15759839117527008,0.1574226627126336,0.0017573114455444738,0.11921870708465576,103617,3.294000116556641e-05,9.88200034966992e-05,50128
3134,0.18465807288885117,0.1843751911073923,0.002828852564562112,0.11921994388103485,91843,3.290924369697743e-05,9.872773109093228e-05,50144
3135,0.10104932822287083,0.10089344531297684,0.0015588330425089225,0.11922124773263931,98901,3.287849354952552e-05,9.863548064857654e-05,50160
3136,0.2350903544574976,0.2348802499473095,0.0021010389318689704,0.11922244727611542,99632,3.284775073638302e-05,9.854325220914903e-05,50176
3137,0.09464532323181629,0.09416461363434792,0.0048070815682876855,0.1192236840724945,92136,3.28170152707192e-05,9.845104581215758e-05,50192
3138,0.1951182782649994,0.19492275640368462,0.001955200597876683,0.11922489106655121,96340,3.278628716570017e-05,9.83588614971005e-05,50208
3139,0.20725017972290516,0.2070396151393652,0.0021056919649709016,0.11922608315944672,98589,3.275556643448885e-05,9.826669930346654e-05,50224
3140,0.2386863473802805,0.2384737990796566,0.0021254646126180887,0.11922725290060043,103115,3.272485309024503e-05,9.817455927073508e-05,50240
3141,0.20628348365426064,0.20623791962862015,0.00045558482815977186,0.11922849714756012,105297,3.2694147146125345e-05,9.808244143837602e-05,50256
3142,0.16163155436515808,0.16155133210122585,0.0008022506499401061,0.1192297711968422,102626,3.266344861528326e-05,9.799034584584975e-05,50272
3143,0.16284093540161848,0.1622602352872491,0.00580695565440692,0.1192309632897377,95753,3.2632757510869e-05,9.7898272532607e-05,50288
3144,0.13205706514418125,0.1318761333823204,0.0018093088447130867,0.11923220008611679,102119,3.260207384602969e-05,9.780622153808905e-05,50304
3145,0.2093333601951599,0.2091999053955078,0.0013345176012080628,0.11923345923423767,100076,3.257139763390925e-05,9.771419290172773e-05,50320
3146,0.21135764941573143,0.2112986035645008,0.0005904088066017721,0.11923476308584213,102236,3.254072888764836e-05,9.762218666294508e-05,50336
3147,0.16523359902203083,0.16515965946018696,0.0007394033873424632,0.11923612654209137,104684,3.2510067620384564e-05,9.753020286115368e-05,50352
3148,0.2032349668443203,0.20285482332110405,0.0038014006277080625,0.11923739314079285,101189,3.247941384525217e-05,9.743824153575648e-05,50368
3149,0.13306366559118032,0.13278638664633036,0.0027727966371458024,0.11923863738775253,103076,3.244876757538228e-05,9.734630272614683e-05,50384
3150,0.13740655221045017,0.13732502609491348,0.000815287762634398,0.1192401871085167,102898,3.241812882390277e-05,9.72543864717083e-05,50400
3151,0.14468572102487087,0.1443920060992241,0.002937143504823325,0.11924189329147339,99900,3.2387497603938326e-05,9.716249281181497e-05,50416
3152,0.14180663414299488,0.1409088373184204,0.008977977180620655,0.1192435771226883,90245,3.23568739286104e-05,9.707062178583119e-05,50432
3153,0.2099322509020567,0.20976410061120987,0.0016815224194033362,0.11924517154693604,99076,3.2326257811037155e-05,9.697877343311144e-05,50448
3154,0.13620281405746937,0.13585508055984974,0.003477342877886258,0.11924682557582855,98622,3.229564926433359e-05,9.688694779300075e-05,50464
3155,0.17891849391162395,0.17866865918040276,0.0024983456096379086,0.11924834549427032,102546,3.226504830161145e-05,9.679514490483436e-05,50480
3156,0.1811755746603012,0.18102436885237694,0.0015120473035494797,0.11924976110458374,102284,3.2234454935979205e-05,9.670336480793761e-05,50496
3157,0.25345990248024464,0.25319139659404755,0.0026850491267396137,0.11925119906663895,99157,3.2203869180542064e-05,9.661160754162618e-05,50512
3158,0.18001004680991173,0.17980136908590794,0.0020867208222625777,0.11925256252288818,103741,3.2173291048402e-05,9.651987314520599e-05,50528
3159,0.2983994148671627,0.2982509061694145,0.001485103148752387,0.11925393342971802,101394,3.214272055265775e-05,9.642816165797323e-05,50544
3160,0.26114102452993393,0.2610350791364908,0.0010594425384624628,0.11925528943538666,102682,3.211215770640469e-05,9.633647311921405e-05,50560
3161,0.14955728314816952,0.14939724653959274,0.0016003486744011752,0.11925659328699112,106396,3.2081602522734986e-05,9.624480756820496e-05,50576
3162,0.13335634022951126,0.13319137506186962,0.0016496599782840349,0.11925804615020752,103088,3.205105501473754e-05,9.615316504421262e-05,50592
3163,0.18479516170918941,0.1844629980623722,0.003321631580547546,0.1192595511674881,96876,3.202051519549789e-05,9.606154558649365e-05,50608
3164,0.10589642636477947,0.10554218292236328,0.003542427520642377,0.11926109343767166,95616,3.198998307809836e-05,9.596994923429508e-05,50624
3165,0.19206996262073517,0.1918551530689001,0.002148082036001142,0.11926261335611343,97585,3.195945867561791e-05,9.587837602685372e-05,50640
3166,0.18596122041344643,0.18570712208747864,0.002541009715059772,0.11926403641700745,98333,3.192894200113225e-05,9.578682600339675e-05,50656
3167,0.15281056333333254,0.15270353574305773,0.0010703126017688191,0.11926543712615967,101588,3.189843306771374e-05,9.569529920314121e-05,50672
3168,0.15486888028681278,0.15465005673468113,0.0021882391156395897,0.11926674097776413,99587,3.1867931888431444e-05,9.560379566529431e-05,50688
3169,0.13895351439714432,0.13858110643923283,0.003724119160324335,0.11926808208227158,99160,3.183743847635109e-05,9.551231542905325e-05,50704
3170,0.20832658559083939,0.2082303948700428,0.000961893776548095,0.11926937103271484,103954,3.180695284453509e-05,9.542085853360527e-05,50720
3171,0.13098810613155365,0.1308151502162218,0.00172956551250536,0.1192706897854805,100966,3.177647500604252e-05,9.532942501812754e-05,50736
3172,0.19366119243204594,0.1934752818197012,0.001859103562310338,0.11927208304405212,103046,3.174600497392912e-05,9.523801492178736e-05,50752
3173,0.19160441495478153,0.1912733092904091,0.0033110761432908475,0.11927338689565659,102227,3.1715542761247286e-05,9.514662828374185e-05,50768
3174,0.1581946425139904,0.1578221693634987,0.0037247465224936604,0.11927463859319687,100569,3.1685088381046065e-05,9.505526514313818e-05,50784
3175,0.14369862340390682,0.14351805485785007,0.0018056818516924977,0.11927588284015656,101846,3.165464184637112e-05,9.496392553911336e-05,50800
3176,0.2194420676678419,0.21934525482356548,0.0009680882685643155,0.11927710473537445,102306,3.162420317026483e-05,9.487260951079448e-05,50816
3177,0.16252307780086994,0.1622522473335266,0.0027083149761892855,0.11927832663059235,100875,3.1593772365766105e-05,9.47813170972983e-05,50832
3178,0.14178033266216516,0.14144754223525524,0.003327913087559864,0.11927951872348785,102855,3.1563349445910565e-05,9.469004833773167e-05,50848
3179,0.166878592222929,0.1667001210153103,0.0017847049748525023,0.1192808598279953,104078,3.153293442373042e-05,9.459880327119125e-05,50864
3180,0.17579011991620064,0.17560560256242752,0.0018451546784490347,0.11928220838308334,101438,3.1502527312254474e-05,9.45075819367634e-05,50880
3181,0.17357769794762135,0.17315626703202724,0.004214265016344143,0.11928369849920273,98757,3.147212812450819e-05,9.441638437352454e-05,50896
3182,0.18157576024532318,0.18126487731933594,0.0031088446266949177,0.11928510665893555,93102,3.1441736873513616e-05,9.432521062054084e-05,50912
3183,0.17328635789453983,0.17315907403826714,0.0012728328729281202,0.11928649246692657,99863,3.14113535722894e-05,9.42340607168682e-05,50928
3184,0.10718462988734245,0.10693202167749405,0.002526092401240021,0.11928791552782059,94071,3.138097823385076e-05,9.414293470155229e-05,50944
3185,0.20882832631468773,0.20866462215781212,0.0016370176526834257,0.11928926408290863,98755,3.135061087120955e-05,9.405183261362863e-05,50960
3186,0.16161412186920643,0.16125031933188438,0.003637999252532609,0.11929050832986832,98924,3.132025149737419e-05,9.396075449212255e-05,50976
3187,0.1695451233536005,0.169412137940526,0.0013298545080715485,0.11929216980934143,98542,3.128990012534965e-05,9.386970037604892e-05,50992
3188,0.17186454311013222,0.17160016112029552,0.0026438223430886865,0.1192939281463623,98564,3.125955676813748e-05,9.377867030441244e-05,51008
3189,0.17505621630698442,0.17501352727413177,0.00042690662303357385,0.1192956417798996,100748,3.122922143873584e-05,9.368766431620751e-05,51024
3190,0.1553328949958086,0.15471020340919495,0.006226932775462046,0.11929721385240555,99819,3.119889415013943e-05,9.359668245041827e-05,51040
3191,0.10705542750656605,0.10673126205801964,0.0032416468602605164,0.11929874867200851,100659,3.116857491533947e-05,9.350572474601839e-05,51056
3192,0.22546704299747944,0.22515232488512993,0.0031471609208892914,0.11930020153522491,99672,3.113826374732375e-05,9.341479124197123e-05,51072
3193,0.23542265594005585,0.23510411381721497,0.00318549452276784,0.11930147558450699,99226,3.110796065907665e-05,9.332388197722994e-05,51088
3194,0.2067454718053341,0.20652329549193382,0.0022217406731215306,0.11930271238088608,98210,3.1077665663579014e-05,9.323299699073703e-05,51104
3195,0.12048402335494757,0.12036621198058128,0.0011781011417042464,0.11930393427610397,100641,3.104737877380828e-05,9.314213632142482e-05,51120
3196,0.14696010202169418,0.1466920543462038,0.0026804914232343435,0.11930530518293381,95742,3.101710000273838e-05,9.305130000821513e-05,51136
3197,0.14861801452934742,0.14850452728569508,0.0011348768457537517,0.11930674314498901,103742,3.098682936333976e-05,9.296048809001928e-05,51152
3198,0.14068357087671757,0.14037733525037766,0.0030624080973211676,0.11930824816226959,95671,3.095656686857942e-05,9.286970060573824e-05,51168
3199,0.2078386191278696,0.2076663374900818,0.0017227442003786564,0.11930970102548599,97737,3.0926312531420856e-05,9.277893759426255e-05,51184
3200,0.17511971853673458,0.17485005594789982,0.0026966084114974365,0.11931111663579941,101326,3.089606636482406e-05,9.268819909447217e-05,51200
3201,0.17509173974394798,0.1749459132552147,0.0014582680980765872,0.11931244283914566,102328,3.086582838174551e-05,9.259748514523653e-05,51216
3202,0.18478038161993027,0.18440066277980804,0.003797204498823703,0.11931372433900833,102733,3.083559859513822e-05,9.250679578541465e-05,51232
3203,0.18722154572606087,0.18701341561973095,0.002081297818222083,0.11931494623422623,99361,3.080537701795168e-05,9.241613105385503e-05,51248
3204,0.26998914033174515,0.26973117142915726,0.0025797193811740726,0.11931604146957397,102741,3.0775163663131823e-05,9.232549098939546e-05,51264
3205,0.1626539370045066,0.16254123207181692,0.0011270679533481598,0.11931711435317993,100037,3.07449585436211e-05,9.223487563086328e-05,51280
3206,0.2055529411882162,0.20541029796004295,0.0014264271466117862,0.11931812018156052,102720,3.071476167235843e-05,9.214428501707527e-05,51296
3207,0.21025151945650578,0.20997855253517628,0.0027296834312551255,0.11931917816400528,101048,3.068457306227921e-05,9.205371918683761e-05,51312
3208,0.11289580352604389,0.11278250440955162,0.0011329791759635555,0.11932022869586945,99378,3.065439272631525e-05,9.196317817894575e-05,51328
3209,0.13994058966636658,0.13967673480510712,0.0026385775418020785,0.11932135373353958,104188,3.062422067739485e-05,9.187266203218456e-05,51344
3210,0.1576208733022213,0.1573993880301714,0.0022148815041873604,0.11932249367237091,100132,3.0594056928442794e-05,9.178217078532837e-05,51360
3211,0.13463866524398327,0.13406561501324177,0.005730515520554036,0.11932356655597687,90327,3.056390149238022e-05,9.169170447714064e-05,51376
3212,0.13865814171731472,0.13841136172413826,0.002467790040100226,0.11932473629713058,98054,3.05337543821248e-05,9.16012631463744e-05,51392
3213,0.1829996258020401,0.18276883102953434,0.002307961418409832,0.11932589113712311,99039,3.0503615610590603e-05,9.151084683177179e-05,51408
3214,0.19552044570446014,0.19520771130919456,0.003127394011244178,0.11932698637247086,99185,3.0473485190688077e-05,9.142045557206422e-05,51424
3215,0.14226649329066277,0.142175555229187,0.000909385929844575,0.11932820826768875,101640,3.0443363135324165e-05,9.133008940597249e-05,51440
3216,0.15920267440378666,0.15904085338115692,0.0016182306862901896,0.11932947486639023,101564,3.0413249457402206e-05,9.12397483722066e-05,51456
3217,0.1451529348269105,0.14491276256740093,0.0024017090763663873,0.11933086067438126,100842,3.038314416982194e-05,9.114943250946581e-05,51472
3218,0.24395127967000008,0.243698600679636,0.002526813230360858,0.11933216452598572,101552,3.0353047285479493e-05,9.105914185643846e-05,51488
3219,0.19921584241092205,0.19858025573194027,0.006355889432597905,0.11933355033397675,92557,3.0322958817267426e-05,9.096887645180228e-05,51504
3220,0.18123377114534378,0.1809876412153244,0.0024612755630641914,0.11933490633964539,97439,3.0292878778074713e-05,9.087863633422413e-05,51520
3221,0.1363403368741274,0.13612163625657558,0.0021870375494472682,0.11933627724647522,96200,3.0262807180786647e-05,9.078842154235992e-05,51536
3222,0.1697685644030571,0.1694352850317955,0.0033328011340927333,0.11933770030736923,99311,3.0232744038284954e-05,9.069823211485485e-05,51552
3223,0.1980574056506157,0.1978699080646038,0.0018750000454019755,0.11933927983045578,100591,3.0202689363447734e-05,9.060806809034319e-05,51568
3224,0.10484720021486282,0.10472612269222736,0.001210761874972377,0.11934098601341248,105002,3.017264316914947e-05,9.05179295074484e-05,51584
3225,0.15814474411308765,0.15794189274311066,0.002028532537224237,0.11934253573417664,91293,3.0142605468260978e-05,9.042781640478291e-05,51600
3226,0.10284820571541786,0.10252892225980759,0.0031928166863508523,0.11934400349855423,100705,3.011257627364945e-05,9.033772882094833e-05,51616
3227,0.15987538173794746,0.15946785360574722,0.004075282078702003,0.11934536695480347,95656,3.0082555598178465e-05,9.024766679453538e-05,51632
3228,0.22038834542036057,0.22012524865567684,0.002630948453770543,0.11934677511453629,100614,3.0052543454707894e-05,9.015763036412366e-05,51648
3229,0.18393582105636597,0.1837589517235756,0.0017687065992504358,0.11934829503297806,98279,3.0022539856094007e-05,9.0067619568282e-05,51664
3230,0.09504519868642092,0.09491905011236668,0.0012614936422323808,0.1193498894572258,100967,2.999254481518939e-05,8.997763444556815e-05,51680
3231,0.09833366516977549,0.09820421040058136,0.0012945549242431298,0.11935150623321533,100673,2.996255834484296e-05,8.988767503452887e-05,51696
3232,0.20954196527600288,0.20929723605513573,0.0024473014927934855,0.11935297399759293,98877,2.9932580457899968e-05,8.979774137369989e-05,51712
3233,0.24065472558140755,0.24052675813436508,0.0012796747323591262,0.11935438215732574,99880,2.9902611167202e-05,8.970783350160599e-05,51728
3234,0.17738886550068855,0.17724679969251156,0.0014206592459231615,0.11935574561357498,98415,2.9872650485586932e-05,8.961795145676078e-05,51744
3235,0.14066078141331673,0.14035163074731827,0.003091505932388827,0.11935707181692123,96435,2.984269842588898e-05,8.952809527766693e-05,51760
3236,0.15378112718462944,0.1533539928495884,0.004271355253877118,0.11935832351446152,95016,2.9812755000938642e-05,8.943826500281591e-05,51776
3237,0.13072923012077808,0.13061610609292984,0.001131235680077225,0.11935967206954956,104145,2.9782820223562756e-05,8.934846067068825e-05,51792
3238,0.20524458400905132,0.20505863055586815,0.0018595190995256416,0.1193610429763794,102280,2.97528941065844e-05,8.925868231975319e-05,51808
3239,0.14478878490626812,0.1446282509714365,0.001605332036888285,0.11936238408088684,100082,2.9722976662822987e-05,8.916892998846895e-05,51824
3240,0.19959464110434055,0.19944233261048794,0.001523081195045961,0.11936378479003906,101076,2.969306790509419e-05,8.907920371528256e-05,51840
3241,0.1357069155201316,0.13529060035943985,0.004163183271884918,0.11936511844396591,104781,2.9663167846209998e-05,8.898950353862998e-05,51856
3242,0.1605281289666891,0.16039543598890305,0.0013269070841488428,0.11936669051647186,104123,2.9633276498978602e-05,8.88998294969358e-05,51872
3243,0.29190246388316154,0.2917112857103348,0.001911817213112954,0.11936815828084946,98563,2.9603393876204544e-05,8.881018162861362e-05,51888
3244,0.11232326366007328,0.11212834902107716,0.0019491649145493284,0.11936983466148376,102391,2.957351999068858e-05,8.872055997206572e-05,51904
3245,0.2361703161150217,0.23595329001545906,0.0021702423982787877,0.11937128752470016,101548,2.954365485522771e-05,8.863096456568311e-05,51920
3246,0.11111896857619286,0.11082755029201508,0.002914173004683107,0.11937275528907776,104563,2.951379848261523e-05,8.854139544784567e-05,51936
3247,0.16388084180653095,0.1635479498654604,0.00332889222772792,0.11937405914068222,99588,2.9483950885640673e-05,8.845185265692201e-05,51952
3248,0.10654762294143438,0.1057239156216383,0.008237064350396395,0.1193753108382225,99678,2.945411207708979e-05,8.836233623126935e-05,51968
3249,0.1615667473524809,0.16133268363773823,0.002340598264709115,0.11937656253576279,101536,2.9424282069744564e-05,8.827284620923368e-05,51984
3250,0.2106118258088827,0.21030533127486706,0.0030649348818769795,0.1193777397274971,98388,2.9394460876383234e-05,8.818338262914968e-05,52000
3251,0.1375027485191822,0.136849632486701,0.0065311254729749635,0.1193789541721344,92244,2.936464850978027e-05,8.809394552934079e-05,52016
3252,0.18264308758080006,0.1823567096143961,0.0028638158837566152,0.11938011646270752,96300,2.9334844982706317e-05,8.800453494811894e-05,52032
3253,0.1860094927251339,0.18591047450900078,0.0009901925950543955,0.1193813681602478,101913,2.9305050307928262e-05,8.791515092378477e-05,52048
3254,0.1586833093315363,0.15852485410869122,0.0015845426542000496,0.11938273161649704,99895,2.9275264498209213e-05,8.782579349462764e-05,52064
3255,0.12536825239658356,0.12494574673473835,0.004225066564686131,0.1193840503692627,101296,2.9245487566308445e-05,8.773646269892532e-05,52080
3256,0.13910707831382751,0.13877777196466923,0.0032930744637269527,0.11938540637493134,99749,2.9215719524981467e-05,8.764715857494439e-05,52096
3257,0.12424221076071262,0.12404462322592735,0.001975871331524104,0.11938664317131042,106191,2.918596038697995e-05,8.755788116093983e-05,52112
3258,0.09759288653731346,0.09723231382668018,0.0036057237011846155,0.11938781291246414,98647,2.9156210165051757e-05,8.746863049515525e-05,52128
3259,0.16304580494761467,0.162694888189435,0.003509152098558843,0.11938898265361786,95906,2.9126468871940977e-05,8.737940661582291e-05,52144
3260,0.19302162528038025,0.1927790865302086,0.0024254173040390015,0.11939012259244919,96363,2.909673652038778e-05,8.729020956116333e-05,52160
3261,0.18380101397633553,0.1834806650876999,0.003203523898264393,0.11939121037721634,98236,2.9067013123128613e-05,8.720103936938582e-05,52176
3262,0.21263534482568502,0.21247087977826595,0.001644691641558893,0.11939224600791931,99902,2.9037298692895985e-05,8.711189607868795e-05,52192
3263,0.16442873887717724,0.1639103703200817,0.005183712695725262,0.11939330399036407,99490,2.900759324241864e-05,8.702277972725591e-05,52208
3264,0.13415118027478456,0.1340574799105525,0.0009369736071676016,0.11939439177513123,99973,2.897789678442145e-05,8.693369035326433e-05,52224
3265,0.12197166588157415,0.12156098056584597,0.004106884531211108,0.11939539760351181,97417,2.8948209331625454e-05,8.684462799487635e-05,52240
3266,0.14270326681435108,0.14250504784286022,0.001982215780117258,0.11939651519060135,94980,2.8918530896747764e-05,8.675559269024328e-05,52256
3267,0.19891880825161934,0.19884774833917618,0.0007106343218765687,0.1193976029753685,98765,2.8888861492501734e-05,8.666658447750519e-05,52272
3268,0.09308356326073408,0.09286746568977833,0.002160963020287454,0.11939866095781326,100780,2.885920113159677e-05,8.657760339479029e-05,52288
3269,0.1849008873105049,0.1846591755747795,0.002417084207991138,0.11939969658851624,101170,2.88295498267384e-05,8.648864948021519e-05,52304
3270,0.21053672395646572,0.2104547843337059,0.0008193953945010435,0.11940078437328339,103350,2.8799907590628323e-05,8.639972277188496e-05,52320
3271,0.17084753699600697,0.17044265754520893,0.0040488191589247435,0.11940200626850128,100238,2.8770274435964355e-05,8.631082330789306e-05,52336
3272,0.26282140612602234,0.26248810812830925,0.0033329904108541086,0.11940310895442963,98999,2.8740650375440358e-05,8.622195112632107e-05,52352
3273,0.09419943019747734,0.09412827622145414,0.0007115356347640045,0.11940434575080872,104319,2.8711035421746367e-05,8.613310626523909e-05,52368
3274,0.22200213000178337,0.22190110012888908,0.0010102828928211238,0.11940564960241318,103848,2.8681429587568465e-05,8.604428876270539e-05,52384
3275,0.20843130722641945,0.20830993354320526,0.0012137636767874938,0.11940690129995346,98486,2.865183288558889e-05,8.595549865676666e-05,52400
3276,0.19991092197597027,0.19983175955712795,0.0007916587346699089,0.11940815299749374,105464,2.8622245328485907e-05,8.586673598545771e-05,52416
3277,0.17320446483790874,0.17288490943610668,0.0031955477461451665,0.11940942704677582,101607,2.859266692893386e-05,8.577800078680156e-05,52432
3278,0.1890823245048523,0.18881418369710445,0.0026813901458808687,0.11941059678792953,97980,2.8563097699603237e-05,8.56892930988097e-05,52448
3279,0.18381993100047112,0.1836625561118126,0.0015737560088382452,0.11941169947385788,99490,2.8533537653160514e-05,8.560061295948153e-05,52464
3280,0.12811950501054525,0.12792658619582653,0.0019291510980110615,0.11941288411617279,98352,2.8503986802268295e-05,8.551196040680488e-05,52480
3281,0.15706634521484375,0.15693631395697594,0.0013003334170207381,0.11941405385732651,102125,2.8474445159585235e-05,8.54233354787557e-05,52496
3282,0.1569397822022438,0.15674963779747486,0.001901436669868417,0.11941517144441605,104713,2.8444912737766048e-05,8.533473821329814e-05,52512
3283,0.2055217418819666,0.2053431123495102,0.0017862684399005957,0.11941622942686081,102498,2.8415389549461446e-05,8.524616864838432e-05,52528
3284,0.13951065577566624,0.13922082632780075,0.002898307458963245,0.11941742897033691,100113,2.838587560731827e-05,8.51576268219548e-05,52544
3285,0.16423127800226212,0.16386368684470654,0.0036759034992428496,0.11941851675510406,97140,2.8356370923979324e-05,8.506911277193797e-05,52560
3286,0.13658563699573278,0.13626942317932844,0.0031621609814465046,0.11941969394683838,100337,2.832687551208346e-05,8.498062653625037e-05,52576
3287,0.20406929031014442,0.20395836606621742,0.0011092997192463372,0.1194208562374115,102531,2.829738938426561e-05,8.489216815279682e-05,52592
3288,0.18919146060943604,0.18889662995934486,0.002948309207567945,0.11942199617624283,95483,2.82679125531567e-05,8.48037376594701e-05,52608
3289,0.18583557941019535,0.18557125143706799,0.002643284620717168,0.11942313611507416,100307,2.823844503138363e-05,8.471533509415088e-05,52624
3290,0.12487137131392956,0.12463035248219967,0.0024101891613099724,0.11942428350448608,96296,2.8208986831569374e-05,8.46269604947081e-05,52640
3291,0.1282443981617689,0.12788625992834568,0.0035813944959954824,0.11942539364099503,98055,2.8179537966332887e-05,8.453861389899865e-05,52656
3292,0.13035299815237522,0.12999623268842697,0.0035676560801221058,0.11942654103040695,95673,2.8150098448289143e-05,8.445029534486741e-05,52672
3293,0.17161242105066776,0.1714689414948225,0.0014347951146191917,0.11942797899246216,103937,2.8120668290049085e-05,8.436200487014724e-05,52688
3294,0.18023725040256977,0.17999017238616943,0.0024708100681891665,0.1194293275475502,106096,2.809124750421963e-05,8.427374251265889e-05,52704
3295,0.21032718569040298,0.2101101540029049,0.0021703544043703005,0.11943066120147705,102240,2.8061836103403754e-05,8.418550831021126e-05,52720
3296,0.10912017337977886,0.10879243351519108,0.003277406285633333,0.1194320097565651,99806,2.803243410020032e-05,8.409730230060095e-05,52736
3297,0.15414031874388456,0.15403968654572964,0.0010062769615615252,0.11943331360816956,102370,2.8003041507204242e-05,8.400912452161271e-05,52752
3298,0.11264419183135033,0.11231955327093601,0.003246422464144416,0.1194346472620964,102245,2.797365833700637e-05,8.39209750110191e-05,52768
3299,0.178681043908,0.17858743853867054,0.00093603711866308,0.11943592876195908,100243,2.7944284602193526e-05,8.383285380658056e-05,52784
3300,0.15325637441128492,0.15293036680668592,0.0032600973863736726,0.11943716555833817,102129,2.7914920315348463e-05,8.374476094604538e-05,52800
3301,0.18539887107908726,0.18496878445148468,0.004300806950880087,0.1194382905960083,103961,2.7885565489049946e-05,8.365669646714983e-05,52816
3302,0.16325353644788265,0.16318281926214695,0.0007071480003446595,0.11943954229354858,99813,2.7856220135872624e-05,8.356866040761786e-05,52832
3303,0.21314513683319092,0.213010024279356,0.00135114933073055,0.1194407120347023,99679,2.7826884268387088e-05,8.348065280516125e-05,52848
3304,0.1986146904528141,0.1982938777655363,0.0032081877579912543,0.11944189667701721,101197,2.7797557899159933e-05,8.339267369747978e-05,52864
3305,0.16110100038349628,0.16099478863179684,0.0010621423170960043,0.11944308131933212,99114,2.776824104075364e-05,8.330472312226091e-05,52880
3306,0.28723840042948723,0.2870253212749958,0.0021307833462742565,0.11944422125816345,103734,2.77389337057266e-05,8.32168011171798e-05,52896
3307,0.12511412426829338,0.12486947886645794,0.0024464426969643682,0.11944540590047836,103404,2.7709635906633145e-05,8.312890771989943e-05,52912
3308,0.1606732876971364,0.16054452769458294,0.0012876347827841528,0.11944662034511566,102909,2.7680347656023543e-05,8.304104296807061e-05,52928
3309,0.15796306543052197,0.15742803551256657,0.005350270876078866,0.11944784224033356,97779,2.765106896644395e-05,8.295320689933183e-05,52944
3310,0.14628994278609753,0.14614363852888346,0.0014630321529693902,0.11944901198148727,100929,2.7621799850436415e-05,8.286539955130923e-05,52960
3311,0.17553550098091364,0.17523150239139795,0.003040015959413722,0.1194501593708992,100445,2.759254032053888e-05,8.277762096161662e-05,52976
3312,0.164536252617836,0.16421737149357796,0.003188819537172094,0.11945129930973053,102430,2.7563290389285233e-05,8.268987116785569e-05,52992
3313,0.16941360384225845,0.1690567210316658,0.003568831249140203,0.11945246905088425,98955,2.753405006920518e-05,8.260215020761553e-05,53008
3314,0.14267628639936447,0.14230402559041977,0.0037225838750600815,0.11945372074842453,98720,2.7504819372824364e-05,8.251445811847308e-05,53024
3315,0.15531101450324059,0.15504547953605652,0.0026553098141448572,0.11945495009422302,95596,2.7475598312664285e-05,8.242679493799285e-05,53040
3316,0.2055248711258173,0.20500287599861622,0.0052199756319168955,0.11945614218711853,96363,2.7446386901242338e-05,8.2339160703727e-05,53056
3317,0.21089907735586166,0.2106959968805313,0.0020307986851548776,0.11945731192827225,101392,2.7417185151071716e-05,8.225155545321514e-05,53072
3318,0.2691182494163513,0.26872893795371056,0.003893058114044834,0.11945842951536179,100447,2.7387993074661577e-05,8.216397922398473e-05,53088
3319,0.2086533335968852,0.20845291018486023,0.002004252572078258,0.11945954710245132,98198,2.735881068451683e-05,8.207643205355047e-05,53104
3320,0.16978643834590912,0.16962066292762756,0.001657821201661136,0.11946071684360504,103278,2.732963799313832e-05,8.198891397941494e-05,53120
3321,0.21303428150713444,0.21285829693078995,0.0017598436534171924,0.11946185678243637,99130,2.7300475013022663e-05,8.190142503906798e-05,53136
3322,0.17237668484449387,0.17219289019703865,0.0018379704415565357,0.11946301907300949,104011,2.7271321756662384e-05,8.181396526998713e-05,53152
3323,0.12094633840024471,0.12081842310726643,0.0012791750850738026,0.11946414411067963,102029,2.7242178236545817e-05,8.172653470963744e-05,53168
3324,0.29279645532369614,0.2927095405757427,0.0008691462171555031,0.11946520954370499,94870,2.721304446515709e-05,8.163913339547126e-05,53184
3325,0.24039089493453503,0.24029541946947575,0.0009547707377350889,0.11946624517440796,101970,2.7183920454976196e-05,8.155176136492857e-05,53200
3326,0.2427701372653246,0.24256828427314758,0.0020185281173326075,0.11946725100278854,96868,2.7154806218478968e-05,8.146441865543689e-05,53216
3327,0.15219347272068262,0.15193930640816689,0.0025417043507331982,0.11946818977594376,105808,2.7125701768136974e-05,8.13771053044109e-05,53232
3328,0.15201542526483536,0.1517876721918583,0.0022774996468797326,0.11946907639503479,99399,2.7096607116417672e-05,8.1289821349253e-05,53248
3329,0.16322029568254948,0.1630707010626793,0.0014959495188975325,0.11947021633386612,100752,2.7067522275784273e-05,8.120256682735281e-05,53264
3330,0.16622393764555454,0.1659458950161934,0.0027804206547443755,0.11947131901979446,96491,2.7038447258695775e-05,8.111534177608732e-05,53280
3331,0.1694638356566429,0.169312983751297,0.0015085539853316732,0.11947255581617355,96507,2.700938207760701e-05,8.102814623282102e-05,53296
3332,0.2122226245701313,0.21183477342128754,0.003878557308780728,0.11947375535964966,94781,2.698032674496858e-05,8.094098023490573e-05,53312
3333,0.23298441991209984,0.23285839706659317,0.0012602528413481195,0.11947492510080338,101854,2.695128127322689e-05,8.085384381968067e-05,53328
3334,0.2174195498228073,0.2172609642148018,0.0015858631522860378,0.11947604268789291,97861,2.6922245674824055e-05,8.076673702447215e-05,53344
3335,0.17964601144194603,0.1795436255633831,0.0010238838149234653,0.1194770485162735,99752,2.6893219962198017e-05,8.067965988659405e-05,53360
3336,0.21822488866746426,0.21799935959279537,0.0022553257731487975,0.11947806179523468,99861,2.6864204147782503e-05,8.059261244334749e-05,53376
3337,0.17597685009241104,0.17588350549340248,0.0009334711503470317,0.11947903782129288,98783,2.6835198244006927e-05,8.050559473202077e-05,53392
3338,0.18229038268327713,0.18222397565841675,0.0006640671963396017,0.11948014050722122,105732,2.680620226329649e-05,8.041860678988947e-05,53408
3339,0.21181043703109026,0.21148375049233437,0.0032669185093254782,0.11948127299547195,99921,2.677721621807217e-05,8.033164865421651e-05,53424
3340,0.2048344537615776,0.20466781221330166,0.0016663955866533797,0.11948231607675552,101329,2.6748240120750684e-05,8.024472036225204e-05,53440
3341,0.12889981269836426,0.1286854948848486,0.002143199890269898,0.11948344856500626,104046,2.671927398374443e-05,8.015782195123328e-05,53456
3342,0.2300073243677616,0.229894008487463,0.001133171361288987,0.11948448419570923,96506,2.669031781946161e-05,8.00709534583848e-05,53472
3343,0.18429609388113022,0.18384814634919167,0.004479475464904681,0.11948546767234802,102211,2.666137164030612e-05,7.998411492091835e-05,53488
3344,0.2141241617500782,0.2138793170452118,0.002448426923365332,0.11948647350072861,99071,2.6632435458677575e-05,7.989730637603271e-05,53504
3345,0.10021566972136497,0.09992817603051662,0.0028749234334100038,0.11948750913143158,94659,2.660350928697134e-05,7.9810527860914e-05,53520
3346,0.11634417437016964,0.115707166492939,0.0063700887258164585,0.11948844790458679,98623,2.657459313757845e-05,7.972377941273534e-05,53536
3347,0.12893198803067207,0.12864001654088497,0.0029197074618423358,0.11948941648006439,102486,2.6545687022885644e-05,7.963706106865692e-05,53552
3348,0.1629376206547022,0.16258740425109863,0.003502198087517172,0.11949039250612259,97498,2.65167909552754e-05,7.95503728658262e-05,53568
3349,0.18807042390108109,0.1879866011440754,0.0008382780870306306,0.11949153989553452,104584,2.6487904947125884e-05,7.946371484137764e-05,53584
3350,0.11405736766755581,0.11379246972501278,0.0026489748270250857,0.11949270963668823,101293,2.6459029010810954e-05,7.937708703243285e-05,53600
3351,0.2032838687300682,0.20313039794564247,0.0015346663167292718,0.11949387937784195,104117,2.6430163158700115e-05,7.929048947610034e-05,53616
3352,0.20872246101498604,0.20854927599430084,0.0017318655300186947,0.1194949522614479,98729,2.6401307403158592e-05,7.920392220947577e-05,53632
3353,0.179884840734303,0.1797123495489359,0.0017248627846129239,0.11949603259563446,101057,2.6372461756547306e-05,7.911738526964191e-05,53648
3354,0.3177783340215683,0.31750813126564026,0.0027020542549962556,0.11949700862169266,98447,2.6343626231222774e-05,7.90308786936683e-05,53664
3355,0.2336113303899765,0.23355796840041876,0.0005335994865163229,0.11949802190065384,96359,2.6314800839537225e-05,7.894440251861166e-05,53680
3356,0.2196081504225731,0.21934641897678375,0.002617335965624079,0.11949896067380905,100597,2.6285985593838537e-05,7.88579567815156e-05,53696
3357,0.2618208937346935,0.2617373615503311,0.0008353871726285433,0.11949988454580307,103153,2.625718050647028e-05,7.877154151941082e-05,53712
3358,0.19191730953752995,0.19168364442884922,0.0023366293753497303,0.11950080096721649,100424,2.62283855897716e-05,7.868515676931478e-05,53728
3359,0.15766575373709202,0.15747623145580292,0.001895206412882544,0.11950164288282394,100705,2.6199600856077334e-05,7.859880256823199e-05,53744
3360,0.11796613968908787,0.11773177981376648,0.0023435859475284815,0.11950259655714035,99680,2.6170826317717974e-05,7.851247895315391e-05,53760
3361,0.18950891494750977,0.1892024241387844,0.003064897609874606,0.11950346827507019,96432,2.6142061987019577e-05,7.842618596105872e-05,53776
3362,0.21627511177212,0.21609518118202686,0.001799304154701531,0.11950433999300003,96440,2.611330787630391e-05,7.833992362891173e-05,53792
3363,0.15464147739112377,0.15435117669403553,0.0029030366058577783,0.11950523406267166,98171,2.6084563997888302e-05,7.82536919936649e-05,53808
3364,0.1312292031943798,0.13098515756428242,0.002440477634081617,0.11950626224279404,105861,2.605583036408569e-05,7.816749109225706e-05,53824
3365,0.12445694953203201,0.12426414154469967,0.001928057594341226,0.11950744688510895,100297,2.6027106987204676e-05,7.808132096161402e-05,53840
3366,0.10145998932421207,0.10127040930092335,0.0018957892316393554,0.11950866878032684,97341,2.5998393879549443e-05,7.799518163864832e-05,53856
3367,0.20861452911049128,0.20833830069750547,0.0027622628840617836,0.11950983852148056,99430,2.5969691053419788e-05,7.790907316025935e-05,53872
3368,0.15115852281451225,0.15097917802631855,0.0017934724946826464,0.1195109561085701,98466,2.594099852111105e-05,7.782299556333314e-05,53888
3369,0.1864627655595541,0.18626867979764938,0.001940879606991075,0.1195121556520462,101273,2.591231629491423e-05,7.773694888474267e-05,53904
3370,0.21538575738668442,0.21503246575593948,0.0035328847588971257,0.11951332539319992,96098,2.588364438711589e-05,7.765093316134766e-05,53920
3371,0.15756524167954922,0.1570601910352707,0.005050535808550194,0.11951442062854767,99005,2.5854982809998153e-05,7.756494842999444e-05,53936
3372,0.17648931220173836,0.176111601293087,0.0037770913186250255,0.11951545625925064,98236,2.5826331575838702e-05,7.74789947275161e-05,53952
3373,0.24460189417004585,0.24430739879608154,0.0029449384019244462,0.11951640993356705,97283,2.5797690696910836e-05,7.73930720907325e-05,53968
3374,0.21832170709967613,0.2181671615689993,0.0015454575332114473,0.11951733380556107,92692,2.5769060185483418e-05,7.730718055645024e-05,53984
3375,0.15267218090593815,0.15243026986718178,0.002419133175862953,0.11951825767755508,100027,2.5740440053820813e-05,7.722132016146243e-05,54000
3376,0.21694856882095337,0.21679220721125603,0.0015636205607734155,0.11951924115419388,95833,2.5711830314182994e-05,7.713549094254897e-05,54016
3377,0.18612285517156124,0.18596237897872925,0.0016048017405410064,0.11952011287212372,100972,2.5683230978825477e-05,7.704969293647643e-05,54032
3378,0.11105749104171991,0.11079115606844425,0.002663365303305909,0.1195208728313446,97015,2.565464205999929e-05,7.696392617999786e-05,54048
3379,0.20134808123111725,0.20119348168373108,0.001545982449897565,0.11952164024114609,101901,2.5626063569951036e-05,7.687819070985309e-05,54064
3380,0.18394386768341064,0.18355713784694672,0.0038673284579999745,0.11952231824398041,98046,2.55974955209228e-05,7.679248656276838e-05,54080
3381,0.15826240368187428,0.15776150673627853,0.005008992564398795,0.11952304095029831,102812,2.556893792515227e-05,7.67068137754568e-05,54096
3382,0.1929742991924286,0.1927363369613886,0.0023796061213943176,0.11952384561300278,101273,2.5540390794872566e-05,7.662117238461769e-05,54112
3383,0.1555582145228982,0.15531968977302313,0.002385257335845381,0.11952471733093262,96810,2.5511854142312397e-05,7.653556242693717e-05,54128
3384,0.1995408944785595,0.19915976747870445,0.003811260045040399,0.11952558904886246,93014,2.548332797969597e-05,7.64499839390879e-05,54144
3385,0.18439717963337898,0.1838941778987646,0.005029981242842041,0.11952650547027588,100044,2.545481231924296e-05,7.636443695772887e-05,54160
3386,0.17000677809119225,0.16983593627810478,0.0017083901623209385,0.11952748149633408,101814,2.5426307173168585e-05,7.627892151950574e-05,54176
3387,0.23442775197327137,0.234097046777606,0.0033070301651605405,0.11952845007181168,99900,2.5397812553683552e-05,7.619343766105065e-05,54192
3388,0.09546861238777637,0.0953154806047678,0.0015313219919335097,0.11952941864728928,101108,2.5369328472994038e-05,7.61079854189821e-05,54208
3389,0.1736358180642128,0.17360614240169525,0.00029679608314836514,0.11953063309192657,101132,2.534085494330173e-05,7.602256482990518e-05,54224
3390,0.08104520849883556,0.08050974644720554,0.005354632972739637,0.1195317879319191,88409,2.5312391976803752e-05,7.593717593041125e-05,54240
3391,0.11078280955553055,0.11038910038769245,0.003937108995160088,0.11953306943178177,104495,2.5283939585692783e-05,7.585181875707835e-05,54256
3392,0.1057763546705246,0.10531911812722683,0.004572353784169536,0.11953433603048325,98548,2.525549778215688e-05,7.576649334647063e-05,54272
3393,0.17032809555530548,0.17024698853492737,0.000811063997389283,0.11953550577163696,102958,2.522706657837962e-05,7.568119973513885e-05,54288
3394,0.18321731686592102,0.1829468347132206,0.0027047834082623012,0.11953657120466232,97279,2.519864598654006e-05,7.559593795962017e-05,54304
3395,0.09478072822093964,0.094022236764431,0.007584910810692236,0.11953763663768768,92649,2.5170236018812626e-05,7.551070805643786e-05,54320
3396,0.10360603500157595,0.10337871313095093,0.0022732124489266425,0.11953862756490707,96949,2.514183668736727e-05,7.54255100621018e-05,54336
3397,0.16174960788339376,0.161316504701972,0.004331058153184131,0.11953964084386826,98948,2.5113448004369393e-05,7.534034401310817e-05,54352
3398,0.1549469232559204,0.15478401631116867,0.001629078574524101,0.11954066157341003,97911,2.508506998197977e-05,7.525520994593929e-05,54368
3399,0.14603597857058048,0.14591150917112827,0.0012446733671822585,0.11954173445701599,96447,2.5056702632354638e-05,7.517010789706391e-05,54384
3400,0.2346707619726658,0.23454858735203743,0.0012217216426506639,0.11954275518655777,103246,2.5028345967645684e-05,7.508503790293705e-05,54400
3401,0.19023851864039898,0.18994718603789806,0.002913288466515951,0.11954376846551895,99605,2.500000000000001e-05,7.500000000000002e-05,54416
3402,0.17928526178002357,0.1789688505232334,0.0031641419627703726,0.11954475194215775,104799,2.49716647415601e-05,7.49149942246803e-05,54432
3403,0.19687604159116745,0.19674048945307732,0.0013555025689129252,0.11954579502344131,101950,2.4943340204463906e-05,7.48300206133917e-05,54448
3404,0.19105461984872818,0.19083366729319096,0.002209480633609928,0.11954686045646667,105249,2.4915026400844758e-05,7.474507920253426e-05,54464
3405,0.16884972900152206,0.16848583333194256,0.0036389364977367222,0.11954788118600845,95128,2.4886723342831374e-05,7.466017002849411e-05,54480
3406,0.20176255702972412,0.2015910968184471,0.0017145882156910375,0.11954890191555023,103857,2.485843104254791e-05,7.457529312764371e-05,54496
3407,0.12333871051669121,0.12300167419016361,0.0033703456283546984,0.11954987049102783,99168,2.483014951211385e-05,7.449044853634153e-05,54512
3408,0.11381677910685539,0.11353947408497334,0.0027730580695788376,0.11955104768276215,104025,2.4801878763644143e-05,7.440563629093242e-05,54528
3409,0.15929636359214783,0.15904119610786438,0.0025516609856595096,0.1195521354675293,98739,2.4773618809249042e-05,7.432085642774713e-05,54544
3410,0.1289165448397398,0.12871108762919903,0.002054557655355893,0.11955322325229645,101297,2.4745369661034233e-05,7.423610898310269e-05,54560
3411,0.1907312013208866,0.19005629420280457,0.006749125503120013,0.11955425888299942,95169,2.471713133110078e-05,7.415139399330233e-05,54576
3412,0.15328413620591164,0.15292944386601448,0.003546915322658606,0.11955529451370239,100099,2.4688903831545036e-05,7.406671149463509e-05,54592
3413,0.16470006480813026,0.16445440240204334,0.0024565974963479675,0.11955633759498596,102953,2.4660687174458792e-05,7.398206152337636e-05,54608
3414,0.13745753280818462,0.13739008083939552,0.0006745068822056055,0.11955734342336655,98861,2.4632481371929182e-05,7.389744411578754e-05,54624
3415,0.20879711583256721,0.208697859197855,0.0009925577001013153,0.11955834925174713,99459,2.460428643603866e-05,7.381285930811597e-05,54640
3416,0.17017142288386822,0.1698025856167078,0.0036883710272377357,0.11955936253070831,103249,2.457610237886502e-05,7.372830713659504e-05,54656
3417,0.20611665770411491,0.2060217447578907,0.0009491408115991362,0.11956033855676651,99162,2.4547929212481435e-05,7.364378763744429e-05,54672
3418,0.18758938647806644,0.1873693885281682,0.0022000055978423916,0.11956130713224411,105277,2.4519766948956417e-05,7.355930084686925e-05,54688
3419,0.10133541189134121,0.10108243674039841,0.002529774312279187,0.11956233531236649,98812,2.4491615600353746e-05,7.347484680106123e-05,54704
3420,0.09709781967103481,0.09684109129011631,0.0025672873307485133,0.11956337094306946,99171,2.446347517873258e-05,7.339042553619774e-05,54720
3421,0.209671875461936,0.20939940586686134,0.002724723733990686,0.11956440657377243,102951,2.4435345696147403e-05,7.33060370884422e-05,54736
3422,0.18753192946314812,0.1873168908059597,0.0021503504394786432,0.1195654571056366,99952,2.4407227164647955e-05,7.322168149394386e-05,54752
3423,0.17940830159932375,0.17928402684628963,0.0012428169211489148,0.11956649273633957,100665,2.4379119596279364e-05,7.313735878883809e-05,54768
3424,0.13926277868449688,0.13879716768860817,0.0046560814953409135,0.11956754326820374,97542,2.4351023003081967e-05,7.30530690092459e-05,54784
3425,0.2154698669910431,0.2152276411652565,0.002422251331154257,0.11956856399774551,97183,2.432293739709151e-05,7.296881219127452e-05,54800
3426,0.24248757027089596,0.24196700751781464,0.0052056816493859515,0.11956947296857834,98858,2.4294862790338917e-05,7.288458837101675e-05,54816
3427,0.21678860113024712,0.21638867631554604,0.003999234701041132,0.11957040429115295,103482,2.4266799194850494e-05,7.280039758455147e-05,54832
3428,0.1760168932378292,0.17570967972278595,0.0030721362127223983,0.1195712760090828,93672,2.4238746622647802e-05,7.271623986794339e-05,54848
3429,0.15935444552451372,0.15895475819706917,0.003996876068413258,0.11957209557294846,96592,2.421070508574763e-05,7.263211525724288e-05,54864
3430,0.13678264245390892,0.13648276031017303,0.002998800919158384,0.11957293748855591,101922,2.4182674596162107e-05,7.254802378848631e-05,54880
3431,0.21255443431437016,0.21228132583200932,0.002731077416683547,0.11957372725009918,100017,2.4154655165898627e-05,7.246396549769587e-05,54896
3432,0.11116510536521673,0.11106975190341473,0.0009535464014334138,0.11957460641860962,101033,2.41266468069598e-05,7.23799404208794e-05,54912
3433,0.16575383208692074,0.1654469259083271,0.003069043319555931,0.1195753961801529,94608,2.4098649531343497e-05,7.229594859403049e-05,54928
3434,0.12024519592523575,0.11987516283988953,0.0037003362958785146,0.11957632005214691,101128,2.4070663351042883e-05,7.221199005312864e-05,54944
3435,0.12203845847398043,0.12194047588855028,0.000979845535766799,0.1195773333311081,98637,2.404268827804637e-05,7.21280648341391e-05,54960
3436,0.1777410265058279,0.17760641500353813,0.001346113160252571,0.11957836896181107,102485,2.4014724324337546e-05,7.204417297301263e-05,54976
3437,0.2094796895980835,0.2092641107738018,0.0021558467378781643,0.11957930773496628,99908,2.39867715018953e-05,7.19603145056859e-05,54992
3438,0.12081860285252333,0.12064767070114613,0.0017093309434130788,0.11958027631044388,97482,2.3958829822693758e-05,7.187648946808126e-05,55008
3439,0.21715344488620758,0.21690394915640354,0.0024949673970695585,0.11958128213882446,100367,2.3930899298702207e-05,7.179269789610662e-05,55024
3440,0.17073441669344902,0.1706019788980484,0.0013243589928606525,0.11958225071430206,97394,2.390297994188523e-05,7.170893982565568e-05,55040
3441,0.12887193076312542,0.12857111170887947,0.003008168685482815,0.11958315223455429,98769,2.3875071764202563e-05,7.162521529260767e-05,55056
3442,0.15469792112708092,0.15411945711821318,0.00578465688158758,0.11958403885364532,97191,2.3847174777609212e-05,7.154152433282762e-05,55072
3443,0.20457575097680092,0.20425203815102577,0.0032371630804846063,0.11958494037389755,99290,2.3819288994055327e-05,7.145786698216597e-05,55088
3444,0.19791010580956936,0.19760780595242977,0.0030230398406274617,0.11958584189414978,97513,2.379141442548631e-05,7.137424327645891e-05,55104
3445,0.15042037703096867,0.15022859536111355,0.0019178506772732362,0.11958678066730499,101894,2.3763551083842757e-05,7.129065325152826e-05,55120
3446,0.20888459123671055,0.2087718341499567,0.0011275315991952084,0.1195877194404602,98499,2.37356989810604e-05,7.12070969431812e-05,55136
3447,0.18383756652474403,0.1836617849767208,0.001757787357291818,0.11958873271942139,94924,2.3707858129070222e-05,7.112357438721065e-05,55152
3448,0.21847780793905258,0.21806214191019535,0.0041566227009752765,0.11958972364664078,93217,2.368002853979837e-05,7.10400856193951e-05,55168
3449,0.21788035333156586,0.21759583242237568,0.0028451870202843565,0.11959069222211838,100104,2.3652210225166122e-05,7.095663067549836e-05,55184
3450,0.19173533283174038,0.19113957323133945,0.005957604123977944,0.119591623544693,98086,2.3624403197089996e-05,7.087320959126997e-05,55200
3451,0.12237162701785564,0.12203857488930225,0.0033305033284705132,0.11959252506494522,99787,2.3596607467481603e-05,7.07898224024448e-05,55216
3452,0.08558861538767815,0.08527114987373352,0.003174655750626698,0.11959335207939148,94468,2.356882304824779e-05,7.070646914474335e-05,55232
3453,0.15036444552242756,0.1501055248081684,0.002589208891549788,0.11959418654441833,101214,2.3541049951290476e-05,7.062314985387142e-05,55248
3454,0.22018495947122574,0.21986527368426323,0.0031968635748853558,0.11959497630596161,97377,2.3513288188506797e-05,7.053986456552038e-05,55264
3455,0.13000261783599854,0.12968322820961475,0.003193884913343936,0.11959587782621384,98930,2.348553777178903e-05,7.045661331536707e-05,55280
3456,0.15498042106628418,0.15475830808281898,0.002221125687356107,0.11959677934646606,99350,2.345779871302453e-05,7.037339613907358e-05,55296
3457,0.18064053170382977,0.18048195354640484,0.0015857707003306132,0.11959776282310486,104385,2.343007102409585e-05,7.029021307228755e-05,55312
3458,0.2097146399319172,0.20938339084386826,0.0033125106274383143,0.11959868669509888,100809,2.340235471688067e-05,7.0207064150642e-05,55328
3459,0.19555753841996193,0.19535611383616924,0.002014243873418309,0.11959967017173767,103120,2.3374649803251758e-05,7.012394940975526e-05,55344
3460,0.16670366562902927,0.16656272113323212,0.0014094203797867522,0.11960073560476303,101186,2.3346956295076993e-05,7.004086888523098e-05,55360
3461,0.1330572683364153,0.1328794527798891,0.0017781484548322624,0.11960185319185257,103233,2.3319274204219428e-05,6.995782261265827e-05,55376
3462,0.1548122176900506,0.15457520727068186,0.0023701220779912546,0.11960297077894211,103206,2.3291603542537194e-05,6.987481062761157e-05,55392
3463,0.1786456536501646,0.17841679602861404,0.0022886114229550003,0.11960406601428986,101811,2.326394432188349e-05,6.979183296565046e-05,55408
3464,0.1290013175457716,0.1287609189748764,0.0024039816635195166,0.11960525065660477,96915,2.323629655410667e-05,6.970888966232e-05,55424
3465,0.18642079457640648,0.18597634136676788,0.004444520691322396,0.11960643529891968,101476,2.3208660251050158e-05,6.962598075315046e-05,55440
3466,0.162148242816329,0.16177820228040218,0.003700420813402161,0.11960756778717041,93160,2.318103542455249e-05,6.954310627365746e-05,55456
3467,0.16693879757076502,0.16671874560415745,0.002200511851697229,0.11960890889167786,100397,2.3153422086447235e-05,6.94602662593417e-05,55472
3468,0.09813969396054745,0.09803568758070469,0.0010400465835118666,0.1196102574467659,101538,2.312582024856306e-05,6.937746074568918e-05,55488
3469,0.3094288669526577,0.3093128986656666,0.0011597406282817246,0.11961153894662857,102886,2.309822992272376e-05,6.929468976817127e-05,55504
3470,0.15353355929255486,0.153354711830616,0.00178846025664825,0.1196129322052002,97858,2.30706511207481e-05,6.921195336224429e-05,55520
3471,0.10431416239589453,0.10410071816295385,0.0021344225970096886,0.11961434781551361,98017,2.3043083854449988e-05,6.912925156334995e-05,55536
3472,0.18765910156071186,0.18747429177165031,0.0018481097649782896,0.11961568892002106,99909,2.301552813563837e-05,6.90465844069151e-05,55552
3473,0.2079925648868084,0.20775225013494492,0.0024031427383306436,0.11961700022220612,102165,2.298798397611725e-05,6.896395192835173e-05,55568
3474,0.14977017976343632,0.14946702308952808,0.0030315352487377822,0.11961828172206879,102307,2.2960451387685646e-05,6.888135416305692e-05,55584
3475,0.1760254492983222,0.1759086875244975,0.0011675740074679197,0.11961956322193146,97500,2.2932930382137668e-05,6.879879114641299e-05,55600
3476,0.16209150291979313,0.161670814268291,0.004206914323731326,0.11962071061134338,98402,2.2905420971262432e-05,6.871626291378728e-05,55616
3477,0.27772316336631775,0.2776326723396778,0.0009049595755641349,0.11962177604436874,102051,2.2877923166844074e-05,6.863376950053221e-05,55632
3478,0.12174982018768787,0.1215542508289218,0.0019557220493879868,0.11962278187274933,95707,2.2850436980661792e-05,6.855131094198538e-05,55648
3479,0.14199871383607388,0.14184444397687912,0.001542713631351944,0.11962392926216125,97699,2.2822962424489824e-05,6.846888727346947e-05,55664
3480,0.09987887926399708,0.09957847557961941,0.0030040270939935,0.11962500959634781,102064,2.2795499510097355e-05,6.838649853029206e-05,55680
3481,0.16715206392109394,0.1669304221868515,0.0022164061956573278,0.11962611228227615,103610,2.2768048249248648e-05,6.830414474774594e-05,55696
3482,0.17926235869526863,0.17922601848840714,0.00036342331623018254,0.11962731182575226,105155,2.2740608653702938e-05,6.82218259611088e-05,55712
3483,0.17965026758611202,0.17941744066774845,0.0023282720940187573,0.1196284368634224,99944,2.2713180735214505e-05,6.813954220564351e-05,55728
3484,0.26085205376148224,0.26073299162089825,0.0011906097342944122,0.1196296215057373,103536,2.268576450553258e-05,6.805729351659773e-05,55744
3485,0.12062973156571388,0.12034790962934494,0.0028182330988784088,0.11963105201721191,96039,2.2658359976401388e-05,6.797507992920415e-05,55760
3486,0.17038002610206604,0.16995077952742577,0.0042924314984702505,0.11963241547346115,95542,2.263096715956019e-05,6.789290147868056e-05,55776
3487,0.12771485932171345,0.12725492380559444,0.004599369611241855,0.1196337565779686,94310,2.260358606674316e-05,6.781075820022946e-05,55792
3488,0.15519356820732355,0.1551307002082467,0.0006286566895141732,0.11963512003421783,99031,2.257621670967951e-05,6.772865012903852e-05,55808
3489,0.16798454243689775,0.1679021455347538,0.000823990092612803,0.11963646113872528,98739,2.2548859100093407e-05,6.764657730028021e-05,55824
3490,0.1604266408830881,0.160076804459095,0.003498347563436255,0.11963779479265213,101301,2.2521513249703995e-05,6.756453974911197e-05,55840
3491,0.16387334652245045,0.16354280710220337,0.003305378266304615,0.1196390837430954,96577,2.2494179170225333e-05,6.748253751067599e-05,55856
3492,0.1501251794397831,0.14991234615445137,0.0021283162641339004,0.1196402981877327,101682,2.2466856873366503e-05,6.740057062009951e-05,55872
3493,0.16097702085971832,0.1609124019742012,0.0006461487919295905,0.11964145302772522,101995,2.24395463708315e-05,6.731863911249449e-05,55888
3494,0.24345536157488823,0.24323060363531113,0.002247573789645685,0.11964257806539536,100654,2.2412247674319254e-05,6.723674302295775e-05,55904
3495,0.17422056384384632,0.17409103736281395,0.0012952722790942062,0.11964363604784012,97960,2.2384960795523675e-05,6.715488238657101e-05,55920
3496,0.2347864042967558,0.23460069485008717,0.0018571352411527187,0.1196446642279625,104650,2.2357685746133617e-05,6.707305723840084e-05,55936
3497,0.19423176534473896,0.19411873631179333,0.0011302688581054099,0.11964566260576248,101753,2.23304225378328e-05,6.69912676134984e-05,55952
3498,0.18186664022505283,0.18179022707045078,0.0007641889960723347,0.11964669823646545,99631,2.2303171182299946e-05,6.690951354689984e-05,55968
3499,0.06959304492920637,0.0693127941340208,0.002802507926389808,0.11964786797761917,102785,2.227593169120867e-05,6.6827795073626e-05,55984
3500,0.18793270736932755,0.18779396824538708,0.0013874110445613042,0.11964906007051468,99159,2.224870407622751e-05,6.674611222868252e-05,56000
3501,0.14610754698514938,0.14596842136234045,0.0013912302747485228,0.11965024471282959,102077,2.2221488349019903e-05,6.66644650470597e-05,56016
3502,0.1886197254061699,0.18840930238366127,0.0021042282023699954,0.11965151876211166,101336,2.219428452124418e-05,6.658285356373253e-05,56032
3503,0.19252312183380127,0.19230634346604347,0.002167812519473955,0.11965277045965195,98537,2.2167092604553637e-05,6.65012778136609e-05,56048
3504,0.11451556347310543,0.11431200988590717,0.0020355528104119003,0.11965402960777283,100157,2.2139912610596386e-05,6.641973783178914e-05,56064
3505,0.21386036463081837,0.21371892467141151,0.0014143949301796965,0.11965521425008774,99347,2.2112744551015498e-05,6.633823365304648e-05,56080
3506,0.19893572852015495,0.19876804761588573,0.0016768100263107044,0.11965634673833847,103703,2.2085588437448896e-05,6.625676531234668e-05,56096
3507,0.12725738808512688,0.12698867917060852,0.0026871291192946956,0.11965745687484741,100237,2.2058444281529424e-05,6.617533284458826e-05,56112
3508,0.14083384536206722,0.14044645056128502,0.003873955509334337,0.11965850740671158,97215,2.2031312094884732e-05,6.609393628465418e-05,56128
3509,0.07574758306145668,0.07551230303943157,0.0023527865851065144,0.11965961754322052,95429,2.2004191889137414e-05,6.601257566741224e-05,56144
3510,0.22308993339538574,0.22275192104279995,0.0033800993696786463,0.11966057121753693,94755,2.1977083675904913e-05,6.593125102771473e-05,56160
3511,0.199686449021101,0.19949571043252945,0.0019074386327702086,0.11966147273778915,98351,2.194998746679952e-05,6.584996240039855e-05,56176
3512,0.2441819254308939,0.2441293876618147,0.0005253502110917907,0.11966239660978317,101237,2.1922903273428362e-05,6.576870982028508e-05,56192
3513,0.23321371152997017,0.23304144106805325,0.0017227290227310732,0.11966332793235779,100652,2.1895831107393484e-05,6.568749332218044e-05,56208
3514,0.1615072162821889,0.16133277490735054,0.0017444247750972863,0.11966417729854584,96444,2.1868770980291716e-05,6.560631294087514e-05,56224
3515,0.20149248279631138,0.20092064142227173,0.005718418135074899,0.11966501921415329,94950,2.1841722903714757e-05,6.552516871114426e-05,56240
3516,0.22369080409407616,0.22361114621162415,0.0007965915719978511,0.11966585367918015,96469,2.181468688924916e-05,6.544406066774747e-05,56256
3517,0.171439740806818,0.1711578220129013,0.0028192021418362856,0.1196667030453682,98290,2.17876629484763e-05,6.53629888454289e-05,56272
3518,0.2320354450494051,0.2319584209471941,0.0007702659754613705,0.11966758966445923,104159,2.176065109297235e-05,6.528195327891704e-05,56288
3519,0.26304274424910545,0.26287565752863884,0.0016708719356302026,0.11966842412948608,100430,2.1733651334308364e-05,6.520095400292508e-05,56304
3520,0.09155680611729622,0.0911354273557663,0.004213787702610716,0.11966928094625473,97545,2.170666368405016e-05,6.511999105215047e-05,56320
3521,0.18968182243406773,0.18943851441144943,0.002433078108879272,0.11967013031244278,102546,2.167968815375837e-05,6.50390644612751e-05,56336
3522,0.27067308500409126,0.27013737335801125,0.005357054328101185,0.11967092007398605,96461,2.1652724754988475e-05,6.495817426496541e-05,56352
3523,0.17621754109859467,0.17602389305830002,0.0019365081825526431,0.11967167258262634,90921,2.1625773499290742e-05,6.487732049787222e-05,56368
3524,0.21052241325378418,0.2103712148964405,0.0015119498493731953,0.11967246234416962,100951,2.1598834398210243e-05,6.479650319463072e-05,56384
3525,0.25714097917079926,0.25689898431301117,0.002419912547338754,0.11967329680919647,101030,2.15719074632868e-05,6.47157223898604e-05,56400
3526,0.11540434695780277,0.11510986462235451,0.00294482713798061,0.11967428028583527,96463,2.1544992706055077e-05,6.463497811816523e-05,56416
3527,0.15510795451700687,0.15477618016302586,0.0033177532895933837,0.11967533081769943,102265,2.1518090138044523e-05,6.455427041413356e-05,56432
3528,0.16499119624495506,0.1647207923233509,0.0027040241802751552,0.11967632919549942,95305,2.1491199770779313e-05,6.447359931233793e-05,56448
3529,0.20761027187108994,0.20742658898234367,0.001836839728639461,0.11967728286981583,94440,2.1464321615778422e-05,6.439296484733525e-05,56464
3530,0.27398006059229374,0.273633798584342,0.0034626249980647117,0.11967816203832626,95328,2.1437455684555626e-05,6.431236705366687e-05,56480
3531,0.18874001316726208,0.1885462924838066,0.0019372264068806544,0.1196790337562561,98341,2.1410601988619394e-05,6.423180596585817e-05,56496
3532,0.12561750505119562,0.12538410909473896,0.002333962853299454,0.11968004703521729,102081,2.1383760539473032e-05,6.415128161841909e-05,56512
3533,0.20952527783811092,0.20939315855503082,0.0013211626283009537,0.11968103051185608,100097,2.1356931348614546e-05,6.407079404584363e-05,56528
3534,0.08349752798676491,0.0831959918141365,0.003015365422470495,0.11968198418617249,91643,2.1330114427536735e-05,6.39903432826102e-05,56544
3535,0.19175247475504875,0.19163930602371693,0.001131669224378129,0.11968301981687546,100967,2.1303309787727083e-05,6.390992936318123e-05,56560
3536,0.18861193023622036,0.18847856298089027,0.001333689026068896,0.11968403309583664,100808,2.1276517440667876e-05,6.382955232200362e-05,56576
3537,0.16304378770291805,0.162837409414351,0.0020637982233893126,0.11968501657247543,104308,2.124973739783609e-05,6.374921219350826e-05,56592
3538,0.10370173119008541,0.10357577912509441,0.0012595433836395387,0.11968611180782318,102102,2.122296967070343e-05,6.366890901211028e-05,56608
3539,0.16926789563149214,0.16896230727434158,0.0030559038277715445,0.1196872889995575,99698,2.119621427073635e-05,6.358864281220904e-05,56624
3540,0.18513290956616402,0.18503224849700928,0.0010066158870358777,0.11968843638896942,100415,2.1169471209396013e-05,6.350841362818803e-05,56640
3541,0.19133252277970314,0.1908305287361145,0.005019909935072064,0.11968952417373657,99656,2.1142740498138324e-05,6.342822149441496e-05,56656
3542,0.15185194090008736,0.15167716890573502,0.0017477411893196404,0.11969064921140671,101398,2.111602214841383e-05,6.334806644524147e-05,56672
3543,0.21360387280583382,0.21347898989915848,0.0012487797939684242,0.11969165503978729,99745,2.1089316171667837e-05,6.326794851500351e-05,56688
3544,0.22408317402005196,0.22398795560002327,0.0009521638348815031,0.11969263851642609,98809,2.1062622579340362e-05,6.318786773802108e-05,56704
3545,0.15949677303433418,0.15921757742762566,0.002791945036733523,0.11969365179538727,95160,2.103594138286607e-05,6.31078241485982e-05,56720
3546,0.19227666035294533,0.19209784641861916,0.0017881408057291992,0.11969460546970367,100323,2.1009272593674323e-05,6.302781778102296e-05,56736
3547,0.18832124397158623,0.1882715169340372,0.000497261957207229,0.11969555169343948,99181,2.0982616223189196e-05,6.294784866956757e-05,56752
3548,0.2358836494386196,0.2357340268790722,0.0014962174172978848,0.1196964681148529,102610,2.0955972282829452e-05,6.286791684848835e-05,56768
3549,0.17970019578933716,0.17946981266140938,0.002303824308910407,0.11969738453626633,101148,2.092934078400847e-05,6.27880223520254e-05,56784
3550,0.23902447521686554,0.2389531172811985,0.0007135803462006152,0.11969835311174393,102837,2.0902721738134366e-05,6.27081652144031e-05,56800
3551,0.19921589735895395,0.19888981897383928,0.003260793091612868,0.11969933658838272,91905,2.08761151566099e-05,6.262834546982969e-05,56816
3552,0.2348595429211855,0.2346811480820179,0.0017839751999417786,0.11970029026269913,98852,2.0849521050832455e-05,6.254856315249736e-05,56832
3553,0.20579829812049866,0.2055329903960228,0.0026530892137088813,0.11970119178295135,98286,2.0822939432194133e-05,6.246881829658239e-05,56848
3554,0.12382426857948303,0.12375594861805439,0.0006831661594333127,0.11970216780900955,101359,2.0796370312081626e-05,6.238911093624487e-05,56864
3555,0.19578656554222107,0.19543511420488358,0.003514515032293275,0.11970324069261551,101504,2.0769813701876333e-05,6.2309441105629e-05,56880
3556,0.15196761302649975,0.15183152072131634,0.0013609449597424828,0.11970431357622147,98485,2.0743269612954224e-05,6.222980883886267e-05,56896
3557,0.2832714878022671,0.28310172632336617,0.0016976718543446623,0.11970526725053787,99454,2.071673805668597e-05,6.21502141700579e-05,56912
3558,0.12530545331537724,0.12512423377484083,0.0018121973989764228,0.11970622092485428,100555,2.0690219044436855e-05,6.207065713331056e-05,56928
3559,0.15862170606851578,0.1582600437104702,0.0036166434292681515,0.1197071224451065,100301,2.0663712587566748e-05,6.199113776270024e-05,56944
3560,0.11775216553360224,0.117595543153584,0.0015662388323107734,0.11970805376768112,97878,2.0637218697430194e-05,6.191165609229057e-05,56960
3561,0.108374934643507,0.10825033113360405,0.0012460425205063075,0.1197090819478035,102115,2.061073738537635e-05,6.183221215612904e-05,56976
3562,0.13534219190478325,0.135198213160038,0.0014397745981113985,0.11971016228199005,99373,2.058426866274893e-05,6.175280598824678e-05,56992
3563,0.25575588271021843,0.25560424476861954,0.001516365351562854,0.11971119791269302,101543,2.0557812540886334e-05,6.1673437622659e-05,57008
3564,0.2089514583349228,0.20863549783825874,0.0031596034168615006,0.1197122111916542,101621,2.0531369031121488e-05,6.159410709336446e-05,57024
3565,0.15914931520819664,0.15862788632512093,0.0052142871063551866,0.11971313506364822,95554,2.0504938144781988e-05,6.151481443434595e-05,57040
3566,0.14963087253272533,0.14944477938115597,0.0018609594117151573,0.11971405148506165,98481,2.047851989318995e-05,6.143555967956984e-05,57056
3567,0.1764374040067196,0.1761955711990595,0.0024182987690437585,0.11971496790647507,102210,2.0452114287662128e-05,6.135634286298637e-05,57072
3568,0.15403591841459274,0.15369465947151184,0.0034125658276025206,0.1197158694267273,108313,2.042572133950986e-05,6.127716401852958e-05,57088
3569,0.174658615142107,0.17454264871776104,0.001159607365480042,0.11971674859523773,104598,2.0399341060039022e-05,6.119802318011707e-05,57104
3570,0.1504190880805254,0.15028308145701885,0.001360062655294314,0.11971759796142578,102713,2.0372973460550098e-05,6.11189203816503e-05,57120
3571,0.13877779804170132,0.13834070414304733,0.004370953509351239,0.11971843987703323,100435,2.034661855233815e-05,6.103985565701444e-05,57136
3572,0.18588285520672798,0.18558509275317192,0.0029776354058412835,0.11971928924322128,101636,2.0320276346692757e-05,6.0960829040078265e-05,57152
3573,0.12177484668791294,0.1216140016913414,0.0016084239396150224,0.11972016096115112,101666,2.0293946854898077e-05,6.0881840564694226e-05,57168
3574,0.1434346279129386,0.14266550820320845,0.007691165199503303,0.11972101032733917,89121,2.026763008823284e-05,6.080289026469852e-05,57184
3575,0.19523300789296627,0.1950162909924984,0.002167193641071208,0.11972188949584961,100592,2.024132605797034e-05,6.0723978173911005e-05,57200
3576,0.1546620838344097,0.15404155850410461,0.006205252415384166,0.11972273141145706,100960,2.0215034775378332e-05,6.064510432613499e-05,57216
3577,0.2124012690037489,0.21217453479766846,0.002267347910674289,0.1197235956788063,101758,2.0188756251719203e-05,6.05662687551576e-05,57232
3578,0.24640476517379284,0.24627659004181623,0.001281709635804873,0.11972428858280182,101013,2.0162490498249846e-05,6.048747149474953e-05,57248
3579,0.14263254217803478,0.14240524545311928,0.0022729821866960265,0.11972501873970032,102886,2.0136237526221648e-05,6.040871257866493e-05,57264
3580,0.16469233855605125,0.16442988440394402,0.0026245806948281825,0.1197257936000824,99146,2.0109997346880572e-05,6.03299920406417e-05,57280
3581,0.19241230189800262,0.19230390712618828,0.0010839851893251762,0.11972669512033463,101490,2.008376997146705e-05,6.025130991440114e-05,57296
3582,0.11648829001933336,0.11632913257926702,0.0015915598924038932,0.11972757428884506,102396,2.0057555411216088e-05,6.017266623364826e-05,57312
3583,0.22324718534946442,0.22286535799503326,0.0038182518910616636,0.11972847580909729,98778,2.003135367735714e-05,6.009406103207141e-05,57328
3584,0.1516181081533432,0.1513393223285675,0.0027878167311428115,0.11972937732934952,94560,2.0005164781114212e-05,6.001549434334262e-05,57344
3585,0.12491246592253447,0.1245548278093338,0.003576418268494308,0.11973024904727936,100958,1.9978988733705807e-05,5.993696620111741e-05,57360
3586,0.1451700832694769,0.1450150776654482,0.0015500253575737588,0.11973121017217636,98727,1.9952825546344882e-05,5.985847663903464e-05,57376
3587,0.19233189895749092,0.19213608466088772,0.0019581603701226413,0.11973216384649277,101406,1.9926675230238932e-05,5.978002569071679e-05,57392
3588,0.19594669342041016,0.19576330855488777,0.001833891059504822,0.11973309516906738,100218,1.9900537796589948e-05,5.9701613389769834e-05,57408
3589,0.13630629144608974,0.13614281546324492,0.0016347429700545035,0.11973397433757782,101276,1.9874413256594343e-05,5.962323976978302e-05,57424
3590,0.2371578812599182,0.23681914620101452,0.0033873960483106202,0.11973487585783005,98168,1.9848301621443032e-05,5.954490486432909e-05,57440
3591,0.18331671506166458,0.1830604113638401,0.0025630732779973187,0.11973577737808228,96733,1.982220290232143e-05,5.946660870696428e-05,57456
3592,0.1372787356376648,0.13697955198585987,0.002991843328345567,0.1197366937994957,94054,1.9796117110409408e-05,5.938835133122821e-05,57472
3593,0.15517357643693686,0.15508511010557413,0.0008846718737913761,0.11973772943019867,101221,1.977004425688126e-05,5.931013277064377e-05,57488
3594,0.26559439301490784,0.26528117805719376,0.0031321170572482515,0.11973864585161209,97488,1.9743984352905787e-05,5.923195305871735e-05,57504
3595,0.13976198807358742,0.1396598033607006,0.001021827629301697,0.11973954737186432,97830,1.9717937409646236e-05,5.91538122289387e-05,57520
3596,0.1918312031775713,0.19159343466162682,0.0023776681773597375,0.11974047869443893,101275,1.9691903438260263e-05,5.9075710314780775e-05,57536
3597,0.12482982873916626,0.12474716454744339,0.0008266701406682841,0.11974146217107773,104624,1.9665882449900024e-05,5.899764734970007e-05,57552
3598,0.09271434787660837,0.09238980244845152,0.0032454555157528375,0.11974247545003891,98925,1.9639874455712054e-05,5.891962336713615e-05,57568
3599,0.16183472611010075,0.16158748790621758,0.0024724066315684468,0.11974351853132248,100214,1.9613879466837375e-05,5.884163840051212e-05,57584
3600,0.17656185664236546,0.17631074786186218,0.0025110733113251626,0.11974455416202545,96268,1.9587897494411388e-05,5.876369248323416e-05,57600
3601,0.13719512894749641,0.13673452846705914,0.004606043432431761,0.11974553763866425,96562,1.9561928549563968e-05,5.8685785648691894e-05,57616
3602,0.19773244112730026,0.19762967340648174,0.0010276958928443491,0.119746632874012,106168,1.9535972643419394e-05,5.860791793025817e-05,57632
3603,0.23070439603179693,0.23037325404584408,0.0033114335092250258,0.11974766105413437,95391,1.9510029787096314e-05,5.853008936128893e-05,57648
3604,0.1280546747148037,0.12785709463059902,0.0019758148991968483,0.11974868178367615,101324,1.9484099991707848e-05,5.845229997512354e-05,57664
3605,0.1476269606500864,0.14722879603505135,0.003981642672442831,0.11974970996379852,100722,1.945818326836151e-05,5.837454980508453e-05,57680
3606,0.13589351996779442,0.13552468083798885,0.003688382508698851,0.11975070834159851,98954,1.943227962815919e-05,5.829683888447756e-05,57696
3607,0.18631770182400942,0.18619472160935402,0.001229755551321432,0.1197517067193985,101652,1.9406389082197162e-05,5.821916724659148e-05,57712
3608,0.11725328303873539,0.1167359258979559,0.005173588833713438,0.11975259333848953,95033,1.9380511641566128e-05,5.814153492469838e-05,57728
3609,0.18280265107750893,0.18246768414974213,0.003349657985381782,0.1197534129023552,99506,1.9354647317351188e-05,5.806394195205356e-05,57744
3610,0.24332309514284134,0.2431849204003811,0.0013817612343700603,0.11975419521331787,99972,1.9328796120631755e-05,5.798638836189525e-05,57760
3611,0.21114947274327278,0.2107669673860073,0.0038250335201155394,0.11975494772195816,100978,1.9302958062481673e-05,5.7908874187445016e-05,57776
3612,0.23484331741929054,0.2347017377614975,0.0014157836267258972,0.11975570023059845,99305,1.9277133153969172e-05,5.783139946190751e-05,57792
3613,0.20283409766852856,0.20261182822287083,0.002222677888767066,0.11975645273923874,102133,1.9251321406156785e-05,5.775396421847035e-05,57808
3614,0.0975306611508131,0.09699083119630814,0.005398284542025067,0.11975723505020142,94262,1.9225522830101485e-05,5.767656849030444e-05,57824
3615,0.2107759825885296,0.21065744385123253,0.0011853280666400678,0.11975807696580887,101797,1.9199737436854515e-05,5.7599212310563534e-05,57840
3616,0.09055536147207022,0.09041284304112196,0.0014252096880227327,0.11975891143083572,100977,1.9173965237461554e-05,5.7521895712384655e-05,57856
3617,0.17660028859972954,0.17631278932094574,0.0028749521043209825,0.1197599247097969,99009,1.9148206242962575e-05,5.744461872888771e-05,57872
3618,0.12917282059788704,0.12864569574594498,0.005271242582239211,0.11976082623004913,99383,1.9122460464391918e-05,5.7367381393175744e-05,57888
3619,0.16018089093267918,0.15999090764671564,0.0018998638552147895,0.11976167559623718,104000,1.9096727912778266e-05,5.729018373833479e-05,57904
3620,0.15238292887806892,0.15215111896395683,0.002318123559234664,0.11976255476474762,103187,1.9071008599144614e-05,5.721302579743383e-05,57920
3621,0.1713875886052847,0.17123723961412907,0.0015035150654512108,0.1197633445262909,99131,1.9045302534508297e-05,5.713590760352488e-05,57936
3622,0.29387225210666656,0.29374920576810837,0.0012304197371122427,0.11976408213376999,99305,1.9019609729881e-05,5.705882918964299e-05,57952
3623,0.1798173151910305,0.17963649332523346,0.0018082077320968892,0.11976512521505356,99738,1.899393019626867e-05,5.698179058880601e-05,57968
3624,0.13763634860515594,0.1372820120304823,0.0035433339508017525,0.11976610869169235,96673,1.8968263944671643e-05,5.6904791834014925e-05,57984
3625,0.2071832213550806,0.20703324489295483,0.0014997913967818022,0.11976704001426697,102353,1.8942610986084486e-05,5.682783295825345e-05,58000
3626,0.1833233404904604,0.18313352018594742,0.0018981843059009407,0.11976797133684158,101321,1.891697133149614e-05,5.6750913994488415e-05,58016
3627,0.18970057740807533,0.1895492933690548,0.0015128715255059433,0.11976892501115799,96154,1.8891344991889798e-05,5.667403497566939e-05,58032
3628,0.17890773341059685,0.17875439673662186,0.0015333764895331115,0.11976982653141022,96775,1.886573197824297e-05,5.659719593472891e-05,58048
3629,0.13218652456998825,0.13201265037059784,0.0017387495972798206,0.1197708398103714,100599,1.8840132301527497e-05,5.6520396904582484e-05,58064
3630,0.16645695641636848,0.16609787195920944,0.003590840147808194,0.11977178603410721,92310,1.8814545972709408e-05,5.6443637918128215e-05,58080
3631,0.18170437216758728,0.18139800056815147,0.0030637221498182043,0.11977267265319824,104244,1.8788973002749112e-05,5.6366919008247325e-05,58096
3632,0.1643655989319086,0.16420786269009113,0.0015773396808071993,0.11977363377809525,105839,1.8763413402601254e-05,5.629024020780375e-05,58112
3633,0.2703307084739208,0.270231444388628,0.0009925588165060617,0.11977453529834747,100628,1.8737867183214757e-05,5.621360154964426e-05,58128
3634,0.18828501552343369,0.18811474926769733,0.0017026878704200499,0.11977541446685791,100064,1.871233435553278e-05,5.613700306659833e-05,58144
3635,0.2664693556725979,0.2662601098418236,0.0020924691216350766,0.11977636814117432,99997,1.8686814930492798e-05,5.6060444791478384e-05,58160
3636,0.1599718015640974,0.15980269014835358,0.0016910913836909458,0.11977732926607132,101890,1.8661308919026532e-05,5.598392675707959e-05,58176
3637,0.16215911321341991,0.16183270886540413,0.0032640667632222176,0.11977826058864594,96245,1.8635816332059923e-05,5.5907448996179766e-05,58192
3638,0.14017368480563164,0.13988305255770683,0.002906333524151705,0.11977921426296234,103452,1.86103371805132e-05,5.583101154153959e-05,58208
3639,0.2388364002108574,0.23851697519421577,0.003194228593201842,0.11978010833263397,98348,1.8584871475300815e-05,5.575461442590243e-05,58224
3640,0.14755456894636154,0.14712616801261902,0.004284026214008918,0.11978098005056381,96130,1.8559419227331486e-05,5.5678257681994453e-05,58240
3641,0.18213045597076416,0.18192212656140327,0.002083301485981792,0.11978182941675186,94344,1.8533980447508137e-05,5.56019413425244e-05,58256
3642,0.09494971856474876,0.09474381431937218,0.002059062331682071,0.1197827160358429,102842,1.8508555146727914e-05,5.552566544018373e-05,58272
3643,0.15679138340055943,0.15658007841557264,0.0021130379564056057,0.11978356540203094,100512,1.8483143335882235e-05,5.54494300076467e-05,58288
3644,0.2058651614934206,0.20555116795003414,0.0031399296858580783,0.11978444457054138,96156,1.8457745025856688e-05,5.5373235077570054e-05,58304
3645,0.15981875360012054,0.15962817147374153,0.0019058166508330032,0.11978534609079361,100666,1.8432360227531116e-05,5.5297080682593333e-05,58320
3646,0.13264344539493322,0.1324115041643381,0.0023194021196104586,0.11978624761104584,96748,1.8406988951779575e-05,5.5220966855338714e-05,58336
3647,0.1935903038829565,0.19308338314294815,0.005069236503913999,0.11978714913129807,97506,1.838163120947028e-05,5.514489362841083e-05,58352
3648,0.1792427133768797,0.17895055003464222,0.002921625127783045,0.11978808045387268,99821,1.8356287011465696e-05,5.506886103439708e-05,58368
3649,0.17814883589744568,0.17781013995409012,0.0033869516337290406,0.11978904157876968,103497,1.83309563686225e-05,5.4992869105867485e-05,58384
3650,0.10128658264875412,0.1010178430005908,0.0026873801834881306,0.1197899729013443,97285,1.8305639291791503e-05,5.49169178753745e-05,58400
3651,0.15459752269089222,0.15439358353614807,0.002039374543528538,0.11979090422391891,101120,1.8280335791817733e-05,5.4841007375453186e-05,58416
3652,0.17748727835714817,0.17714679054915905,0.0034048732777591795,0.11979175359010696,96001,1.8255045879540415e-05,5.4765137638621246e-05,58432
3653,0.2105272337794304,0.21038788557052612,0.0013935092210886069,0.1197926253080368,97251,1.8229769565792965e-05,5.468930869737889e-05,58448
3654,0.20080390758812428,0.20052581652998924,0.002780949726002291,0.11979354172945023,101771,1.8204506861402913e-05,5.461352058420874e-05,58464
3655,0.2253098264336586,0.22521527111530304,0.0009455776162212715,0.11979443579912186,98545,1.817925777719202e-05,5.453777333157606e-05,58480
3656,0.13285221811383963,0.13268999941647053,0.0016221736877923831,0.1197953075170517,99796,1.8154022323976194e-05,5.4462066971928574e-05,58496
3657,0.22627109475433826,0.2260000742971897,0.0027101525920443237,0.11979610472917557,98499,1.8128800512565513e-05,5.4386401537696536e-05,58512
3658,0.16573225148022175,0.16563305258750916,0.0009919832168634457,0.11979702115058899,97746,1.8103592353764187e-05,5.4310777061292557e-05,58528
3659,0.1009591044858098,0.10078540351241827,0.0017370132700307295,0.11979793757200241,100336,1.8078397858370573e-05,5.423519357511171e-05,58544
3660,0.11667601857334375,0.11655599623918533,0.0012002037838101387,0.11979880183935165,95411,1.8053217037177223e-05,5.415965111153166e-05,58560
3661,0.09624787420034409,0.09598903730511665,0.002588356117485091,0.1197996586561203,98526,1.8028049900970767e-05,5.40841497029123e-05,58576
3662,0.1273351926356554,0.1272318996489048,0.0010329415235901251,0.11980053782463074,95474,1.8002896460532033e-05,5.400868938159609e-05,58592
3663,0.22672376595437527,0.2265511117875576,0.001726553833577782,0.11980157345533371,102557,1.7977756726635957e-05,5.3933270179907865e-05,58608
3664,0.27408523857593536,0.27405013144016266,0.00035103557638649363,0.11980263143777847,102669,1.7952630710051582e-05,5.385789213015474e-05,58624
3665,0.1366219650954008,0.13636549189686775,0.002564715425251052,0.11980371177196503,100629,1.7927518421542104e-05,5.378255526462631e-05,58640
3666,0.23999059945344925,0.239871583878994,0.0011901564939762466,0.1198047548532486,99612,1.790241987186485e-05,5.3707259615594545e-05,58656
3667,0.21448132395744324,0.21415036916732788,0.0033095647959271446,0.11980565637350082,100963,1.7877335071771224e-05,5.363200521531366e-05,58672
3668,0.18862126395106316,0.1884307637810707,0.0019050263799726963,0.11980649083852768,95116,1.7852264032006743e-05,5.3556792096020224e-05,58688
3669,0.1758846640586853,0.17579128220677376,0.0009338106683571823,0.11980728805065155,99927,1.7827206763311056e-05,5.348162028993316e-05,58704
3670,0.2690497040748596,0.2688054144382477,0.0024429336772300303,0.11980801075696945,99587,1.7802163276417922e-05,5.3406489829253754e-05,58720
3671,0.128560995683074,0.12835872545838356,0.002022715751081705,0.11980871856212616,96727,1.777713358205514e-05,5.333140074616541e-05,58736
3672,0.12253143452107906,0.1221126839518547,0.00418748875381425,0.11980954557657242,98350,1.775211769094465e-05,5.3256353072833936e-05,58752
3673,0.22943141963332891,0.22923171054571867,0.0019971406654804014,0.11981033533811569,100389,1.7727115613802465e-05,5.3181346841407386e-05,58768
3674,0.12042945437133312,0.12028745841234922,0.0014199802681105211,0.11981111764907837,105244,1.77021273613387e-05,5.3106382084016095e-05,58784
3675,0.23940515890717506,0.23922884464263916,0.0017632171580999056,0.11981195211410522,101189,1.7677152944257513e-05,5.303145883277253e-05,58800
3676,0.1576645541936159,0.15735793113708496,0.0030662386416224763,0.11981277167797089,96239,1.765219237325714e-05,5.2956577119771405e-05,58816
3677,0.14493791945278645,0.14454637095332146,0.003915454784873873,0.11981362104415894,100545,1.762724565902991e-05,5.288173697708973e-05,58832
3678,0.12616650480777025,0.12594819348305464,0.002183109463658184,0.1198144480586052,96090,1.760231281226219e-05,5.280693843678656e-05,58848
3679,0.25923774391412735,0.2590607013553381,0.0017703923799103904,0.11981523782014847,103409,1.7577393843634427e-05,5.2732181530903275e-05,58864
3680,0.13199756667017937,0.13174650631844997,0.002510587772121653,0.11981600522994995,96233,1.7552488763821134e-05,5.2657466291463396e-05,58880
3681,0.23158390074968338,0.2314139399677515,0.0016995942933135666,0.11981677263975143,102417,1.7527597583490822e-05,5.2582792750472464e-05,58896
3682,0.25544872879981995,0.2552858255803585,0.001629019014444566,0.11981742829084396,98583,1.75027203133061e-05,5.2508160939918286e-05,58912
3683,0.17318275198340416,0.17306849919259548,0.0011425326665630564,0.11981808394193649,105352,1.747785696392361e-05,5.2433570891770826e-05,58928
3684,0.18916517682373524,0.18897739797830582,0.0018777410314214649,0.11981871724128723,102671,1.7453007545994e-05,5.235902263798199e-05,58944
3685,0.156886275857687,0.15670369565486908,0.0018258077507198323,0.11981932073831558,98854,1.7428172070161992e-05,5.228451621048597e-05,58960
3686,0.15418865345418453,0.1539141684770584,0.0027448752662166953,0.11981990933418274,99143,1.740335054706629e-05,5.2210051641198855e-05,58976
3687,0.19024481251835823,0.18997551500797272,0.002692972047952935,0.11982051283121109,97390,1.7378542987339674e-05,5.213562896201902e-05,58992
3688,0.15515340585261583,0.15496929734945297,0.001841064471136633,0.11982126533985138,103411,1.7353749401608888e-05,5.2061248204826655e-05,59008
3689,0.19551381841301918,0.1953505501151085,0.0016326933773598284,0.11982207000255585,101420,1.7328969800494726e-05,5.198690940148417e-05,59024
3690,0.18370263651013374,0.18324988707900047,0.0045274414151208475,0.1198229044675827,95759,1.730420419461199e-05,5.191261258383596e-05,59040
3691,0.1911594234406948,0.19099374115467072,0.0016568528153584339,0.11982372403144836,103413,1.7279452594569483e-05,5.183835778370844e-05,59056
3692,0.30587510392069817,0.3057078346610069,0.0016726916581433215,0.11982446908950806,99916,1.7254715010969978e-05,5.176414503290993e-05,59072
3693,0.14851672761142254,0.14839616604149342,0.0012056528394168708,0.11982524394989014,103242,1.722999145441031e-05,5.168997436323093e-05,59088
3694,0.147197388112545,0.14705875888466835,0.0013862648920621723,0.1198260560631752,98927,1.7205281935481236e-05,5.161584580644371e-05,59104
3695,0.13503465428948402,0.13480008207261562,0.0023457178031094372,0.11982684582471848,98942,1.718058646476752e-05,5.154175939430256e-05,59120
3696,0.11086537595838308,0.11044133082032204,0.00424047122214688,0.11982761323451996,94032,1.7155905052847937e-05,5.14677151585438e-05,59136
3697,0.19227836281061172,0.19193288125097752,0.0034548404946690425,0.11982834339141846,102251,1.7131237710295206e-05,5.139371313088561e-05,59152
3698,0.289830707013607,0.28978055343031883,0.000501546191117086,0.11982906609773636,107056,1.7106584447676065e-05,5.131975334302819e-05,59168
3699,0.16734952852129936,0.16723424568772316,0.001152815188106615,0.11982999742031097,103782,1.7081945275551144e-05,5.124583582665342e-05,59184
3700,0.14715066738426685,0.14700044132769108,0.0015022624866105616,0.1198309063911438,104747,1.7057320204475103e-05,5.11719606134253e-05,59200
3701,0.16863098740577698,0.16854919865727425,0.0008178669104381697,0.11983183026313782,101206,1.703270924499656e-05,5.109812773498967e-05,59216
3702,0.13407899998128414,0.13389157131314278,0.00187425097101368,0.11983270943164825,93294,1.7008112407658045e-05,5.1024337222974125e-05,59232
3703,0.16458173096179962,0.16417364589869976,0.004080877261003479,0.1198335587978363,99413,1.698352970299605e-05,5.095058910898814e-05,59248
3704,0.17323250882327557,0.1731199249625206,0.0011258524100412615,0.1198345422744751,98412,1.6958961141541053e-05,5.087688342462315e-05,59264
3705,0.15368209220468998,0.15353906899690628,0.0014301808550953865,0.11983558535575867,103471,1.6934406733817414e-05,5.080322020145224e-05,59280
3706,0.1862969994544983,0.18615154549479485,0.0014545193262165412,0.11983659863471985,102268,1.690986649034348e-05,5.072959947103043e-05,59296
3707,0.18403451517224312,0.18385959789156914,0.0017491904000053182,0.1198379173874855,103343,1.6885340421631512e-05,5.065602126489453e-05,59312
3708,0.16475240513682365,0.16452882066369057,0.002235862906672992,0.11983917653560638,100776,1.6860828538187712e-05,5.0582485614563126e-05,59328
3709,0.21418823301792145,0.21408095583319664,0.0010727383782977995,0.11984032392501831,102151,1.683633085051216e-05,5.0508992551536476e-05,59344
3710,0.23271793499588966,0.23262626118957996,0.0009167157113552094,0.11984140425920486,102883,1.6811847369098926e-05,5.043554210729677e-05,59360
3711,0.25838297232985497,0.2581367678940296,0.002462055788782891,0.11984241008758545,100327,1.678737810443593e-05,5.036213431330779e-05,59376
3712,0.1688226144760847,0.16860594972968102,0.0021666372049367055,0.11984342336654663,102096,1.6762923067005014e-05,5.028876920101504e-05,59392
3713,0.20971829816699028,0.20949853025376797,0.00219765461042698,0.11984437704086304,94945,1.6738482267281965e-05,5.021544680184588e-05,59408
3714,0.15745091810822487,0.15707601606845856,0.003749018154849182,0.11984533816576004,98185,1.6714055715736427e-05,5.014216714720927e-05,59424
3715,0.17707859724760056,0.17683162167668343,0.0024697866319911554,0.11984629929065704,99218,1.668964342283199e-05,5.0068930268495966e-05,59440
3716,0.17896955460309982,0.17885563895106316,0.001139162210165523,0.11984718590974808,103808,1.6665245399026065e-05,4.9995736197078185e-05,59456
3717,0.20575607754290104,0.20555268973112106,0.002033941178524401,0.1198481023311615,100533,1.6640861654770006e-05,4.992258496431002e-05,59472
3718,0.1166381910443306,0.1161123551428318,0.005258353819954209,0.11984903365373611,99200,1.661649220050906e-05,4.9849476601527175e-05,59488
3719,0.1291582714766264,0.12905120477080345,0.0010706599277909845,0.11984996497631073,93934,1.6592137046682304e-05,4.9776411140046906e-05,59504
3720,0.140994381159544,0.14083639346063137,0.0015798730091773905,0.11985087394714355,102592,1.656779620372269e-05,4.970338861116807e-05,59520
3721,0.23727516923099756,0.23703287728130817,0.002422918099910021,0.11985169351100922,96089,1.6543469682057106e-05,4.963040904617131e-05,59536
3722,0.20458565466105938,0.20440751872956753,0.0017813696176744998,0.11985262483358383,95938,1.651915749210622e-05,4.955747247631865e-05,59552
3723,0.15731363371014595,0.15718038193881512,0.001332525189354783,0.11985365301370621,102923,1.649485964428462e-05,4.9484578932853855e-05,59568
3724,0.12829821929335594,0.1280953399837017,0.0020288011874072254,0.11985468119382858,100149,1.647057614900073e-05,4.941172844700219e-05,59584
3725,0.17063273303210735,0.17041626013815403,0.0021647279791068286,0.1198558434844017,99999,1.644630701665686e-05,4.933892104997057e-05,59600
3726,0.08696282468736172,0.08676931448280811,0.0019351093433215283,0.11985701322555542,97312,1.6422052257649078e-05,4.926615677294723e-05,59616
3727,0.14134834334254265,0.1409587264060974,0.0038961487007327378,0.11985809355974197,93789,1.6397811882367402e-05,4.91934356471022e-05,59632
3728,0.2080479171127081,0.20776190608739853,0.002860126580344513,0.11985912173986435,101619,1.6373585901195616e-05,4.912075770358684e-05,59648
3729,0.2010236531496048,0.20070048794150352,0.0032316413416992873,0.11986015737056732,93661,1.6349374324511345e-05,4.9048122973534034e-05,59664
3730,0.16371572855859995,0.16348018869757652,0.002355414049816318,0.11986111849546432,101335,1.6325177162686072e-05,4.897553148805821e-05,59680
3731,0.10950728319585323,0.10917983762919903,0.0032744663185440004,0.11986207962036133,99850,1.6300994426085103e-05,4.8902983278255306e-05,59696
3732,0.21288806945085526,0.21254859492182732,0.0033947595220524818,0.11986295878887177,93895,1.6276826125067563e-05,4.883047837520268e-05,59712
3733,0.20708424970507622,0.20683696493506432,0.0024728222415433265,0.11986376345157623,98741,1.6252672269986352e-05,4.875801680995905e-05,59728
3734,0.10910417512059212,0.10878718830645084,0.0031698735547252,0.11986459791660309,101610,1.6228532871188236e-05,4.8685598613564695e-05,59744
3735,0.09760841354727745,0.09721084497869015,0.0039756830665282905,0.11986542493104935,98868,1.6204407939013772e-05,4.8613223817041307e-05,59760
3736,0.17215613089501858,0.1720324382185936,0.001236926473211497,0.11986619234085083,92052,1.61802974837973e-05,4.85408924513919e-05,59776
3737,0.18815522827208042,0.1878461204469204,0.003091075428528711,0.1198669970035553,96482,1.615620151586697e-05,4.84686045476009e-05,59792
3738,0.18664688989520073,0.1863382961601019,0.0030859346297802404,0.11986783146858215,96637,1.613212004554475e-05,4.839636013663425e-05,59808
3739,0.14943859353661537,0.14928538165986538,0.0015321060564019717,0.11986862868070602,97901,1.6108053083146347e-05,4.8324159249439035e-05,59824
3740,0.29450562596321106,0.29438792914152145,0.0011769263801397756,0.11986939609050751,105720,1.60840006389813e-05,4.82520019169439e-05,59840
3741,0.13359245471656322,0.13341704942286015,0.0017540886183269322,0.11987019330263138,101809,1.605996272335291e-05,4.817988817005873e-05,59856
3742,0.15486957877874374,0.1547290775924921,0.0014049973688088357,0.11987098306417465,104612,1.6035939346558275e-05,4.810781803967482e-05,59872
3743,0.18563148751854897,0.18532933108508587,0.0030215709558092385,0.11987178027629852,96612,1.6011930518888213e-05,4.803579155666463e-05,59888
3744,0.15423667058348656,0.15407482534646988,0.0016184052001335658,0.11987265944480896,105072,1.598793625062737e-05,4.796380875188211e-05,59904
3745,0.18759725987911224,0.1874534785747528,0.0014377665925167094,0.11987359076738358,101427,1.596395655205411e-05,4.789186965616232e-05,59920
3746,0.25568482652306557,0.2555311657488346,0.0015366097413789248,0.11987444013357162,102943,1.5939991433440598e-05,4.781997430032179e-05,59936
3747,0.148332629352808,0.14822797197848558,0.001046541379764676,0.11987528949975967,102034,1.5916040905052692e-05,4.7748122715158074e-05,59952
3748,0.1559115406125784,0.15572059527039528,0.0019094851450063288,0.11987613886594772,103318,1.5892104977150063e-05,4.767631493145018e-05,59968
3749,0.21222431026399136,0.21178821101784706,0.004361008723208215,0.1198769360780716,99706,1.586818365998611e-05,4.7604550979958314e-05,59984
3750,0.1207262147217989,0.12041187472641468,0.0031433882541023195,0.11987768858671188,100194,1.5844276963807936e-05,4.75328308914238e-05,60000
3751,0.23638799227774143,0.23624255880713463,0.0014543190445692744,0.11987842619419098,100179,1.5820384898856434e-05,4.7461154696569294e-05,60016
3752,0.18499028496444225,0.18477380275726318,0.002164773875847459,0.11987912654876709,97903,1.5796507475366206e-05,4.7389522426098614e-05,60032
3753,0.18653906509280205,0.18623733893036842,0.003017234950675629,0.11987978219985962,101484,1.5772644703565565e-05,4.7317934110696685e-05,60048
3754,0.22976206243038177,0.2294861227273941,0.002759435912594199,0.11988038569688797,98028,1.5748796593676583e-05,4.724638978102975e-05,60064
3755,0.10782814025878906,0.10751572623848915,0.003124132599623408,0.11988101899623871,98957,1.5724963155915033e-05,4.7174889467745096e-05,60080
3756,0.16399863176047802,0.16376027278602123,0.0023836217733332887,0.11988163739442825,97099,1.570114440049037e-05,4.71034332014711e-05,60096
3757,0.21409868635237217,0.21385207027196884,0.002466214356900309,0.11988227814435959,104004,1.5677340337605817e-05,4.703202101281744e-05,60112
3758,0.14729116018861532,0.1471341261640191,0.001570371285197325,0.11988289654254913,98891,1.5653550977458283e-05,4.696065293237484e-05,60128
3759,0.2404334880411625,0.24034681916236877,0.0008667306683491915,0.11988356709480286,102850,1.562977633023837e-05,4.688932899071511e-05,60144
3760,0.16636452823877335,0.16607721894979477,0.0028731192578561604,0.11988425254821777,100405,1.5606016406130373e-05,4.681804921839112e-05,60160
3761,0.1600346453487873,0.15967490896582603,0.003597335220547393,0.11988488584756851,92876,1.5582271215312294e-05,4.6746813645936877e-05,60176
3762,0.11264948733150959,0.11248339340090752,0.0016609682970738504,0.11988559365272522,97901,1.555854076795583e-05,4.667562230386749e-05,60192
3763,0.20737337693572044,0.20716750994324684,0.0020586111495504156,0.11988630890846252,104359,1.5534825074226352e-05,4.660447522267904e-05,60208
3764,0.15809551626443863,0.15798252820968628,0.0011298884492134675,0.11988702416419983,105158,1.5511124144282867e-05,4.6533372432848596e-05,60224
3765,0.23782765120267868,0.2376556620001793,0.0017198825414652674,0.11988773196935654,101772,1.5487437988278142e-05,4.646231396483442e-05,60240
3766,0.1802652282640338,0.179952934384346,0.0031229060259647667,0.11988848447799683,100903,1.5463766616358577e-05,4.639129984907573e-05,60256
3767,0.1524605229496956,0.15221169218420982,0.0024882812867872417,0.11988922953605652,103428,1.54401100386642e-05,4.63203301159926e-05,60272
3768,0.21944746002554893,0.21932928264141083,0.0011817092854471412,0.11988992989063263,96668,1.5416468265328764e-05,4.624940479598629e-05,60288
3769,0.1563823688775301,0.15618279948830605,0.0019956734467996284,0.11989069730043411,103405,1.5392841306479666e-05,4.617852391943899e-05,60304
3770,0.17484784685075283,0.1745381336659193,0.0030971234664320946,0.1198914647102356,98816,1.536922917223791e-05,4.6107687516713723e-05,60320
3771,0.18567964434623718,0.1853506937623024,0.0032895064214244485,0.11989220231771469,97809,1.5345631872718214e-05,4.6036895618154636e-05,60336
3772,0.24127256497740746,0.24103223532438278,0.0024032935543800704,0.11989293992519379,98615,1.532204941802889e-05,4.596614825408666e-05,60352
3773,0.18283670023083687,0.18260149285197258,0.002352045354200527,0.11989365518093109,101958,1.529848181827193e-05,4.589544545481579e-05,60368
3774,0.20985952485352755,0.2097908966243267,0.0006862690909201774,0.11989453434944153,100363,1.527492908354292e-05,4.582478725062876e-05,60384
3775,0.1871233694255352,0.18699349835515022,0.0012986984111194033,0.11989539861679077,101370,1.5251391223931127e-05,4.575417367179337e-05,60400
3776,0.15578238107264042,0.155313303694129,0.004690763667895226,0.11989618092775345,96300,1.5227868249519422e-05,4.568360474855826e-05,60416
3777,0.13102519419044256,0.13040433451533318,0.0062085866229608655,0.11989690363407135,103163,1.5204360170384286e-05,4.561308051115285e-05,60432
3778,0.13988953456282616,0.13925006240606308,0.0063947164453566074,0.11989763379096985,98043,1.5180866996595833e-05,4.554260098978749e-05,60448
3779,0.21208329312503338,0.21199077740311623,0.0009251542469428387,0.11989837139844894,98331,1.515738873821782e-05,4.547216621465346e-05,60464
3780,0.21112025901675224,0.21100950986146927,0.0011075054105731397,0.11989905685186386,97929,1.5133925405307563e-05,4.540177621592269e-05,60480
3781,0.19959017634391785,0.19947485998272896,0.0011531328491400927,0.11989971250295639,101251,1.5110477007916001e-05,4.5331431023748e-05,60496
3782,0.1858424562960863,0.18573110178112984,0.0011135292188555468,0.11990039795637131,97013,1.5087043556087688e-05,4.5261130668263054e-05,60512
3783,0.13790873438119888,0.13751100189983845,0.00397731174598448,0.11990106850862503,97738,1.5063625059860797e-05,4.519087517958239e-05,60528
3784,0.14815863780677319,0.1480158120393753,0.0014282578194979578,0.11990168690681458,97802,1.5040221529267024e-05,4.5120664587801066e-05,60544
3785,0.09223673027008772,0.09209655225276947,0.0014017927314853296,0.11990237236022949,102111,1.5016832974331724e-05,4.5050498922995166e-05,60560
3786,0.12635725364089012,0.12623346783220768,0.0012378366445773281,0.1199030876159668,97994,1.4993459405073823e-05,4.4980378215221463e-05,60576
3787,0.2958052344620228,0.2956864461302757,0.0011878935329150409,0.11990377306938171,97277,1.4970100831505784e-05,4.4910302494517345e-05,60592
3788,0.11075028404593468,0.11053708754479885,0.0021319746738299727,0.11990451067686081,99971,1.4946757263633716e-05,4.484027179090114e-05,60608
3789,0.16072943806648254,0.16055192612111568,0.0017750904080457985,0.11990522593259811,97119,1.4923428711457216e-05,4.477028613437164e-05,60624
3790,0.22094614803791046,0.2207372449338436,0.002089075234835036,0.1199059784412384,102904,1.4900115184969537e-05,4.47003455549086e-05,60640
3791,0.2684585526585579,0.26824644207954407,0.0021210932950452843,0.11990659683942795,100006,1.4876816694157419e-05,4.463045008247225e-05,60656
3792,0.2256754543632269,0.22554275207221508,0.0013270168710732833,0.1199072003364563,97454,1.4853533249001206e-05,4.456059974700361e-05,60672
3793,0.20386406872421503,0.2032280908897519,0.006359789564157836,0.11990777403116226,100113,1.4830264859474813e-05,4.4490794578424435e-05,60688
3794,0.2380753792822361,0.2379675917327404,0.0010778902433230542,0.11990832537412643,104312,1.480701153554564e-05,4.442103460663691e-05,60704
3795,0.1357925683259964,0.1354579832404852,0.003345844044815749,0.1199088767170906,99339,1.4783773287174684e-05,4.435131986152405e-05,60720
3796,0.16717140562832355,0.1668625883758068,0.003088154800934717,0.11990942060947418,99324,1.4760550124316502e-05,4.42816503729495e-05,60736
3797,0.09946197271347046,0.09929104708135128,0.0017092825946747325,0.11991002410650253,97536,1.4737342056919129e-05,4.4212026170757384e-05,60752
3798,0.2244086191058159,0.22412741370499134,0.00281211908259138,0.11991067230701447,100019,1.4714149094924151e-05,4.4142447284772444e-05,60768
3799,0.20436754450201988,0.2040117084980011,0.0035583884600782767,0.11991128325462341,100639,1.4690971248266722e-05,4.407291374480016e-05,60784
3800,0.17486796155571938,0.1744759976863861,0.003919648646842688,0.11991196125745773,99938,1.4667808526875499e-05,4.400342558062649e-05,60800
3801,0.1660737730562687,0.1658552447333932,0.0021853228972759098,0.11991264671087265,97864,1.4644660940672627e-05,4.3933982822017876e-05,60816
3802,0.16563917323946953,0.16538736410439014,0.0025180451048072428,0.1199132651090622,101114,1.4621528499573817e-05,4.3864585498721445e-05,60832
3803,0.15302267391234636,0.15270372852683067,0.0031894633575575426,0.11991385370492935,100473,1.4598411213488284e-05,4.379523364046484e-05,60848
3804,0.14866824820637703,0.14852998778223991,0.0013826022259308957,0.11991444230079651,99315,1.4575309092318713e-05,4.372592727695613e-05,60864
3805,0.17237761989235878,0.17223468609154224,0.0014293330586951924,0.11991515755653381,100528,1.4552222145961325e-05,4.365666643788397e-05,60880
3806,0.1731534581631422,0.1727035790681839,0.004498792113736272,0.11991585046052933,93523,1.4529150384305851e-05,4.358745115291754e-05,60896
3807,0.17056512460112572,0.17049524933099747,0.0006987355118326377,0.11991658061742783,100123,1.4506093817235494e-05,4.3518281451706477e-05,60912
3808,0.173713531345129,0.17367091961205006,0.0004261176181898918,0.11991726607084274,99619,1.4483052454626939e-05,4.344915736388081e-05,60928
3809,0.17140251025557518,0.17123347893357277,0.0016903494688449427,0.11991798132658005,103370,1.4460026306350377e-05,4.3380078919051125e-05,60944
3810,0.1342367921024561,0.1337470505386591,0.004897392587736249,0.11991863697767258,96324,1.4437015382269503e-05,4.33110461468085e-05,60960
3811,0.20905832387506962,0.20888681709766388,0.0017151360625575762,0.11991927027702332,98825,1.4414019692241437e-05,4.3242059076724304e-05,60976
3812,0.1651982944458723,0.16501805558800697,0.00180238121538423,0.11991988867521286,97149,1.439103924611681e-05,4.317311773835043e-05,60992
3813,0.1531384438276291,0.15293248929083347,0.00205949520568538,0.119920514523983,99784,1.4368074053739734e-05,4.3104222161219196e-05,61008
3814,0.14383274130523205,0.14363620802760124,0.0019653253257274628,0.11992113292217255,103793,1.434512412494774e-05,4.303537237484321e-05,61024
3815,0.2398063726723194,0.23969084210693836,0.0011553395996202198,0.11992178857326508,99870,1.4322189469571879e-05,4.296656840871563e-05,61040
3816,0.1901840716600418,0.18957919627428055,0.006048768584150821,0.11992235481739044,94454,1.429927009743659e-05,4.2897810292309764e-05,61056
3817,0.2408713363111019,0.2407788783311844,0.0009245960245607421,0.1199229285120964,103849,1.4276366018359844e-05,4.2829098055079524e-05,61072
3818,0.2440929003059864,0.24391791224479675,0.0017498721445008414,0.11992349475622177,106822,1.4253477242152985e-05,4.276043172645895e-05,61088
3819,0.15020286850631237,0.1499254871159792,0.002773824773612432,0.11992403864860535,96367,1.4230603778620855e-05,4.269181133586256e-05,61104
3820,0.1385450540110469,0.13840340077877045,0.0014165039319777861,0.11992458999156952,104127,1.4207745637561731e-05,4.262323691268519e-05,61120
3821,0.23532617092132568,0.23513644561171532,0.0018972655234392732,0.1199251115322113,103667,1.4184902828767287e-05,4.255470848630186e-05,61136
3822,0.25459471344947815,0.25453440845012665,0.0006030713054769876,0.11992563307285309,103111,1.4162075362022676e-05,4.248622608606802e-05,61152
3823,0.18947959691286087,0.18940264731645584,0.0007694860469200648,0.11992619186639786,100786,1.4139263247106466e-05,4.241778974131939e-05,61168
3824,0.15217919275164604,0.1520148664712906,0.0016432424017693847,0.11992679536342621,97085,1.4116466493790631e-05,4.234939948137189e-05,61184
3825,0.17632367461919785,0.17610061541199684,0.0022306197861325927,0.11992741376161575,100811,1.4093685111840566e-05,4.228105533552169e-05,61200
3826,0.13220579735934734,0.13195542246103287,0.0025037655505002476,0.11992804706096649,103679,1.4070919111015096e-05,4.2212757333045283e-05,61216
3827,0.17988192476332188,0.17966636177152395,0.0021555935600190423,0.11992865055799484,100529,1.4048168501066478e-05,4.214450550319943e-05,61232
3828,0.14672499615699053,0.14657286927103996,0.0015212968428386375,0.1199292540550232,97618,1.4025433291740314e-05,4.2076299875220936e-05,61248
3829,0.2005491591989994,0.20033326745033264,0.002158960691303946,0.11992982774972916,101394,1.400271349277566e-05,4.200814047832697e-05,61264
3830,0.26052189618349075,0.260305967181921,0.0021593635265162447,0.11993040889501572,102350,1.3980009113904974e-05,4.194002734171491e-05,61280
3831,0.12252879235893488,0.12231549993157387,0.002132947825884912,0.11993099749088287,100546,1.3957320164854059e-05,4.1871960494562174e-05,61296
3832,0.15334978699684143,0.15311134792864323,0.002384401945164427,0.11993160098791122,95340,1.393464665534217e-05,4.180393996602651e-05,61312
3833,0.09835737105458975,0.098081449046731,0.0027591990074142814,0.11993222683668137,105343,1.3911988595081893e-05,4.1735965785245674e-05,61328
3834,0.14728117547929287,0.14710293244570494,0.0017824344977270812,0.11993284523487091,95631,1.3889345993779246e-05,4.1668037981337735e-05,61344
3835,0.20453032106161118,0.20440484210848808,0.001254783921467606,0.11993350833654404,96804,1.386671886113357e-05,4.160015658340071e-05,61360
3836,0.12210976146161556,0.1220015436410904,0.0010821684554684907,0.11993413418531418,98377,1.3844107206837625e-05,4.153232162051287e-05,61376
3837,0.20767048187553883,0.20758219249546528,0.0008829105136101134,0.11993478238582611,105301,1.382151104057754e-05,4.1464533121732613e-05,61392
3838,0.18456873297691345,0.1843136865645647,0.0025504220902803354,0.11993542313575745,95754,1.379893037203277e-05,4.1396791116098305e-05,61408
3839,0.16163420118391514,0.16140866838395596,0.0022553302260348573,0.11993613839149475,99144,1.3776365210876164e-05,4.132909563262848e-05,61424
3840,0.14492139220237732,0.14477383345365524,0.001475573968491517,0.11993704736232758,99425,1.3753815566773943e-05,4.126144670032182e-05,61440
3841,0.11946135014295578,0.11933974176645279,0.001216107739310246,0.11993789672851562,98824,1.373128144938563e-05,4.1193844348156886e-05,61456
3842,0.21700321324169636,0.21685433760285378,0.0014887871220707893,0.11993873119354248,96125,1.3708762868364128e-05,4.112628860509238e-05,61472
3843,0.19004164077341557,0.18979144096374512,0.0025019901513587683,0.11993949860334396,96732,1.368625983335568e-05,4.105877950006703e-05,61488
3844,0.1749601373448968,0.17480752430856228,0.0015261475928127766,0.11994028091430664,94627,1.3663772353999893e-05,4.0991317061999676e-05,61504
3845,0.20391402766108513,0.20364302396774292,0.002710013099203934,0.11994101107120514,98639,1.3641300439929666e-05,4.0923901319788994e-05,61520
3846,0.13127722591161728,0.13086857460439205,0.004086500848643482,0.11994171142578125,96005,1.3618844100771255e-05,4.085653230231376e-05,61536
3847,0.16340355575084686,0.16332232765853405,0.0008123100560624152,0.11994247883558273,100638,1.3596403346144255e-05,4.078921003843276e-05,61552
3848,0.19722764194011688,0.19718356430530548,0.0004408105714901467,0.11994324624538422,102451,1.3573978185661572e-05,4.0721934556984716e-05,61568
3849,0.16076867375522852,0.16053283214569092,0.002358412617468275,0.1199440136551857,97781,1.3551568628929434e-05,4.06547058867883e-05,61584
3850,0.18081355653703213,0.18071520421653986,0.0009835344535531476,0.11994489282369614,100850,1.3529174685547357e-05,4.0587524056642065e-05,61600
3851,0.1843898855149746,0.1842904333025217,0.0009945722067641327,0.11994578689336777,104146,1.3506796365108232e-05,4.052038909532469e-05,61616
3852,0.1945142988115549,0.19419009052217007,0.0032420859643025324,0.11994663625955582,98240,1.3484433677198182e-05,4.045330103159454e-05,61632
3853,0.1721972580999136,0.1716276854276657,0.005695719053619541,0.11994747072458267,98113,1.3462086631396692e-05,4.038625989419007e-05,61648
3854,0.19481864385306835,0.194704569876194,0.0011407220360979409,0.11994822323322296,102165,1.3439755237276548e-05,4.031926571182963e-05,61664
3855,0.15037780813872814,0.15025724284350872,0.0012056631239829585,0.11994891613721848,101945,1.3417439504403768e-05,4.0252318513211296e-05,61680
3856,0.23156412690877914,0.23149024695158005,0.0007387413206743076,0.11994955688714981,100840,1.3395139442337723e-05,4.018541832701316e-05,61696
3857,0.10106406174600124,0.1007808018475771,0.0028326092869974673,0.11995024234056473,97062,1.3372855060631068e-05,4.01185651818932e-05,61712
3858,0.1563312318176031,0.1559845767915249,0.0034665631246753037,0.11995094269514084,100776,1.3350586368829693e-05,4.005175910648907e-05,61728
3859,0.21207298710942268,0.2118208296597004,0.0025216027424903587,0.11995159834623337,100422,1.3328333376472824e-05,3.9985000129418466e-05,61744
3860,0.20594831183552742,0.20579366199672222,0.0015464730713574681,0.11995221674442291,101649,1.3306096093092912e-05,3.991828827927873e-05,61760
3861,0.19014571886509657,0.19005281571298838,0.0009290388170484221,0.11995290219783783,97627,1.3283874528215733e-05,3.98516235846472e-05,61776
3862,0.1771328579634428,0.17700118385255337,0.0013167070865165442,0.11995372921228409,102729,1.3261668691360268e-05,3.97850060740808e-05,61792
3863,0.20737126842141151,0.2070503793656826,0.0032088964653667063,0.11995446681976318,99046,1.32394785920388e-05,3.97184357761164e-05,61808
3864,0.23611439764499664,0.23596827313303947,0.0014612530067097396,0.11995524168014526,101633,1.3217304239756873e-05,3.965191271927061e-05,61824
3865,0.2609076760709286,0.26069171633571386,0.0021596315755232354,0.11995597928762436,97486,1.3195145644013285e-05,3.9585436932039846e-05,61840
3866,0.16394850052893162,0.1635076403617859,0.0044086339039495215,0.11995666474103928,92984,1.3173002814300045e-05,3.951900844290013e-05,61856
3867,0.167256785556674,0.1667772512882948,0.0047953468747437,0.11995737999677658,97540,1.3150875760102465e-05,3.945262728030739e-05,61872
3868,0.0749210026115179,0.07452195882797241,0.003990450291894376,0.11995808035135269,99471,1.3128764490899065e-05,3.938629347269719e-05,61888
3869,0.182186521589756,0.18175434693694115,0.004321739397710189,0.11995872110128403,99006,1.3106669016161588e-05,3.932000704848476e-05,61904
3870,0.18633419647812843,0.18617325276136398,0.001609420869499445,0.11995939910411835,102842,1.3084589345355053e-05,3.925376803606515e-05,61920
3871,0.1561462450772524,0.1558811441063881,0.002650985450600274,0.11996003985404968,97329,1.3062525487937699e-05,3.918757646381309e-05,61936
3872,0.20950143039226532,0.20946092158555984,0.000405119612537419,0.11996067315340042,100698,1.3040477453360955e-05,3.912143236008286e-05,61952
3873,0.12868779711425304,0.1283515002578497,0.0033629601821303368,0.11996124684810638,96051,1.301844525106951e-05,3.9055335753208525e-05,61968
3874,0.15771920420229435,0.15754778869450092,0.0017141654752776958,0.11996185034513474,103828,1.2996428890501272e-05,3.898928667150381e-05,61984
3875,0.12356514763087034,0.12336790189146996,0.0019724301964743063,0.11996245384216309,100672,1.297442838108735e-05,3.892328514326204e-05,62000
3876,0.11141232773661613,0.11115923523902893,0.0025309236661996692,0.11996319890022278,103661,1.2952443732252057e-05,3.885733119675616e-05,62016
3877,0.15872096829116344,0.15859097801148891,0.0012999447280890308,0.11996391415596008,97390,1.2930474953412897e-05,3.879142486023869e-05,62032
3878,0.1272837296128273,0.1271838080137968,0.0009992031118599698,0.11996462196111679,101242,1.2908522053980632e-05,3.872556616194189e-05,62048
3879,0.12431707419455051,0.12413259781897068,0.0018447534821461886,0.11996538192033768,101252,1.2886585043359156e-05,3.865975513007746e-05,62064
3880,0.19210095703601837,0.19188233092427254,0.0021862162102479488,0.11996616423130035,100162,1.2864663930945602e-05,3.85939917928368e-05,62080
3881,0.1944258064031601,0.19430898688733578,0.001168195528407523,0.11996690183877945,102869,1.2842758726130283e-05,3.852827617839084e-05,62096
3882,0.20096956193447113,0.20084291324019432,0.001266466308152303,0.11996772885322571,99700,1.2820869438296695e-05,3.8462608314890084e-05,62112
3883,0.18896114453673363,0.1886256318539381,0.0033551369269844145,0.11996852606534958,97820,1.2798996076821495e-05,3.8396988230464484e-05,62128
3884,0.13104067742824554,0.1305854693055153,0.004552108206553385,0.11996931582689285,97579,1.2777138651074566e-05,3.833141595322369e-05,62144
3885,0.20925838127732277,0.20911133661866188,0.0014704371860716492,0.11997006088495255,94098,1.2755297170418912e-05,3.826589151125673e-05,62160
3886,0.1500560287386179,0.14995157346129417,0.0010445677035022527,0.11997085809707642,103449,1.273347164421072e-05,3.820041493263216e-05,62176
3887,0.12146127596497536,0.12127126753330231,0.0019000961910933256,0.11997165530920029,97298,1.2711662081799364e-05,3.8134986245398084e-05,62192
3888,0.26913951337337494,0.2690362073481083,0.0010330854274798185,0.11997237801551819,102696,1.2689868492527385e-05,3.806960547758215e-05,62208
3889,0.28372015431523323,0.2836744487285614,0.0004570737896756327,0.1199730783700943,100699,1.2668090885730438e-05,3.800427265719131e-05,62224
3890,0.15340313035994768,0.15309829264879227,0.003048357950319769,0.11997376382350922,96184,1.2646329270737362e-05,3.793898781221208e-05,62240
3891,0.14889191836118698,0.14878294616937637,0.0010897072897932958,0.11997444182634354,97709,1.2624583656870154e-05,3.787375097061045e-05,62256
3892,0.18594481982290745,0.18575343675911427,0.0019137988820148166,0.11997514218091965,101182,1.2602854053443952e-05,3.780856216033185e-05,62272
3893,0.18326093815267086,0.18312309682369232,0.0013784389884676784,0.11997576802968979,96591,1.258114046976701e-05,3.774342140930103e-05,62288
3894,0.18106712773442268,0.18079610913991928,0.0027101945015601814,0.11997640132904053,94714,1.2559442915140734e-05,3.7678328745422195e-05,62304
3895,0.09140266384929419,0.09127293154597282,0.001297307993809227,0.11997706443071365,99995,1.2537761398859682e-05,3.761328419657904e-05,62320
3896,0.24523228779435158,0.24505600333213806,0.0017629163048695773,0.119977667927742,102988,1.2516095930211508e-05,3.754828779063452e-05,62336
3897,0.12871310487389565,0.1284976713359356,0.002154369678464718,0.11997827142477036,100744,1.2494446518477022e-05,3.7483339555431055e-05,62352
3898,0.18168242648243904,0.18140478432178497,0.0027764034748543054,0.11997884511947632,90603,1.2472813172930147e-05,3.7418439518790435e-05,62368
3899,0.19211232662200928,0.19193518720567226,0.0017713788195123925,0.1199793815612793,100728,1.245119590283793e-05,3.7353587708513786e-05,62384
3900,0.283004317432642,0.2828782796859741,0.001260295081010554,0.11997990310192108,103288,1.2429594717460497e-05,3.728878415238148e-05,62400
3901,0.2321218103170395,0.2319973222911358,0.001244883329491131,0.11998040974140167,103829,1.2408009626051137e-05,3.72240288781534e-05,62416
3902,0.1818966157734394,0.18180530797690153,0.0009130591060966253,0.11998093128204346,97224,1.2386440637856206e-05,3.715932191356861e-05,62432
3903,0.21321386843919754,0.21313532441854477,0.0007854446155306505,0.11998151242733002,104719,1.2364887762115152e-05,3.709466328634545e-05,62448
3904,0.20562416315078735,0.20553397201001644,0.0009018954069688334,0.11998205631971359,105329,1.2343351008060566e-05,3.7030053024181694e-05,62464
3905,0.16184275224804878,0.1613022554665804,0.005404969502706081,0.11998263746500015,96281,1.2321830384918116e-05,3.696549115475434e-05,62480
3906,0.21359067782759666,0.21310563385486603,0.004850409022765234,0.11998318135738373,99535,1.2300325901906528e-05,3.690097770571958e-05,62496
3907,0.1330000851303339,0.13282820768654346,0.0017187871635542251,0.11998381465673447,99178,1.2278837568237656e-05,3.683651270471296e-05,62512
3908,0.20353872142732143,0.20340712182223797,0.0013160175003577024,0.11998441815376282,100897,1.2257365393116415e-05,3.677209617934924e-05,62528
3909,0.23676284030079842,0.23640180379152298,0.0036104110986343585,0.11998496949672699,97252,1.2235909385740824e-05,3.6707728157222465e-05,62544
3910,0.18606390617787838,0.1856690850108862,0.00394821263034828,0.11998552829027176,99325,1.2214469555301927e-05,3.664340866590578e-05,62560
3911,0.1599375195801258,0.15966439992189407,0.0027312011079629883,0.11998609453439713,99196,1.2193045910983863e-05,3.657913773295159e-05,62576
3912,0.28238128311932087,0.2822341285645962,0.0014715801808051765,0.1199866458773613,97382,1.217163846196387e-05,3.65149153858916e-05,62592
3913,0.1321022715419531,0.13203086704015732,0.0007140431989682838,0.11998723447322845,101634,1.2150247217412186e-05,3.645074165223655e-05,62608
3914,0.15670271590352058,0.1565942596644163,0.0010845346405403689,0.119987852871418,101787,1.2128872186492157e-05,3.638661655947647e-05,62624
3915,0.1314471121877432,0.13124098628759384,0.002061269828118384,0.11998850852251053,101382,1.2107513378360164e-05,3.6322540135080484e-05,62640
3916,0.18082875851541758,0.1805573906749487,0.002713637033593841,0.11998911201953888,100772,1.2086170802165659e-05,3.625851240649697e-05,62656
3917,0.1080472283065319,0.10773100145161152,0.0031622955575585365,0.11998974531888962,92144,1.206484446705109e-05,3.619453340115326e-05,62672
3918,0.18011556938290596,0.17975341528654099,0.003621566742367577,0.11999040842056274,99468,1.2043534382152022e-05,3.613060314645606e-05,62688
3919,0.178958086296916,0.17881296202540398,0.001451259055556875,0.11999106407165527,99439,1.2022240556596975e-05,3.606672166979092e-05,62704
3920,0.15600038412958384,0.15593061782419682,0.0006976953663979657,0.11999177932739258,102477,1.2000962999507587e-05,3.600288899852276e-05,62720
3921,0.23993773385882378,0.23986095562577248,0.0007677531549461492,0.1199924647808075,100104,1.1979701719998453e-05,3.593910515999536e-05,62736
3922,0.22623162530362606,0.22607280779629946,0.0015882004372542724,0.11999312788248062,100500,1.1958456727177254e-05,3.5875370181531754e-05,62752
3923,0.1967187114059925,0.19666045904159546,0.0005825276166433468,0.11999375373125076,100535,1.193722803014467e-05,3.5811684090434005e-05,62768
3924,0.18023513071238995,0.17994960024952888,0.0028553203082992695,0.11999435722827911,98928,1.1916015637994376e-05,3.5748046913983126e-05,62784
3925,0.17963928915560246,0.17942995578050613,0.00209336809348315,0.11999496817588806,97501,1.1894819559813108e-05,3.568445867943932e-05,62800
3926,0.15043223835527897,0.1502866894006729,0.0014554764711647294,0.11999552696943283,100724,1.1873639804680598e-05,3.562091941404179e-05,62816
3927,0.20290635712444782,0.20265578478574753,0.0025056890008272603,0.11999604851007462,99178,1.1852476381669558e-05,3.555742914500867e-05,62832
3928,0.19070758298039436,0.19047767482697964,0.0022990975412540138,0.1199965551495552,101702,1.183132929984575e-05,3.549398789953725e-05,62848
3929,0.12446107063442469,0.124239481985569,0.0022158756910357624,0.11999702453613281,100840,1.1810198568267905e-05,3.5430595704803714e-05,62864
3930,0.12369470112025738,0.12345492094755173,0.0023978418175829574,0.11999749392271042,100717,1.1789084195987737e-05,3.536725258796321e-05,62880
3931,0.136187506839633,0.13599056005477905,0.0019694997172337025,0.119998037815094,103656,1.1767986192049984e-05,3.530395857614995e-05,62896
3932,0.16063875705003738,0.1603512242436409,0.002875335398130119,0.11999861896038055,99977,1.1746904565492367e-05,3.5240713696477095e-05,62912
3933,0.16113415267318487,0.16070396825671196,0.004301845212467015,0.11999917030334473,96470,1.17258393253456e-05,3.51775179760368e-05,62928
3934,0.17722636088728905,0.177013517357409,0.002128477208316326,0.1199997141957283,101456,1.1704790480633326e-05,3.511437144189997e-05,62944
3935,0.17104792967438698,0.17076585069298744,0.0028208161838847445,0.12000026553869247,99511,1.1683758040372223e-05,3.505127412111666e-05,62960
3936,0.22970682010054588,0.22959310188889503,0.0011371886994311353,0.12000083178281784,101412,1.1662742013571925e-05,3.498822604071577e-05,62976
3937,0.13985821977257729,0.13966443948447704,0.0019377900171093643,0.12000139057636261,98451,1.164174240923503e-05,3.4925227227705085e-05,62992
3938,0.2149064615368843,0.2148279845714569,0.0007847673496144125,0.12000197172164917,104597,1.1620759236357082e-05,3.486227770907124e-05,63008
3939,0.2481387034058571,0.24798192828893661,0.0015678224326620693,0.12000249326229095,98131,1.1599792503926609e-05,3.479937751177982e-05,63024
3940,0.10625587031245232,0.1059201005846262,0.003357690933626145,0.12000305205583572,101949,1.1578842220925124e-05,3.473652666277536e-05,63040
3941,0.16654464788734913,0.1663996446877718,0.0014500414545182139,0.12000361829996109,100986,1.1557908396327028e-05,3.4673725188981075e-05,63056
3942,0.11734542902559042,0.11710362881422043,0.002418009447865188,0.12000419199466705,100867,1.1536991039099715e-05,3.461097311729914e-05,63072
3943,0.2133930865675211,0.2131303772330284,0.002627077090437524,0.12000472843647003,101684,1.1516090158203529e-05,3.4548270474610586e-05,63088
3944,0.18312635086476803,0.1827140897512436,0.00412261692690663,0.12000523507595062,93511,1.1495205762591731e-05,3.448561728777519e-05,63104
3945,0.23298168927431107,0.23291127756237984,0.0007041557901175111,0.12000571936368942,105070,1.1474337861210543e-05,3.442301358363163e-05,63120
3946,0.146244615316391,0.14598114229738712,0.0026347321254434064,0.1200062558054924,102113,1.1453486462999108e-05,3.436045938899732e-05,63136
3947,0.12409612908959389,0.12387494556605816,0.002211795828770846,0.12000679969787598,96391,1.1432651576889486e-05,3.429795473066845e-05,63152
3948,0.20259078033268452,0.202477203682065,0.0011357589100953192,0.12000732123851776,104623,1.1411833211806694e-05,3.423549963542008e-05,63168
3949,0.23223121836781502,0.23207395523786545,0.0015726614401501138,0.12000782042741776,96291,1.1391031376668653e-05,3.4173094130005954e-05,63184
3950,0.12326087057590485,0.12310579605400562,0.0015507782954955474,0.12000832706689835,99576,1.1370246080386226e-05,3.411073824115867e-05,63200
3951,0.1837762761861086,0.1835404522716999,0.0023582178982906044,0.12000883370637894,99101,1.134947733186315e-05,3.404843199558945e-05,63216
3952,0.2186981812119484,0.2185410112142563,0.001571717788465321,0.1200094148516655,100989,1.132872513999611e-05,3.3986175419988326e-05,63232
3953,0.24535590782761574,0.24510567262768745,0.0025023456546477973,0.12000998854637146,102781,1.1307989513674693e-05,3.3923968541024075e-05,63248
3954,0.212669026106596,0.21250218898057938,0.0016683587091392837,0.12001053988933563,94707,1.1287270461781374e-05,3.386181138534412e-05,63264
3955,0.1461550323292613,0.14598126150667667,0.0017377324402332306,0.1200110912322998,107625,1.1266567993191524e-05,3.3799703979574565e-05,63280
3956,0.26159264519810677,0.2613444998860359,0.002481467709003482,0.12001163512468338,99388,1.1245882116773432e-05,3.373764635032029e-05,63296
3957,0.1297724787145853,0.129557304084301,0.0021517640259389736,0.12001218646764755,98779,1.1225212841388282e-05,3.367563852416484e-05,63312
3958,0.229554932564497,0.22922326996922493,0.0033166512002935633,0.12001273781061172,96303,1.1204560175890117e-05,3.361368052767035e-05,63328
3959,0.1433552037924528,0.14292790554463863,0.00427296818816103,0.1200132891535759,98036,1.1183924129125889e-05,3.355177238737766e-05,63344
3960,0.18076911382377148,0.18065505661070347,0.00114050601132476,0.12001386284828186,101906,1.1163304709935447e-05,3.348991412980633e-05,63360
3961,0.18557260185480118,0.1852051056921482,0.0036749807331943884,0.12001446634531021,98473,1.1142701927151456e-05,3.342810578145436e-05,63376
3962,0.24432841688394547,0.24424555897712708,0.0008285631556645967,0.12001501768827438,102056,1.1122115789599525e-05,3.336634736879857e-05,63392
3963,0.14117430336773396,0.1410071775317192,0.0016712308060959913,0.12001557648181915,95822,1.1101546306098093e-05,3.330463891829427e-05,63408
3964,0.2657145634293556,0.26560112833976746,0.0011343754813424312,0.12001611292362213,104800,1.1080993485458457e-05,3.324298045637537e-05,63424
3965,0.21534569934010506,0.21516434848308563,0.0018135098944185302,0.1200166642665863,99256,1.1060457336484803e-05,3.31813720094544e-05,63440
3966,0.10339485108852386,0.10325449705123901,0.0014035276544746011,0.12001731246709824,101558,1.1039937867974165e-05,3.311981360392249e-05,63456
3967,0.16562811098992825,0.16544087417423725,0.0018723822722677141,0.12001793086528778,99568,1.1019435088716446e-05,3.3058305266149335e-05,63472
3968,0.23676655627787113,0.2365868017077446,0.0017974952788790688,0.12001853436231613,98866,1.0998949007494364e-05,3.2996847022483084e-05,63488
3969,0.16000369936227798,0.1597859002649784,0.0021779794187750667,0.1200191080570221,96921,1.097847963308351e-05,3.293543889925053e-05,63504
3970,0.1916015762835741,0.19139810092747211,0.0020347663121356163,0.12001970410346985,94024,1.0958026974252327e-05,3.287408092275698e-05,63520
3971,0.11327975802123547,0.11308644153177738,0.001933155998813163,0.1200203225016594,97201,1.0937591039762085e-05,3.281277311928625e-05,63536
3972,0.1528737787157297,0.15255106985569,0.003227117398637347,0.12002092599868774,100626,1.0917171838366857e-05,3.275151551510057e-05,63552
3973,0.20679725147783756,0.20664844289422035,0.0014881251117913052,0.12002148479223251,93811,1.0896769378813609e-05,3.269030813644082e-05,63568
3974,0.18220003694295883,0.18187441304326057,0.0032562607229920104,0.1200219914317131,101401,1.0876383669842105e-05,3.262915100952631e-05,63584
3975,0.2392180673778057,0.23911447450518608,0.0010359017178416252,0.12002252042293549,102376,1.0856014720184926e-05,3.2568044160554774e-05,63600
3976,0.20978530496358871,0.20959349907934666,0.0019180725212208927,0.12002306431531906,98281,1.0835662538567481e-05,3.250698761570244e-05,63616
3977,0.10759550612419844,0.10711516067385674,0.004803476207598578,0.12002354860305786,95576,1.0815327133708015e-05,3.2445981401124035e-05,63632
3978,0.15912548266351223,0.15861047059297562,0.005150097422301769,0.12002402544021606,87903,1.0795008514317551e-05,3.238502554295265e-05,63648
3979,0.18609833158552647,0.18591506406664848,0.0018326550489291549,0.12002449482679367,102465,1.0774706689099956e-05,3.2324120067299864e-05,63664
3980,0.23545174673199654,0.2351588737219572,0.0029287529826262926,0.12002496421337128,99725,1.0754421666751863e-05,3.2263265000255585e-05,63680
3981,0.13957438617944717,0.1393746268004179,0.0019975926425104262,0.12002548575401306,100828,1.0734153455962765e-05,3.220246036788829e-05,63696
3982,0.13354894146323204,0.13311894796788692,0.004299923748476431,0.12002600729465485,97797,1.0713902065414882e-05,3.2141706196244646e-05,63712
3983,0.15701208636164665,0.15669012162834406,0.003219661710318178,0.12002658098936081,99495,1.069366750378329e-05,3.2081002511349866e-05,63728
3984,0.20775240659713745,0.2075912356376648,0.0016116722908918746,0.12002713233232498,99722,1.0673449779735838e-05,3.202034933920751e-05,63744
3985,0.20502543076872826,0.20459376648068428,0.004316636277508223,0.12002776563167572,99758,1.0653248901933138e-05,3.195974670579941e-05,63760
3986,0.16558165848255157,0.1653161644935608,0.0026549422764219344,0.12002833932638168,95341,1.0633064879028609e-05,3.189919463708582e-05,63776
3987,0.12429915182292461,0.12412053160369396,0.0017862160748336464,0.12002895027399063,98390,1.0612897719668457e-05,3.183869315900537e-05,63792
3988,0.12977347057312727,0.12966910004615784,0.0010436922530061565,0.12002955377101898,102045,1.059274743249164e-05,3.177824229747492e-05,63808
3989,0.11911007389426231,0.11884711775928736,0.0026295740681234747,0.12003017216920853,102989,1.0572614026129912e-05,3.171784207838973e-05,63824
3990,0.14618400856852531,0.14603323489427567,0.001507739936641883,0.12003074586391449,100405,1.055249750920777e-05,3.1657492527623306e-05,63840
3991,0.21912871859967709,0.21881571784615517,0.003130020202661399,0.12003128230571747,98181,1.0532397890342505e-05,3.159719367102751e-05,63856
3992,0.18102975003421307,0.18077079020440578,0.002589524126960896,0.12003175169229507,97841,1.051231517814414e-05,3.153694553443241e-05,63872
3993,0.2036900371313095,0.20357666537165642,0.0011337509749864694,0.12003224343061447,99692,1.049224938121548e-05,3.1476748143646435e-05,63888
3994,0.21155522018671036,0.21145152300596237,0.0010369663941673934,0.12003276497125626,100961,1.0472200508152086e-05,3.1416601524456254e-05,63904
3995,0.1276452112942934,0.12753138691186905,0.0011382207812857814,0.12003326416015625,103088,1.0452168567542236e-05,3.13565057026267e-05,63920
3996,0.19189769215881824,0.19171218387782574,0.0018550392123870552,0.12003400176763535,104196,1.0432153567966985e-05,3.129646070390095e-05,63936
3997,0.20796850882470608,0.2078154757618904,0.0015303243126254529,0.12003468722105026,103727,1.0412155518000138e-05,3.1236466554000414e-05,63952
3998,0.18619320169091225,0.18611687049269676,0.0007632760275555484,0.12003538012504578,102458,1.0392174426208218e-05,3.117652327862465e-05,63968
3999,0.09085293114185333,0.09064001776278019,0.002129140735632973,0.1200360357761383,102944,1.0372210301150465e-05,3.111663090345139e-05,63984
4000,0.1799164954572916,0.1796779353171587,0.0023855789186200127,0.12003663927316666,100219,1.0352263151378894e-05,3.1056789454136674e-05,64000
