global_step,post_warmup_step,method,supervised_loss,semantic_auxiliary_loss,unsupervised_loss,lambda_u,accepted_foreground_pixels,accepted_background_pixels,accepted_total_pixels,valid_unlabeled_pixels,accepted_fraction,accepted_foreground_fraction,accepted_background_fraction,confidence_accept_pixels,agreement_accept_pixels,zero_acceptance_event,alpha,encoder_lr,head_lr,labeled_images_seen,unlabeled_images_seen
1001,1,supervised,0.07282792404294014,0.015063669998198748,0.0,0.0,0,0,0,0,0.0,0.0,0.0,0,0,False,0.11314672976732254,9.330127018922194e-05,0.0002799038105676658,8008,0
1002,2,supervised,0.1496855616569519,0.019338091369718313,0.0,0.0,0,0,0,0,0.0,0.0,0.0,0,0,False,0.11315227299928665,9.328489845420842e-05,0.00027985469536262524,8016,0
1003,3,supervised,0.0927259773015976,0.03102052491158247,0.0,0.0,0,0,0,0,0.0,0.0,0.0,0,0,False,0.11315737664699554,9.326850817731951e-05,0.0002798055245319585,8024,0
1004,4,supervised,0.1754738911986351,0.01744445413351059,0.0,0.0,0,0,0,0,0.0,0.0,0.0,0,0,False,0.11316244304180145,9.325209936557628e-05,0.0002797562980967288,8032,0
1005,5,supervised,0.07712583988904953,0.015390404500067234,0.0,0.0,0,0,0,0,0.0,0.0,0.0,0,0,False,0.1131676584482193,9.323567202600776e-05,0.0002797070160780232,8040,0
1006,6,supervised,0.14020752906799316,0.015810182318091393,0.0,0.0,0,0,0,0,0.0,0.0,0.0,0,0,False,0.11317303031682968,9.321922616565088e-05,0.0002796576784969526,8048,0
1007,7,supervised,0.086754459887743,0.015721531584858894,0.0,0.0,0,0,0,0,0.0,0.0,0.0,0,0,False,0.11317887157201767,9.320276179155052e-05,0.0002796082853746515,8056,0
1008,8,supervised,0.31590208411216736,0.015439010225236416,0.0,0.0,0,0,0,0,0.0,0.0,0.0,0,0,False,0.11318434774875641,9.31862789107595e-05,0.00027955883673227847,8064,0
1009,9,supervised,0.12966580875217915,0.016994362697005272,0.0,0.0,0,0,0,0,0.0,0.0,0.0,0,0,False,0.11318977922201157,9.316977753033859e-05,0.0002795093325910157,8072,0
1010,10,supervised,0.13735701143741608,0.01771918684244156,0.0,0.0,0,0,0,0,0.0,0.0,0.0,0,0,False,0.11319490522146225,9.315325765735642e-05,0.00027945977297206924,8080,0
1011,11,supervised,0.19043691456317902,0.018010113388299942,0.0,0.0,0,0,0,0,0.0,0.0,0.0,0,0,False,0.11319985240697861,9.31367192988896e-05,0.00027941015789666873,8088,0
1012,12,supervised,0.2584875598549843,0.0194263169541955,0.0,0.0,0,0,0,0,0.0,0.0,0.0,0,0,False,0.11320433765649796,9.312016246202262e-05,0.00027936048738606785,8096,0
1013,13,supervised,0.18186164647340775,0.014919057954102755,0.0,0.0,0,0,0,0,0.0,0.0,0.0,0,0,False,0.11320988833904266,9.310358715384793e-05,0.00027931076146154373,8104,0
1014,14,supervised,0.23695990443229675,0.01697541680186987,0.0,0.0,0,0,0,0,0.0,0.0,0.0,0,0,False,0.11321590095758438,9.308699338146583e-05,0.0002792609801443974,8112,0
1015,15,supervised,0.16132121160626411,0.017931479029357433,0.0,0.0,0,0,0,0,0.0,0.0,0.0,0,0,False,0.11322245001792908,9.307038115198458e-05,0.00027921114345595373,8120,0
1016,16,supervised,0.24871671199798584,0.018884421326220036,0.0,0.0,0,0,0,0,0.0,0.0,0.0,0,0,False,0.1132284551858902,9.305375047252037e-05,0.000279161251417561,8128,0
1017,17,supervised,0.0854792594909668,0.015292983502149582,0.0,0.0,0,0,0,0,0.0,0.0,0.0,0,0,False,0.11323446780443192,9.30371013501972e-05,0.0002791113040505915,8136,0
1018,18,supervised,0.24624885618686676,0.01726542506366968,0.0,0.0,0,0,0,0,0.0,0.0,0.0,0,0,False,0.11323993653059006,9.302043379214703e-05,0.00027906130137644105,8144,0
1019,19,supervised,0.2990024536848068,0.016607016324996948,0.0,0.0,0,0,0,0,0.0,0.0,0.0,0,0,False,0.11324514448642731,9.300374780550974e-05,0.00027901124341652914,8152,0
1020,20,supervised,0.11381178349256516,0.029205694794654846,0.0,0.0,0,0,0,0,0.0,0.0,0.0,0,0,False,0.11325007677078247,9.298704339743308e-05,0.00027896113019229915,8160,0
1021,21,supervised,0.17607321590185165,0.015530878212302923,0.0,0.0,0,0,0,0,0.0,0.0,0.0,0,0,False,0.1132548600435257,9.297032057507264e-05,0.0002789109617252179,8168,0
1022,22,supervised,0.13964832201600075,0.021320131607353687,0.0,0.0,0,0,0,0,0.0,0.0,0.0,0,0,False,0.11325933784246445,9.295357934559198e-05,0.0002788607380367759,8176,0
1023,23,supervised,0.28589971363544464,0.014646821655333042,0.0,0.0,0,0,0,0,0.0,0.0,0.0,0,0,False,0.11326368153095245,9.293681971616252e-05,0.00027881045914848756,8184,0
1024,24,supervised,0.09502292051911354,0.017703818157315254,0.0,0.0,0,0,0,0,0.0,0.0,0.0,0,0,False,0.11326833814382553,9.292004169396356e-05,0.0002787601250818906,8192,0
1025,25,supervised,0.24241629987955093,0.014984850771725178,0.0,0.0,0,0,0,0,0.0,0.0,0.0,0,0,False,0.11327281594276428,9.290324528618224e-05,0.00027870973585854665,8200,0
1026,26,supervised,0.1959892027080059,0.01852300390601158,0.0,0.0,0,0,0,0,0.0,0.0,0.0,0,0,False,0.11327704042196274,9.288643050001361e-05,0.0002786592915000408,8208,0
1027,27,supervised,0.13076847046613693,0.015612817835062742,0.0,0.0,0,0,0,0,0.0,0.0,0.0,0,0,False,0.11328192055225372,9.286959734266061e-05,0.0002786087920279818,8216,0
1028,28,supervised,0.2573324963450432,0.014335758984088898,0.0,0.0,0,0,0,0,0.0,0.0,0.0,0,0,False,0.11328709870576859,9.285274582133401e-05,0.000278558237464002,8224,0
1029,29,supervised,0.14316847175359726,0.018398805521428585,0.0,0.0,0,0,0,0,0.0,0.0,0.0,0,0,False,0.11329206079244614,9.283587594325249e-05,0.0002785076278297574,8232,0
1030,30,supervised,0.18897926434874535,0.021385548636317253,0.0,0.0,0,0,0,0,0.0,0.0,0.0,0,0,False,0.11329679191112518,9.281898771564254e-05,0.0002784569631469276,8240,0
1031,31,supervised,0.18039091676473618,0.015240867622196674,0.0,0.0,0,0,0,0,0.0,0.0,0.0,0,0,False,0.1133013591170311,9.280208114573859e-05,0.00027840624343721573,8248,0
1032,32,supervised,0.1874142289161682,0.014949980191886425,0.0,0.0,0,0,0,0,0.0,0.0,0.0,0,0,False,0.11330598592758179,9.278515624078282e-05,0.0002783554687223484,8256,0
1033,33,supervised,0.13671378046274185,0.015553454402834177,0.0,0.0,0,0,0,0,0.0,0.0,0.0,0,0,False,0.11331094801425934,9.276821300802534e-05,0.000278304639024076,8264,0
1034,34,supervised,0.34026478230953217,0.016991765704005957,0.0,0.0,0,0,0,0,0.0,0.0,0.0,0,0,False,0.11331553757190704,9.27512514547241e-05,0.00027825375436417226,8272,0
1035,35,supervised,0.20494713634252548,0.02260494977235794,0.0,0.0,0,0,0,0,0.0,0.0,0.0,0,0,False,0.11331987380981445,9.27342715881449e-05,0.00027820281476443465,8280,0
1036,36,supervised,0.09750231355428696,0.017325562424957752,0.0,0.0,0,0,0,0,0.0,0.0,0.0,0,0,False,0.11332419514656067,9.271727341556135e-05,0.000278151820246684,8288,0
1037,37,supervised,0.19207197427749634,0.016858610324561596,0.0,0.0,0,0,0,0,0.0,0.0,0.0,0,0,False,0.11332963407039642,9.270025694425497e-05,0.0002781007708327649,8296,0
1038,38,supervised,0.17650795727968216,0.02286581601947546,0.0,0.0,0,0,0,0,0.0,0.0,0.0,0,0,False,0.11333489418029785,9.268322218151501e-05,0.00027804966654454503,8304,0
1039,39,supervised,0.1452246569097042,0.015294852666556835,0.0,0.0,0,0,0,0,0.0,0.0,0.0,0,0,False,0.11334008723497391,9.266616913463869e-05,0.00027799850740391603,8312,0
1040,40,supervised,0.11969148367643356,0.02524826768785715,0.0,0.0,0,0,0,0,0.0,0.0,0.0,0,0,False,0.11334508657455444,9.264909781093094e-05,0.00027794729343279283,8320,0
1041,41,supervised,0.18149960786104202,0.014948160853236914,0.0,0.0,0,0,0,0,0.0,0.0,0.0,0,0,False,0.11334995925426483,9.263200821770461e-05,0.0002778960246531138,8328,0
1042,42,supervised,0.12472565099596977,0.017686150036752224,0.0,0.0,0,0,0,0,0.0,0.0,0.0,0,0,False,0.1133546382188797,9.261490036228033e-05,0.00027784470108684094,8336,0
1043,43,supervised,0.29850292950868607,0.01553194411098957,0.0,0.0,0,0,0,0,0.0,0.0,0.0,0,0,False,0.11335901916027069,9.259777425198655e-05,0.00027779332275595963,8344,0
1044,44,supervised,0.07551635801792145,0.01684639137238264,0.0,0.0,0,0,0,0,0.0,0.0,0.0,0,0,False,0.11336356401443481,9.258062989415955e-05,0.0002777418896824786,8352,0
1045,45,supervised,0.1542668119072914,0.01570327952504158,0.0,0.0,0,0,0,0,0.0,0.0,0.0,0,0,False,0.11336839199066162,9.256346729614342e-05,0.00027769040188843023,8360,0
1046,46,supervised,0.17885454185307026,0.017766406759619713,0.0,0.0,0,0,0,0,0.0,0.0,0.0,0,0,False,0.11337307095527649,9.25462864652901e-05,0.0002776388593958703,8368,0
1047,47,supervised,0.14208132401108742,0.017086055129766464,0.0,0.0,0,0,0,0,0.0,0.0,0.0,0,0,False,0.11337783187627792,9.252908740895931e-05,0.0002775872622268779,8376,0
1048,48,supervised,0.2076539248228073,0.020901694893836975,0.0,0.0,0,0,0,0,0.0,0.0,0.0,0,0,False,0.11338209360837936,9.251187013451857e-05,0.00027753561040355564,8384,0
1049,49,supervised,0.18303485214710236,0.014835957437753677,0.0,0.0,0,0,0,0,0.0,0.0,0.0,0,0,False,0.11338653415441513,9.249463464934321e-05,0.0002774839039480296,8392,0
1050,50,supervised,0.07755204662680626,0.015261370688676834,0.0,0.0,0,0,0,0,0.0,0.0,0.0,0,0,False,0.1133914664387703,9.247738096081635e-05,0.000277432142882449,8400,0
1051,51,supervised,0.19060475379228592,0.016486864537000656,0.0,0.0,0,0,0,0,0.0,0.0,0.0,0,0,False,0.11339642852544785,9.246010907632895e-05,0.00027738032722898683,8408,0
1052,52,supervised,0.18874437361955643,0.020170976407825947,0.0,0.0,0,0,0,0,0.0,0.0,0.0,0,0,False,0.11340117454528809,9.244281900327973e-05,0.0002773284570098391,8416,0
1053,53,supervised,0.17086925357580185,0.017423233948647976,0.0,0.0,0,0,0,0,0.0,0.0,0.0,0,0,False,0.11340570449829102,9.242551074907519e-05,0.00027727653224722553,8424,0
1054,54,supervised,0.18110661953687668,0.015138143207877874,0.0,0.0,0,0,0,0,0.0,0.0,0.0,0,0,False,0.11341005563735962,9.240818432112965e-05,0.0002772245529633889,8432,0
1055,55,supervised,0.1345008835196495,0.01442095497623086,0.0,0.0,0,0,0,0,0.0,0.0,0.0,0,0,False,0.11341466754674911,9.23908397268652e-05,0.0002771725191805956,8440,0
1056,56,supervised,0.1419888511300087,0.022416184656322002,0.0,0.0,0,0,0,0,0.0,0.0,0.0,0,0,False,0.11341913044452667,9.237347697371173e-05,0.00027712043092113515,8448,0
1057,57,supervised,0.13009081594645977,0.018631763756275177,0.0,0.0,0,0,0,0,0.0,0.0,0.0,0,0,False,0.11342358589172363,9.235609606910687e-05,0.0002770682882073206,8456,0
1058,58,supervised,0.14159613102674484,0.014913965482264757,0.0,0.0,0,0,0,0,0.0,0.0,0.0,0,0,False,0.11342828720808029,9.233869702049605e-05,0.0002770160910614881,8464,0
1059,59,supervised,0.17884917557239532,0.015075167641043663,0.0,0.0,0,0,0,0,0.0,0.0,0.0,0,0,False,0.11343303322792053,9.232127983533246e-05,0.00027696383950599735,8472,0
1060,60,supervised,0.2292099893093109,0.014618256129324436,0.0,0.0,0,0,0,0,0.0,0.0,0.0,0,0,False,0.11343763768672943,9.23038445210771e-05,0.00027691153356323127,8480,0
1061,61,supervised,0.15818030759692192,0.0162533619441092,0.0,0.0,0,0,0,0,0.0,0.0,0.0,0,0,False,0.11344238370656967,9.228639108519868e-05,0.00027685917325559597,8488,0
1062,62,supervised,0.15017753094434738,0.017088896594941616,0.0,0.0,0,0,0,0,0.0,0.0,0.0,0,0,False,0.11344728618860245,9.226891953517369e-05,0.00027680675860552106,8496,0
1063,63,supervised,0.1312461793422699,0.019808392971754074,0.0,0.0,0,0,0,0,0.0,0.0,0.0,0,0,False,0.11345197260379791,9.22514298784864e-05,0.00027675428963545916,8504,0
1064,64,supervised,0.17465883493423462,0.01507092360407114,0.0,0.0,0,0,0,0,0.0,0.0,0.0,0,0,False,0.11345665901899338,9.223392212262885e-05,0.0002767017663678865,8512,0
1065,65,supervised,0.17474403232336044,0.017284562345594168,0.0,0.0,0,0,0,0,0.0,0.0,0.0,0,0,False,0.11346205323934555,9.221639627510076e-05,0.00027664918882530225,8520,0
1066,66,supervised,0.13389251753687859,0.01886685285717249,0.0,0.0,0,0,0,0,0.0,0.0,0.0,0,0,False,0.11346711218357086,9.219885234340967e-05,0.00027659655703022896,8528,0
1067,67,supervised,0.24839848652482033,0.01816478557884693,0.0,0.0,0,0,0,0,0.0,0.0,0.0,0,0,False,0.11347191035747528,9.218129033507084e-05,0.0002765438710052125,8536,0
1068,68,supervised,0.16268781572580338,0.016263962723314762,0.0,0.0,0,0,0,0,0.0,0.0,0.0,0,0,False,0.11347679793834686,9.216371025760728e-05,0.0002764911307728218,8544,0
1069,69,supervised,0.11931012570858002,0.015395433641970158,0.0,0.0,0,0,0,0,0.0,0.0,0.0,0,0,False,0.11348152905702591,9.214611211854974e-05,0.00027643833635564917,8552,0
1070,70,supervised,0.16863761097192764,0.01954681146889925,0.0,0.0,0,0,0,0,0.0,0.0,0.0,0,0,False,0.11348625272512436,9.212849592543667e-05,0.00027638548777631,8560,0
1071,71,supervised,0.14039728790521622,0.019557422026991844,0.0,0.0,0,0,0,0,0.0,0.0,0.0,0,0,False,0.11349082738161087,9.211086168581433e-05,0.00027633258505744293,8568,0
1072,72,supervised,0.28070079535245895,0.015348542015999556,0.0,0.0,0,0,0,0,0.0,0.0,0.0,0,0,False,0.11349526792764664,9.209320940723664e-05,0.0002762796282217099,8576,0
1073,73,supervised,0.14993906766176224,0.015486964490264654,0.0,0.0,0,0,0,0,0.0,0.0,0.0,0,0,False,0.11350023746490479,9.207553909726531e-05,0.00027622661729179593,8584,0
1074,74,supervised,0.156298466026783,0.017918096855282784,0.0,0.0,0,0,0,0,0.0,0.0,0.0,0,0,False,0.11350506544113159,9.205785076346971e-05,0.0002761735522904091,8592,0
1075,75,supervised,0.12247305363416672,0.01661511091515422,0.0,0.0,0,0,0,0,0.0,0.0,0.0,0,0,False,0.11350978165864944,9.204014441342697e-05,0.00027612043324028087,8600,0
1076,76,supervised,0.18223854899406433,0.01769226137548685,0.0,0.0,0,0,0,0,0.0,0.0,0.0,0,0,False,0.11351421475410461,9.20224200547219e-05,0.00027606726016416567,8608,0
1077,77,supervised,0.0890200324356556,0.01638235431164503,0.0,0.0,0,0,0,0,0.0,0.0,0.0,0,0,False,0.11351881176233292,9.20046776949471e-05,0.0002760140330848412,8616,0
1078,78,supervised,0.26658111810684204,0.015023102052509785,0.0,0.0,0,0,0,0,0.0,0.0,0.0,0,0,False,0.11352335661649704,9.19869173417028e-05,0.00027596075202510837,8624,0
1079,79,supervised,0.1377319172024727,0.018636177759617567,0.0,0.0,0,0,0,0,0.0,0.0,0.0,0,0,False,0.11352778226137161,9.196913900259698e-05,0.0002759074170077909,8632,0
1080,80,supervised,0.29073284566402435,0.016318166628479958,0.0,0.0,0,0,0,0,0.0,0.0,0.0,0,0,False,0.11353197693824768,9.195134268524532e-05,0.0002758540280557359,8640,0
1081,81,supervised,0.18466729670763016,0.01716572605073452,0.0,0.0,0,0,0,0,0.0,0.0,0.0,0,0,False,0.1135360449552536,9.193352839727121e-05,0.0002758005851918136,8648,0
1082,82,supervised,0.17473574727773666,0.020892190746963024,0.0,0.0,0,0,0,0,0.0,0.0,0.0,0,0,False,0.11354001611471176,9.191569614630568e-05,0.000275747088438917,8656,0
1083,83,supervised,0.12313968688249588,0.017143453005701303,0.0,0.0,0,0,0,0,0.0,0.0,0.0,0,0,False,0.11354395002126694,9.189784593998757e-05,0.00027569353781996264,8664,0
1084,84,supervised,0.2647906541824341,0.026484237983822823,0.0,0.0,0,0,0,0,0.0,0.0,0.0,0,0,False,0.11354748159646988,9.187997778596326e-05,0.0002756399333578897,8672,0
1085,85,supervised,0.20046548545360565,0.02249318640679121,0.0,0.0,0,0,0,0,0.0,0.0,0.0,0,0,False,0.11355078965425491,9.186209169188695e-05,0.00027558627507566084,8680,0
1086,86,supervised,0.24659612774848938,0.019855689257383347,0.0,0.0,0,0,0,0,0.0,0.0,0.0,0,0,False,0.11355379968881607,9.184418766542047e-05,0.00027553256299626136,8688,0
1087,87,supervised,0.3112298995256424,0.01750311441719532,0.0,0.0,0,0,0,0,0.0,0.0,0.0,0,0,False,0.1135566309094429,9.182626571423333e-05,0.00027547879714269995,8696,0
1088,88,supervised,0.13844675570726395,0.01874133199453354,0.0,0.0,0,0,0,0,0.0,0.0,0.0,0,0,False,0.11355940997600555,9.180832584600271e-05,0.00027542497753800814,8704,0
1089,89,supervised,0.20985457301139832,0.017870891373604536,0.0,0.0,0,0,0,0,0.0,0.0,0.0,0,0,False,0.11356226354837418,9.179036806841353e-05,0.0002753711042052405,8712,0
1090,90,supervised,0.13861756399273872,0.020786253735423088,0.0,0.0,0,0,0,0,0.0,0.0,0.0,0,0,False,0.11356521397829056,9.177239238915826e-05,0.0002753171771674748,8720,0
1091,91,supervised,0.20671692490577698,0.014930900186300278,0.0,0.0,0,0,0,0,0.0,0.0,0.0,0,0,False,0.1135682612657547,9.175439881593716e-05,0.00027526319644781145,8728,0
1092,92,supervised,0.1361568123102188,0.021150282584130764,0.0,0.0,0,0,0,0,0.0,0.0,0.0,0,0,False,0.11357128620147705,9.173638735645808e-05,0.0002752091620693742,8736,0
1093,93,supervised,0.15375329554080963,0.02167435083538294,0.0,0.0,0,0,0,0,0.0,0.0,0.0,0,0,False,0.11357411742210388,9.171835801843658e-05,0.00027515507405530975,8744,0
1094,94,supervised,0.1289616823196411,0.015643826685845852,0.0,0.0,0,0,0,0,0.0,0.0,0.0,0,0,False,0.11357694864273071,9.170031080959584e-05,0.0002751009324287875,8752,0
1095,95,supervised,0.15365296602249146,0.016453861724585295,0.0,0.0,0,0,0,0,0.0,0.0,0.0,0,0,False,0.11357992142438889,9.168224573766673e-05,0.00027504673721300015,8760,0
1096,96,supervised,0.0707581639289856,0.015436791349202394,0.0,0.0,0,0,0,0,0.0,0.0,0.0,0,0,False,0.11358340829610825,9.166416281038773e-05,0.00027499248843116314,8768,0
1097,97,supervised,0.08621083945035934,0.01846130331978202,0.0,0.0,0,0,0,0,0.0,0.0,0.0,0,0,False,0.11358719319105148,9.164606203550497e-05,0.00027493818610651487,8776,0
1098,98,supervised,0.3113977834582329,0.016006549820303917,0.0,0.0,0,0,0,0,0.0,0.0,0.0,0,0,False,0.1135910227894783,9.16279434207723e-05,0.00027488383026231687,8784,0
1099,99,supervised,0.07374753057956696,0.018306324258446693,0.0,0.0,0,0,0,0,0.0,0.0,0.0,0,0,False,0.11359483748674393,9.160980697395115e-05,0.0002748294209218534,8792,0
1100,100,supervised,0.14046255126595497,0.01541040139272809,0.0,0.0,0,0,0,0,0.0,0.0,0.0,0,0,False,0.11359886080026627,9.159165270281057e-05,0.00027477495810843166,8800,0
1101,101,supervised,0.30396777391433716,0.01491517387330532,0.0,0.0,0,0,0,0,0.0,0.0,0.0,0,0,False,0.1136026680469513,9.157348061512727e-05,0.0002747204418453818,8808,0
1102,102,supervised,0.1307288035750389,0.014711191412061453,0.0,0.0,0,0,0,0,0.0,0.0,0.0,0,0,False,0.11360655725002289,9.155529071868562e-05,0.0002746658721560568,8816,0
1103,103,supervised,0.08586375415325165,0.017855015117675066,0.0,0.0,0,0,0,0,0.0,0.0,0.0,0,0,False,0.11361046880483627,9.153708302127758e-05,0.0002746112490638327,8824,0
1104,104,supervised,0.29347141087055206,0.01957474835216999,0.0,0.0,0,0,0,0,0.0,0.0,0.0,0,0,False,0.11361411213874817,9.151885753070277e-05,0.00027455657259210824,8832,0
1105,105,supervised,0.24100130796432495,0.017991804983466864,0.0,0.0,0,0,0,0,0.0,0.0,0.0,0,0,False,0.11361754685640335,9.150061425476838e-05,0.0002745018427643051,8840,0
1106,106,supervised,0.1296904906630516,0.019110355991870165,0.0,0.0,0,0,0,0,0.0,0.0,0.0,0,0,False,0.1136208325624466,9.148235320128926e-05,0.0002744470596038677,8848,0
1107,107,supervised,0.11555173248052597,0.01746630249544978,0.0,0.0,0,0,0,0,0.0,0.0,0.0,0,0,False,0.11362475156784058,9.146407437808788e-05,0.0002743922231342636,8856,0
1108,108,supervised,0.21525181084871292,0.017717383336275816,0.0,0.0,0,0,0,0,0.0,0.0,0.0,0,0,False,0.1136285662651062,9.144577779299431e-05,0.0002743373333789829,8864,0
1109,109,supervised,0.20957280695438385,0.01954974327236414,0.0,0.0,0,0,0,0,0.0,0.0,0.0,0,0,False,0.11363217234611511,9.142746345384619e-05,0.0002742823903615385,8872,0
1110,110,supervised,0.08181826025247574,0.01696169748902321,0.0,0.0,0,0,0,0,0.0,0.0,0.0,0,0,False,0.11363624781370163,9.140913136848883e-05,0.00027422739410546646,8880,0
1111,111,supervised,0.14623113721609116,0.01537511358037591,0.0,0.0,0,0,0,0,0.0,0.0,0.0,0,0,False,0.11364033818244934,9.139078154477512e-05,0.0002741723446343253,8888,0
1112,112,supervised,0.14320141822099686,0.016605897806584835,0.0,0.0,0,0,0,0,0.0,0.0,0.0,0,0,False,0.11364467442035675,9.137241399056551e-05,0.00027411724197169647,8896,0
1113,113,supervised,0.23171449452638626,0.01815781183540821,0.0,0.0,0,0,0,0,0.0,0.0,0.0,0,0,False,0.11364912986755371,9.135402871372808e-05,0.00027406208614118424,8904,0
1114,114,supervised,0.07372557371854782,0.017544787377119064,0.0,0.0,0,0,0,0,0.0,0.0,0.0,0,0,False,0.11365357041358948,9.133562572213855e-05,0.0002740068771664156,8912,0
1115,115,supervised,0.24392084777355194,0.017894674092531204,0.0,0.0,0,0,0,0,0.0,0.0,0.0,0,0,False,0.11365770548582077,9.131720502368013e-05,0.00027395161507104036,8920,0
1116,116,supervised,0.10071543604135513,0.016316263005137444,0.0,0.0,0,0,0,0,0.0,0.0,0.0,0,0,False,0.11366177350282669,9.129876662624365e-05,0.00027389629987873093,8928,0
1117,117,supervised,0.12599072605371475,0.019061915576457977,0.0,0.0,0,0,0,0,0.0,0.0,0.0,0,0,False,0.1136658638715744,9.128031053772759e-05,0.0002738409316131827,8936,0
1118,118,supervised,0.11614272370934486,0.015230648219585419,0.0,0.0,0,0,0,0,0.0,0.0,0.0,0,0,False,0.11367011070251465,9.12618367660379e-05,0.0002737855102981137,8944,0
1119,119,supervised,0.20163337141275406,0.018241568468511105,0.0,0.0,0,0,0,0,0.0,0.0,0.0,0,0,False,0.11367429047822952,9.124334531908818e-05,0.0002737300359572645,8952,0
1120,120,supervised,0.18557657301425934,0.019447164610028267,0.0,0.0,0,0,0,0,0.0,0.0,0.0,0,0,False,0.11367841064929962,9.122483620479957e-05,0.00027367450861439865,8960,0
1121,121,supervised,0.2924567461013794,0.01529499888420105,0.0,0.0,0,0,0,0,0.0,0.0,0.0,0,0,False,0.11368247866630554,9.120630943110077e-05,0.0002736189282933023,8968,0
1122,122,supervised,0.2811737656593323,0.016725201159715652,0.0,0.0,0,0,0,0,0.0,0.0,0.0,0,0,False,0.11368630826473236,9.118776500592812e-05,0.0002735632950177843,8976,0
1123,123,supervised,0.1302068531513214,0.017526785843074322,0.0,0.0,0,0,0,0,0.0,0.0,0.0,0,0,False,0.1136903166770935,9.116920293722541e-05,0.0002735076088116762,8984,0
1124,124,supervised,0.2109142579138279,0.021584635600447655,0.0,0.0,0,0,0,0,0.0,0.0,0.0,0,0,False,0.11369406431913376,9.115062323294406e-05,0.0002734518696988321,8992,0
1125,125,supervised,0.1503216288983822,0.024997384287416935,0.0,0.0,0,0,0,0,0.0,0.0,0.0,0,0,False,0.11369825154542923,9.1132025901043e-05,0.00027339607770312895,9000,0
1126,126,supervised,0.13204404711723328,0.016438794322311878,0.0,0.0,0,0,0,0,0.0,0.0,0.0,0,0,False,0.11370231211185455,9.111341094948876e-05,0.0002733402328484662,9008,0
1127,127,supervised,0.18581867963075638,0.017074150033295155,0.0,0.0,0,0,0,0,0.0,0.0,0.0,0,0,False,0.11370646208524704,9.10947783862554e-05,0.00027328433515876613,9016,0
1128,128,supervised,0.25830936431884766,0.017988184466958046,0.0,0.0,0,0,0,0,0.0,0.0,0.0,0,0,False,0.11371085047721863,9.10761282193245e-05,0.0002732283846579735,9024,0
1129,129,supervised,0.22709424048662186,0.017546987161040306,0.0,0.0,0,0,0,0,0.0,0.0,0.0,0,0,False,0.11371494829654694,9.105746045668521e-05,0.00027317238137005556,9032,0
1130,130,supervised,0.19356075674295425,0.01722912536934018,0.0,0.0,0,0,0,0,0.0,0.0,0.0,0,0,False,0.11371884495019913,9.10387751063342e-05,0.00027311632531900254,9040,0
1131,131,supervised,0.13808883726596832,0.01501367799937725,0.0,0.0,0,0,0,0,0.0,0.0,0.0,0,0,False,0.11372306197881699,9.102007217627568e-05,0.00027306021652882703,9048,0
1132,132,supervised,0.28771306574344635,0.014285411685705185,0.0,0.0,0,0,0,0,0.0,0.0,0.0,0,0,False,0.11372718214988708,9.10013516745214e-05,0.0002730040550235642,9056,0
1133,133,supervised,0.22578830271959305,0.014817296527326107,0.0,0.0,0,0,0,0,0.0,0.0,0.0,0,0,False,0.11373116821050644,9.098261360909064e-05,0.0002729478408272719,9064,0
1134,134,supervised,0.23673003911972046,0.01873506186529994,0.0,0.0,0,0,0,0,0.0,0.0,0.0,0,0,False,0.11373495310544968,9.096385798801015e-05,0.0002728915739640304,9072,0
1135,135,supervised,0.12751466035842896,0.016267030965536833,0.0,0.0,0,0,0,0,0.0,0.0,0.0,0,0,False,0.11373861879110336,9.094508481931427e-05,0.0002728352544579428,9080,0
1136,136,supervised,0.22397372126579285,0.014404937624931335,0.0,0.0,0,0,0,0,0.0,0.0,0.0,0,0,False,0.11374226957559586,9.092629411104483e-05,0.00027277888233313445,9088,0
1137,137,supervised,0.10280315205454826,0.01780094765126705,0.0,0.0,0,0,0,0,0.0,0.0,0.0,0,0,False,0.11374600976705551,9.090748587125118e-05,0.0002727224576137535,9096,0
1138,138,supervised,0.14267199113965034,0.02263628412038088,0.0,0.0,0,0,0,0,0.0,0.0,0.0,0,0,False,0.11374969780445099,9.088866010799015e-05,0.00027266598032397044,9104,0
1139,139,supervised,0.1684812232851982,0.014081853907555342,0.0,0.0,0,0,0,0,0.0,0.0,0.0,0,0,False,0.11375341564416885,9.086981682932612e-05,0.0002726094504879783,9112,0
1140,140,supervised,0.20466791093349457,0.025151396170258522,0.0,0.0,0,0,0,0,0.0,0.0,0.0,0,0,False,0.11375679075717926,9.085095604333093e-05,0.00027255286812999277,9120,0
1141,141,supervised,0.15818636864423752,0.02022436261177063,0.0,0.0,0,0,0,0,0.0,0.0,0.0,0,0,False,0.11376012861728668,9.083207775808396e-05,0.0002724962332742518,9128,0
1142,142,supervised,0.14356355741620064,0.017086748033761978,0.0,0.0,0,0,0,0,0.0,0.0,0.0,0,0,False,0.11376336216926575,9.081318198167204e-05,0.0002724395459450161,9136,0
1143,143,supervised,0.16102630645036697,0.023046075366437435,0.0,0.0,0,0,0,0,0.0,0.0,0.0,0,0,False,0.11376626044511795,9.079426872218957e-05,0.00027238280616656866,9144,0
1144,144,supervised,0.1058434508740902,0.020769684575498104,0.0,0.0,0,0,0,0,0.0,0.0,0.0,0,0,False,0.11376933753490448,9.077533798773834e-05,0.000272326013963215,9152,0
1145,145,supervised,0.09628839418292046,0.02236341219395399,0.0,0.0,0,0,0,0,0.0,0.0,0.0,0,0,False,0.11377283930778503,9.075638978642771e-05,0.0002722691693592831,9160,0
1146,146,supervised,0.18526221066713333,0.01514984667301178,0.0,0.0,0,0,0,0,0.0,0.0,0.0,0,0,False,0.11377642303705215,9.073742412637446e-05,0.00027221227237912335,9168,0
1147,147,supervised,0.17283917218446732,0.014645184855908155,0.0,0.0,0,0,0,0,0.0,0.0,0.0,0,0,False,0.1137799397110939,9.071844101570291e-05,0.0002721553230471087,9176,0
1148,148,supervised,0.1051618941128254,0.020546761341392994,0.0,0.0,0,0,0,0,0.0,0.0,0.0,0,0,False,0.11378355324268341,9.06994404625448e-05,0.00027209832138763436,9184,0
1149,149,supervised,0.14121006056666374,0.020116794854402542,0.0,0.0,0,0,0,0,0.0,0.0,0.0,0,0,False,0.11378701031208038,9.068042247503936e-05,0.00027204126742511807,9192,0
1150,150,supervised,0.23104585707187653,0.014406200964003801,0.0,0.0,0,0,0,0,0.0,0.0,0.0,0,0,False,0.11379044502973557,9.06613870613333e-05,0.0002719841611839998,9200,0
1151,151,supervised,0.23921005427837372,0.014605363830924034,0.0,0.0,0,0,0,0,0.0,0.0,0.0,0,0,False,0.11379385739564896,9.064233422958077e-05,0.0002719270026887423,9208,0
1152,152,supervised,0.18443862721323967,0.021870356053113937,0.0,0.0,0,0,0,0,0.0,0.0,0.0,0,0,False,0.11379705369472504,9.06232639879434e-05,0.0002718697919638302,9216,0
1153,153,supervised,0.1427740454673767,0.0190058508887887,0.0,0.0,0,0,0,0,0.0,0.0,0.0,0,0,False,0.11379998177289963,9.060417634459031e-05,0.0002718125290337709,9224,0
1154,154,supervised,0.16272106021642685,0.017948935739696026,0.0,0.0,0,0,0,0,0.0,0.0,0.0,0,0,False,0.11380284279584885,9.058507130769803e-05,0.000271755213923094,9232,0
1155,155,supervised,0.18078940361738205,0.016286090947687626,0.0,0.0,0,0,0,0,0.0,0.0,0.0,0,0,False,0.1138056144118309,9.05659488854505e-05,0.00027169784665635147,9240,0
1156,156,supervised,0.15616657584905624,0.021143509075045586,0.0,0.0,0,0,0,0,0.0,0.0,0.0,0,0,False,0.11380869895219803,9.054680908603922e-05,0.00027164042725811763,9248,0
1157,157,supervised,0.07419424131512642,0.020025168545544147,0.0,0.0,0,0,0,0,0.0,0.0,0.0,0,0,False,0.11381176114082336,9.052765191766304e-05,0.0002715829557529891,9256,0
1158,158,supervised,0.14162708818912506,0.018514364957809448,0.0,0.0,0,0,0,0,0.0,0.0,0.0,0,0,False,0.11381492763757706,9.05084773885283e-05,0.00027152543216558484,9264,0
1159,159,supervised,0.2384980469942093,0.016049131751060486,0.0,0.0,0,0,0,0,0.0,0.0,0.0,0,0,False,0.11381793767213821,9.048928550684873e-05,0.0002714678565205462,9272,0
1160,160,supervised,0.1622147634625435,0.017750640399754047,0.0,0.0,0,0,0,0,0.0,0.0,0.0,0,0,False,0.11382174491882324,9.047007628084555e-05,0.00027141022884253664,9280,0
1161,161,supervised,0.34968917071819305,0.016755275893956423,0.0,0.0,0,0,0,0,0.0,0.0,0.0,0,0,False,0.11382545530796051,9.045084971874738e-05,0.0002713525491562421,9288,0
1162,162,supervised,0.16728194802999496,0.014911774080246687,0.0,0.0,0,0,0,0,0.0,0.0,0.0,0,0,False,0.11382915824651718,9.043160582879025e-05,0.00027129481748637075,9296,0
1163,163,supervised,0.1949949860572815,0.021536821499466896,0.0,0.0,0,0,0,0,0.0,0.0,0.0,0,0,False,0.11383268982172012,9.041234461921766e-05,0.0002712370338576529,9304,0
1164,164,supervised,0.24916969239711761,0.014003603253513575,0.0,0.0,0,0,0,0,0.0,0.0,0.0,0,0,False,0.11383625119924545,9.039306609828047e-05,0.00027117919829484135,9312,0
1165,165,supervised,0.08460225537419319,0.02243961952626705,0.0,0.0,0,0,0,0,0.0,0.0,0.0,0,0,False,0.11383971571922302,9.0373770274237e-05,0.0002711213108227109,9320,0
1166,166,supervised,0.1874631643295288,0.01783164031803608,0.0,0.0,0,0,0,0,0.0,0.0,0.0,0,0,False,0.11384308338165283,9.035445715535298e-05,0.0002710633714660589,9328,0
1167,167,supervised,0.08582208678126335,0.017322473227977753,0.0,0.0,0,0,0,0,0.0,0.0,0.0,0,0,False,0.11384648829698563,9.03351267499015e-05,0.00027100538024970444,9336,0
1168,168,supervised,0.1511404663324356,0.021294299513101578,0.0,0.0,0,0,0,0,0.0,0.0,0.0,0,0,False,0.11384984850883484,9.031577906616314e-05,0.00027094733719848935,9344,0
1169,169,supervised,0.19149619340896606,0.018060277216136456,0.0,0.0,0,0,0,0,0.0,0.0,0.0,0,0,False,0.11385301500558853,9.029641411242579e-05,0.0002708892423372774,9352,0
1170,170,supervised,0.13532168418169022,0.017595925834029913,0.0,0.0,0,0,0,0,0.0,0.0,0.0,0,0,False,0.11385612934827805,9.027703189698483e-05,0.0002708310956909544,9360,0
1171,171,supervised,0.20877013355493546,0.015385461039841175,0.0,0.0,0,0,0,0,0.0,0.0,0.0,0,0,False,0.11385924369096756,9.025763242814291e-05,0.0002707728972844287,9368,0
1172,172,supervised,0.2361292690038681,0.016052283812314272,0.0,0.0,0,0,0,0,0.0,0.0,0.0,0,0,False,0.11386231333017349,9.023821571421023e-05,0.00027071464714263063,9376,0
1173,173,supervised,0.1910523995757103,0.017574680037796497,0.0,0.0,0,0,0,0,0.0,0.0,0.0,0,0,False,0.11386562138795853,9.021878176350423e-05,0.00027065634529051263,9384,0
1174,174,supervised,0.22227098792791367,0.015340660698711872,0.0,0.0,0,0,0,0,0.0,0.0,0.0,0,0,False,0.1138690635561943,9.019933058434983e-05,0.0002705979917530495,9392,0
1175,175,supervised,0.2275298908352852,0.01615826226770878,0.0,0.0,0,0,0,0,0.0,0.0,0.0,0,0,False,0.11387237161397934,9.017986218507929e-05,0.00027053958655523784,9400,0
1176,176,supervised,0.14308339729905128,0.014843473210930824,0.0,0.0,0,0,0,0,0.0,0.0,0.0,0,0,False,0.11387591063976288,9.016037657403224e-05,0.0002704811297220967,9408,0
1177,177,supervised,0.22258085012435913,0.015356204938143492,0.0,0.0,0,0,0,0,0.0,0.0,0.0,0,0,False,0.11387936025857925,9.014087375955573e-05,0.00027042262127866716,9416,0
1178,178,supervised,0.121093038469553,0.017317763529717922,0.0,0.0,0,0,0,0,0.0,0.0,0.0,0,0,False,0.11388267576694489,9.012135375000413e-05,0.0002703640612500123,9424,0
1179,179,supervised,0.09178908914327621,0.01683098915964365,0.0,0.0,0,0,0,0,0.0,0.0,0.0,0,0,False,0.11388616263866425,9.010181655373917e-05,0.0002703054496612175,9432,0
1180,180,supervised,0.20902276039123535,0.02301089931279421,0.0,0.0,0,0,0,0,0.0,0.0,0.0,0,0,False,0.1138894185423851,9.008226217912998e-05,0.00027024678653738993,9440,0
1181,181,supervised,0.1945391595363617,0.019297759979963303,0.0,0.0,0,0,0,0,0.0,0.0,0.0,0,0,False,0.11389259994029999,9.006269063455304e-05,0.00027018807190365906,9448,0
1182,182,supervised,0.19249924272298813,0.01703199138864875,0.0,0.0,0,0,0,0,0.0,0.0,0.0,0,0,False,0.11389581114053726,9.004310192839216e-05,0.00027012930578517645,9456,0
1183,183,supervised,0.08438701182603836,0.015493968967348337,0.0,0.0,0,0,0,0,0.0,0.0,0.0,0,0,False,0.11389914155006409,9.002349606903855e-05,0.0002700704882071156,9464,0
1184,184,supervised,0.17670869454741478,0.014372853562235832,0.0,0.0,0,0,0,0,0.0,0.0,0.0,0,0,False,0.11390245705842972,9.000387306489071e-05,0.0002700116191946721,9472,0
1185,185,supervised,0.1384630650281906,0.014577460940927267,0.0,0.0,0,0,0,0,0.0,0.0,0.0,0,0,False,0.11390592157840729,8.998423292435454e-05,0.00026995269877306356,9480,0
1186,186,supervised,0.24543559551239014,0.015741271432489157,0.0,0.0,0,0,0,0,0.0,0.0,0.0,0,0,False,0.11390940845012665,8.99645756558432e-05,0.0002698937269675296,9488,0
1187,187,supervised,0.18191556632518768,0.016490766312927008,0.0,0.0,0,0,0,0,0.0,0.0,0.0,0,0,False,0.11391277611255646,8.99449012677773e-05,0.00026983470380333185,9496,0
1188,188,supervised,0.23719967156648636,0.017140802461653948,0.0,0.0,0,0,0,0,0.0,0.0,0.0,0,0,False,0.11391601711511612,8.992520976858468e-05,0.00026977562930575403,9504,0
1189,189,supervised,0.1923762559890747,0.01708670100197196,0.0,0.0,0,0,0,0,0.0,0.0,0.0,0,0,False,0.11391916126012802,8.990550116670057e-05,0.0002697165035001017,9512,0
1190,190,supervised,0.11339908093214035,0.019247914664447308,0.0,0.0,0,0,0,0,0.0,0.0,0.0,0,0,False,0.11392245441675186,8.988577547056752e-05,0.0002696573264117025,9520,0
1191,191,supervised,0.20012809708714485,0.014767191372811794,0.0,0.0,0,0,0,0,0.0,0.0,0.0,0,0,False,0.1139259934425354,8.986603268863536e-05,0.00026959809806590605,9528,0
1192,192,supervised,0.13529293611645699,0.015564369037747383,0.0,0.0,0,0,0,0,0.0,0.0,0.0,0,0,False,0.1139296218752861,8.98462728293613e-05,0.0002695388184880839,9536,0
1193,193,supervised,0.11299089342355728,0.014551783911883831,0.0,0.0,0,0,0,0,0.0,0.0,0.0,0,0,False,0.11393401771783829,8.982649590120982e-05,0.0002694794877036294,9544,0
1194,194,supervised,0.12131350487470627,0.014674731064587831,0.0,0.0,0,0,0,0,0.0,0.0,0.0,0,0,False,0.11393845826387405,8.980670191265273e-05,0.0002694201057379582,9552,0
1195,195,supervised,0.1964821144938469,0.01617118902504444,0.0,0.0,0,0,0,0,0.0,0.0,0.0,0,0,False,0.11394260823726654,8.978689087216916e-05,0.0002693606726165074,9560,0
1196,196,supervised,0.13751188665628433,0.01527120778337121,0.0,0.0,0,0,0,0,0.0,0.0,0.0,0,0,False,0.11394679546356201,8.97670627882455e-05,0.00026930118836473646,9568,0
1197,197,supervised,0.23100893199443817,0.016152583062648773,0.0,0.0,0,0,0,0,0.0,0.0,0.0,0,0,False,0.1139507070183754,8.97472176693755e-05,0.0002692416530081265,9576,0
1198,198,supervised,0.18287260830402374,0.01861957646906376,0.0,0.0,0,0,0,0,0.0,0.0,0.0,0,0,False,0.11395439505577087,8.972735552406017e-05,0.00026918206657218047,9584,0
1199,199,supervised,0.2653307765722275,0.016610878985375166,0.0,0.0,0,0,0,0,0.0,0.0,0.0,0,0,False,0.1139579638838768,8.970747636080783e-05,0.00026912242908242346,9592,0
1200,200,supervised,0.17232806235551834,0.016033708583563566,0.0,0.0,0,0,0,0,0.0,0.0,0.0,0,0,False,0.11396148055791855,8.968758018813405e-05,0.00026906274056440215,9600,0
1201,201,supervised,0.24328941106796265,0.015588926617056131,0.0,0.0,0,0,0,0,0.0,0.0,0.0,0,0,False,0.11396480351686478,8.966766701456177e-05,0.00026900300104368524,9608,0
1202,202,supervised,0.12383904494345188,0.014974498189985752,0.0,0.0,0,0,0,0,0.0,0.0,0.0,0,0,False,0.11396834254264832,8.964773684862112e-05,0.0002689432105458633,9616,0
1203,203,supervised,0.1788192130625248,0.014855648390948772,0.0,0.0,0,0,0,0,0.0,0.0,0.0,0,0,False,0.1139720007777214,8.962778969884955e-05,0.0002688833690965486,9624,0
1204,204,supervised,0.13350054994225502,0.022422599606215954,0.0,0.0,0,0,0,0,0.0,0.0,0.0,0,0,False,0.11397552490234375,8.96078255737918e-05,0.00026882347672137533,9632,0
1205,205,supervised,0.1525709256529808,0.0186930438503623,0.0,0.0,0,0,0,0,0.0,0.0,0.0,0,0,False,0.11397931724786758,8.958784448199987e-05,0.00026876353344599955,9640,0
1206,206,supervised,0.29360195994377136,0.017511113081127405,0.0,0.0,0,0,0,0,0.0,0.0,0.0,0,0,False,0.11398282647132874,8.956784643203302e-05,0.000268703539296099,9648,0
1207,207,supervised,0.2327597215771675,0.015005174092948437,0.0,0.0,0,0,0,0,0.0,0.0,0.0,0,0,False,0.1139865517616272,8.954783143245777e-05,0.00026864349429737326,9656,0
1208,208,supervised,0.10507579892873764,0.01552432170137763,0.0,0.0,0,0,0,0,0.0,0.0,0.0,0,0,False,0.11399121582508087,8.952779949184793e-05,0.00026858339847554377,9664,0
1209,209,supervised,0.1380938719958067,0.017962119076400995,0.0,0.0,0,0,0,0,0.0,0.0,0.0,0,0,False,0.11399566382169724,8.950775061878453e-05,0.00026852325185635354,9672,0
1210,210,supervised,0.14980612322688103,0.019547375850379467,0.0,0.0,0,0,0,0,0.0,0.0,0.0,0,0,False,0.11399994790554047,8.948768482185587e-05,0.00026846305446556756,9680,0
1211,211,supervised,0.19937416166067123,0.01729345228523016,0.0,0.0,0,0,0,0,0.0,0.0,0.0,0,0,False,0.1140039786696434,8.94676021096575e-05,0.00026840280632897245,9688,0
1212,212,supervised,0.08826019987463951,0.022102313116192818,0.0,0.0,0,0,0,0,0.0,0.0,0.0,0,0,False,0.1140080913901329,8.944750249079223e-05,0.00026834250747237665,9696,0
1213,213,supervised,0.20421063527464867,0.016042581293731928,0.0,0.0,0,0,0,0,0.0,0.0,0.0,0,0,False,0.11401189118623734,8.94273859738701e-05,0.00026828215792161025,9704,0
1214,214,supervised,0.11864242516458035,0.015358982142060995,0.0,0.0,0,0,0,0,0.0,0.0,0.0,0,0,False,0.11401565372943878,8.940725256750838e-05,0.0002682217577025251,9712,0
1215,215,supervised,0.18963687866926193,0.021019515115767717,0.0,0.0,0,0,0,0,0.0,0.0,0.0,0,0,False,0.11401930451393127,8.938710228033155e-05,0.0002681613068409946,9720,0
1216,216,supervised,0.1998581513762474,0.018270249012857676,0.0,0.0,0,0,0,0,0.0,0.0,0.0,0,0,False,0.11402279883623123,8.936693512097139e-05,0.0002681008053629142,9728,0
1217,217,supervised,0.10988695919513702,0.015900720842182636,0.0,0.0,0,0,0,0,0.0,0.0,0.0,0,0,False,0.11402647197246552,8.934675109806688e-05,0.0002680402532942006,9736,0
1218,218,supervised,0.1837058663368225,0.022215749137103558,0.0,0.0,0,0,0,0,0.0,0.0,0.0,0,0,False,0.1140299141407013,8.932655022026417e-05,0.0002679796506607925,9744,0
1219,219,supervised,0.14405999332666397,0.023191041313111782,0.0,0.0,0,0,0,0,0.0,0.0,0.0,0,0,False,0.11403342336416245,8.930633249621672e-05,0.00026791899748865013,9752,0
1220,220,supervised,0.17431920021772385,0.014693169854581356,0.0,0.0,0,0,0,0,0.0,0.0,0.0,0,0,False,0.11403698474168777,8.928609793458514e-05,0.00026785829380375535,9760,0
1221,221,supervised,0.10789208114147186,0.01952037261798978,0.0,0.0,0,0,0,0,0.0,0.0,0.0,0,0,False,0.11404092609882355,8.926584654403724e-05,0.0002677975396321117,9768,0
1222,222,supervised,0.11270751059055328,0.021340190432965755,0.0,0.0,0,0,0,0,0.0,0.0,0.0,0,0,False,0.11404509842395782,8.924557833324814e-05,0.00026773673499974436,9776,0
1223,223,supervised,0.2356656938791275,0.01790752448141575,0.0,0.0,0,0,0,0,0.0,0.0,0.0,0,0,False,0.1140490174293518,8.922529331090006e-05,0.00026767587993270015,9784,0
1224,224,supervised,0.19066564366221428,0.021274582017213106,0.0,0.0,0,0,0,0,0.0,0.0,0.0,0,0,False,0.11405276507139206,8.920499148568245e-05,0.00026761497445704734,9792,0
1225,225,supervised,0.24071045964956284,0.01963342074304819,0.0,0.0,0,0,0,0,0.0,0.0,0.0,0,0,False,0.11405635625123978,8.9184672866292e-05,0.00026755401859887595,9800,0
1226,226,supervised,0.1914096102118492,0.017166868783533573,0.0,0.0,0,0,0,0,0.0,0.0,0.0,0,0,False,0.11405973136425018,8.916433746143253e-05,0.0002674930123842975,9808,0
1227,227,supervised,0.27529411017894745,0.016723599284887314,0.0,0.0,0,0,0,0,0.0,0.0,0.0,0,0,False,0.11406347900629044,8.914398527981509e-05,0.00026743195583944524,9816,0
1228,228,supervised,0.18338631093502045,0.014801002573221922,0.0,0.0,0,0,0,0,0.0,0.0,0.0,0,0,False,0.11406703293323517,8.912361633015791e-05,0.0002673708489904737,9824,0
1229,229,supervised,0.18334098160266876,0.015799427404999733,0.0,0.0,0,0,0,0,0.0,0.0,0.0,0,0,False,0.11407045274972916,8.910323062118639e-05,0.00026730969186355914,9832,0
1230,230,supervised,0.3633466362953186,0.014313797000795603,0.0,0.0,0,0,0,0,0.0,0.0,0.0,0,0,False,0.1140737533569336,8.908282816163314e-05,0.0002672484844848994,9840,0
1231,231,supervised,0.15305119007825851,0.017427027225494385,0.0,0.0,0,0,0,0,0.0,0.0,0.0,0,0,False,0.11407700926065445,8.906240896023794e-05,0.0002671872268807138,9848,0
1232,232,supervised,0.14296739548444748,0.014714276883751154,0.0,0.0,0,0,0,0,0.0,0.0,0.0,0,0,False,0.11408042907714844,8.904197302574768e-05,0.000267125919077243,9856,0
1233,233,supervised,0.19443292915821075,0.019380934070795774,0.0,0.0,0,0,0,0,0.0,0.0,0.0,0,0,False,0.1140836626291275,8.90215203669165e-05,0.00026706456110074943,9864,0
1234,234,supervised,0.1364437285810709,0.016682941000908613,0.0,0.0,0,0,0,0,0.0,0.0,0.0,0,0,False,0.11408688873052597,8.900105099250564e-05,0.00026700315297751686,9872,0
1235,235,supervised,0.23136533796787262,0.014523409307003021,0.0,0.0,0,0,0,0,0.0,0.0,0.0,0,0,False,0.11409013718366623,8.898056491128357e-05,0.00026694169473385067,9880,0
1236,236,supervised,0.2102588266134262,0.01721343118697405,0.0,0.0,0,0,0,0,0.0,0.0,0.0,0,0,False,0.11409351229667664,8.896006213202583e-05,0.0002668801863960775,9888,0
1237,237,supervised,0.12845753878355026,0.015618397854268551,0.0,0.0,0,0,0,0,0.0,0.0,0.0,0,0,False,0.1140969917178154,8.893954266351521e-05,0.00026681862799054557,9896,0
1238,238,supervised,0.0929914079606533,0.019048244692385197,0.0,0.0,0,0,0,0,0.0,0.0,0.0,0,0,False,0.11410066485404968,8.891900651454156e-05,0.00026675701954362465,9904,0
1239,239,supervised,0.17763510718941689,0.015031240414828062,0.0,0.0,0,0,0,0,0.0,0.0,0.0,0,0,False,0.11410421878099442,8.889845369390193e-05,0.0002666953610817058,9912,0
1240,240,supervised,0.156675036996603,0.02242729812860489,0.0,0.0,0,0,0,0,0.0,0.0,0.0,0,0,False,0.11410784721374512,8.887788421040049e-05,0.0002666336526312014,9920,0
1241,241,supervised,0.2620159164071083,0.024552994407713413,0.0,0.0,0,0,0,0,0.0,0.0,0.0,0,0,False,0.11411137133836746,8.885729807284856e-05,0.0002665718942185456,9928,0
1242,242,supervised,0.1697031706571579,0.014684608206152916,0.0,0.0,0,0,0,0,0.0,0.0,0.0,0,0,False,0.11411489546298981,8.883669529006456e-05,0.0002665100858701937,9936,0
1243,243,supervised,0.336847260594368,0.014838438481092453,0.0,0.0,0,0,0,0,0.0,0.0,0.0,0,0,False,0.11411820352077484,8.88160758708741e-05,0.0002664482276126223,9944,0
1244,244,supervised,0.2383609190583229,0.015185062307864428,0.0,0.0,0,0,0,0,0.0,0.0,0.0,0,0,False,0.11412137746810913,8.879543982410989e-05,0.00026638631947232963,9952,0
1245,245,supervised,0.15663545578718185,0.018014226108789444,0.0,0.0,0,0,0,0,0.0,0.0,0.0,0,0,False,0.11412453651428223,8.877478715861173e-05,0.0002663243614758351,9960,0
1246,246,supervised,0.24718591570854187,0.01716249529272318,0.0,0.0,0,0,0,0,0.0,0.0,0.0,0,0,False,0.11412764340639114,8.875411788322657e-05,0.00026626235364967966,9968,0
1247,247,supervised,0.24803083389997482,0.017031156923621893,0.0,0.0,0,0,0,0,0.0,0.0,0.0,0,0,False,0.11413044482469559,8.873343200680848e-05,0.0002662002960204254,9976,0
1248,248,supervised,0.18922120332717896,0.014623686205595732,0.0,0.0,0,0,0,0,0.0,0.0,0.0,0,0,False,0.11413323134183884,8.871272953821864e-05,0.00026613818861465587,9984,0
1249,249,supervised,0.25831227004528046,0.014430887065827847,0.0,0.0,0,0,0,0,0.0,0.0,0.0,0,0,False,0.11413591355085373,8.869201048632532e-05,0.0002660760314589759,9992,0
1250,250,supervised,0.1426244005560875,0.016771721187978983,0.0,0.0,0,0,0,0,0.0,0.0,0.0,0,0,False,0.1141396164894104,8.867127486000389e-05,0.00026601382458001164,10000,0
1251,251,supervised,0.09652655571699142,0.014236930292099714,0.0,0.0,0,0,0,0,0.0,0.0,0.0,0,0,False,0.11414393782615662,8.865052266813685e-05,0.0002659515680044105,10008,0
1252,252,supervised,0.25154508650302887,0.01461562979966402,0.0,0.0,0,0,0,0,0.0,0.0,0.0,0,0,False,0.11414806544780731,8.862975391961377e-05,0.0002658892617588413,10016,0
1253,253,supervised,0.1999695673584938,0.016263128258287907,0.0,0.0,0,0,0,0,0.0,0.0,0.0,0,0,False,0.11415208876132965,8.860896862333134e-05,0.000265826905869994,10024,0
1254,254,supervised,0.1898074373602867,0.02158604934811592,0.0,0.0,0,0,0,0,0.0,0.0,0.0,0,0,False,0.11415591835975647,8.858816678819332e-05,0.0002657645003645799,10032,0
1255,255,supervised,0.1998370736837387,0.02090520691126585,0.0,0.0,0,0,0,0,0.0,0.0,0.0,0,0,False,0.11415942758321762,8.856734842311053e-05,0.00026570204526933156,10040,0
1256,256,supervised,0.18164954334497452,0.01799935521557927,0.0,0.0,0,0,0,0,0.0,0.0,0.0,0,0,False,0.11416281759738922,8.85465135370009e-05,0.0002656395406110027,10048,0
1257,257,supervised,0.22536611557006836,0.022284124046564102,0.0,0.0,0,0,0,0,0.0,0.0,0.0,0,0,False,0.11416607350111008,8.852566213878947e-05,0.00026557698641636835,10056,0
1258,258,supervised,0.1902516931295395,0.02045808732509613,0.0,0.0,0,0,0,0,0.0,0.0,0.0,0,0,False,0.11416920274496078,8.850479423740827e-05,0.00026551438271222476,10064,0
1259,259,supervised,0.07273530587553978,0.01560131972655654,0.0,0.0,0,0,0,0,0.0,0.0,0.0,0,0,False,0.11417258530855179,8.848390984179648e-05,0.0002654517295253894,10072,0
1260,260,supervised,0.1397843211889267,0.0160970576107502,0.0,0.0,0,0,0,0,0.0,0.0,0.0,0,0,False,0.11417613178491592,8.84630089609003e-05,0.00026538902688270086,10080,0
1261,261,supervised,0.24452564120292664,0.016925507690757513,0.0,0.0,0,0,0,0,0.0,0.0,0.0,0,0,False,0.11417941004037857,8.844209160367299e-05,0.0002653262748110189,10088,0
1262,262,supervised,0.2259313426911831,0.015460961032658815,0.0,0.0,0,0,0,0,0.0,0.0,0.0,0,0,False,0.1141824945807457,8.842115777907489e-05,0.0002652634733372246,10096,0
1263,263,supervised,0.13217739760875702,0.018464880995452404,0.0,0.0,0,0,0,0,0.0,0.0,0.0,0,0,False,0.11418552696704865,8.840020749607339e-05,0.00026520062248822014,10104,0
1264,264,supervised,0.24097613990306854,0.015141062438488007,0.0,0.0,0,0,0,0,0.0,0.0,0.0,0,0,False,0.11418881267309189,8.837924076364292e-05,0.0002651377222909287,10112,0
1265,265,supervised,0.08993814140558243,0.023419261910021305,0.0,0.0,0,0,0,0,0.0,0.0,0.0,0,0,False,0.11419189721345901,8.8358257590765e-05,0.00026507477277229496,10120,0
1266,266,supervised,0.34835729002952576,0.014364978764206171,0.0,0.0,0,0,0,0,0.0,0.0,0.0,0,0,False,0.114194855093956,8.833725798642808e-05,0.0002650117739592842,10128,0
1267,267,supervised,0.19589892029762268,0.01737726666033268,0.0,0.0,0,0,0,0,0.0,0.0,0.0,0,0,False,0.11419761925935745,8.831624195962778e-05,0.0002649487258788833,10136,0
1268,268,supervised,0.17655880749225616,0.015453588217496872,0.0,0.0,0,0,0,0,0.0,0.0,0.0,0,0,False,0.11420070379972458,8.829520951936667e-05,0.00026488562855809996,10144,0
1269,269,supervised,0.13598192483186722,0.017139346804469824,0.0,0.0,0,0,0,0,0.0,0.0,0.0,0,0,False,0.11420413851737976,8.827416067465441e-05,0.00026482248202396323,10152,0
1270,270,supervised,0.24753130972385406,0.0164443445391953,0.0,0.0,0,0,0,0,0.0,0.0,0.0,0,0,False,0.11420740932226181,8.825309543450764e-05,0.00026475928630352287,10160,0
1271,271,supervised,0.23304452002048492,0.014597474131733179,0.0,0.0,0,0,0,0,0.0,0.0,0.0,0,0,False,0.1142105907201767,8.823201380795001e-05,0.00026469604142385,10168,0
1272,272,supervised,0.19412704557180405,0.01589618530124426,0.0,0.0,0,0,0,0,0.0,0.0,0.0,0,0,False,0.11421401053667068,8.821091580401228e-05,0.0002646327474120368,10176,0
1273,273,supervised,0.16260750591754913,0.021934883669018745,0.0,0.0,0,0,0,0,0.0,0.0,0.0,0,0,False,0.11421748250722885,8.818980143173213e-05,0.0002645694042951963,10184,0
1274,274,supervised,0.2462756410241127,0.018503342289477587,0.0,0.0,0,0,0,0,0.0,0.0,0.0,0,0,False,0.11422071605920792,8.816867070015427e-05,0.00026450601210046274,10192,0
1275,275,supervised,0.31930750608444214,0.023655666038393974,0.0,0.0,0,0,0,0,0.0,0.0,0.0,0,0,False,0.11422359198331833,8.814752361833044e-05,0.0002644425708549913,10200,0
1276,276,supervised,0.1780356429517269,0.015213731210678816,0.0,0.0,0,0,0,0,0.0,0.0,0.0,0,0,False,0.11422652751207352,8.812636019531942e-05,0.0002643790805859582,10208,0
1277,277,supervised,0.129638209939003,0.016687186434864998,0.0,0.0,0,0,0,0,0.0,0.0,0.0,0,0,False,0.11422941833734512,8.810518044018689e-05,0.00026431554132056063,10216,0
1278,278,supervised,0.24212302267551422,0.019158141687512398,0.0,0.0,0,0,0,0,0.0,0.0,0.0,0,0,False,0.1142321527004242,8.808398436200562e-05,0.0002642519530860168,10224,0
1279,279,supervised,0.11876766383647919,0.01963035762310028,0.0,0.0,0,0,0,0,0.0,0.0,0.0,0,0,False,0.11423486471176147,8.806277196985535e-05,0.00026418831590956603,10232,0
1280,280,supervised,0.07590264081954956,0.0161014748737216,0.0,0.0,0,0,0,0,0.0,0.0,0.0,0,0,False,0.1142377033829689,8.804154327282274e-05,0.0002641246298184682,10240,0
1281,281,supervised,0.07360626012086868,0.023753402289003134,0.0,0.0,0,0,0,0,0.0,0.0,0.0,0,0,False,0.11424052715301514,8.802029828000156e-05,0.00026406089484000466,10248,0
1282,282,supervised,0.13759088888764381,0.017876496072858572,0.0,0.0,0,0,0,0,0.0,0.0,0.0,0,0,False,0.11424342542886734,8.799903700049243e-05,0.00026399711100147724,10256,0
1283,283,supervised,0.20008431375026703,0.014563345350325108,0.0,0.0,0,0,0,0,0.0,0.0,0.0,0,0,False,0.1142464131116867,8.797775944340302e-05,0.00026393327833020903,10264,0
1284,284,supervised,0.1512622907757759,0.021105061750859022,0.0,0.0,0,0,0,0,0.0,0.0,0.0,0,0,False,0.11424954980611801,8.7956465617848e-05,0.00026386939685354397,10272,0
1285,285,supervised,0.2610483765602112,0.01917950063943863,0.0,0.0,0,0,0,0,0.0,0.0,0.0,0,0,False,0.1142527163028717,8.793515553294891e-05,0.0002638054665988467,10280,0
1286,286,supervised,0.3064684569835663,0.02153026219457388,0.0,0.0,0,0,0,0,0.0,0.0,0.0,0,0,False,0.11425559967756271,8.791382919783435e-05,0.000263741487593503,10288,0
1287,287,supervised,0.08828196302056313,0.018833639100193977,0.0,0.0,0,0,0,0,0.0,0.0,0.0,0,0,False,0.11425856500864029,8.789248662163985e-05,0.0002636774598649195,10296,0
1288,288,supervised,0.14517780765891075,0.016282012220472097,0.0,0.0,0,0,0,0,0.0,0.0,0.0,0,0,False,0.11426161974668503,8.787112781350785e-05,0.0002636133834405235,10304,0
1289,289,supervised,0.1344704106450081,0.01568877836689353,0.0,0.0,0,0,0,0,0.0,0.0,0.0,0,0,False,0.11426474153995514,8.784975278258783e-05,0.00026354925834776345,10312,0
1290,290,supervised,0.11567583307623863,0.015203651506453753,0.0,0.0,0,0,0,0,0.0,0.0,0.0,0,0,False,0.1142679825425148,8.782836153803615e-05,0.0002634850846141084,10320,0
1291,291,supervised,0.07545992359519005,0.021468459628522396,0.0,0.0,0,0,0,0,0.0,0.0,0.0,0,0,False,0.1142711415886879,8.780695408901613e-05,0.0002634208622670484,10328,0
1292,292,supervised,0.1881016120314598,0.015101263299584389,0.0,0.0,0,0,0,0,0.0,0.0,0.0,0,0,False,0.11427435278892517,8.778553044469808e-05,0.00026335659133409423,10336,0
1293,293,supervised,0.12861835956573486,0.014928446616977453,0.0,0.0,0,0,0,0,0.0,0.0,0.0,0,0,False,0.11427754163742065,8.776409061425919e-05,0.00026329227184277755,10344,0
1294,294,supervised,0.1979358196258545,0.017045775894075632,0.0,0.0,0,0,0,0,0.0,0.0,0.0,0,0,False,0.11428073048591614,8.774263460688358e-05,0.0002632279038206507,10352,0
1295,295,supervised,0.19026637077331543,0.017445990815758705,0.0,0.0,0,0,0,0,0.0,0.0,0.0,0,0,False,0.11428394913673401,8.772116243176235e-05,0.00026316348729528704,10360,0
1296,296,supervised,0.15154971182346344,0.015262479893863201,0.0,0.0,0,0,0,0,0.0,0.0,0.0,0,0,False,0.11428721249103546,8.769967409809348e-05,0.0002630990222942804,10368,0
1297,297,supervised,0.18328871577978134,0.015570524148643017,0.0,0.0,0,0,0,0,0.0,0.0,0.0,0,0,False,0.11429068446159363,8.76781696150819e-05,0.00026303450884524566,10376,0
1298,298,supervised,0.28385603427886963,0.014295025262981653,0.0,0.0,0,0,0,0,0.0,0.0,0.0,0,0,False,0.11429399996995926,8.765664899193944e-05,0.0002629699469758183,10384,0
1299,299,supervised,0.2232169359922409,0.013925694394856691,0.0,0.0,0,0,0,0,0.0,0.0,0.0,0,0,False,0.11429718881845474,8.763511223788485e-05,0.00026290533671365454,10392,0
1300,300,supervised,0.2887939065694809,0.015721081290394068,0.0,0.0,0,0,0,0,0.0,0.0,0.0,0,0,False,0.1143001914024353,8.761355936214382e-05,0.00026284067808643143,10400,0
1301,301,supervised,0.17599233612418175,0.015175627544522285,0.0,0.0,0,0,0,0,0.0,0.0,0.0,0,0,False,0.11430303007364273,8.759199037394887e-05,0.0002627759711218466,10408,0
1302,302,supervised,0.14596735313534737,0.01816457323729992,0.0,0.0,0,0,0,0,0.0,0.0,0.0,0,0,False,0.11430597305297852,8.75704052825395e-05,0.0002627112158476185,10416,0
1303,303,supervised,0.24642513692378998,0.020098666194826365,0.0,0.0,0,0,0,0,0.0,0.0,0.0,0,0,False,0.11430871486663818,8.754880409716209e-05,0.0002626464122914862,10424,0
1304,304,supervised,0.1860162355005741,0.014980032108724117,0.0,0.0,0,0,0,0,0.0,0.0,0.0,0,0,False,0.11431153118610382,8.752718682706985e-05,0.0002625815604812095,10432,0
1305,305,supervised,0.13615084066987038,0.017723399680107832,0.0,0.0,0,0,0,0,0.0,0.0,0.0,0,0,False,0.11431533098220825,8.750555348152298e-05,0.0002625166604445689,10440,0
1306,306,supervised,0.18272553384304047,0.015184746123850346,0.0,0.0,0,0,0,0,0.0,0.0,0.0,0,0,False,0.11431924253702164,8.74839040697885e-05,0.00026245171220936546,10448,0
1307,307,supervised,0.3556428328156471,0.014351779595017433,0.0,0.0,0,0,0,0,0.0,0.0,0.0,0,0,False,0.11432311683893204,8.746223860114033e-05,0.00026238671580342096,10456,0
1308,308,supervised,0.08826614916324615,0.024536916986107826,0.0,0.0,0,0,0,0,0.0,0.0,0.0,0,0,False,0.11432666331529617,8.744055708485927e-05,0.0002623216712545778,10464,0
1309,309,supervised,0.08677656203508377,0.016381136141717434,0.0,0.0,0,0,0,0,0.0,0.0,0.0,0,0,False,0.11433029919862747,8.741885953023301e-05,0.000262256578590699,10472,0
1310,310,supervised,0.19132905453443527,0.014315560925751925,0.0,0.0,0,0,0,0,0.0,0.0,0.0,0,0,False,0.11433403939008713,8.739714594655606e-05,0.00026219143783966816,10480,0
1311,311,supervised,0.09103791415691376,0.018084761686623096,0.0,0.0,0,0,0,0,0.0,0.0,0.0,0,0,False,0.11433800309896469,8.737541634312985e-05,0.0002621262490293895,10488,0
1312,312,supervised,0.2808684855699539,0.014066676143556833,0.0,0.0,0,0,0,0,0.0,0.0,0.0,0,0,False,0.11434177309274673,8.735367072926263e-05,0.0002620610121877879,10496,0
1313,313,supervised,0.14021562039852142,0.017810773104429245,0.0,0.0,0,0,0,0,0.0,0.0,0.0,0,0,False,0.11434628069400787,8.733190911426958e-05,0.0002619957273428087,10504,0
1314,314,supervised,0.13844842836260796,0.01711433194577694,0.0,0.0,0,0,0,0,0.0,0.0,0.0,0,0,False,0.11435059458017349,8.731013150747263e-05,0.00026193039452241784,10512,0
1315,315,supervised,0.1318681798875332,0.02096847677603364,0.0,0.0,0,0,0,0,0.0,0.0,0.0,0,0,False,0.11435521394014359,8.728833791820063e-05,0.00026186501375460186,10520,0
1316,316,supervised,0.22887585125863552,0.014636193867772818,0.0,0.0,0,0,0,0,0.0,0.0,0.0,0,0,False,0.11435969918966293,8.72665283557893e-05,0.0002617995850673679,10528,0
1317,317,supervised,0.1851172298192978,0.016928759403526783,0.0,0.0,0,0,0,0,0.0,0.0,0.0,0,0,False,0.114363893866539,8.724470282958111e-05,0.0002617341084887433,10536,0
1318,318,supervised,0.1959870383143425,0.016285117249935865,0.0,0.0,0,0,0,0,0.0,0.0,0.0,0,0,False,0.1143680065870285,8.722286134892545e-05,0.00026166858404677633,10544,0
1319,319,supervised,0.1355614922940731,0.014815480913966894,0.0,0.0,0,0,0,0,0.0,0.0,0.0,0,0,False,0.1143718734383583,8.720100392317851e-05,0.0002616030117695355,10552,0
1320,320,supervised,0.23827633261680603,0.01411859830841422,0.0,0.0,0,0,0,0,0.0,0.0,0.0,0,0,False,0.11437559127807617,8.717913056170331e-05,0.00026153739168510986,10560,0
1321,321,supervised,0.2432595193386078,0.014886194374412298,0.0,0.0,0,0,0,0,0.0,0.0,0.0,0,0,False,0.11437934637069702,8.715724127386972e-05,0.00026147172382160914,10568,0
1322,322,supervised,0.11230869591236115,0.0181555962190032,0.0,0.0,0,0,0,0,0.0,0.0,0.0,0,0,False,0.11438309401273727,8.713533606905439e-05,0.00026140600820716314,10576,0
1323,323,supervised,0.2421647608280182,0.01567002572119236,0.0,0.0,0,0,0,0,0.0,0.0,0.0,0,0,False,0.11438679695129395,8.711341495664084e-05,0.0002613402448699225,10584,0
1324,324,supervised,0.07069177180528641,0.018195738084614277,0.0,0.0,0,0,0,0,0.0,0.0,0.0,0,0,False,0.11439047753810883,8.709147794601939e-05,0.0002612744338380581,10592,0
1325,325,supervised,0.24693161249160767,0.017606377601623535,0.0,0.0,0,0,0,0,0.0,0.0,0.0,0,0,False,0.11439388245344162,8.706952504658712e-05,0.0002612085751397613,10600,0
1326,326,supervised,0.10418888553977013,0.016931848600506783,0.0,0.0,0,0,0,0,0.0,0.0,0.0,0,0,False,0.11439727991819382,8.704755626774796e-05,0.00026114266880324387,10608,0
1327,327,supervised,0.17440397292375565,0.014756408054381609,0.0,0.0,0,0,0,0,0.0,0.0,0.0,0,0,False,0.11440077424049377,8.702557161891265e-05,0.00026107671485673794,10616,0
1328,328,supervised,0.08391784876585007,0.020011029206216335,0.0,0.0,0,0,0,0,0.0,0.0,0.0,0,0,False,0.1144041195511818,8.700357110949873e-05,0.00026101071332849615,10624,0
1329,329,supervised,0.12537339329719543,0.014713261742144823,0.0,0.0,0,0,0,0,0.0,0.0,0.0,0,0,False,0.11440759152173996,8.69815547489305e-05,0.00026094466424679146,10632,0
1330,330,supervised,0.23199744895100594,0.015369771979749203,0.0,0.0,0,0,0,0,0.0,0.0,0.0,0,0,False,0.11441086232662201,8.695952254663906e-05,0.00026087856763991714,10640,0
1331,331,supervised,0.14862793311476707,0.015422138385474682,0.0,0.0,0,0,0,0,0.0,0.0,0.0,0,0,False,0.11441419273614883,8.693747451206232e-05,0.0002608124235361869,10648,0
1332,332,supervised,0.12512055039405823,0.017263708636164665,0.0,0.0,0,0,0,0,0.0,0.0,0.0,0,0,False,0.11441750079393387,8.691541065464495e-05,0.0002607462319639348,10656,0
1333,333,supervised,0.12376037612557411,0.017426463309675455,0.0,0.0,0,0,0,0,0.0,0.0,0.0,0,0,False,0.11442077159881592,8.689333098383842e-05,0.00026067999295151527,10664,0
1334,334,supervised,0.14180763810873032,0.0163704976439476,0.0,0.0,0,0,0,0,0.0,0.0,0.0,0,0,False,0.11442427337169647,8.687123550910095e-05,0.0002606137065273028,10672,0
1335,335,supervised,0.0932769924402237,0.01953777577728033,0.0,0.0,0,0,0,0,0.0,0.0,0.0,0,0,False,0.11442780494689941,8.684912423989755e-05,0.0002605473727196926,10680,0
1336,336,supervised,0.1532888039946556,0.016819067765027285,0.0,0.0,0,0,0,0,0.0,0.0,0.0,0,0,False,0.11443124711513519,8.682699718569995e-05,0.00026048099155709983,10688,0
1337,337,supervised,0.13768292218446732,0.018636049702763557,0.0,0.0,0,0,0,0,0.0,0.0,0.0,0,0,False,0.11443448811769485,8.680485435598673e-05,0.00026041456306796014,10696,0
1338,338,supervised,0.17910278588533401,0.015084979590028524,0.0,0.0,0,0,0,0,0.0,0.0,0.0,0,0,False,0.11443765461444855,8.678269576024312e-05,0.00026034808728072934,10704,0
1339,339,supervised,0.1374475471675396,0.019226442091166973,0.0,0.0,0,0,0,0,0.0,0.0,0.0,0,0,False,0.11444088071584702,8.67605214079612e-05,0.00026028156422388355,10712,0
1340,340,supervised,0.3677279204130173,0.014011007733643055,0.0,0.0,0,0,0,0,0.0,0.0,0.0,0,0,False,0.11444377899169922,8.673833130863974e-05,0.0002602149939259192,10720,0
1341,341,supervised,0.18527761101722717,0.01755923219025135,0.0,0.0,0,0,0,0,0.0,0.0,0.0,0,0,False,0.11444667726755142,8.671612547178428e-05,0.0002601483764153528,10728,0
1342,342,supervised,0.13752929866313934,0.015268387738615274,0.0,0.0,0,0,0,0,0.0,0.0,0.0,0,0,False,0.11444967240095139,8.669390390690709e-05,0.00026008171172072126,10736,0
1343,343,supervised,0.19629956781864166,0.01824713684618473,0.0,0.0,0,0,0,0,0.0,0.0,0.0,0,0,False,0.11445329338312149,8.66716666235272e-05,0.00026001499987058155,10744,0
1344,344,supervised,0.11575284227728844,0.01892709545791149,0.0,0.0,0,0,0,0,0.0,0.0,0.0,0,0,False,0.11445674300193787,8.664941363117032e-05,0.0002599482408935109,10752,0
1345,345,supervised,0.17486777156591415,0.016276034526526928,0.0,0.0,0,0,0,0,0.0,0.0,0.0,0,0,False,0.11446009576320648,8.662714493936895e-05,0.0002598814348181068,10760,0
1346,346,supervised,0.12411205843091011,0.01979267131537199,0.0,0.0,0,0,0,0,0.0,0.0,0.0,0,0,False,0.11446321755647659,8.660486055766228e-05,0.0002598145816729868,10768,0
1347,347,supervised,0.19771020859479904,0.015463962685316801,0.0,0.0,0,0,0,0,0.0,0.0,0.0,0,0,False,0.11446626484394073,8.658256049559624e-05,0.0002597476814867887,10776,0
1348,348,supervised,0.07777626998722553,0.018176314420998096,0.0,0.0,0,0,0,0,0.0,0.0,0.0,0,0,False,0.1144692599773407,8.656024476272346e-05,0.00025968073428817034,10784,0
1349,349,supervised,0.20281022042036057,0.01536708464846015,0.0,0.0,0,0,0,0,0.0,0.0,0.0,0,0,False,0.11447228491306305,8.653791336860331e-05,0.00025961374010580987,10792,0
1350,350,supervised,0.24699383974075317,0.015203244052827358,0.0,0.0,0,0,0,0,0.0,0.0,0.0,0,0,False,0.11447558552026749,8.651556632280184e-05,0.00025954669896840544,10800,0
1351,351,supervised,0.18469960987567902,0.01730361022055149,0.0,0.0,0,0,0,0,0.0,0.0,0.0,0,0,False,0.11447883397340775,8.649320363489179e-05,0.00025947961090467533,10808,0
1352,352,supervised,0.08216400817036629,0.017482257913798094,0.0,0.0,0,0,0,0,0.0,0.0,0.0,0,0,False,0.11448207497596741,8.647082531445265e-05,0.0002594124759433579,10816,0
1353,353,supervised,0.16665174067020416,0.017240046989172697,0.0,0.0,0,0,0,0,0.0,0.0,0.0,0,0,False,0.114485964179039,8.644843137107059e-05,0.0002593452941132117,10824,0
1354,354,supervised,0.10924984514713287,0.01428762124851346,0.0,0.0,0,0,0,0,0.0,0.0,0.0,0,0,False,0.1144900768995285,8.642602181433844e-05,0.00025927806544301526,10832,0
1355,355,supervised,0.2452344447374344,0.014070827048271894,0.0,0.0,0,0,0,0,0.0,0.0,0.0,0,0,False,0.11449413746595383,8.640359665385575e-05,0.0002592107899615672,10840,0
1356,356,supervised,0.149287898093462,0.023155384697020054,0.0,0.0,0,0,0,0,0.0,0.0,0.0,0,0,False,0.11449793726205826,8.638115589922875e-05,0.0002591434676976862,10848,0
1357,357,supervised,0.1945555880665779,0.016110625583678484,0.0,0.0,0,0,0,0,0.0,0.0,0.0,0,0,False,0.11450180411338806,8.635869956007034e-05,0.000259076098680211,10856,0
1358,358,supervised,0.23558522760868073,0.014095900114625692,0.0,0.0,0,0,0,0,0.0,0.0,0.0,0,0,False,0.11450553685426712,8.633622764600012e-05,0.00025900868293800034,10864,0
1359,359,supervised,0.22046306729316711,0.01567166903987527,0.0,0.0,0,0,0,0,0.0,0.0,0.0,0,0,False,0.11450949311256409,8.631374016664434e-05,0.000258941220499933,10872,0
1360,360,supervised,0.19696401804685593,0.018921845126897097,0.0,0.0,0,0,0,0,0.0,0.0,0.0,0,0,False,0.11451338231563568,8.629123713163589e-05,0.0002588737113949076,10880,0
1361,361,supervised,0.13025158643722534,0.015764974057674408,0.0,0.0,0,0,0,0,0.0,0.0,0.0,0,0,False,0.11451709270477295,8.626871855061438e-05,0.00025880615565184313,10888,0
1362,362,supervised,0.22045960277318954,0.01605727383866906,0.0,0.0,0,0,0,0,0.0,0.0,0.0,0,0,False,0.1145208477973938,8.624618443322607e-05,0.0002587385532996782,10896,0
1363,363,supervised,0.08532395586371422,0.017829922027885914,0.0,0.0,0,0,0,0,0.0,0.0,0.0,0,0,False,0.11452469974756241,8.622363478912383e-05,0.0002586709043673715,10904,0
1364,364,supervised,0.14402109384536743,0.017391528002917767,0.0,0.0,0,0,0,0,0.0,0.0,0.0,0,0,False,0.11452832818031311,8.620106962796723e-05,0.00025860320888390165,10912,0
1365,365,supervised,0.09449078515172005,0.024891811423003674,0.0,0.0,0,0,0,0,0.0,0.0,0.0,0,0,False,0.11453172564506531,8.617848895942247e-05,0.0002585354668782674,10920,0
1366,366,supervised,0.24183838069438934,0.014261082280427217,0.0,0.0,0,0,0,0,0.0,0.0,0.0,0,0,False,0.11453492194414139,8.615589279316239e-05,0.0002584676783794871,10928,0
1367,367,supervised,0.1219644695520401,0.01657102257013321,0.0,0.0,0,0,0,0,0.0,0.0,0.0,0,0,False,0.11453815549612045,8.613328113886644e-05,0.0002583998434165993,10936,0
1368,368,supervised,0.13984329625964165,0.017830162309110165,0.0,0.0,0,0,0,0,0.0,0.0,0.0,0,0,False,0.11454132199287415,8.611065400622078e-05,0.00025833196201866226,10944,0
1369,369,supervised,0.10909020528197289,0.0160976923070848,0.0,0.0,0,0,0,0,0.0,0.0,0.0,0,0,False,0.11454446613788605,8.608801140491811e-05,0.0002582640342147543,10952,0
1370,370,supervised,0.18267493695020676,0.01620338996872306,0.0,0.0,0,0,0,0,0.0,0.0,0.0,0,0,False,0.11454746872186661,8.606535334465784e-05,0.0002581960600339735,10960,0
1371,371,supervised,0.14295393228530884,0.016326607204973698,0.0,0.0,0,0,0,0,0.0,0.0,0.0,0,0,False,0.11455065757036209,8.604267983514594e-05,0.0002581280395054378,10968,0
1372,372,supervised,0.1360865905880928,0.01642502937465906,0.0,0.0,0,0,0,0,0.0,0.0,0.0,0,0,False,0.11455382406711578,8.601999088609504e-05,0.00025805997265828507,10976,0
1373,373,supervised,0.21649151295423508,0.021535636857151985,0.0,0.0,0,0,0,0,0.0,0.0,0.0,0,0,False,0.11455713212490082,8.599728650722434e-05,0.00025799185952167297,10984,0
1374,374,supervised,0.24095676839351654,0.015238395426422358,0.0,0.0,0,0,0,0,0.0,0.0,0.0,0,0,False,0.11456050723791122,8.597456670825969e-05,0.0002579237001247791,10992,0
1375,375,supervised,0.12411027401685715,0.016243802849203348,0.0,0.0,0,0,0,0,0.0,0.0,0.0,0,0,False,0.11456393450498581,8.595183149893353e-05,0.0002578554944968006,11000,0
1376,376,supervised,0.10483395680785179,0.022469651885330677,0.0,0.0,0,0,0,0,0.0,0.0,0.0,0,0,False,0.1145671084523201,8.59290808889849e-05,0.00025778724266695466,11008,0
1377,377,supervised,0.2485649511218071,0.016698034945875406,0.0,0.0,0,0,0,0,0.0,0.0,0.0,0,0,False,0.11457017064094543,8.590631488815944e-05,0.0002577189446644783,11016,0
1378,378,supervised,0.13657082989811897,0.019077603705227375,0.0,0.0,0,0,0,0,0.0,0.0,0.0,0,0,False,0.11457320302724838,8.588353350620939e-05,0.00025765060051862815,11024,0
1379,379,supervised,0.11817708611488342,0.014020724222064018,0.0,0.0,0,0,0,0,0.0,0.0,0.0,0,0,False,0.11457651853561401,8.586073675289355e-05,0.0002575822102586806,11032,0
1380,380,supervised,0.1920519918203354,0.016948703210800886,0.0,0.0,0,0,0,0,0.0,0.0,0.0,0,0,False,0.11457966268062592,8.583792463797733e-05,0.000257513773913932,11040,0
1381,381,supervised,0.25567059218883514,0.014753169845789671,0.0,0.0,0,0,0,0,0.0,0.0,0.0,0,0,False,0.11458277702331543,8.581509717123273e-05,0.00025744529151369814,11048,0
1382,382,supervised,0.12047380581498146,0.015797810163348913,0.0,0.0,0,0,0,0,0.0,0.0,0.0,0,0,False,0.11458592116832733,8.579225436243828e-05,0.00025737676308731477,11056,0
1383,383,supervised,0.21685726195573807,0.017982766963541508,0.0,0.0,0,0,0,0,0.0,0.0,0.0,0,0,False,0.11458897590637207,8.576939622137915e-05,0.0002573081886641374,11064,0
1384,384,supervised,0.11615976318717003,0.01720003644004464,0.0,0.0,0,0,0,0,0.0,0.0,0.0,0,0,False,0.11459195613861084,8.574652275784702e-05,0.00025723956827354105,11072,0
1385,385,supervised,0.21893353760242462,0.014940825290977955,0.0,0.0,0,0,0,0,0.0,0.0,0.0,0,0,False,0.11459501087665558,8.572363398164017e-05,0.0002571709019449205,11080,0
1386,386,supervised,0.09614910930395126,0.02043591532856226,0.0,0.0,0,0,0,0,0.0,0.0,0.0,0,0,False,0.11459806561470032,8.570072990256342e-05,0.0002571021897076902,11088,0
1387,387,supervised,0.09191454574465752,0.021707933396100998,0.0,0.0,0,0,0,0,0.0,0.0,0.0,0,0,False,0.11460116505622864,8.567781053042813e-05,0.0002570334315912844,11096,0
1388,388,supervised,0.13932009786367416,0.019528505392372608,0.0,0.0,0,0,0,0,0.0,0.0,0.0,0,0,False,0.11460400372743607,8.565487587505226e-05,0.00025696462762515675,11104,0
1389,389,supervised,0.1969515010714531,0.017615160904824734,0.0,0.0,0,0,0,0,0.0,0.0,0.0,0,0,False,0.11460693925619125,8.563192594626027e-05,0.0002568957778387808,11112,0
1390,390,supervised,0.11218861304223537,0.016565996687859297,0.0,0.0,0,0,0,0,0.0,0.0,0.0,0,0,False,0.11460986733436584,8.56089607538832e-05,0.00025682688226164957,11120,0
1391,391,supervised,0.19979650527238846,0.016442181542515755,0.0,0.0,0,0,0,0,0.0,0.0,0.0,0,0,False,0.11461289972066879,8.558598030775857e-05,0.0002567579409232757,11128,0
1392,392,supervised,0.23831550776958466,0.015476713422685862,0.0,0.0,0,0,0,0,0.0,0.0,0.0,0,0,False,0.11461582034826279,8.55629846177305e-05,0.0002566889538531915,11136,0
1393,393,supervised,0.06704111211001873,0.016157258301973343,0.0,0.0,0,0,0,0,0.0,0.0,0.0,0,0,False,0.1146186888217926,8.553997369364963e-05,0.00025661992108094885,11144,0
1394,394,supervised,0.1175987757742405,0.014404080342501402,0.0,0.0,0,0,0,0,0.0,0.0,0.0,0,0,False,0.11462179571390152,8.551694754537307e-05,0.00025655084263611917,11152,0
1395,395,supervised,0.15521149337291718,0.01704324595630169,0.0,0.0,0,0,0,0,0.0,0.0,0.0,0,0,False,0.11462515592575073,8.549390618276452e-05,0.00025648171854829354,11160,0
1396,396,supervised,0.08597902208566666,0.0156796770170331,0.0,0.0,0,0,0,0,0.0,0.0,0.0,0,0,False,0.11462870985269547,8.547084961569416e-05,0.00025641254884708244,11168,0
1397,397,supervised,0.2504094988107681,0.014838512055575848,0.0,0.0,0,0,0,0,0.0,0.0,0.0,0,0,False,0.11463252454996109,8.544777785403868e-05,0.000256343333562116,11176,0
1398,398,supervised,0.1324552744626999,0.015391813591122627,0.0,0.0,0,0,0,0,0.0,0.0,0.0,0,0,False,0.1146363690495491,8.542469090768129e-05,0.00025627407272304386,11184,0
1399,399,supervised,0.2761891856789589,0.019162103068083525,0.0,0.0,0,0,0,0,0.0,0.0,0.0,0,0,False,0.11463989317417145,8.540158878651172e-05,0.00025620476635953513,11192,0
1400,400,supervised,0.24374380707740784,0.020206186454743147,0.0,0.0,0,0,0,0,0.0,0.0,0.0,0,0,False,0.11464336514472961,8.53784715004262e-05,0.00025613541450127857,11200,0
1401,401,supervised,0.17113202810287476,0.014421227388083935,0.0,0.0,0,0,0,0,0.0,0.0,0.0,0,0,False,0.11464688181877136,8.535533905932738e-05,0.00025606601717798207,11208,0
1402,402,supervised,0.08710291236639023,0.01486353250220418,0.0,0.0,0,0,0,0,0.0,0.0,0.0,0,0,False,0.11465132236480713,8.533219147312452e-05,0.00025599657441937354,11216,0
1403,403,supervised,0.14478187635540962,0.018560517579317093,0.0,0.0,0,0,0,0,0.0,0.0,0.0,0,0,False,0.11465556174516678,8.530902875173327e-05,0.0002559270862551998,11224,0
1404,404,supervised,0.28590473160147667,0.014895029366016388,0.0,0.0,0,0,0,0,0.0,0.0,0.0,0,0,False,0.1146596223115921,8.528585090507586e-05,0.00025585755271522755,11232,0
1405,405,supervised,0.19548747688531876,0.021907380782067776,0.0,0.0,0,0,0,0,0.0,0.0,0.0,0,0,False,0.11466336995363235,8.526265794308089e-05,0.0002557879738292426,11240,0
1406,406,supervised,0.1379108913242817,0.01800714898854494,0.0,0.0,0,0,0,0,0.0,0.0,0.0,0,0,False,0.11466698348522186,8.523944987568351e-05,0.0002557183496270505,11248,0
1407,407,supervised,0.18811990693211555,0.018037687055766582,0.0,0.0,0,0,0,0,0.0,0.0,0.0,0,0,False,0.11467034369707108,8.521622671282532e-05,0.00025564868013847595,11256,0
1408,408,supervised,0.18006224930286407,0.014590946957468987,0.0,0.0,0,0,0,0,0.0,0.0,0.0,0,0,False,0.11467379331588745,8.519298846445436e-05,0.000255578965393363,11264,0
1409,409,supervised,0.17506732791662216,0.015020618215203285,0.0,0.0,0,0,0,0,0.0,0.0,0.0,0,0,False,0.11467717587947845,8.516973514052519e-05,0.00025550920542157554,11272,0
1410,410,supervised,0.12644564732909203,0.015087885316461325,0.0,0.0,0,0,0,0,0.0,0.0,0.0,0,0,False,0.11468051373958588,8.51464667509988e-05,0.0002554394002529964,11280,0
1411,411,supervised,0.19065500795841217,0.016035258304327726,0.0,0.0,0,0,0,0,0.0,0.0,0.0,0,0,False,0.11468414962291718,8.51231833058426e-05,0.0002553695499175277,11288,0
1412,412,supervised,0.11075029522180557,0.014894206076860428,0.0,0.0,0,0,0,0,0.0,0.0,0.0,0,0,False,0.11468788981437683,8.509988481503048e-05,0.0002552996544450914,11296,0
1413,413,supervised,0.09133667126297951,0.017009857576340437,0.0,0.0,0,0,0,0,0.0,0.0,0.0,0,0,False,0.11469157785177231,8.50765712885428e-05,0.00025522971386562833,11304,0
1414,414,supervised,0.18895795941352844,0.01674247346818447,0.0,0.0,0,0,0,0,0.0,0.0,0.0,0,0,False,0.1146949902176857,8.50532427363663e-05,0.00025515972820909884,11312,0
1415,415,supervised,0.19903799891471863,0.014809792395681143,0.0,0.0,0,0,0,0,0.0,0.0,0.0,0,0,False,0.11469905078411102,8.502989916849422e-05,0.00025508969750548264,11320,0
1416,416,supervised,0.12355908751487732,0.016516756732016802,0.0,0.0,0,0,0,0,0.0,0.0,0.0,0,0,False,0.11470311880111694,8.500654059492618e-05,0.00025501962178477855,11328,0
1417,417,supervised,0.13960760831832886,0.019420894794166088,0.0,0.0,0,0,0,0,0.0,0.0,0.0,0,0,False,0.11470720916986465,8.498316702566828e-05,0.0002549495010770048,11336,0
1418,418,supervised,0.29048825055360794,0.016793192829936743,0.0,0.0,0,0,0,0,0.0,0.0,0.0,0,0,False,0.1147109717130661,8.495977847073297e-05,0.0002548793354121989,11344,0
1419,419,supervised,0.1784895583987236,0.017704122699797153,0.0,0.0,0,0,0,0,0.0,0.0,0.0,0,0,False,0.11471474170684814,8.493637494013921e-05,0.0002548091248204176,11352,0
1420,420,supervised,0.29330791532993317,0.014126075431704521,0.0,0.0,0,0,0,0,0.0,0.0,0.0,0,0,False,0.11471830308437347,8.491295644391231e-05,0.0002547388693317369,11360,0
1421,421,supervised,0.08997385203838348,0.01509605348110199,0.0,0.0,0,0,0,0,0.0,0.0,0.0,0,0,False,0.11472215503454208,8.488952299208401e-05,0.000254668568976252,11368,0
1422,422,supervised,0.12485268712043762,0.01816448988392949,0.0,0.0,0,0,0,0,0.0,0.0,0.0,0,0,False,0.11472580581903458,8.486607459469244e-05,0.0002545982237840773,11376,0
1423,423,supervised,0.24035920202732086,0.015108447521924973,0.0,0.0,0,0,0,0,0.0,0.0,0.0,0,0,False,0.11472946405410767,8.48426112617822e-05,0.00025452783378534654,11384,0
1424,424,supervised,0.19043289124965668,0.018712869845330715,0.0,0.0,0,0,0,0,0.0,0.0,0.0,0,0,False,0.11473292857408524,8.481913300340416e-05,0.00025445739901021244,11392,0
1425,425,supervised,0.1858113631606102,0.0184671301394701,0.0,0.0,0,0,0,0,0.0,0.0,0.0,0,0,False,0.11473612487316132,8.479563982961571e-05,0.0002543869194888471,11400,0
1426,426,supervised,0.10201886296272278,0.022614868357777596,0.0,0.0,0,0,0,0,0.0,0.0,0.0,0,0,False,0.11473923921585083,8.477213175048058e-05,0.00025431639525144175,11408,0
1427,427,supervised,0.12863239273428917,0.01697960402816534,0.0,0.0,0,0,0,0,0.0,0.0,0.0,0,0,False,0.11474234610795975,8.474860877606887e-05,0.0002542458263282066,11416,0
1428,428,supervised,0.21412401646375656,0.017636168282479048,0.0,0.0,0,0,0,0,0.0,0.0,0.0,0,0,False,0.11474541574716568,8.47250709164571e-05,0.0002541752127493713,11424,0
1429,429,supervised,0.12813875451683998,0.018151653930544853,0.0,0.0,0,0,0,0,0.0,0.0,0.0,0,0,False,0.11474847048521042,8.470151818172809e-05,0.00025410455454518425,11432,0
1430,430,supervised,0.18869497627019882,0.01651554089039564,0.0,0.0,0,0,0,0,0.0,0.0,0.0,0,0,False,0.11475152522325516,8.467795058197112e-05,0.00025403385174591335,11440,0
1431,431,supervised,0.18291164189577103,0.01595495780929923,0.0,0.0,0,0,0,0,0.0,0.0,0.0,0,0,False,0.11475460231304169,8.46543681272818e-05,0.00025396310438184535,11448,0
1432,432,supervised,0.2391277402639389,0.020458961836993694,0.0,0.0,0,0,0,0,0.0,0.0,0.0,0,0,False,0.11475752294063568,8.46307708277621e-05,0.00025389231248328624,11456,0
1433,433,supervised,0.1253570318222046,0.019706222228705883,0.0,0.0,0,0,0,0,0.0,0.0,0.0,0,0,False,0.1147603914141655,8.460715869352035e-05,0.00025382147608056104,11464,0
1434,434,supervised,0.07447119802236557,0.018068104051053524,0.0,0.0,0,0,0,0,0.0,0.0,0.0,0,0,False,0.11476343125104904,8.458353173467124e-05,0.0002537505952040137,11472,0
1435,435,supervised,0.059956036508083344,0.015065521001815796,0.0,0.0,0,0,0,0,0.0,0.0,0.0,0,0,False,0.1147666722536087,8.455988996133581e-05,0.0002536796698840074,11480,0
1436,436,supervised,0.2031901702284813,0.014672459568828344,0.0,0.0,0,0,0,0,0.0,0.0,0.0,0,0,False,0.11477042734622955,8.453623338364145e-05,0.00025360870015092433,11488,0
1437,437,supervised,0.2576376050710678,0.01521685952320695,0.0,0.0,0,0,0,0,0.0,0.0,0.0,0,0,False,0.11477407813072205,8.451256201172186e-05,0.00025353768603516555,11496,0
1438,438,supervised,0.14785320684313774,0.020773347467184067,0.0,0.0,0,0,0,0,0.0,0.0,0.0,0,0,False,0.1147778108716011,8.448887585571714e-05,0.0002534666275671514,11504,0
1439,439,supervised,0.28184908628463745,0.013987217098474503,0.0,0.0,0,0,0,0,0.0,0.0,0.0,0,0,False,0.11478134244680405,8.446517492577367e-05,0.000253395524777321,11512,0
1440,440,supervised,0.24761993438005447,0.018680722452700138,0.0,0.0,0,0,0,0,0.0,0.0,0.0,0,0,False,0.11478441953659058,8.444145923204417e-05,0.0002533243776961325,11520,0
1441,441,supervised,0.25853756070137024,0.019931526854634285,0.0,0.0,0,0,0,0,0.0,0.0,0.0,0,0,False,0.11478719860315323,8.44177287846877e-05,0.0002532531863540631,11528,0
1442,442,supervised,0.12812390178442,0.015331399627029896,0.0,0.0,0,0,0,0,0.0,0.0,0.0,0,0,False,0.11479011178016663,8.439398359386963e-05,0.0002531819507816089,11536,0
1443,443,supervised,0.0716916099190712,0.016152787022292614,0.0,0.0,0,0,0,0,0.0,0.0,0.0,0,0,False,0.11479324102401733,8.437022366976163e-05,0.0002531106710092849,11544,0
1444,444,supervised,0.21445361524820328,0.021477537229657173,0.0,0.0,0,0,0,0,0.0,0.0,0.0,0,0,False,0.11479609459638596,8.434644902254172e-05,0.0002530393470676251,11552,0
1445,445,supervised,0.15924327820539474,0.014760022517293692,0.0,0.0,0,0,0,0,0.0,0.0,0.0,0,0,False,0.11479966342449188,8.432265966239419e-05,0.00025296797898718255,11560,0
1446,446,supervised,0.23597075045108795,0.01487915264442563,0.0,0.0,0,0,0,0,0.0,0.0,0.0,0,0,False,0.11480334401130676,8.429885559950964e-05,0.0002528965667985289,11568,0
1447,447,supervised,0.24086551368236542,0.014402992557734251,0.0,0.0,0,0,0,0,0.0,0.0,0.0,0,0,False,0.11480692774057388,8.427503684408498e-05,0.00025282511053225493,11576,0
1448,448,supervised,0.11281866021454334,0.013871244620531797,0.0,0.0,0,0,0,0,0.0,0.0,0.0,0,0,False,0.11481057107448578,8.425120340632342e-05,0.0002527536102189702,11584,0
1449,449,supervised,0.19534903764724731,0.017415538895875216,0.0,0.0,0,0,0,0,0.0,0.0,0.0,0,0,False,0.11481396853923798,8.422735529643444e-05,0.0002526820658893033,11592,0
1450,450,supervised,0.22541067004203796,0.014009224716573954,0.0,0.0,0,0,0,0,0.0,0.0,0.0,0,0,False,0.11481732875108719,8.42034925246338e-05,0.0002526104775739014,11600,0
1451,451,supervised,0.12763642519712448,0.021288693882524967,0.0,0.0,0,0,0,0,0.0,0.0,0.0,0,0,False,0.11482056975364685,8.417961510114356e-05,0.0002525388453034307,11608,0
1452,452,supervised,0.15544836223125458,0.02069784887135029,0.0,0.0,0,0,0,0,0.0,0.0,0.0,0,0,False,0.11482354998588562,8.415572303619207e-05,0.0002524671691085762,11616,0
1453,453,supervised,0.14432234317064285,0.01590521214529872,0.0,0.0,0,0,0,0,0.0,0.0,0.0,0,0,False,0.11482655256986618,8.413181634001391e-05,0.0002523954490200417,11624,0
1454,454,supervised,0.17643310874700546,0.016237337607890368,0.0,0.0,0,0,0,0,0.0,0.0,0.0,0,0,False,0.11482948064804077,8.410789502284994e-05,0.0002523236850685498,11632,0
1455,455,supervised,0.18236761540174484,0.014659486711025238,0.0,0.0,0,0,0,0,0.0,0.0,0.0,0,0,False,0.11483252793550491,8.408395909494733e-05,0.00025225187728484193,11640,0
1456,456,supervised,0.29046929627656937,0.01518950518220663,0.0,0.0,0,0,0,0,0.0,0.0,0.0,0,0,False,0.11483552306890488,8.406000856655943e-05,0.00025218002569967824,11648,0
1457,457,supervised,0.12211786210536957,0.01806750800460577,0.0,0.0,0,0,0,0,0.0,0.0,0.0,0,0,False,0.11483846604824066,8.40360434479459e-05,0.0002521081303438377,11656,0
1458,458,supervised,0.12719649076461792,0.017438629176467657,0.0,0.0,0,0,0,0,0.0,0.0,0.0,0,0,False,0.11484161019325256,8.401206374937262e-05,0.00025203619124811784,11664,0
1459,459,supervised,0.15159152448177338,0.01405542017892003,0.0,0.0,0,0,0,0,0.0,0.0,0.0,0,0,False,0.11484603583812714,8.398806948111179e-05,0.0002519642084433354,11672,0
1460,460,supervised,0.21611099690198898,0.019212626852095127,0.0,0.0,0,0,0,0,0.0,0.0,0.0,0,0,False,0.11484996229410172,8.396406065344174e-05,0.00025189218196032515,11680,0
1461,461,supervised,0.20631830394268036,0.015078389085829258,0.0,0.0,0,0,0,0,0.0,0.0,0.0,0,0,False,0.11485393345355988,8.39400372766471e-05,0.0002518201118299413,11688,0
1462,462,supervised,0.08198842033743858,0.016246093902736902,0.0,0.0,0,0,0,0,0.0,0.0,0.0,0,0,False,0.114858478307724,8.39159993610187e-05,0.00025174799808305606,11696,0
1463,463,supervised,0.12461228668689728,0.018004751298576593,0.0,0.0,0,0,0,0,0.0,0.0,0.0,0,0,False,0.11486261337995529,8.389194691685367e-05,0.000251675840750561,11704,0
1464,464,supervised,0.22438058257102966,0.014384301379323006,0.0,0.0,0,0,0,0,0.0,0.0,0.0,0,0,False,0.11486649513244629,8.386787995445528e-05,0.0002516036398633658,11712,0
1465,465,supervised,0.143443763256073,0.017446388956159353,0.0,0.0,0,0,0,0,0.0,0.0,0.0,0,0,False,0.1148700937628746,8.384379848413304e-05,0.0002515313954523991,11720,0
1466,466,supervised,0.13087033480405807,0.014431480318307877,0.0,0.0,0,0,0,0,0.0,0.0,0.0,0,0,False,0.11487369239330292,8.381970251620271e-05,0.0002514591075486081,11728,0
1467,467,supervised,0.18874763697385788,0.01874358206987381,0.0,0.0,0,0,0,0,0.0,0.0,0.0,0,0,False,0.11487706005573273,8.379559206098624e-05,0.0002513867761829587,11736,0
1468,468,supervised,0.11251305788755417,0.01669322233647108,0.0,0.0,0,0,0,0,0.0,0.0,0.0,0,0,False,0.11488142609596252,8.377146712881177e-05,0.00025131440138643525,11744,0
1469,469,supervised,0.19983204454183578,0.014578113798052073,0.0,0.0,0,0,0,0,0.0,0.0,0.0,0,0,False,0.11488562077283859,8.374732773001366e-05,0.00025124198319004097,11752,0
1470,470,supervised,0.0717291496694088,0.017769205383956432,0.0,0.0,0,0,0,0,0.0,0.0,0.0,0,0,False,0.11488991230726242,8.372317387493245e-05,0.0002511695216247973,11760,0
1471,471,supervised,0.19942141696810722,0.01735058194026351,0.0,0.0,0,0,0,0,0.0,0.0,0.0,0,0,False,0.1148940697312355,8.36990055739149e-05,0.0002510970167217447,11768,0
1472,472,supervised,0.15206870809197426,0.021737399511039257,0.0,0.0,0,0,0,0,0.0,0.0,0.0,0,0,False,0.1148982122540474,8.367482283731394e-05,0.0002510244685119418,11776,0
1473,473,supervised,0.2377863973379135,0.01455274224281311,0.0,0.0,0,0,0,0,0.0,0.0,0.0,0,0,False,0.11490233987569809,8.365062567548867e-05,0.00025095187702646595,11784,0
1474,474,supervised,0.16954056173563004,0.014170715119689703,0.0,0.0,0,0,0,0,0.0,0.0,0.0,0,0,False,0.11490646749734879,8.36264140988044e-05,0.0002508792422964132,11792,0
1475,475,supervised,0.14744960144162178,0.014212389010936022,0.0,0.0,0,0,0,0,0.0,0.0,0.0,0,0,False,0.11491208523511887,8.360218811763261e-05,0.0002508065643528978,11800,0
1476,476,supervised,0.11050168238580227,0.01945398934185505,0.0,0.0,0,0,0,0,0.0,0.0,0.0,0,0,False,0.11491792649030685,8.357794774235092e-05,0.00025073384322705274,11808,0
1477,477,supervised,0.08088503032922745,0.018882728647440672,0.0,0.0,0,0,0,0,0.0,0.0,0.0,0,0,False,0.11492402851581573,8.355369298334316e-05,0.00025066107895002946,11816,0
1478,478,supervised,0.13673807680606842,0.016609154641628265,0.0,0.0,0,0,0,0,0.0,0.0,0.0,0,0,False,0.11493004858493805,8.352942385099927e-05,0.00025058827155299775,11824,0
1479,479,supervised,0.23997804522514343,0.019942371174693108,0.0,0.0,0,0,0,0,0.0,0.0,0.0,0,0,False,0.11493551731109619,8.35051403557154e-05,0.00025051542106714614,11832,0
1480,480,supervised,0.19030043482780457,0.014980348758399487,0.0,0.0,0,0,0,0,0.0,0.0,0.0,0,0,False,0.11494074016809464,8.348084250789378e-05,0.00025044252752368134,11840,0
1481,481,supervised,0.13998983800411224,0.016994069330394268,0.0,0.0,0,0,0,0,0.0,0.0,0.0,0,0,False,0.11494576930999756,8.345653031794292e-05,0.0002503695909538287,11848,0
1482,482,supervised,0.23327957093715668,0.015867482870817184,0.0,0.0,0,0,0,0,0.0,0.0,0.0,0,0,False,0.11495047062635422,8.343220379627732e-05,0.0002502966113888319,11856,0
1483,483,supervised,0.13708609342575073,0.017639318481087685,0.0,0.0,0,0,0,0,0.0,0.0,0.0,0,0,False,0.11495484411716461,8.340786295331771e-05,0.00025022358885995314,11864,0
1484,484,supervised,0.2031385600566864,0.017655724193900824,0.0,0.0,0,0,0,0,0.0,0.0,0.0,0,0,False,0.11495915055274963,8.338350779949096e-05,0.0002501505233984728,11872,0
1485,485,supervised,0.08289346098899841,0.01730534201487899,0.0,0.0,0,0,0,0,0.0,0.0,0.0,0,0,False,0.11496366560459137,8.335913834522999e-05,0.0002500774150356899,11880,0
1486,486,supervised,0.1115198340266943,0.014067454729229212,0.0,0.0,0,0,0,0,0.0,0.0,0.0,0,0,False,0.11496835201978683,8.333475460097394e-05,0.0002500042638029218,11888,0
1487,487,supervised,0.19017833471298218,0.01530138636007905,0.0,0.0,0,0,0,0,0.0,0.0,0.0,0,0,False,0.11497294157743454,8.331035657716802e-05,0.000249931069731504,11896,0
1488,488,supervised,0.19521180540323257,0.021886555943638086,0.0,0.0,0,0,0,0,0.0,0.0,0.0,0,0,False,0.11497712880373001,8.328594428426357e-05,0.00024985783285279067,11904,0
1489,489,supervised,0.09077800065279007,0.014527395833283663,0.0,0.0,0,0,0,0,0.0,0.0,0.0,0,0,False,0.11498159170150757,8.326151773271804e-05,0.0002497845531981541,11912,0
1490,490,supervised,0.25394853949546814,0.022852676920592785,0.0,0.0,0,0,0,0,0.0,0.0,0.0,0,0,False,0.11498552560806274,8.3237076932995e-05,0.00024971123079898497,11920,0
1491,491,supervised,0.07559718191623688,0.014947693794965744,0.0,0.0,0,0,0,0,0.0,0.0,0.0,0,0,False,0.11498978734016418,8.321262189556409e-05,0.00024963786568669223,11928,0
1492,492,supervised,0.07648895680904388,0.014246577862650156,0.0,0.0,0,0,0,0,0.0,0.0,0.0,0,0,False,0.11499413847923279,8.318815263090109e-05,0.0002495644578927032,11936,0
1493,493,supervised,0.16260865330696106,0.017165539786219597,0.0,0.0,0,0,0,0,0.0,0.0,0.0,0,0,False,0.11499843746423721,8.316366914948783e-05,0.00024949100744846346,11944,0
1494,494,supervised,0.22812135517597198,0.015073055401444435,0.0,0.0,0,0,0,0,0.0,0.0,0.0,0,0,False,0.11500252783298492,8.31391714618123e-05,0.00024941751438543685,11952,0
1495,495,supervised,0.2309190183877945,0.014473864808678627,0.0,0.0,0,0,0,0,0.0,0.0,0.0,0,0,False,0.11500655859708786,8.311465957836848e-05,0.0002493439787351054,11960,0
1496,496,supervised,0.17276132851839066,0.015485326759517193,0.0,0.0,0,0,0,0,0.0,0.0,0.0,0,0,False,0.11501039564609528,8.309013350965653e-05,0.0002492704005289696,11968,0
1497,497,supervised,0.206144317984581,0.01826352858915925,0.0,0.0,0,0,0,0,0.0,0.0,0.0,0,0,False,0.11501456052064896,8.306559326618259e-05,0.00024919677979854776,11976,0
1498,498,supervised,0.20890925824642181,0.014890849124640226,0.0,0.0,0,0,0,0,0.0,0.0,0.0,0,0,False,0.11501900106668472,8.304103885845898e-05,0.00024912311657537687,11984,0
1499,499,supervised,0.13462642580270767,0.01621206710115075,0.0,0.0,0,0,0,0,0.0,0.0,0.0,0,0,False,0.1150236651301384,8.301647029700396e-05,0.00024904941089101186,11992,0
1500,500,supervised,0.0814145877957344,0.017893916927278042,0.0,0.0,0,0,0,0,0.0,0.0,0.0,0,0,False,0.11502833664417267,8.299188759234198e-05,0.0002489756627770259,12000,0
1501,501,supervised,0.233098566532135,0.018462014384567738,0.0,0.0,0,0,0,0,0.0,0.0,0.0,0,0,False,0.11503270268440247,8.296729075500344e-05,0.0002489018722650103,12008,0
1502,502,supervised,0.1787782460451126,0.01619830634444952,0.0,0.0,0,0,0,0,0.0,0.0,0.0,0,0,False,0.1150369942188263,8.294267979552489e-05,0.00024882803938657466,12016,0
1503,503,supervised,0.17090219259262085,0.0151080465875566,0.0,0.0,0,0,0,0,0.0,0.0,0.0,0,0,False,0.11504112184047699,8.291805472444887e-05,0.0002487541641733466,12024,0
1504,504,supervised,0.231538787484169,0.014420508872717619,0.0,0.0,0,0,0,0,0.0,0.0,0.0,0,0,False,0.11504530161619186,8.289341555232395e-05,0.0002486802466569718,12032,0
1505,505,supervised,0.1388285718858242,0.015554468147456646,0.0,0.0,0,0,0,0,0.0,0.0,0.0,0,0,False,0.11504954099655151,8.28687622897048e-05,0.00024860628686911436,12040,0
1506,506,supervised,0.1609126664698124,0.014941881410777569,0.0,0.0,0,0,0,0,0.0,0.0,0.0,0,0,False,0.11505381762981415,8.284409494715208e-05,0.0002485322848414562,12048,0
1507,507,supervised,0.11666521430015564,0.015403484459966421,0.0,0.0,0,0,0,0,0.0,0.0,0.0,0,0,False,0.11505774408578873,8.281941353523249e-05,0.00024845824060569743,12056,0
1508,508,supervised,0.11843280494213104,0.014759527053683996,0.0,0.0,0,0,0,0,0.0,0.0,0.0,0,0,False,0.11506190896034241,8.279471806451878e-05,0.0002483841541935563,12064,0
1509,509,supervised,0.12226197868585587,0.015479038935154676,0.0,0.0,0,0,0,0,0.0,0.0,0.0,0,0,False,0.11506582796573639,8.27700085455897e-05,0.00024831002563676903,12072,0
1510,510,supervised,0.24451420456171036,0.020987738855183125,0.0,0.0,0,0,0,0,0.0,0.0,0.0,0,0,False,0.1150694265961647,8.274528498903002e-05,0.00024823585496709004,12080,0
1511,511,supervised,0.1971394419670105,0.019595575984567404,0.0,0.0,0,0,0,0,0.0,0.0,0.0,0,0,False,0.1150730773806572,8.272054740543052e-05,0.00024816164221629154,12088,0
1512,512,supervised,0.2334441840648651,0.014896363951265812,0.0,0.0,0,0,0,0,0.0,0.0,0.0,0,0,False,0.11507666110992432,8.269579580538801e-05,0.000248087387416164,12096,0
1513,513,supervised,0.22230320796370506,0.014926201198250055,0.0,0.0,0,0,0,0,0.0,0.0,0.0,0,0,False,0.11508018523454666,8.267103019950529e-05,0.00024801309059851583,12104,0
1514,514,supervised,0.23878640681505203,0.016371313482522964,0.0,0.0,0,0,0,0,0.0,0.0,0.0,0,0,False,0.11508360505104065,8.264625059839113e-05,0.0002479387517951733,12112,0
1515,515,supervised,0.13530300557613373,0.01784546347334981,0.0,0.0,0,0,0,0,0.0,0.0,0.0,0,0,False,0.11508696526288986,8.262145701266035e-05,0.000247864371037981,12120,0
1516,516,supervised,0.1840643361210823,0.015137231908738613,0.0,0.0,0,0,0,0,0.0,0.0,0.0,0,0,False,0.1150902509689331,8.259664945293371e-05,0.0002477899483588011,12128,0
1517,517,supervised,0.06745659932494164,0.016587624326348305,0.0,0.0,0,0,0,0,0.0,0.0,0.0,0,0,False,0.11509377509355545,8.257182792983802e-05,0.000247715483789514,12136,0
1518,518,supervised,0.24588866159319878,0.0221253065392375,0.0,0.0,0,0,0,0,0.0,0.0,0.0,0,0,False,0.11509691923856735,8.254699245400601e-05,0.000247640977362018,12144,0
1519,519,supervised,0.1770685836672783,0.015816202387213707,0.0,0.0,0,0,0,0,0.0,0.0,0.0,0,0,False,0.11509982496500015,8.25221430360764e-05,0.00024756642910822915,12152,0
1520,520,supervised,0.19268670678138733,0.015358392149209976,0.0,0.0,0,0,0,0,0.0,0.0,0.0,0,0,False,0.11510268598794937,8.249727968669391e-05,0.0002474918390600817,12160,0
1521,521,supervised,0.13410344906151295,0.015631795395165682,0.0,0.0,0,0,0,0,0.0,0.0,0.0,0,0,False,0.11510546505451202,8.247240241650918e-05,0.0002474172072495275,12168,0
1522,522,supervised,0.14108572527766228,0.017427113838493824,0.0,0.0,0,0,0,0,0.0,0.0,0.0,0,0,False,0.11510820686817169,8.244751123617888e-05,0.0002473425337085366,12176,0
1523,523,supervised,0.19372015446424484,0.01571124978363514,0.0,0.0,0,0,0,0,0.0,0.0,0.0,0,0,False,0.11511089652776718,8.242260615636558e-05,0.0002472678184690967,12184,0
1524,524,supervised,0.13231302425265312,0.014975010883063078,0.0,0.0,0,0,0,0,0.0,0.0,0.0,0,0,False,0.115113765001297,8.239768718773782e-05,0.0002471930615632134,12192,0
1525,525,supervised,0.19355520606040955,0.02261953614652157,0.0,0.0,0,0,0,0,0.0,0.0,0.0,0,0,False,0.11511648446321487,8.237275434097012e-05,0.0002471182630229103,12200,0
1526,526,supervised,0.11458268761634827,0.020076713524758816,0.0,0.0,0,0,0,0,0.0,0.0,0.0,0,0,False,0.11511944234371185,8.234780762674288e-05,0.0002470434228802286,12208,0
1527,527,supervised,0.23708342015743256,0.015149902552366257,0.0,0.0,0,0,0,0,0.0,0.0,0.0,0,0,False,0.11512238532304764,8.23228470557425e-05,0.0002469685411672275,12216,0
1528,528,supervised,0.1341589391231537,0.022641676012426615,0.0,0.0,0,0,0,0,0.0,0.0,0.0,0,0,False,0.11512511223554611,8.229787263866131e-05,0.0002468936179159839,12224,0
1529,529,supervised,0.16904763132333755,0.02090747095644474,0.0,0.0,0,0,0,0,0.0,0.0,0.0,0,0,False,0.11512785404920578,8.227288438619754e-05,0.0002468186531585926,12232,0
1530,530,supervised,0.12827373296022415,0.015856620389968157,0.0,0.0,0,0,0,0,0.0,0.0,0.0,0,0,False,0.11513062566518784,8.224788230905535e-05,0.00024674364692716603,12240,0
1531,531,supervised,0.11373672634363174,0.024528740905225277,0.0,0.0,0,0,0,0,0.0,0.0,0.0,0,0,False,0.11513341963291168,8.222286641794488e-05,0.0002466685992538346,12248,0
1532,532,supervised,0.28864918649196625,0.014778170734643936,0.0,0.0,0,0,0,0,0.0,0.0,0.0,0,0,False,0.11513645201921463,8.21978367235821e-05,0.0002465935101707463,12256,0
1533,533,supervised,0.15080585703253746,0.014984417241066694,0.0,0.0,0,0,0,0,0.0,0.0,0.0,0,0,False,0.11514002084732056,8.217279323668895e-05,0.0002465183797100668,12264,0
1534,534,supervised,0.19565285742282867,0.01685698749497533,0.0,0.0,0,0,0,0,0.0,0.0,0.0,0,0,False,0.11514365673065186,8.214773596799328e-05,0.0002464432079039798,12272,0
1535,535,supervised,0.155025914311409,0.014385561924427748,0.0,0.0,0,0,0,0,0.0,0.0,0.0,0,0,False,0.11514733731746674,8.21226649282288e-05,0.00024636799478468637,12280,0
1536,536,supervised,0.08224817737936974,0.015827147290110588,0.0,0.0,0,0,0,0,0.0,0.0,0.0,0,0,False,0.11515090614557266,8.209758012813516e-05,0.00024629274038440543,12288,0
1537,537,supervised,0.24204129725694656,0.014100487809628248,0.0,0.0,0,0,0,0,0.0,0.0,0.0,0,0,False,0.1151546835899353,8.207248157845791e-05,0.00024621744473537365,12296,0
1538,538,supervised,0.17501677572727203,0.016186431515961885,0.0,0.0,0,0,0,0,0.0,0.0,0.0,0,0,False,0.11515821516513824,8.204736928994843e-05,0.00024614210786984525,12304,0
1539,539,supervised,0.29680924117565155,0.015363665763288736,0.0,0.0,0,0,0,0,0.0,0.0,0.0,0,0,False,0.11516153812408447,8.202224327336405e-05,0.00024606672982009214,12312,0
1540,540,supervised,0.1550322324037552,0.0170456450432539,0.0,0.0,0,0,0,0,0.0,0.0,0.0,0,0,False,0.11516492813825607,8.199710353946798e-05,0.0002459913106184039,12320,0
1541,541,supervised,0.1363028921186924,0.016205464955419302,0.0,0.0,0,0,0,0,0.0,0.0,0.0,0,0,False,0.11516822129487991,8.197195009902924e-05,0.00024591585029708766,12328,0
1542,542,supervised,0.1392444595694542,0.018643020652234554,0.0,0.0,0,0,0,0,0.0,0.0,0.0,0,0,False,0.11517153680324554,8.19467829628228e-05,0.00024584034888846835,12336,0
1543,543,supervised,0.1904100924730301,0.01408450910821557,0.0,0.0,0,0,0,0,0.0,0.0,0.0,0,0,False,0.11517491191625595,8.192160214162942e-05,0.0002457648064248882,12344,0
1544,544,supervised,0.11565154790878296,0.017192659433931112,0.0,0.0,0,0,0,0,0.0,0.0,0.0,0,0,False,0.11517788469791412,8.189640764623584e-05,0.0002456892229387075,12352,0
1545,545,supervised,0.19207438826560974,0.014474424533545971,0.0,0.0,0,0,0,0,0.0,0.0,0.0,0,0,False,0.11518056690692902,8.18711994874345e-05,0.0002456135984623034,12360,0
1546,546,supervised,0.15168996900320053,0.014881853945553303,0.0,0.0,0,0,0,0,0.0,0.0,0.0,0,0,False,0.11518386751413345,8.18459776760238e-05,0.00024553793302807135,12368,0
1547,547,supervised,0.20779767632484436,0.020079055801033974,0.0,0.0,0,0,0,0,0.0,0.0,0.0,0,0,False,0.11518694460391998,8.182074222280798e-05,0.0002454622266684239,12376,0
1548,548,supervised,0.128162182867527,0.017262869980186224,0.0,0.0,0,0,0,0,0.0,0.0,0.0,0,0,False,0.11519014090299606,8.17954931385971e-05,0.00024538647941579124,12384,0
1549,549,supervised,0.1451941467821598,0.014881629031151533,0.0,0.0,0,0,0,0,0.0,0.0,0.0,0,0,False,0.11519377678632736,8.177023043420705e-05,0.0002453106913026211,12392,0
1550,550,supervised,0.1823580637574196,0.016632120590656996,0.0,0.0,0,0,0,0,0.0,0.0,0.0,0,0,False,0.11519716680049896,8.17449541204596e-05,0.00024523486236137875,12400,0
1551,551,supervised,0.11895491927862167,0.014802097342908382,0.0,0.0,0,0,0,0,0.0,0.0,0.0,0,0,False,0.11520042270421982,8.171966420818228e-05,0.0002451589926245468,12408,0
1552,552,supervised,0.18136022239923477,0.015677999705076218,0.0,0.0,0,0,0,0,0.0,0.0,0.0,0,0,False,0.11520372331142426,8.169436070820852e-05,0.0002450830821246255,12416,0
1553,553,supervised,0.07448974251747131,0.016645639203488827,0.0,0.0,0,0,0,0,0.0,0.0,0.0,0,0,False,0.11520698666572571,8.16690436313775e-05,0.0002450071308941325,12424,0
1554,554,supervised,0.18080460280179977,0.016263770405203104,0.0,0.0,0,0,0,0,0.0,0.0,0.0,0,0,False,0.11521005630493164,8.16437129885343e-05,0.0002449311389656029,12432,0
1555,555,supervised,0.2083243653178215,0.019478589296340942,0.0,0.0,0,0,0,0,0.0,0.0,0.0,0,0,False,0.11521288752555847,8.161836879052973e-05,0.00024485510637158915,12440,0
1556,556,supervised,0.12423393502831459,0.018523362930864096,0.0,0.0,0,0,0,0,0.0,0.0,0.0,0,0,False,0.11521562188863754,8.159301104822043e-05,0.00024477903314466126,12448,0
1557,557,supervised,0.2601632922887802,0.019947615452110767,0.0,0.0,0,0,0,0,0.0,0.0,0.0,0,0,False,0.1152181401848793,8.156763977246889e-05,0.00024470291931740667,12456,0
1558,558,supervised,0.1987340860068798,0.01893229316920042,0.0,0.0,0,0,0,0,0.0,0.0,0.0,0,0,False,0.11522078514099121,8.154225497414332e-05,0.00024462676492242993,12464,0
1559,559,supervised,0.10638824105262756,0.022647096775472164,0.0,0.0,0,0,0,0,0.0,0.0,0.0,0,0,False,0.11522326618432999,8.151685666411779e-05,0.00024455056999235335,12472,0
1560,560,supervised,0.12821431085467339,0.014916207641363144,0.0,0.0,0,0,0,0,0.0,0.0,0.0,0,0,False,0.11522586643695831,8.14914448532721e-05,0.00024447433455981627,12480,0
1561,561,supervised,0.17608578130602837,0.016035855747759342,0.0,0.0,0,0,0,0,0.0,0.0,0.0,0,0,False,0.11522840708494186,8.146601955249188e-05,0.0002443980586574756,12488,0
1562,562,supervised,0.1318795084953308,0.01641706097871065,0.0,0.0,0,0,0,0,0.0,0.0,0.0,0,0,False,0.1152309700846672,8.144058077266852e-05,0.0002443217423180055,12496,0
1563,563,supervised,0.11645929515361786,0.017513494938611984,0.0,0.0,0,0,0,0,0.0,0.0,0.0,0,0,False,0.11523386836051941,8.141512852469919e-05,0.00024424538557409753,12504,0
1564,564,supervised,0.1769925057888031,0.015050818677991629,0.0,0.0,0,0,0,0,0.0,0.0,0.0,0,0,False,0.11523684114217758,8.138966281948681e-05,0.0002441689884584604,12512,0
1565,565,supervised,0.19019076228141785,0.0177094922401011,0.0,0.0,0,0,0,0,0.0,0.0,0.0,0,0,False,0.11523975431919098,8.136418366794008e-05,0.00024409255100382021,12520,0
1566,566,supervised,0.1368636041879654,0.017150013707578182,0.0,0.0,0,0,0,0,0.0,0.0,0.0,0,0,False,0.11524249613285065,8.133869108097348e-05,0.0002440160732429204,12528,0
1567,567,supervised,0.2246510311961174,0.014202441554516554,0.0,0.0,0,0,0,0,0.0,0.0,0.0,0,0,False,0.11524519324302673,8.13131850695072e-05,0.00024393955520852158,12536,0
1568,568,supervised,0.15344181284308434,0.01599386567249894,0.0,0.0,0,0,0,0,0.0,0.0,0.0,0,0,False,0.11524791270494461,8.128766564446724e-05,0.00024386299693340168,12544,0
1569,569,supervised,0.23048537969589233,0.01570199988782406,0.0,0.0,0,0,0,0,0.0,0.0,0.0,0,0,False,0.11525069177150726,8.126213281678528e-05,0.00024378639845035579,12552,0
1570,570,supervised,0.10181988403201103,0.01927496213465929,0.0,0.0,0,0,0,0,0.0,0.0,0.0,0,0,False,0.1152535155415535,8.123658659739874e-05,0.0002437097597921962,12560,0
1571,571,supervised,0.1515657864511013,0.021298999898135662,0.0,0.0,0,0,0,0,0.0,0.0,0.0,0,0,False,0.11525632441043854,8.121102699725089e-05,0.00024363308099175266,12568,0
1572,572,supervised,0.22996564209461212,0.0172427617944777,0.0,0.0,0,0,0,0,0.0,0.0,0.0,0,0,False,0.11525911092758179,8.118545402729059e-05,0.00024355636208187175,12576,0
1573,573,supervised,0.22888369858264923,0.016552692279219627,0.0,0.0,0,0,0,0,0.0,0.0,0.0,0,0,False,0.11526177078485489,8.115986769847252e-05,0.00024347960309541755,12584,0
1574,574,supervised,0.17930227145552635,0.0163240903057158,0.0,0.0,0,0,0,0,0.0,0.0,0.0,0,0,False,0.11526547372341156,8.113426802175704e-05,0.00024340280406527106,12592,0
1575,575,supervised,0.2008681446313858,0.014584377873688936,0.0,0.0,0,0,0,0,0.0,0.0,0.0,0,0,False,0.1152692511677742,8.11086550081102e-05,0.0002433259650243306,12600,0
1576,576,supervised,0.2492322400212288,0.0186621630564332,0.0,0.0,0,0,0,0,0.0,0.0,0.0,0,0,False,0.11527269333600998,8.108302866850387e-05,0.00024324908600551162,12608,0
1577,577,supervised,0.10495930537581444,0.01782799931243062,0.0,0.0,0,0,0,0,0.0,0.0,0.0,0,0,False,0.11527609080076218,8.105738901391552e-05,0.00024317216704174653,12616,0
1578,578,supervised,0.19001604244112968,0.0170176662504673,0.0,0.0,0,0,0,0,0.0,0.0,0.0,0,0,False,0.11527916043996811,8.103173605532837e-05,0.00024309520816598508,12624,0
1579,579,supervised,0.14442795142531395,0.015970741864293814,0.0,0.0,0,0,0,0,0.0,0.0,0.0,0,0,False,0.11528205126523972,8.100606980373133e-05,0.00024301820941119396,12632,0
1580,580,supervised,0.16392038017511368,0.014152602292597294,0.0,0.0,0,0,0,0,0.0,0.0,0.0,0,0,False,0.11528514325618744,8.098039027011901e-05,0.000242941170810357,12640,0
1581,581,supervised,0.11853228509426117,0.015628334134817123,0.0,0.0,0,0,0,0,0.0,0.0,0.0,0,0,False,0.11528833210468292,8.095469746549172e-05,0.0002428640923964751,12648,0
1582,582,supervised,0.137057825922966,0.01477254694327712,0.0,0.0,0,0,0,0,0.0,0.0,0.0,0,0,False,0.11529188603162766,8.09289914008554e-05,0.00024278697420256615,12656,0
1583,583,supervised,0.1159036997705698,0.01759464293718338,0.0,0.0,0,0,0,0,0.0,0.0,0.0,0,0,False,0.11529523134231567,8.090327208722175e-05,0.00024270981626166522,12664,0
1584,584,supervised,0.1327742263674736,0.01677067019045353,0.0,0.0,0,0,0,0,0.0,0.0,0.0,0,0,False,0.11529862880706787,8.087753953560808e-05,0.00024263261860682422,12672,0
1585,585,supervised,0.15959244221448898,0.017226092983037233,0.0,0.0,0,0,0,0,0.0,0.0,0.0,0,0,False,0.11530222743749619,8.085179375703744e-05,0.0002425553812711123,12680,0
1586,586,supervised,0.2616357207298279,0.01430750172585249,0.0,0.0,0,0,0,0,0.0,0.0,0.0,0,0,False,0.11530596017837524,8.082603476253847e-05,0.00024247810428761537,12688,0
1587,587,supervised,0.07762415707111359,0.018447083421051502,0.0,0.0,0,0,0,0,0.0,0.0,0.0,0,0,False,0.11530953645706177,8.08002625631455e-05,0.00024240078768943647,12696,0
1588,588,supervised,0.11922792345285416,0.01753382198512554,0.0,0.0,0,0,0,0,0.0,0.0,0.0,0,0,False,0.11531286686658859,8.077447716989855e-05,0.0002423234315096956,12704,0
1589,589,supervised,0.18056323379278183,0.014408488292247057,0.0,0.0,0,0,0,0,0.0,0.0,0.0,0,0,False,0.11531615257263184,8.074867859384322e-05,0.00024224603578152962,12712,0
1590,590,supervised,0.1205290425568819,0.01569176558405161,0.0,0.0,0,0,0,0,0.0,0.0,0.0,0,0,False,0.1153194010257721,8.072286684603085e-05,0.0002421686005380925,12720,0
1591,591,supervised,0.17377697676420212,0.015654121059924364,0.0,0.0,0,0,0,0,0.0,0.0,0.0,0,0,False,0.11532261967658997,8.069704193751832e-05,0.00024209112581255495,12728,0
1592,592,supervised,0.18576030433177948,0.016750761307775974,0.0,0.0,0,0,0,0,0.0,0.0,0.0,0,0,False,0.11532585322856903,8.067120387936826e-05,0.00024201361163810476,12736,0
1593,593,supervised,0.23797771334648132,0.01637336891144514,0.0,0.0,0,0,0,0,0.0,0.0,0.0,0,0,False,0.11532901227474213,8.064535268264883e-05,0.00024193605804794646,12744,0
1594,594,supervised,0.1453958936035633,0.015795383136719465,0.0,0.0,0,0,0,0,0.0,0.0,0.0,0,0,False,0.11533284187316895,8.061948835843387e-05,0.00024185846507530158,12752,0
1595,595,supervised,0.12619835138320923,0.014103857334703207,0.0,0.0,0,0,0,0,0.0,0.0,0.0,0,0,False,0.11533672362565994,8.059361091780286e-05,0.00024178083275340853,12760,0
1596,596,supervised,0.13489573076367378,0.014106483664363623,0.0,0.0,0,0,0,0,0.0,0.0,0.0,0,0,False,0.1153406947851181,8.056772037184082e-05,0.00024170316111552244,12768,0
1597,597,supervised,0.19437916576862335,0.020649006590247154,0.0,0.0,0,0,0,0,0.0,0.0,0.0,0,0,False,0.11534441262483597,8.05418167316385e-05,0.00024162545019491545,12776,0
1598,598,supervised,0.20052141696214676,0.01802708301693201,0.0,0.0,0,0,0,0,0.0,0.0,0.0,0,0,False,0.11534791439771652,8.051590000829216e-05,0.00024154770002487644,12784,0
1599,599,supervised,0.18106898665428162,0.0150639652274549,0.0,0.0,0,0,0,0,0.0,0.0,0.0,0,0,False,0.11535128206014633,8.04899702129037e-05,0.00024146991063871107,12792,0
1600,600,supervised,0.07924305647611618,0.014691924676299095,0.0,0.0,0,0,0,0,0.0,0.0,0.0,0,0,False,0.11535431444644928,8.046402735658063e-05,0.00024139208206974187,12800,0
1601,601,supervised,0.24588654935359955,0.018855756148695946,0.0,0.0,0,0,0,0,0.0,0.0,0.0,0,0,False,0.11535730957984924,8.043807145043604e-05,0.00024131421435130807,12808,0
1602,602,supervised,0.1337161920964718,0.018235647585242987,0.0,0.0,0,0,0,0,0.0,0.0,0.0,0,0,False,0.11536020040512085,8.041210250558861e-05,0.0002412363075167658,12816,0
1603,603,supervised,0.13000816851854324,0.016692737583070993,0.0,0.0,0,0,0,0,0.0,0.0,0.0,0,0,False,0.11536312103271484,8.038612053316265e-05,0.0002411583615994879,12824,0
1604,604,supervised,0.14371097087860107,0.02112274430692196,0.0,0.0,0,0,0,0,0.0,0.0,0.0,0,0,False,0.11536581069231033,8.036012554428796e-05,0.00024108037663286383,12832,0
1605,605,supervised,0.22743549942970276,0.01649399660527706,0.0,0.0,0,0,0,0,0.0,0.0,0.0,0,0,False,0.11536828428506851,8.033411755009999e-05,0.00024100235265029992,12840,0
1606,606,supervised,0.12747613713145256,0.014675512444227934,0.0,0.0,0,0,0,0,0.0,0.0,0.0,0,0,False,0.11537083983421326,8.030809656173974e-05,0.0002409242896852192,12848,0
1607,607,supervised,0.2354249581694603,0.014389303978532553,0.0,0.0,0,0,0,0,0.0,0.0,0.0,0,0,False,0.11537327617406845,8.028206259035377e-05,0.0002408461877710613,12856,0
1608,608,supervised,0.13425945863127708,0.01738579897210002,0.0,0.0,0,0,0,0,0.0,0.0,0.0,0,0,False,0.1153758093714714,8.025601564709421e-05,0.00024076804694128263,12864,0
1609,609,supervised,0.12487760558724403,0.014586383942514658,0.0,0.0,0,0,0,0,0.0,0.0,0.0,0,0,False,0.11537885665893555,8.022995574311876e-05,0.00024068986722935624,12872,0
1610,610,supervised,0.13589398562908173,0.01872643083333969,0.0,0.0,0,0,0,0,0.0,0.0,0.0,0,0,False,0.11538174003362656,8.020388288959061e-05,0.0002406116486687718,12880,0
1611,611,supervised,0.19336119294166565,0.020074511878192425,0.0,0.0,0,0,0,0,0.0,0.0,0.0,0,0,False,0.11538439244031906,8.017779709767858e-05,0.0002405333912930357,12888,0
1612,612,supervised,0.12243157997727394,0.014220209792256355,0.0,0.0,0,0,0,0,0.0,0.0,0.0,0,0,False,0.11538713425397873,8.015169837855698e-05,0.00024045509513567092,12896,0
1613,613,supervised,0.18356658518314362,0.019323714077472687,0.0,0.0,0,0,0,0,0.0,0.0,0.0,0,0,False,0.11538975685834885,8.012558674340566e-05,0.00024037676023021696,12904,0
1614,614,supervised,0.20112831890583038,0.01713912235572934,0.0,0.0,0,0,0,0,0.0,0.0,0.0,0,0,False,0.11539220064878464,8.009946220341007e-05,0.00024029838661023017,12912,0
1615,615,supervised,0.13394414633512497,0.01657532062381506,0.0,0.0,0,0,0,0,0.0,0.0,0.0,0,0,False,0.11539452522993088,8.007332476976106e-05,0.00024021997430928314,12920,0
1616,616,supervised,0.12923750653862953,0.014341795817017555,0.0,0.0,0,0,0,0,0.0,0.0,0.0,0,0,False,0.11539695411920547,8.004717445365512e-05,0.00024014152336096535,12928,0
1617,617,supervised,0.12493954598903656,0.016643919982016087,0.0,0.0,0,0,0,0,0.0,0.0,0.0,0,0,False,0.11539938300848007,8.002101126629421e-05,0.0002400630337988826,12936,0
1618,618,supervised,0.13713324069976807,0.014555313158780336,0.0,0.0,0,0,0,0,0.0,0.0,0.0,0,0,False,0.11540207266807556,7.99948352188858e-05,0.00023998450565665736,12944,0
1619,619,supervised,0.22805870324373245,0.013874766882508993,0.0,0.0,0,0,0,0,0.0,0.0,0.0,0,0,False,0.11540466547012329,7.996864632264287e-05,0.00023990593896792858,12952,0
1620,620,supervised,0.18121915310621262,0.014097889419645071,0.0,0.0,0,0,0,0,0.0,0.0,0.0,0,0,False,0.11540746688842773,7.994244458878392e-05,0.00023982733376635173,12960,0
1621,621,supervised,0.1722620204091072,0.017876042053103447,0.0,0.0,0,0,0,0,0.0,0.0,0.0,0,0,False,0.11541005223989487,7.991623002853296e-05,0.00023974869008559885,12968,0
1622,622,supervised,0.17911960184574127,0.015909524634480476,0.0,0.0,0,0,0,0,0.0,0.0,0.0,0,0,False,0.11541258543729782,7.989000265311945e-05,0.0002396700079593583,12976,0
1623,623,supervised,0.1158125251531601,0.021062036976218224,0.0,0.0,0,0,0,0,0.0,0.0,0.0,0,0,False,0.11541534215211868,7.986376247377836e-05,0.00023959128742133504,12984,0
1624,624,supervised,0.21514950692653656,0.015338226221501827,0.0,0.0,0,0,0,0,0.0,0.0,0.0,0,0,False,0.1154179498553276,7.983750950175016e-05,0.00023951252850525046,12992,0
1625,625,supervised,0.18383467942476273,0.01587970182299614,0.0,0.0,0,0,0,0,0.0,0.0,0.0,0,0,False,0.11542064696550369,7.98112437482808e-05,0.00023943373124484234,13000,0
1626,626,supervised,0.24177046120166779,0.01419979939237237,0.0,0.0,0,0,0,0,0.0,0.0,0.0,0,0,False,0.11542344093322754,7.978496522462167e-05,0.000239354895673865,13008,0
1627,627,supervised,0.2439681738615036,0.018352915532886982,0.0,0.0,0,0,0,0,0.0,0.0,0.0,0,0,False,0.115426205098629,7.975867394202968e-05,0.00023927602182608902,13016,0
1628,628,supervised,0.12705646082758904,0.01667485013604164,0.0,0.0,0,0,0,0,0.0,0.0,0.0,0,0,False,0.11542902886867523,7.973236991176715e-05,0.00023919710973530143,13024,0
1629,629,supervised,0.1349133662879467,0.017931345850229263,0.0,0.0,0,0,0,0,0.0,0.0,0.0,0,0,False,0.11543192714452744,7.970605314510194e-05,0.00023911815943530577,13032,0
1630,630,supervised,0.1257704198360443,0.017415379639714956,0.0,0.0,0,0,0,0,0.0,0.0,0.0,0,0,False,0.11543482542037964,7.967972365330725e-05,0.0002390391709599217,13040,0
1631,631,supervised,0.17610715702176094,0.014597475994378328,0.0,0.0,0,0,0,0,0.0,0.0,0.0,0,0,False,0.11543769389390945,7.965338144766186e-05,0.00023896014434298554,13048,0
1632,632,supervised,0.12139508873224258,0.016968386247754097,0.0,0.0,0,0,0,0,0.0,0.0,0.0,0,0,False,0.11544046550989151,7.96270265394499e-05,0.00023888107961834968,13056,0
1633,633,supervised,0.18644586950540543,0.019049901515245438,0.0,0.0,0,0,0,0,0.0,0.0,0.0,0,0,False,0.11544313281774521,7.960065893996098e-05,0.00023880197681988292,13064,0
1634,634,supervised,0.19210277497768402,0.01617719978094101,0.0,0.0,0,0,0,0,0.0,0.0,0.0,0,0,False,0.11544568836688995,7.957427866049014e-05,0.0002387228359814704,13072,0
1635,635,supervised,0.2317585051059723,0.014198032673448324,0.0,0.0,0,0,0,0,0.0,0.0,0.0,0,0,False,0.11544813960790634,7.954788571233787e-05,0.00023864365713701356,13080,0
1636,636,supervised,0.21679148823022842,0.014749419875442982,0.0,0.0,0,0,0,0,0.0,0.0,0.0,0,0,False,0.11545079946517944,7.952148010681006e-05,0.00023856444032043016,13088,0
1637,637,supervised,0.17448177188634872,0.016054018400609493,0.0,0.0,0,0,0,0,0.0,0.0,0.0,0,0,False,0.11545330286026001,7.949506185521802e-05,0.00023848518556565405,13096,0
1638,638,supervised,0.14575479179620743,0.016546237282454967,0.0,0.0,0,0,0,0,0.0,0.0,0.0,0,0,False,0.1154557466506958,7.946863096887851e-05,0.0002384058929066355,13104,0
1639,639,supervised,0.09175483882427216,0.015174554660916328,0.0,0.0,0,0,0,0,0.0,0.0,0.0,0,0,False,0.1154586672782898,7.944218745911366e-05,0.00023832656237734098,13112,0
1640,640,supervised,0.138093464076519,0.015864290297031403,0.0,0.0,0,0,0,0,0.0,0.0,0.0,0,0,False,0.11546161770820618,7.941573133725106e-05,0.00023824719401175317,13120,0
1641,641,supervised,0.20324750989675522,0.014653162099421024,0.0,0.0,0,0,0,0,0.0,0.0,0.0,0,0,False,0.11546462029218674,7.938926261462366e-05,0.00023816778784387094,13128,0
1642,642,supervised,0.08448483422398567,0.01884936448186636,0.0,0.0,0,0,0,0,0.0,0.0,0.0,0,0,False,0.11546779423952103,7.93627813025698e-05,0.00023808834390770937,13136,0
1643,643,supervised,0.17395179346203804,0.017960577737540007,0.0,0.0,0,0,0,0,0.0,0.0,0.0,0,0,False,0.11547110229730606,7.933628741243326e-05,0.00023800886223729976,13144,0
1644,644,supervised,0.13410498946905136,0.021425646729767323,0.0,0.0,0,0,0,0,0.0,0.0,0.0,0,0,False,0.11547424644231796,7.930978095556317e-05,0.00023792934286668945,13152,0
1645,645,supervised,0.12014119327068329,0.014606121927499771,0.0,0.0,0,0,0,0,0.0,0.0,0.0,0,0,False,0.1154777929186821,7.928326194331404e-05,0.00023784978582994207,13160,0
1646,646,supervised,0.23484551906585693,0.013796976767480373,0.0,0.0,0,0,0,0,0.0,0.0,0.0,0,0,False,0.11548124998807907,7.92567303870458e-05,0.00023777019116113737,13168,0
1647,647,supervised,0.13781123608350754,0.02262783143669367,0.0,0.0,0,0,0,0,0.0,0.0,0.0,0,0,False,0.11548448354005814,7.923018629812368e-05,0.00023769055889437103,13176,0
1648,648,supervised,0.18202290683984756,0.014456277713179588,0.0,0.0,0,0,0,0,0.0,0.0,0.0,0,0,False,0.1154874712228775,7.920362968791839e-05,0.00023761088906375515,13184,0
1649,649,supervised,0.16481629014015198,0.013825108762830496,0.0,0.0,0,0,0,0,0.0,0.0,0.0,0,0,False,0.11549040675163269,7.917706056780587e-05,0.00023753118170341758,13192,0
1650,650,supervised,0.17245958000421524,0.015416441019624472,0.0,0.0,0,0,0,0,0.0,0.0,0.0,0,0,False,0.1154932975769043,7.915047894916756e-05,0.00023745143684750263,13200,0
1651,651,supervised,0.058181047439575195,0.014303312171250582,0.0,0.0,0,0,0,0,0.0,0.0,0.0,0,0,False,0.11549655348062515,7.912388484339012e-05,0.00023737165453017033,13208,0
1652,652,supervised,0.12935753911733627,0.018670132849365473,0.0,0.0,0,0,0,0,0.0,0.0,0.0,0,0,False,0.1154995933175087,7.909727826186564e-05,0.0002372918347855969,13216,0
1653,653,supervised,0.2135242074728012,0.015771929640322924,0.0,0.0,0,0,0,0,0.0,0.0,0.0,0,0,False,0.11550261825323105,7.907065921599154e-05,0.0002372119776479746,13224,0
1654,654,supervised,0.1823185235261917,0.014362144283950329,0.0,0.0,0,0,0,0,0.0,0.0,0.0,0,0,False,0.11550571024417877,7.904402771717057e-05,0.00023713208315151167,13232,0
1655,655,supervised,0.28658461570739746,0.016614947002381086,0.0,0.0,0,0,0,0,0.0,0.0,0.0,0,0,False,0.1155085414648056,7.90173837768108e-05,0.0002370521513304324,13240,0
1656,656,supervised,0.1530933976173401,0.018685471266508102,0.0,0.0,0,0,0,0,0.0,0.0,0.0,0,0,False,0.11551111936569214,7.89907274063257e-05,0.00023697218221897706,13248,0
1657,657,supervised,0.06994542106986046,0.014459028840065002,0.0,0.0,0,0,0,0,0.0,0.0,0.0,0,0,False,0.11551399528980255,7.896405861713394e-05,0.0002368921758514018,13256,0
1658,658,supervised,0.11642231233417988,0.014594195876270533,0.0,0.0,0,0,0,0,0.0,0.0,0.0,0,0,False,0.115516796708107,7.893737742065965e-05,0.00023681213226197894,13264,0
1659,659,supervised,0.19839368760585785,0.018709360621869564,0.0,0.0,0,0,0,0,0.0,0.0,0.0,0,0,False,0.1155196949839592,7.891068382833215e-05,0.00023673205148499644,13272,0
1660,660,supervised,0.1927131861448288,0.01590475020930171,0.0,0.0,0,0,0,0,0.0,0.0,0.0,0,0,False,0.11552269011735916,7.888397785158617e-05,0.0002366519335547585,13280,0
1661,661,supervised,0.08530275896191597,0.01800833409652114,0.0,0.0,0,0,0,0,0.0,0.0,0.0,0,0,False,0.11552563309669495,7.88572595018617e-05,0.00023657177850558504,13288,0
1662,662,supervised,0.14441204071044922,0.016626051161438227,0.0,0.0,0,0,0,0,0.0,0.0,0.0,0,0,False,0.1155288890004158,7.883052879060399e-05,0.00023649158637181191,13296,0
1663,663,supervised,0.12285333499312401,0.01730467565357685,0.0,0.0,0,0,0,0,0.0,0.0,0.0,0,0,False,0.11553196609020233,7.880378572926366e-05,0.00023641135718779094,13304,0
1664,664,supervised,0.13112108409404755,0.014264409895986319,0.0,0.0,0,0,0,0,0.0,0.0,0.0,0,0,False,0.11553499847650528,7.877703032929659e-05,0.00023633109098788972,13312,0
1665,665,supervised,0.10658290237188339,0.015076867304742336,0.0,0.0,0,0,0,0,0.0,0.0,0.0,0,0,False,0.11553796380758286,7.875026260216393e-05,0.00023625078780649178,13320,0
1666,666,supervised,0.1324269250035286,0.017230610828846693,0.0,0.0,0,0,0,0,0.0,0.0,0.0,0,0,False,0.11554091423749924,7.872348255933213e-05,0.00023617044767799636,13328,0
1667,667,supervised,0.12574757635593414,0.01966987457126379,0.0,0.0,0,0,0,0,0.0,0.0,0.0,0,0,False,0.1155436784029007,7.869669021227292e-05,0.00023609007063681874,13336,0
1668,668,supervised,0.1368500515818596,0.021692431531846523,0.0,0.0,0,0,0,0,0.0,0.0,0.0,0,0,False,0.1155463308095932,7.866988557246329e-05,0.00023600965671738983,13344,0
1669,669,supervised,0.1736428141593933,0.014983417931944132,0.0,0.0,0,0,0,0,0.0,0.0,0.0,0,0,False,0.11554895341396332,7.864306865138545e-05,0.00023592920595415633,13352,0
1670,670,supervised,0.22717425227165222,0.01605604263022542,0.0,0.0,0,0,0,0,0.0,0.0,0.0,0,0,False,0.11555147171020508,7.861623946052699e-05,0.00023584871838158093,13360,0
1671,671,supervised,0.09569195285439491,0.020472418516874313,0.0,0.0,0,0,0,0,0.0,0.0,0.0,0,0,False,0.1155540719628334,7.858939801138061e-05,0.0002357681940341418,13368,0
1672,672,supervised,0.15587571263313293,0.017910013906657696,0.0,0.0,0,0,0,0,0.0,0.0,0.0,0,0,False,0.11555702239274979,7.856254431544441e-05,0.0002356876329463332,13376,0
1673,673,supervised,0.07017560489475727,0.017073802649974823,0.0,0.0,0,0,0,0,0.0,0.0,0.0,0,0,False,0.1155601292848587,7.85356783842216e-05,0.00023560703515266478,13384,0
1674,674,supervised,0.1446777805685997,0.019943149760365486,0.0,0.0,0,0,0,0,0.0,0.0,0.0,0,0,False,0.11556313931941986,7.85088002292207e-05,0.00023552640068766207,13392,0
1675,675,supervised,0.18021860718727112,0.016373485326766968,0.0,0.0,0,0,0,0,0.0,0.0,0.0,0,0,False,0.1155659407377243,7.84819098619555e-05,0.00023544572958586645,13400,0
1676,676,supervised,0.17924220114946365,0.015904033556580544,0.0,0.0,0,0,0,0,0.0,0.0,0.0,0,0,False,0.11556856334209442,7.845500729394491e-05,0.00023536502188183472,13408,0
1677,677,supervised,0.305810809135437,0.01803711662068963,0.0,0.0,0,0,0,0,0.0,0.0,0.0,0,0,False,0.11557105928659439,7.84280925367132e-05,0.0002352842776101396,13416,0
1678,678,supervised,0.17054076120257378,0.015792560763657093,0.0,0.0,0,0,0,0,0.0,0.0,0.0,0,0,False,0.11557317525148392,7.840116560178978e-05,0.0002352034968053693,13424,0
1679,679,supervised,0.09367423132061958,0.015664336271584034,0.0,0.0,0,0,0,0,0.0,0.0,0.0,0,0,False,0.11557600647211075,7.837422650070927e-05,0.00023512267950212779,13432,0
1680,680,supervised,0.12925974279642105,0.014064215123653412,0.0,0.0,0,0,0,0,0.0,0.0,0.0,0,0,False,0.11557931452989578,7.834727524501153e-05,0.00023504182573503456,13440,0
1681,681,supervised,0.2535378932952881,0.025444231927394867,0.0,0.0,0,0,0,0,0.0,0.0,0.0,0,0,False,0.11558227241039276,7.832031184624164e-05,0.0002349609355387249,13448,0
1682,682,supervised,0.11503972671926022,0.01831785961985588,0.0,0.0,0,0,0,0,0.0,0.0,0.0,0,0,False,0.11558514833450317,7.829333631594987e-05,0.00023488000894784954,13456,0
1683,683,supervised,0.06735365465283394,0.015154785476624966,0.0,0.0,0,0,0,0,0.0,0.0,0.0,0,0,False,0.11558809131383896,7.826634866569164e-05,0.0002347990459970749,13464,0
1684,684,supervised,0.12811905145645142,0.014160720631480217,0.0,0.0,0,0,0,0,0.0,0.0,0.0,0,0,False,0.11559111624956131,7.823934890702764e-05,0.0002347180467210829,13472,0
1685,685,supervised,0.11636559665203094,0.0140204974450171,0.0,0.0,0,0,0,0,0.0,0.0,0.0,0,0,False,0.11559415608644485,7.821233705152371e-05,0.0002346370111545711,13480,0
1686,686,supervised,0.18687470257282257,0.01543672801926732,0.0,0.0,0,0,0,0,0.0,0.0,0.0,0,0,False,0.11559709906578064,7.818531311075084e-05,0.00023455593933225248,13488,0
1687,687,supervised,0.20689409226179123,0.016113044694066048,0.0,0.0,0,0,0,0,0.0,0.0,0.0,0,0,False,0.11559998244047165,7.815827709628525e-05,0.0002344748312888557,13496,0
1688,688,supervised,0.07939669489860535,0.016189496964216232,0.0,0.0,0,0,0,0,0.0,0.0,0.0,0,0,False,0.11560313403606415,7.81312290197083e-05,0.00023439368705912485,13504,0
1689,689,supervised,0.18830085918307304,0.02171691693365574,0.0,0.0,0,0,0,0,0.0,0.0,0.0,0,0,False,0.11560595780611038,7.810416889260653e-05,0.00023431250667781958,13512,0
1690,690,supervised,0.2846114933490753,0.014900440350174904,0.0,0.0,0,0,0,0,0.0,0.0,0.0,0,0,False,0.11560862511396408,7.807709672657165e-05,0.00023423129017971492,13520,0
1691,691,supervised,0.13020245730876923,0.01933066127821803,0.0,0.0,0,0,0,0,0.0,0.0,0.0,0,0,False,0.11561122536659241,7.80500125332005e-05,0.00023415003759960146,13528,0
1692,692,supervised,0.13675881177186966,0.016616059467196465,0.0,0.0,0,0,0,0,0.0,0.0,0.0,0,0,False,0.1156139001250267,7.80229163240951e-05,0.00023406874897228527,13536,0
1693,693,supervised,0.2905285954475403,0.014585539698600769,0.0,0.0,0,0,0,0,0.0,0.0,0.0,0,0,False,0.11561648547649384,7.799580811086258e-05,0.0002339874243325877,13544,0
1694,694,supervised,0.12022088468074799,0.017056025564670563,0.0,0.0,0,0,0,0,0.0,0.0,0.0,0,0,False,0.11561889946460724,7.796868790511527e-05,0.00023390606371534578,13552,0
1695,695,supervised,0.10509904846549034,0.01816811179742217,0.0,0.0,0,0,0,0,0.0,0.0,0.0,0,0,False,0.11562119424343109,7.794155571847058e-05,0.00023382466715541172,13560,0
1696,696,supervised,0.06824152916669846,0.01667103311046958,0.0,0.0,0,0,0,0,0.0,0.0,0.0,0,0,False,0.11562361568212509,7.79144115625511e-05,0.00023374323468765328,13568,0
1697,697,supervised,0.1747954785823822,0.014584857504814863,0.0,0.0,0,0,0,0,0.0,0.0,0.0,0,0,False,0.11562585830688477,7.788725544898452e-05,0.00023366176634695353,13576,0
1698,698,supervised,0.09793927520513535,0.021256668493151665,0.0,0.0,0,0,0,0,0.0,0.0,0.0,0,0,False,0.11562838405370712,7.786008738940362e-05,0.00023358026216821083,13584,0
1699,699,supervised,0.11966956406831741,0.014920161105692387,0.0,0.0,0,0,0,0,0.0,0.0,0.0,0,0,False,0.11563092470169067,7.783290739544639e-05,0.00023349872218633914,13592,0
1700,700,supervised,0.1912551149725914,0.014045154210180044,0.0,0.0,0,0,0,0,0.0,0.0,0.0,0,0,False,0.11563365161418915,7.780571547875584e-05,0.00023341714643626747,13600,0
1701,701,supervised,0.10705678910017014,0.014715895522385836,0.0,0.0,0,0,0,0,0.0,0.0,0.0,0,0,False,0.1156364306807518,7.777851165098012e-05,0.0002333355349529403,13608,0
1702,702,supervised,0.13240131735801697,0.014800804667174816,0.0,0.0,0,0,0,0,0.0,0.0,0.0,0,0,False,0.11563938856124878,7.77512959237725e-05,0.00023325388777131748,13616,0
1703,703,supervised,0.09844512864947319,0.015730807557702065,0.0,0.0,0,0,0,0,0.0,0.0,0.0,0,0,False,0.11564264446496964,7.772406830879133e-05,0.00023317220492637396,13624,0
1704,704,supervised,0.12095125019550323,0.014850613195449114,0.0,0.0,0,0,0,0,0.0,0.0,0.0,0,0,False,0.11564576625823975,7.769682881770007e-05,0.00023309048645310017,13632,0
1705,705,supervised,0.06648600660264492,0.019536755979061127,0.0,0.0,0,0,0,0,0.0,0.0,0.0,0,0,False,0.1156487911939621,7.766957746216721e-05,0.00023300873238650159,13640,0
1706,706,supervised,0.23692184686660767,0.014426663052290678,0.0,0.0,0,0,0,0,0.0,0.0,0.0,0,0,False,0.11565177142620087,7.76423142538664e-05,0.0002329269427615992,13648,0
1707,707,supervised,0.1952589899301529,0.017963379621505737,0.0,0.0,0,0,0,0,0.0,0.0,0.0,0,0,False,0.11565463244915009,7.761503920447634e-05,0.000232845117613429,13656,0
1708,708,supervised,0.3295737951993942,0.0156696867197752,0.0,0.0,0,0,0,0,0.0,0.0,0.0,0,0,False,0.11565735936164856,7.758775232568076e-05,0.00023276325697704225,13664,0
1709,709,supervised,0.10289917513728142,0.01638768147677183,0.0,0.0,0,0,0,0,0.0,0.0,0.0,0,0,False,0.11566022038459778,7.756045362916853e-05,0.00023268136088750555,13672,0
1710,710,supervised,0.23473330587148666,0.015328666660934687,0.0,0.0,0,0,0,0,0.0,0.0,0.0,0,0,False,0.11566294729709625,7.753314312663352e-05,0.0002325994293799005,13680,0
1711,711,supervised,0.12333568185567856,0.016225365921854973,0.0,0.0,0,0,0,0,0.0,0.0,0.0,0,0,False,0.11566554754972458,7.750582082977467e-05,0.000232517462489324,13688,0
1712,712,supervised,0.12730422988533974,0.016754371114075184,0.0,0.0,0,0,0,0,0.0,0.0,0.0,0,0,False,0.11566812545061111,7.747848675029601e-05,0.00023243546025088799,13696,0
1713,713,supervised,0.19721387326717377,0.015111774671822786,0.0,0.0,0,0,0,0,0.0,0.0,0.0,0,0,False,0.11567087471485138,7.74511408999066e-05,0.00023235342269971974,13704,0
1714,714,supervised,0.17867344617843628,0.014678093139082193,0.0,0.0,0,0,0,0,0.0,0.0,0.0,0,0,False,0.11567381769418716,7.74237832903205e-05,0.00023227134987096145,13712,0
1715,715,supervised,0.2196188047528267,0.017280123196542263,0.0,0.0,0,0,0,0,0.0,0.0,0.0,0,0,False,0.11567642539739609,7.739641393325685e-05,0.00023218924179977052,13720,0
1716,716,supervised,0.08036530017852783,0.019369164016097784,0.0,0.0,0,0,0,0,0.0,0.0,0.0,0,0,False,0.11567897349596024,7.736903284043984e-05,0.00023210709852131947,13728,0
1717,717,supervised,0.12041827291250229,0.015886330977082253,0.0,0.0,0,0,0,0,0.0,0.0,0.0,0,0,False,0.11568144708871841,7.734164002359863e-05,0.00023202492007079584,13736,0
1718,718,supervised,0.12964340299367905,0.019023682922124863,0.0,0.0,0,0,0,0,0.0,0.0,0.0,0,0,False,0.11568382382392883,7.731423549446743e-05,0.00023194270648340228,13744,0
1719,719,supervised,0.12471910938620567,0.01626863284036517,0.0,0.0,0,0,0,0,0.0,0.0,0.0,0,0,False,0.11568600684404373,7.72868192647855e-05,0.00023186045779435648,13752,0
1720,720,supervised,0.15098437666893005,0.021841628942638636,0.0,0.0,0,0,0,0,0.0,0.0,0.0,0,0,False,0.1156882792711258,7.725939134629704e-05,0.00023177817403889113,13760,0
1721,721,supervised,0.08330618590116501,0.01964247226715088,0.0,0.0,0,0,0,0,0.0,0.0,0.0,0,0,False,0.11569048464298248,7.723195175075136e-05,0.00023169585525225405,13768,0
1722,722,supervised,0.2973079979419708,0.014505245722830296,0.0,0.0,0,0,0,0,0.0,0.0,0.0,0,0,False,0.1156930923461914,7.720450048990266e-05,0.00023161350146970794,13776,0
1723,723,supervised,0.13224167935550213,0.016824441496282816,0.0,0.0,0,0,0,0,0.0,0.0,0.0,0,0,False,0.11569569259881973,7.717703757551019e-05,0.00023153111272653055,13784,0
1724,724,supervised,0.21705903112888336,0.015131215564906597,0.0,0.0,0,0,0,0,0.0,0.0,0.0,0,0,False,0.11569822579622269,7.714956301933821e-05,0.0002314486890580146,13792,0
1725,725,supervised,0.18063248693943024,0.017011776566505432,0.0,0.0,0,0,0,0,0.0,0.0,0.0,0,0,False,0.11570064723491669,7.712207683315594e-05,0.00023136623049946779,13800,0
1726,726,supervised,0.32990770041942596,0.014182920567691326,0.0,0.0,0,0,0,0,0.0,0.0,0.0,0,0,False,0.11570289731025696,7.709457902873759e-05,0.00023128373708621275,13808,0
1727,727,supervised,0.2250533103942871,0.014575959648936987,0.0,0.0,0,0,0,0,0.0,0.0,0.0,0,0,False,0.11570508778095245,7.706706961786234e-05,0.00023120120885358698,13816,0
1728,728,supervised,0.252066045999527,0.0183537807315588,0.0,0.0,0,0,0,0,0.0,0.0,0.0,0,0,False,0.11570721119642258,7.703954861231436e-05,0.00023111864583694303,13824,0
1729,729,supervised,0.12627406418323517,0.01707770861685276,0.0,0.0,0,0,0,0,0.0,0.0,0.0,0,0,False,0.1157093271613121,7.701201602388276e-05,0.00023103604807164825,13832,0
1730,730,supervised,0.10157997161149979,0.024446272291243076,0.0,0.0,0,0,0,0,0.0,0.0,0.0,0,0,False,0.11571132391691208,7.698447186436164e-05,0.0002309534155930849,13840,0
1731,731,supervised,0.06374146416783333,0.01505199121311307,0.0,0.0,0,0,0,0,0.0,0.0,0.0,0,0,False,0.11571349203586578,7.695691614555003e-05,0.00023087074843665005,13848,0
1732,732,supervised,0.16656921803951263,0.015528303105384111,0.0,0.0,0,0,0,0,0.0,0.0,0.0,0,0,False,0.1157156229019165,7.692934887925191e-05,0.00023078804663775572,13856,0
1733,733,supervised,0.20822616666555405,0.01718306401744485,0.0,0.0,0,0,0,0,0.0,0.0,0.0,0,0,False,0.11571787297725677,7.690177007727625e-05,0.00023070531023182875,13864,0
1734,734,supervised,0.11179552413523197,0.014705982524901628,0.0,0.0,0,0,0,0,0.0,0.0,0.0,0,0,False,0.11572013050317764,7.687417975143694e-05,0.00023062253925431082,13872,0
1735,735,supervised,0.3338867723941803,0.014477042946964502,0.0,0.0,0,0,0,0,0.0,0.0,0.0,0,0,False,0.11572227627038956,7.684657791355279e-05,0.00023053973374065833,13880,0
1736,736,supervised,0.1263362616300583,0.014946630224585533,0.0,0.0,0,0,0,0,0.0,0.0,0.0,0,0,False,0.1157246008515358,7.681896457544753e-05,0.00023045689372634256,13888,0
1737,737,supervised,0.23405801504850388,0.014328702818602324,0.0,0.0,0,0,0,0,0.0,0.0,0.0,0,0,False,0.11572692543268204,7.679133974894983e-05,0.00023037401924684946,13896,0
1738,738,supervised,0.2017473801970482,0.01751344185322523,0.0,0.0,0,0,0,0,0.0,0.0,0.0,0,0,False,0.11572933197021484,7.676370344589333e-05,0.00023029111033767997,13904,0
1739,739,supervised,0.2822662889957428,0.01644500019028783,0.0,0.0,0,0,0,0,0.0,0.0,0.0,0,0,False,0.11573170125484467,7.673605567811653e-05,0.00023020816703434954,13912,0
1740,740,supervised,0.127755768597126,0.016547655686736107,0.0,0.0,0,0,0,0,0.0,0.0,0.0,0,0,False,0.11573420464992523,7.670839645746283e-05,0.00023012518937238845,13920,0
1741,741,supervised,0.16878049820661545,0.015203425660729408,0.0,0.0,0,0,0,0,0.0,0.0,0.0,0,0,False,0.11573668569326401,7.668072579578058e-05,0.00023004217738734173,13928,0
1742,742,supervised,0.23704761266708374,0.016074109822511673,0.0,0.0,0,0,0,0,0.0,0.0,0.0,0,0,False,0.11573904007673264,7.665304370492301e-05,0.000229959131114769,13936,0
1743,743,supervised,0.2285458669066429,0.01402428699657321,0.0,0.0,0,0,0,0,0.0,0.0,0.0,0,0,False,0.11574128270149231,7.662535019674827e-05,0.00022987605059024478,13944,0
1744,744,supervised,0.1875174716114998,0.014352328609675169,0.0,0.0,0,0,0,0,0.0,0.0,0.0,0,0,False,0.11574358493089676,7.659764528311935e-05,0.000229792935849358,13952,0
1745,745,supervised,0.16984879225492477,0.015844257082790136,0.0,0.0,0,0,0,0,0.0,0.0,0.0,0,0,False,0.11574573069810867,7.656992897590414e-05,0.00022970978692771242,13960,0
1746,746,supervised,0.19263026863336563,0.015286075416952372,0.0,0.0,0,0,0,0,0.0,0.0,0.0,0,0,False,0.11574787646532059,7.654220128697546e-05,0.00022962660386092638,13968,0
1747,747,supervised,0.11513573490083218,0.015795479528605938,0.0,0.0,0,0,0,0,0.0,0.0,0.0,0,0,False,0.11575007438659668,7.6514462228211e-05,0.00022954338668463296,13976,0
1748,748,supervised,0.13687650114297867,0.01813741959631443,0.0,0.0,0,0,0,0,0.0,0.0,0.0,0,0,False,0.1157521978020668,7.648671181149321e-05,0.0002294601354344796,13984,0
1749,749,supervised,0.11177316308021545,0.015570161864161491,0.0,0.0,0,0,0,0,0.0,0.0,0.0,0,0,False,0.11575444787740707,7.645895004870954e-05,0.00022937685014612856,13992,0
1750,750,supervised,0.09947286546230316,0.014220147393643856,0.0,0.0,0,0,0,0,0.0,0.0,0.0,0,0,False,0.1157575398683548,7.643117695175224e-05,0.0002292935308552567,14000,0
1751,751,supervised,0.2352457195520401,0.014313231687992811,0.0,0.0,0,0,0,0,0.0,0.0,0.0,0,0,False,0.11576051265001297,7.64033925325184e-05,0.0002292101775975552,14008,0
1752,752,supervised,0.19004125893115997,0.022353360429406166,0.0,0.0,0,0,0,0,0.0,0.0,0.0,0,0,False,0.11576332896947861,7.637559680291002e-05,0.00022912679040873005,14016,0
1753,753,supervised,0.1774570494890213,0.013910945504903793,0.0,0.0,0,0,0,0,0.0,0.0,0.0,0,0,False,0.11576604843139648,7.634778977483389e-05,0.00022904336932450163,14024,0
1754,754,supervised,0.12872492522001266,0.018652291037142277,0.0,0.0,0,0,0,0,0.0,0.0,0.0,0,0,False,0.11576859652996063,7.631997146020164e-05,0.0002289599143806049,14032,0
1755,755,supervised,0.1754254326224327,0.015008339192718267,0.0,0.0,0,0,0,0,0.0,0.0,0.0,0,0,False,0.11577092856168747,7.629214187092978e-05,0.0002288764256127893,14040,0
1756,756,supervised,0.22526301443576813,0.014780298806726933,0.0,0.0,0,0,0,0,0.0,0.0,0.0,0,0,False,0.11577315628528595,7.62643010189396e-05,0.0002287929030568188,14048,0
1757,757,supervised,0.08624184504151344,0.014024110045284033,0.0,0.0,0,0,0,0,0.0,0.0,0.0,0,0,False,0.11577577888965607,7.623644891615727e-05,0.00022870934674847177,14056,0
1758,758,supervised,0.2533692270517349,0.017292169854044914,0.0,0.0,0,0,0,0,0.0,0.0,0.0,0,0,False,0.11577851325273514,7.62085855745137e-05,0.00022862575672354105,14064,0
1759,759,supervised,0.12104268372058868,0.014854766894131899,0.0,0.0,0,0,0,0,0.0,0.0,0.0,0,0,False,0.11578133702278137,7.618071100594468e-05,0.000228542133017834,14072,0
1760,760,supervised,0.1937454342842102,0.016948032658547163,0.0,0.0,0,0,0,0,0.0,0.0,0.0,0,0,False,0.11578404903411865,7.61528252223908e-05,0.00022845847566717236,14080,0
1761,761,supervised,0.08614874258637428,0.023579180240631104,0.0,0.0,0,0,0,0,0.0,0.0,0.0,0,0,False,0.11578673124313354,7.612492823579745e-05,0.0002283747847073923,14088,0
1762,762,supervised,0.11819672212004662,0.016897241584956646,0.0,0.0,0,0,0,0,0.0,0.0,0.0,0,0,False,0.11578944325447083,7.609702005811478e-05,0.00022829106017434434,14096,0
1763,763,supervised,0.19545533508062363,0.013771291356533766,0.0,0.0,0,0,0,0,0.0,0.0,0.0,0,0,False,0.1157926693558693,7.60691007012978e-05,0.00022820730210389338,14104,0
1764,764,supervised,0.18934320658445358,0.017958471551537514,0.0,0.0,0,0,0,0,0.0,0.0,0.0,0,0,False,0.11579632014036179,7.604117017730626e-05,0.00022812351053191874,14112,0
1765,765,supervised,0.17338737845420837,0.014635065570473671,0.0,0.0,0,0,0,0,0.0,0.0,0.0,0,0,False,0.1157999187707901,7.60132284981047e-05,0.0002280396854943141,14120,0
1766,766,supervised,0.1252293959259987,0.01804349198937416,0.0,0.0,0,0,0,0,0.0,0.0,0.0,0,0,False,0.11580324172973633,7.598527567566247e-05,0.00022795582702698738,14128,0
1767,767,supervised,0.25266748666763306,0.015506243333220482,0.0,0.0,0,0,0,0,0.0,0.0,0.0,0,0,False,0.11580633372068405,7.595731172195365e-05,0.00022787193516586091,14136,0
1768,768,supervised,0.07597480714321136,0.017139511182904243,0.0,0.0,0,0,0,0,0.0,0.0,0.0,0,0,False,0.11580944806337357,7.592933664895712e-05,0.00022778800994687132,14144,0
1769,769,supervised,0.18195532634854317,0.014830701984465122,0.0,0.0,0,0,0,0,0.0,0.0,0.0,0,0,False,0.11581238359212875,7.590135046865651e-05,0.00022770405140596953,14152,0
1770,770,supervised,0.29271675646305084,0.014157450757920742,0.0,0.0,0,0,0,0,0.0,0.0,0.0,0,0,False,0.1158149316906929,7.587335319304021e-05,0.00022762005957912063,14160,0
1771,771,supervised,0.1329902857542038,0.01962297223508358,0.0,0.0,0,0,0,0,0.0,0.0,0.0,0,0,False,0.11581739783287048,7.584534483410137e-05,0.0002275360345023041,14168,0
1772,772,supervised,0.273330882191658,0.014031928963959217,0.0,0.0,0,0,0,0,0.0,0.0,0.0,0,0,False,0.1158197820186615,7.581732540383789e-05,0.00022745197621151363,14176,0
1773,773,supervised,0.0792083740234375,0.01928005740046501,0.0,0.0,0,0,0,0,0.0,0.0,0.0,0,0,False,0.11582226306200027,7.578929491425238e-05,0.00022736788474275708,14184,0
1774,774,supervised,0.23346077650785446,0.014677779749035835,0.0,0.0,0,0,0,0,0.0,0.0,0.0,0,0,False,0.11582455039024353,7.576125337735223e-05,0.00022728376013205664,14192,0
1775,775,supervised,0.18794379383325577,0.017008855938911438,0.0,0.0,0,0,0,0,0.0,0.0,0.0,0,0,False,0.11582694202661514,7.57332008051495e-05,0.0002271996024154485,14200,0
1776,776,supervised,0.07053348794579506,0.018753325566649437,0.0,0.0,0,0,0,0,0.0,0.0,0.0,0,0,False,0.11582924425601959,7.570513720966108e-05,0.00022711541162898321,14208,0
1777,777,supervised,0.09455029293894768,0.01503823697566986,0.0,0.0,0,0,0,0,0.0,0.0,0.0,0,0,False,0.11583182960748672,7.567706260290851e-05,0.0002270311878087255,14216,0
1778,778,supervised,0.11337290145456791,0.015859135892242193,0.0,0.0,0,0,0,0,0.0,0.0,0.0,0,0,False,0.11583434045314789,7.564897699691804e-05,0.00022694693099075409,14224,0
1779,779,supervised,0.1984146684408188,0.023432542569935322,0.0,0.0,0,0,0,0,0.0,0.0,0.0,0,0,False,0.11583656817674637,7.562088040372067e-05,0.00022686264121116195,14232,0
1780,780,supervised,0.20456009358167648,0.014884459786117077,0.0,0.0,0,0,0,0,0.0,0.0,0.0,0,0,False,0.11583871394395828,7.559277283535205e-05,0.0002267783185060561,14240,0
1781,781,supervised,0.12195621058344841,0.01550182607024908,0.0,0.0,0,0,0,0,0.0,0.0,0.0,0,0,False,0.11584079265594482,7.55646543038526e-05,0.00022669396291155776,14248,0
1782,782,supervised,0.12483712285757065,0.020672186743468046,0.0,0.0,0,0,0,0,0.0,0.0,0.0,0,0,False,0.11584288626909256,7.553652482126743e-05,0.00022660957446380225,14256,0
1783,783,supervised,0.1993659809231758,0.015304973348975182,0.0,0.0,0,0,0,0,0.0,0.0,0.0,0,0,False,0.11584514379501343,7.550838439964627e-05,0.00022652515319893877,14264,0
1784,784,supervised,0.1511164978146553,0.019603149965405464,0.0,0.0,0,0,0,0,0.0,0.0,0.0,0,0,False,0.11584737151861191,7.548023305104361e-05,0.00022644069915313077,14272,0
1785,785,supervised,0.17691978812217712,0.014395322185009718,0.0,0.0,0,0,0,0,0.0,0.0,0.0,0,0,False,0.11584962159395218,7.545207078751857e-05,0.00022635621236255567,14280,0
1786,786,supervised,0.07364345528185368,0.014558426104485989,0.0,0.0,0,0,0,0,0.0,0.0,0.0,0,0,False,0.11585231125354767,7.5423897621135e-05,0.00022627169286340497,14288,0
1787,787,supervised,0.09160837531089783,0.01842066366225481,0.0,0.0,0,0,0,0,0.0,0.0,0.0,0,0,False,0.11585497111082077,7.539571356396136e-05,0.00022618714069188404,14296,0
1788,788,supervised,0.12703659757971764,0.014268876984715462,0.0,0.0,0,0,0,0,0.0,0.0,0.0,0,0,False,0.11585792899131775,7.536751862807083e-05,0.00022610255588421247,14304,0
1789,789,supervised,0.12356007099151611,0.014680637046694756,0.0,0.0,0,0,0,0,0.0,0.0,0.0,0,0,False,0.1158609390258789,7.53393128255412e-05,0.0002260179384766236,14312,0
1790,790,supervised,0.17764974012970924,0.015318731777369976,0.0,0.0,0,0,0,0,0.0,0.0,0.0,0,0,False,0.11586375534534454,7.531109616845498e-05,0.00022593328850536488,14320,0
1791,791,supervised,0.1352522224187851,0.014918558299541473,0.0,0.0,0,0,0,0,0.0,0.0,0.0,0,0,False,0.11586655676364899,7.528286866889924e-05,0.0002258486060066977,14328,0
1792,792,supervised,0.2897692918777466,0.015224109403789043,0.0,0.0,0,0,0,0,0.0,0.0,0.0,0,0,False,0.11586912721395493,7.525463033896576e-05,0.00022576389101689725,14336,0
1793,793,supervised,0.20529678463935852,0.02009734883904457,0.0,0.0,0,0,0,0,0.0,0.0,0.0,0,0,False,0.11587148904800415,7.522638119075096e-05,0.00022567914357225286,14344,0
1794,794,supervised,0.11526696756482124,0.015046586748212576,0.0,0.0,0,0,0,0,0.0,0.0,0.0,0,0,False,0.11587382853031158,7.519812123635588e-05,0.0002255943637090676,14352,0
1795,795,supervised,0.24496634304523468,0.014048084616661072,0.0,0.0,0,0,0,0,0.0,0.0,0.0,0,0,False,0.1158761978149414,7.516985048788616e-05,0.00022550955146365847,14360,0
1796,796,supervised,0.28973180055618286,0.01714953314512968,0.0,0.0,0,0,0,0,0.0,0.0,0.0,0,0,False,0.11587835103273392,7.514156895745212e-05,0.0002254247068723563,14368,0
1797,797,supervised,0.07704653218388557,0.019051764626055956,0.0,0.0,0,0,0,0,0.0,0.0,0.0,0,0,False,0.11588077247142792,7.511327665716863e-05,0.00022533982997150585,14376,0
1798,798,supervised,0.11681608110666275,0.01572851650416851,0.0,0.0,0,0,0,0,0.0,0.0,0.0,0,0,False,0.11588316410779953,7.508497359915525e-05,0.0002252549207974657,14384,0
1799,799,supervised,0.13978233560919762,0.01904642255976796,0.0,0.0,0,0,0,0,0.0,0.0,0.0,0,0,False,0.11588545888662338,7.505665979553609e-05,0.00022516997938660824,14392,0
1800,800,supervised,0.1821759194135666,0.015031001064926386,0.0,0.0,0,0,0,0,0.0,0.0,0.0,0,0,False,0.1158878281712532,7.50283352584399e-05,0.0002250850057753197,14400,0
1801,801,supervised,0.10794289037585258,0.015035952441394329,0.0,0.0,0,0,0,0,0.0,0.0,0.0,0,0,False,0.11589023470878601,7.500000000000001e-05,0.000225,14408,0
1802,802,supervised,0.1678335964679718,0.01906614564359188,0.0,0.0,0,0,0,0,0.0,0.0,0.0,0,0,False,0.11589302867650986,7.497165403235433e-05,0.00022491496209706293,14416,0
1803,803,supervised,0.11834811978042126,0.013935241848230362,0.0,0.0,0,0,0,0,0.0,0.0,0.0,0,0,False,0.11589600145816803,7.494329736764538e-05,0.00022482989210293608,14424,0
1804,804,supervised,0.25639982521533966,0.015130476094782352,0.0,0.0,0,0,0,0,0.0,0.0,0.0,0,0,False,0.11589884012937546,7.491493001802025e-05,0.0002247447900540607,14432,0
1805,805,supervised,0.23140880465507507,0.01711610797792673,0.0,0.0,0,0,0,0,0.0,0.0,0.0,0,0,False,0.11590152978897095,7.488655199563062e-05,0.0002246596559868918,14440,0
1806,806,supervised,0.19393162429332733,0.01786182075738907,0.0,0.0,0,0,0,0,0.0,0.0,0.0,0,0,False,0.11590409278869629,7.485816331263273e-05,0.00022457448993789815,14448,0
1807,807,supervised,0.07875436916947365,0.014809804502874613,0.0,0.0,0,0,0,0,0.0,0.0,0.0,0,0,False,0.11590656638145447,7.482976398118738e-05,0.0002244892919435621,14456,0
1808,808,supervised,0.1330947931855917,0.018017591442912817,0.0,0.0,0,0,0,0,0.0,0.0,0.0,0,0,False,0.11590898782014847,7.480135401345996e-05,0.00022440406204037985,14464,0
1809,809,supervised,0.1705656498670578,0.015052147675305605,0.0,0.0,0,0,0,0,0.0,0.0,0.0,0,0,False,0.11591144651174545,7.477293342162039e-05,0.00022431880026486112,14472,0
1810,810,supervised,0.059352219104766846,0.01455521211028099,0.0,0.0,0,0,0,0,0.0,0.0,0.0,0,0,False,0.115913987159729,7.474450221784313e-05,0.00022423350665352936,14480,0
1811,811,supervised,0.11947506666183472,0.015218387357890606,0.0,0.0,0,0,0,0,0.0,0.0,0.0,0,0,False,0.11591648310422897,7.471606041430723e-05,0.00022414818124292165,14488,0
1812,812,supervised,0.06853098794817924,0.01994726061820984,0.0,0.0,0,0,0,0,0.0,0.0,0.0,0,0,False,0.11591902375221252,7.468760802319626e-05,0.00022406282406958874,14496,0
1813,813,supervised,0.20478324964642525,0.014633456245064735,0.0,0.0,0,0,0,0,0.0,0.0,0.0,0,0,False,0.11592254787683487,7.465914505669829e-05,0.00022397743517009482,14504,0
1814,814,supervised,0.2255507931113243,0.013946855906397104,0.0,0.0,0,0,0,0,0.0,0.0,0.0,0,0,False,0.1159258633852005,7.463067152700597e-05,0.00022389201458101787,14512,0
1815,815,supervised,0.1570601910352707,0.014506566803902388,0.0,0.0,0,0,0,0,0.0,0.0,0.0,0,0,False,0.11592905968427658,7.460218744631645e-05,0.00022380656233894934,14520,0
1816,816,supervised,0.07477010041475296,0.01647279504686594,0.0,0.0,0,0,0,0,0.0,0.0,0.0,0,0,False,0.11593236029148102,7.457369282683142e-05,0.00022372107848049423,14528,0
1817,817,supervised,0.22521483153104782,0.01808264385908842,0.0,0.0,0,0,0,0,0.0,0.0,0.0,0,0,False,0.11593566834926605,7.454518768075704e-05,0.00022363556304227111,14536,0
1818,818,supervised,0.18564318865537643,0.01606633374467492,0.0,0.0,0,0,0,0,0.0,0.0,0.0,0,0,False,0.11593888700008392,7.451667202030404e-05,0.0002235500160609121,14544,0
1819,819,supervised,0.22374092787504196,0.01422419911250472,0.0,0.0,0,0,0,0,0.0,0.0,0.0,0,0,False,0.11594203114509583,7.44881458576876e-05,0.00022346443757306279,14552,0
1820,820,supervised,0.17681533098220825,0.015604564920067787,0.0,0.0,0,0,0,0,0.0,0.0,0.0,0,0,False,0.115945003926754,7.445960920512745e-05,0.0002233788276153823,14560,0
1821,821,supervised,0.17962511628866196,0.015005548018962145,0.0,0.0,0,0,0,0,0.0,0.0,0.0,0,0,False,0.11594779789447784,7.443106207484776e-05,0.00022329318622454325,14568,0
1822,822,supervised,0.11023846827447414,0.01367228664457798,0.0,0.0,0,0,0,0,0.0,0.0,0.0,0,0,False,0.1159505695104599,7.44025044790772e-05,0.0002232075134372316,14576,0
1823,823,supervised,0.1784958615899086,0.015246819239109755,0.0,0.0,0,0,0,0,0.0,0.0,0.0,0,0,False,0.1159532368183136,7.437393643004898e-05,0.00022312180929014692,14584,0
1824,824,supervised,0.3225337564945221,0.01722952164709568,0.0,0.0,0,0,0,0,0.0,0.0,0.0,0,0,False,0.1159554123878479,7.434535794000071e-05,0.0002230360738200021,14592,0
1825,825,supervised,0.11911212652921677,0.016297555528581142,0.0,0.0,0,0,0,0,0.0,0.0,0.0,0,0,False,0.1159575954079628,7.431676902117452e-05,0.00022295030706352356,14600,0
1826,826,supervised,0.23605245351791382,0.01507648080587387,0.0,0.0,0,0,0,0,0.0,0.0,0.0,0,0,False,0.11595997959375381,7.428816968581701e-05,0.000222864509057451,14608,0
1827,827,supervised,0.21991369873285294,0.017595376819372177,0.0,0.0,0,0,0,0,0.0,0.0,0.0,0,0,False,0.11596280336380005,7.42595599461792e-05,0.00022277867983853754,14616,0
1828,828,supervised,0.18200479447841644,0.014857280068099499,0.0,0.0,0,0,0,0,0.0,0.0,0.0,0,0,False,0.11596590280532837,7.423093981451661e-05,0.0002226928194435498,14624,0
1829,829,supervised,0.18218287825584412,0.017045242711901665,0.0,0.0,0,0,0,0,0.0,0.0,0.0,0,0,False,0.11596903204917908,7.420230930308917e-05,0.00022260692790926747,14632,0
1830,830,supervised,0.21040212363004684,0.01929431688040495,0.0,0.0,0,0,0,0,0.0,0.0,0.0,0,0,False,0.1159723699092865,7.417366842416133e-05,0.00022252100527248394,14640,0
1831,831,supervised,0.135432668030262,0.016846458427608013,0.0,0.0,0,0,0,0,0.0,0.0,0.0,0,0,False,0.11597573012113571,7.414501719000187e-05,0.00022243505157000556,14648,0
1832,832,supervised,0.1510287243872881,0.016392833553254604,0.0,0.0,0,0,0,0,0.0,0.0,0.0,0,0,False,0.11597902327775955,7.411635561288413e-05,0.00022234906683865234,14656,0
1833,833,supervised,0.23198243975639343,0.014864919241517782,0.0,0.0,0,0,0,0,0.0,0.0,0.0,0,0,False,0.11598211526870728,7.408768370508576e-05,0.00022226305111525726,14664,0
1834,834,supervised,0.2750217877328396,0.02106413245201111,0.0,0.0,0,0,0,0,0.0,0.0,0.0,0,0,False,0.11598486453294754,7.405900147888896e-05,0.00022217700443666685,14672,0
1835,835,supervised,0.07024787925183773,0.017408869229257107,0.0,0.0,0,0,0,0,0.0,0.0,0.0,0,0,False,0.11598772555589676,7.403030894658023e-05,0.00022209092683974065,14680,0
1836,836,supervised,0.12601448595523834,0.016693548765033484,0.0,0.0,0,0,0,0,0.0,0.0,0.0,0,0,False,0.11599044501781464,7.400160612045057e-05,0.00022200481836135165,14688,0
1837,837,supervised,0.14174282178282738,0.015235669910907745,0.0,0.0,0,0,0,0,0.0,0.0,0.0,0,0,False,0.11599317938089371,7.397289301279533e-05,0.00022191867903838597,14696,0
1838,838,supervised,0.13718144223093987,0.015347756911069155,0.0,0.0,0,0,0,0,0.0,0.0,0.0,0,0,False,0.11599597334861755,7.394416963591433e-05,0.00022183250890774295,14704,0
1839,839,supervised,0.13654785603284836,0.0152694140560925,0.0,0.0,0,0,0,0,0.0,0.0,0.0,0,0,False,0.1159987598657608,7.391543600211172e-05,0.00022174630800633516,14712,0
1840,840,supervised,0.2930266410112381,0.01503483485430479,0.0,0.0,0,0,0,0,0.0,0.0,0.0,0,0,False,0.11600136011838913,7.388669212369611e-05,0.00022166007637108832,14720,0
1841,841,supervised,0.08641606569290161,0.019555401988327503,0.0,0.0,0,0,0,0,0.0,0.0,0.0,0,0,False,0.1160038635134697,7.385793801298042e-05,0.00022157381403894124,14728,0
1842,842,supervised,0.1742955483496189,0.013784132897853851,0.0,0.0,0,0,0,0,0.0,0.0,0.0,0,0,False,0.11600640416145325,7.382917368228204e-05,0.00022148752104684608,14736,0
1843,843,supervised,0.1798257976770401,0.013931924477219582,0.0,0.0,0,0,0,0,0.0,0.0,0.0,0,0,False,0.11600929498672485,7.380039914392267e-05,0.00022140119743176799,14744,0
1844,844,supervised,0.16826190799474716,0.016528140753507614,0.0,0.0,0,0,0,0,0.0,0.0,0.0,0,0,False,0.1160123273730278,7.377161441022842e-05,0.00022131484323068522,14752,0
1845,845,supervised,0.2479247823357582,0.02130789030343294,0.0,0.0,0,0,0,0,0.0,0.0,0.0,0,0,False,0.1160149797797203,7.374281949352973e-05,0.00022122845848058915,14760,0
1846,846,supervised,0.19030306488275528,0.017117494251579046,0.0,0.0,0,0,0,0,0.0,0.0,0.0,0,0,False,0.11601784080266953,7.371401440616146e-05,0.00022114204321848434,14768,0
1847,847,supervised,0.18852747231721878,0.014090224634855986,0.0,0.0,0,0,0,0,0.0,0.0,0.0,0,0,False,0.11602108180522919,7.368519916046279e-05,0.00022105559748138834,14776,0
1848,848,supervised,0.23436473309993744,0.013917988166213036,0.0,0.0,0,0,0,0,0.0,0.0,0.0,0,0,False,0.1160241886973381,7.365637376877724e-05,0.0002209691213063317,14784,0
1849,849,supervised,0.12095789983868599,0.014930727425962687,0.0,0.0,0,0,0,0,0.0,0.0,0.0,0,0,False,0.11602767556905746,7.362753824345272e-05,0.0002208826147303581,14792,0
1850,850,supervised,0.0860623624175787,0.02518662717193365,0.0,0.0,0,0,0,0,0.0,0.0,0.0,0,0,False,0.11603108048439026,7.35986925968414e-05,0.00022079607779052418,14800,0
1851,851,supervised,0.09187191352248192,0.015804077498614788,0.0,0.0,0,0,0,0,0.0,0.0,0.0,0,0,False,0.11603429913520813,7.35698368412999e-05,0.00022070951052389966,14808,0
1852,852,supervised,0.27826739847660065,0.013897140976041555,0.0,0.0,0,0,0,0,0.0,0.0,0.0,0,0,False,0.11603733152151108,7.354097098918907e-05,0.00022062291296756715,14816,0
1853,853,supervised,0.12184901535511017,0.013804514426738024,0.0,0.0,0,0,0,0,0.0,0.0,0.0,0,0,False,0.11604027450084686,7.351209505287412e-05,0.00022053628515862232,14824,0
1854,854,supervised,0.18711935728788376,0.01816786639392376,0.0,0.0,0,0,0,0,0.0,0.0,0.0,0,0,False,0.11604313552379608,7.34832090447246e-05,0.0002204496271341738,14832,0
1855,855,supervised,0.1734323762357235,0.014267892576754093,0.0,0.0,0,0,0,0,0.0,0.0,0.0,0,0,False,0.11604584753513336,7.345431297711436e-05,0.0002203629389313431,14840,0
1856,856,supervised,0.21715829521417618,0.017600005958229303,0.0,0.0,0,0,0,0,0.0,0.0,0.0,0,0,False,0.11604881286621094,7.342540686242158e-05,0.00022027622058726473,14848,0
1857,857,supervised,0.17682544887065887,0.017279199790209532,0.0,0.0,0,0,0,0,0.0,0.0,0.0,0,0,False,0.11605177074670792,7.339649071302867e-05,0.000220189472139086,14856,0
1858,858,supervised,0.23715341836214066,0.014219698030501604,0.0,0.0,0,0,0,0,0.0,0.0,0.0,0,0,False,0.11605466902256012,7.336756454132243e-05,0.00022010269362396722,14864,0
1859,859,supervised,0.21094274148344994,0.015125803649425507,0.0,0.0,0,0,0,0,0.0,0.0,0.0,0,0,False,0.11605752259492874,7.333862835969389e-05,0.0002200158850790816,14872,0
1860,860,supervised,0.2346676141023636,0.014090019278228283,0.0,0.0,0,0,0,0,0.0,0.0,0.0,0,0,False,0.11606019735336304,7.33096821805384e-05,0.00021992904654161515,14880,0
1861,861,supervised,0.13132312893867493,0.018841760233044624,0.0,0.0,0,0,0,0,0.0,0.0,0.0,0,0,False,0.11606263369321823,7.328072601625557e-05,0.0002198421780487667,14888,0
1862,862,supervised,0.10022524558007717,0.015538813080638647,0.0,0.0,0,0,0,0,0.0,0.0,0.0,0,0,False,0.11606502532958984,7.325175987924932e-05,0.00021975527963774796,14896,0
1863,863,supervised,0.178191140294075,0.014407258946448565,0.0,0.0,0,0,0,0,0.0,0.0,0.0,0,0,False,0.11606743931770325,7.322278378192783e-05,0.00021966835134578345,14904,0
1864,864,supervised,0.23658092319965363,0.015965346712619066,0.0,0.0,0,0,0,0,0.0,0.0,0.0,0,0,False,0.11606977880001068,7.319379773670352e-05,0.00021958139321011052,14912,0
1865,865,supervised,0.1369585432112217,0.017007616348564625,0.0,0.0,0,0,0,0,0.0,0.0,0.0,0,0,False,0.11607203632593155,7.316480175599309e-05,0.00021949440526797926,14920,0
1866,866,supervised,0.06033174693584442,0.015322085469961166,0.0,0.0,0,0,0,0,0.0,0.0,0.0,0,0,False,0.11607451736927032,7.313579585221751e-05,0.0002194073875566525,14928,0
1867,867,supervised,0.09969264641404152,0.014993278309702873,0.0,0.0,0,0,0,0,0.0,0.0,0.0,0,0,False,0.11607743799686432,7.310678003780197e-05,0.00021932034011340587,14936,0
1868,868,supervised,0.16226741671562195,0.016505186911672354,0.0,0.0,0,0,0,0,0.0,0.0,0.0,0,0,False,0.11608023941516876,7.307775432517595e-05,0.00021923326297552782,14944,0
1869,869,supervised,0.1678144745528698,0.01550084026530385,0.0,0.0,0,0,0,0,0.0,0.0,0.0,0,0,False,0.1160830408334732,7.304871872677312e-05,0.00021914615618031933,14952,0
1870,870,supervised,0.29776906222105026,0.015041742939502,0.0,0.0,0,0,0,0,0.0,0.0,0.0,0,0,False,0.11608604341745377,7.301967325503142e-05,0.00021905901976509423,14960,0
1871,871,supervised,0.08621479943394661,0.016422979533672333,0.0,0.0,0,0,0,0,0.0,0.0,0.0,0,0,False,0.11608897894620895,7.2990617922393e-05,0.00021897185376717899,14968,0
1872,872,supervised,0.12505773082375526,0.015253373887389898,0.0,0.0,0,0,0,0,0.0,0.0,0.0,0,0,False,0.11609203368425369,7.296155274130425e-05,0.00021888465822391269,14976,0
1873,873,supervised,0.13792064040899277,0.014956328086555004,0.0,0.0,0,0,0,0,0.0,0.0,0.0,0,0,False,0.11609532684087753,7.293247772421576e-05,0.00021879743317264726,14984,0
1874,874,supervised,0.11875776574015617,0.01424828078597784,0.0,0.0,0,0,0,0,0.0,0.0,0.0,0,0,False,0.11609851568937302,7.290339288358233e-05,0.00021871017865074697,14992,0
1875,875,supervised,0.24092000722885132,0.014570267405360937,0.0,0.0,0,0,0,0,0.0,0.0,0.0,0,0,False,0.11610167473554611,7.287429823186303e-05,0.00021862289469558904,15000,0
1876,876,supervised,0.13820478320121765,0.015087553299963474,0.0,0.0,0,0,0,0,0.0,0.0,0.0,0,0,False,0.11610475927591324,7.284519378152103e-05,0.00021853558134456307,15008,0
1877,877,supervised,0.28362947702407837,0.014776905998587608,0.0,0.0,0,0,0,0,0.0,0.0,0.0,0,0,False,0.11610756069421768,7.28160795450238e-05,0.00021844823863507136,15016,0
1878,878,supervised,0.1316283494234085,0.014872664120048285,0.0,0.0,0,0,0,0,0.0,0.0,0.0,0,0,False,0.11611028760671616,7.278695553484292e-05,0.00021836086660452871,15024,0
1879,879,supervised,0.1256132423877716,0.015267720445990562,0.0,0.0,0,0,0,0,0.0,0.0,0.0,0,0,False,0.11611288785934448,7.27578217634542e-05,0.00021827346529036256,15032,0
1880,880,supervised,0.12907850369811058,0.018882119096815586,0.0,0.0,0,0,0,0,0.0,0.0,0.0,0,0,False,0.1161152794957161,7.272867824333762e-05,0.00021818603473001283,15040,0
1881,881,supervised,0.22696071863174438,0.014128126204013824,0.0,0.0,0,0,0,0,0.0,0.0,0.0,0,0,False,0.11611782759428024,7.269952498697734e-05,0.00021809857496093199,15048,0
1882,882,supervised,0.0783505029976368,0.014341236557811499,0.0,0.0,0,0,0,0,0.0,0.0,0.0,0,0,False,0.11612091213464737,7.267036200686171e-05,0.00021801108602058507,15056,0
1883,883,supervised,0.14569232612848282,0.021940357983112335,0.0,0.0,0,0,0,0,0.0,0.0,0.0,0,0,False,0.11612376570701599,7.264118931548318e-05,0.00021792356794644952,15064,0
1884,884,supervised,0.14152182266116142,0.014060444664210081,0.0,0.0,0,0,0,0,0.0,0.0,0.0,0,0,False,0.11612769961357117,7.261200692533844e-05,0.00021783602077601527,15072,0
1885,885,supervised,0.13131549209356308,0.01581951417028904,0.0,0.0,0,0,0,0,0.0,0.0,0.0,0,0,False,0.11613159626722336,7.258281484892829e-05,0.00021774844454678483,15080,0
1886,886,supervised,0.17060276865959167,0.015629807952791452,0.0,0.0,0,0,0,0,0.0,0.0,0.0,0,0,False,0.11613523960113525,7.255361309875768e-05,0.000217660839296273,15088,0
1887,887,supervised,0.1247766986489296,0.016269413754343987,0.0,0.0,0,0,0,0,0.0,0.0,0.0,0,0,False,0.11613872647285461,7.252440168733572e-05,0.00021757320506200713,15096,0
1888,888,supervised,0.12280654162168503,0.016167950816452503,0.0,0.0,0,0,0,0,0.0,0.0,0.0,0,0,False,0.11614195257425308,7.249518062717565e-05,0.00021748554188152694,15104,0
1889,889,supervised,0.16937357187271118,0.013809174299240112,0.0,0.0,0,0,0,0,0.0,0.0,0.0,0,0,False,0.11614501476287842,7.246594993079482e-05,0.00021739784979238447,15112,0
1890,890,supervised,0.1283521130681038,0.01694314694032073,0.0,0.0,0,0,0,0,0.0,0.0,0.0,0,0,False,0.11614815145730972,7.243670961071478e-05,0.00021731012883214433,15120,0
1891,891,supervised,0.1948840469121933,0.01857407297939062,0.0,0.0,0,0,0,0,0.0,0.0,0.0,0,0,False,0.11615105718374252,7.240745967946113e-05,0.00021722237903838338,15128,0
1892,892,supervised,0.11522156186401844,0.017249672207981348,0.0,0.0,0,0,0,0,0.0,0.0,0.0,0,0,False,0.11615388840436935,7.237820014956361e-05,0.00021713460044869078,15136,0
1893,893,supervised,0.1938047893345356,0.013971003238111734,0.0,0.0,0,0,0,0,0.0,0.0,0.0,0,0,False,0.11615654081106186,7.234893103355607e-05,0.00021704679310066818,15144,0
1894,894,supervised,0.05765412375330925,0.01387477433308959,0.0,0.0,0,0,0,0,0.0,0.0,0.0,0,0,False,0.11615955084562302,7.231965234397645e-05,0.00021695895703192932,15152,0
1895,895,supervised,0.1989274024963379,0.014220223296433687,0.0,0.0,0,0,0,0,0.0,0.0,0.0,0,0,False,0.1161622703075409,7.229036409336687e-05,0.00021687109228010057,15160,0
1896,896,supervised,0.1252550259232521,0.014730461407452822,0.0,0.0,0,0,0,0,0.0,0.0,0.0,0,0,False,0.11616522818803787,7.226106629427342e-05,0.00021678319888282022,15168,0
1897,897,supervised,0.12282778695225716,0.018636800814419985,0.0,0.0,0,0,0,0,0.0,0.0,0.0,0,0,False,0.11616812646389008,7.223175895924638e-05,0.0002166952768777391,15176,0
1898,898,supervised,0.11138857528567314,0.017237121239304543,0.0,0.0,0,0,0,0,0.0,0.0,0.0,0,0,False,0.11617090553045273,7.220244210084008e-05,0.00021660732630252022,15184,0
1899,899,supervised,0.18997376412153244,0.018237742129713297,0.0,0.0,0,0,0,0,0.0,0.0,0.0,0,0,False,0.11617359519004822,7.217311573161293e-05,0.00021651934719483875,15192,0
1900,900,supervised,0.19053229689598083,0.016657892614603043,0.0,0.0,0,0,0,0,0.0,0.0,0.0,0,0,False,0.11617624759674072,7.214377986412741e-05,0.0002164313395923822,15200,0
1901,901,supervised,0.0935140997171402,0.02426243107765913,0.0,0.0,0,0,0,0,0.0,0.0,0.0,0,0,False,0.11617870628833771,7.211443451095007e-05,0.00021634330353285017,15208,0
1902,902,supervised,0.06822235509753227,0.014531549997627735,0.0,0.0,0,0,0,0,0.0,0.0,0.0,0,0,False,0.11618121713399887,7.208507968465154e-05,0.00021625523905395458,15216,0
1903,903,supervised,0.1416621394455433,0.0212867702357471,0.0,0.0,0,0,0,0,0.0,0.0,0.0,0,0,False,0.11618376523256302,7.205571539780648e-05,0.0002161671461934194,15224,0
1904,904,supervised,0.09847526624798775,0.020383385010063648,0.0,0.0,0,0,0,0,0.0,0.0,0.0,0,0,False,0.1161862462759018,7.202634166299364e-05,0.00021607902498898087,15232,0
1905,905,supervised,0.123728197067976,0.014930567238479853,0.0,0.0,0,0,0,0,0.0,0.0,0.0,0,0,False,0.11618870496749878,7.199695849279576e-05,0.00021599087547838727,15240,0
1906,906,supervised,0.12350752204656601,0.0156172807328403,0.0,0.0,0,0,0,0,0.0,0.0,0.0,0,0,False,0.11619111150503159,7.196756589979969e-05,0.000215902697699399,15248,0
1907,907,supervised,0.30818136036396027,0.014123041182756424,0.0,0.0,0,0,0,0,0.0,0.0,0.0,0,0,False,0.11619330197572708,7.193816389659626e-05,0.00021581449168978878,15256,0
1908,908,supervised,0.12015340849757195,0.015367766376584768,0.0,0.0,0,0,0,0,0.0,0.0,0.0,0,0,False,0.11619570851325989,7.190875249578037e-05,0.0002157262574873411,15264,0
1909,909,supervised,0.21545498818159103,0.013678750488907099,0.0,0.0,0,0,0,0,0.0,0.0,0.0,0,0,False,0.11619806289672852,7.187933170995094e-05,0.00021563799512985278,15272,0
1910,910,supervised,0.07362829148769379,0.015386823564767838,0.0,0.0,0,0,0,0,0.0,0.0,0.0,0,0,False,0.11620067805051804,7.184990155171086e-05,0.00021554970465513255,15280,0
1911,911,supervised,0.23295766487717628,0.01769258640706539,0.0,0.0,0,0,0,0,0.0,0.0,0.0,0,0,False,0.11620321869850159,7.18204620336671e-05,0.00021546138610100128,15288,0
1912,912,supervised,0.2763509973883629,0.018194965552538633,0.0,0.0,0,0,0,0,0.0,0.0,0.0,0,0,False,0.11620579659938812,7.179101316843062e-05,0.00021537303950529185,15296,0
1913,913,supervised,0.1454394944012165,0.01758112572133541,0.0,0.0,0,0,0,0,0.0,0.0,0.0,0,0,False,0.11620859056711197,7.176155496861638e-05,0.00021528466490584912,15304,0
1914,914,supervised,0.19922253489494324,0.01656967308372259,0.0,0.0,0,0,0,0,0.0,0.0,0.0,0,0,False,0.11621160060167313,7.173208744684332e-05,0.00021519626234052993,15312,0
1915,915,supervised,0.1375969536602497,0.013506796676665545,0.0,0.0,0,0,0,0,0.0,0.0,0.0,0,0,False,0.11621493846178055,7.17026106157344e-05,0.00021510783184720318,15320,0
1916,916,supervised,0.07069394364953041,0.01622717035934329,0.0,0.0,0,0,0,0,0.0,0.0,0.0,0,0,False,0.11621810495853424,7.167312448791655e-05,0.0002150193734637496,15328,0
1917,917,supervised,0.1607976034283638,0.014215142000466585,0.0,0.0,0,0,0,0,0.0,0.0,0.0,0,0,False,0.11622109264135361,7.164362907602072e-05,0.0002149308872280621,15336,0
1918,918,supervised,0.11997847259044647,0.01705230586230755,0.0,0.0,0,0,0,0,0.0,0.0,0.0,0,0,False,0.11622396856546402,7.161412439268175e-05,0.00021484237317804522,15344,0
1919,919,supervised,0.17831401154398918,0.015144511591643095,0.0,0.0,0,0,0,0,0.0,0.0,0.0,0,0,False,0.11622671037912369,7.158461045053856e-05,0.00021475383135161565,15352,0
1920,920,supervised,0.2548096626996994,0.013976376503705978,0.0,0.0,0,0,0,0,0.0,0.0,0.0,0,0,False,0.11622951924800873,7.155508726223395e-05,0.00021466526178670183,15360,0
1921,921,supervised,0.18101908266544342,0.01381612429395318,0.0,0.0,0,0,0,0,0.0,0.0,0.0,0,0,False,0.11623235046863556,7.152555484041476e-05,0.00021457666452124428,15368,0
1922,922,supervised,0.2323538437485695,0.014303129632025957,0.0,0.0,0,0,0,0,0.0,0.0,0.0,0,0,False,0.11623498052358627,7.149601319773172e-05,0.0002144880395931951,15376,0
1923,923,supervised,0.24120645225048065,0.01808135397732258,0.0,0.0,0,0,0,0,0.0,0.0,0.0,0,0,False,0.11623745411634445,7.146646234683951e-05,0.00021439938704051847,15384,0
1924,924,supervised,0.15146558731794357,0.014553494285792112,0.0,0.0,0,0,0,0,0.0,0.0,0.0,0,0,False,0.1162400096654892,7.143690230039679e-05,0.00021431070690119033,15392,0
1925,925,supervised,0.2069382667541504,0.018136803060770035,0.0,0.0,0,0,0,0,0.0,0.0,0.0,0,0,False,0.1162424311041832,7.140733307106615e-05,0.00021422199921319844,15400,0
1926,926,supervised,0.13996030390262604,0.014459488447755575,0.0,0.0,0,0,0,0,0.0,0.0,0.0,0,0,False,0.11624497920274734,7.137775467151411e-05,0.0002141332640145423,15408,0
1927,927,supervised,0.1461995728313923,0.016560254152864218,0.0,0.0,0,0,0,0,0.0,0.0,0.0,0,0,False,0.1162475198507309,7.134816711441112e-05,0.0002140445013432333,15416,0
1928,928,supervised,0.1343308612704277,0.01469240803271532,0.0,0.0,0,0,0,0,0.0,0.0,0.0,0,0,False,0.11625021696090698,7.131857041243152e-05,0.00021395571123729453,15424,0
1929,929,supervised,0.13939088582992554,0.0169857582077384,0.0,0.0,0,0,0,0,0.0,0.0,0.0,0,0,False,0.11625289171934128,7.128896457825364e-05,0.00021386689373476087,15432,0
1930,930,supervised,0.13436919823288918,0.017615357413887978,0.0,0.0,0,0,0,0,0.0,0.0,0.0,0,0,False,0.11625541746616364,7.125934962455964e-05,0.00021377804887367892,15440,0
1931,931,supervised,0.1787879392504692,0.014114798977971077,0.0,0.0,0,0,0,0,0.0,0.0,0.0,0,0,False,0.11625795066356659,7.122972556403567e-05,0.00021368917669210697,15448,0
1932,932,supervised,0.10839748568832874,0.01567444996908307,0.0,0.0,0,0,0,0,0.0,0.0,0.0,0,0,False,0.11626048386096954,7.120009240937168e-05,0.00021360027722811505,15456,0
1933,933,supervised,0.1693970039486885,0.014642945490777493,0.0,0.0,0,0,0,0,0.0,0.0,0.0,0,0,False,0.11626292020082474,7.117045017326162e-05,0.00021351135051978482,15464,0
1934,934,supervised,0.07556390762329102,0.014180460944771767,0.0,0.0,0,0,0,0,0.0,0.0,0.0,0,0,False,0.11626596748828888,7.114079886840326e-05,0.00021342239660520975,15472,0
1935,935,supervised,0.1786402240395546,0.016254528425633907,0.0,0.0,0,0,0,0,0.0,0.0,0.0,0,0,False,0.11626870930194855,7.111113850749828e-05,0.0002133334155224948,15480,0
1936,936,supervised,0.17378900945186615,0.015147071797400713,0.0,0.0,0,0,0,0,0.0,0.0,0.0,0,0,False,0.11627127975225449,7.108146910325223e-05,0.00021324440730975666,15488,0
1937,937,supervised,0.2334279790520668,0.014378029387444258,0.0,0.0,0,0,0,0,0.0,0.0,0.0,0,0,False,0.11627380549907684,7.105179066837456e-05,0.00021315537200512362,15496,0
1938,938,supervised,0.2329244464635849,0.015706743579357862,0.0,0.0,0,0,0,0,0.0,0.0,0.0,0,0,False,0.11627625674009323,7.102210321557855e-05,0.00021306630964673562,15504,0
1939,939,supervised,0.05522369593381882,0.01682612393051386,0.0,0.0,0,0,0,0,0.0,0.0,0.0,0,0,False,0.11627858877182007,7.099240675758137e-05,0.00021297722027274407,15512,0
1940,940,supervised,0.1759074665606022,0.017513854894787073,0.0,0.0,0,0,0,0,0.0,0.0,0.0,0,0,False,0.11628076434135437,7.096270130710403e-05,0.00021288810392131207,15520,0
1941,941,supervised,0.11890418455004692,0.015928805340081453,0.0,0.0,0,0,0,0,0.0,0.0,0.0,0,0,False,0.11628280580043793,7.09329868768714e-05,0.0002127989606306142,15528,0
1942,942,supervised,0.22862740606069565,0.014502828009426594,0.0,0.0,0,0,0,0,0.0,0.0,0.0,0,0,False,0.11628542095422745,7.090326347961223e-05,0.00021270979043883664,15536,0
1943,943,supervised,0.2081449031829834,0.016635005362331867,0.0,0.0,0,0,0,0,0.0,0.0,0.0,0,0,False,0.11628793925046921,7.087353112805905e-05,0.00021262059338417712,15544,0
1944,944,supervised,0.1779559999704361,0.01582847675308585,0.0,0.0,0,0,0,0,0.0,0.0,0.0,0,0,False,0.11629023402929306,7.084378983494824e-05,0.0002125313695048447,15552,0
1945,945,supervised,0.12229667231440544,0.015156960114836693,0.0,0.0,0,0,0,0,0.0,0.0,0.0,0,0,False,0.11629249900579453,7.081403961302006e-05,0.00021244211883906017,15560,0
1946,946,supervised,0.1912083998322487,0.016548544634133577,0.0,0.0,0,0,0,0,0.0,0.0,0.0,0,0,False,0.11629461497068405,7.078428047501855e-05,0.00021235284142505562,15568,0
1947,947,supervised,0.1383659392595291,0.017851799726486206,0.0,0.0,0,0,0,0,0.0,0.0,0.0,0,0,False,0.11629665642976761,7.075451243369157e-05,0.00021226353730107467,15576,0
1948,948,supervised,0.12968338280916214,0.01447270903736353,0.0,0.0,0,0,0,0,0.0,0.0,0.0,0,0,False,0.11629882454872131,7.07247355017908e-05,0.00021217420650537238,15584,0
1949,949,supervised,0.2916218191385269,0.013906534761190414,0.0,0.0,0,0,0,0,0.0,0.0,0.0,0,0,False,0.11630094051361084,7.069494969207174e-05,0.0002120848490762152,15592,0
1950,950,supervised,0.07735109329223633,0.015142862685024738,0.0,0.0,0,0,0,0,0.0,0.0,0.0,0,0,False,0.11630333960056305,7.06651550172937e-05,0.00021199546505188104,15600,0
1951,951,supervised,0.08621322736144066,0.015428570564836264,0.0,0.0,0,0,0,0,0.0,0.0,0.0,0,0,False,0.1163058802485466,7.063535149021973e-05,0.00021190605447065917,15608,0
1952,952,supervised,0.1384204998612404,0.01841764058917761,0.0,0.0,0,0,0,0,0.0,0.0,0.0,0,0,False,0.11630875617265701,7.060553912361677e-05,0.00021181661737085028,15616,0
1953,953,supervised,0.14171255379915237,0.01764621865004301,0.0,0.0,0,0,0,0,0.0,0.0,0.0,0,0,False,0.1163114681839943,7.057571793025544e-05,0.00021172715379076632,15624,0
1954,954,supervised,0.18553616106510162,0.015844289679080248,0.0,0.0,0,0,0,0,0.0,0.0,0.0,0,0,False,0.11631409823894501,7.054588792291022e-05,0.0002116376637687306,15632,0
1955,955,supervised,0.18354667723178864,0.014312641695141792,0.0,0.0,0,0,0,0,0.0,0.0,0.0,0,0,False,0.11631651967763901,7.051604911435932e-05,0.00021154814734307797,15640,0
1956,956,supervised,0.1453179009258747,0.01727996300905943,0.0,0.0,0,0,0,0,0.0,0.0,0.0,0,0,False,0.11631933599710464,7.048620151738477e-05,0.0002114586045521543,15648,0
1957,957,supervised,0.14011330157518387,0.0171274458989501,0.0,0.0,0,0,0,0,0.0,0.0,0.0,0,0,False,0.11632208526134491,7.045634514477229e-05,0.00021136903543431685,15656,0
1958,958,supervised,0.12102432548999786,0.016104151494801044,0.0,0.0,0,0,0,0,0.0,0.0,0.0,0,0,False,0.11632480472326279,7.042648000931144e-05,0.00021127944002793426,15664,0
1959,959,supervised,0.0687420517206192,0.015937876421958208,0.0,0.0,0,0,0,0,0.0,0.0,0.0,0,0,False,0.1163274273276329,7.039660612379546e-05,0.00021118981837138636,15672,0
1960,960,supervised,0.11773251742124557,0.01409934414550662,0.0,0.0,0,0,0,0,0.0,0.0,0.0,0,0,False,0.11633002012968063,7.03667235010214e-05,0.00021110017050306418,15680,0
1961,961,supervised,0.10717964544892311,0.01599743962287903,0.0,0.0,0,0,0,0,0.0,0.0,0.0,0,0,False,0.11633255332708359,7.033683215379002e-05,0.00021101049646137003,15688,0
1962,962,supervised,0.2916243076324463,0.013809482101351023,0.0,0.0,0,0,0,0,0.0,0.0,0.0,0,0,False,0.11633500456809998,7.03069320949058e-05,0.0002109207962847174,15696,0
1963,963,supervised,0.14200452715158463,0.015662961173802614,0.0,0.0,0,0,0,0,0.0,0.0,0.0,0,0,False,0.11633756756782532,7.027702333717702e-05,0.00021083107001153102,15704,0
1964,964,supervised,0.38835233449935913,0.013573961332440376,0.0,0.0,0,0,0,0,0.0,0.0,0.0,0,0,False,0.11633997410535812,7.024710589341561e-05,0.0002107413176802468,15712,0
1965,965,supervised,0.13251010328531265,0.0140130165964365,0.0,0.0,0,0,0,0,0.0,0.0,0.0,0,0,False,0.1163429245352745,7.021717977643726e-05,0.00021065153932931175,15720,0
1966,966,supervised,0.1897856891155243,0.015858700964599848,0.0,0.0,0,0,0,0,0.0,0.0,0.0,0,0,False,0.11634602397680283,7.018724499906135e-05,0.00021056173499718402,15728,0
1967,967,supervised,0.1926017627120018,0.016324508003890514,0.0,0.0,0,0,0,0,0.0,0.0,0.0,0,0,False,0.11634884029626846,7.015730157411102e-05,0.00021047190472233305,15736,0
1968,968,supervised,0.057999301701784134,0.014448631554841995,0.0,0.0,0,0,0,0,0.0,0.0,0.0,0,0,False,0.1163518875837326,7.012734951441307e-05,0.0002103820485432392,15744,0
1969,969,supervised,0.14044276624917984,0.02007126994431019,0.0,0.0,0,0,0,0,0.0,0.0,0.0,0,0,False,0.11635458469390869,7.009738883279802e-05,0.000210292166498394,15752,0
1970,970,supervised,0.08016607910394669,0.015368569642305374,0.0,0.0,0,0,0,0,0.0,0.0,0.0,0,0,False,0.11635710299015045,7.006741954210004e-05,0.0002102022586263001,15760,0
1971,971,supervised,0.11311508528888226,0.014456766191869974,0.0,0.0,0,0,0,0,0.0,0.0,0.0,0,0,False,0.11635973304510117,7.003744165515705e-05,0.0002101123249654711,15768,0
1972,972,supervised,0.17570534348487854,0.015719495248049498,0.0,0.0,0,0,0,0,0.0,0.0,0.0,0,0,False,0.11636225134134293,7.000745518481062e-05,0.00021002236555443183,15776,0
1973,973,supervised,0.16257870569825172,0.013639641925692558,0.0,0.0,0,0,0,0,0.0,0.0,0.0,0,0,False,0.1163647472858429,6.997746014390601e-05,0.000209932380431718,15784,0
1974,974,supervised,0.07033552788197994,0.014721516519784927,0.0,0.0,0,0,0,0,0.0,0.0,0.0,0,0,False,0.11636735498905182,6.994745654529212e-05,0.00020984236963587634,15792,0
1975,975,supervised,0.18063972145318985,0.01879167277365923,0.0,0.0,0,0,0,0,0.0,0.0,0.0,0,0,False,0.11636994779109955,6.991744440182155e-05,0.00020975233320546464,15800,0
1976,976,supervised,0.24384862929582596,0.015056169591844082,0.0,0.0,0,0,0,0,0.0,0.0,0.0,0,0,False,0.1163724958896637,6.988742372635056e-05,0.00020966227117905163,15808,0
1977,977,supervised,0.12426592409610748,0.018004994373768568,0.0,0.0,0,0,0,0,0.0,0.0,0.0,0,0,False,0.11637508124113083,6.985739453173903e-05,0.00020957218359521706,15816,0
1978,978,supervised,0.14477647840976715,0.014727185014635324,0.0,0.0,0,0,0,0,0.0,0.0,0.0,0,0,False,0.11637789756059647,6.982735683085056e-05,0.00020948207049255164,15824,0
1979,979,supervised,0.18525927513837814,0.014861145056784153,0.0,0.0,0,0,0,0,0.0,0.0,0.0,0,0,False,0.11638066172599792,6.979731063655227e-05,0.0002093919319096568,15832,0
1980,980,supervised,0.17229216173291206,0.017680163495242596,0.0,0.0,0,0,0,0,0.0,0.0,0.0,0,0,False,0.11638269573450089,6.976725596171505e-05,0.00020930176788514513,15840,0
1981,981,supervised,0.18189207464456558,0.017144347075372934,0.0,0.0,0,0,0,0,0.0,0.0,0.0,0,0,False,0.11638468503952026,6.973719281921335e-05,0.00020921157845764005,15848,0
1982,982,supervised,0.2421857938170433,0.014557016547769308,0.0,0.0,0,0,0,0,0.0,0.0,0.0,0,0,False,0.11638668179512024,6.970712122192531e-05,0.0002091213636657759,15856,0
1983,983,supervised,0.1563616283237934,0.013882318045943975,0.0,0.0,0,0,0,0,0.0,0.0,0.0,0,0,False,0.11638949066400528,6.967704118273258e-05,0.0002090311235481977,15864,0
1984,984,supervised,0.1691458262503147,0.015043075662106276,0.0,0.0,0,0,0,0,0.0,0.0,0.0,0,0,False,0.11639241129159927,6.964695271452052e-05,0.00020894085814356152,15872,0
1985,985,supervised,0.11337553709745407,0.015735994093120098,0.0,0.0,0,0,0,0,0.0,0.0,0.0,0,0,False,0.11639541387557983,6.961685583017808e-05,0.0002088505674905342,15880,0
1986,986,supervised,0.08440810069441795,0.018963057082146406,0.0,0.0,0,0,0,0,0.0,0.0,0.0,0,0,False,0.1163981482386589,6.95867505425978e-05,0.00020876025162779336,15888,0
1987,987,supervised,0.13123739510774612,0.01510818675160408,0.0,0.0,0,0,0,0,0.0,0.0,0.0,0,0,False,0.11640115082263947,6.955663686467585e-05,0.0002086699105940275,15896,0
1988,988,supervised,0.20468340814113617,0.024337357841432095,0.0,0.0,0,0,0,0,0.0,0.0,0.0,0,0,False,0.11640381067991257,6.952651480931193e-05,0.00020857954442793578,15904,0
1989,989,supervised,0.17746983468532562,0.01615567598491907,0.0,0.0,0,0,0,0,0.0,0.0,0.0,0,0,False,0.1164064109325409,6.949638438940942e-05,0.00020848915316822823,15912,0
1990,990,supervised,0.12123717367649078,0.014189422596246004,0.0,0.0,0,0,0,0,0.0,0.0,0.0,0,0,False,0.11640939116477966,6.94662456178752e-05,0.00020839873685362558,15920,0
1991,991,supervised,0.12235598266124725,0.015597095247358084,0.0,0.0,0,0,0,0,0.0,0.0,0.0,0,0,False,0.11641373485326767,6.943609850761979e-05,0.00020830829552285932,15928,0
1992,992,supervised,0.24972320348024368,0.021109984256327152,0.0,0.0,0,0,0,0,0.0,0.0,0.0,0,0,False,0.11641756445169449,6.940594307155724e-05,0.00020821782921467166,15936,0
1993,993,supervised,0.18857020884752274,0.015041090082377195,0.0,0.0,0,0,0,0,0.0,0.0,0.0,0,0,False,0.11642105132341385,6.937577932260515e-05,0.00020812733796781542,15944,0
1994,994,supervised,0.22365489602088928,0.015714336652308702,0.0,0.0,0,0,0,0,0.0,0.0,0.0,0,0,False,0.11642416566610336,6.934560727368477e-05,0.00020803682182105425,15952,0
1995,995,supervised,0.22895652055740356,0.014062374830245972,0.0,0.0,0,0,0,0,0.0,0.0,0.0,0,0,False,0.11642717570066452,6.931542693772081e-05,0.0002079462808131624,15960,0
1996,996,supervised,0.15067385137081146,0.019126852974295616,0.0,0.0,0,0,0,0,0.0,0.0,0.0,0,0,False,0.11643017828464508,6.928523832764158e-05,0.0002078557149829247,15968,0
1997,997,supervised,0.14318830892443657,0.014086602255702019,0.0,0.0,0,0,0,0,0.0,0.0,0.0,0,0,False,0.11643297225236893,6.925504145637891e-05,0.0002077651243691367,15976,0
1998,998,supervised,0.1793970912694931,0.01575802732259035,0.0,0.0,0,0,0,0,0.0,0.0,0.0,0,0,False,0.1164357140660286,6.922483633686818e-05,0.00020767450901060453,15984,0
1999,999,supervised,0.22454878687858582,0.01551436772570014,0.0,0.0,0,0,0,0,0.0,0.0,0.0,0,0,False,0.11643840372562408,6.919462298204834e-05,0.000207583868946145,15992,0
2000,1000,supervised,0.17404857277870178,0.015394569374620914,0.0,0.0,0,0,0,0,0.0,0.0,0.0,0,0,False,0.11644111573696136,6.916440140486177e-05,0.00020749320421458532,16000,0
