step,loss,supervised_loss,text_aux_loss,alpha,selected_aux_patches,encoder_lr,head_lr,images_seen
1,0.9645074158906936,0.8868769556283951,0.7763046473264694,0.0999998673796653,104028,5.000000000000001e-07,1.4999999999999998e-06,16
2,0.9642176032066344,0.8870397806167603,0.7717781960964203,0.0999996066093444,103776,1.0000000000000002e-06,3e-06,32
3,0.9638565927743912,0.8867624998092651,0.770940899848938,0.099999226629734,101907,1.5e-06,4.499999999999999e-06,48
4,0.9638456404209136,0.8869254142045975,0.7692023068666458,0.0999987125396728,98143,2.0000000000000003e-06,5.999999999999999e-06,64
5,0.9629473090171814,0.8866791725158691,0.7626812905073166,0.0999980643391609,99028,2.5e-06,7.499999999999999e-06,80
6,0.9624399989843369,0.8860662132501602,0.7637379765510559,0.0999972894787788,97106,3e-06,8.999999999999999e-06,96
7,0.9598076194524764,0.8840848058462143,0.7572281658649445,0.0999963954091072,96305,3.5000000000000004e-06,1.05e-05,112
8,0.9524239599704742,0.8771422207355499,0.7528174370527267,0.0999953523278236,93642,4.000000000000001e-06,1.2e-05,128
9,0.9595193564891816,0.8844716995954514,0.7504764497280121,0.0999942272901535,102375,4.5e-06,1.3499999999999998e-05,144
10,0.9429649114608764,0.8690004199743271,0.7396450340747833,0.099992997944355,98279,5e-06,1.5e-05,160
11,0.9489116072654724,0.8756069093942642,0.7330470532178879,0.0999916940927505,99934,5.500000000000001e-06,1.6499999999999998e-05,176
12,0.9388913065195084,0.8665146082639694,0.7237669676542282,0.0999903380870819,99494,6e-06,1.7999999999999997e-05,192
13,0.9153205901384354,0.8442476391792297,0.7107293605804443,0.099988967180252,90510,6.5e-06,1.95e-05,208
14,0.9376626312732697,0.8672368675470352,0.7042576968669891,0.0999876111745834,97992,7.000000000000001e-06,2.1e-05,224
15,0.9379360377788544,0.8681528121232986,0.6978322118520737,0.0999863296747207,101895,7.5e-06,2.25e-05,240
16,0.9228492975234984,0.8541056215763092,0.6874368637800217,0.0999851450324058,99760,8.000000000000001e-06,2.4e-05,256
17,0.9421506822109222,0.8745499551296234,0.6760072559118271,0.0999841839075088,106334,8.500000000000002e-06,2.55e-05,272
18,0.927702009677887,0.861665278673172,0.6603672206401825,0.0999835431575775,103604,9e-06,2.7e-05,288
19,0.9177143275737762,0.8529329895973206,0.6478133201599121,0.0999832823872566,99665,9.5e-06,2.85e-05,304
20,0.9159304201602936,0.8520498424768448,0.6388056427240372,0.0999834761023521,99965,1e-05,3e-05,320
21,0.9014863520860672,0.8389565050601959,0.625298485159874,0.0999841317534446,98236,1.05e-05,3.149999999999999e-05,336
22,0.9005659520626068,0.8396250009536743,0.6094093024730682,0.0999853163957595,98836,1.1e-05,3.3e-05,352
23,0.9065245538949966,0.8465778678655624,0.5994669646024704,0.0999869927763938,100040,1.1500000000000002e-05,3.45e-05,368
24,0.9025309383869172,0.8443099856376648,0.5822094827890396,0.0999891683459281,101970,1.2e-05,3.5999999999999994e-05,384
25,0.883036732673645,0.8255859464406967,0.5745079517364502,0.0999917611479759,99037,1.25e-05,3.75e-05,400
26,0.8923082947731018,0.8366627544164658,0.5564552992582321,0.0999948233366012,104693,1.3e-05,3.9e-05,416
27,0.8883924633264542,0.8341581672430038,0.5423430055379868,0.09999830275774,102424,1.35e-05,4.05e-05,432
28,0.8843384832143784,0.8321232795715332,0.5221520662307739,0.100002184510231,102141,1.4e-05,4.2e-05,448
29,0.8649058789014816,0.8134998679161072,0.5140600055456161,0.1000064313411712,100098,1.45e-05,4.3499999999999993e-05,464
30,0.8647958338260651,0.8150206059217453,0.4977523908019066,0.1000110283493995,101274,1.5e-05,4.5e-05,480
31,0.8609358668327332,0.8127438724040985,0.4819198995828628,0.1000159606337547,101905,1.55e-05,4.65e-05,496
32,0.8490205705165863,0.8018045127391815,0.4721607714891433,0.1000212132930755,99011,1.6000000000000003e-05,4.8e-05,512
33,0.8375069200992584,0.79247185587883,0.4503506794571876,0.1000268086791038,100356,1.65e-05,4.95e-05,528
34,0.8285627216100693,0.7848219871520996,0.4374075308442116,0.100032702088356,96060,1.7000000000000003e-05,5.1e-05,544
35,0.8173585087060928,0.7748884409666061,0.4247006252408027,0.1000389084219932,98826,1.75e-05,5.25e-05,560
36,0.8267073482275009,0.785457193851471,0.4125014990568161,0.1000454053282737,98247,1.8e-05,5.399999999999999e-05,576
37,0.8387768268585205,0.7989640235900879,0.3981279507279396,0.1000521928071975,99006,1.85e-05,5.55e-05,592
38,0.8459195196628571,0.8079409897327423,0.3797852247953415,0.1000592783093452,105613,1.9e-05,5.7e-05,608
39,0.8109519183635712,0.7741704136133194,0.3678150847554207,0.100066639482975,99758,1.9500000000000003e-05,5.85e-05,624
40,0.8030769228935242,0.7671827524900436,0.358941838145256,0.1000742763280868,99488,2e-05,6e-05,640
41,0.7964984476566315,0.7624060958623886,0.3409235402941704,0.1000822111964225,97063,2.05e-05,6.149999999999999e-05,656
42,0.7876857817173004,0.755391001701355,0.322947733104229,0.1000904142856597,99634,2.1e-05,6.299999999999999e-05,672
43,0.7794249206781387,0.7477473616600037,0.3167754858732223,0.1000988706946373,98637,2.15e-05,6.45e-05,688
44,0.8087118864059448,0.7784591019153595,0.3025277480483055,0.1001076102256774,105470,2.2000000000000003e-05,6.599999999999999e-05,704
45,0.7895147949457169,0.7601668238639832,0.293479636311531,0.1001166403293609,103111,2.25e-05,6.75e-05,720
46,0.7658342719078064,0.7372695356607437,0.2856474742293358,0.1001259163022041,100381,2.3000000000000003e-05,6.9e-05,736
47,0.7391714453697205,0.7120168805122375,0.2715456485748291,0.1001354157924652,97435,2.35e-05,7.049999999999999e-05,752
48,0.7769138365983963,0.7508071810007095,0.2610664814710617,0.1001451686024665,103466,2.4e-05,7.199999999999999e-05,768
49,0.7605739086866379,0.7352317720651627,0.2534213326871395,0.1001551523804664,101885,2.45e-05,7.35e-05,784
50,0.7429734170436859,0.7181946784257889,0.2477873563766479,0.1001654043793678,102863,2.5e-05,7.5e-05,800
51,0.7418969720602036,0.7185279130935669,0.2336907163262367,0.1001758500933647,98538,2.5500000000000003e-05,7.649999999999999e-05,816
52,0.6949485689401627,0.6716318577528,0.2331672608852386,0.1001864820718765,94808,2.6e-05,7.8e-05,832
53,0.7518101781606674,0.7301859557628632,0.2162421829998493,0.100197359919548,103526,2.6500000000000004e-05,7.95e-05,848
54,0.7039342075586319,0.6825781911611557,0.2135601863265037,0.100208431482315,96540,2.7e-05,8.1e-05,864
55,0.7029199153184891,0.6831012666225433,0.1981864720582962,0.1002196744084358,98394,2.7500000000000004e-05,8.25e-05,880
56,0.7029653191566467,0.6822316348552704,0.2073367275297641,0.1002311035990715,99256,2.8000000000000003e-05,8.4e-05,896
57,0.7077145576477051,0.6889581829309464,0.1875636838376522,0.1002426892518997,98559,2.85e-05,8.549999999999999e-05,912
58,0.6730821132659912,0.6543630510568619,0.1871906220912933,0.1002544462680816,99881,2.9e-05,8.699999999999999e-05,928
59,0.6659866273403168,0.6474531441926956,0.1853346191346645,0.1002663224935531,95078,2.95e-05,8.849999999999998e-05,944
60,0.6832346767187119,0.6653129309415817,0.1792173646390438,0.1002783477306366,98875,3e-05,8.999999999999999e-05,960
61,0.7143938094377518,0.6981349289417267,0.1625887081027031,0.1002905666828155,104129,3.05e-05,9.15e-05,976
62,0.6784290224313736,0.662710577249527,0.1571844890713691,0.1003029346466064,101544,3.1e-05,9.3e-05,992
63,0.669304758310318,0.6535741537809372,0.1573059186339378,0.1003154590725898,96860,3.15e-05,9.45e-05,1008
64,0.6449588388204575,0.6295327395200729,0.1542608775198459,0.1003281772136688,98648,3.2000000000000005e-05,9.6e-05,1024
65,0.6477712839841843,0.633572444319725,0.1419884227216243,0.1003410220146179,99278,3.2500000000000004e-05,9.75e-05,1040
66,0.6621686667203903,0.6485001444816589,0.1366851143538952,0.1003540009260177,103375,3.3e-05,9.9e-05,1056
67,0.6335563510656357,0.619989886879921,0.135664701461792,0.1003670841455459,97310,3.35e-05,0.0001005,1072
68,0.6378185898065567,0.6245775073766708,0.1324108280241489,0.1003802865743637,101665,3.4000000000000007e-05,0.000102,1088
69,0.6758500635623932,0.6626023948192596,0.1324765980243683,0.1003937050700187,102444,3.45e-05,0.0001034999999999,1104
70,0.6458399742841721,0.6330024152994156,0.1283755097538232,0.1004072129726409,98192,3.5e-05,0.0001049999999999,1120
71,0.6298695802688599,0.617402121424675,0.12467454187572,0.1004208177328109,96629,3.55e-05,0.0001064999999999,1136
72,0.6315494030714035,0.6192970126867294,0.1225239969789981,0.1004345789551734,104523,3.6e-05,0.0001079999999999,1152
73,0.5995249003171921,0.5883073210716248,0.112175727263093,0.1004483476281166,97526,3.65e-05,0.0001094999999999,1168
74,0.6142964512109756,0.6030541062355042,0.1124235950410366,0.1004621982574462,103492,3.7e-05,0.0001109999999999,1184
75,0.6239476948976517,0.6128975600004196,0.1105015315115451,0.1004761159420013,102245,3.75e-05,0.0001125,1200
76,0.5666026324033737,0.5539331436157227,0.1266949102282524,0.1004900634288787,89640,3.8e-05,0.0001139999999999,1216
77,0.6093565970659256,0.5987303853034973,0.1062620338052511,0.1005041524767875,104024,3.85e-05,0.0001154999999999,1232
78,0.5729668140411377,0.5615733414888382,0.1139345914125442,0.1005182936787605,94737,3.9000000000000006e-05,0.000117,1248
79,0.626982256770134,0.6170303821563721,0.0995186939835548,0.100532442331314,99384,3.9500000000000005e-05,0.0001185,1264
80,0.5916558504104614,0.5815395563840866,0.1011628676205873,0.1005467101931572,103337,4e-05,0.0001199999999999,1280
81,0.5878250300884247,0.5777493715286255,0.1007565949112176,0.1005610451102256,98965,4.05e-05,0.0001215,1296
82,0.5620660483837128,0.5512853562831879,0.107806971296668,0.1005754098296165,98331,4.1e-05,0.0001229999999999,1312
83,0.572503387928009,0.5620632320642471,0.1044014990329742,0.1005899310111999,98512,4.15e-05,0.0001245,1328
84,0.5603559911251068,0.5508088618516922,0.0954713374376297,0.1006044298410415,97843,4.2e-05,0.0001259999999999,1344
85,0.592273622751236,0.5826897323131561,0.0958388913422823,0.1006191223859787,96633,4.25e-05,0.0001274999999999,1360
86,0.5841044932603836,0.574740082025528,0.0936441663652658,0.1006341204047203,96453,4.3e-05,0.000129,1376
87,0.5597161203622818,0.5507939755916595,0.0892214737832546,0.100649245083332,98836,4.35e-05,0.0001305,1392
88,0.5773541480302811,0.5685473680496216,0.0880677886307239,0.1006644144654274,99083,4.4000000000000006e-05,0.0001319999999999,1408
89,0.5812336653470993,0.5727818161249161,0.0845184884965419,0.1006797105073928,101527,4.45e-05,0.0001335,1424
90,0.5517846345901489,0.5428491979837418,0.0893542785197496,0.1006950661540031,98282,4.5e-05,0.000135,1440
91,0.5784546434879303,0.5710683315992355,0.0738631878048181,0.100710317492485,103704,4.55e-05,0.0001364999999999,1456
92,0.5618559122085571,0.5533745512366295,0.0848135128617286,0.1007257103919982,99307,4.600000000000001e-05,0.000138,1472
93,0.5823766142129898,0.5746544748544693,0.0772213544696569,0.1007413491606712,98284,4.6500000000000005e-05,0.0001395,1488
94,0.5794171690940857,0.5715836584568024,0.0783351492136716,0.1007573679089546,100992,4.7e-05,0.0001409999999999,1504
95,0.5586369186639786,0.5512015670537949,0.0743535067886114,0.1007735133171081,98829,4.75e-05,0.0001425,1520
96,0.5374391302466393,0.5295352041721344,0.0790394451469183,0.1007896959781646,97871,4.8e-05,0.0001439999999999,1536
97,0.5491722375154495,0.5424248725175858,0.0674735661596059,0.1008058115839958,98862,4.85e-05,0.0001454999999999,1552
98,0.5586477518081665,0.5514017343521118,0.0724601279944181,0.1008221134543418,99717,4.9e-05,0.000147,1568
99,0.5273702964186668,0.5188552662730217,0.085150359198451,0.100838579237461,99725,4.95e-05,0.0001484999999999,1584
100,0.5347444117069244,0.5274604111909866,0.0728399762883782,0.100855179131031,98817,5e-05,0.00015,1600
101,0.5334932059049606,0.5256679728627205,0.07825225032866,0.1008719578385353,102532,5.05e-05,0.0001515,1616
102,0.5693381279706955,0.5625671595335007,0.0677095931023359,0.1008890643715858,101462,5.1000000000000006e-05,0.0001529999999999,1632
103,0.5417995750904083,0.535575658082962,0.0622393246740102,0.1009062454104423,97043,5.1500000000000005e-05,0.0001545,1648
104,0.5303750187158585,0.5240775644779205,0.0629745814949274,0.100923553109169,103456,5.2e-05,0.000156,1664
105,0.5200130566954613,0.51333849132061,0.0667457226663827,0.1009409204125404,98439,5.25e-05,0.0001574999999999,1680
106,0.5364138633012772,0.5306911915540695,0.0572266234084963,0.1009582802653312,103082,5.300000000000001e-05,0.000159,1696
107,0.5208619832992554,0.5140463933348656,0.0681558391079306,0.1009756028652191,98809,5.3500000000000006e-05,0.0001605,1712
108,0.5549767017364502,0.5499148070812225,0.0506190275773406,0.1009928882122039,104286,5.4000000000000005e-05,0.000162,1728
109,0.5317569300532341,0.525907352566719,0.058495950885117,0.1010103449225425,99258,5.45e-05,0.0001635,1744
110,0.5284727290272713,0.5230260193347931,0.0544670997187495,0.1010279729962349,99482,5.500000000000001e-05,0.000165,1760
111,0.5503597036004066,0.5445587113499641,0.0580097762867808,0.1010457798838615,103000,5.550000000000001e-05,0.0001665,1776
112,0.5404858887195587,0.535020187497139,0.0546569032594561,0.1010638177394867,96955,5.6000000000000006e-05,0.000168,1792
113,0.5216024965047836,0.5163088440895081,0.0529365520924329,0.1010819971561431,101334,5.65e-05,0.0001694999999999,1808
114,0.5090640559792519,0.5036224126815796,0.0544163677841424,0.101100243628025,97182,5.7e-05,0.0001709999999999,1824
115,0.5155480206012726,0.5102602541446686,0.0528777996078133,0.1011184975504875,103907,5.75e-05,0.0001724999999999,1840
116,0.5267674475908279,0.5215395838022232,0.0522785419598221,0.1011368185281753,103883,5.8e-05,0.0001739999999999,1856
117,0.4921624958515167,0.4854737222194671,0.0668876785784959,0.1011552885174751,98631,5.85e-05,0.0001754999999999,1872
118,0.5173011124134064,0.5120151191949844,0.0528598688542842,0.1011740714311599,99318,5.9e-05,0.0001769999999999,1888
119,0.5211526453495026,0.515373632311821,0.0577899571508169,0.1011932864785194,102399,5.95e-05,0.0001784999999999,1904
120,0.5130217745900154,0.5072765201330185,0.0574525892734527,0.1012126803398132,103633,6e-05,0.0001799999999999,1920
121,0.5174344927072525,0.5118981897830963,0.0553629742935299,0.1012321561574935,99923,6.05e-05,0.0001814999999999,1936
122,0.48560531437397,0.4798858985304832,0.0571941053494811,0.1012516170740127,98359,6.1e-05,0.0001829999999999,1952
123,0.5145876705646515,0.509296789765358,0.0529088601469993,0.1012712121009826,98873,6.15e-05,0.0001844999999999,1968
124,0.4808785915374756,0.4753302410244941,0.0554833989590406,0.1012908071279525,96288,6.2e-05,0.000186,1984
125,0.4922154322266578,0.4870586842298507,0.0515674576163291,0.1013105362653732,100341,6.25e-05,0.0001874999999999,2000
126,0.4966749474406242,0.4919325858354568,0.0474236533045768,0.1013305112719535,103867,6.3e-05,0.0001889999999999,2016
127,0.4957084730267524,0.4910392090678215,0.0466926200315356,0.1013507395982742,99576,6.35e-05,0.0001905,2032
128,0.4888834804296493,0.4832065105438232,0.0567697482183575,0.1013711616396904,101757,6.400000000000001e-05,0.0001919999999999,2048
129,0.5121294558048248,0.5083264634013176,0.0380300227552652,0.1013913825154304,96556,6.450000000000001e-05,0.0001935,2064
130,0.4969252571463585,0.4915856048464775,0.0533965900540351,0.101411759853363,98902,6.500000000000001e-05,0.000195,2080
131,0.5011435598134995,0.4969052225351333,0.0423833671957254,0.1014323532581329,102576,6.55e-05,0.0001964999999999,2096
132,0.4737604409456253,0.4688910543918609,0.0486938636749982,0.1014531180262565,101447,6.6e-05,0.000198,2112
133,0.5032336115837097,0.4991275072097778,0.0410611508414149,0.1014740616083145,101922,6.65e-05,0.0001995,2128
134,0.4990030527114868,0.4949026629328727,0.0410037981346249,0.1014953032135963,102328,6.7e-05,0.000201,2144
135,0.486736461520195,0.4821847975254059,0.0455167032778263,0.1015171557664871,102976,6.750000000000001e-05,0.0002025,2160
136,0.4557593762874603,0.450616255402565,0.0514311790466308,0.1015391647815704,95689,6.800000000000001e-05,0.000204,2176
137,0.4944578111171722,0.4903150796890259,0.0414272267371416,0.1015611216425895,101237,6.850000000000001e-05,0.0002055,2192
138,0.4907917082309723,0.4870639517903328,0.0372775634750723,0.1015833169221878,101436,6.9e-05,0.0002069999999999,2208
139,0.4674147665500641,0.4629736840724945,0.0444108387455344,0.1016057506203651,98683,6.95e-05,0.0002084999999999,2224
140,0.4788348451256752,0.4745741114020347,0.0426073102280497,0.1016283184289932,98244,7e-05,0.0002099999999999,2240
141,0.4775243550539017,0.4732005968689918,0.0432375613600015,0.1016511991620063,102743,7.05e-05,0.0002114999999999,2256
142,0.4582916870713234,0.4534436166286468,0.0484806643798947,0.1016739532351493,96644,7.1e-05,0.0002129999999999,2272
143,0.5097409412264824,0.5063980966806412,0.0334284692071378,0.1016967520117759,98435,7.15e-05,0.0002144999999999,2288
144,0.4666046127676964,0.4623769149184227,0.0422769365832209,0.101719707250595,100051,7.2e-05,0.0002159999999999,2304
145,0.4502512887120247,0.4461890906095505,0.0406219204887747,0.1017426997423172,92722,7.25e-05,0.0002174999999999,2320
146,0.4401064962148666,0.4349965304136276,0.0510996049270033,0.1017660126090049,96825,7.3e-05,0.0002189999999999,2336
147,0.4634258523583412,0.4587893635034561,0.0463648252189159,0.101789154112339,98426,7.35e-05,0.0002204999999999,2352
148,0.4730717837810516,0.4695517420768738,0.035200429148972,0.1018125712871551,98735,7.4e-05,0.0002219999999999,2368
149,0.4762973263859749,0.4717438071966171,0.0455351322889328,0.1018361523747444,99863,7.450000000000001e-05,0.0002234999999999,2384
150,0.4732024446129799,0.4697198420763016,0.0348259937018156,0.1018598526716232,99018,7.500000000000001e-05,0.000225,2400
151,0.4744019731879234,0.4706296548247337,0.0377232735045254,0.1018832996487617,94998,7.55e-05,0.0002264999999999,2416
152,0.4443721920251846,0.4404405653476715,0.0393162341788411,0.1019068658351898,94317,7.6e-05,0.0002279999999999,2432
153,0.463784359395504,0.459403894841671,0.0438046408817172,0.1019310876727104,102300,7.65e-05,0.0002295,2448
154,0.4587772563099861,0.4543362781405449,0.0444097025319933,0.1019557788968086,99977,7.7e-05,0.0002309999999999,2464
155,0.4887912422418594,0.4852917268872261,0.0349951651878654,0.1019806042313575,103125,7.75e-05,0.0002324999999999,2480
156,0.467312179505825,0.4638260155916214,0.0348616237752139,0.1020056083798408,102431,7.800000000000001e-05,0.000234,2496
157,0.4481669962406158,0.4435299783945083,0.0463702455163002,0.1020310446619987,101179,7.850000000000001e-05,0.0002354999999999,2512
158,0.4596437066793442,0.4551323503255844,0.0451136613264679,0.1020568311214447,103424,7.900000000000001e-05,0.000237,2528
159,0.4324872270226478,0.4279302284121513,0.0455700205639004,0.1020833924412727,102050,7.950000000000001e-05,0.0002385,2544
160,0.4514104276895523,0.4480033591389656,0.0340706571005284,0.102109894156456,98992,8e-05,0.0002399999999999,2560
161,0.4499897062778473,0.446561262011528,0.03428445616737,0.10213603079319,94444,8.05e-05,0.0002415,2576
162,0.5011225044727325,0.4977795407176018,0.0334296035580337,0.1021622717380523,96783,8.1e-05,0.000243,2592
163,0.441538318991661,0.4369440525770187,0.0459426492452621,0.1021884754300117,96312,8.15e-05,0.0002445,2608
164,0.4507338851690292,0.4470528736710548,0.0368101089261472,0.1022151038050651,103549,8.2e-05,0.0002459999999999,2624
165,0.4744924083352089,0.4714543372392654,0.0303808553144335,0.1022418811917305,101214,8.25e-05,0.0002474999999999,2640
166,0.4924409091472626,0.4892924800515175,0.0314842900261282,0.1022681221365928,101104,8.3e-05,0.000249,2656
167,0.475471630692482,0.4726807773113251,0.0279085775837302,0.1022943258285522,102381,8.35e-05,0.0002504999999999,2672
168,0.444270096719265,0.4402302727103233,0.0403982354328036,0.1023210287094116,104670,8.4e-05,0.0002519999999999,2688
169,0.4527284130454063,0.4498761892318725,0.0285222050733864,0.102348044514656,101086,8.450000000000001e-05,0.0002535,2704
170,0.4355671629309654,0.4311770498752594,0.0439010560512542,0.1023748889565467,97216,8.5e-05,0.0002549999999999,2720
171,0.4932133182883262,0.4903313219547272,0.028819961939007,0.1024011969566345,100107,8.55e-05,0.0002564999999999,2736
172,0.4692978784441948,0.4664875790476799,0.0281028775498271,0.1024273261427879,100525,8.6e-05,0.000258,2752
173,0.4735145941376686,0.4703115001320839,0.032030907459557,0.102453589439392,97845,8.65e-05,0.0002594999999999,2768
174,0.439559705555439,0.4361773952841759,0.0338230747729539,0.1024803817272186,99277,8.7e-05,0.000261,2784
175,0.4186568781733513,0.4146820232272148,0.039748556446284,0.102507472038269,98403,8.75e-05,0.0002625,2800
176,0.4371924921870231,0.4331530332565307,0.0403945436701178,0.1025350913405418,107120,8.800000000000001e-05,0.0002639999999999,2816
177,0.4421657100319862,0.4387203156948089,0.0344538632780313,0.1025629788637161,99311,8.850000000000001e-05,0.0002655,2832
178,0.4574502930045128,0.4543868452310562,0.0306345429271459,0.1025915667414665,103425,8.900000000000001e-05,0.000267,2848
179,0.4497042521834373,0.4464268833398819,0.0327737745828926,0.1026206240057945,99764,8.950000000000001e-05,0.0002684999999999,2864
180,0.4409491866827011,0.4378181472420692,0.0313103110529482,0.1026499718427658,100942,9e-05,0.00027,2880
181,0.444164901971817,0.4400595873594284,0.0410532210953533,0.10267935693264,98863,9.05e-05,0.0002715,2896
182,0.4739790856838226,0.4708951562643051,0.0308392406441271,0.1027087792754173,103399,9.1e-05,0.0002729999999999,2912
183,0.4756605178117752,0.4714866578578949,0.0417384803295135,0.1027386486530304,100742,9.15e-05,0.0002745,2928
184,0.443438857793808,0.4400734379887581,0.033654170576483,0.102768488228321,102949,9.2e-05,0.000276,2944
185,0.4639366865158081,0.4611250981688499,0.0281159034930169,0.1027988344430923,100618,9.25e-05,0.0002774999999999,2960
186,0.4504432082176208,0.4466001242399215,0.0384308663196861,0.1028284952044487,98845,9.3e-05,0.000279,2976
187,0.4435805454850197,0.440140038728714,0.0344049525447189,0.1028581783175468,99739,9.35e-05,0.0002805,2992
188,0.4264335334300995,0.4236104413866997,0.0282309632748365,0.1028878837823867,95024,9.4e-05,0.0002819999999999,3008
189,0.4846712425351143,0.4818028807640075,0.0286835804581642,0.1029173135757446,101804,9.45e-05,0.0002834999999999,3024
190,0.4767663851380348,0.4743535369634628,0.0241284780204296,0.1029466316103935,103484,9.5e-05,0.000285,3040
191,0.4153770878911018,0.4117142111063003,0.0366287468932569,0.1029766052961349,102666,9.55e-05,0.0002864999999999,3056
192,0.4357433021068573,0.4326438903808594,0.0309940106235444,0.1030068024992942,103757,9.6e-05,0.0002879999999999,3072
193,0.4510476067662239,0.4477952495217323,0.0325235221534967,0.1030375137925148,100068,9.65e-05,0.0002895,3088
194,0.4340368434786796,0.4310168325901031,0.0302000921219587,0.1030681729316711,101837,9.7e-05,0.0002909999999999,3104
195,0.4151567220687866,0.4121928215026855,0.0296389893628656,0.103098876774311,97673,9.75e-05,0.0002924999999999,3120
196,0.415121741592884,0.4120047762989998,0.0311696333810687,0.1031299233436584,98420,9.8e-05,0.000294,3136
197,0.412660963833332,0.4096784442663193,0.0298251835629344,0.1031618788838386,102996,9.85e-05,0.0002954999999999,3152
198,0.3872267231345176,0.3836992681026459,0.0352746066637337,0.1031940728425979,97865,9.9e-05,0.0002969999999999,3168
199,0.3902738392353058,0.3870967552065849,0.0317709101364016,0.1032263934612274,93795,9.95e-05,0.0002985,3184
200,0.4161846786737442,0.4136507511138916,0.0253393002785742,0.1032593548297882,103649,0.0001,0.0003,3200
201,0.4315736964344978,0.4284842014312744,0.0308948922902345,0.103292278945446,100544,0.0001,0.0003,3216
202,0.3438058793544769,0.3397560715675354,0.0404981044121086,0.1033250540494918,93215,9.99999892907942e-05,0.0002999999678723,3232
203,0.3941184878349304,0.3910838365554809,0.0303465249016881,0.1033574491739273,96911,9.999995716318148e-05,0.0002999998714895,3248
204,0.4287557974457741,0.4263045340776443,0.0245126076042652,0.103389523923397,98002,9.999990361717549e-05,0.0002999997108515,3264
205,0.3902137652039528,0.3863779753446579,0.0383579367771744,0.1034210920333862,99045,9.999982865279924e-05,0.0002999994859583,3280
206,0.4578801542520523,0.4557136595249176,0.0216648844070732,0.103452019393444,102313,9.999973227008484e-05,0.0002999991968102,3296
207,0.3853685408830642,0.3821147829294204,0.0325375646352767,0.103483498096466,103845,9.999961446907353e-05,0.0002999988434072,3312
208,0.4168877974152565,0.4143223091959953,0.0256548994220793,0.1035148352384567,100523,9.999947524981584e-05,0.0002999984257494,3328
209,0.3755699619650841,0.3728097751736641,0.0276019237935543,0.1035468280315399,99108,9.999931461237134e-05,0.0002999979438371,3344
210,0.4159168154001236,0.4132687225937843,0.0264809667132794,0.1035788357257843,100301,9.999913255680888e-05,0.0002999973976704,3360
211,0.4889664053916931,0.4868512153625488,0.0211519813165068,0.1036101952195167,100218,9.999892908320647e-05,0.0002999967872496,3376
212,0.386610172688961,0.3826318010687828,0.0397836584597826,0.1036408022046089,97085,9.99987041916512e-05,0.0002999961125749,3392
213,0.3519310429692268,0.3473294377326965,0.0460160202346742,0.1036716103553772,92159,9.999845788223948e-05,0.0002999953736467,3408
214,0.4118083268404007,0.4088397249579429,0.029686028137803,0.1037033200263977,104936,9.999819015507678e-05,0.0002999945704652,3424
215,0.4124037995934486,0.4096569046378135,0.027469006832689,0.1037350594997406,103526,9.999790101027782e-05,0.0002999937030308,3440
216,0.4254569187760353,0.4228169694542885,0.0263994792476296,0.1037660539150238,97338,9.99975904479664e-05,0.0002999927713438,3456
217,0.4224423766136169,0.4198499470949173,0.0259242709726095,0.1037968695163726,101941,9.999725846827562e-05,0.0002999917754048,3472
218,0.4311970844864845,0.4277817606925964,0.0341532751917839,0.1038271263241767,96616,9.999690507134764e-05,0.000299990715214,3488
219,0.4630652889609337,0.4606755748391151,0.0238971449434757,0.1038564443588256,99693,9.999653025733386e-05,0.000299989590772,3504
220,0.4052227512001991,0.4029034525156021,0.0231929891742765,0.103886492550373,104841,9.999613402639488e-05,0.0002999884020791,3520
221,0.3703550174832344,0.3668537363409996,0.0350127420388162,0.1039168089628219,97704,9.999571637870036e-05,0.0002999871491361,3536
222,0.4142391681671142,0.4118857905268669,0.0235338425263762,0.1039468050003051,96044,9.999527731442924e-05,0.0002999858319432,3552
223,0.4095986485481262,0.4071118682622909,0.0248678042553365,0.1039765551686286,99832,9.999481683376964e-05,0.0002999844505013,3568
224,0.3595550209283829,0.3563116937875747,0.0324332360178232,0.1040068939328193,96515,9.999433493691874e-05,0.0002999830048107,3584
225,0.4294534474611282,0.426536425948143,0.0291701671667397,0.1040365323424339,101361,9.999383162408304e-05,0.0002999814948722,3600
226,0.4083024486899376,0.4061842188239097,0.0211822898127138,0.1040664538741111,96080,9.99933068954781e-05,0.0002999799206864,3616
227,0.3754478916525841,0.3725787103176117,0.028691824991256,0.1040962636470794,98784,9.99927607513287e-05,0.0002999782822539,3632
228,0.3804603740572929,0.3774405270814895,0.0301985023543238,0.1041263714432716,99874,9.99921931918688e-05,0.0002999765795756,3648
229,0.4285528361797333,0.4259156584739685,0.0263717249035835,0.1041567996144294,102029,9.999160421734156e-05,0.000299974812652,3664
230,0.3723458647727966,0.3695833832025528,0.0276248273439705,0.1041875258088111,102657,9.99909938279992e-05,0.0002999729814839,3680
231,0.4113619029521942,0.4087128117680549,0.0264908783137798,0.104218490421772,103553,9.999036202410324e-05,0.0002999710860723,3696
232,0.4084541276097297,0.406057596206665,0.0239652907475829,0.1042489036917686,99407,9.998970880592434e-05,0.0002999691264177,3712
233,0.3728608340024948,0.3695332482457161,0.0332758561708033,0.1042789742350578,100437,9.998903417374228e-05,0.0002999671025212,3728
234,0.3733945339918136,0.3704385384917259,0.0295599522069096,0.1043087095022201,95411,9.998833812784608e-05,0.0002999650143835,3744
235,0.3794281035661697,0.3768675252795219,0.0256058028899133,0.1043391525745391,103042,9.998762066853388e-05,0.0002999628620056,3760
236,0.3785907849669456,0.3763174936175346,0.0227329558692872,0.1043693572282791,97095,9.998688179611302e-05,0.0002999606453883,3776
237,0.3573027178645134,0.3533562570810318,0.0394646232016384,0.1043990030884742,95494,9.998612151090004e-05,0.0002999583645327,3792
238,0.372753407806158,0.3701258301734924,0.026275829412043,0.1044280976057052,97545,9.998533981322058e-05,0.0002999560194396,3808
239,0.3708899542689323,0.3682627081871032,0.0262724533677101,0.1044577360153198,103635,9.998453670340952e-05,0.0002999536101102,3824
240,0.3297250792384147,0.3263581842184067,0.0336690205149352,0.1044879928231239,101119,9.998371218181087e-05,0.0002999511365454,3840
241,0.3375122062861919,0.3344628773629665,0.0304933367297053,0.1045185327529907,101278,9.998286624877786e-05,0.0002999485987463,3856
242,0.3573884963989258,0.3546536341309547,0.0273486580699682,0.1045495271682739,99839,9.998199890467284e-05,0.000299945996714,3872
243,0.3765455633401871,0.3739509284496307,0.025946314446628,0.1045802980661392,98387,9.998111014986735e-05,0.0002999433304496,3888
244,0.3917911201715469,0.3894722461700439,0.0231887777335941,0.1046113967895507,103631,9.99801999847421e-05,0.0002999405999542,3904
245,0.3127215802669525,0.309592142701149,0.0312943886965513,0.1046428307890892,100677,9.9979268409687e-05,0.000299937805229,3920
246,0.3978754952549934,0.3958541974425316,0.0202130828984081,0.1046736985445022,101193,9.997831542510106e-05,0.0002999349462753,3936
247,0.3146681562066078,0.3109202980995178,0.0374785484746098,0.1047044247388839,94391,9.997734103139256e-05,0.0002999320230941,3952
248,0.3295004889369011,0.3270037993788719,0.0249669007025659,0.1047351360321044,95314,9.997634522897887e-05,0.0002999290356869,3968
249,0.3824542239308357,0.3800080195069313,0.0244620507583022,0.1047654077410698,101428,9.997532801828658e-05,0.0002999259840548,3984
250,0.3808648511767387,0.378748282790184,0.0211657276377081,0.1047956049442291,100281,9.997428939975144e-05,0.0002999228681992,4000
251,0.3856402784585953,0.3831663727760315,0.0247389734722673,0.1048249080777168,97632,9.997322937381828e-05,0.0002999196881214,4016
252,0.3524118587374687,0.3481656610965729,0.0424619177356362,0.1048531681299209,94600,9.997214794094127e-05,0.0002999164438228,4032
253,0.362447164952755,0.3598581850528717,0.0258897598832845,0.1048816069960594,98235,9.997104510158364e-05,0.0002999131353047,4048
254,0.3835666328668594,0.3810264319181442,0.0254020541906356,0.1049103066325187,103470,9.99699208562178e-05,0.0002999097625686,4064
255,0.3474709913134575,0.344977892935276,0.0249309930950403,0.1049398630857467,106893,9.996877520532536e-05,0.0002999063256159,4080
256,0.3745630010962486,0.3718330487608909,0.0272994870319962,0.1049679741263389,97410,9.996760814939704e-05,0.0002999028244481,4096
257,0.3573807030916214,0.3538253158330917,0.0355539829470217,0.1049962192773819,103931,9.996641968893282e-05,0.0002998992590667,4112
258,0.3407407812774181,0.3380397483706474,0.0270102564245462,0.1050241589546203,97015,9.996520982444177e-05,0.0002998956294733,4128
259,0.3691901788115501,0.3668390214443207,0.0235115657560527,0.1050522476434707,103274,9.996397855644215e-05,0.0002998919356693,4144
260,0.3772363364696502,0.3747736439108848,0.0246269144117832,0.105080246925354,99604,9.99627258854614e-05,0.0002998881776563,4160
261,0.3997038379311561,0.3978384509682655,0.0186539539135992,0.1051084697246551,103224,9.996145181203616e-05,0.0002998843554361,4176
262,0.3412397243082523,0.3376389071345329,0.0360082215629518,0.1051361039280891,98956,9.996015633671216e-05,0.0002998804690101,4192
263,0.3735248893499374,0.3702984675765037,0.032264229375869,0.1051631867885589,100731,9.995883946004436e-05,0.0002998765183801,4208
264,0.3719026073813438,0.369249127805233,0.0265348283573985,0.1051903069019317,102061,9.995750118259684e-05,0.0002998725035477,4224
265,0.3906518891453743,0.3880709484219551,0.0258093797601759,0.105217158794403,97778,9.995614150494293e-05,0.0002998684245148,4240
266,0.3906876370310783,0.388468325138092,0.0221931086853146,0.1052440777420997,104286,9.995476042766502e-05,0.0002998642812829,4256
267,0.4104844406247139,0.4082457795739174,0.0223866044543683,0.1052704825997352,100548,9.995335795135476e-05,0.000299860073854,4272
268,0.3641936965286731,0.3618223778903484,0.0237131472676992,0.1052967086434364,100374,9.99519340766129e-05,0.0002998558022298,4288
269,0.3207817301154136,0.3185057640075683,0.0227597439661622,0.1053242310881614,104969,9.995048880404938e-05,0.0002998514664121,4304
270,0.3609280958771705,0.3587347790598869,0.0219331965781748,0.1053525581955909,107305,9.994902213428333e-05,0.0002998470664028,4320
271,0.3330528289079666,0.3303861767053604,0.0266665895469486,0.1053804755210876,95743,9.9947534067943e-05,0.0002998426022038,4336
272,0.3004993014037609,0.2976046055555343,0.0289470152929425,0.1054081246256828,91120,9.994602460566586e-05,0.0002998380738169,4352
273,0.3591202720999717,0.3570248708128929,0.0209539867937564,0.105436272919178,99840,9.994449374809852e-05,0.0002998334812442,4368
274,0.4077152237296104,0.4054259359836578,0.0228928015567362,0.105462945997715,95610,9.994294149589668e-05,0.0002998288244876,4384
275,0.3434396237134933,0.340637058019638,0.0280256331898272,0.105489358305931,98374,9.994136784972535e-05,0.0002998241035491,4400
276,0.3402122482657432,0.3378363028168678,0.0237594600766897,0.1055155098438263,96689,9.993977281025862e-05,0.0002998193184307,4416
277,0.3151795901358127,0.3125348724424839,0.0264471997506916,0.1055418252944946,98152,9.993815637817974e-05,0.0002998144691345,4432
278,0.3572635874152183,0.3550886064767837,0.0217498177662491,0.1055685505270958,102067,9.993651855418112e-05,0.0002998095556625,4448
279,0.2906690984964371,0.2876757532358169,0.0299335061572492,0.1055948287248611,93785,9.993485933896438e-05,0.0002998045780168,4464
280,0.324204109609127,0.3214727416634559,0.0273137176409363,0.1056207492947578,99840,9.993317873324026e-05,0.0002997995361997,4480
281,0.4089792668819427,0.4068915322422981,0.0208773468621075,0.1056468337774276,105434,9.99314767377287e-05,0.0002997944302131,4496
282,0.3391257524490356,0.3367281258106231,0.0239763564895838,0.1056723520159721,98301,9.992975335315874e-05,0.0002997892600594,4512
283,0.3152329176664352,0.3127568960189819,0.0247601754963397,0.1056974604725837,100920,9.992800858026868e-05,0.0002997840257408,4528
284,0.3648317381739616,0.3622805327177048,0.0255120075307786,0.1057221889495849,99122,9.992624241980586e-05,0.0002997787272594,4544
285,0.3099000006914139,0.3073769584298134,0.0252303411252796,0.1057471856474876,99700,9.992445487252692e-05,0.0002997733646175,4560
286,0.336255207657814,0.3339237347245216,0.0233147968538105,0.1057727336883544,101249,9.992264593919753e-05,0.0002997679378175,4576
287,0.3445659689605236,0.3423418663442135,0.0222409889101982,0.1057983189821243,100422,9.992081562059255e-05,0.0002997624468617,4592
288,0.307396836578846,0.3048130869865417,0.0258375196717679,0.1058243587613105,105187,9.991896391749612e-05,0.0002997568917524,4608
289,0.3320330530405044,0.3296962901949882,0.0233675744384527,0.1058498546481132,100320,9.991709083070144e-05,0.0002997512724921,4624
290,0.3621472641825676,0.3595675304532051,0.0257973619736731,0.1058755815029144,105714,9.99151963610108e-05,0.000299745589083,4640
291,0.3535236939787864,0.3515234515070915,0.0200024647638201,0.1059010550379753,100558,9.99132805092358e-05,0.0002997398415277,4656
292,0.2783603370189667,0.2757357507944107,0.0262457779608666,0.1059268042445182,97079,9.991134327619713e-05,0.0002997340298285,4672
293,0.3360708206892013,0.3336794823408127,0.023913302924484,0.1059522107243537,102486,9.99093846627246e-05,0.0002997281539881,4688
294,0.3160164058208465,0.3134406805038452,0.025757220108062,0.1059775575995445,98151,9.990740466965722e-05,0.0002997222140089,4704
295,0.3393412381410599,0.3368816822767257,0.024595501832664,0.1060026735067367,105382,9.99054032978432e-05,0.0002997162098935,4720
296,0.3659936413168907,0.3635877817869186,0.0240585864521563,0.1060270816087722,99451,9.990338054813982e-05,0.0002997101416444,4736
297,0.352370835840702,0.3501903340220451,0.021805013064295,0.1060507670044899,100100,9.99013364214136e-05,0.0002997040092642,4752
298,0.3126391917467117,0.3103840723633766,0.0225511705502867,0.1060746610164642,97279,9.989927091854012e-05,0.0002996978127556,4768
299,0.3740587681531906,0.3722073659300804,0.0185139696113765,0.1060983315110206,102210,9.989718404040424e-05,0.0002996915521212,4784
300,0.3506572991609573,0.348367378115654,0.0228992644697427,0.1061214208602905,95759,9.98950757878999e-05,0.0002996852273636,4800
301,0.2806973159313202,0.2770668491721153,0.0363046582788229,0.1061437204480171,96676,9.989294616193016e-05,0.0002996788384857,4816
302,0.3029419854283333,0.3007610291242599,0.0218095751479268,0.1061660572886467,100448,9.989079516340736e-05,0.0002996723854902,4832
303,0.2824896052479744,0.2797637023031711,0.027259056456387,0.1061882153153419,94251,9.988862279325286e-05,0.0002996658683797,4848
304,0.3094144016504287,0.3067245930433273,0.0268980376422405,0.106211356818676,101961,9.988642905239726e-05,0.0002996592871571,4864
305,0.3054275698959827,0.3027706444263458,0.0265692975372076,0.1062345802783966,97385,9.988421394178027e-05,0.0002996526418253,4880
306,0.3362243995070457,0.3341179117560386,0.0210649450309574,0.1062575429677963,100887,9.98819774623508e-05,0.000299645932387,4896
307,0.2808476313948631,0.2782979533076286,0.0254968022927641,0.1062797382473945,96102,9.987971961506686e-05,0.0002996391588452,4912
308,0.2694279178977012,0.2667048163712024,0.0272310338914394,0.106302224099636,98539,9.987744040089564e-05,0.0002996323212026,4928
309,0.3020058311522007,0.2991555631160736,0.028502678964287,0.1063243523240089,96519,9.987513982081353e-05,0.0002996254194624,4944
310,0.332581453025341,0.3299449533224106,0.0263648885302245,0.1063467189669609,100167,9.987281787580596e-05,0.0002996184536274,4960
311,0.275177389383316,0.2727953232824802,0.0238206572830677,0.1063698828220367,99688,9.98704745668676e-05,0.0002996114237006,4976
312,0.2899713814258575,0.2877338863909244,0.0223749061115086,0.1063926741480827,96475,9.986810989500226e-05,0.000299604329685,4992
313,0.3027528598904609,0.3003043606877327,0.0244849580340087,0.1064152717590332,91340,9.986572386122292e-05,0.0002995971715836,5008
314,0.309557594358921,0.3071284666657448,0.0242912741377949,0.1064381301403045,105255,9.986331646655162e-05,0.0002995899493996,5024
315,0.3523213863372803,0.350453145802021,0.0186823969706892,0.106460653245449,99764,9.986088771201964e-05,0.000299582663136,5040
316,0.2831405960023403,0.280796580016613,0.0234402231872081,0.1064837649464607,100738,9.98584375986674e-05,0.000299575312796,5056
317,0.312477096915245,0.3095538467168808,0.0292324917390942,0.1065059751272201,93891,9.98559661275444e-05,0.0002995678983826,5072
318,0.3165761455893516,0.3145423009991646,0.0203384971246123,0.1065282076597213,98995,9.98534732997094e-05,0.0002995604198991,5088
319,0.2582856900990009,0.2557406276464462,0.0254506478086113,0.1065506562590599,94402,9.98509591162302e-05,0.0002995528773486,5104
320,0.2829171158373356,0.2803209647536278,0.0259615392424166,0.1065728589892387,99385,9.984842357818382e-05,0.0002995452707345,5120
321,0.2989336512982845,0.2967866584658623,0.0214699390344321,0.1065953522920608,101534,9.98458666866564e-05,0.0002995376000599,5136
322,0.3595953695476055,0.3572588302195072,0.0233653802424669,0.1066175103187561,99483,9.984328844274324e-05,0.0002995298653282,5152
323,0.3158293664455414,0.3138930574059486,0.0193631402216851,0.1066402494907379,105382,9.984068884754876e-05,0.0002995220665426,5168
324,0.3200387880206108,0.3176485896110534,0.0239020378794521,0.1066623479127883,101615,9.983806790218656e-05,0.0002995142037065,5184
325,0.2935755588114261,0.2911831103265285,0.0239245500415563,0.1066838875412941,94077,9.983542560777936e-05,0.0002995062768233,5200
326,0.3405172079801559,0.3384155854582786,0.0210162065923213,0.1067051365971565,100832,9.983276196545902e-05,0.0002994982858963,5216
327,0.3154740296304226,0.3132331669330597,0.0224086095113307,0.1067259535193443,94927,9.98300769763666e-05,0.000299490230929,5232
328,0.2903748638927936,0.2874444127082824,0.029304458759725,0.1067459806799888,96860,9.982737064165222e-05,0.0002994821119249,5248
329,0.318818598985672,0.3165711760520935,0.0224742488935589,0.1067656055092811,96703,9.982464296247522e-05,0.0002994739288874,5264
330,0.2304095290601253,0.2279221601784229,0.0248736892826855,0.1067859083414077,95817,9.982189394000404e-05,0.00029946568182,5280
331,0.3478817567229271,0.3461342453956604,0.0174751104786992,0.1068062707781791,102423,9.981912357541629e-05,0.0002994573707262,5296
332,0.2490785010159015,0.2465984001755714,0.0248009539209306,0.1068276390433311,100512,9.981633186989864e-05,0.0002994489956096,5312
333,0.3046352118253708,0.3025427907705307,0.0209242505952715,0.1068486422300338,96472,9.981351882464706e-05,0.0002994405564739,5328
334,0.2552703097462654,0.2522704675793648,0.0299984375014901,0.1068693920969963,98544,9.981068444086653e-05,0.0002994320533225,5344
335,0.3256230726838112,0.3233951181173324,0.0222796048037707,0.106889508664608,98091,9.98078287197712e-05,0.0002994234861593,5360
336,0.3133728243410587,0.3111591711640358,0.0221365080215036,0.1069094017148017,102089,9.980495166258436e-05,0.0002994148549877,5376
337,0.2632331438362598,0.2607142180204391,0.025189303793013,0.1069290488958358,93458,9.980205327053848e-05,0.0002994061598116,5392
338,0.3110022135078907,0.3087689019739628,0.0223331437446177,0.1069483906030654,98059,9.979913354487512e-05,0.0002993974006346,5408
339,0.2332396768033504,0.2310499027371406,0.0218977769836783,0.1069676131010055,92251,9.979619248684502e-05,0.0002993885774605,5424
340,0.3683871850371361,0.366448812186718,0.0193836838006973,0.1069866642355918,104369,9.9793230097708e-05,0.0002993796902931,5440
341,0.2614176161587238,0.2588485889136791,0.0256903143599629,0.1070063486695289,102241,9.97902463787331e-05,0.0002993707391361,5456
342,0.2520594373345375,0.2499164789915084,0.0214296039193868,0.1070260852575302,92295,9.97872413311984e-05,0.0002993617239935,5472
343,0.3134386390447616,0.311274379491806,0.0216425685212016,0.1070455685257911,99468,9.97842149563912e-05,0.0002993526448691,5488
344,0.3688624128699302,0.3667048811912536,0.0215753125958144,0.1070639491081237,103593,9.978116725560788e-05,0.0002993435017668,5504
345,0.2532343827188015,0.2509293891489506,0.0230499282479286,0.1070829555392265,96879,9.9778098230154e-05,0.0002993342946904,5520
346,0.3461989164352417,0.3439092636108398,0.0228965440765023,0.1071021035313606,102249,9.977500788134424e-05,0.000299325023644,5536
347,0.3293218165636062,0.3267379999160766,0.0258382144384086,0.1071199551224708,96513,9.977189621050237e-05,0.0002993156886315,5552
348,0.2596425153315067,0.2570733204483986,0.0256919241510331,0.1071390956640243,100523,9.976876321896136e-05,0.0002993062896568,5568
349,0.2970434166491031,0.2948554642498493,0.0218795374967157,0.1071577221155166,100301,9.976560890806328e-05,0.0002992968267241,5584
350,0.2989888861775398,0.2968722395598888,0.0211665024980902,0.1071765273809433,104140,9.976243327915932e-05,0.0002992872998374,5600
351,0.2711940668523311,0.2688983753323555,0.0229568586219102,0.1071951165795326,99836,9.975923633360985e-05,0.0002992777090008,5616
352,0.2861915715038776,0.283922016620636,0.0226954678073525,0.1072138920426368,99497,9.975601807278432e-05,0.0002992680542183,5632
353,0.2943946532905102,0.291972815990448,0.0242184521630406,0.1072319746017456,101545,9.975277849806132e-05,0.0002992583354941,5648
354,0.2786726467311382,0.2763370722532272,0.0233556863386183,0.1072504892945289,101444,9.97495176108286e-05,0.0002992485528324,5664
355,0.2773804701864719,0.2753105908632278,0.0206987992860376,0.1072686091065406,96483,9.9746235412483e-05,0.0002992387062374,5680
356,0.2723273560404777,0.2701901458203792,0.0213721035979688,0.1072872728109359,101250,9.974293190443054e-05,0.0002992287957132,5696
357,0.2701807469129562,0.2682003304362297,0.0198041712865233,0.1073069050908088,102441,9.973960708808632e-05,0.0002992188212642,5712
358,0.3150341548025608,0.3131703399121761,0.0186381745152175,0.1073268875479698,102725,9.97362609648746e-05,0.0002992087828946,5728
359,0.2507441975176334,0.2486796006560325,0.0206459402106702,0.1073469966650009,98443,9.973289353622872e-05,0.0002991986806086,5744
360,0.3041025623679161,0.3020785897970199,0.0202397634275257,0.1073672324419021,103180,9.97295048035912e-05,0.0002991885144107,5760
361,0.3010898754000664,0.2990168295800686,0.0207304931245744,0.1073872819542884,102509,9.972609476841368e-05,0.0002991782843052,5776
362,0.3429364711046219,0.341108500957489,0.0182797065936028,0.107406847178936,102148,9.972266343215689e-05,0.0002991679902964,5792
363,0.3727720938622951,0.3710343763232231,0.0173771607223898,0.1074255406856536,99553,9.97192107962907e-05,0.0002991576323888,5808
364,0.2575334906578064,0.2553488090634346,0.0218468033708632,0.1074455752968788,106452,9.971573686229413e-05,0.0002991472105868,5824
365,0.2873564809560776,0.2851043753325939,0.0225210818462073,0.1074660345911979,106935,9.971224163165527e-05,0.0002991367248949,5840
366,0.2973529770970344,0.2953703925013542,0.0198258091695606,0.1074860319495201,103545,9.97087251058714e-05,0.0002991261753176,5856
367,0.2401704005897045,0.238081082701683,0.0208932277746498,0.1075056344270706,100365,9.97051872864489e-05,0.0002991155618593,5872
368,0.3425985723733902,0.3405458554625511,0.020527146756649,0.1075244098901748,103463,9.970162817490322e-05,0.0002991048845247,5888
369,0.288008838891983,0.2856914699077606,0.0231737005524337,0.107542760670185,101371,9.9698047772759e-05,0.0002990941433182,5904
370,0.2567970752716064,0.2543610483407974,0.0243602921254932,0.1075610741972923,97356,9.969444608154994e-05,0.0002990833382446,5920
371,0.2632374987006187,0.2612671926617622,0.0197030189447104,0.1075793132185936,97692,9.969082310281892e-05,0.0002990724693084,5936
372,0.2676814179867506,0.2656324058771133,0.020490095950663,0.1075980365276336,97458,9.968717883811788e-05,0.0002990615365143,5952
373,0.2258856892585754,0.2231770791113376,0.0270860712043941,0.1076164692640304,95858,9.968351328900794e-05,0.000299050539867,5968
374,0.3692407310009002,0.3675723448395729,0.0166838876903057,0.1076343283057212,101294,9.967982645705926e-05,0.0002990394793711,5984
375,0.2906403169035911,0.2884610146284103,0.0217929882928729,0.1076513677835464,98136,9.967611834385122e-05,0.0002990283550315,6000
376,0.3324494585394859,0.3305411115288734,0.0190835259854793,0.1076677963137626,102854,9.967238895097222e-05,0.0002990171668529,6016
377,0.2950122132897377,0.2927767150104046,0.0223549762740731,0.1076838672161102,95948,9.966863828001982e-05,0.00029900591484,6032
378,0.3036243841052055,0.3014085367321968,0.0221585012041032,0.1077002510428428,107189,9.966486633260072e-05,0.0002989945989978,6048
379,0.2402379177510738,0.237957265228033,0.0228065652772784,0.1077164262533187,102688,9.966107311033062e-05,0.0002989832193309,6064
380,0.24312150105834,0.2411825098097324,0.019389905501157,0.1077333688735961,99699,9.965725861483447e-05,0.0002989717758445,6080
381,0.2599850930273533,0.2577450089156627,0.0224008299410343,0.1077506393194198,101425,9.965342284774632e-05,0.0002989602685432,6096
382,0.272120326757431,0.2701290249824524,0.0199130112305283,0.1077687591314315,103731,9.964956581070923e-05,0.0002989486974321,6112
383,0.2953724488615989,0.2933818064630031,0.0199064370244741,0.1077863350510597,98621,9.964568750537544e-05,0.0002989370625161,6128
384,0.2447335943579673,0.2423730827867984,0.0236051301471889,0.1078042015433311,101006,9.964178793340632e-05,0.0002989253638002,6144
385,0.3096276372671127,0.3078186959028244,0.0180893952492624,0.1078214943408966,100865,9.963786709647228e-05,0.0002989136012894,6160
386,0.2579410448670387,0.2556295618414879,0.0231148633174598,0.1078390777111053,98942,9.963392499625292e-05,0.0002989017749887,6176
387,0.292335033416748,0.2903717085719108,0.0196332191117107,0.107856772840023,99454,9.962996163443688e-05,0.0002988898849033,6192
388,0.2568856328725815,0.2544941827654838,0.0239144936203956,0.1078737750649452,94593,9.9625977012722e-05,0.0002988779310381,6208
389,0.3452463895082474,0.343410424888134,0.0183595712296664,0.1078908219933509,99857,9.962197113281507e-05,0.0002988659133984,6224
390,0.1813511028885841,0.1786814406514167,0.0266966209746897,0.1079091280698776,103627,9.96179439964322e-05,0.0002988538319892,6240
391,0.2763712145388126,0.2742780558764934,0.0209316164255142,0.1079269871115684,98113,9.961389560529836e-05,0.0002988416868158,6256
392,0.2200035750865936,0.2178579978644848,0.0214557740837335,0.1079444363713264,96294,9.960982596114784e-05,0.0002988294778834,6272
393,0.3147023767232895,0.3124350048601627,0.0226737554185092,0.1079612150788307,95021,9.96057350657239e-05,0.0002988172051971,6288
394,0.2536262236535549,0.2516007758677006,0.020254467613995,0.1079779937863349,100483,9.960162292077898e-05,0.0002988048687623,6304
395,0.303831797093153,0.3016812019050121,0.0215059691108763,0.1079951822757721,99601,9.959748952807456e-05,0.0002987924685842,6320
396,0.2390352115035057,0.2368097193539142,0.0222548937890678,0.1080117896199226,93225,9.95933348893813e-05,0.0002987800046681,6336
397,0.2812372520565986,0.2794777043163776,0.017595435027033,0.1080291867256164,103008,9.95891590064789e-05,0.0002987674770194,6352
398,0.2813485451042652,0.2794763371348381,0.0187220757361501,0.1080471649765968,103354,9.958496188115612e-05,0.0002987548856434,6368
399,0.2309334278106689,0.22906044870615,0.01872982038185,0.1080650463700294,99485,9.958074351521097e-05,0.0002987422305456,6384
400,0.2371394410729408,0.2349970526993274,0.0214238516055047,0.1080827489495277,98856,9.95765039104504e-05,0.0002987295117313,6400
401,0.2489615231752395,0.2467458918690681,0.022156361490488,0.1081001088023185,101020,9.957224306869052e-05,0.000298716729206,6416
402,0.2442746870219707,0.2421652302145958,0.0210945787839591,0.1081176400184631,100096,9.956796099175657e-05,0.0002987038829752,6432
403,0.3137585930526256,0.3117600232362747,0.0199856706894934,0.108134351670742,103298,9.956365768148284e-05,0.0002986909730444,6448
404,0.1982512697577476,0.1963491141796112,0.0190215618349611,0.1081513687968254,95079,9.955933313971272e-05,0.0002986779994191,6464
405,0.3326526992022991,0.330665148794651,0.0198755115270614,0.1081681177020073,100530,9.955498736829876e-05,0.0002986649621048,6480
406,0.252482108771801,0.2505353689193725,0.0194673500955104,0.1081846207380294,95981,9.955062036910246e-05,0.0002986518611073,6496
407,0.2562637403607368,0.2541353553533554,0.0212838188745081,0.1082006841897964,100392,9.954623214399458e-05,0.0002986386964319,6512
408,0.2616596817970276,0.2596211209893226,0.0203856537118554,0.1082159429788589,97819,9.954182269485486e-05,0.0002986254680845,6528
409,0.2585434466600418,0.2566595040261745,0.0188394230790436,0.1082312241196632,99915,9.953739202357218e-05,0.0002986121760707,6544
410,0.2106828391551971,0.2084177173674106,0.0226512122899293,0.1082469448447227,99473,9.95329401320445e-05,0.0002985988203961,6560
411,0.2873550802469253,0.2852365374565124,0.0211854598019272,0.1082622185349464,95536,9.952846702217886e-05,0.0002985854010665,6576
412,0.3551226630806923,0.3533712774515152,0.0175139191560447,0.1082769781351089,99973,9.952397269589142e-05,0.0002985719180876,6592
413,0.2976416535675525,0.2958972081542015,0.0174444704316556,0.1082919389009475,101494,9.951945715510738e-05,0.0002985583714653,6608
414,0.2875515185296535,0.2853843607008457,0.0216716034337878,0.1083064675331115,99976,9.951492040176104e-05,0.0002985447612052,6624
415,0.3064810261130333,0.3034934401512146,0.0298757762648165,0.1083200499415397,98925,9.951036243779584e-05,0.0002985310873133,6640
416,0.3221772834658623,0.3204102367162704,0.017670455854386,0.1083341762423515,100754,9.950578326516428e-05,0.0002985173497954,6656
417,0.2734271101653576,0.2715837247669697,0.0184338353574275,0.1083486154675483,99376,9.950118288582788e-05,0.0002985035486574,6672
418,0.3060289435088634,0.3041734844446182,0.0185546036809682,0.1083632856607437,102837,9.949656130175734e-05,0.0002984896839052,6688
419,0.2220916673541069,0.2197082750499248,0.02383394818753,0.1083781644701957,98344,9.949191851493237e-05,0.0002984757555447,6704
420,0.3138693422079086,0.3108724653720855,0.0299687758088111,0.1083920821547508,96992,9.948725452734178e-05,0.000298461763582,6720
421,0.2672510035336017,0.2649806141853332,0.0227038729935884,0.1084067597985267,97714,9.948256934098352e-05,0.0002984477080229,6736
422,0.2320758663117885,0.2296353951096534,0.0244047110900282,0.1084214001893997,98414,9.947786295786456e-05,0.0002984335888735,6752
423,0.264716275036335,0.2628026567399502,0.0191361592151224,0.1084356158971786,96440,9.947313538000093e-05,0.00029841940614,6768
424,0.2242051251232624,0.2220830842852592,0.0212204207200557,0.1084498614072799,97283,9.946838660941782e-05,0.0002984051598282,6784
425,0.3824861049652099,0.3803943023085594,0.020918057532981,0.1084633246064186,98423,9.946361664814945e-05,0.0002983908499444,6800
426,0.2784286439418793,0.2759066857397556,0.025219575734809,0.1084761247038841,95384,9.945882549823906e-05,0.0002983764764947,6816
427,0.283673707395792,0.2815624587237835,0.0211125104688107,0.1084888204932212,101597,9.945401316173907e-05,0.0002983620394852,6832
428,0.285373143851757,0.283498115837574,0.0187502596527338,0.1085013225674629,100486,9.944917964071096e-05,0.0002983475389221,6848
429,0.3043448887765407,0.3023842424154281,0.0196064205374568,0.1085134074091911,98713,9.944432493722524e-05,0.0002983329748116,6864
430,0.2323158234357834,0.2300176434218883,0.0229818206280469,0.1085259839892387,98840,9.943944905336148e-05,0.00029831834716,6880
431,0.3404080271720886,0.3387328162789345,0.0167520882096141,0.1085383668541908,96506,9.943455199120835e-05,0.0002983036559736,6896
432,0.2607749477028847,0.2587678097188473,0.0200714413076639,0.1085513308644294,99531,9.942963375286368e-05,0.0002982889012585,6912
433,0.2912466190755367,0.2894776128232479,0.0176900988444685,0.1085643246769905,95721,9.942469434043418e-05,0.0002982740830213,6928
434,0.2633590325713157,0.2613141760230064,0.0204485794529318,0.1085772961378097,100466,9.94197337560358e-05,0.0002982592012681,6944
435,0.3110403008759022,0.3091767989099026,0.0186349893920123,0.108589731156826,96017,9.941475200179348e-05,0.0002982442560053,6960
436,0.3126976415514946,0.3103627525269985,0.0233488925732672,0.1086014807224273,99763,9.940974907984124e-05,0.0002982292472395,6976
437,0.1939313896000385,0.1918844524770975,0.0204693507403135,0.1086135581135749,100481,9.940472499232216e-05,0.0002982141749769,6992
438,0.2237645797431469,0.2211525961756706,0.0261198761872947,0.1086255684494972,94312,9.939967974138844e-05,0.0002981990392241,7008
439,0.1908171139657497,0.188953299075365,0.0186381600797176,0.1086384803056716,101023,9.93946133292013e-05,0.0002981838399876,7024
440,0.2445082701742649,0.2422211393713951,0.0228712861426174,0.1086507141590118,98792,9.9389525757931e-05,0.0002981685772737,7040
441,0.2494489103555679,0.2473254725337028,0.0212344266474246,0.1086627766489982,94744,9.938441702975687e-05,0.0002981532510892,7056
442,0.2967475578188896,0.294865220785141,0.0188233985099941,0.1086746007204055,104297,9.93792871468674e-05,0.0002981378614406,7072
443,0.2405049502849578,0.2380713783204555,0.0243356870487332,0.1086867675185203,101857,9.937413611146004e-05,0.0002981224083343,7088
444,0.2191077731549739,0.2170799560844898,0.0202781241387128,0.1086994260549545,100871,9.936896392574132e-05,0.0002981068917772,7104
445,0.2642064243555069,0.2622495777904987,0.0195684451609849,0.108712613582611,98516,9.936377059192683e-05,0.0002980913117757,7120
446,0.2054167632013559,0.2034807838499546,0.0193597776815295,0.1087265908718109,96680,9.935855611224124e-05,0.0002980756683367,7136
447,0.2427353672683239,0.2405748926103115,0.0216047745198011,0.1087404042482376,92733,9.935332048891828e-05,0.0002980599614667,7152
448,0.2216875702142715,0.2196117825806141,0.0207578833214938,0.1087549403309822,98074,9.934806372420072e-05,0.0002980441911726,7168
449,0.2307829037308693,0.2287276349961757,0.0205526240170002,0.1087697520852088,102346,9.934278582034036e-05,0.000298028357461,7184
450,0.2677170522511005,0.265783317387104,0.0193373002111911,0.1087846159934997,99491,9.933748677959812e-05,0.0002980124603387,7200
451,0.2603984028100967,0.2581060491502285,0.0229235012084245,0.1087988838553428,97950,9.933216660424395e-05,0.0002979964998127,7216
452,0.2124288268387317,0.2102060765028,0.022227497305721,0.1088129431009292,96402,9.932682529655682e-05,0.0002979804758896,7232
453,0.3170639537274837,0.3151798769831657,0.018840713892132,0.1088272258639335,102877,9.932146285882476e-05,0.0002979643885764,7248
454,0.2450381554663181,0.2428572587668895,0.0218089795671403,0.1088414266705513,100221,9.931607929334492e-05,0.00029794823788,7264
455,0.2220271490514278,0.2200415655970573,0.0198558075353503,0.1088558509945869,99283,9.93106746024234e-05,0.0002979320238072,7280
456,0.244437787681818,0.2425130605697631,0.0192472604103386,0.1088700592517852,96772,9.930524878837544e-05,0.0002979157463651,7296
457,0.2810519002377987,0.2792262770235538,0.0182562968693673,0.1088841259479522,103217,9.929980185352526e-05,0.0002978994055605,7312
458,0.244318887591362,0.2422647848725319,0.0205409920308738,0.1088983714580535,100137,9.929433380020616e-05,0.0002978830014006,7328
459,0.259576354175806,0.2578122317790985,0.0176412062719464,0.1089132949709892,103287,9.928884463076044e-05,0.0002978665338922,7344
460,0.3007183820009231,0.2987173125147819,0.0200106657575815,0.1089277863502502,100191,9.928333434753954e-05,0.0002978500030426,7360
461,0.2629949189722538,0.2609603777527809,0.0203454322181642,0.1089421659708023,100756,9.927780295290388e-05,0.0002978334088587,7376
462,0.2338327690958976,0.2318868562579155,0.0194591227918863,0.1089570298790931,102737,9.927225044922296e-05,0.0002978167513476,7392
463,0.1807897984981537,0.1787521671503782,0.0203762971796095,0.1089723855257034,103395,9.92666768388752e-05,0.0002978000305166,7408
464,0.2200941517949104,0.218109056353569,0.0198509315960109,0.1089874953031539,92529,9.926108212424828e-05,0.0002977832463727,7424
465,0.2463598884642124,0.244315106421709,0.0204478166997432,0.1090030372142791,100904,9.92554663077387e-05,0.0002977663989232,7440
466,0.2868558056652546,0.2846622057259083,0.0219359844923019,0.1090177819132804,99610,9.924982939175216e-05,0.0002977494881752,7456
467,0.2489203438162803,0.2469698935747146,0.0195045042783021,0.1090323477983474,97525,9.92441713787033e-05,0.0002977325141361,7472
468,0.2085083108395338,0.2063083704560995,0.0219994056969881,0.109046921133995,92514,9.923849227101584e-05,0.000297715476813,7488
469,0.2725180126726627,0.2705946080386638,0.0192339895293116,0.1090614050626754,97124,9.923279207112256e-05,0.0002976983762133,7504
470,0.3282643295824528,0.3265876285731792,0.0167671169620007,0.1090762093663215,102826,9.922707078146518e-05,0.0002976812123443,7520
471,0.2522732019424438,0.2501877620816231,0.0208543925546109,0.1090908274054527,95082,9.92213284044946e-05,0.0002976639852134,7536
472,0.284881878644228,0.2830762863159179,0.0180559242144227,0.109105572104454,97219,9.92155649426706e-05,0.000297646694828,7552
473,0.2829712145030498,0.2811749465763569,0.0179626997560262,0.1091197505593299,98600,9.92097803984621e-05,0.0002976293411953,7568
474,0.170745201408863,0.1684529893100261,0.0229221195913851,0.1091342121362686,101663,9.920397477434702e-05,0.000297611924323,7584
475,0.2706631235778332,0.2687429636716842,0.0192016451619565,0.1091489568352699,100302,9.919814807281228e-05,0.0002975944442184,7600
476,0.2640921249985695,0.2619476616382599,0.0214445511810481,0.109163261950016,98455,9.919230029635389e-05,0.000297576900889,7616
477,0.2471116594970226,0.2449315413832664,0.021801188820973,0.1091771721839904,100222,9.91864314474768e-05,0.0002975592943424,7632
478,0.2763052806258201,0.2744503244757652,0.0185495957266539,0.1091905310750007,100359,9.918054152869508e-05,0.000297541624586,7648
479,0.2022952921688556,0.2001210302114486,0.0217426056042313,0.1092037484049797,103062,9.917463054253176e-05,0.0002975238916275,7664
480,0.2293719481676817,0.2274921387434005,0.0187980970367789,0.1092169508337974,99237,9.916869849151896e-05,0.0002975060954745,7680
481,0.2562647834420204,0.2543236762285232,0.0194110861048102,0.1092294976115226,98266,9.916274537819776e-05,0.0002974882361345,7696
482,0.2615402936935425,0.2594531700015068,0.0208712057210505,0.1092416793107986,97935,9.915677120511822e-05,0.0002974703136153,7712
483,0.2224842347204685,0.2203368619084358,0.0214736838825047,0.109254278242588,106228,9.915077597483958e-05,0.0002974523279245,7728
484,0.2306827194988727,0.2288402430713176,0.0184247614815831,0.1092663630843162,98214,9.914475968992998e-05,0.0002974342790697,7744
485,0.2663547731935978,0.2640526965260505,0.0230207932181656,0.1092781275510788,100410,9.913872235296656e-05,0.0002974161670588,7760
486,0.286052256822586,0.2843713536858558,0.0168089719954878,0.109290137887001,104864,9.91326639665356e-05,0.0002973979918996,7776
487,0.2515022717416286,0.2493062578141689,0.0219601732678711,0.1093014776706695,95691,9.912658453323224e-05,0.0002973797535996,7792
488,0.2056651711463928,0.2036198899149894,0.02045280020684,0.1093133464455604,101002,9.91204840556608e-05,0.0002973614521669,7808
489,0.184097558259964,0.1822838932275772,0.0181366228498518,0.10932557284832,102015,9.911436253643444e-05,0.0002973430876093,7824
490,0.210973460227251,0.2082571629434824,0.027162960730493,0.1093374639749527,93054,9.910821997817547e-05,0.0002973246599345,7840
491,0.2585228085517883,0.2565103396773338,0.0201246892102062,0.1093492060899734,105696,9.91020563835152e-05,0.0002973061691505,7856
492,0.2246526852250099,0.2226438969373703,0.0200878572650253,0.1093606799840927,99657,9.909587175509388e-05,0.0002972876152652,7872
493,0.2585834972560406,0.2565806806087494,0.0200281762517988,0.1093722209334373,98701,9.90896660955608e-05,0.0002972689982866,7888
494,0.1950778160244226,0.192954696714878,0.0212311893701553,0.1093837469816207,99599,9.908343940757428e-05,0.0002972503182227,7904
495,0.3205496408045292,0.3188219778239727,0.0172765927854925,0.1093947440385818,96043,9.907719169380163e-05,0.0002972315750814,7920
496,0.2152745462954044,0.2127694077789783,0.0250514079816639,0.1094053983688354,98079,9.907092295691918e-05,0.0002972127688707,7936
497,0.2793975509703159,0.2775932773947716,0.0180426971055567,0.1094173341989517,102430,9.906463319961224e-05,0.0002971938995988,7952
498,0.1909358147531747,0.1886958926916122,0.0223992299288511,0.1094289049506187,96345,9.90583224245752e-05,0.0002971749672737,7968
499,0.2945412322878837,0.2924352027475834,0.0210602940060198,0.1094407960772514,104920,9.905199063451134e-05,0.0002971559719035,7984
500,0.2162645980715751,0.2139157503843307,0.0234884726814925,0.1094524264335632,102826,9.9045637832133e-05,0.0002971369134963,8000
501,0.2194223832339048,0.2172223217785358,0.0220006429590284,0.1094643399119377,97329,9.903926402016153e-05,0.0002971177920604,8016
502,0.1965127252042293,0.1942994445562362,0.0221327883191406,0.1094760075211525,96633,9.903286920132726e-05,0.0002970986076039,8032
503,0.1954380236566066,0.1930051781237125,0.0243284553289413,0.1094876155257225,93425,9.902645337836957e-05,0.0002970793601351,8048
504,0.2019396461546421,0.2001334019005298,0.0180624383501708,0.1094995588064193,102017,9.902001655403672e-05,0.0002970600496621,8064
505,0.2371082939207554,0.2351033687591552,0.0200492278672754,0.1095110177993774,98438,9.901355873108608e-05,0.0002970406761932,8080
506,0.2787674330174923,0.276821918785572,0.0194550640881061,0.109522134065628,99317,9.900707991228402e-05,0.0002970212397368,8096
507,0.2889060564339161,0.2870539091527462,0.0185214343946427,0.1095329746603965,101241,9.90005801004058e-05,0.0002970017403012,8112
508,0.1846713200211525,0.1824559513479471,0.022153697675094,0.1095447838306427,101757,9.899405929823574e-05,0.0002969821778947,8128
509,0.2511766776442528,0.2494739331305027,0.0170275040436536,0.109556958079338,100710,9.898751750856712e-05,0.0002969625525257,8144
510,0.2613509632647037,0.2594916112720966,0.0185935008339583,0.109568603336811,95536,9.898095473420232e-05,0.0002969428642026,8160
511,0.2225592471659183,0.2204247899353504,0.0213445820845663,0.1095805764198303,98987,9.897437097795256e-05,0.0002969231129338,8176
512,0.2093632444739341,0.2074145432561636,0.0194869930855929,0.1095927283167839,100128,9.896776624263816e-05,0.0002969032987279,8192
513,0.1763530075550079,0.1743015609681606,0.0205144900828599,0.1096055284142494,102868,9.896114053108828e-05,0.0002968834215932,8208
514,0.1754238978028297,0.1735003143548965,0.0192357990890741,0.1096188426017761,101198,9.895449384614128e-05,0.0002968634815384,8224
515,0.2208149209618568,0.2183093726634979,0.0250554902013391,0.1096320897340774,96026,9.894782619064431e-05,0.0002968434785719,8240
516,0.1976806037127971,0.1953957714140415,0.022848314139992,0.1096450760960578,99217,9.894113756745362e-05,0.0002968234127023,8256
517,0.2320390529930591,0.2298414595425129,0.0219759424217045,0.1096581742167472,98654,9.89344279794344e-05,0.0002968032839383,8272
518,0.2198567576706409,0.2180595733225345,0.0179718895815312,0.1096714213490486,99839,9.89276974294608e-05,0.0002967830922883,8288
519,0.2805317714810371,0.2787875533103943,0.0174422108102589,0.1096838414669036,95670,9.8920945920416e-05,0.0002967628377612,8304
520,0.2013223394751548,0.1995524317026138,0.0176991033367812,0.1096968054771423,104029,9.891417345519214e-05,0.0002967425203655,8320
521,0.2263146936893463,0.2243997752666473,0.0191492098383605,0.1097100675106048,102898,9.890738003669028e-05,0.00029672214011,8336
522,0.2352864518761634,0.2333447933197021,0.019416572060436,0.1097230985760688,96871,9.890056566782056e-05,0.0002967016970034,8352
523,0.277313444763422,0.2750924676656723,0.0222097164951264,0.1097357049584388,99964,9.889373035150202e-05,0.0002966811910545,8368
524,0.306434765458107,0.3045208416879177,0.0191392223350703,0.1097474843263626,96907,9.888687409066266e-05,0.0002966606222719,8384
525,0.2452077008783817,0.2430101595818996,0.0219754073768854,0.1097591817378997,95921,9.887999688823956e-05,0.0002966399906647,8400
526,0.2358907908201217,0.2338861934840679,0.0200459889601916,0.1097704321146011,99021,9.88730987471786e-05,0.0002966192962415,8416
527,0.2683041170239448,0.2666070610284805,0.0169705539010465,0.1097818985581398,101396,9.88661796704348e-05,0.0002965985390113,8432
528,0.2228714041411876,0.2206404022872448,0.0223100199364125,0.1097936108708381,103285,9.885923966097204e-05,0.0002965777189829,8448
529,0.2018047869205474,0.1992920711636543,0.0251271394081413,0.1098056957125663,94781,9.88522787217632e-05,0.0002965568361652,8464
530,0.2180525753647089,0.2161251660436391,0.0192740811035037,0.1098178103566169,103081,9.884529685579012e-05,0.0002965358905673,8480
531,0.2537611164152622,0.2516163177788257,0.0214479621499776,0.109829381108284,91668,9.883829406604364e-05,0.0002965148821981,8496
532,0.2472778111696243,0.2452135421335697,0.020642670802772,0.1098406761884689,101521,9.883127035552348e-05,0.0002964938110665,8512
533,0.2313959561288356,0.229387704282999,0.0200825314968824,0.1098514944314956,96121,9.882422572723844e-05,0.0002964726771817,8528
534,0.2129464372992515,0.2108517251908779,0.0209471099078655,0.109862171113491,94709,9.881716018420618e-05,0.0002964514805526,8544
535,0.1843791119754314,0.1824707221239805,0.0190838850103318,0.1098733618855476,102242,9.881007372945334e-05,0.0002964302211883,8560
536,0.1770623456686735,0.17447529733181,0.0258705108426511,0.1098841428756713,99023,9.880296636601554e-05,0.000296408899098,8576
537,0.2656060941517353,0.2631946466863155,0.0241145035251975,0.1098947674036026,104302,9.879583809693738e-05,0.0002963875142908,8592
538,0.2090881038457155,0.2072416190057993,0.0184648181311786,0.1099049597978591,97842,9.878868892527234e-05,0.0002963660667758,8608
539,0.3062244206666946,0.3044237345457077,0.0180067904293537,0.109915055334568,96855,9.878151885408294e-05,0.0002963445565622,8624
540,0.2046933993697166,0.202907495200634,0.0178590975701808,0.1099253594875335,104189,9.877432788644056e-05,0.0002963229836593,8640
541,0.2251858748495578,0.223311148583889,0.0187472654506564,0.1099356338381767,103817,9.876711602542563e-05,0.0002963013480762,8656
542,0.1847653016448021,0.1829111650586128,0.0185413823928684,0.1099459081888198,101385,9.875988327412748e-05,0.0002962796498223,8672
543,0.2144953124225139,0.212271723896265,0.0222358838655054,0.1099563315510749,99937,9.875262963564436e-05,0.0002962578889069,8688
544,0.1922379620373249,0.1904252097010612,0.0181275210343301,0.1099671348929405,101379,9.874535511308347e-05,0.0002962360653392,8704
545,0.2087814249098301,0.2069816403090953,0.0179978581145405,0.1099777668714523,101450,9.87380597095611e-05,0.0002962141791286,8720
546,0.214864756911993,0.2125168927013874,0.0234786267392337,0.1099880710244178,101093,9.873074342820226e-05,0.0002961922302846,8736
547,0.2557182312011719,0.2538835853338241,0.0183464859146624,0.1099980622529983,104318,9.872340627214103e-05,0.0002961702188164,8752
548,0.2420409061014652,0.24014862626791,0.0189227447845041,0.1100082620978355,104782,9.871604824452047e-05,0.0002961481447335,8768
549,0.2955303192138672,0.2937708348035812,0.017594935838133,0.1100182235240936,100005,9.870866934849248e-05,0.0002961260080454,8784
550,0.2567480243742466,0.2545523308217525,0.0219569480977952,0.1100278869271278,97593,9.870126958721794e-05,0.0002961038087616,8800
551,0.2868021987378597,0.2850389182567596,0.017632795497775,0.1100375279784202,102882,9.869384896386668e-05,0.0002960815468916,8816
552,0.2588445506989956,0.2570959068834781,0.0174864511936903,0.1100469902157783,101677,9.868640748161748e-05,0.0002960592224448,8832
553,0.1675652973353862,0.1656262800097465,0.0193901732563972,0.1100571081042289,96983,9.867894514365802e-05,0.0002960368354309,8848
554,0.2671034447848797,0.2648518979549408,0.022515503456816,0.1100668311119079,98692,9.867146195318492e-05,0.0002960143858595,8864
555,0.2582280859351158,0.2564488351345062,0.0177925273310393,0.1100767254829406,103173,9.866395791340376e-05,0.0002959918737402,8880
556,0.2707334384322166,0.2687539011240005,0.0197953237220644,0.1100861728191375,94508,9.8656433027529e-05,0.0002959692990825,8896
557,0.1768660023808479,0.1750602126121521,0.0180579100269824,0.1100959330797195,100984,9.86488872987841e-05,0.0002959466618963,8912
558,0.1967105399817228,0.1947050914168357,0.0200544567778706,0.1101059988141059,99426,9.86413207304014e-05,0.0002959239621912,8928
559,0.3079159818589687,0.3059202544391155,0.0199572977144271,0.1101162135601043,101201,9.863373332562217e-05,0.0002959011999768,8944
560,0.2216126248240471,0.2198358923196792,0.0177673634607344,0.1101266965270042,98129,9.86261250876966e-05,0.000295878375263,8960
561,0.2283442709594965,0.2265490964055061,0.0179517292417585,0.1101376190781593,102121,9.861849601988384e-05,0.0002958554880596,8976
562,0.2325526140630245,0.2309347875416278,0.0161782349459826,0.1101487353444099,102338,9.861084612545192e-05,0.0002958325383763,8992
563,0.205017689615488,0.2030706778168678,0.0194701291620731,0.1101598665118217,102534,9.860317540767783e-05,0.000295809526223,9008
564,0.2578617855906486,0.2557355538010597,0.0212622615508735,0.1101701036095619,98294,9.859548386984748e-05,0.0002957864516095,9024
565,0.2065210081636905,0.2046179361641407,0.0190307181328535,0.1101797297596931,96394,9.858777151525564e-05,0.0002957633145457,9040
566,0.2209762819111347,0.2191493809223175,0.0182689535431563,0.110189102590084,101391,9.858003834720603e-05,0.0002957401150416,9056
567,0.2461592443287372,0.2441934533417225,0.0196579098701477,0.1101982593536377,96384,9.857228436901136e-05,0.000295716853107,9072
568,0.3427042700350284,0.3406877107918262,0.0201655207201838,0.1102068200707435,95389,9.856450958399313e-05,0.0002956935287519,9088
569,0.3413644507527351,0.3395431637763977,0.0182128981687128,0.1102154925465583,100016,9.85567139954818e-05,0.0002956701419864,9104
570,0.2789833657443523,0.2771119438111782,0.0187142177019268,0.1102251335978508,104926,9.85488976068168e-05,0.0002956466928204,9120
571,0.1953778844326734,0.1935543771833181,0.0182351018302142,0.1102351695299148,103249,9.85410604213464e-05,0.000295623181264,9136
572,0.279334794729948,0.2777717635035515,0.0156302622053772,0.1102465242147445,102802,9.85332024424278e-05,0.0002955996073272,9152
573,0.2046636305749416,0.2030157744884491,0.0164785713423043,0.1102588027715683,104565,9.852532367342711e-05,0.0002955759710202,9168
574,0.2633679695427418,0.2610999941825866,0.0226797638460993,0.1102700382471084,94147,9.851742411771936e-05,0.0002955522723531,9184
575,0.2908414267003536,0.2886042557656765,0.0223717531189322,0.1102805584669113,95269,9.850950377868846e-05,0.000295528511336,9200
576,0.1930060070008039,0.1911409348249435,0.0186507324688136,0.1102912053465843,97490,9.85015626597272e-05,0.0002955046879791,9216
577,0.1552137546241283,0.1531147323548793,0.0209902201313525,0.1103028804063797,98431,9.849360076423734e-05,0.0002954808022927,9232
578,0.2262718118727207,0.2244985178112983,0.0177329615689814,0.1103149130940437,103081,9.848561809562948e-05,0.0002954568542868,9248
579,0.1669754404574632,0.1642154827713966,0.027599602472037,0.1103268638253212,96751,9.847761465732318e-05,0.0002954328439719,9264
580,0.2434325963258743,0.241510558873415,0.0192203680053353,0.1103391274809837,102521,9.846959045274682e-05,0.0002954087713582,9280
581,0.2949927970767021,0.2932724952697754,0.0172030089888721,0.1103508099913597,103572,9.846154548533772e-05,0.000295384636456,9296
582,0.3205775395035743,0.3185115456581116,0.0206599549856036,0.1103616654872894,98459,9.845347975854213e-05,0.0002953604392756,9312
583,0.1332630719989538,0.1315327547490596,0.0173031669110059,0.1103725954890251,98974,9.844539327581504e-05,0.0002953361798274,9328
584,0.2460563518106937,0.2442817091941833,0.0177464261651039,0.1103832274675369,104263,9.84372860406206e-05,0.0002953118581218,9344
585,0.1737628392875194,0.1711231917142868,0.0263964761979877,0.1103934124112129,93025,9.842915805643157e-05,0.0002952874741692,9360
586,0.2972518913447857,0.2954392656683922,0.0181262474507093,0.1104034259915351,105105,9.842100932672976e-05,0.0002952630279801,9376
587,0.1906521320343017,0.1884411424398422,0.0221099094487726,0.1104134246706962,95416,9.841283985500582e-05,0.000295238519565,9392
588,0.2085553146898746,0.2066817805171013,0.0187353631481528,0.110423743724823,100459,9.840464964475932e-05,0.0002952139489342,9408
589,0.192586462944746,0.1907449476420879,0.0184152009896934,0.1104342564940452,100982,9.839643869949866e-05,0.0002951893160984,9424
590,0.2701148986816406,0.2683432996273041,0.0177160170860588,0.1104443296790123,97020,9.838820702274116e-05,0.0002951646210682,9440
591,0.1916146241128444,0.1894174069166183,0.0219721584580838,0.1104539483785629,98852,9.8379954618013e-05,0.000295139863854,9456
592,0.2976684346795082,0.2960681691765785,0.0160025963559746,0.1104634925723075,101778,9.837168148884924e-05,0.0002951150444665,9472
593,0.1652815416455268,0.1633013505488634,0.0198019151575863,0.1104729548096656,96906,9.836338763879385e-05,0.0002950901629163,9488
594,0.2656362056732178,0.2635340020060539,0.0210221135057508,0.110481671988964,96989,9.835507307139964e-05,0.0002950652192141,9504
595,0.3401128500699997,0.3384488448500633,0.0166400764137506,0.1104903444647789,102231,9.834673779022828e-05,0.0002950402133706,9520
596,0.2064737975597381,0.2044444307684898,0.0202936572022736,0.1104988306760788,99312,9.833838179885038e-05,0.0002950151453965,9536
597,0.2090017572045326,0.2070995699614286,0.0190219073556363,0.1105069369077682,93623,9.833000510084537e-05,0.0002949900153025,9552
598,0.1906513087451458,0.1886497680097818,0.02001538220793,0.1105150431394577,100651,9.832160769980155e-05,0.0002949648230994,9568
599,0.2788592055439949,0.2771982252597809,0.0166098230984061,0.1105230301618576,98292,9.831318959931612e-05,0.0002949395687979,9584
600,0.2603919617831707,0.2586999982595444,0.0169195558410137,0.1105307713150978,91107,9.83047508029951e-05,0.0002949142524089,9600
601,0.1592943500727415,0.1573300454765558,0.0196430408395826,0.1105385422706604,100165,9.829629131445342e-05,0.0002948888739433,9616
602,0.2260385937988758,0.224120382219553,0.0191820948384702,0.1105460301041603,99342,9.828781113731484e-05,0.0002948634334119,9632
603,0.2000925634056329,0.1980546303093433,0.0203793849796056,0.1105540543794632,103835,9.827931027521204e-05,0.0002948379308256,9648
604,0.2686348780989647,0.2670271098613739,0.0160776881966739,0.110561802983284,101014,9.827078873178649e-05,0.0002948123661953,9664
605,0.1507543511688709,0.1484768576920032,0.0227749426849186,0.1105697304010391,97741,9.826224651068852e-05,0.000294786739532,9680
606,0.2868960462510586,0.2853383421897888,0.0155770215205848,0.1105772778391838,100408,9.825368361557738e-05,0.0002947610508467,9696
607,0.2521127052605152,0.2504426129162311,0.0167009043507277,0.1105858609080314,98154,9.824510005012112e-05,0.0002947353001503,9712
608,0.2249532528221607,0.2229446172714233,0.0200863832142204,0.1105944216251373,95803,9.823649581799673e-05,0.0002947094874539,9728
609,0.2469711899757385,0.2450808100402355,0.0189037388190627,0.1106030270457267,99775,9.822787092288992e-05,0.0002946836127686,9744
610,0.2362459897994995,0.2341472469270229,0.0209874082356691,0.1106116622686386,98076,9.821922536849533e-05,0.0002946576761054,9760
611,0.2692174091935158,0.267467051744461,0.017503599403426,0.1106202378869056,104073,9.821055915851648e-05,0.0002946316774755,9776
612,0.165934219956398,0.1641546059399843,0.0177961399313062,0.1106290146708488,95602,9.820187229666564e-05,0.0002946056168899,9792
613,0.2328797578811645,0.2313240133225917,0.0155574560631066,0.1106378659605979,99370,9.819316478666404e-05,0.0002945794943599,9808
614,0.2076150029897689,0.2057581841945648,0.018568227533251,0.1106469482183456,104873,9.81844366322417e-05,0.0002945533098967,9824
615,0.330411609262228,0.3287799470126629,0.0163166183046996,0.1106559261679649,99458,9.817568783713744e-05,0.0002945270635114,9840
616,0.1741373427212238,0.1718384884297847,0.022988514509052,0.1106653362512588,103310,9.8166918405099e-05,0.0002945007552152,9856
617,0.2676453813910484,0.2657723277807235,0.0187305305153131,0.110674612224102,101740,9.815812833988291e-05,0.0002944743850196,9872
618,0.173389034345746,0.1714986693114042,0.0189036331139504,0.1106835976243019,97410,9.814931764525457e-05,0.0002944479529357,9888
619,0.2727594785392284,0.2710865810513496,0.0167290249373763,0.1106924414634704,99506,9.814048632498818e-05,0.0002944214589749,9904
620,0.2464118190109729,0.2445621192455291,0.018497057724744,0.1107010319828987,102011,9.813163438286682e-05,0.0002943949031486,9920
621,0.2779573872685432,0.2762722223997116,0.0168516414705663,0.1107104867696762,99106,9.812276182268236e-05,0.000294368285468,9936
622,0.2810140252113342,0.2793132476508617,0.0170077942311763,0.1107202842831611,103722,9.811386864823556e-05,0.0002943416059447,9952
623,0.1799724828451872,0.1781788542866706,0.0179362914059311,0.1107309460639953,99914,9.810495486333592e-05,0.00029431486459,9968
624,0.3140842653810978,0.3122618794441223,0.0182239040732383,0.1107410639524459,101308,9.809602047180188e-05,0.0002942880614154,9984
625,0.2284375391900539,0.2265336960554123,0.0190384767483919,0.1107505485415458,95228,9.808706547746056e-05,0.0002942611964323,10000
626,0.3146475628018379,0.3128808587789535,0.0176670616492629,0.1107594296336174,104184,9.80780898841481e-05,0.0002942342696524,10016
627,0.1655108816921711,0.1638693250715732,0.0164155717939138,0.1107681766152381,98426,9.806909369570933e-05,0.0002942072810871,10032
628,0.2559688314795494,0.2542720213532448,0.0169680474791675,0.1107768639922142,99669,9.806007691599786e-05,0.0002941802307479,10048
629,0.2844394296407699,0.2829287946224212,0.0151063399389386,0.1107857227325439,100193,9.805103954887629e-05,0.0002941531186466,10064
630,0.240539401769638,0.2387969046831131,0.0174249969422817,0.1107951700687408,101871,9.804198159821588e-05,0.0002941259447946,10080
631,0.2131761368364095,0.2113316506147384,0.0184448650106787,0.110804982483387,97277,9.803290306789676e-05,0.0002940987092036,10096
632,0.262502446770668,0.2608389928936958,0.0166345692705363,0.1108145713806152,98747,9.802380396180794e-05,0.0002940714118854,10112
633,0.21497593075037,0.2126761302351951,0.0229980573058128,0.1108237877488136,99311,9.801468428384716e-05,0.0002940440528515,10128
634,0.2433919701725244,0.2414727471768856,0.0191922266967594,0.1108328625559806,96539,9.8005544037921e-05,0.0002940166321137,10144
635,0.2691434510052204,0.2673217207193374,0.01821732474491,0.1108420491218566,100562,9.799638322794482e-05,0.0002939891496838,10160
636,0.202127231284976,0.1995441243052482,0.0258310190401971,0.1108508855104446,96255,9.798720185784288e-05,0.0002939616055735,10176
637,0.352211020886898,0.350644864141941,0.0156615050509572,0.1108591929078102,103170,9.797799993154814e-05,0.0002939339997946,10192
638,0.2418239749968052,0.240003764629364,0.0182020477950572,0.1108669936656951,98421,9.796877745300244e-05,0.000293906332359,10208
639,0.2640215121209621,0.2621274255216121,0.0189408799633383,0.1108747944235801,100532,9.795953442615638e-05,0.0002938786032784,10224
640,0.2360299713909626,0.2341650761663913,0.018649008590728,0.1108830273151397,102178,9.795027085496938e-05,0.0002938508125649,10240
641,0.2550916559994221,0.2530652955174446,0.0202635766472667,0.1108907312154769,103629,9.794098674340964e-05,0.0002938229602302,10256
642,0.2640329524874687,0.2621628791093826,0.0187007822096347,0.1108981296420097,104614,9.793168209545424e-05,0.0002937950462863,10272
643,0.2669285386800766,0.2646510303020477,0.022775066550821,0.1109058037400245,98489,9.792235691508896e-05,0.0002937670707452,10288
644,0.2077747080475092,0.2059251777827739,0.0184953189454972,0.110914334654808,102037,9.79130112063084e-05,0.0002937390336189,10304
645,0.325269304215908,0.3233195021748543,0.0194980287924408,0.1109223365783691,103404,9.790364497311596e-05,0.0002937109349193,10320
646,0.2295167371630668,0.2279093824326992,0.0160735603421926,0.1109301596879959,100025,9.789425821952388e-05,0.0002936827746585,10336
647,0.2420695312321186,0.240151360630989,0.0191816785372793,0.1109394878149032,103114,9.788485094955308e-05,0.0002936545528486,10352
648,0.3031786531209945,0.3015123791992664,0.0166628065053373,0.11094830930233,101178,9.78754231672334e-05,0.0002936262695017,10368
649,0.2469333633780479,0.2450235858559608,0.0190978460013866,0.1109566912055015,95241,9.786597487660337e-05,0.0002935979246298,10384
650,0.2229136917740106,0.2210666611790657,0.018470341572538,0.1109649315476417,101857,9.785650608171034e-05,0.0002935695182451,10400
651,0.1649447157979011,0.1626263353973627,0.0231838077306747,0.1109731420874595,94336,9.784701678661045e-05,0.0002935410503598,10416
652,0.3197561800479889,0.317760095000267,0.0199608537368476,0.1109809875488281,100177,9.78375069953686e-05,0.0002935125209861,10432
653,0.302792988717556,0.3010652810335159,0.0172770884819328,0.1109884679317474,102066,9.78279767120585e-05,0.0002934839301361,10448
654,0.1539457887411117,0.1517722010612487,0.0217358381487429,0.1109962835907936,99287,9.78184259407626e-05,0.0002934552778222,10464
655,0.2631732188165188,0.2612519823014736,0.0192124303430318,0.1110037341713905,99267,9.780885468557216e-05,0.0002934265640567,10480
656,0.266151525080204,0.2643258720636368,0.0182564430870115,0.1110110282897949,104637,9.77992629505872e-05,0.0002933977888517,10496
657,0.1635700166225433,0.1617498341947794,0.0182018596678972,0.1110185533761978,99495,9.778965073991652e-05,0.0002933689522197,10512
658,0.185309462249279,0.1832085363566875,0.0210092728957533,0.1110260784626007,95200,9.778001805767768e-05,0.000293340054173,10528
659,0.2800033763051033,0.2783894576132297,0.0161391638685017,0.1110334694385528,100012,9.777036490799696e-05,0.0002933110947239,10544
660,0.1985446698963642,0.1964383367449045,0.0210633785463869,0.1110412180423736,98609,9.776069129500958e-05,0.000293282073885,10560
661,0.2069230433553457,0.2048626281321048,0.0206041119527071,0.1110490262508392,100504,9.775099722285936e-05,0.0002932529916685,10576
662,0.2061029653996229,0.2044016290456056,0.0170133742503821,0.111057199537754,97941,9.774128269569888e-05,0.000293223848087,10592
663,0.2693887650966644,0.2677665650844574,0.0162220983766019,0.1110656484961509,101770,9.773154771768957e-05,0.000293194643153,10608
664,0.3150901272892952,0.3130593672394752,0.0203075585886836,0.1110737174749374,100578,9.772179229300156e-05,0.000293165376879,10624
665,0.2433235459029674,0.2412658557295799,0.0205769725143909,0.1110814958810806,98997,9.771201642581384e-05,0.0002931360492774,10640
666,0.2535971328616142,0.2516194321215153,0.0197769673541188,0.1110888421535492,98221,9.770222012031402e-05,0.0002931066603609,10656
667,0.2712969854474067,0.2698112428188324,0.0148574491031467,0.1110960990190506,100340,9.769240338069854e-05,0.000293077210142,10672
668,0.199764285236597,0.197918564081192,0.0184572129510343,0.1111033409833908,103776,9.768256621117256e-05,0.0002930476986335,10688
669,0.2472984045743942,0.2457112092524767,0.0158719804603606,0.1111103594303131,102071,9.767270861595004e-05,0.0002930181258478,10704
670,0.2600631937384605,0.2585162110626697,0.0154698556289076,0.1111172139644622,101282,9.766283059925368e-05,0.0002929884917977,10720
671,0.2998292669653892,0.2981671150773763,0.0166215116623789,0.1111238077282905,97545,9.765293216531486e-05,0.0002929587964959,10736
672,0.1909471228718757,0.1893538981676101,0.0159322370309382,0.111130952835083,99035,9.764301331837376e-05,0.0002929290399551,10752
673,0.207554955035448,0.2054809890687465,0.0207396964542567,0.1111377626657486,97434,9.763307406267932e-05,0.000292899222188,10768
674,0.1654845513403415,0.1631873063743114,0.0229724468663334,0.1111444383859634,94741,9.76231144024892e-05,0.0002928693432074,10784
675,0.2720421999692917,0.2702440321445465,0.0179817057214677,0.1111509054899215,101539,9.761313434206978e-05,0.0002928394030262,10800
676,0.2275789733976125,0.225947305560112,0.0163166297134012,0.1111574918031692,102973,9.760313388569622e-05,0.000292809401657,10816
677,0.2491731978952884,0.2469607591629028,0.0221244078129529,0.1111639067530632,93573,9.75931130376524e-05,0.0002927793391129,10832
678,0.1729989685118198,0.1710699871182441,0.0192897734232246,0.1111706271767616,95490,9.758307180223093e-05,0.0002927492154066,10848
679,0.2414401918649673,0.2395975291728973,0.0184266467113047,0.1111772507429122,100650,9.757301018373312e-05,0.0002927190305511,10864
680,0.2592770420014858,0.2572778649628162,0.0199917315039783,0.1111834719777107,95528,9.756292818646912e-05,0.0002926887845594,10880
681,0.2230136543512344,0.2208615764975547,0.0215208092704415,0.1111893355846405,99776,9.755282581475769e-05,0.0002926584774442,10896
682,0.1694783009588718,0.1675426810979843,0.0193562069907784,0.1111954748630523,103789,9.754270307292636e-05,0.0002926281092187,10912
683,0.2033145893365144,0.2013497687876224,0.0196481531020253,0.1112018674612045,102115,9.75325599653114e-05,0.0002925976798959,10928
684,0.1662361342459917,0.1639456301927566,0.0229050484485924,0.1112082377076149,99055,9.752239649625784e-05,0.0002925671894887,10944
685,0.3379954770207405,0.3365105018019676,0.0148497056216001,0.1112144738435745,100313,9.751221267011928e-05,0.0002925366380103,10960
686,0.2068145051598549,0.2049818374216556,0.0183267113752663,0.1112211197614669,100521,9.750200849125828e-05,0.0002925060254737,10976
687,0.2738242112100124,0.2720247991383075,0.0179941621609032,0.1112272962927818,98391,9.749178396404588e-05,0.0002924753518921,10992
688,0.2273376677185297,0.2255778945982456,0.0175977242179214,0.1112337782979011,101688,9.7481539092862e-05,0.0002924446172785,11008
689,0.2808343432843685,0.2789463996887207,0.0188793356064707,0.1112405881285667,99694,9.74712738820952e-05,0.0002924138216462,11024
690,0.2621721103787422,0.2605815455317497,0.0159056393895298,0.1112474799156189,100544,9.746098833614276e-05,0.0002923829650084,11040
691,0.2096066307276487,0.2076864968985319,0.019201363902539,0.1112542152404785,100320,9.74506824594107e-05,0.0002923520473782,11056
692,0.2616553045809269,0.2600043527781963,0.0165094612166285,0.1112607941031456,102626,9.744035625631372e-05,0.0002923210687689,11072
693,0.2481916807591915,0.2458490878343582,0.0234259297139942,0.11126758903265,93985,9.743000973127524e-05,0.0002922900291938,11088
694,0.1675381287932396,0.1657197475433349,0.0181838031858205,0.1112747490406036,102925,9.741964288872738e-05,0.0002922589286661,11104
695,0.2073494754731655,0.2050868384540081,0.0226263320073485,0.1112817004323005,94268,9.740925573311096e-05,0.0002922277671993,11120
696,0.2200713884085416,0.2182931099087,0.0177828213199973,0.1112887784838676,100441,9.739884826887552e-05,0.0002921965448066,11136
697,0.1862412951886654,0.1846030373126268,0.0163825342897325,0.1112963259220123,104163,9.73884205004793e-05,0.0002921652615014,11152
698,0.3146519064903259,0.3129120469093323,0.0173986172303557,0.1113037317991256,105304,9.737797243238916e-05,0.0002921339172971,11168
699,0.1885546669363975,0.1865899339318275,0.019647351000458,0.111311174929142,98342,9.736750406908082e-05,0.0002921025122072,11184
700,0.3100215494632721,0.3083590306341648,0.0166252199560403,0.1113182678818702,103285,9.735701541503852e-05,0.0002920710462451,11200
701,0.2235544957220554,0.2214629910886287,0.0209150710143148,0.1113253831863403,104784,9.73465064747553e-05,0.0002920395194242,11216
702,0.1815999448299408,0.1796709597110748,0.019289833959192,0.1113325655460357,102733,9.733597725273284e-05,0.0002920079317581,11232
703,0.2158477269113063,0.2136775068938732,0.0217022083234041,0.1113397181034088,95241,9.73254277534815e-05,0.0002919762832604,11248
704,0.1510443110018968,0.1492022313177585,0.0184208368882536,0.1113473027944564,98705,9.73148579815204e-05,0.0002919445739445,11264
705,0.2327475845813751,0.2309616170823574,0.0178596205078065,0.1113546565175056,97991,9.730426794137729e-05,0.0002919128038241,11280
706,0.2175754699856043,0.215717663988471,0.0185780762694776,0.1113618835806846,101598,9.729365763758856e-05,0.0002918809729127,11296
707,0.207179807126522,0.2052635699510574,0.0191623480059206,0.1113696172833442,96084,9.728302707469936e-05,0.000291849081224,11312
708,0.2755709141492843,0.2734559141099453,0.0211500055156648,0.1113774850964546,102860,9.727237625726348e-05,0.0002918171287717,11328
709,0.2900640852749347,0.2883566431701183,0.0170743567869067,0.1113849580287933,104786,9.72617051898434e-05,0.0002917851155695,11344
710,0.2168916761875152,0.2151619978249073,0.0172968097031116,0.1113926991820335,102996,9.725101387701028e-05,0.000291753041631,11360
711,0.2264549285173416,0.2246575728058815,0.0179734886623919,0.1114006042480468,103666,9.724030232334391e-05,0.00029172090697,11376
712,0.1372686941176653,0.1354917958378791,0.0177689874544739,0.1114084646105766,99379,9.722957053343278e-05,0.0002916887116002,11392
713,0.2323531508445739,0.2302009873092174,0.021521674003452,0.1114159896969795,95662,9.721881851187406e-05,0.0002916564555356,11408
714,0.2471974641084671,0.2453290000557899,0.0186845818534493,0.1114238500595092,98013,9.720804626327356e-05,0.0002916241387898,11424
715,0.1194216161966323,0.1175418198108673,0.018797967582941,0.111431784927845,93123,9.71972537922458e-05,0.0002915917613767,11440
716,0.2751540541648865,0.2734378650784492,0.017161900177598,0.1114399060606956,100006,9.71864411034139e-05,0.0002915593233102,11456
717,0.2253275271505117,0.2233779896050691,0.0194954015314579,0.1114477068185806,99816,9.717560820140968e-05,0.0002915268246042,11472
718,0.152849406003952,0.1510741095989942,0.0177529973443597,0.1114563643932342,106064,9.716475509087362e-05,0.0002914942652726,11488
719,0.2311939299106598,0.2290803715586662,0.0211355332285165,0.111465074121952,99890,9.715388177645484e-05,0.0002914616453293,11504
720,0.2172292545437812,0.2154979556798935,0.0173129732720553,0.1114737465977668,101091,9.714298826281114e-05,0.0002914289647884,11520
721,0.2113605998456478,0.209744643419981,0.0161596050020307,0.1114824935793876,102378,9.713207455460894e-05,0.0002913962236638,11536
722,0.1756461337208748,0.173929963260889,0.0171617129817605,0.1114920005202293,97317,9.71211406565233e-05,0.0002913634219695,11552
723,0.2986757755279541,0.2966344133019447,0.020413635065779,0.1115006878972053,100154,9.7110186573238e-05,0.0002913305597197,11568
724,0.1782231926918029,0.1762888915836811,0.0193430366925895,0.1115091890096664,102358,9.70992123094454e-05,0.0002912976369283,11584
725,0.2358154729008674,0.2340143285691738,0.0180114544928073,0.1115179508924484,100895,9.708821786984652e-05,0.0002912646536095,11600
726,0.2056233808398246,0.2040911465883255,0.0153223341330885,0.1115269586443901,100507,9.707720325915104e-05,0.0002912316097774,11616
727,0.2673021778464317,0.2654989585280418,0.0180321810767054,0.111535370349884,97372,9.706616848207728e-05,0.0002911985054462,11632
728,0.2316153645515442,0.2300483807921409,0.0156698497012257,0.1115434244275093,100716,9.705511354335215e-05,0.00029116534063,11648
729,0.1704470627009868,0.168479848653078,0.0196721558459103,0.1115515977144241,99001,9.704403844771128e-05,0.0002911321153431,11664
730,0.2510598748922348,0.2492016479372978,0.0185823296196758,0.1115592792630195,98504,9.703294319989888e-05,0.0002910988295996,11680
731,0.2260897345840931,0.2242070101201534,0.018827258143574,0.1115668639540672,102823,9.702182780466775e-05,0.000291065483414,11696
732,0.1829165909439325,0.1809826903045177,0.0193390140775591,0.1115743517875671,99955,9.701069226677944e-05,0.0002910320768003,11712
733,0.2038563415408134,0.2020978555083274,0.0175848554354161,0.1115817353129386,100120,9.6999536591004e-05,0.000290998609773,11728
734,0.2921596188098192,0.2905041594058275,0.0165545816998928,0.1115888133645057,100762,9.698836078212024e-05,0.0002909650823463,11744
735,0.1655078250914812,0.1638859286904335,0.0162189488764852,0.1115961521863937,99503,9.697716484491546e-05,0.0002909314945347,11760
736,0.1531357523053884,0.1514691822230816,0.0166656896471977,0.1116039231419563,97713,9.696594878418566e-05,0.0002908978463525,11776
737,0.1728759631514549,0.1709470711648464,0.0192889021709561,0.1116113513708114,92373,9.695471260473544e-05,0.0002908641378142,11792
738,0.2379826456308365,0.2359816655516624,0.0200098066125065,0.1116182953119278,94595,9.694345631137808e-05,0.0002908303689341,11808
739,0.2247286066412925,0.2228047810494899,0.0192381981760263,0.1116252765059471,97730,9.693217990893532e-05,0.0002907965397268,11824
740,0.2219814341515302,0.2203848753124475,0.0159655541647225,0.1116323173046112,99754,9.692088340223767e-05,0.0002907626502067,11840
741,0.1199482623487711,0.1180738396942615,0.0187442146707326,0.1116394847631454,98829,9.69095667961242e-05,0.0002907287003883,11856
742,0.2141809500753879,0.2123392075300216,0.0184174524620175,0.1116462722420692,97302,9.689823009544258e-05,0.0002906946902863,11872
743,0.1692541465163231,0.167327718809247,0.0192642821930348,0.1116527393460273,103108,9.688687330504908e-05,0.0002906606199151,11888
744,0.2389665581285953,0.2372359968721866,0.0173056407365947,0.1116592362523078,100078,9.687549642980858e-05,0.0002906264892894,11904
745,0.1804709397256374,0.1777417846024036,0.0272915503010153,0.1116654425859451,90450,9.686409947459458e-05,0.0002905922984237,11920
746,0.1373119037598371,0.135493479669094,0.0181842257734388,0.1116714552044868,96286,9.685268244428918e-05,0.0002905580473328,11936
747,0.3277894482016563,0.3261279761791229,0.0166147407144308,0.1116772219538688,97548,9.684124534378308e-05,0.0002905237360313,11952
748,0.2719250246882438,0.2701914496719837,0.017335784388706,0.1116828992962837,98127,9.682978817797555e-05,0.0002904893645339,11968
749,0.1667661163955927,0.1650604084134102,0.0170570826157927,0.1116895750164985,101443,9.68183109517745e-05,0.0002904549328553,11984
750,0.1715368684381246,0.1698325723409652,0.0170429702848196,0.1116963699460029,96812,9.680681367009638e-05,0.0002904204410102,12000
751,0.21102025359869,0.2093621678650379,0.0165808394085615,0.1117030531167984,98519,9.67952963378663e-05,0.0002903858890135,12016
752,0.2316738180816173,0.2296163216233253,0.020574886817485,0.1117094829678535,95893,9.678375896001786e-05,0.00029035127688,12032
753,0.179700693115592,0.1780435778200626,0.0165711566805839,0.1117164567112922,102909,9.677220154149336e-05,0.0002903166046244,12048
754,0.1734580527991056,0.1717795766890049,0.0167847471311688,0.1117230951786041,99339,9.676062408724362e-05,0.0002902818722617,12064
755,0.2699143551290035,0.2682161182165146,0.0169823302421718,0.1117300018668174,105165,9.674902660222803e-05,0.0002902470798066,12080
756,0.2435723096132278,0.2418899238109588,0.0168238615151494,0.1117368713021278,106467,9.673740909141464e-05,0.0002902122272742,12096
757,0.2313094772398471,0.2296873331069946,0.0162214653100818,0.1117436364293098,97049,9.672577155977993e-05,0.0002901773146793,12112
758,0.1911346912384033,0.1891849301755428,0.0194975978229194,0.1117503121495246,96141,9.671411401230914e-05,0.0002901423420369,12128
759,0.1955628506839275,0.1936859898269176,0.0187685994897037,0.1117570549249649,97376,9.670243645399592e-05,0.0002901073093619,12144
760,0.2163591906428337,0.2147410362958908,0.0161815797910094,0.111763559281826,98548,9.669073888984265e-05,0.0002900722166695,12160
761,0.14795907959342,0.1463686004281044,0.01590481470339,0.1117701679468154,100524,9.667902132486008e-05,0.0002900370639745,12176
762,0.195161011070013,0.1935254614800214,0.016355448635295,0.1117769852280616,103440,9.666728376406776e-05,0.0002900018512922,12192
763,0.263187363743782,0.2609651423990726,0.0222222623415291,0.1117833629250526,99985,9.66555262124936e-05,0.0002899665786374,12208
764,0.2519537694752216,0.2504414767026901,0.0151228795293718,0.1117900982499122,100539,9.66437486751742e-05,0.0002899312460255,12224
765,0.2536545805633068,0.2519588507711887,0.0169572755694389,0.1117964461445808,98526,9.663195115715472e-05,0.0002898958534714,12240
766,0.2450607232749462,0.2430837787687778,0.0197693903464823,0.1118030026555061,96154,9.662013366348876e-05,0.0002898604009904,12256
767,0.1517194304615259,0.1496851798146963,0.0203425204381346,0.1118094623088836,99245,9.660829619923862e-05,0.0002898248885977,12272
768,0.2526567429304123,0.2510872595012188,0.0156948345247656,0.1118162870407104,103448,9.659643876947508e-05,0.0002897893163084,12288
769,0.1642896570265293,0.1623402535915374,0.0194940264336764,0.1118231788277626,105273,9.658456137927744e-05,0.0002897536841378,12304
770,0.2902720980346203,0.288566280156374,0.017058158526197,0.1118298321962356,99551,9.657266403373368e-05,0.0002897179921012,12320
771,0.1587270870804786,0.1566067934036255,0.0212029421236366,0.1118365004658699,96214,9.656074673794018e-05,0.0002896822402138,12336
772,0.2062094770371914,0.204528123140335,0.0168135329149663,0.1118431091308593,102424,9.654880949700197e-05,0.000289646428491,12352
773,0.2564301118254661,0.2546514011919498,0.0177870811894536,0.1118498519062995,104616,9.653685231603256e-05,0.000289610556948,12368
774,0.2540295086801052,0.2520158067345619,0.0201369603164494,0.1118566393852233,103672,9.652487520015402e-05,0.0002895746256004,12384
775,0.2542654182761907,0.2526317574083805,0.0163366345223039,0.1118631660938263,101302,9.651287815449698e-05,0.0002895386344634,12400
776,0.2212126329541206,0.2191906534135341,0.0202197460457682,0.1118702068924903,97105,9.65008611842006e-05,0.0002895025835526,12416
777,0.1671300586313009,0.1653721537441015,0.0175790512003004,0.1118774861097335,99499,9.648882429441255e-05,0.0002894664728832,12432
778,0.1645760759711265,0.1618871949613094,0.0268887928687036,0.1118846163153648,101326,9.64767674902891e-05,0.0002894303024708,12448
779,0.1352096553891897,0.1332265455275774,0.0198311181738972,0.1118917390704155,96991,9.646469077699492e-05,0.0002893940723309,12464
780,0.146906841546297,0.144760075956583,0.0214676584582775,0.1118986457586288,93509,9.645259415970338e-05,0.0002893577824791,12480
781,0.2706697769463062,0.2686632871627807,0.020064930897206,0.111905388534069,98335,9.644047764359622e-05,0.0002893214329307,12496
782,0.2933710552752018,0.2917845323681831,0.015865258174017,0.1119122579693794,102335,9.64283412338638e-05,0.0002892850237015,12512
783,0.2718984670937061,0.2699659951031208,0.019324627239257,0.1119189485907554,99054,9.641618493570494e-05,0.0002892485548071,12528
784,0.1477320697158575,0.1460617166012525,0.0167035220656543,0.1119258180260658,99685,9.640400875432704e-05,0.0002892120262629,12544
785,0.2268641404807567,0.2252698838710785,0.0159426294267177,0.1119328066706657,101626,9.6391812694946e-05,0.0002891754380848,12560
786,0.2692298591136932,0.2674447447061538,0.0178511156700551,0.111939400434494,100865,9.63795967627862e-05,0.0002891387902883,12576
787,0.2539523653686046,0.2523365132510662,0.0161585144232958,0.1119456961750984,101144,9.63673609630806e-05,0.0002891020828892,12592
788,0.163603588938713,0.161764046177268,0.0183953826781362,0.1119527369737625,99626,9.635510530107057e-05,0.0002890653159032,12608
789,0.1859327927231788,0.1842446327209472,0.0168816128280013,0.1119599491357803,105087,9.634282978200604e-05,0.000289028489346,12624
790,0.2420911863446235,0.2401072010397911,0.0198399007786065,0.1119667515158653,98580,9.633053441114553e-05,0.0002889916032334,12640
791,0.1911471262574196,0.1892500389367342,0.0189708932302892,0.1119735985994339,98532,9.631821919375591e-05,0.0002889546575812,12656
792,0.1886461339890957,0.1869858801364898,0.0166025629732757,0.1119802817702293,101954,9.630588413511266e-05,0.0002889176524053,12672
793,0.212498614564538,0.2106406111270189,0.018580068135634,0.1119866967201232,103397,9.629352924049975e-05,0.0002888805877214,12688
794,0.2202862352132797,0.2185126505792141,0.0177358307410031,0.1119931638240814,100917,9.628115451520958e-05,0.0002888434635456,12704
795,0.1803931221365928,0.178437678143382,0.0195544378366321,0.1120001375675201,103328,9.626875996454313e-05,0.0002888062798936,12720
796,0.2767060808837414,0.2746161967515945,0.020898865070194,0.1120066717267036,97594,9.625634559380978e-05,0.0002887690367814,12736
797,0.2579516731202602,0.2564091496169567,0.0154252932406961,0.1120129451155662,102851,9.624391140832748e-05,0.0002887317342249,12752
798,0.2491296231746673,0.247385311871767,0.0174430781044065,0.1120189875364303,97337,9.623145741342268e-05,0.0002886943722402,12768
799,0.2455777302384376,0.243992855772376,0.0158487588632851,0.1120248138904571,97324,9.62189836144302e-05,0.0002886569508432,12784
800,0.2381219081580639,0.2362936586141586,0.0182824751827865,0.1120304837822914,95700,9.620649001669347e-05,0.00028861947005,12800
801,0.2367923781275749,0.235036876052618,0.0175550356507301,0.1120362356305122,98770,9.619397662556436e-05,0.0002885819298766,12816
802,0.1683637760579586,0.1665746141225099,0.0178916284348815,0.1120422407984733,99063,9.618144344640317e-05,0.0002885443303392,12832
803,0.2575720809400081,0.2559660375118255,0.0160604701377451,0.1120482757687568,103755,9.616889048457873e-05,0.0002885066714537,12848
804,0.2102832831442356,0.2085531018674373,0.0173018123023211,0.1120544299483299,99656,9.615631774546832e-05,0.0002884689532364,12864
805,0.2635172791779041,0.2618186324834823,0.016986477188766,0.1120604649186134,104981,9.614372523445772e-05,0.0002884311757033,12880
806,0.2045148909091949,0.2027400657534599,0.0177482357248663,0.1120662167668342,97204,9.613111295694116e-05,0.0002883933388708,12896
807,0.3074197992682457,0.305496547371149,0.0192324945237487,0.1120718792080879,99732,9.611848091832134e-05,0.0002883554427549,12912
808,0.2298527918756008,0.2279016468673944,0.019511426333338,0.1120771765708923,93149,9.610582912400944e-05,0.000288317487372,12928
809,0.1851048227399587,0.1832857429981231,0.0181908363010734,0.1120825260877609,102290,9.609315757942504e-05,0.0002882794727382,12944
810,0.2365039139986038,0.2346897311508655,0.0181417698040604,0.1120878234505653,100851,9.608046628999624e-05,0.0002882413988699,12960
811,0.2254362143576145,0.2234568819403648,0.0197933183517307,0.1120930761098861,102899,9.606775526115964e-05,0.0002882032657834,12976
812,0.1425744369626045,0.1407789420336485,0.0179549392778426,0.1120993047952652,99289,9.605502449836016e-05,0.000288165073495,12992
813,0.2853965945541858,0.2835575081408024,0.0183909006882458,0.1121052280068397,97415,9.604227400705131e-05,0.0002881268220211,13008
814,0.1982412599027156,0.1964553520083427,0.0178590393625199,0.1121110245585441,103875,9.6029503792695e-05,0.000288088511378,13024
815,0.2121485732495784,0.2102536521852016,0.0189492418430745,0.1121166124939918,98727,9.601671386076152e-05,0.0002880501415822,13040
816,0.1782819777727127,0.1759443767368793,0.0233760038390755,0.1121217906475067,96385,9.600390421672977e-05,0.0002880117126501,13056
817,0.1790362484753132,0.1770086828619241,0.0202756426297128,0.112126849591732,100120,9.599107486608688e-05,0.0002879732245982,13072
818,0.2238534204661846,0.2219403088092804,0.0191311405505985,0.1121319010853767,103960,9.597822581432864e-05,0.0002879346774429,13088
819,0.1847583409398794,0.1827441304922104,0.0201420774683356,0.112136997282505,100637,9.596535706695912e-05,0.0002878960712008,13104
820,0.2869531214237213,0.2851952575147152,0.017578643746674,0.1121419370174408,98393,9.595246862949086e-05,0.0002878574058884,13120
821,0.2317695003002882,0.2300283014774322,0.0174120399169623,0.1121468544006347,101326,9.593956050744492e-05,0.0002878186815223,13136
822,0.2063216008245945,0.2043355926871299,0.0198601121082901,0.1121517866849899,99291,9.59266327063507e-05,0.000287779898119,13152
823,0.2515062279999256,0.2494886480271816,0.0201757957693189,0.1121569573879242,94683,9.591368523174603e-05,0.0002877410556952,13168
824,0.2426218949258327,0.2407373152673244,0.0188457823824137,0.1121617779135704,100498,9.590071808917729e-05,0.0002877021542675,13184
825,0.2020510025322437,0.2002251408994197,0.0182586391456425,0.1121664941310882,98346,9.588773128419906e-05,0.0002876631938525,13200
826,0.2598914559930563,0.2582081519067287,0.0168330322485417,0.1121711581945419,103470,9.587472482237456e-05,0.0002876241744671,13216
827,0.2841646745800972,0.2819734811782837,0.0219119526445865,0.1121755242347717,97775,9.586169870927534e-05,0.0002875850961278,13232
828,0.2900206670165062,0.2881936207413673,0.0182704525068402,0.1121798232197761,98611,9.584865295048136e-05,0.0002875459588514,13248
829,0.2756160162389278,0.2737102806568146,0.0190573469735682,0.1121844053268432,101310,9.5835587551581e-05,0.0002875067626547,13264
830,0.2335373107343912,0.2318616285920143,0.0167568163014948,0.1121890693902969,99823,9.582250251817108e-05,0.0002874675075545,13280
831,0.2042288873344659,0.2023688144981861,0.0186007476877421,0.1121937483549118,96871,9.58093978558568e-05,0.0002874281935675,13296
832,0.1982465423643589,0.1961185000836849,0.021280403714627,0.112198382616043,96441,9.579627357025178e-05,0.0002873888207107,13312
833,0.2642335798591375,0.2624385952949524,0.0179498714860528,0.1122033298015594,98657,9.578312966697808e-05,0.0002873493890009,13328
834,0.1467544641345739,0.1450557857751846,0.0169867787044495,0.1122088730335235,102716,9.576996615166605e-05,0.0002873098984549,13344
835,0.1536693945527076,0.1519464813172817,0.0172291740309447,0.1122148334980011,102422,9.57567830299546e-05,0.0002872703490898,13360
836,0.223850592970848,0.2219529300928115,0.0189766632393002,0.1122204661369323,99386,9.574358030749094e-05,0.0002872307409224,13376
837,0.2344722542911768,0.2325209639966488,0.0195128896739333,0.1122259497642517,100913,9.573035798993067e-05,0.0002871910739697,13392
838,0.2037214450538158,0.2016243189573288,0.0209712660871446,0.1122312769293785,97801,9.571711608293784e-05,0.0002871513482488,13408
839,0.2143790274858474,0.2123589999973774,0.0202002259902656,0.1122363582253456,93106,9.570385459218488e-05,0.0002871115637765,13424
840,0.2492781728506088,0.2476491816341877,0.0162898816633969,0.1122416853904724,96853,9.569057352335256e-05,0.00028707172057,13440
841,0.2531599029898643,0.2514804117381573,0.0167948752641677,0.1122469529509544,103681,9.567727288213005e-05,0.0002870318186463,13456
842,0.1589478589594364,0.1571362428367138,0.0181161751970648,0.1122523695230484,104048,9.566395267421496e-05,0.0002869918580226,13472
843,0.232098426669836,0.2304665930569172,0.0163183591794222,0.1122577637434005,103460,9.565061290531322e-05,0.0002869518387159,13488
844,0.2324386425316333,0.2308004386723041,0.0163820823654532,0.1122631505131721,97435,9.563725358113918e-05,0.0002869117607434,13504
845,0.2036027666181326,0.2020485550165176,0.0155421106610447,0.1122685745358467,100500,9.562387470741554e-05,0.0002868716241222,13520
846,0.2792524471879005,0.2777573578059673,0.0149508614558726,0.1122737303376197,98750,9.56104762898734e-05,0.0002868314288696,13536
847,0.2331002280116081,0.2312804497778415,0.0181977860629558,0.1122787520289421,101419,9.559705833425218e-05,0.0002867911750027,13552
848,0.1743076741695404,0.1723847761750221,0.0192289541009813,0.1122836619615554,100952,9.558362084629975e-05,0.0002867508625388,13568
849,0.1914901621639728,0.189763143658638,0.0172701752744615,0.1122887581586837,97225,9.557016383177228e-05,0.0002867104914953,13584
850,0.2326631918549537,0.230930745601654,0.0173244669567793,0.1122936904430389,102543,9.555668729643432e-05,0.0002866700618893,13600
851,0.2155232615768909,0.2138166613876819,0.0170660007279366,0.1122988015413284,103760,9.55431912460588e-05,0.0002866295737381,13616
852,0.23380196839571,0.2316616773605346,0.0214029476046562,0.1123043671250343,99511,9.5529675686427e-05,0.0002865890270592,13632
853,0.1826302222907543,0.1807366162538528,0.0189360752701759,0.1123107448220253,92747,9.551614062332856e-05,0.0002865484218699,13648
854,0.2401388883590698,0.2385323159396648,0.0160657418891787,0.1123175770044326,104491,9.550258606256146e-05,0.0002865077581876,13664
855,0.2060276828706264,0.204014778137207,0.0201290324330329,0.1123238578438758,93056,9.548901200993204e-05,0.0002864670360297,13680
856,0.2427016794681549,0.240717202425003,0.0198447748553007,0.1123298704624176,98951,9.547541847125503e-05,0.0002864262554137,13696
857,0.2497673127800226,0.2476602159440517,0.021071012597531,0.1123358160257339,99198,9.546180545235344e-05,0.000286385416357,13712
858,0.2301077470183372,0.2285418659448623,0.0156587993260473,0.1123420521616935,101496,9.544817295905864e-05,0.0002863445188771,13728
859,0.1778845265507698,0.1760825831443071,0.0180194224230945,0.1123484894633293,102950,9.543452099721036e-05,0.0002863035629916,13744
860,0.248041320592165,0.2463008686900138,0.0174045152962207,0.1123547181487083,101570,9.542084957265672e-05,0.0002862625487179,13760
861,0.1634939108043909,0.1617440525442361,0.0174985849298536,0.1123620569705963,102787,9.540715869125408e-05,0.0002862214760737,13776
862,0.2069647666066885,0.2051021698862314,0.0186259385664016,0.1123696938157081,101452,9.539344835886716e-05,0.0002861803450766,13792
863,0.2064206525683403,0.2046211846172809,0.0179946883581578,0.1123770847916603,102645,9.537971858136909e-05,0.0002861391557441,13808
864,0.2596865259110927,0.2580030150711536,0.0168351004831492,0.112384058535099,93468,9.53659693646412e-05,0.0002860979080939,13824
865,0.1919579859822988,0.1902485340833664,0.01709451735951,0.1123911589384079,98719,9.535220071457324e-05,0.0002860566021437,13840
866,0.3278825059533119,0.3262308463454246,0.0165165623184293,0.1123977825045585,97655,9.533841263706331e-05,0.0002860152379111,13856
867,0.1938202455639839,0.1921164188534021,0.0170383043587207,0.1124044954776763,99663,9.532460513801774e-05,0.000285973815414,13872
868,0.212110087275505,0.2104146908968687,0.0169539616908878,0.1124107018113136,103858,9.531077822335123e-05,0.00028593233467,13888
869,0.2409266903996467,0.2389512918889522,0.0197539997752755,0.112416386604309,101171,9.52969318989868e-05,0.0002858907956969,13904
870,0.1868060510605573,0.1851362008601427,0.0166984831448644,0.1124218627810478,95405,9.528306617085576e-05,0.0002858491985125,13920
871,0.1738141681998968,0.1719622891396284,0.0185188059695065,0.1124272122979164,98182,9.526918104489775e-05,0.0002858075431346,13936
872,0.2240137681365013,0.2220608852803707,0.0195287903770804,0.1124324426054954,97309,9.525527652706077e-05,0.0002857658295811,13952
873,0.2231854945421219,0.2215413302183151,0.0164416376501321,0.1124376058578491,96797,9.524135262330098e-05,0.0002857240578699,13968
874,0.2281656470149755,0.2263283990323543,0.0183724507223814,0.1124427393078804,100906,9.5227409339583e-05,0.0002856822280187,13984
875,0.2756706178188324,0.2738472484052181,0.0182337227743119,0.1124476268887519,100955,9.521344668187967e-05,0.0002856403400456,14000
876,0.2352647259831428,0.2331286184489727,0.0213610692881047,0.1124521419405937,96229,9.519946465617218e-05,0.0002855983939685,14016
877,0.2117003947496414,0.2100159004330635,0.0168449396733194,0.1124568954110145,102407,9.518546326844992e-05,0.0002855563898053,14032
878,0.2281671110540628,0.2265338506549596,0.0163326587062329,0.1124619990587234,102216,9.517144252471072e-05,0.0002855143275741,14048
879,0.128019992262125,0.1258974894881248,0.0212250328622758,0.1124671101570129,103579,9.515740243096056e-05,0.0002854722072928,14064
880,0.2718119919300079,0.2701557613909244,0.0165623102802783,0.1124720126390457,101736,9.51433429932138e-05,0.0002854300289796,14080
881,0.2370025981217622,0.2352986205369234,0.0170397758483886,0.1124767512083053,100102,9.512926421749304e-05,0.0002853877926524,14096
882,0.2104075793176889,0.2086580228060484,0.0174955655820667,0.1124814599752426,101541,9.511516610982918e-05,0.0002853454983294,14112
883,0.096771840006113,0.0949760042130947,0.0179583472199738,0.1124861314892768,93478,9.510104867626142e-05,0.0002853031460287,14128
884,0.2593970261514187,0.2575584556907415,0.0183857236988842,0.1124909669160842,103674,9.50869119228372e-05,0.0002852607357685,14144
885,0.2117996923625469,0.2099735997617244,0.0182608827017247,0.1124956011772155,103503,9.507275585561229e-05,0.0002852182675668,14160
886,0.2533968985080719,0.2513380832970142,0.0205881358124315,0.1125001013278961,98594,9.505858048065066e-05,0.0002851757414419,14176
887,0.2105598151683807,0.2087149806320667,0.0184483085758984,0.1125048324465751,101035,9.50443858040246e-05,0.000285133157412,14192
888,0.2042234744876623,0.2026735246181488,0.0154995177872478,0.1125098466873169,102947,9.503017183181468e-05,0.0002850905154954,14208
889,0.2239088006317615,0.2221294119954109,0.017793905455619,0.1125144809484481,100210,9.501593857010968e-05,0.0002850478157103,14224
890,0.1911334171891212,0.1893702074885368,0.0176320965401828,0.1125191524624824,101683,9.50016860250067e-05,0.000285005058075,14240
891,0.2936536334455013,0.2917402852326631,0.0191334497649222,0.1125235855579376,103005,9.498741420261108e-05,0.0002849622426078,14256
892,0.1452345345169305,0.1434753611683845,0.0175917404703795,0.1125279292464256,93877,9.49731231090364e-05,0.0002849193693271,14272
893,0.2509448565542698,0.2492598686367273,0.0168499078135937,0.1125321611762046,99623,9.495881275040452e-05,0.0002848764382512,14288
894,0.180710444226861,0.1790548972785473,0.0165554888080805,0.1125369891524314,103662,9.494448313284554e-05,0.0002848334493985,14304
895,0.1974201686680317,0.1954796500504017,0.0194051740691065,0.1125415340065956,98850,9.493013426249782e-05,0.0002847904027874,14320
896,0.1984854079782962,0.1967319119721651,0.0175349446944892,0.1125461533665657,98205,9.491576614550797e-05,0.0002847472984365,14336
897,0.2512619085609913,0.2492184154689312,0.020434878533706,0.1125506237149238,101702,9.49013787880308e-05,0.000284704136364,14352
898,0.2011562921106815,0.1994044445455074,0.01751847169362,0.1125556305050849,102447,9.48869721962294e-05,0.0002846609165886,14368
899,0.2261279262602329,0.2246438302099704,0.0148409586399793,0.1125606074929237,99430,9.487254637627514e-05,0.0002846176391288,14384
900,0.2740594707429409,0.2724863588809967,0.015731108142063,0.1125658750534057,101664,9.485810133434752e-05,0.000284574304003,14400
901,0.2135069482028484,0.2115910127758979,0.0191593130584806,0.1125707700848579,92814,9.484363707663442e-05,0.0002845309112299,14416
902,0.1620338037610054,0.1598206982016563,0.0221310746856033,0.1125755533576011,95753,9.48291536093318e-05,0.0002844874608279,14432
903,0.2203311789780855,0.2186793573200702,0.0165182114578783,0.1125801354646682,99022,9.481465093864396e-05,0.0002844439528159,14448
904,0.2180547192692756,0.2162204161286354,0.0183430144097656,0.1125847399234771,101274,9.480012907078332e-05,0.0002844003872123,14464
905,0.2017257511615753,0.199949350208044,0.0177640370093286,0.112589530646801,100901,9.478558801197064e-05,0.0002843567640359,14480
906,0.2049510218203067,0.2031417414546013,0.0180927992332726,0.1125942915678024,98414,9.477102776843484e-05,0.0002843130833053,14496
907,0.1482896264642477,0.1464078873395919,0.0188173952046781,0.1125989854335784,96752,9.475644834641308e-05,0.0002842693450392,14512
908,0.133147407323122,0.1312630679458379,0.0188434037845581,0.1126038208603859,96242,9.474184975215068e-05,0.0002842255492564,14528
909,0.2072711940854787,0.2055456675589084,0.0172552620060741,0.112608678638935,101624,9.472723199190124e-05,0.0002841816959757,14544
910,0.1803541257977485,0.1786651127040386,0.0168901167344301,0.1126135066151619,100451,9.471259507192656e-05,0.0002841377852157,14560
911,0.2770777139812708,0.2754745818674564,0.0160313146188855,0.1126181632280349,102556,9.46979389984966e-05,0.0002840938169954,14576
912,0.2045724354684353,0.2027061022818088,0.0186633265111595,0.1126228347420692,99947,9.46832637778896e-05,0.0002840497913336,14592
913,0.1938702352344989,0.1921037472784519,0.017664874671027,0.1126274988055229,99982,9.466856941639188e-05,0.0002840057082491,14608
914,0.2776313908398151,0.2759604305028915,0.0167096562217921,0.1126319766044616,96783,9.46538559202981e-05,0.0002839615677608,14624
915,0.3113996982574463,0.30943713337183,0.0196256674826145,0.1126362085342407,94045,9.463912329591104e-05,0.0002839173698877,14640
916,0.2775146942585706,0.2759532630443573,0.015614355681464,0.1126402989029884,101739,9.46243715495417e-05,0.0002838731146486,14656
917,0.2091944068670272,0.2071604989469051,0.02033910038881,0.1126442477107048,92816,9.460960068750924e-05,0.0002838288020625,14672
918,0.1632293090224266,0.1615082025527954,0.017211070517078,0.1126487925648689,104392,9.459481071614104e-05,0.0002837844321484,14688
919,0.2210109271109104,0.2190937511622905,0.0191717687994241,0.1126535162329673,104043,9.458000164177263e-05,0.0002837400049253,14704
920,0.3084957338869571,0.3068202324211597,0.0167549904435873,0.1126580163836479,97987,9.456517347074778e-05,0.0002836955204122,14720
921,0.2744592763483524,0.2727667093276977,0.0169256343506276,0.1126623153686523,101847,9.45503262094184e-05,0.0002836509786282,14736
922,0.2767056040465832,0.2751498594880104,0.015557495644316,0.112666517496109,100484,9.453545986414456e-05,0.0002836063795924,14752
923,0.2941448166966438,0.2921518236398697,0.0199300390668213,0.1126704886555671,99201,9.452057444129456e-05,0.0002835617233238,14768
924,0.2254262454807758,0.2238721065223217,0.0155413597822189,0.1126746758818626,102196,9.450566994724485e-05,0.0002835170098417,14784
925,0.2483060918748378,0.2465415932238102,0.0176449776627123,0.1126786693930625,100570,9.449074638838e-05,0.0002834722391651,14800
926,0.2699666917324066,0.2679861038923263,0.0198058576788753,0.11268250644207,98899,9.44758037710928e-05,0.0002834274113132,14816
927,0.207054229453206,0.2052618153393268,0.0179241464938968,0.1126865819096565,101122,9.446084210178425e-05,0.0002833825263053,14832
928,0.2585075609385967,0.2565278261899948,0.0197973418980836,0.1126904413104057,101047,9.444586138686336e-05,0.0002833375841605,14848
929,0.1397288292646408,0.1380493938922882,0.0167943390551954,0.1126943901181221,97520,9.443086163274744e-05,0.0002832925848982,14864
930,0.2910413667559623,0.2895190715789795,0.0152229766827076,0.1126985102891922,99534,9.441584284586192e-05,0.0002832475285375,14880
931,0.2763883844017982,0.274539440870285,0.0184894739650189,0.1127023622393608,102474,9.440080503264037e-05,0.0002832024150979,14896
932,0.1997845731675624,0.1981163136661052,0.0166826243512332,0.1127062737941742,100823,9.43857481995245e-05,0.0002831572445985,14912
933,0.2292967215180397,0.2277216278016567,0.0157509453129023,0.1127104982733726,100628,9.437067235296418e-05,0.0002831120170588,14928
934,0.2094934843480587,0.2078282013535499,0.0166528557892888,0.1127148643136024,104274,9.43555774994174e-05,0.0002830667324982,14944
935,0.2624712064862251,0.2607609592378139,0.0171023993752896,0.1127192974090576,97722,9.434046364535037e-05,0.000283021390936,14960
936,0.2731792777776718,0.2716866098344326,0.0149266985245049,0.1127240508794784,105684,9.432533079723732e-05,0.0002829759923917,14976
937,0.1984943114221096,0.1968218721449375,0.0167243634350597,0.1127285659313201,102406,9.431017896156074e-05,0.0002829305368846,14992
938,0.1780459396541118,0.1762932203710079,0.0175271902699023,0.1127330884337425,98651,9.429500814481116e-05,0.0002828850244344,15008
939,0.1875910945236683,0.1857350300997495,0.0185606512241065,0.1127375140786171,99547,9.42798183534873e-05,0.0002828394550604,15024
940,0.1596296187490224,0.1580157801508903,0.016138395294547,0.1127421930432319,100170,9.426460959409596e-05,0.0002827938287822,15040
941,0.2602104693651199,0.2586895599961281,0.0152091057971119,0.1127471253275871,102338,9.42493818731521e-05,0.0002827481456194,15056
942,0.2069345414638519,0.2053019516170025,0.0163258844986557,0.1127523481845855,105729,9.42341351971788e-05,0.0002827024055915,15072
943,0.1796692069619894,0.177797669544816,0.0187153737060725,0.1127575263381004,101109,9.421886957270724e-05,0.0002826566087181,15088
944,0.2372589539736509,0.2356708236038684,0.0158812929876148,0.1127624958753585,98688,9.42035850062767e-05,0.0002826107550188,15104
945,0.2170694805681705,0.2151552531868219,0.0191422635689377,0.1127676665782928,101744,9.418828150443469e-05,0.0002825648445133,15120
946,0.1308490838855505,0.1291043274104595,0.0174475484527647,0.112773023545742,105029,9.417295907373664e-05,0.0002825188772212,15136
947,0.2060391083359718,0.2038483582437038,0.0219074620399624,0.1127780601382255,97682,9.415761772074629e-05,0.0002824728531622,15152
948,0.2038591150194406,0.2021453995257616,0.0171371893957257,0.1127828732132911,99765,9.414225745203528e-05,0.0002824267723561,15168
949,0.1830430477857589,0.1814362220466137,0.0160682869609445,0.1127875596284866,101191,9.412687827418356e-05,0.0002823806348225,15184
950,0.2121441066265106,0.2104106694459915,0.0173343913629651,0.1127922758460044,101810,9.411148019377903e-05,0.0002823344405813,15200
951,0.2026600167155265,0.2011084649711847,0.0155155526008456,0.112797237932682,104595,9.409606321741777e-05,0.0002822881896522,15216
952,0.2293740883469581,0.227553341537714,0.0182074846234172,0.1128020659089088,95852,9.408062735170386e-05,0.0002822418820551,15232
953,0.2188893631100654,0.2173055112361908,0.0158384894020855,0.1128068268299102,101293,9.40651726032496e-05,0.0002821955178097,15248
954,0.20988554880023,0.2077782824635505,0.0210726817604154,0.1128114387392997,99564,9.404969897867532e-05,0.000282149096936,15264
955,0.2578559219837188,0.2562318388372659,0.0162408605683594,0.1128160282969474,101296,9.403420648460936e-05,0.0002821026194538,15280
956,0.2045286372303962,0.2027063556015491,0.0182228060439229,0.1128205060958862,95506,9.401869512768827e-05,0.000282056085383,15296
957,0.2225009836256504,0.2204568535089492,0.0204412853345274,0.1128248423337936,96608,9.40031649145566e-05,0.0002820094947436,15312
958,0.2266310639679432,0.2248789239674806,0.0175214023329317,0.1128291487693786,100573,9.3987615851867e-05,0.0002819628475556,15328
959,0.2465900816023349,0.244692750275135,0.0189733416773378,0.1128333956003189,101520,9.39720479462802e-05,0.0002819161438388,15344
960,0.1583785396069288,0.1566638927906751,0.0171464611776173,0.11283790320158,102245,9.395646120446502e-05,0.0002818693836133,15360
961,0.2631695754826069,0.2615491971373558,0.0162037487607449,0.1128425449132919,102306,9.394085563309828e-05,0.0002818225668992,15376
962,0.2537087947130203,0.2520389780402183,0.0166981366928666,0.1128470674157142,96508,9.392523123886492e-05,0.0002817756937165,15392
963,0.1852968893945217,0.1836880892515182,0.0160879762843251,0.1128516718745231,99902,9.390958802845796e-05,0.0002817287640853,15408
964,0.3107732310891151,0.3091712370514869,0.0160199354868382,0.1128560975193977,96796,9.389392600857844e-05,0.0002816817780257,15424
965,0.2414061818271875,0.2397487796843052,0.0165740370284765,0.1128607466816902,100904,9.387824518593546e-05,0.0002816347355578,15440
966,0.1960867810994386,0.1941206119954586,0.0196617066394537,0.1128655225038528,102110,9.386254556724622e-05,0.0002815876367017,15456
967,0.1580175217241048,0.1562148965895176,0.0180262550711631,0.1128709912300109,101672,9.384682715923588e-05,0.0002815404814777,15472
968,0.1834647189825773,0.1817802414298057,0.0168447548057883,0.1128766983747482,101371,9.383108996863778e-05,0.0002814932699059,15488
969,0.220174865797162,0.2185156736522913,0.0165918909478932,0.1128820478916168,98589,9.381533400219318e-05,0.0002814460020065,15504
970,0.1812473889440298,0.1795620638877153,0.0168532403185963,0.1128875911235809,102566,9.379955926665144e-05,0.0002813986777999,15520
971,0.196670226752758,0.194590788334608,0.0207943655550479,0.1128932908177375,93207,9.378376576877e-05,0.0002813512973063,15536
972,0.2735937051475048,0.2720367424190044,0.0155695860739797,0.112898863852024,102728,9.376795351531422e-05,0.0002813038605459,15552
973,0.2149404510855674,0.2133366763591766,0.0160377523861825,0.1129042878746986,100563,9.375212251305763e-05,0.0002812563675391,15568
974,0.2029387112706899,0.2013390399515628,0.0159967299550771,0.1129097566008567,100192,9.37362727687817e-05,0.0002812088183063,15584
975,0.2054577432572841,0.2038279362022876,0.0162980447057634,0.112915500998497,97709,9.372040428927596e-05,0.0002811612128678,15600
976,0.2471783701330423,0.2456345483660698,0.0154382188338786,0.1129209920763969,101458,9.370451708133796e-05,0.000281113551244,15616
977,0.1629956942051649,0.1612108144909143,0.0178488118108361,0.1129267811775207,100267,9.368861115177327e-05,0.0002810658334553,15632
978,0.1888502687215805,0.1871929466724395,0.0165732551831752,0.1129324734210968,103058,9.36726865073955e-05,0.0002810180595221,15648
979,0.1959333457052707,0.1940537095069885,0.018796355696395,0.1129378303885459,96199,9.365674315502626e-05,0.000280970229465,15664
980,0.2450545541942119,0.2435963377356529,0.0145821513142436,0.1129436269402504,105009,9.364078110149516e-05,0.0002809223433044,15680
981,0.2562688961625099,0.254741471260786,0.0152742206119,0.1129494607448577,98987,9.362480035363986e-05,0.0002808744010609,15696
982,0.1316034235060215,0.1297595221549272,0.0184390326030552,0.1129552721977233,101011,9.3608800918306e-05,0.0002808264027549,15712
983,0.1332379188388586,0.1315717119723558,0.016662057256326,0.1129614561796188,98547,9.35927828023472e-05,0.000280778348407,15728
984,0.2585845999419689,0.2568467184901237,0.0173787679523229,0.1129675135016441,100104,9.357674601262514e-05,0.0002807302380378,15744
985,0.2050801049917936,0.203285252675414,0.0179485010448843,0.1129733547568321,100666,9.356069055600948e-05,0.000280682071668,15760
986,0.2305910233408212,0.2288762293756008,0.0171479906421154,0.1129788234829902,95987,9.354461643937784e-05,0.0002806338493181,15776
987,0.2501972764730453,0.2484468445181846,0.0175043465569615,0.1129839867353439,97194,9.352852366961588e-05,0.0002805855710088,15792
988,0.2214463204145431,0.2196690514683723,0.0177726936526596,0.1129890829324722,96155,9.351241225361722e-05,0.0002805372367608,15808
989,0.1929897349327802,0.1910989582538604,0.0189077581744641,0.1129950731992721,98846,9.349628219828349e-05,0.0002804888465948,15824
990,0.2687963489443064,0.2668815739452839,0.0191477707121521,0.113000638782978,94763,9.348013351052428e-05,0.0002804404005315,15840
991,0.2202234603464603,0.2186236940324306,0.0159976568538695,0.1130061075091362,102617,9.34639661972572e-05,0.0002803918985917,15856
992,0.1962644979357719,0.194465946406126,0.0179855260066688,0.1130114644765853,102960,9.344778026540776e-05,0.0002803433407962,15872
993,0.176320195198059,0.1747239138931036,0.0159627902321517,0.1130168661475181,100021,9.343157572190957e-05,0.0002802947271657,15888
994,0.2282692845910787,0.2263770624995231,0.0189222318585962,0.1130221784114837,98196,9.341535257370408e-05,0.0002802460577211,15904
995,0.2030737809836864,0.201292272657156,0.0178150935098528,0.1130272522568702,97204,9.339911082774082e-05,0.0002801973324832,15920
996,0.1280159913003444,0.1264007650315761,0.0161522743292152,0.1130322962999343,95208,9.33828504909772e-05,0.0002801485514729,15936
997,0.199730884283781,0.1981534734368324,0.0157740921713411,0.1130373403429985,101184,9.336657157037866e-05,0.0002800997147111,15952
998,0.2805362641811371,0.2789339609444141,0.016023005824536,0.1130422055721283,102176,9.335027407291855e-05,0.0002800508222187,15968
999,0.1886872630566358,0.1871326565742492,0.0155460888054221,0.1130478829145431,107107,9.33339580055782e-05,0.0002800018740167,15984
1000,0.2174149546772241,0.2155943643301725,0.0182058899663388,0.1130533367395401,98126,9.331762337534694e-05,0.000279952870126,16000
1001,0.1881533861160278,0.186565313488245,0.0158806899562478,0.1130587682127952,100342,9.330127018922194e-05,0.0002799038105676,16016
1002,0.2066617682576179,0.2050758451223373,0.0158592509105801,0.1130641475319862,99202,9.328489845420842e-05,0.0002798546953626,16032
1003,0.1452820636332035,0.1436900738626718,0.0159199230838567,0.1130699589848518,99517,9.326850817731952e-05,0.0002798055245319,16048
1004,0.2041612807661295,0.2021447867155075,0.0201649053487926,0.1130755245685577,97097,9.325209936557628e-05,0.0002797562980967,16064
1005,0.1706547811627388,0.1684761177748441,0.0217866157181561,0.113080695271492,94795,9.323567202600776e-05,0.000279707016078,16080
1006,0.2157663665711879,0.2138813771307468,0.0188499093055725,0.1130860969424247,102916,9.321922616565088e-05,0.0002796576784969,16096
1007,0.2141628582030534,0.212182980030775,0.0197988199070096,0.1130916178226471,101719,9.320276179155052e-05,0.0002796082853746,16112
1008,0.1948051732033491,0.1928736343979835,0.0193153803702443,0.11309714615345,94927,9.31862789107595e-05,0.0002795588367322,16128
1009,0.1696625743061304,0.1679705511778593,0.0169202662073075,0.1131030023097992,100519,9.31697775303386e-05,0.000279509332591,16144
1010,0.1705164182931184,0.1686287447810173,0.0188766992650926,0.1131086274981498,99900,9.315325765735642e-05,0.000279459772972,16160
1011,0.2065348774194717,0.2049045227468013,0.0163035339210182,0.1131139174103736,97456,9.31367192988896e-05,0.0002794101578966,16176
1012,0.2792335227131843,0.2774467244744301,0.017867982853204,0.113118752837181,100024,9.312016246202262e-05,0.000279360487386,16192
1013,0.171476949006319,0.1697693970054388,0.0170755023136734,0.1131234541535377,98391,9.310358715384791e-05,0.0002793107614615,16208
1014,0.2279947325587272,0.2261943519115448,0.0180037615355104,0.1131281480193138,103663,9.308699338146584e-05,0.0002792609801443,16224
1015,0.1855923905968666,0.1834522560238838,0.0214013094082474,0.113132543861866,96305,9.307038115198458e-05,0.0002792111434559,16240
1016,0.2221752069890499,0.2203631661832332,0.0181204481050372,0.1131366565823555,96580,9.305375047252036e-05,0.0002791612514175,16256
1017,0.2631057538092136,0.2613207921385765,0.0178496676962822,0.1131407245993614,101638,9.30371013501972e-05,0.0002791113040505,16272
1018,0.1425796411931514,0.1408686228096485,0.0171101817395538,0.1131447032094001,95602,9.302043379214703e-05,0.0002790613013764,16288
1019,0.2402794975787401,0.2384172547608614,0.0186223676428198,0.1131490245461463,96243,9.300374780550974e-05,0.0002790112434165,16304
1020,0.2665252033621073,0.2649755477905273,0.0154965226538479,0.113153338432312,101264,9.298704339743308e-05,0.0002789611301922,16320
1021,0.2207079343497753,0.2187968641519546,0.0191107452847063,0.1131573766469955,99350,9.297032057507264e-05,0.0002789109617252,16336
1022,0.2231849208474159,0.2215861529111862,0.015987648628652,0.113161563873291,104286,9.295357934559198e-05,0.0002788607380367,16352
1023,0.2333612497895956,0.2318255584686994,0.0153569597750902,0.1131657287478447,102944,9.293681971616252e-05,0.0002788104591484,16368
1024,0.1719741839915514,0.1698678378015756,0.0210634707473218,0.1131697371602058,93540,9.292004169396356e-05,0.0002787601250818,16384
1025,0.2444643005728721,0.2428708802908659,0.0159341343678534,0.1131737455725669,105488,9.290324528618224e-05,0.0002787097358585,16400
1026,0.1872323900461197,0.1857288889586925,0.015034964075312,0.1131778955459594,101556,9.28864305000136e-05,0.0002786592915,16416
1027,0.2553333174437284,0.2536702528595924,0.0166306761093437,0.1131820008158683,94398,9.28695973426606e-05,0.0002786087920279,16432
1028,0.1703603267669677,0.1686720345169305,0.0168828978203237,0.113186277449131,104006,9.2852745821334e-05,0.000278558237464,16448
1029,0.1350608840584755,0.1332679074257612,0.0179297591093927,0.1131906658411026,100351,9.283587594325248e-05,0.0002785076278297,16464
1030,0.196399450302124,0.1944668255746364,0.0193262356333434,0.1131952553987503,98856,9.281898771564254e-05,0.0002784569631469,16480
1031,0.1932163946330547,0.1914491504430771,0.0176724079065024,0.1131997928023338,100748,9.28020811457386e-05,0.0002784062434372,16496
1032,0.2591649908572435,0.2572814598679542,0.0188352386467158,0.1132041439414024,102542,9.278515624078282e-05,0.0002783554687223,16512
1033,0.1921924445778131,0.190281618386507,0.0191082758828997,0.1132084652781486,99994,9.276821300802534e-05,0.000278304639024,16528
1034,0.2108337394893169,0.2091737054288387,0.0166003333870321,0.1132132336497306,99935,9.27512514547241e-05,0.0002782537543641,16544
1035,0.2104058973491192,0.2087389640510082,0.0166693218052387,0.1132180169224739,100258,9.27342715881449e-05,0.0002782028147644,16560
1036,0.2260149009525776,0.2241375334560871,0.0187736412044614,0.1132226586341857,98507,9.271727341556136e-05,0.0002781518202466,16576
1037,0.1638816725462675,0.1622597351670265,0.0162193474825471,0.1132273450493812,101285,9.270025694425497e-05,0.0002781007708327,16592
1038,0.1894981618970632,0.1874966844916343,0.0200148171279579,0.1132320389151573,97522,9.2683222181515e-05,0.0002780496665445,16608
1039,0.2331412881612777,0.2316028326749801,0.0153845672030001,0.1132367104291915,101823,9.266616913463868e-05,0.0002779985074039,16624
1040,0.2840272933244705,0.2825183309614658,0.0150896334089338,0.1132411584258079,98146,9.264909781093094e-05,0.0002779472934327,16640
1041,0.2258600108325481,0.2241730391979217,0.0168697170447558,0.1132452934980392,98820,9.26320082177046e-05,0.0002778960246531,16656
1042,0.2167209405452013,0.2151874341070652,0.0153350688051432,0.1132499426603317,101048,9.261490036228031e-05,0.0002778447010868,16672
1043,0.2989768013358116,0.2972625456750393,0.0171425223816186,0.1132542937994003,97609,9.259777425198656e-05,0.0002777933227559,16688
1044,0.2006158791482448,0.1986010111868381,0.020148713607341,0.1132583543658256,95702,9.258062989415956e-05,0.0002777418896824,16704
1045,0.2072723917663097,0.205505259335041,0.0176713429391384,0.1132624298334121,99176,9.256346729614342e-05,0.0002776904018884,16720
1046,0.2287151776254177,0.2270860988646745,0.0162907936610281,0.1132665798068046,104371,9.25462864652901e-05,0.0002776388593958,16736
1047,0.1947068646550178,0.1930672936141491,0.0163956878241151,0.1132707893848419,100111,9.252908740895932e-05,0.0002775872622268,16752
1048,0.1682150680571794,0.1663942839950323,0.0182078857906162,0.113274872303009,100978,9.251187013451857e-05,0.0002775356104035,16768
1049,0.2108186576515436,0.2092060074210167,0.0161265120841562,0.1132788360118866,104032,9.24946346493432e-05,0.000277483903948,16784
1050,0.229427695274353,0.2275192774832248,0.019084136467427,0.113282561302185,96266,9.247738096081636e-05,0.0002774321428824,16800
1051,0.1861155116930604,0.1845270115882158,0.015885004773736,0.1132865473628044,99635,9.246010907632896e-05,0.0002773803272289,16816
1052,0.2386818379163742,0.2370841987431049,0.0159764047712087,0.1132902726531028,98395,9.244281900327973e-05,0.0002773284570098,16832
1053,0.1688947044312954,0.1669252514839172,0.0196945443749427,0.1132941171526908,99008,9.24255107490752e-05,0.0002772765322472,16848
1054,0.298049833625555,0.2962342202663421,0.018156218342483,0.1132977157831192,97970,9.240818432112964e-05,0.0002772245529633,16864
1055,0.2135956920683384,0.2118909358978271,0.0170475826598703,0.113301582634449,104948,9.23908397268652e-05,0.0002771725191805,16880
1056,0.2320707738399505,0.2302216961979866,0.0184907377697527,0.1133053749799728,97960,9.237347697371173e-05,0.0002771204309211,16896
1057,0.1414718516170978,0.1398442201316356,0.0162763406988233,0.1133094877004623,101643,9.235609606910687e-05,0.0002770682882073,16912
1058,0.1950765885412693,0.1929513551294803,0.0212523785885423,0.113313503563404,97445,9.233869702049605e-05,0.0002770160910614,16928
1059,0.2487162537872791,0.2470549643039703,0.0166129027493298,0.1133173778653144,97688,9.232127983533246e-05,0.0002769638395059,16944
1060,0.1741188578307628,0.1726177036762237,0.0150115457363426,0.113321416079998,99283,9.23038445210771e-05,0.0002769115335632,16960
1061,0.187519060447812,0.1859394870698452,0.0157957053743302,0.1133254021406173,101644,9.228639108519868e-05,0.0002768591732555,16976
1062,0.2261984534561634,0.2244186773896217,0.0177977192215621,0.1133292093873024,101575,9.226891953517368e-05,0.0002768067586055,16992
1063,0.1805000528693199,0.1789708919823169,0.0152916093356907,0.1133330687880516,100327,9.22514298784864e-05,0.0002767542896354,17008
1064,0.1799366176128387,0.178056064993143,0.0188055403996258,0.1133368983864784,96929,9.223392212262883e-05,0.0002767017663678,17024
1065,0.174642389640212,0.1726347189396619,0.0200766923371702,0.1133410185575485,94599,9.221639627510076e-05,0.0002766491888253,17040
1066,0.2304825540632009,0.2288448549807071,0.0163769198115915,0.1133458167314529,100827,9.219885234340968e-05,0.0002765965570302,17056
1067,0.2551277428865433,0.253446351736784,0.0168138653971254,0.1133504658937454,100423,9.218129033507084e-05,0.0002765438710052,17072
1068,0.1958456635475158,0.1942489184439182,0.0159674847964197,0.1133549809455871,100702,9.216371025760728e-05,0.0002764911307728,17088
1069,0.2324770204722881,0.2304609008133411,0.0201611942611634,0.113359235227108,98303,9.214611211854974e-05,0.0002764383363556,17104
1070,0.279843557626009,0.2779841236770153,0.0185942612588405,0.1133632212877273,100561,9.212849592543669e-05,0.0002763854877763,17120
1071,0.1909059397876262,0.1889863759279251,0.0191956565249711,0.1133671924471855,101105,9.211086168581432e-05,0.0002763325850574,17136
1072,0.204180508852005,0.2024339474737644,0.0174656203016638,0.1133715063333511,100344,9.209320940723664e-05,0.0002762796282217,17152
1073,0.274906326085329,0.2732226345688104,0.0168369705788791,0.1133756265044212,98593,9.207553909726532e-05,0.0002762266172917,17168
1074,0.1765637788921594,0.1746264547109604,0.0193732392508536,0.1133796721696853,100617,9.205785076346973e-05,0.0002761735522904,17184
1075,0.2062785290181636,0.2045091055333614,0.0176942064426839,0.1133837178349495,100609,9.204014441342696e-05,0.0002761204332402,17200
1076,0.1241057366132736,0.1224648617208004,0.0164087580051273,0.1133878007531166,99022,9.20224200547219e-05,0.0002760672601641,17216
1077,0.211744861677289,0.2099631875753402,0.0178166767582297,0.1133918315172195,98293,9.20046776949471e-05,0.0002760140330848,17232
1078,0.2363485991954803,0.2347311936318874,0.016174056334421,0.1133959740400314,102390,9.19869173417028e-05,0.0002759607520251,17248
1079,0.2041973918676376,0.2025444731116294,0.0165291242301464,0.1134000942111015,103256,9.196913900259698e-05,0.0002759074170077,17264
1080,0.2277441434562206,0.2260898947715759,0.0165425005834549,0.1134042218327522,100421,9.195134268524532e-05,0.0002758540280557,17280
1081,0.20770163834095,0.2060593403875827,0.0164229485671967,0.1134085357189178,97347,9.19335283972712e-05,0.0002758005851918,17296
1082,0.230874016880989,0.2292901240289211,0.015838999999687,0.1134129762649536,98160,9.191569614630568e-05,0.0002757470884389,17312
1083,0.200880916789174,0.1992681473493576,0.0161276757717132,0.1134172603487968,100160,9.189784593998757e-05,0.0002756935378199,17328
1084,0.2568931505084038,0.2551901675760746,0.0170299112796783,0.1134214550256729,97879,9.187997778596326e-05,0.0002756399333578,17344
1085,0.202419176697731,0.2006896398961544,0.0172953815199434,0.1134256497025489,94029,9.186209169188696e-05,0.0002755862750756,17360
1086,0.2391775734722614,0.2374553121626377,0.0172226566355675,0.1134298220276832,99910,9.184418766542049e-05,0.0002755325629962,17376
1087,0.2158910501748323,0.2140128724277019,0.0187817409168928,0.1134341731667518,103211,9.182626571423332e-05,0.0002754787971426,17392
1088,0.2767873480916023,0.2746518775820732,0.0213546750601381,0.1134385913610458,95563,9.180832584600273e-05,0.000275424977538,17408
1089,0.2721533048897981,0.2706758081912994,0.0147749604657292,0.1134435161948204,102966,9.179036806841352e-05,0.0002753711042052,17424
1090,0.1809777971357107,0.1792346891015768,0.0174311287701129,0.1134481951594352,98988,9.177239238915826e-05,0.0002753171771674,17440
1091,0.2034759186208248,0.2018628902733326,0.0161303239874541,0.1134527549147605,100373,9.175439881593716e-05,0.0002752631964478,17456
1092,0.1185478027909994,0.1169602274894714,0.0158757199533283,0.1134575456380844,102940,9.173638735645808e-05,0.0002752091620693,17472
1093,0.1579304058104753,0.1559330895543098,0.0199731548782438,0.113462209701538,96422,9.171835801843658e-05,0.0002751550740553,17488
1094,0.2255826070904731,0.223869789391756,0.0171281539369374,0.1134669780731201,102998,9.170031080959584e-05,0.0002751009324287,17504
1095,0.2650318592786789,0.2635029852390289,0.0152887220028787,0.1134717166423797,102036,9.168224573766671e-05,0.000275046737213,17520
1096,0.1971536464989185,0.1954958736896515,0.0165776871144771,0.1134764552116394,101500,9.166416281038773e-05,0.0002749924884311,17536
1097,0.2516865283250808,0.2499787025153637,0.0170782720670104,0.1134810447692871,98265,9.164606203550496e-05,0.0002749381861065,17552
1098,0.2832780033349991,0.2815660908818245,0.0171191031113266,0.1134855076670646,101636,9.16279434207723e-05,0.0002748838302623,17568
1099,0.1540223695337772,0.1524153910577297,0.0160697624087333,0.1134899407625198,101780,9.160980697395116e-05,0.0002748294209218,17584
1100,0.2777946554124355,0.2760667875409126,0.0172787352930754,0.113494262099266,103145,9.159165270281057e-05,0.0002747749581084,17600
1101,0.202362960204482,0.200344830751419,0.0201812498271465,0.1134985610842704,100502,9.157348061512729e-05,0.0002747204418453,17616
1102,0.1933693531900644,0.1907801814377308,0.0258917226456105,0.1135025843977928,97868,9.155529071868562e-05,0.000274665872156,17632
1103,0.1682838983833789,0.1665365491062402,0.0174734788015484,0.1135066971182823,99999,9.153708302127758e-05,0.0002746112490638,17648
1104,0.1611127164214849,0.1593271642923355,0.0178555324673652,0.1135105565190315,100857,9.151885753070277e-05,0.0002745565725921,17664
1105,0.2560632526874542,0.2542814835906029,0.0178177063353359,0.1135141924023628,96528,9.150061425476838e-05,0.0002745018427643,17680
1106,0.2118738405406475,0.2098566256463527,0.0201720958575606,0.1135176792740821,98782,9.148235320128926e-05,0.0002744470596038,17696
1107,0.2401477172970771,0.238436758518219,0.017109646461904,0.1135214194655418,99742,9.146407437808788e-05,0.0002743922231342,17712
1108,0.1734141428023576,0.1715492792427539,0.0186486449092626,0.1135253012180328,97367,9.144577779299432e-05,0.0002743373333789,17728
1109,0.1676468830555677,0.1660230178385973,0.0162386971060186,0.1135290786623954,97213,9.14274634538462e-05,0.0002742823903615,17744
1110,0.1493251360952854,0.1476688459515571,0.0165628744289279,0.1135327965021133,98630,9.140913136848885e-05,0.0002742273941054,17760
1111,0.1450801957398653,0.1435629278421402,0.015172712272033,0.1135366708040237,98613,9.139078154477512e-05,0.0002741723446343,17776
1112,0.2054717671126127,0.2035721652209758,0.018996036844328,0.1135407388210296,99085,9.137241399056552e-05,0.0002741172419716,17792
1113,0.2024631612002849,0.2006657049059867,0.0179745587520301,0.1135446280241012,101257,9.135402871372808e-05,0.0002740620861411,17808
1114,0.2590103223919868,0.2573932725936174,0.0161704863421618,0.1135484650731086,98820,9.133562572213856e-05,0.0002740068771664,17824
1115,0.2079504281282425,0.2062566056847572,0.0169382197782397,0.1135526224970817,100385,9.131720502368011e-05,0.000273951615071,17840
1116,0.2052984200417995,0.2036133222281932,0.0168509748764336,0.1135569363832473,98943,9.129876662624364e-05,0.0002738962998787,17856
1117,0.2643932327628135,0.262671273201704,0.0172195683699101,0.1135612055659294,101696,9.12803105377276e-05,0.0002738409316131,17872
1118,0.2511538006365299,0.2494631670415401,0.0169063515495508,0.1135653108358383,101481,9.12618367660379e-05,0.0002737855102981,17888
1119,0.207157963886857,0.2055937312543392,0.0156423507723957,0.1135701090097427,97926,9.124334531908818e-05,0.0002737300359572,17904
1120,0.1598772853612899,0.1580514851957559,0.0182579706888645,0.1135750561952591,100329,9.122483620479956e-05,0.0002736745086143,17920
1121,0.1462632175534963,0.1440708003938198,0.0219241867307573,0.1135801002383232,96146,9.120630943110076e-05,0.0002736189282933,17936
1122,0.1883065514266491,0.1866717282682657,0.0163482273928821,0.1135848462581634,104564,9.118776500592812e-05,0.0002735632950177,17952
1123,0.2268086113035679,0.2251955103129148,0.0161310436669737,0.113589309155941,98861,9.11692029372254e-05,0.0002735076088116,17968
1124,0.2825367096811533,0.280840739607811,0.0169597074855119,0.1135933026671409,96138,9.115062323294406e-05,0.0002734518696988,17984
1125,0.2115385793149471,0.209822416305542,0.0171616082079708,0.1135977208614349,99084,9.1132025901043e-05,0.0002733960777031,18000
1126,0.2256478667259216,0.2240029387176036,0.0164492933545261,0.1136024668812751,104329,9.111341094948876e-05,0.0002733402328484,18016
1127,0.28028005361557,0.2786765918135643,0.0160345875192433,0.1136078834533691,103317,9.10947783862554e-05,0.0002732843351587,18032
1128,0.1366153471171856,0.1346258204430341,0.0198952569626271,0.113613374531269,99178,9.10761282193245e-05,0.0002732283846579,18048
1129,0.2356870342046022,0.2339952979236841,0.0169173951726406,0.11361875385046,99747,9.10574604566852e-05,0.00027317238137,18064
1130,0.2071346379816532,0.2053989134728908,0.0173572399653494,0.113624058663845,102593,9.10387751063342e-05,0.000273116325319,18080
1131,0.207520168274641,0.2059799171984195,0.0154024921357631,0.113629475235939,104220,9.102007217627568e-05,0.0002730602165288,18096
1132,0.2340599596500396,0.2324949130415916,0.0156504465267062,0.1136347129940986,95732,9.10013516745214e-05,0.0002730040550235,18112
1133,0.2504198122769594,0.2485725153237581,0.0184729509055614,0.1136396378278732,102145,9.098261360909064e-05,0.0002729478408272,18128
1134,0.2320496365427971,0.2300465479493141,0.0200308840721845,0.1136444658041,94416,9.096385798801016e-05,0.000272891573964,18144
1135,0.2335969805717468,0.2315633781254291,0.0203360458835959,0.113649196922779,100666,9.094508481931428e-05,0.0002728352544579,18160
1136,0.1817904226481914,0.1794449556618929,0.0234546330757439,0.1136537119746208,95388,9.092629411104483e-05,0.0002727788823331,18176
1137,0.1645146273076534,0.162523441016674,0.0199119029566645,0.1136579811573028,94008,9.090748587125118e-05,0.0002727224576137,18192
1138,0.2075695637613535,0.2054043374955654,0.0216522552073001,0.1136619970202446,99539,9.088866010799016e-05,0.0002726659803239,18208
1139,0.2023348733782768,0.2005645856261253,0.0177028817124664,0.1136672273278236,105222,9.086981682932612e-05,0.0002726094504879,18224
1140,0.2334733121097087,0.2316995076835155,0.0177380735985934,0.1136725693941116,98165,9.085095604333091e-05,0.0002725528681299,18240
1141,0.2488641869276762,0.2470210269093513,0.0184316704981029,0.1136775687336921,93688,9.083207775808396e-05,0.0002724962332742,18256
1142,0.1934736594557762,0.1918015945702791,0.0167206588666886,0.1136829406023025,95336,9.081318198167204e-05,0.000272439545945,18272
1143,0.2174263969063758,0.2156884893774986,0.0173791050910949,0.1136880218982696,99269,9.079426872218956e-05,0.0002723828061665,18288
1144,0.1864316277205944,0.1847809106111526,0.0165071925148367,0.1136937662959098,101558,9.077533798773834e-05,0.0002723260139632,18304
1145,0.2199160605669021,0.2180996555835008,0.0181640770751982,0.1136997789144516,99904,9.075638978642771e-05,0.0002722691693592,18320
1146,0.1450801882892847,0.1432775072753429,0.0180268133990466,0.1137059479951858,102715,9.073742412637446e-05,0.0002722122723791,18336
1147,0.2175114192068576,0.2156059071421623,0.0190550880506634,0.1137116551399231,95746,9.071844101570291e-05,0.0002721553230471,18352
1148,0.1058430224657058,0.1040096320211887,0.0183338983915746,0.1137172579765319,94266,9.06994404625448e-05,0.0002720983213876,18368
1149,0.1577934883534908,0.1561307236552238,0.0166276397649198,0.113722987473011,99330,9.068042247503936e-05,0.0002720412674251,18384
1150,0.2260915599763393,0.2244099788367748,0.0168158016167581,0.1137286350131034,104271,9.06613870613333e-05,0.0002719841611839,18400
1151,0.177202908322215,0.1753332745283842,0.0186963498126715,0.1137338802218437,101515,9.064233422958076e-05,0.0002719270026887,18416
1152,0.1888944692909717,0.1871639564633369,0.0173051112797111,0.1137391030788421,100251,9.06232639879434e-05,0.0002718697919638,18432
1153,0.2092807926237583,0.2072179056704044,0.0206288881599903,0.1137440875172615,99149,9.060417634459033e-05,0.0002718125290337,18448
1154,0.2521645240485668,0.25028146058321,0.0188306150957942,0.1137486472725868,96546,9.058507130769804e-05,0.000271755213923,18464
1155,0.2205734942108392,0.2190560810267925,0.0151740813162177,0.1137535870075225,101980,9.05659488854505e-05,0.0002716978466563,18480
1156,0.1724057048559188,0.170727752149105,0.0167795254383236,0.1137586236000061,101777,9.054680908603922e-05,0.0002716404272581,18496
1157,0.2240227796137333,0.2221547849476337,0.0186799746006727,0.1137634739279747,97937,9.052765191766304e-05,0.0002715829557529,18512
1158,0.1977096870541572,0.1961108427494764,0.0159884733147919,0.1137682199478149,102176,9.05084773885283e-05,0.0002715254321655,18528
1159,0.1591345202177763,0.1575608905404806,0.0157362599857151,0.1137733832001686,100600,9.048928550684872e-05,0.0002714678565205,18544
1160,0.2117039393633604,0.209838842973113,0.0186509473714977,0.1137781217694282,103909,9.047007628084557e-05,0.0002714102288425,18560
1161,0.1879307460039854,0.1861418858170509,0.017888584639877,0.1137826517224311,103001,9.045084971874738e-05,0.0002713525491562,18576
1162,0.1760566141456365,0.1744751129299402,0.015815005172044,0.1137873604893684,102671,9.043160582879024e-05,0.0002712948174863,18592
1163,0.172898419201374,0.1711748857051134,0.0172353386878967,0.1137920245528221,101137,9.041234461921766e-05,0.0002712370338576,18608
1164,0.1426164004951715,0.1406832132488489,0.0193318696692585,0.1137965470552444,101169,9.039306609828048e-05,0.0002711791982948,18624
1165,0.1541167628020048,0.1524142250418663,0.0170253843534737,0.1138011440634727,100627,9.0373770274237e-05,0.0002711213108227,18640
1166,0.1671880092471838,0.1656916979700327,0.0149631674867123,0.1138059571385383,101540,9.035445715535298e-05,0.000271063371466,18656
1167,0.1738420240581035,0.172211866825819,0.0163015881553292,0.1138107106089592,99247,9.03351267499015e-05,0.0002710053802497,18672
1168,0.2029735371470451,0.2013685628771782,0.0160497087053954,0.1138154044747352,102925,9.031577906616314e-05,0.0002709473371984,18688
1169,0.1485993806272745,0.1468036752194166,0.0179570608306676,0.1138203367590904,101266,9.02964141124258e-05,0.0002708892423372,18704
1170,0.2054249756038189,0.2037442401051521,0.0168073601089417,0.1138249486684799,99884,9.027703189698484e-05,0.0002708310956909,18720
1171,0.1849204897880554,0.1832733005285263,0.0164718597661703,0.1138292104005813,99269,9.025763242814292e-05,0.0002707728972844,18736
1172,0.2756975889205932,0.2740778140723705,0.016197744058445,0.1138338521122932,101690,9.023821571421025e-05,0.0002707146471426,18752
1173,0.2517893556505441,0.2497827634215355,0.0200658990070223,0.1138386651873588,97441,9.021878176350424e-05,0.0002706563452905,18768
1174,0.1683850120753049,0.1666540261358022,0.0173098507802933,0.1138448566198349,97619,9.019933058434983e-05,0.000270597991753,18784
1175,0.1606172043830156,0.1588607430458068,0.0175645949784666,0.1138516291975975,99512,9.017986218507928e-05,0.0002705395865552,18800
1176,0.2168842367827892,0.2151099145412445,0.0177432422060519,0.1138582527637481,97995,9.016037657403224e-05,0.000270481129722,18816
1177,0.3022278882563114,0.3007151335477829,0.0151274818927049,0.113864779472351,102190,9.014087375955572e-05,0.0002704226212786,18832
1178,0.2666720934212208,0.2644809111952781,0.0219118688255548,0.113870620727539,98694,9.012135375000412e-05,0.00027036406125,18848
1179,0.1760622672736644,0.1744750738143921,0.0158719278406351,0.1138770952820777,99837,9.010181655373916e-05,0.0002703054496612,18864
1180,0.2631856203079223,0.2613701485097408,0.0181547524407506,0.1138830631971359,100964,9.008226217912998e-05,0.0002702467865373,18880
1181,0.120396988466382,0.1188652738928794,0.01531717274338,0.1138891205191612,100696,9.006269063455304e-05,0.0002701880719036,18896
1182,0.2556267417967319,0.2540373429656029,0.0158940202090889,0.113894909620285,99353,9.004310192839216e-05,0.0002701293057851,18912
1183,0.2581543587148189,0.2563240863382816,0.0183027139864861,0.1139007285237312,98202,9.002349606903855e-05,0.0002700704882071,18928
1184,0.2431195080280304,0.2416321188211441,0.0148738920688629,0.1139068901538848,101548,9.000387306489071e-05,0.0002700116191946,18944
1185,0.1179963238537311,0.1160358525812625,0.0196047010831534,0.1139127016067504,93564,8.998423292435454e-05,0.000269952698773,18960
1186,0.2066944111138582,0.2046897858381271,0.0200462671928107,0.1139180734753608,96328,8.99645756558432e-05,0.0002698937269675,18976
1187,0.1846273802220821,0.1828826144337654,0.0174476595129817,0.1139232441782951,95554,8.99449012677773e-05,0.0002698347038033,18992
1188,0.19697499088943,0.1954350993037223,0.015398928662762,0.1139282211661338,95108,8.992520976858468e-05,0.0002697756293057,19008
1189,0.1877898760139942,0.1860088519752025,0.0178102650679647,0.113933078944683,91080,8.990550116670057e-05,0.0002697165035001,19024
1190,0.1014127060770988,0.0993597581982612,0.0205294678453356,0.1139379292726516,93356,8.988577547056752e-05,0.0002696573264117,19040
1191,0.2073592524975538,0.2055480480194091,0.0181120205670595,0.1139426454901695,102429,8.986603268863536e-05,0.0002695980980659,19056
1192,0.2161576319485902,0.2145477030426263,0.0160993356257677,0.1139472499489784,101151,8.98462728293613e-05,0.000269538818488,19072
1193,0.1614609416574239,0.1596571914851665,0.0180375310592353,0.1139520704746246,99955,8.982649590120982e-05,0.0002694794877036,19088
1194,0.167735306546092,0.1662120446562767,0.0152326119132339,0.1139572709798812,101600,8.980670191265273e-05,0.0002694201057379,19104
1195,0.1964477133005857,0.1947893556207418,0.0165835544466972,0.1139620542526245,90915,8.978689087216916e-05,0.0002693606726165,19120
1196,0.2494531776756048,0.2478579748421907,0.015952019020915,0.1139666438102722,96921,8.97670627882455e-05,0.0002693011883647,19136
1197,0.1675274856388569,0.1656989492475986,0.0182854058220982,0.1139714121818542,90904,8.97472176693755e-05,0.0002692416530081,19152
1198,0.2348560728132724,0.2332550399005413,0.016010328894481,0.1139761880040168,95950,8.972735552406017e-05,0.0002691820665721,19168
1199,0.212441686540842,0.2107826173305511,0.0165906825568527,0.1139812991023063,102841,8.970747636080783e-05,0.0002691224290824,19184
1200,0.1981321349740028,0.1964258383959531,0.0170629508793354,0.1139865443110466,101885,8.968758018813405e-05,0.0002690627405644,19200
1201,0.15603594109416,0.1542928479611873,0.0174309127032756,0.1139915734529495,98296,8.966766701456177e-05,0.0002690030010436,19216
1202,0.1939547769725322,0.1917725391685962,0.0218223836272954,0.1139965280890464,93560,8.964773684862112e-05,0.0002689432105458,19232
1203,0.2340352982282638,0.2321326658129692,0.0190263332333415,0.1140017211437225,99611,8.962778969884955e-05,0.0002688833690965,19248
1204,0.2015941143035888,0.1998502276837825,0.0174388892482966,0.1140067800879478,98619,8.96078255737918e-05,0.0002688234767213,19264
1205,0.1703670360147953,0.1686767656356096,0.0169026975054293,0.1140126809477806,100722,8.958784448199987e-05,0.0002687635334459,19280
1206,0.1226352155208587,0.1206014193594455,0.0203379886224865,0.1140183210372924,97302,8.956784643203302e-05,0.000268703539296,19296
1207,0.1715826783329248,0.1697048414498567,0.0187783660367131,0.1140236184000969,98223,8.954783143245777e-05,0.0002686434942973,19312
1208,0.179153336212039,0.1771991401910781,0.0195419364608824,0.114028625190258,98549,8.952779949184793e-05,0.0002685833984755,19328
1209,0.181523947045207,0.1795279942452907,0.0199595359154045,0.1140332669019699,97794,8.950775061878453e-05,0.0002685232518563,19344
1210,0.2423228360712528,0.2406225316226482,0.017003014916554,0.1140380278229713,98725,8.948768482185587e-05,0.0002684630544655,19360
1211,0.2188254296779632,0.2168262340128421,0.0199919431470334,0.1140423938632011,97441,8.94676021096575e-05,0.0002684028063289,19376
1212,0.1911329794675111,0.1896239295601844,0.01509052910842,0.1140466928482055,99147,8.944750249079223e-05,0.0002683425074723,19392
1213,0.2708102595061064,0.2693025544285774,0.0150770435575395,0.1140515953302383,104847,8.94273859738701e-05,0.0002682821579216,19408
1214,0.17740099132061,0.1754133589565754,0.0198762929067015,0.1140565350651741,101855,8.940725256750838e-05,0.0002682217577025,19424
1215,0.2675489000976085,0.2656936645507812,0.0185523887630552,0.1140611469745636,99603,8.938710228033155e-05,0.0002681613068409,19440
1216,0.2069116719067096,0.2051913626492023,0.0172030720859766,0.1140657663345336,100885,8.936693512097139e-05,0.0002681008053629,19456
1217,0.2185939401388168,0.2164484374225139,0.0214550385717302,0.1140699610114097,100553,8.934675109806688e-05,0.0002680402532942,19472
1218,0.1640765685588121,0.1625913027673959,0.0148525943513959,0.1140743419528007,103149,8.932655022026417e-05,0.0002679796506607,19488
1219,0.1484539974480867,0.146825511008501,0.0162848427426069,0.1140788421034812,101221,8.930633249621672e-05,0.0002679189974886,19504
1220,0.2363512329757213,0.2343342155218124,0.0201701913028955,0.1140831410884857,99524,8.928609793458514e-05,0.0002678582938037,19520
1221,0.1739473007619381,0.1722881868481636,0.0165911014191806,0.1140872687101364,97871,8.926584654403724e-05,0.0002677975396321,19536
1222,0.1513493601232767,0.1492834128439426,0.0206594597548246,0.1140912100672721,101630,8.924557833324814e-05,0.0002677367349997,19552
1223,0.2367855086922645,0.2352186143398285,0.0156688997521996,0.1140951812267303,102160,8.922529331090006e-05,0.0002676758799327,19568
1224,0.208708444610238,0.2069841884076595,0.017242609988898,0.1140989884734153,95535,8.920499148568245e-05,0.000267614974457,19584
1225,0.183231096714735,0.1816508583724498,0.0158023678231984,0.114103153347969,101599,8.9184672866292e-05,0.0002675540185988,19600
1226,0.2064506374299526,0.2048353888094425,0.0161524577997624,0.1141071617603302,102308,8.916433746143253e-05,0.0002674930123842,19616
1227,0.1839611902832985,0.1819947212934494,0.019664691761136,0.1141111850738525,101173,8.914398527981509e-05,0.0002674319558394,19632
1228,0.2736064381897449,0.2719665728509426,0.0163985865656286,0.1141152679920196,105155,8.912361633015791e-05,0.0002673708489904,19648
1229,0.2050402723252773,0.2028764691203832,0.0216380623169243,0.1141192838549614,93545,8.910323062118639e-05,0.0002673096918635,19664
1230,0.1648356560617685,0.1633071973919868,0.0152845697011798,0.1141232550144195,98602,8.908282816163314e-05,0.0002672484844848,19680
1231,0.2154738213866949,0.2139389291405677,0.0153489138465374,0.1141269952058792,99319,8.906240896023794e-05,0.0002671872268807,19696
1232,0.1918021645396947,0.1902706511318683,0.0153151066042482,0.1141307055950164,101690,8.904197302574768e-05,0.0002671259190772,19712
1233,0.2162122316658496,0.2146776765584945,0.0153455922845751,0.1141345873475074,102588,8.90215203669165e-05,0.0002670645611007,19728
1234,0.2514017727226019,0.2499413713812828,0.0146040779072791,0.1141382977366447,103575,8.900105099250564e-05,0.0002670031529775,19744
1235,0.1314224991947412,0.1298188716173172,0.0160362923052161,0.114142820239067,103805,8.898056491128357e-05,0.0002669416947338,19760
1236,0.1665195636451244,0.164739366620779,0.0178020030725747,0.1141471713781356,98133,8.896006213202583e-05,0.000266880186396,19776
1237,0.2067808993160724,0.2047805823385715,0.0200031516142189,0.1141512244939804,103626,8.893954266351521e-05,0.0002668186279905,19792
1238,0.3133351728320122,0.3111069649457931,0.0222821231000125,0.1141547858715057,97044,8.891900651454156e-05,0.0002667570195436,19808
1239,0.2452020123600959,0.2433755435049533,0.0182646850589662,0.1141584292054176,102133,8.889845369390193e-05,0.0002666953610817,19824
1240,0.2651444226503372,0.2636471539735794,0.0149726432282477,0.1141622811555862,102132,8.887788421040049e-05,0.0002666336526312,19840
1241,0.1715881079435348,0.1698206588625908,0.0176744856871664,0.1141666322946548,102303,8.885729807284856e-05,0.0002665718942185,19856
1242,0.236704520881176,0.2351746335625648,0.0152988394256681,0.1141711324453353,102858,8.883669529006456e-05,0.0002665100858701,19872
1243,0.1212034039199352,0.1192309819161892,0.0197242121212184,0.114175908267498,95049,8.88160758708741e-05,0.0002664482276126,19888
1244,0.2681083157658577,0.2664543911814689,0.0165392174385488,0.1141809299588203,97685,8.879543982410989e-05,0.0002663863194723,19904
1245,0.1548339799046516,0.1533143445849418,0.0151963394600898,0.1141856759786605,100561,8.877478715861173e-05,0.0002663243614758,19920
1246,0.283781848847866,0.2823315821588039,0.0145027155522257,0.1141902282834053,99968,8.875411788322657e-05,0.0002662623536496,19936
1247,0.1459077801555395,0.1441346555948257,0.0177312144078314,0.1141949817538261,96294,8.873343200680848e-05,0.0002662002960204,19952
1248,0.2290029004216194,0.2273446545004844,0.0165824247524142,0.1141997799277305,100343,8.871272953821864e-05,0.0002661381886146,19968
1249,0.219420425593853,0.2174613364040851,0.0195908285677433,0.1142044067382812,96685,8.869201048632532e-05,0.0002660760314589,19984
1250,0.1821167077869177,0.1804908439517021,0.0162586476653814,0.1142089217901229,94375,8.867127486000389e-05,0.00026601382458,20000
1251,0.1730734258890152,0.1712365634739399,0.0183686462696641,0.1142136380076408,101032,8.865052266813685e-05,0.0002659515680044,20016
1252,0.2278241273015737,0.2263749707490205,0.0144915506243705,0.1142181158065795,98988,8.862975391961377e-05,0.0002658892617588,20032
1253,0.2271876260638237,0.2256505936384201,0.0153703393880277,0.1142225190997123,100315,8.860896862333134e-05,0.0002658269058699,20048
1254,0.2012695409357547,0.1995888613164425,0.0168068560305982,0.1142267510294914,105047,8.858816678819332e-05,0.0002657645003645,20064
1255,0.2323787454515695,0.2304505445063114,0.019282016903162,0.1142306849360466,98143,8.856734842311053e-05,0.0002657020452693,20080
1256,0.1586177442222833,0.1569746807217598,0.0164306322112679,0.1142344400286674,98455,8.85465135370009e-05,0.000265639540611,20096
1257,0.133451385423541,0.1317865457385778,0.0166484341025352,0.1142384260892868,101418,8.852566213878947e-05,0.0002655769864163,20112
1258,0.224618062376976,0.2229002080857753,0.0171784977428615,0.1142423823475837,97986,8.850479423740827e-05,0.0002655143827122,20128
1259,0.2678616419434547,0.2662130929529667,0.0164854726754128,0.1142465025186538,101647,8.848390984179648e-05,0.0002654517295253,20144
1260,0.2512903586030006,0.2493854593485593,0.019049007911235,0.1142503023147583,96332,8.84630089609003e-05,0.0002653890268827,20160
1261,0.1790881771594286,0.1773508936166763,0.0173728228546679,0.1142539381980896,95358,8.844209160367299e-05,0.000265326274811,20176
1262,0.1863059215247631,0.1844138018786907,0.0189211752731353,0.1142574176192283,100297,8.842115777907489e-05,0.0002652634733372,20192
1263,0.1577403862029314,0.1559285167604684,0.018118702340871,0.1142609342932701,93448,8.840020749607339e-05,0.0002652006224882,20208
1264,0.1965365353971719,0.194783553481102,0.0175298682879656,0.114264503121376,101051,8.837924076364292e-05,0.0002651377222909,20224
1265,0.242800623178482,0.24112443998456,0.0167617728002369,0.1142680570483207,98127,8.8358257590765e-05,0.0002650747727722,20240
1266,0.120751891285181,0.1188794933259487,0.018723961431533,0.1142715141177177,91366,8.833725798642808e-05,0.0002650117739592,20256
1267,0.1525432569906115,0.150750009343028,0.0179324885830283,0.1142749264836311,98115,8.831624195962778e-05,0.0002649487258788,20272
1268,0.1744493823498487,0.1726647913455963,0.0178459633607417,0.1142783388495445,96636,8.829520951936667e-05,0.000264885628558,20288
1269,0.2915766835212707,0.2899031043052673,0.0167358128819614,0.1142817065119743,95909,8.827416067465441e-05,0.0002648224820239,20304
1270,0.1785967983305454,0.17701349966228,0.0158329736441373,0.1142850667238235,100025,8.825309543450764e-05,0.0002647592863035,20320
1271,0.2152689546346664,0.2134397253394127,0.0182923343963921,0.114288181066513,99904,8.823201380795001e-05,0.0002646960414238,20336
1272,0.2676981277763843,0.2657633833587169,0.0193475056439638,0.1142912954092025,98249,8.821091580401228e-05,0.000264632747412,20352
1273,0.1921997182071209,0.1905976943671703,0.016020230948925,0.114294409751892,100347,8.818980143173213e-05,0.0002645694042951,20368
1274,0.1523126475512981,0.1503260917961597,0.0198655440472066,0.1142974272370338,94038,8.816867070015427e-05,0.0002645060121004,20384
1275,0.1665360573679208,0.1647631600499153,0.017728999024257,0.1143005639314651,101671,8.814752361833044e-05,0.0002644425708549,20400
1276,0.1782037820667028,0.1766047608107328,0.0159902081359177,0.1143043264746666,101305,8.812636019531942e-05,0.0002643790805859,20416
1277,0.2422400154173374,0.2405602596700191,0.0167975239455699,0.114308014512062,100256,8.810518044018689e-05,0.0002643155413205,20432
1278,0.1922374684363603,0.1903959959745407,0.0184147336985915,0.1143116876482963,102437,8.808398436200562e-05,0.000264251953086,20448
1279,0.139895312488079,0.1382961887866258,0.0159912689123302,0.114315889775753,101222,8.806277196985535e-05,0.0002641883159095,20464
1280,0.153576398268342,0.1519497744739055,0.0162662304937839,0.1143200173974037,98751,8.804154327282274e-05,0.0002641246298184,20480
1281,0.1999550238251686,0.1983109340071678,0.0164409144781529,0.1143240705132484,103788,8.802029828000156e-05,0.00026406089484,20496
1282,0.1789525486528873,0.1768291182816028,0.0212343377061188,0.1143276169896125,98862,8.799903700049243e-05,0.0002639971110014,20512
1283,0.1844650581479072,0.1826575081795454,0.018075491534546,0.1143310740590095,100626,8.797775944340302e-05,0.0002639332783302,20528
1284,0.136935606598854,0.1352819111198187,0.0165369766764342,0.1143346726894378,103092,8.7956465617848e-05,0.0002638693968535,20544
1285,0.1311846170574426,0.1295697446912527,0.0161486938595771,0.1143383160233497,95536,8.793515553294891e-05,0.0002638054665988,20560
1286,0.2247271072119474,0.2225625962018966,0.0216451245360076,0.1143417730927467,94997,8.791382919783435e-05,0.0002637414875935,20576
1287,0.2332592979073524,0.231340941041708,0.0191835570149123,0.1143450513482093,100100,8.789248662163985e-05,0.0002636774598649,20592
1288,0.1524195186793804,0.1507401317358017,0.0167938726954162,0.1143484264612197,100937,8.787112781350785e-05,0.0002636133834405,20608
1289,0.2664983160793781,0.2648914568126201,0.0160685766022652,0.1143520176410675,102608,8.784975278258783e-05,0.0002635492583477,20624
1290,0.1405850313603878,0.1383439339697361,0.0224109890405088,0.1143555641174316,94282,8.782836153803615e-05,0.0002634850846141,20640
1291,0.1458316957578063,0.1443021073937416,0.0152959201950579,0.114359512925148,104180,8.780695408901613e-05,0.000263420862267,20656
1292,0.1865585595369339,0.1844703033566475,0.0208825569134205,0.1143631190061569,99926,8.778553044469808e-05,0.000263356591334,20672
1293,0.2768188491463661,0.2751384451985359,0.0168039971031248,0.1143666133284568,101890,8.776409061425919e-05,0.0002632922718427,20688
1294,0.2810909003019333,0.2796028647571802,0.014880342176184,0.1143701896071434,102684,8.774263460688358e-05,0.0002632279038206,20704
1295,0.150215283036232,0.1485973168164491,0.0161796442698687,0.1143736690282821,96700,8.772116243176235e-05,0.0002631634872952,20720
1296,0.2236219421029091,0.221937395632267,0.0168455052189528,0.1143770888447761,101828,8.769967409809348e-05,0.0002630990222942,20736
1297,0.2180274538695812,0.2163919061422348,0.016355485888198,0.1143809333443641,100450,8.76781696150819e-05,0.0002630345088452,20752
1298,0.1799687426537275,0.1784000601619482,0.0156868051271885,0.1143850609660148,98884,8.765664899193944e-05,0.0002629699469758,20768
1299,0.1895911563187837,0.1878119967877864,0.0177915918175131,0.1143892928957939,104437,8.763511223788485e-05,0.0002629053367136,20784
1300,0.2369086667895317,0.2352545540779829,0.0165411131456494,0.1143935844302177,100262,8.761355936214382e-05,0.0002628406780864,20800
1301,0.1641360819339752,0.1625567637383937,0.0157931551802903,0.1143978014588356,97980,8.759199037394887e-05,0.0002627759711218,20816
1302,0.2074292227625847,0.205624334514141,0.0180488661862909,0.1144018247723579,103883,8.75704052825395e-05,0.0002627112158476,20832
1303,0.2312366645783186,0.2297483775764703,0.0148828935343772,0.1144056916236877,100956,8.754880409716209e-05,0.0002626464122914,20848
1304,0.2111324965953827,0.2092019915580749,0.0193050249945372,0.1144095137715339,98477,8.752718682706985e-05,0.0002625815604812,20864
1305,0.1312558203935623,0.1291670240461826,0.0208879583515226,0.1144131049513816,96586,8.750555348152298e-05,0.0002625166604445,20880
1306,0.1964388005435466,0.1945780999958515,0.0186070101335644,0.1144166439771652,101751,8.74839040697885e-05,0.0002624517122093,20896
1307,0.2082836255431175,0.2065291590988636,0.0175446609500795,0.1144201979041099,102997,8.746223860114033e-05,0.0002623867158034,20912
1308,0.1697115786373615,0.1681638285517692,0.0154774989932775,0.1144238859415054,104493,8.744055708485927e-05,0.0002623216712545,20928
1309,0.1700642183423042,0.1681650504469871,0.0189916845411062,0.1144276410341262,96216,8.741885953023301e-05,0.0002622565785906,20944
1310,0.171705761924386,0.1699942890554666,0.0171147086657583,0.1144313514232635,101009,8.739714594655606e-05,0.0002621914378396,20960
1311,0.1508107222616672,0.1491366680711507,0.0167405398096889,0.1144350692629814,99971,8.737541634312985e-05,0.0002621262490293,20976
1312,0.2630870062857866,0.2616213411092758,0.0146566913463175,0.114438958466053,100404,8.735367072926263e-05,0.0002620610121877,20992
1313,0.2223975248634815,0.2206647396087646,0.0173278138972818,0.114442653954029,99622,8.733190911426958e-05,0.0002619957273428,21008
1314,0.2209652476012706,0.2194045148789882,0.0156073307152837,0.114446111023426,97396,8.731013150747263e-05,0.0002619303945224,21024
1315,0.1746963821351528,0.1725974585860967,0.0209892115090042,0.1144495010375976,101116,8.728833791820063e-05,0.0002618650137546,21040
1316,0.1585502475500106,0.1570174694061279,0.0153277642093598,0.1144531220197677,102344,8.72665283557893e-05,0.0002617995850673,21056
1317,0.1735463589429855,0.1716914121061563,0.0185494429897516,0.114456720650196,92998,8.724470282958111e-05,0.0002617341084887,21072
1318,0.2061917185783386,0.2046351935714483,0.0155652645044028,0.114460214972496,99882,8.722286134892545e-05,0.0002616685840467,21088
1319,0.1713257506489753,0.1694677695631981,0.0185798367019742,0.1144636645913124,100051,8.720100392317851e-05,0.0002616030117695,21104
1320,0.1723879873752594,0.1707870624959468,0.016009252751246,0.1144673526287078,99716,8.717913056170331e-05,0.0002615373916851,21120
1321,0.2065194062888622,0.2049877066165208,0.0153170318808406,0.1144711002707481,103818,8.715724127386972e-05,0.0002614717238216,21136
1322,0.2215326465666294,0.2196040488779544,0.0192859428934752,0.1144747212529182,103630,8.713533606905439e-05,0.0002614060082071,21152
1323,0.2795176543295383,0.2780267596244812,0.014908917248249,0.1144781857728958,101094,8.711341495664084e-05,0.0002613402448699,21168
1324,0.2248638346791267,0.2232806868851184,0.0158314502332359,0.114481508731842,103337,8.709147794601939e-05,0.000261274433838,21184
1325,0.28083161637187,0.2791860960423946,0.0164551518391817,0.1144846826791763,99538,8.706952504658712e-05,0.0002612085751397,21200
1326,0.1841443981975317,0.1826406996697187,0.0150369741022586,0.1144879236817359,98388,8.704755626774796e-05,0.0002611426688032,21216
1327,0.1701614465564489,0.1684252545237541,0.0173618732951581,0.1144911870360374,101218,8.702557161891265e-05,0.0002610767148567,21232
1328,0.169426079839468,0.1676926761865615,0.0173340502660721,0.1144943982362747,98644,8.700357110949873e-05,0.0002610107133284,21248
1329,0.2169798146933317,0.2151179611682891,0.0186185557395219,0.1144975647330284,93188,8.69815547489305e-05,0.0002609446642467,21264
1330,0.0804722309112548,0.0785294286906719,0.0194280198775231,0.1145006865262985,100233,8.695952254663906e-05,0.0002608785676399,21280
1331,0.1684073656797409,0.1669297683984041,0.0147759658284485,0.1145043671131134,103229,8.693747451206232e-05,0.0002608124235361,21296
1332,0.1586726699024438,0.1571177132427692,0.0155495917424559,0.1145081371068954,98186,8.691541065464495e-05,0.0002607462319639,21312
1333,0.2219468392431736,0.2204787917435169,0.0146804559044539,0.1145117655396461,99058,8.689333098383842e-05,0.0002606799929515,21328
1334,0.2535111047327518,0.2520653009414673,0.0144580521155148,0.1145155951380729,100073,8.687123550910095e-05,0.0002606137065273,21344
1335,0.1871411260217428,0.1854828894138336,0.0165823649149388,0.1145196482539177,97310,8.684912423989755e-05,0.0002605473727196,21360
1336,0.2221955582499504,0.2205556631088256,0.016398943029344,0.1145235076546669,99327,8.682699718569995e-05,0.000260480991557,21376
1337,0.1652630288153886,0.1634115874767303,0.018514369148761,0.1145274490118026,99600,8.680485435598673e-05,0.0002604145630679,21392
1338,0.2690301202237606,0.2674607932567596,0.0156932414975017,0.1145312190055847,101524,8.678269576024312e-05,0.0002603480872807,21408
1339,0.1909086555242538,0.1890167985111475,0.0189185866620391,0.1145350784063339,99656,8.67605214079612e-05,0.0002602815642238,21424
1340,0.2302763797342777,0.2286796122789383,0.015967708081007,0.1145388633012771,100165,8.673833130863974e-05,0.0002602149939259,21440
1341,0.2190236002206802,0.2172499392181635,0.0177366426214575,0.1145428493618965,105087,8.671612547178428e-05,0.0002601483764153,21456
1342,0.2060192972421646,0.204333821311593,0.0168547809589654,0.1145468428730964,98532,8.669390390690709e-05,0.0002600817117207,21472
1343,0.20075049623847,0.1990857757627964,0.0166471917182207,0.1145506873726844,98387,8.66716666235272e-05,0.0002600149998705,21488
1344,0.1512688659131527,0.1493119839578867,0.0195688297972083,0.1145542114973068,95595,8.664941363117032e-05,0.0002599482408935,21504
1345,0.2187149859964847,0.2170870956033468,0.0162789078895002,0.1145576313138008,99590,8.662714493936895e-05,0.0002598814348181,21520
1346,0.2108893319964409,0.2091245297342538,0.0176480035297572,0.1145610362291336,99001,8.660486055766228e-05,0.0002598145816729,21536
1347,0.1714444179087877,0.1698484495282173,0.0159596977755427,0.1145643666386604,98817,8.658256049559624e-05,0.0002597476814867,21552
1348,0.1961051262915134,0.1941816136240959,0.0192351306322962,0.1145676150918006,96317,8.656024476272346e-05,0.0002596807342881,21568
1349,0.156557347625494,0.1549474410712719,0.0160990697331726,0.1145709753036499,96966,8.653791336860331e-05,0.0002596137401058,21584
1350,0.2060594260692596,0.2043450884521007,0.0171433654613792,0.1145745813846588,98562,8.651556632280184e-05,0.0002595466989684,21600
1351,0.2122896537184715,0.2106262892484665,0.0166336453985422,0.1145780608057975,100133,8.649320363489179e-05,0.0002594796109046,21616
1352,0.2253229543566703,0.2237893640995025,0.0153359163086861,0.1145820170640945,103271,8.647082531445265e-05,0.0002594124759433,21632
1353,0.1755416728556156,0.1737750079482793,0.0176666879560798,0.1145860478281974,97812,8.644843137107059e-05,0.0002593452941132,21648
1354,0.2676009032875299,0.2660107128322124,0.0159018472768366,0.1145898550748825,94985,8.642602181433844e-05,0.000259278065443,21664
1355,0.1769824139773845,0.1752602979540825,0.0172212081961333,0.114593394100666,102223,8.640359665385575e-05,0.0002592107899615,21680
1356,0.2869244553148746,0.2854332104325294,0.0149124488234519,0.1145970076322555,103734,8.638115589922875e-05,0.0002591434676976,21696
1357,0.2231924068182706,0.2215473130345344,0.0164509129244834,0.1146004647016525,101454,8.635869956007034e-05,0.0002590760986802,21712
1358,0.2299186345189809,0.2283014394342899,0.0161718979943543,0.1146038547158241,102498,8.633622764600012e-05,0.000259008682938,21728
1359,0.2021056655794382,0.2005953155457973,0.015103496145457,0.114607498049736,100516,8.631374016664434e-05,0.0002589412204999,21744
1360,0.1944618821144104,0.1927709300071001,0.0169094777666032,0.1146110296249389,102126,8.629123713163589e-05,0.0002588737113949,21760
1361,0.2237964104861021,0.2220738139003515,0.0172260175459086,0.1146145313978195,98730,8.626871855061438e-05,0.0002588061556518,21776
1362,0.2554632946848869,0.2538484111428261,0.0161488477606326,0.1146179512143135,99163,8.624618443322607e-05,0.0002587385532996,21792
1363,0.2450862973928451,0.243523608893156,0.015626860782504,0.1146217212080955,105487,8.622363478912383e-05,0.0002586709043673,21808
1364,0.1850706432014703,0.1830834951251745,0.0198714376892894,0.1146252751350402,100267,8.620106962796723e-05,0.0002586032088839,21824
1365,0.2313506305217743,0.2297258749604225,0.0162475437391549,0.1146285980939865,94405,8.617848895942247e-05,0.0002585354668782,21840
1366,0.1043763402849435,0.1025137044489383,0.0186263183131814,0.1146317422389984,97806,8.615589279316239e-05,0.0002584676783794,21856
1367,0.2326715607196092,0.2309996783733368,0.0167188707273453,0.1146350279450416,99705,8.613328113886644e-05,0.0002583998434165,21872
1368,0.1957204304635524,0.1941820103675127,0.0153842119034379,0.1146383881568908,104926,8.611065400622078e-05,0.0002583319620186,21888
1369,0.1807027719914913,0.1790662128478288,0.0163656312506645,0.1146417707204818,99685,8.608801140491811e-05,0.0002582640342147,21904
1370,0.1858182586729526,0.183575090020895,0.0224316865205764,0.1146450042724609,95490,8.606535334465784e-05,0.0002581960600339,21920
1371,0.2305574063211679,0.2286648210138082,0.0189258076716214,0.1146481782197952,99946,8.604267983514594e-05,0.0002581280395054,21936
1372,0.1733683310449123,0.1716387718915939,0.0172955791931599,0.1146512702107429,99661,8.601999088609504e-05,0.0002580599726582,21952
1373,0.2215365916490554,0.2198142632842064,0.0172232994809746,0.1146542802453041,100407,8.599728650722434e-05,0.0002579918595216,21968
1374,0.1276013571768999,0.1255366951227188,0.0206465977244079,0.1146572008728981,96159,8.597456670825969e-05,0.0002579237001247,21984
1375,0.2006232514977455,0.1986216977238655,0.0200155393686145,0.1146601513028144,90430,8.595183149893353e-05,0.0002578554944968,22000
1376,0.237450510263443,0.2354895956814289,0.0196091758552938,0.114663153886795,97948,8.59290808889849e-05,0.0002577872426669,22016
1377,0.2658155150711536,0.2642523646354675,0.0156314545311033,0.1146661192178726,104131,8.590631488815944e-05,0.0002577189446644,22032
1378,0.1953873112797737,0.1935504265129566,0.0183688208926469,0.1146691739559173,105146,8.588353350620939e-05,0.0002576506005186,22048
1379,0.2415977977216243,0.2400890551507473,0.0150874066166579,0.1146720871329307,101678,8.586073675289355e-05,0.0002575822102586,22064
1380,0.2007341086864471,0.1990001201629638,0.017339926213026,0.1146748214960098,104121,8.583792463797733e-05,0.0002575137739139,22080
1381,0.1971287950873375,0.1955053023993969,0.01623494643718,0.1146778017282486,98448,8.581509717123273e-05,0.0002574452915136,22096
1382,0.1806081645190715,0.1788556110113859,0.0175255062058568,0.1146807298064231,102765,8.579225436243828e-05,0.0002573767630873,22112
1383,0.1937006749212741,0.192033015191555,0.0166765882167965,0.1146835088729858,100779,8.576939622137915e-05,0.0002573081886641,22128
1384,0.1748252175748348,0.1729690376669168,0.0185618097893893,0.1146863102912902,97696,8.574652275784702e-05,0.0002572395682735,22144
1385,0.1685920637100935,0.1666767317801714,0.0191533365286886,0.1146891191601753,98166,8.572363398164017e-05,0.0002571709019449,22160
1386,0.1907321643084287,0.1890253201127052,0.0170684275217354,0.1146920397877693,96475,8.570072990256342e-05,0.0002571021897076,22176
1387,0.164556523784995,0.162860456854105,0.0169606434646993,0.1146949902176857,101159,8.567781053042813e-05,0.0002570334315912,22192
1388,0.247030708938837,0.2453983426094055,0.0163236542139202,0.1146978512406349,103680,8.565487587505226e-05,0.0002569646276251,22208
1389,0.1921181604266166,0.1904472634196281,0.0167089768219739,0.1147006824612617,105535,8.563192594626027e-05,0.0002568957778387,22224
1390,0.1765547376126051,0.1747536920011043,0.0180104346945881,0.1147033721208572,98333,8.56089607538832e-05,0.0002568268822616,22240
1391,0.2477684877812862,0.2461192831397056,0.0164920014794915,0.1147063449025154,101791,8.558598030775857e-05,0.0002567579409232,22256
1392,0.1565904300659895,0.1550674438476562,0.0152298500761389,0.1147095188498497,102541,8.55629846177305e-05,0.0002566889538531,22272
1393,0.1376495976001024,0.136037303134799,0.0161229385994374,0.1147126778960228,103469,8.553997369364963e-05,0.0002566199210809,22288
1394,0.316269613802433,0.3145336508750915,0.0173596029635518,0.1147156953811645,98420,8.551694754537307e-05,0.0002565508426361,22304
1395,0.2467334605753421,0.2451842129230499,0.0154925361275672,0.11471888422966,99506,8.549390618276452e-05,0.0002564817185482,22320
1396,0.1797725949436426,0.1778079885989427,0.0196460918523371,0.1147219166159629,98415,8.547084961569416e-05,0.000256412548847,22336
1397,0.2466211300343275,0.245048139244318,0.0157299756538122,0.1147250086069107,103403,8.544777785403868e-05,0.0002563433335621,22352
1398,0.2831028364598751,0.2814645767211914,0.016382603906095,0.1147281154990196,98713,8.542469090768129e-05,0.000256274072723,22368
1399,0.1381049770861864,0.1364479139447212,0.016570619540289,0.1147312819957733,98956,8.540158878651172e-05,0.0002562047663595,22384
1400,0.1978470385074615,0.1958364173769951,0.0201062364503741,0.1147341951727867,90577,8.53784715004262e-05,0.0002561354145012,22400
1401,0.2435086145997047,0.2415118999779224,0.0199671667069196,0.1147370412945747,97051,8.535533905932738e-05,0.0002560660171779,22416
1402,0.2953752689063549,0.2939393073320389,0.0143595885019749,0.1147398427128791,103112,8.533219147312452e-05,0.0002559965744193,22432
1403,0.1581481155008077,0.1564942244440317,0.0165389261674135,0.1147429347038269,102002,8.530902875173327e-05,0.0002559270862551,22448
1404,0.2417801767587661,0.2401707619428634,0.0160941211506724,0.1147459968924522,104076,8.528585090507586e-05,0.0002558575527152,22464
1405,0.2384435646235942,0.2368357256054878,0.0160783627070486,0.1147488579154014,96430,8.526265794308089e-05,0.0002557879738292,22480
1406,0.2473389096558094,0.2456843107938766,0.0165460249409079,0.1147514954209327,99696,8.523944987568351e-05,0.000255718349627,22496
1407,0.1856957916170358,0.1841389238834381,0.0155686542857438,0.1147542595863342,101562,8.521622671282532e-05,0.0002556486801384,22512
1408,0.2700856514275074,0.2686057686805725,0.0147988316603004,0.1147569939494133,103404,8.519298846445436e-05,0.0002555789653933,22528
1409,0.1766571532934904,0.1750982142984867,0.0155894195195287,0.1147598102688789,98630,8.516973514052519e-05,0.0002555092054215,22544
1410,0.2457812260836362,0.2440245673060417,0.0175666094291955,0.114762395620346,100837,8.51464667509988e-05,0.0002554394002529,22560
1411,0.1462068781256675,0.1444528121501207,0.0175406693015247,0.1147652342915535,96980,8.51231833058426e-05,0.0002553695499175,22576
1412,0.2277269903570413,0.2260399274528026,0.016870604828,0.1147680506110191,102331,8.509988481503048e-05,0.000255299654445,22592
1413,0.1781393941491842,0.1765112858265638,0.016281111864373,0.1147708520293235,100634,8.50765712885428e-05,0.0002552297138656,22608
1414,0.2310326248407364,0.2293059378862381,0.0172668518498539,0.1147739812731742,99623,8.50532427363663e-05,0.000255159728209,22624
1415,0.1959026530385017,0.1942687146365642,0.016339375404641,0.1147771850228309,105573,8.502989916849422e-05,0.0002550896975054,22640
1416,0.2310040351003408,0.2293525375425815,0.0165149732492864,0.1147803589701652,102085,8.500654059492618e-05,0.0002550196217847,22656
1417,0.2160661593079567,0.2143431976437568,0.0172296750824898,0.1147835031151771,103669,8.498316702566828e-05,0.000254949501077,22672
1418,0.1721036583185196,0.1703383810818195,0.0176528133451938,0.1147865951061248,95921,8.495977847073297e-05,0.0002548793354121,22688
1419,0.2810930497944355,0.2796003147959709,0.0149273367132991,0.1147904172539711,105435,8.493637494013921e-05,0.0002548091248204,22704
1420,0.1288986094295978,0.1273063626140356,0.015922506339848,0.1147942319512367,102547,8.491295644391231e-05,0.0002547388693317,22720
1421,0.256451167166233,0.2546145655214786,0.0183660751208663,0.1147975251078605,100086,8.488952299208401e-05,0.0002546685689762,22736
1422,0.1915595401078462,0.1896681226789951,0.0189142154995352,0.1148008704185485,94251,8.486607459469244e-05,0.000254598223784,22752
1423,0.176188813522458,0.1745439432561397,0.016448683803901,0.1148042678833007,99660,8.48426112617822e-05,0.0002545278337853,22768
1424,0.1503188870847225,0.1485881507396698,0.0173073571640998,0.1148076802492141,98479,8.481913300340416e-05,0.0002544573990102,22784
1425,0.2732631862163543,0.2717171646654606,0.0154602131806314,0.1148108765482902,100935,8.479563982961571e-05,0.0002543869194888,22800
1426,0.164799639955163,0.1632574275135994,0.0154221018310636,0.1148141920566558,100155,8.477213175048058e-05,0.0002543163952514,22816
1427,0.2480996735394001,0.2464618775993585,0.0163780101574957,0.1148173660039901,100851,8.474860877606887e-05,0.0002542458263282,22832
1428,0.2247200533747673,0.2232316248118877,0.0148842907510697,0.1148206442594528,101561,8.47250709164571e-05,0.0002541752127493,22848
1429,0.2563513666391372,0.2546582482755184,0.016931184567511,0.1148239374160766,103663,8.470151818172809e-05,0.0002541045545451,22864
1430,0.1786219552159309,0.1767677180469036,0.018542373785749,0.1148270219564437,97054,8.467795058197112e-05,0.0002540338517459,22880
1431,0.1451853681355714,0.1434886325150728,0.0169673806522041,0.1148302406072616,98191,8.46543681272818e-05,0.0002539631043818,22896
1432,0.2415477111935615,0.2399683855473995,0.0157932573929429,0.1148333922028541,100155,8.46307708277621e-05,0.0002538923124832,22912
1433,0.1968853175640106,0.1948274951428175,0.0205781902186572,0.1148362532258033,93413,8.460715869352035e-05,0.0002538214760805,22928
1434,0.1919077523052692,0.1903794296085834,0.015283225569874,0.1148389428853988,99213,8.458353173467124e-05,0.000253750595204,22944
1435,0.2698120176792145,0.2680610753595829,0.0175095226150006,0.1148414313793182,99505,8.455988996133581e-05,0.000253679669884,22960
1436,0.1461981460452079,0.1446715425699949,0.0152660452295094,0.114843912422657,102271,8.453623338364145e-05,0.0002536087001509,22976
1437,0.1797880474478006,0.1781004667282104,0.016875775065273,0.1148465350270271,97210,8.451256201172186e-05,0.0002535376860351,22992
1438,0.1670492365956306,0.1654548216611147,0.0159441099967807,0.1148492842912674,100630,8.448887585571714e-05,0.0002534666275671,23008
1439,0.1851640623062849,0.1832473799586296,0.0191668015904724,0.114852175116539,98628,8.446517492577367e-05,0.0002533955247773,23024
1440,0.2903778068721294,0.2887200862169266,0.0165772130712866,0.1148549392819404,101097,8.444145923204417e-05,0.0002533243776961,23040
1441,0.2120497450232505,0.2103184908628463,0.0173125034198164,0.1148577481508255,98895,8.44177287846877e-05,0.000253253186354,23056
1442,0.1933865174651146,0.1919180788099765,0.0146844235714524,0.1148605793714523,105250,8.439398359386963e-05,0.0002531819507816,23072
1443,0.2450213432312011,0.2434439472854137,0.0157740016002208,0.1148640289902687,102196,8.437022366976163e-05,0.0002531106710092,23088
1444,0.2145677506923675,0.2130277343094349,0.0154001112096011,0.1148679032921791,104180,8.434644902254172e-05,0.0002530393470676,23104
1445,0.1665140893310308,0.1648017615079879,0.0171233050059527,0.1148714497685432,101260,8.432265966239419e-05,0.0002529679789871,23120
1446,0.1721726469695568,0.1703778430819511,0.0179480107035487,0.1148746237158775,96760,8.429885559950964e-05,0.0002528965667985,23136
1447,0.1825445685535669,0.1807961910963058,0.0174837936647236,0.1148777902126312,99958,8.427503684408498e-05,0.0002528251105322,23152
1448,0.2864737957715988,0.2848665527999401,0.0160724120214581,0.1148807629942894,103794,8.425120340632342e-05,0.0002527536102189,23168
1449,0.1924622654914856,0.1906139813363552,0.0184828853234648,0.1148834973573684,98124,8.422735529643444e-05,0.0002526820658893,23184
1450,0.1842412613332271,0.1824927814304828,0.0174847822636365,0.114886350929737,98091,8.42034925246338e-05,0.0002526104775739,23200
1451,0.1800569202750921,0.1780932173132896,0.0196370454505085,0.1148891448974609,93969,8.417961510114356e-05,0.0002525388453034,23216
1452,0.3012468330562114,0.2996810264885425,0.015658053336665,0.1148920431733131,102050,8.415572303619207e-05,0.0002524671691085,23232
1453,0.177402701228857,0.175781724974513,0.0162097527645528,0.114895224571228,103832,8.413181634001391e-05,0.00025239544902,23248
1454,0.1534810699522495,0.1519468799233436,0.015341913094744,0.1148988902568817,101052,8.410789502284994e-05,0.0002523236850685,23264
1455,0.2461475506424904,0.2445973958820104,0.0155014882329851,0.1149023175239563,102144,8.408395909494733e-05,0.0002522518772848,23280
1456,0.2861176934093237,0.284533491358161,0.015841995133087,0.114905409514904,96072,8.406000856655943e-05,0.0002521800256996,23296
1457,0.169660322368145,0.1677664741873741,0.0189384156838059,0.1149085089564323,99565,8.40360434479459e-05,0.0002521081303438,23312
1458,0.1440483201295137,0.1425255332142114,0.0152278980240225,0.1149118617177009,100211,8.401206374937262e-05,0.0002520361912481,23328
1459,0.1718374639749527,0.1701848357915878,0.0165262608788907,0.1149151846766471,99811,8.398806948111179e-05,0.0002519642084433,23344
1460,0.207053629681468,0.2054288480430841,0.0162478138227015,0.1149185821413993,100331,8.396406065344174e-05,0.0002518921819603,23360
1461,0.1379093471914529,0.1363203022629022,0.0158904371783137,0.114921785891056,97020,8.39400372766471e-05,0.0002518201118299,23376
1462,0.1587164346128702,0.1571595296263694,0.0155690847896039,0.1149249300360679,101368,8.39159993610187e-05,0.000251747998083,23392
1463,0.1951769478619098,0.1936270594596862,0.0154988837894052,0.1149280071258544,101596,8.389194691685367e-05,0.0002516758407505,23408
1464,0.2242188267409801,0.222565695643425,0.0165313163306564,0.1149311438202858,101663,8.386787995445528e-05,0.0002516036398633,23424
1465,0.2049664333462715,0.203053168952465,0.0191326267085969,0.1149341315031051,98181,8.384379848413304e-05,0.0002515313954523,23440
1466,0.1816081162542104,0.1798734255135059,0.0173469150904566,0.1149369850754737,100093,8.381970251620271e-05,0.0002514591075486,23456
1467,0.2361105158925056,0.2345006205141544,0.0160989393480122,0.1149400621652603,104864,8.379559206098624e-05,0.0002513867761829,23472
1468,0.2084115296602249,0.2068703696131706,0.0154116563498973,0.1149431467056274,102929,8.377146712881177e-05,0.0002513144013864,23488
1469,0.1982368975877761,0.1966114193201065,0.0162547649815678,0.1149461343884468,103046,8.374732773001366e-05,0.00025124198319,23504
1470,0.159833662211895,0.1582045257091522,0.0162913678213953,0.1149492636322975,96868,8.372317387493245e-05,0.0002511695216247,23520
1471,0.1395463794469833,0.1381030213087797,0.0144335788208991,0.1149525716900825,105016,8.36990055739149e-05,0.0002510970167217,23536
1472,0.1473080031573772,0.1456370465457439,0.0167095591314136,0.1149559020996093,96001,8.367482283731394e-05,0.0002510244685119,23552
1473,0.1727072056382894,0.1711073443293571,0.0159986149519681,0.1149592548608779,102350,8.365062567548867e-05,0.0002509518770264,23568
1474,0.2290387265384197,0.2273074239492416,0.0173130033072084,0.1149626970291137,96220,8.36264140988044e-05,0.0002508792422964,23584
1475,0.1474430114030838,0.1454889066517353,0.019541033077985,0.1149662360548973,98710,8.360218811763261e-05,0.0002508065643528,23600
1476,0.2102739475667476,0.2086263783276081,0.016475718235597,0.1149698048830032,94239,8.357794774235092e-05,0.000250733843227,23616
1477,0.1174452826380729,0.1157468073070049,0.0169847563374787,0.1149734482169151,98962,8.355369298334316e-05,0.00025066107895,23632
1478,0.1799415908753872,0.178349070250988,0.0159252011217176,0.1149772256612777,103465,8.352942385099927e-05,0.0002505882715529,23648
1479,0.2285859696567058,0.2270284555852413,0.0155751551501452,0.1149807944893837,101921,8.35051403557154e-05,0.0002505154210671,23664
1480,0.2053132057189941,0.2037514075636863,0.015618008794263,0.1149843633174896,105692,8.348084250789378e-05,0.0002504425275236,23680
1481,0.1505764573812484,0.1486009750515222,0.0197548144496977,0.1149876564741134,91091,8.345653031794292e-05,0.0002503695909538,23696
1482,0.192017750814557,0.190185897052288,0.0183185173664242,0.1149907708168029,98945,8.343220379627732e-05,0.0002502966113888,23712
1483,0.2985696159303188,0.2971567176282406,0.0141289865132421,0.1149937957525253,100320,8.340786295331771e-05,0.0002502235888599,23728
1484,0.1673457659780979,0.1655264664441347,0.018192985560745,0.1149967461824417,104580,8.338350779949096e-05,0.0002501505233984,23744
1485,0.1898166723549366,0.1881587952375412,0.0165787765290588,0.1150000765919685,103326,8.335913834522999e-05,0.0002500774150356,23760
1486,0.1883417908102274,0.1868799142539501,0.0146187206264585,0.1150035336613655,105486,8.333475460097394e-05,0.0002500042638029,23776
1487,0.1860510781407356,0.1844073086977005,0.0164376934990286,0.1150071918964386,96923,8.331035657716802e-05,0.0002499310697315,23792
1488,0.3305666372179985,0.3290087431669235,0.0155789107084274,0.1150108501315116,104961,8.328594428426357e-05,0.0002498578328527,23808
1489,0.2289841864258051,0.2273945435881614,0.0158964009024202,0.1150146350264549,104729,8.326151773271804e-05,0.0002497845531981,23824
1490,0.2190378978848457,0.2174292877316475,0.0160861003678292,0.115018218755722,96894,8.3237076932995e-05,0.0002497112307989,23840
1491,0.2210952583700418,0.2195242345333099,0.0157102816738188,0.1150214448571205,95885,8.321262189556409e-05,0.0002496378656866,23856
1492,0.2320652063935995,0.2304098140448331,0.0165538876317441,0.1150243505835533,97053,8.318815263090109e-05,0.0002495644578927,23872
1493,0.225154560059309,0.2232476994395256,0.019068632973358,0.1150271743535995,97326,8.316366914948783e-05,0.0002494910074484,23888
1494,0.161841906607151,0.1598795130848884,0.0196239501237869,0.115030251443386,98344,8.31391714618123e-05,0.0002494175143854,23904
1495,0.2457903735339641,0.2441388890147209,0.0165148675441741,0.1150333061814308,97401,8.311465957836848e-05,0.0002493439787351,23920
1496,0.2474420592188835,0.245890200138092,0.0155186760239303,0.1150365993380546,102329,8.309013350965653e-05,0.0002492704005289,23936
1497,0.220380563288927,0.2185101117938757,0.0187045617494732,0.115039974451065,103704,8.306559326618259e-05,0.0002491967797985,23952
1498,0.15969168394804,0.1577663663774728,0.0192531708162277,0.1150435581803321,97001,8.304103885845898e-05,0.0002491231165753,23968
1499,0.2092823963612318,0.2070928327739238,0.0218956393655389,0.1150469928979873,101147,8.301647029700396e-05,0.000249049410891,23984
1500,0.2045771330595016,0.2029078118503093,0.0166931680869311,0.1150506138801574,101470,8.299188759234198e-05,0.000248975662777,24000
1501,0.1308420207351446,0.1287304665893316,0.0211155500728636,0.1150542348623275,95227,8.296729075500344e-05,0.000248901872265,24016
1502,0.1763763576745987,0.1747681610286235,0.0160819531884044,0.115057997405529,99019,8.294267979552489e-05,0.0002488280393865,24032
1503,0.1785035189241171,0.1769166104495525,0.0158690500538796,0.1150617823004722,103019,8.291805472444887e-05,0.0002487541641733,24048
1504,0.2211032845079898,0.2193335928022861,0.0176968981977552,0.1150653213262558,95448,8.289341555232395e-05,0.0002486802466569,24064
1505,0.2430726867169141,0.2414998076856136,0.0157288431655615,0.1150688156485557,100961,8.28687622897048e-05,0.0002486062868691,24080
1506,0.2309986725449562,0.2291926182806491,0.0180606346111744,0.1150721684098243,101035,8.284409494715208e-05,0.0002485322848414,24096
1507,0.2845220044255256,0.2830322459340095,0.0148975732736289,0.1150753498077392,103521,8.281941353523249e-05,0.0002484582406056,24112
1508,0.1724852751940488,0.1706178300082683,0.0186744390521198,0.1150784268975257,98844,8.279471806451878e-05,0.0002483841541935,24128
1509,0.1717238947749138,0.1696601137518882,0.0206378072034567,0.1150813177227974,97267,8.27700085455897e-05,0.0002483100256367,24144
1510,0.1382663995027542,0.1360784340649843,0.021879628766328,0.1150842905044555,94223,8.274528498903002e-05,0.000248235854967,24160
1511,0.2304285932332277,0.2285679914057254,0.01860599569045,0.1150872930884361,98490,8.272054740543052e-05,0.0002481616422162,24176
1512,0.1418430507183075,0.1403432041406631,0.0149984748568385,0.1150905266404151,103482,8.269579580538801e-05,0.0002480873874161,24192
1513,0.2094304049387574,0.2078374540433287,0.0159295285120606,0.1150937154889106,101755,8.267103019950529e-05,0.0002480130905985,24208
1514,0.1407030783593654,0.1389484871178865,0.0175459140446037,0.1150971502065658,97519,8.264625059839113e-05,0.0002479387517951,24224
1515,0.1446259450167417,0.1429408434778452,0.0168510377407073,0.1151004582643508,100169,8.262145701266035e-05,0.0002478643710379,24240
1516,0.2507991604506969,0.2491218596696853,0.0167730723042041,0.1151035130023956,100316,8.259664945293371e-05,0.0002477899483588,24256
1517,0.2589582204818725,0.2572871930897236,0.0167102667037397,0.1151064708828926,100973,8.257182792983802e-05,0.0002477154837895,24272
1518,0.1939736641943454,0.1922540366649627,0.017196289030835,0.1151094436645507,99383,8.254699245400601e-05,0.000247640977362,24288
1519,0.1299659693613648,0.1283905953168869,0.0157537690829485,0.1151124089956283,104007,8.25221430360764e-05,0.0002475664291082,24304
1520,0.1850023586302995,0.1834558825939893,0.0154647664166986,0.1151155233383178,97343,8.249727968669391e-05,0.00024749183906,24320
1521,0.2480418570339679,0.2463924437761306,0.0164941421244293,0.1151188313961029,99417,8.247240241650918e-05,0.0002474172072495,24336
1522,0.2684761993587017,0.2669586129486561,0.0151758976280689,0.1151219680905342,99017,8.244751123617888e-05,0.0002473425337085,24352
1523,0.1474924087524414,0.145839974284172,0.016524373088032,0.1151250377297401,94340,8.242260615636558e-05,0.000247267818469,24368
1524,0.1411853823810815,0.1395456809550523,0.0163970137946307,0.1151280626654625,97562,8.239768718773782e-05,0.0002471930615632,24384
1525,0.2361854612827301,0.2343415357172489,0.0184392882511019,0.1151308640837669,95426,8.237275434097012e-05,0.0002471182630229,24400
1526,0.1492120828479528,0.1473249364644289,0.0188714680261909,0.1151338741183281,95719,8.234780762674288e-05,0.0002470434228802,24416
1527,0.1671643424779176,0.1654282081872224,0.0173613338265568,0.1151371896266937,97633,8.23228470557425e-05,0.0002469685411672,24432
1528,0.1743818987160921,0.1725161746144294,0.0186572123784571,0.1151405647397041,100104,8.229787263866131e-05,0.0002468936179159,24448
1529,0.1525285020470619,0.1506346203386783,0.0189388112630695,0.115143783390522,98241,8.227288438619754e-05,0.0002468186531585,24464
1530,0.1893157046288252,0.1878230143338441,0.0149268682580441,0.1151469722390174,102169,8.224788230905535e-05,0.0002467436469271,24480
1531,0.2006851751357317,0.1989547330886125,0.0173044458497315,0.115150086581707,98929,8.222286641794488e-05,0.0002466685992538,24496
1532,0.1788099817931652,0.177252409979701,0.0155757127795368,0.1151534095406532,99620,8.21978367235821e-05,0.0002465935101707,24512
1533,0.2911873050034046,0.2897085212171078,0.0147878816351294,0.1151568070054054,100904,8.217279323668895e-05,0.00024651837971,24528
1534,0.1662511695176363,0.1643597297370433,0.0189143980387598,0.1151599735021591,106542,8.214773596799328e-05,0.0002464432079039,24544
1535,0.2186458557844162,0.2169212661683559,0.0172459029126912,0.1151630952954292,102630,8.21226649282288e-05,0.0002463679947846,24560
1536,0.1956873498857021,0.1941043119877576,0.0158303682692348,0.1151661947369575,102112,8.209758012813516e-05,0.0002462927403844,24576
1537,0.1947511155158281,0.193140622228384,0.0161049265880137,0.1151695847511291,98190,8.207248157845791e-05,0.0002462174447353,24592
1538,0.2889138758182525,0.2873216345906257,0.0159224218223243,0.1151731014251709,105578,8.204736928994843e-05,0.0002461421078698,24608
1539,0.1902645453810691,0.1887148879468441,0.0154965929687023,0.1151765957474708,102024,8.202224327336405e-05,0.00024606672982,24624
1540,0.1620967034250497,0.1604473330080509,0.0164937253575772,0.11517995595932,94886,8.199710353946798e-05,0.0002459913106184,24640
1541,0.1867048926651477,0.1851640567183494,0.0154083420056849,0.1151834279298782,100983,8.197195009902924e-05,0.000245915850297,24656
1542,0.1828138250857591,0.1805053502321243,0.0230847490020096,0.1151864752173423,89686,8.19467829628228e-05,0.0002458403488884,24672
1543,0.2058758363127708,0.2039478234946727,0.0192801775410771,0.1151893585920333,99603,8.192160214162942e-05,0.0002457648064248,24688
1544,0.1803759969770908,0.1787473075091838,0.0162869289051741,0.1151921600103378,99053,8.189640764623584e-05,0.0002456892229387,24704
1545,0.1705546760931611,0.1689655166119337,0.0158915822394192,0.1151951402425766,104559,8.18711994874345e-05,0.0002456135984623,24720
1546,0.2179540805518627,0.2163760103285312,0.0157806449569761,0.1151979491114616,101538,8.18459776760238e-05,0.000245537933028,24736
1547,0.1694755107164383,0.1677259542047977,0.0174956209957599,0.1152007132768631,99886,8.182074222280798e-05,0.0002454622266684,24752
1548,0.1910924166440963,0.1896375771611929,0.0145483664236962,0.115203745663166,103936,8.17954931385971e-05,0.0002453864794157,24768
1549,0.1491894274950027,0.1472908705472946,0.0189855745993554,0.1152068898081779,99823,8.177023043420705e-05,0.0002453106913026,24784
1550,0.2728878036141395,0.2714061476290226,0.0148165263235569,0.1152098476886749,100853,8.17449541204596e-05,0.0002452348623613,24800
1551,0.2497669756412506,0.2482934109866619,0.0147356581874191,0.1152126118540763,100929,8.171966420818228e-05,0.0002451589926245,24816
1552,0.1641466673463583,0.1626327820122242,0.0151388586964458,0.1152153462171554,103251,8.169436070820852e-05,0.0002450830821246,24832
1553,0.2293364852666854,0.2276919614523649,0.0164452919270843,0.1152185574173927,97957,8.16690436313775e-05,0.0002450071308941,24848
1554,0.1964560821652412,0.1949683669954538,0.0148771095555275,0.115221582353115,100687,8.16437129885343e-05,0.0002449311389656,24864
1555,0.1593976467847824,0.157609760761261,0.0178788625635206,0.1152247413992881,98703,8.161836879052973e-05,0.0002448551063715,24880
1556,0.1719602029770612,0.1704233810305595,0.0153681975789368,0.1152277886867523,100036,8.159301104822043e-05,0.0002447790331446,24896
1557,0.1580226551741361,0.1563596073538065,0.0166305024176836,0.1152310967445373,96759,8.156763977246889e-05,0.0002447029193174,24912
1558,0.2232811208814382,0.2216602470725774,0.0162087515927851,0.115234263241291,99136,8.154225497414332e-05,0.0002446267649224,24928
1559,0.2322654090821743,0.2306752800941467,0.0159013143274933,0.1152374148368835,101991,8.151685666411779e-05,0.0002445505699923,24944
1560,0.2828122824430465,0.2809274345636368,0.0188484480604529,0.1152403429150581,100379,8.14914448532721e-05,0.0002444743345598,24960
1561,0.1443718299269676,0.1426361314952373,0.0173569985199719,0.1152432784438133,98724,8.146601955249188e-05,0.0002443980586574,24976
1562,0.2957852929830551,0.2939464896917343,0.0183880368713289,0.1152459904551506,97624,8.144058077266852e-05,0.000244321742318,24992
1563,0.2456034012138843,0.2435227558016777,0.0208064471371471,0.1152485236525535,98785,8.141512852469919e-05,0.000244245385574,25008
1564,0.1868437640368938,0.1850499734282493,0.0179379428736865,0.1152508556842804,102732,8.138966281948681e-05,0.0002441689884584,25024
1565,0.1428404245525598,0.1409900765866041,0.0185034442692995,0.1152529269456863,95810,8.136418366794008e-05,0.0002440925510038,25040
1566,0.1335242725908756,0.131716163828969,0.0180810845922678,0.1152551844716072,99777,8.133869108097348e-05,0.0002440160732429,25056
1567,0.1808507274836301,0.1791027076542377,0.0174802027177065,0.1152576655149459,101495,8.13131850695072e-05,0.0002439395552085,25072
1568,0.1267075948417186,0.1248349323868751,0.0187266105785965,0.1152602136135101,97827,8.128766564446724e-05,0.0002438629969334,25088
1569,0.1426029112190008,0.1409366689622402,0.0166624314151704,0.1152627095580101,96063,8.126213281678528e-05,0.0002437863984503,25104
1570,0.2594072520732879,0.2578848339617252,0.0152242004405707,0.1152650415897369,105823,8.123658659739874e-05,0.0002437097597921,25120
1571,0.1161706764250993,0.1145806554704904,0.0159001799765974,0.1152675598859787,99369,8.121102699725089e-05,0.0002436330809917,25136
1572,0.2137595526874065,0.2121343873441219,0.0162516781128942,0.1152700632810592,98580,8.118545402729059e-05,0.0002435563620818,25152
1573,0.1495121866464615,0.1476203165948391,0.0189187307842075,0.1152726709842681,97258,8.115986769847252e-05,0.0002434796030954,25168
1574,0.3010103609412908,0.2994146663695574,0.0159569426905363,0.115275077521801,100330,8.113426802175704e-05,0.0002434028040652,25184
1575,0.2071097176522016,0.2049262654036283,0.02183448523283,0.1152775362133979,99867,8.11086550081102e-05,0.0002433259650243,25200
1576,0.2097549252212047,0.20816813968122,0.0158678283914923,0.1152800321578979,104317,8.108302866850387e-05,0.0002432490860055,25216
1577,0.1591142788529396,0.1575735509395599,0.0154072642326354,0.1152828335762023,104428,8.105738901391552e-05,0.0002431721670417,25232
1578,0.2849647775292396,0.2834327854216099,0.0153198624029755,0.1152858287096023,103706,8.103173605532837e-05,0.0002430952081659,25248
1579,0.2021351382136345,0.2006425186991691,0.0149262172635644,0.1152888163924217,104917,8.100606980373133e-05,0.0002430182094111,25264
1580,0.164711657911539,0.1630671415477991,0.016445159446448,0.1152915805578231,99118,8.098039027011901e-05,0.0002429411708103,25280
1581,0.1566399578005075,0.1547868717461824,0.018530867062509,0.1152943149209022,99065,8.095469746549172e-05,0.0002428640923964,25296
1582,0.2296840101480484,0.228129431605339,0.0155458480585366,0.1152968928217887,99453,8.09289914008554e-05,0.0002427869742025,25312
1583,0.1772587094455957,0.1754746362566948,0.0178407109342515,0.1152993664145469,96351,8.090327208722175e-05,0.0002427098162616,25328
1584,0.3578976020216942,0.3562379777431488,0.0165961801540106,0.1153016462922096,99963,8.087753953560808e-05,0.0002426326186068,25344
1585,0.1355106234550476,0.1339036114513874,0.0160700771957635,0.1153043583035469,95248,8.085179375703744e-05,0.0002425553812711,25360
1586,0.1403662804514169,0.1384519524872303,0.0191432922147214,0.1153074502944946,103317,8.082603476253847e-05,0.0002424781042876,25376
1587,0.2086566835641861,0.2070791274309158,0.0157755792606621,0.1153103932738304,101987,8.08002625631455e-05,0.0002424007876894,25392
1588,0.1865554675459861,0.1848583668470382,0.0169710076879709,0.1153134405612945,100449,8.077447716989855e-05,0.0002423234315096,25408
1589,0.2201338522136211,0.2185236811637878,0.0161017135251313,0.1153164058923721,99168,8.074867859384322e-05,0.0002422460357815,25424
1590,0.2374852523207664,0.235582523047924,0.0190272587351501,0.1153190657496452,99149,8.072286684603085e-05,0.000242168600538,25440
1591,0.1436445545405149,0.1419292837381363,0.0171526938211172,0.1153216287493705,97723,8.069704193751832e-05,0.0002420911258125,25456
1592,0.2274364680051803,0.2253499682992696,0.0208650240674614,0.1153239905834198,92022,8.067120387936826e-05,0.0002420136116381,25472
1593,0.149804089218378,0.1481730192899704,0.0163107053376734,0.115326389670372,94872,8.064535268264883e-05,0.0002419360580479,25488
1594,0.2015549838542938,0.2000079713761806,0.0154701233841478,0.1153289228677749,97662,8.061948835843387e-05,0.0002418584650753,25504
1595,0.2150589525699615,0.213665347546339,0.0139360544271767,0.1153315752744674,102678,8.059361091780286e-05,0.0002417808327534,25520
1596,0.2060998994857072,0.204657644033432,0.0144225165713578,0.1153342425823211,101595,8.056772037184082e-05,0.0002417031611155,25536
1597,0.1546415239572525,0.1531855762004852,0.0145594752393662,0.1153369322419166,100976,8.05418167316385e-05,0.0002416254501949,25552
1598,0.2722482308745384,0.2707372084259987,0.0151102216914296,0.1153394281864166,102111,8.051590000829216e-05,0.0002415477000248,25568
1599,0.1733546759933233,0.1718343868851661,0.0152028836309909,0.1153419241309166,102917,8.04899702129037e-05,0.0002414699106387,25584
1600,0.2110382206737995,0.2094474099576473,0.0159081222955137,0.1153441965579986,100908,8.046402735658063e-05,0.0002413920820697,25600
1601,0.2453752346336841,0.2436980698257684,0.0167716396972537,0.1153463423252105,101340,8.043807145043604e-05,0.0002413142143513,25616
1602,0.2878364101052284,0.2863004524260759,0.0153596231248229,0.1153483837842941,101531,8.041210250558861e-05,0.0002412363075167,25632
1603,0.1979590207338333,0.1961722150444984,0.0178680445533245,0.1153503507375717,96932,8.038612053316265e-05,0.0002411583615994,25648
1604,0.1734207216650247,0.1718316320329904,0.0158908676821738,0.1153525859117508,101900,8.036012554428796e-05,0.0002410803766328,25664
1605,0.1781687065958976,0.1764534525573253,0.0171525715850293,0.1153549477458,100353,8.033411755009999e-05,0.0002410023526502,25680
1606,0.2205718178302049,0.2187998760491609,0.0177194103598594,0.1153572052717208,98170,8.030809656173974e-05,0.0002409242896852,25696
1607,0.2244457602500915,0.2229945287108421,0.0145123316906392,0.1153594925999641,104301,8.028206259035377e-05,0.000240846187771,25712
1608,0.1375388335436582,0.1359612755477428,0.0157755822874605,0.1153618246316909,99180,8.025601564709421e-05,0.0002407680469412,25728
1609,0.2220541220158338,0.2203361615538597,0.0171795967034995,0.1153641119599342,94550,8.022995574311876e-05,0.0002406898672293,25744
1610,0.1887680720537901,0.1871250569820404,0.0164301681797951,0.1153665706515312,102270,8.020388288959061e-05,0.0002406116486687,25760
1611,0.2249435968697071,0.2231208346784114,0.0182276398409158,0.1153689324855804,96847,8.017779709767858e-05,0.000240533391293,25776
1612,0.1434111408889293,0.1418146882206201,0.015964520163834,0.1153715476393699,99567,8.015169837855698e-05,0.0002404550951356,25792
1613,0.1673174537718296,0.1656272485852241,0.0169020500034093,0.1153741627931594,96095,8.012558674340566e-05,0.0002403767602302,25808
1614,0.1642096228897571,0.1627282742410898,0.0148135202471166,0.1153768524527549,103505,8.009946220341007e-05,0.0002402983866102,25824
1615,0.1892401352524757,0.1873631905764341,0.0187694912310689,0.1153792515397071,95646,8.007332476976106e-05,0.0002402199743092,25840
1616,0.3022310957312584,0.3007263615727424,0.0150472675450146,0.1153815761208534,105734,8.004717445365512e-05,0.0002401415233609,25856
1617,0.2200644072145223,0.2186338566243648,0.0143054735381156,0.1153837889432907,102317,8.002101126629421e-05,0.0002400630337988,25872
1618,0.22651407122612,0.2247403711080551,0.0177370449528098,0.1153859198093414,98349,7.99948352188858e-05,0.0002399845056566,25888
1619,0.2157081812620163,0.2142810765653848,0.0142710474319756,0.1153881028294563,101957,7.996864632264287e-05,0.0002399059389679,25904
1620,0.1691396329551935,0.167603749781847,0.0153588482644408,0.1153903603553772,103600,7.994244458878392e-05,0.0002398273337663,25920
1621,0.2168704755604267,0.2154525835067033,0.0141789047047495,0.1153928264975547,104675,7.991623002853296e-05,0.0002397486900855,25936
1622,0.2777653969824314,0.276324599981308,0.0144080589525401,0.1153955459594726,99517,7.989000265311945e-05,0.0002396700079593,25952
1623,0.2014676183462143,0.199653472751379,0.018141473410651,0.1153982132673263,98512,7.986376247377836e-05,0.0002395912874213,25968
1624,0.2005538735538721,0.198926480486989,0.0162739912047982,0.1154006719589233,100038,7.983750950175016e-05,0.0002395125285052,25984
1625,0.1576706450432539,0.1559562571346759,0.0171438734978437,0.1154030859470367,100393,7.98112437482808e-05,0.0002394337312448,26000
1626,0.1643245797604322,0.1626737751066684,0.016508046304807,0.1154057905077934,97969,7.978496522462167e-05,0.0002393548956738,26016
1627,0.0797278387472033,0.0782250817865133,0.0150275649502873,0.1154085770249366,101602,7.975867394202968e-05,0.000239276021826,26032
1628,0.2107081692665815,0.2092311419546604,0.014770288253203,0.1154116466641426,101167,7.973236991176715e-05,0.0002391971097353,26048
1629,0.1788455452769994,0.1772601827979087,0.0158536287490278,0.1154148280620575,100464,7.970605314510194e-05,0.0002391181594353,26064
1630,0.2036865688860416,0.2021811455488205,0.0150542298797518,0.1154180243611335,103861,7.967972365330725e-05,0.0002390391709599,26080
1631,0.165591299533844,0.1640129517763853,0.0157834687270224,0.115422323346138,104688,7.965338144766186e-05,0.0002389601443429,26096
1632,0.2290103025734424,0.2275440618395805,0.0146623929031193,0.1154265254735946,100366,7.96270265394499e-05,0.0002388810796183,26112
1633,0.2555963881313801,0.2539578638970852,0.0163852893747389,0.1154304295778274,95471,7.960065893996098e-05,0.0002388019768198,26128
1634,0.2140467874705791,0.2124438676983118,0.0160292126238346,0.1154341623187065,98219,7.957427866049014e-05,0.0002387228359814,26144
1635,0.1234819907695055,0.1218568217009306,0.0162516697309911,0.1154377460479736,101774,7.954788571233787e-05,0.000238643657137,26160
1636,0.2455968409776687,0.2439808622002601,0.0161597798578441,0.1154414564371109,96662,7.952148010681006e-05,0.0002385644403204,26176
1637,0.2159355226904153,0.2141488716006279,0.0178664636332541,0.1154448762536048,99812,7.949506185521802e-05,0.0002384851855656,26192
1638,0.2576897777616977,0.2562100440263748,0.0147973648272454,0.1154482439160347,103406,7.946863096887851e-05,0.0002384058929066,26208
1639,0.2767812311649322,0.2752451598644256,0.0153607365209609,0.1154516488313674,95697,7.944218745911366e-05,0.0002383265623773,26224
1640,0.1523794084787368,0.1505640707910061,0.0181533652357757,0.1154551357030868,98238,7.941573133725106e-05,0.0002382471940117,26240
1641,0.2143046166747808,0.2126446608453989,0.0165995606221258,0.1154589504003524,98298,7.938926261462366e-05,0.0002381677878438,26256
1642,0.1886638291180133,0.1869725193828344,0.0169130677822977,0.1154628247022628,99895,7.93627813025698e-05,0.0002380883439077,26272
1643,0.2143318839371204,0.212815023958683,0.0151685841847211,0.1154668405652046,103525,7.933628741243326e-05,0.0002380088622372,26288
1644,0.2294010762125253,0.2278220765292644,0.0157900429330766,0.1154709905385971,102431,7.930978095556317e-05,0.0002379293428666,26304
1645,0.1397174298763275,0.1380386780947446,0.0167875215411186,0.1154748797416687,101952,7.928326194331404e-05,0.0002378497858299,26320
1646,0.0931706763803958,0.0913701020181179,0.018005751306191,0.1154785305261612,95983,7.92567303870458e-05,0.0002377701911611,26336
1647,0.2346959840506315,0.2328529357910156,0.0184304490685462,0.115481749176979,94231,7.923018629812368e-05,0.0002376905588943,26352
1648,0.2027194760739803,0.2010653465986251,0.0165413008071482,0.1154846101999282,93712,7.920362968791839e-05,0.0002376108890637,26368
1649,0.1551193762570619,0.1534533202648162,0.016660566907376,0.115487203001976,95074,7.917706056780587e-05,0.0002375311817034,26384
1650,0.1770489923655986,0.1755532063543796,0.014957824954763,0.1154897585511207,101911,7.915047894916756e-05,0.0002374514368475,26400
1651,0.2456303462386131,0.2438487745821476,0.0178157265763729,0.1154922693967819,100408,7.912388484339012e-05,0.0002373716545301,26416
1652,0.1902089975774288,0.188077013939619,0.0213198375422507,0.1154947578907013,92312,7.909727826186564e-05,0.0002372918347855,26432
1653,0.1711860354989767,0.1696580946445465,0.0152794048190116,0.1154973059892654,98369,7.907065921599154e-05,0.0002372119776479,26448
1654,0.1997889596968889,0.1981066558510065,0.0168230619747191,0.1155000925064086,100247,7.904402771717057e-05,0.0002371320831515,26464
1655,0.2151239551603794,0.213494848459959,0.0162910469807684,0.1155029535293579,101379,7.90173837768108e-05,0.0002370521513304,26480
1656,0.1856932360678911,0.1841315235942602,0.0156171033158898,0.1155058518052101,100802,7.89907274063257e-05,0.0002369721822189,26496
1657,0.1722283326089382,0.170214070007205,0.0201426241546869,0.1155085116624832,94763,7.896405861713394e-05,0.0002368921758514,26512
1658,0.194512914866209,0.1930281352251768,0.0148478259798139,0.1155110672116279,99218,7.893737742065965e-05,0.0002368121322619,26528
1659,0.1434541158378124,0.1418132781982422,0.0164083593990653,0.1155134662985801,100213,7.891068382833215e-05,0.0002367320514849,26544
1660,0.1831078976392746,0.1815997436642646,0.0150815318338572,0.1155161634087562,105225,7.888397785158617e-05,0.0002366519335547,26560
1661,0.2732275053858757,0.2717347852885723,0.0149271946866065,0.115518718957901,104651,7.88572595018617e-05,0.0002365717785055,26576
1662,0.2177821081131696,0.2162713017314672,0.0151081187650561,0.11552145332098,102247,7.883052879060399e-05,0.0002364915863718,26592
1663,0.1697176583111286,0.1682032346725464,0.0151442557107657,0.1155241802334785,101261,7.880378572926366e-05,0.0002364113571877,26608
1664,0.2160949651151895,0.2145550716668367,0.0153989144600927,0.1155270561575889,98170,7.877703032929659e-05,0.0002363310909878,26624
1665,0.2531833797693252,0.2513976767659187,0.017856994876638,0.1155298054218292,100549,7.875026260216393e-05,0.0002362507878064,26640
1666,0.2462405748665332,0.2446383498609066,0.0160222535487264,0.1155326813459396,104074,7.872348255933213e-05,0.0002361704476779,26656
1667,0.2620516866445541,0.2604926526546478,0.0155903431586921,0.1155353561043739,97730,7.869669021227292e-05,0.0002360900706368,26672
1668,0.2700567245483398,0.2684284299612045,0.0162829223554581,0.1155378967523574,100009,7.866988557246329e-05,0.0002360096567173,26688
1669,0.2012022379785776,0.1994357481598854,0.017664891667664,0.1155403479933738,100009,7.864306865138545e-05,0.0002359292059541,26704
1670,0.2076652273535728,0.2057401407510042,0.0192508464679121,0.1155426874756813,93317,7.861623946052699e-05,0.0002358487183815,26720
1671,0.2167944386601448,0.2152383141219616,0.0155612397938966,0.1155451834201812,105356,7.858939801138061e-05,0.0002357681940341,26736
1672,0.1531901359558105,0.1517467387020588,0.0144339671824127,0.1155478283762931,106750,7.856254431544441e-05,0.0002356876329463,26752
1673,0.2334862183779478,0.2315531335771083,0.0193308505695313,0.1155503541231155,100349,7.85356783842216e-05,0.0002356070351526,26768
1674,0.1943178419023752,0.1929050255566835,0.014128137845546,0.1155534610152244,98646,7.85088002292207e-05,0.0002355264006876,26784
1675,0.230899441987276,0.2291770353913307,0.0172240687534213,0.1155562624335289,100809,7.84819098619555e-05,0.0002354457295858,26800
1676,0.2470155619084835,0.2454199083149433,0.0159565010108053,0.1155588701367378,100085,7.845500729394491e-05,0.0002353650218818,26816
1677,0.1272383797913789,0.1255692634731531,0.0166911601554602,0.1155614331364631,101805,7.84280925367132e-05,0.0002352842776101,26832
1678,0.1740100216120481,0.1722703780978918,0.0173964111600071,0.1155638918280601,95947,7.840116560178978e-05,0.0002352034968053,26848
1679,0.2025645561516285,0.2006993405520916,0.0186521741561591,0.1155662685632705,101318,7.837422650070927e-05,0.0002351226795021,26864
1680,0.1183312088251113,0.1166688483208417,0.0166235810611397,0.1155689731240272,93486,7.834727524501153e-05,0.000235041825735,26880
1681,0.1797722093760967,0.1781099308282137,0.0166227852459996,0.1155715435743331,99051,7.832031184624164e-05,0.0002349609355387,26896
1682,0.203762860968709,0.2018006797879934,0.0196217920165509,0.1155740395188331,95558,7.829333631594987e-05,0.0002348800089478,26912
1683,0.174404002726078,0.1725698858499527,0.018341155257076,0.1155768707394599,102589,7.826634866569164e-05,0.000234799045997,26928
1684,0.3243732079863548,0.3228574991226196,0.0151571191381663,0.1155796349048614,97739,7.823934890702764e-05,0.000234718046721,26944
1685,0.1263331808149814,0.1248565670102834,0.0147661259397864,0.1155831590294838,105933,7.821233705152371e-05,0.0002346370111545,26960
1686,0.1724237632006406,0.1709019728004932,0.0152178865391761,0.1155865788459777,102560,7.818531311075084e-05,0.0002345559393322,26976
1687,0.202559994533658,0.2009943891316652,0.0156560570467263,0.1155897974967956,98595,7.815827709628525e-05,0.0002344748312888,26992
1688,0.186462378129363,0.1846095696091652,0.0185281035955995,0.1155926957726478,96394,7.81312290197083e-05,0.0002343936870591,27008
1689,0.2750823050737381,0.2735809832811355,0.0150132114067673,0.1155950874090194,99977,7.810416889260653e-05,0.0002343125066778,27024
1690,0.1585456859320402,0.1569547280669212,0.0159095677081495,0.1155975461006164,97737,7.807709672657165e-05,0.0002342312901797,27040
1691,0.1986861880868673,0.197146313264966,0.0153987563680857,0.1156000569462776,97711,7.80500125332005e-05,0.0002341500375996,27056
1692,0.1938301846385002,0.19227185100317,0.0155833133030682,0.1156027391552925,103174,7.80229163240951e-05,0.0002340687489722,27072
1693,0.2177998162806034,0.2162048518657684,0.0159496581181883,0.1156055107712745,106981,7.799580811086258e-05,0.0002339874243325,27088
1694,0.1574563253670931,0.1555018648505211,0.0195445748977363,0.1156084463000297,94071,7.796868790511527e-05,0.0002339060637153,27104
1695,0.2052077986299991,0.2033714465796947,0.0183635044377297,0.1156119108200073,104450,7.794155571847058e-05,0.0002338246671554,27120
1696,0.2649911064654588,0.2633541896939277,0.0163692166097462,0.1156153529882431,105206,7.79144115625511e-05,0.0002337432346876,27136
1697,0.2653486505150795,0.2636824697256088,0.0166618248913437,0.1156186908483505,102279,7.788725544898452e-05,0.0002336617663469,27152
1698,0.1718361806124448,0.1702422183007002,0.0159396615345031,0.1156221851706504,101620,7.786008738940362e-05,0.0002335802621682,27168
1699,0.2415598481893539,0.2398659847676754,0.0169386435300111,0.1156254410743713,98996,7.783290739544639e-05,0.0002334987221863,27184
1700,0.3122425936162472,0.3107613995671272,0.0148119824007153,0.1156287640333175,105276,7.780571547875584e-05,0.0002334171464362,27200
1701,0.134107980877161,0.132180631160736,0.0192734894808381,0.115631990134716,97158,7.777851165098012e-05,0.0002333355349529,27216
1702,0.2993143945932388,0.2975788936018944,0.0173549244645982,0.1156348213553428,97110,7.77512959237725e-05,0.0002332538877713,27232
1703,0.1587466206401586,0.1572394594550132,0.0150716172065585,0.1156375780701637,100249,7.772406830879133e-05,0.0002331722049263,27248
1704,0.2194838337600231,0.2180097289383411,0.0147410468198359,0.1156402453780174,99402,7.769682881770007e-05,0.0002330904864531,27264
1705,0.1795384660363197,0.1779320109635591,0.0160645723808556,0.1156427413225174,96454,7.766957746216721e-05,0.0002330087323865,27280
1706,0.1846655514091253,0.1831161063164472,0.0154944495297968,0.1156452447175979,97451,7.76423142538664e-05,0.0002329269427615,27296
1707,0.1831459868699312,0.1813446134328842,0.0180136912968009,0.1156477406620979,96239,7.761503920447634e-05,0.0002328451176134,27312
1708,0.1743595525622367,0.1724019572138786,0.019575961632654,0.1156505495309829,98821,7.758775232568076e-05,0.000232763256977,27328
1709,0.1691097524017095,0.1673015039414167,0.0180824405979365,0.1156533807516098,94282,7.756045362916853e-05,0.0002326813608875,27344
1710,0.2737371698021889,0.2722785621881485,0.0145860952325165,0.1156562343239784,98278,7.753314312663352e-05,0.0002325994293799,27360
1711,0.1366329062730074,0.1350885462015867,0.0154436200391501,0.1156594306230545,101393,7.750582082977467e-05,0.0002325174624893,27376
1712,0.1690417621284723,0.1674502454698085,0.0159151556435972,0.1156626939773559,100812,7.747848675029601e-05,0.0002324354602508,27392
1713,0.1578435283154249,0.1562932562083006,0.0155027026776224,0.115665778517723,99749,7.74511408999066e-05,0.0002323534226997,27408
1714,0.2319047749042511,0.2304745074361562,0.0143026958685368,0.1156687662005424,102088,7.74237832903205e-05,0.0002322713498709,27424
1715,0.1868858523666858,0.1847857534885406,0.0210010074079036,0.1156719848513603,99607,7.739641393325685e-05,0.0002321892417997,27440
1716,0.1257843114435672,0.1239958573132753,0.0178845466580241,0.1156751736998558,99582,7.736903284043984e-05,0.0002321070985213,27456
1717,0.188028048723936,0.1865866258740425,0.0144142101053148,0.1156784743070602,103221,7.734164002359863e-05,0.0002320249200707,27472
1718,0.1888900659978389,0.1870296001434326,0.0186046685557812,0.1156817302107811,92869,7.731423549446743e-05,0.0002319427064834,27488
1719,0.1807591244578361,0.1792096123099327,0.0154950951691716,0.1156849861145019,101597,7.72868192647855e-05,0.0002318604577943,27504
1720,0.1088504334911704,0.1073245992884039,0.0152583254966884,0.1156883016228675,97416,7.725939134629704e-05,0.0002317781740388,27520
1721,0.1425481457263231,0.1408913731575012,0.0165677238255739,0.1156915947794914,98586,7.723195175075136e-05,0.0002316958552522,27536
1722,0.1353446915745735,0.1337684243917465,0.015762650873512,0.1156947910785675,97711,7.720450048990266e-05,0.0002316135014697,27552
1723,0.2406342253088951,0.2391747906804084,0.0145943351089954,0.1156979650259018,101694,7.717703757551019e-05,0.0002315311127265,27568
1724,0.2487444207072258,0.2470898926258087,0.0165452908258885,0.1157011315226554,97202,7.714956301933821e-05,0.000231448689058,27584
1725,0.2467460539191961,0.24528269469738,0.0146335193421691,0.1157043278217315,100494,7.712207683315594e-05,0.0002313662304994,27600
1726,0.2255999967455864,0.2237276472151279,0.0187235169578343,0.1157073006033897,95485,7.709457902873759e-05,0.0002312837370862,27616
1727,0.2405352778732776,0.2390559688210487,0.0147930388338863,0.1157101318240165,102701,7.706706961786234e-05,0.0002312012088535,27632
1728,0.1698164753615856,0.1682597212493419,0.015567552531138,0.1157128140330314,100888,7.703954861231436e-05,0.0002311186458369,27648
1729,0.2626533284783363,0.2611221745610237,0.0153115047141909,0.1157151758670806,103996,7.701201602388276e-05,0.0002310360480716,27664
1730,0.1803133673965931,0.1782109793275594,0.0210238713771104,0.1157173216342926,100509,7.698447186436164e-05,0.000230953415593,27680
1731,0.1991595085710287,0.1976612843573093,0.0149822253733873,0.1157198399305343,101967,7.695691614555003e-05,0.0002308707484366,27696
1732,0.1458013951778412,0.1441926583647728,0.0160873751156032,0.1157226264476776,98248,7.692934887925191e-05,0.0002307880466377,27712
1733,0.227768063545227,0.2259137630462646,0.0185430189594626,0.1157253682613372,98162,7.690177007727625e-05,0.0002307053102318,27728
1734,0.1256130654364824,0.1238100472837686,0.0180302080698311,0.1157280504703521,103701,7.687417975143694e-05,0.0002306225392543,27744
1735,0.183733481913805,0.1822509001940488,0.0148258174303919,0.1157308965921402,102565,7.684657791355279e-05,0.0002305397337406,27760
1736,0.1871260367333889,0.1855604480952024,0.0156558791641145,0.1157338768243789,96341,7.681896457544753e-05,0.0002304568937263,27776
1737,0.2126008849591016,0.2110545113682747,0.0154637293890118,0.1157368272542953,103261,7.679133974894983e-05,0.0002303740192468,27792
1738,0.2166183907538652,0.2149076294153928,0.0171075887046754,0.1157395839691162,103417,7.676370344589333e-05,0.0002302911103376,27808
1739,0.1916335597634315,0.189857717603445,0.0177583866752684,0.1157421916723251,99571,7.673605567811653e-05,0.0002302081670343,27824
1740,0.1678617410361766,0.1661717165261507,0.0169002485927194,0.1157448142766952,99220,7.670839645746283e-05,0.0002301251893723,27840
1741,0.2447849474847316,0.2433060482144355,0.014789008302614,0.1157472357153892,101979,7.668072579578058e-05,0.0002300421773873,27856
1742,0.1814191099256277,0.1798528097569942,0.0156629853881895,0.1157499477267265,98613,7.665304370492301e-05,0.0002299591311147,27872
1743,0.2649599276483059,0.2634709887206554,0.0148894437588751,0.1157525181770324,98978,7.662535019674827e-05,0.0002298760505902,27888
1744,0.2417732886970043,0.2403632700443267,0.0141001585870981,0.1157551333308219,102051,7.659764528311935e-05,0.0002297929358493,27904
1745,0.1619132403284311,0.1604719627648592,0.0144127758685499,0.1157577410340309,100003,7.656992897590414e-05,0.0002297097869277,27920
1746,0.2872693911194801,0.2854617647826671,0.0180762039963156,0.1157600209116935,97147,7.654220128697546e-05,0.0002296266038609,27936
1747,0.1358043849468231,0.1343249175697565,0.0147946728393435,0.115763209760189,99579,7.6514462228211e-05,0.0002295433866846,27952
1748,0.1633341666311025,0.1617438420653343,0.0159032109659165,0.1157663315534591,98597,7.648671181149321e-05,0.0002294601354344,27968
1749,0.1633997373282909,0.1616973709315061,0.0170236956328153,0.1157694458961486,97844,7.645895004870954e-05,0.0002293768501461,27984
1750,0.1221840847283601,0.1205591280013322,0.016249569831416,0.1157726049423217,95703,7.643117695175224e-05,0.0002292935308552,28000
1751,0.1797320283949375,0.1782497391104698,0.0148228758480399,0.1157756224274635,99824,7.64033925325184e-05,0.0002292101775975,28016
1752,0.175523579120636,0.1734583489596843,0.0206523179076612,0.1157784834504127,93936,7.637559680291002e-05,0.0002291267904087,28032
1753,0.2214235700666904,0.2198015190660953,0.0162204497028142,0.1157809272408485,101880,7.634778977483389e-05,0.0002290433693245,28048
1754,0.2550574168562889,0.2532274983823299,0.0182992571499198,0.1157832294702529,95260,7.631997146020164e-05,0.0002289599143806,28064
1755,0.2200355939567089,0.2182947136461734,0.0174088180065155,0.1157858520746231,102805,7.629214187092978e-05,0.0002288764256127,28080
1756,0.2242432441562414,0.2226473800837993,0.0159586684312671,0.1157887428998947,101392,7.62643010189396e-05,0.0002287929030568,28096
1757,0.1994052808731794,0.1977592036128044,0.0164607730694115,0.1157915890216827,101081,7.623644891615727e-05,0.0002287093467484,28112
1758,0.1953541710972786,0.1937587559223175,0.0159541489556431,0.1157947108149528,97620,7.62085855745137e-05,0.0002286257567235,28128
1759,0.1570880524814129,0.1555449720472097,0.0154308304190635,0.1157982572913169,98687,7.618071100594468e-05,0.0002285421330178,28144
1760,0.1846198141574859,0.1828468367457389,0.0177297715563327,0.1158016175031662,96942,7.61528252223908e-05,0.0002284584756671,28160
1761,0.2365885898470878,0.2351437211036682,0.0144486906938254,0.1158048436045646,101392,7.612492823579745e-05,0.0002283747847073,28176
1762,0.202370835468173,0.2002731822431087,0.0209765278268605,0.1158076003193855,97815,7.609702005811478e-05,0.0002282910601743,28192
1763,0.2241662684828043,0.2225650213658809,0.0160124809481203,0.1158102601766586,97001,7.60691007012978e-05,0.0002282073021038,28208
1764,0.1781127471476793,0.1766011714935302,0.0151157632935792,0.1158129200339317,100482,7.604117017730626e-05,0.0002281235105319,28224
1765,0.2167600765824318,0.2153204437345266,0.0143963198643177,0.1158155053853988,100006,7.60132284981047e-05,0.0002280396854943,28240
1766,0.213787280023098,0.2119053192436695,0.0188196345698088,0.1158180311322212,95968,7.598527567566247e-05,0.0002279558270269,28256
1767,0.2123898193240165,0.2107780184596777,0.0161180309951305,0.1158205196261406,98533,7.595731172195365e-05,0.0002278719351658,28272
1768,0.1803544256836176,0.1787203624844551,0.0163406629581004,0.115823209285736,103951,7.592933664895712e-05,0.0002277880099468,28288
1769,0.1700679883360862,0.1685209274291992,0.0154706216417253,0.1158260256052017,103118,7.590135046865651e-05,0.0002277040514059,28304
1770,0.1659245379269123,0.1642921678721904,0.0163237296510487,0.1158291175961494,103448,7.587335319304021e-05,0.0002276200595791,28320
1771,0.184917775914073,0.1831663772463798,0.0175140120554715,0.1158320233225822,101332,7.584534483410137e-05,0.0002275360345023,28336
1772,0.2332381159067154,0.2316592261195182,0.0157888915855437,0.115834929049015,102308,7.581732540383789e-05,0.0002274519762115,28352
1773,0.2352226562798023,0.2335866540670395,0.0163600163068622,0.115837849676609,100829,7.578929491425238e-05,0.0002273678847427,28368
1774,0.2384105548262596,0.2369488030672073,0.0146175299305468,0.115841120481491,104834,7.576125337735223e-05,0.000227283760132,28384
1775,0.1852878965437412,0.1835335120558738,0.0175438083242625,0.1158442199230194,100593,7.57332008051495e-05,0.0002271996024154,28400
1776,0.1291712243109941,0.1275605298578739,0.0161069093737751,0.1158472895622253,102149,7.570513720966108e-05,0.0002271154116289,28416
1777,0.2086258493363857,0.2068537659943103,0.0177208124659955,0.1158501803874969,103568,7.567706260290851e-05,0.0002270311878087,28432
1778,0.246762316673994,0.2452882006764412,0.0147411334328353,0.1158530265092849,101825,7.564897699691804e-05,0.0002269469309907,28448
1779,0.1652899626642465,0.1638212688267231,0.0146869441960006,0.1158559024333953,104722,7.562088040372067e-05,0.0002268626412111,28464
1780,0.2302882075309753,0.2287423890084028,0.0154582012910395,0.1158588901162147,103795,7.559277283535205e-05,0.000226778318506,28480
1781,0.147983206436038,0.1463201697915792,0.0166303680744022,0.1158618330955505,95493,7.55646543038526e-05,0.0002266939629115,28496
1782,0.2502798549830913,0.2487436234951019,0.0153623453807085,0.1158647239208221,103084,7.553652482126743e-05,0.0002266095744638,28512
1783,0.2471063174307346,0.2452656961977481,0.0184062784537673,0.1158675327897071,101633,7.550838439964627e-05,0.0002265251531989,28528
1784,0.2007944658398628,0.198965173214674,0.0182929220609366,0.1158702820539474,95479,7.548023305104361e-05,0.0002264406991531,28544
1785,0.2520409189164638,0.2503817714750767,0.0165914688259363,0.1158729940652847,96892,7.545207078751857e-05,0.0002263562123625,28560
1786,0.1856889612972736,0.1841506995260715,0.0153826167806983,0.1158756613731384,100459,7.5423897621135e-05,0.0002262716928634,28576
1787,0.2031105682253837,0.2016586884856224,0.0145188109017908,0.1158784553408622,103079,7.539571356396136e-05,0.0002261871406918,28592
1788,0.2080420516431331,0.2065696530044078,0.0147239698562771,0.1158810406923294,102867,7.536751862807083e-05,0.0002261025558842,28608
1789,0.194202110171318,0.1927004382014274,0.0150167203973978,0.1158834993839263,97709,7.53393128255412e-05,0.0002260179384766,28624
1790,0.2362573780119419,0.2345590926706791,0.0169828101061284,0.1158857271075248,100998,7.531109616845498e-05,0.0002259332885053,28640
1791,0.1766176838427782,0.1749487426131963,0.0166893808636814,0.1158881708979606,97721,7.528286866889924e-05,0.0002258486060066,28656
1792,0.1751309186220169,0.1733998302370309,0.0173108775634318,0.1158905923366546,101807,7.525463033896576e-05,0.0002257638910168,28672
1793,0.2491869013756513,0.2473419122397899,0.0184498715680092,0.1158929914236068,98997,7.522638119075096e-05,0.0002256791435722,28688
1794,0.2216399665921926,0.2198586482554674,0.0178131628781557,0.1158953607082367,94499,7.519812123635588e-05,0.000225594363709,28704
1795,0.2116458360105753,0.2097260113805532,0.0191982376854866,0.1158975735306739,93130,7.516985048788616e-05,0.0002255095514636,28720
1796,0.193095002323389,0.1915101949125528,0.0158480876125395,0.1158998906612396,100594,7.514156895745212e-05,0.0002254247068723,28736
1797,0.1678202413022518,0.1661683320999145,0.0165191134437918,0.1159023642539978,96406,7.511327665716863e-05,0.0002253398299715,28752
1798,0.1647964920848608,0.1630069073289632,0.0178958503529429,0.1159048378467559,97458,7.508497359915525e-05,0.0002252549207974,28768
1799,0.2482964228838682,0.2466703969985246,0.0162602344062179,0.1159071922302246,100281,7.505665979553609e-05,0.0002251699793866,28784
1800,0.1824948266148567,0.1806200332939624,0.0187479443848133,0.1159095540642738,92889,7.50283352584399e-05,0.0002250850057753,28800
1801,0.1438084878027439,0.1421559639275074,0.0165252650622278,0.1159118339419364,98656,7.500000000000001e-05,0.000225,28816
1802,0.171474827453494,0.1698745153844356,0.016003114869818,0.1159140914678573,97798,7.497165403235433e-05,0.000224914962097,28832
1803,0.1470277532935142,0.1451499722898006,0.0187778105027973,0.1159162148833274,99562,7.494329736764538e-05,0.0002248298921029,28848
1804,0.2381427623331546,0.2364557199180126,0.0168703920207917,0.1159183159470558,98074,7.491493001802025e-05,0.000224744790054,28864
1805,0.2172078844159841,0.2158300448209047,0.0137783989775925,0.1159202232956886,101264,7.488655199563062e-05,0.0002246596559868,28880
1806,0.1920627765357494,0.1906048879027366,0.0145788970403373,0.1159223020076751,99887,7.485816331263273e-05,0.0002245744899378,28896
1807,0.1769545581191778,0.1753390878438949,0.0161547476891428,0.1159244179725647,95205,7.482976398118738e-05,0.0002244892919435,28912
1808,0.1871615536510944,0.1855222135782241,0.0163934400770813,0.1159265413880348,96450,7.480135401345996e-05,0.0002244040620403,28928
1809,0.250514592975378,0.2490110769867897,0.0150352257769554,0.1159287467598915,105913,7.477293342162039e-05,0.0002243188002648,28944
1810,0.2546215429902076,0.252914659678936,0.0170688624493777,0.1159309297800064,104288,7.474450221784313e-05,0.0002242335066535,28960
1811,0.2805704195052385,0.279077636078,0.0149277944583445,0.1159330531954765,101792,7.471606041430723e-05,0.0002241481812429,28976
1812,0.1720963418483734,0.17040098272264,0.0169536208268255,0.1159349530935287,104334,7.468760802319626e-05,0.0002240628240695,28992
1813,0.1725533436983823,0.1709655001759529,0.0158784461673349,0.1159368529915809,98843,7.465914505669829e-05,0.00022397743517,29008
1814,0.1213941406458616,0.1197926364839077,0.0160150560550391,0.1159387975931167,97550,7.463067152700597e-05,0.000223892014581,29024
1815,0.2331983596086502,0.2317405007779598,0.014578589471057,0.1159407198429107,102274,7.460218744631645e-05,0.0002238065623389,29040
1816,0.1660162787884473,0.1643626745790243,0.0165360665414482,0.11594258248806,97160,7.457369282683142e-05,0.0002237210784804,29056
1817,0.1270733103156089,0.125478383153677,0.0159492855891585,0.1159445196390152,97649,7.454518768075704e-05,0.0002236355630422,29072
1818,0.2465763501822948,0.2449641283601522,0.0161222419701516,0.115946389734745,98663,7.451667202030404e-05,0.0002235500160609,29088
1819,0.193445473909378,0.1918671652674675,0.0157830626703798,0.1159483268857002,100720,7.44881458576876e-05,0.000223464437573,29104
1820,0.1179845370352268,0.1162754893302917,0.0170904817059636,0.1159503981471061,102895,7.445960920512745e-05,0.0002233788276153,29120
1821,0.2737485058605671,0.2723003681749105,0.0144813526421785,0.115952618420124,102612,7.443106207484776e-05,0.0002232931862245,29136
1822,0.1962423287332058,0.1947180181741714,0.0152431204915046,0.1159548759460449,99878,7.44025044790772e-05,0.0002232075134372,29152
1823,0.1506743412464857,0.1488451175391674,0.0182922419626265,0.1159570291638374,98718,7.437393643004898e-05,0.0002231218092901,29168
1824,0.1019909093156457,0.1004507299512624,0.0154017976019531,0.1159595176577568,103273,7.434535794000071e-05,0.00022303607382,29184
1825,0.2626582235097885,0.261144608259201,0.0151362107135355,0.1159618496894836,99343,7.431676902117452e-05,0.0002229503070635,29200
1826,0.2228189650923013,0.2213422544300556,0.0147670570295304,0.1159642338752746,100743,7.428816968581701e-05,0.0002228645090574,29216
1827,0.2603272534906864,0.2585704624652862,0.0175678750965744,0.1159663125872612,99167,7.42595599461792e-05,0.0002227786798385,29232
1828,0.1786729395389557,0.1771327760070562,0.015401629731059,0.1159684434533119,100359,7.423093981451661e-05,0.0002226928194435,29248
1829,0.2785915099084377,0.277078241109848,0.0151326335035264,0.1159703135490417,101184,7.420230930308917e-05,0.0002226069279092,29264
1830,0.1960283629596233,0.1944638304412365,0.0156452995724976,0.1159721240401268,103211,7.417366842416133e-05,0.0002225210052724,29280
1831,0.248105788603425,0.2462255209684372,0.0188027077820152,0.1159739568829536,99404,7.414501719000187e-05,0.00022243505157,29296
1832,0.2332573905587196,0.2312877010554075,0.0196969103999435,0.1159758418798446,95717,7.411635561288413e-05,0.0002223490668386,29312
1833,0.1557273026555776,0.1540097501128912,0.0171754921320825,0.1159779205918312,95236,7.408768370508576e-05,0.0002222630511152,29328
1834,0.2550063990056515,0.2535494156181812,0.0145697528496384,0.1159803196787834,103765,7.405900147888896e-05,0.0002221770044366,29344
1835,0.3067286424338817,0.3050543069839477,0.0167433458846062,0.1159826144576072,96861,7.403030894658023e-05,0.0002220909268397,29360
1836,0.1539969034492969,0.1524582598358392,0.0153864177409559,0.1159850656986236,104816,7.400160612045057e-05,0.0002220048183613,29376
1837,0.1952174659818411,0.193334637209773,0.0188282567542046,0.1159872636198997,98792,7.397289301279533e-05,0.0002219186790383,29392
1838,0.21406240016222,0.2125876285135746,0.0147476722486317,0.1159894317388534,99609,7.394416963591433e-05,0.0002218325089077,29408
1839,0.2153456099331379,0.2137890458106994,0.0155656647402793,0.1159914433956146,102120,7.391543600211172e-05,0.0002217463080063,29424
1840,0.125778179615736,0.1236856691539287,0.0209251134656369,0.1159933060407638,95670,7.388669212369611e-05,0.000221660076371,29440
1841,0.1911482643336057,0.1895882738754153,0.0155999511480331,0.1159954369068145,105775,7.385793801298042e-05,0.0002215738140389,29456
1842,0.2505717612802982,0.2488945350050926,0.016772317700088,0.1159971803426742,94904,7.382917368228204e-05,0.0002214875210468,29472
1843,0.2183080408722162,0.2166782692074775,0.016297749010846,0.1159989535808563,100424,7.380039914392267e-05,0.0002214011974317,29488
1844,0.1831556893885135,0.1815526969730854,0.016029936959967,0.1160008013248443,94233,7.377161441022842e-05,0.0002213148432306,29504
1845,0.214202769100666,0.21253402531147,0.0166874807327985,0.1160027608275413,99042,7.374281949352973e-05,0.0002212284584805,29520
1846,0.2273298092186451,0.2257082834839821,0.0162152531556785,0.1160046458244323,102814,7.371401440616146e-05,0.0002211420432184,29536
1847,0.2196415327489376,0.2181228697299957,0.0151866129599511,0.1160065755248069,101459,7.368519916046279e-05,0.0002210555974813,29552
1848,0.1477311383932829,0.1461927145719528,0.0153842207510024,0.1160086244344711,101014,7.365637376877724e-05,0.0002209691213063,29568
1849,0.2420810870826244,0.2406368143856525,0.0144427570048719,0.1160105019807815,100839,7.362753824345272e-05,0.0002208826147303,29584
1850,0.1922135725617408,0.1907034218311309,0.0151014907751232,0.1160125657916069,101374,7.35986925968414e-05,0.0002207960777905,29600
1851,0.184380417689681,0.1828707810491323,0.0150964066851884,0.1160146445035934,100636,7.35698368412999e-05,0.0002207095105238,29616
1852,0.1848592758178711,0.1831638421863317,0.0169543665833771,0.1160165891051292,100661,7.354097098918907e-05,0.0002206229129675,29632
1853,0.3522860407829284,0.3505749255418777,0.0171111547388136,0.1160183027386665,99373,7.351209505287412e-05,0.0002205362851586,29648
1854,0.1652239803224802,0.1636055745184421,0.0161840536165982,0.1160201802849769,101764,7.34832090447246e-05,0.0002204496271341,29664
1855,0.1701584570109844,0.1683399435132742,0.0181851251982152,0.1160220801830291,101143,7.345431297711436e-05,0.0002203629389313,29680
1856,0.1830519195646047,0.1815611589699983,0.0149075677618384,0.1160238906741142,98609,7.342540686242158e-05,0.0002202762205872,29696
1857,0.2042097765952348,0.2026409469544887,0.0156882663723081,0.1160262897610664,102347,7.339649071302867e-05,0.000220189472139,29712
1858,0.1970769166946411,0.1955657377839088,0.0151117579080164,0.1160287782549858,101280,7.336756454132243e-05,0.0002201026936239,29728
1859,0.1810652296990156,0.1794768180698156,0.0158840764779597,0.1160312220454216,99418,7.333862835969389e-05,0.000220015885079,29744
1860,0.1643808502703905,0.1627028863877058,0.0167796669993549,0.116033598780632,97074,7.33096821805384e-05,0.0002199290465416,29760
1861,0.1283225119113922,0.1265251636505127,0.0179734649136662,0.1160359978675842,99261,7.328072601625557e-05,0.0002198421780487,29776
1862,0.1918344907462597,0.190114926546812,0.017195661086589,0.1160382851958274,97707,7.325175987924932e-05,0.0002197552796377,29792
1863,0.2166692074388265,0.2151310332119465,0.0153817560058087,0.1160405427217483,99691,7.322278378192783e-05,0.0002196683513457,29808
1864,0.1995498910546302,0.1977408565580845,0.0180903309956192,0.1160424947738647,98949,7.319379773670352e-05,0.0002195813932101,29824
1865,0.2724481411278248,0.2708314061164856,0.0161673931870609,0.1160443574190139,101197,7.316480175599309e-05,0.0002194944052679,29840
1866,0.1145238261669874,0.1126408949494361,0.0188292847014963,0.1160464361310005,91371,7.313579585221751e-05,0.0002194073875566,29856
1867,0.1952508091926574,0.1936441026628017,0.0160670110490173,0.1160485297441482,102395,7.310678003780197e-05,0.0002193203401134,29872
1868,0.1672933790832758,0.1657120566815138,0.0158132254146039,0.1160507947206497,101248,7.307775432517595e-05,0.0002192332629755,29888
1869,0.2006722837686538,0.1991772688925266,0.0149501115083694,0.1160530894994735,98764,7.304871872677312e-05,0.0002191461561803,29904
1870,0.0795756783336401,0.0779531821608543,0.0162249596323817,0.1160553619265556,97569,7.301967325503142e-05,0.000219059019765,29920
1871,0.2238215282559394,0.2221943214535713,0.0162720668595284,0.1160575449466705,99190,7.2990617922393e-05,0.0002189718537671,29936
1872,0.1497831307351589,0.1483531184494495,0.0143001528922468,0.1160601675510406,100796,7.296155274130425e-05,0.0002188846582239,29952
1873,0.2162912264466285,0.214806217700243,0.0148500693030655,0.1160627901554107,97799,7.293247772421576e-05,0.0002187974331726,29968
1874,0.2033911347389221,0.2014569174498319,0.0193421475123614,0.1160653606057167,96695,7.290339288358233e-05,0.0002187101786507,29984
1875,0.2540327869355678,0.2524826768785715,0.0155010623857378,0.1160677596926689,97913,7.287429823186303e-05,0.0002186228946955,30000
1876,0.1323908381164074,0.1309334076941013,0.0145743077155202,0.1160701140761375,101887,7.284519378152103e-05,0.0002185355813445,30016
1877,0.2422433383762836,0.2407238446176052,0.0151949189603328,0.1160723865032196,102784,7.28160795450238e-05,0.000218448238635,30032
1878,0.1754832006990909,0.1736371554434299,0.0184604208916425,0.1160745546221733,95444,7.278695553484292e-05,0.0002183608666045,30048
1879,0.2455107066780328,0.2438998967409134,0.0161080735269933,0.116076610982418,103687,7.27578217634542e-05,0.0002182734652903,30064
1880,0.2604556046426296,0.2586737759411335,0.0178182921372354,0.116078644990921,93996,7.272867824333762e-05,0.00021818603473,30080
1881,0.231032270938158,0.229474551975727,0.0155772226862609,0.1160813421010971,101219,7.269952498697734e-05,0.0002180985749609,30096
1882,0.2413169257342815,0.2397003248333931,0.0161659754812717,0.1160839349031448,100453,7.267036200686171e-05,0.0002180110860205,30112
1883,0.2533533833920955,0.2517122738063335,0.0164111065678298,0.1160864830017089,98564,7.264118931548318e-05,0.0002179235679464,30128
1884,0.1669438742101192,0.1653406657278537,0.0160320701543241,0.116089142858982,100571,7.261200692533844e-05,0.000217836020776,30144
1885,0.1752041559666395,0.1736218351870775,0.01582319336012,0.1160918846726417,96717,7.258281484892829e-05,0.0002177484445467,30160
1886,0.1997745651751756,0.1981540489941835,0.0162051427178084,0.1160945296287536,103239,7.255361309875768e-05,0.0002176608392962,30176
1887,0.2488111890852451,0.2472304254770279,0.0158076141960918,0.116096943616867,99455,7.252440168733572e-05,0.000217573205062,30192
1888,0.2553743179887533,0.2535287365317344,0.0184557922184467,0.1160991340875625,101015,7.249518062717565e-05,0.0002174855418815,30208
1889,0.166190193966031,0.164546113461256,0.0164407952688634,0.1161013022065162,100751,7.246594993079482e-05,0.0002173978497923,30224
1890,0.1871708314865827,0.1855340208858251,0.0163681055419147,0.116103395819664,99072,7.243670961071478e-05,0.0002173101288321,30240
1891,0.1839415542781353,0.1823316439986229,0.0160991062875837,0.1161056086421012,96061,7.240745967946113e-05,0.0002172223790383,30256
1892,0.2398793697357177,0.238263264298439,0.0161610492505133,0.1161076426506042,95141,7.237820014956361e-05,0.0002171346004486,30272
1893,0.1833478510379791,0.1819304749369621,0.0141737957019358,0.1161098256707191,99181,7.234893103355607e-05,0.0002170467931006,30288
1894,0.170702451840043,0.1690881736576557,0.0161427929997444,0.116111896932125,102497,7.231965234397645e-05,0.0002169589570319,30304
1895,0.1645128782838583,0.1629099752753973,0.0160290400963276,0.116114042699337,99407,7.229036409336687e-05,0.0002168710922801,30320
1896,0.1732171438634395,0.1716594249010086,0.0155771924182772,0.116116277873516,99657,7.226106629427342e-05,0.0002167831988828,30336
1897,0.214079113677144,0.2125302851200103,0.015488339588046,0.1161185950040817,100156,7.223175895924638e-05,0.0002166952768777,30352
1898,0.1556191816926002,0.1539215482771396,0.0169763148296624,0.1161208599805831,96806,7.220244210084008e-05,0.0002166073263025,30368
1899,0.1848291084170341,0.183294415473938,0.0153468658681958,0.1161229684948921,98729,7.217311573161293e-05,0.0002165193471948,30384
1900,0.2399810031056404,0.2385545745491981,0.0142642771825194,0.1161252856254577,102786,7.214377986412741e-05,0.0002164313395923,30400
1901,0.2297079060226678,0.2282459791749715,0.0146192549727857,0.1161273419857025,98028,7.211443451095007e-05,0.0002163433035328,30416
1902,0.1359576433897018,0.1342353215441107,0.0172232254408299,0.1161296293139457,99369,7.208507968465154e-05,0.0002162552390539,30432
1903,0.210072424262762,0.2084647677838802,0.0160765990149229,0.1161319464445114,97169,7.205571539780648e-05,0.0002161671461934,30448
1904,0.1676778625696897,0.1661763973534107,0.0150146260857582,0.116134338080883,102145,7.202634166299364e-05,0.0002160790249889,30464
1905,0.1153168715536594,0.1135997734963893,0.0171709712594747,0.116136834025383,97624,7.199695849279576e-05,0.0002159908754783,30480
1906,0.2129008919000625,0.2111374996602535,0.0176339598838239,0.1161391884088516,97183,7.196756589979969e-05,0.0002159026976993,30496
1907,0.1671462319791317,0.1653799396008253,0.0176629347261041,0.1161415129899978,95170,7.193816389659626e-05,0.0002158144916897,30512
1908,0.1953872200101614,0.1938585732132196,0.0152865010313689,0.1161438524723053,103444,7.190875249578037e-05,0.0002157262574873,30528
1909,0.1639907397329807,0.1621280536055565,0.0186268370598554,0.1161461621522903,100426,7.187933170995094e-05,0.0002156379951298,30544
1910,0.2704550959169864,0.2686492912471294,0.0180580872111022,0.116148255765438,100818,7.184990155171086e-05,0.0002155497046551,30560
1911,0.168603966012597,0.1667413767427206,0.0186259162146598,0.1161503046751022,98352,7.18204620336671e-05,0.000215461386101,30576
1912,0.2261575441807508,0.2244277186691761,0.0172982146032154,0.1161522939801216,97097,7.179101316843062e-05,0.0002153730395052,30592
1913,0.2459571883082389,0.2443822361528873,0.0157494733575731,0.1161543279886245,101909,7.176155496861638e-05,0.0002152846649058,30608
1914,0.1773444171994924,0.1757913213223219,0.015530951321125,0.1161565408110618,101222,7.173208744684332e-05,0.0002151962623405,30624
1915,0.160460764542222,0.1587082762271165,0.0175248854793608,0.1161586940288543,97050,7.17026106157344e-05,0.0002151078318472,30640
1916,0.1498177610337734,0.1481682900339365,0.0164946976583451,0.1161608174443245,102243,7.167312448791655e-05,0.0002150193734637,30656
1917,0.174373859539628,0.1729558259248733,0.0141802995931357,0.1161633357405662,101145,7.164362907602072e-05,0.000214930887228,30672
1918,0.1298869317397475,0.1283481707796454,0.0153876086696982,0.1161659359931945,98933,7.161412439268175e-05,0.000214842373178,30688
1919,0.1660623699426651,0.164217859506607,0.0184451027307659,0.1161685362458229,96784,7.158461045053856e-05,0.0002147538313516,30704
1920,0.1649727113544941,0.1631691493093967,0.0180356467608362,0.1161709800362587,95620,7.155508726223395e-05,0.0002146652617867,30720
1921,0.2147237509489059,0.2127587310969829,0.0196502020116895,0.1161734238266944,95408,7.152555484041476e-05,0.0002145766645212,30736
1922,0.1902729608118534,0.1887099668383598,0.0156299516092985,0.1161757409572601,97645,7.149601319773172e-05,0.0002144880395931,30752
1923,0.2419656068086624,0.2403468005359172,0.0161880915984511,0.1161779835820198,95531,7.146646234683951e-05,0.0002143993870405,30768
1924,0.1123471986502409,0.1108298320323228,0.0151736377738416,0.1161803528666496,100052,7.143690230039679e-05,0.0002143107069011,30784
1925,0.1874965913593769,0.1858332119882106,0.0166338267736136,0.1161827966570854,100149,7.140733307106615e-05,0.0002142219992131,30800
1926,0.1910698115825653,0.1896439082920551,0.0142589977476745,0.1161852329969406,99963,7.137775467151411e-05,0.0002141332640145,30816
1927,0.1984154619276523,0.196988757699728,0.0142670823261141,0.1161879226565361,100374,7.134816711441112e-05,0.0002140445013432,30832
1928,0.1500184759497642,0.1485051102936267,0.0151336200069636,0.1161905452609062,97352,7.131857041243152e-05,0.0002139557112372,30848
1929,0.3018624186515808,0.3003208674490452,0.0154155215714126,0.1161930859088897,102349,7.128896457825364e-05,0.0002138668937347,30864
1930,0.2163834907114505,0.2149600572884082,0.0142343265470117,0.116195723414421,104298,7.125934962455964e-05,0.0002137780488736,30880
1931,0.2189688012003898,0.2174315378069877,0.0153726949356496,0.1161983534693718,101090,7.122972556403567e-05,0.0002136891766921,30896
1932,0.2247891463339328,0.223318250849843,0.0147089378442615,0.1162009760737419,103143,7.120009240937168e-05,0.0002136002772281,30912
1933,0.1957055944949388,0.1938198804855346,0.0188570923637598,0.1162036135792732,98879,7.117045017326162e-05,0.0002135113505197,30928
1934,0.1923998035490512,0.1909490786492824,0.0145072729792445,0.1162066012620925,104430,7.114079886840326e-05,0.0002134223966052,30944
1935,0.2987189032137394,0.297126941382885,0.0159195868764072,0.1162094473838806,99945,7.111113850749828e-05,0.0002133334155224,30960
1936,0.1792671885341406,0.1774732060730457,0.0179398418404161,0.1162120550870895,103902,7.108146910325223e-05,0.0002132444073097,30976
1937,0.2416481673717498,0.2400139048695564,0.0163426552899181,0.1162144616246223,103381,7.105179066837456e-05,0.0002131553720051,30992
1938,0.1585727222263813,0.1568814422935247,0.0169128128327429,0.1162167638540268,96263,7.102210321557855e-05,0.0002130663096467,31008
1939,0.2034173123538494,0.2017879243940115,0.0162939094007015,0.1162188500165939,93765,7.099240675758137e-05,0.0002129772202727,31024
1940,0.194896038621664,0.193174373358488,0.0172166894190013,0.1162208095192909,94110,7.096270130710403e-05,0.0002128881039213,31040
1941,0.1825716812163591,0.1811217777431011,0.01449905638583,0.1162227690219879,93283,7.09329868768714e-05,0.0002127989606306,31056
1942,0.2145435735583305,0.2126826420426368,0.0186092953663319,0.1162246242165565,99335,7.090326347961223e-05,0.0002127097904388,31072
1943,0.2727614641189575,0.2711953073740005,0.0156615560408681,0.1162264421582222,104426,7.087353112805905e-05,0.0002126205933841,31088
1944,0.1893619522452354,0.1876711547374725,0.0169079664628952,0.1162284240126609,101418,7.084378983494824e-05,0.0002125313695048,31104
1945,0.1809847392141819,0.1793772969394922,0.0160744336899369,0.1162304729223251,100122,7.081403961302006e-05,0.000212442118839,31120
1946,0.2926930002868175,0.2912130877375602,0.0147991108242422,0.1162326335906982,103734,7.078428047501855e-05,0.000212352841425,31136
1947,0.2262698262929916,0.224731408059597,0.0153842300642281,0.1162352561950683,97074,7.075451243369157e-05,0.000212263537301,31152
1948,0.2184874266386032,0.2167625539004802,0.0172486822120845,0.1162377297878265,97502,7.07247355017908e-05,0.0002121742065053,31168
1949,0.1292514577507972,0.1276587396860122,0.0159271974116563,0.1162399798631668,100432,7.069494969207174e-05,0.0002120848490762,31184
1950,0.1512169651687145,0.1496404185891151,0.0157654643990099,0.1162420436739921,98133,7.06651550172937e-05,0.0002119954650518,31200
1951,0.1310118027031421,0.1289804056286811,0.0203139563091099,0.116243876516819,98989,7.063535149021973e-05,0.0002119060544706,31216
1952,0.221381900832057,0.2197393886744976,0.016425180947408,0.1162457689642906,97074,7.060553912361677e-05,0.0002118166173708,31232
1953,0.2060623988509178,0.2045307755470276,0.0153162039350718,0.1162477359175682,98445,7.057571793025544e-05,0.0002117271537907,31248
1954,0.198378624394536,0.1965693272650241,0.0180929689668118,0.116249643266201,99079,7.054588792291022e-05,0.0002116376637687,31264
1955,0.2494872771203518,0.2479274608194828,0.0155981683637946,0.1162516847252845,101328,7.051604911435932e-05,0.000211548147343,31280
1956,0.1870443895459175,0.1854538507759571,0.0159053660463541,0.1162539646029472,100421,7.048620151738477e-05,0.0002114586045521,31296
1957,0.2385009303689003,0.2370625585317611,0.0143837130162864,0.1162561923265457,100109,7.045634514477229e-05,0.0002113690354343,31312
1958,0.2189269177615642,0.2174923904240131,0.0143452894408255,0.1162585169076919,98743,7.042648000931144e-05,0.0002112794400279,31328
1959,0.2783256024122238,0.2767744436860084,0.0155115460511296,0.116260677576065,98577,7.039660612379546e-05,0.0002111898183713,31344
1960,0.1683062613010406,0.1667013596743345,0.0160489766858518,0.1162628829479217,100911,7.03667235010214e-05,0.000211100170503,31360
1961,0.2208833619952201,0.2193497195839882,0.0153364303987473,0.1162649095058441,102677,7.033683215379002e-05,0.0002110104964613,31376
1962,0.2187412586063146,0.2170483395457267,0.0169291943311691,0.1162667796015739,100059,7.03069320949058e-05,0.0002109207962847,31392
1963,0.2171655800193548,0.215626236051321,0.0153934019617736,0.1162686720490455,100372,7.027702333717702e-05,0.0002108310700115,31408
1964,0.19633867777884,0.1948112118989229,0.0152746979147195,0.1162705272436142,104637,7.024710589341561e-05,0.0002107413176802,31424
1965,0.1376176606863737,0.1360212210565805,0.0159643841907382,0.1162723377346992,100555,7.021717977643726e-05,0.0002106515393293,31440
1966,0.1882667224854231,0.1866102628409862,0.0165646078530699,0.1162742003798484,104157,7.018724499906135e-05,0.0002105617349971,31456
1967,0.1421250533312559,0.1405700556933879,0.015549941919744,0.1162762567400932,103872,7.015730157411102e-05,0.0002104719047223,31472
1968,0.1526368241757154,0.1509310398250818,0.0170578798279166,0.1162783652544021,97804,7.012734951441307e-05,0.0002103820485432,31488
1969,0.2168447934091091,0.2151226587593555,0.0172214261256158,0.116280972957611,96233,7.009738883279802e-05,0.0002102921664983,31504
1970,0.1477001383900642,0.1462095230817794,0.0149061200208961,0.1162838488817215,104507,7.006741954210004e-05,0.0002102022586263,31520
1971,0.211215890944004,0.2093362063169479,0.0187968325335532,0.1162865683436393,97727,7.003744165515705e-05,0.0002101123249654,31536
1972,0.2535794209688902,0.2519689090549946,0.0161050690803676,0.1162890493869781,98942,7.000745518481062e-05,0.0002100223655544,31552
1973,0.1672814320772886,0.1653807908296585,0.0190064329653978,0.1162911355495452,95280,6.997746014390601e-05,0.0002099323804317,31568
1974,0.2178812175989151,0.2161592710763216,0.0172194731421768,0.1162930428981781,98219,6.994745654529212e-05,0.0002098423696358,31584
1975,0.2011913191527128,0.199351942166686,0.018393778707832,0.1162947490811348,97343,6.991744440182155e-05,0.0002097523332054,31600
1976,0.1876166500151157,0.1860876362770795,0.0152901594992727,0.116296499967575,101225,6.988742372635056e-05,0.000209662271179,31616
1977,0.1558175310492515,0.1543323006480932,0.0148523475509136,0.1162982806563377,99278,6.985739453173903e-05,0.0002095721835952,31632
1978,0.2270920313894748,0.2256480753421783,0.0144395937677472,0.1163001358509063,99733,6.982735683085056e-05,0.0002094820704925,31648
1979,0.2992398515343666,0.2977819219231605,0.0145793471019715,0.1163020208477974,101748,6.979731063655227e-05,0.0002093919319096,31664
1980,0.1687258780002594,0.1671970337629318,0.0152884314302355,0.1163039281964302,97762,6.976725596171505e-05,0.0002093017678851,31680
1981,0.1264519840478897,0.1249836785718798,0.0146830617450177,0.1163060963153839,106050,6.973719281921335e-05,0.0002092115784576,31696
1982,0.1985971610993147,0.1969043966382742,0.0169276385568082,0.1163083389401435,97100,6.970712122192531e-05,0.0002091213636657,31712
1983,0.1834446098655462,0.1816276609897613,0.0181694934144616,0.116310641169548,101582,6.967704118273258e-05,0.0002090311235481,31728
1984,0.1448557898402214,0.143276983872056,0.0157880510669201,0.116313062608242,100793,6.964695271452052e-05,0.0002089408581435,31744
1985,0.2234498579055071,0.2216187734156847,0.018310802290216,0.1163152158260345,97387,6.961685583017808e-05,0.0002088505674905,31760
1986,0.2066023275256157,0.2051691524684429,0.0143317719921469,0.1163173764944076,99980,6.95867505425978e-05,0.0002087602516277,31776
1987,0.1637403685599565,0.1621118318289518,0.0162853992078453,0.1163193061947822,97338,6.955663686467585e-05,0.000208669910594,31792
1988,0.2058191709220409,0.20399010181427,0.0182906838599592,0.1163211688399314,95717,6.952651480931193e-05,0.0002085795444279,31808
1989,0.0781047027558088,0.0765073932707309,0.0159730950836092,0.1163231581449508,100298,6.949638438940942e-05,0.0002084891531682,31824
1990,0.1164858881384134,0.1147408727556467,0.017450185958296,0.1163251176476478,95835,6.94662456178752e-05,0.0002083987368536,31840
1991,0.1893732137978077,0.187806325033307,0.0156688538845628,0.1163269877433776,102660,6.943609850761979e-05,0.0002083082955228,31856
1992,0.2172920517623424,0.2155167926102876,0.0177526164334267,0.1163288429379463,98651,6.940594307155724e-05,0.0002082178292146,31872
1993,0.1383764222264289,0.1366579812020063,0.0171844237484037,0.1163306385278701,98656,6.937577932260515e-05,0.0002081273379678,31888
1994,0.1416466273367405,0.1398543491959571,0.0179228014312684,0.116332858800888,100978,6.934560727368477e-05,0.000208036821821,31904
1995,0.198307603597641,0.1968955248594284,0.0141207405831664,0.1163352355360984,102748,6.931542693772081e-05,0.0002079462808131,31920
1996,0.1826297789812088,0.1810834258794784,0.0154635119251906,0.1163376867771148,102496,6.928523832764158e-05,0.0002078557149829,31936
1997,0.2171415090560913,0.2156802415847778,0.014612671919167,0.1163401156663894,102201,6.925504145637891e-05,0.0002077651243691,31952
1998,0.229022117331624,0.2275397293269634,0.0148238493129611,0.1163425669074058,102515,6.922483633686818e-05,0.0002076745090106,31968
1999,0.2120955772697925,0.2105329781770706,0.0156259462237358,0.1163448542356491,99770,6.919462298204834e-05,0.0002075838689461,31984
2000,0.2359492294490337,0.2344973711296916,0.0145186602603644,0.1163471490144729,103075,6.916440140486177e-05,0.0002074932042145,32000
2001,0.1818071119487285,0.1798346675932407,0.0197244873270392,0.1163492649793624,92523,6.91341716182545e-05,0.0002074025148547,32016
2002,0.213459862396121,0.2118826694786548,0.015771890990436,0.1163512170314788,95798,6.910393363517596e-05,0.0002073118009055,32032
2003,0.1516860648989677,0.1500074900686741,0.0167857175692915,0.1163531765341758,94292,6.907368746857914e-05,0.0002072210624057,32048
2004,0.2722659222781658,0.2705780565738678,0.0168786300346255,0.1163550242781639,99289,6.904343313142059e-05,0.0002071302993942,32064
2005,0.1601821593940258,0.1587480641901493,0.0143409601878374,0.1163570508360862,104236,6.901317063666025e-05,0.0002070395119099,32080
2006,0.2805672101676464,0.2789201848208904,0.0164702865295112,0.1163590922951698,100934,6.898289999726164e-05,0.0002069486999917,32096
2007,0.1713746227324009,0.1698176059871912,0.0155701546464115,0.1163612082600593,99654,6.895262122619174e-05,0.0002068578636785,32112
2008,0.1843537557870149,0.1826397143304348,0.0171404129359871,0.1163632199168205,100941,6.892233433642099e-05,0.0002067670030092,32128
2009,0.1757653374224901,0.1740821879357099,0.0168314930051565,0.1163652390241622,96801,6.889203934092336e-05,0.0002066761180227,32144
2010,0.1397550143301487,0.1380719970911741,0.0168301616795361,0.1163671985268592,96912,6.886173625267625e-05,0.000206585208758,32160
2011,0.2015183623880148,0.1997857764363289,0.0173258618451654,0.1163690835237503,99149,6.883142508466054e-05,0.0002064942752539,32176
2012,0.221806414425373,0.2202609423547983,0.015454759588465,0.1163709983229637,100517,6.880110584986058e-05,0.0002064033175495,32192
2013,0.1508516538888216,0.1491483002901077,0.0170335115399211,0.1163731142878532,105425,6.877077856126416e-05,0.0002063123356837,32208
2014,0.1298699788749218,0.1283631883561611,0.0150678877253085,0.1163751929998397,101346,6.874044323186253e-05,0.0002062213296955,32224
2015,0.1672307243570685,0.1655982583761215,0.0163246633019298,0.1163773015141487,103569,6.871009987465036e-05,0.0002061302996239,32240
2016,0.166282121092081,0.1646548938006162,0.0162722542881965,0.1163794174790382,98919,6.867974850262582e-05,0.0002060392455078,32256
2017,0.2504795491695404,0.2488703187555074,0.0160922610666602,0.1163814738392829,99716,6.864938912879046e-05,0.0002059481673863,32272
2018,0.2368682716041803,0.2351041007786989,0.0176416721660643,0.1163829192519187,102131,6.861902176614926e-05,0.0002058570652984,32288
2019,0.1537967752665281,0.1521220579743385,0.0167471393942832,0.1163843646645546,100240,6.858864642771061e-05,0.0002057659392831,32304
2020,0.2101758625358343,0.2086432948708534,0.0153257080819457,0.1163861081004142,100000,6.855826312648638e-05,0.0002056747893794,32320
2021,0.1715244743973016,0.169575260952115,0.0194921747315675,0.1163879930973053,94042,6.852787187549182e-05,0.0002055836156264,32336
2022,0.1975333429872989,0.1960227228701114,0.0151062021031975,0.1163901537656784,97202,6.849747268774553e-05,0.0002054924180632,32352
2023,0.2553874757140875,0.2539202272891998,0.0146725201047956,0.1163926050066948,104637,6.84670655762696e-05,0.0002054011967288,32368
2024,0.1261499859392643,0.1246634759008884,0.0148651096969842,0.1163951754570007,101285,6.843665055408943e-05,0.0002053099516622,32384
2025,0.1509861629456281,0.1494842339307069,0.015019335784018,0.1163976341485977,104327,6.840622763423391e-05,0.0002052186829027,32400
2026,0.1797550674527883,0.1779567562043666,0.0179830773267895,0.1163998544216156,100370,6.837579682973518e-05,0.0002051273904892,32416
2027,0.275864727795124,0.2743664942681789,0.0149823788087815,0.1164018958806991,99459,6.834535815362888e-05,0.0002050360744608,32432
2028,0.1634791120886802,0.1617691181600093,0.017099950928241,0.1164037361741066,102593,6.831491161895395e-05,0.0002049447348568,32448
2029,0.2227048128843307,0.2211850471794605,0.0151976672932505,0.1164055168628692,102728,6.828445723875272e-05,0.0002048533717162,32464
2030,0.1704848688095808,0.1687705311924219,0.0171433601062744,0.1164070442318916,100941,6.825399502607088e-05,0.0002047619850782,32480
2031,0.2350940890610218,0.2336311601102352,0.0146293013822287,0.1164084747433662,102545,6.82235249939575e-05,0.0002046705749818,32496
2032,0.1710341330617666,0.1692299619317054,0.018041733186692,0.116409882903099,96725,6.819304715546492e-05,0.0002045791414663,32512
2033,0.1247060913592577,0.1231785640120506,0.015275262761861,0.1164115890860557,102809,6.816256152364892e-05,0.0002044876845709,32528
2034,0.1344565339386463,0.1328357467427849,0.016207862412557,0.1164132431149482,97800,6.813206811156857e-05,0.0002043962043347,32544
2035,0.167146461084485,0.1654850766062736,0.0166138571221381,0.1164149492979049,99171,6.810156693228626e-05,0.0002043047007968,32560
2036,0.2231075800955295,0.2212851569056511,0.0182242046575993,0.1164169535040855,91601,6.807105799886776e-05,0.0002042131739966,32576
2037,0.1454208102077245,0.1437433082610368,0.0167750378604978,0.1164192408323288,96050,6.80405413243821e-05,0.0002041216239731,32592
2038,0.185012012720108,0.1833964306861162,0.0161557807587087,0.1164213865995407,102656,6.801001692190166e-05,0.0002040300507657,32608
2039,0.1854185238480568,0.1839082799851894,0.0151024220976978,0.1164236366748809,96430,6.797948480450212e-05,0.0002039384544135,32624
2040,0.2627520076930523,0.2612725868821144,0.0147942118346691,0.1164257079362869,104020,6.794894498526248e-05,0.0002038468349557,32640
2041,0.1919261496514082,0.1905166953802108,0.0140945252496749,0.1164278760552406,104645,6.7918397477265e-05,0.0002037551924317,32656
2042,0.2295004613697528,0.2279737442731857,0.0152671968098729,0.1164298951625824,102116,6.788784229359533e-05,0.0002036635268807,32672
2043,0.1755418162792921,0.1740859914571046,0.0145582407712936,0.1164317578077316,102369,6.785727944734228e-05,0.000203571838342,32688
2044,0.2067077755928039,0.2049993984401226,0.0170837328769266,0.1164332926273346,94476,6.7826708951598e-05,0.0002034801268547,32704
2045,0.1970876175910234,0.1955430023372173,0.0154461695346981,0.1164347678422927,95784,6.779613081945795e-05,0.0002033883924583,32720
2046,0.2457940150052309,0.2442474942654371,0.015465268632397,0.1164362058043479,103534,6.776554506402081e-05,0.000203296635192,32736
2047,0.1988048776984214,0.1971590351313352,0.0164584757294505,0.1164377257227897,100598,6.773495169838857e-05,0.0002032048550951,32752
2048,0.1920076161623001,0.1904016993939876,0.0160592007450759,0.1164393573999404,96654,6.770435073566642e-05,0.0002031130522069,32768
2049,0.2438020333647728,0.2422483973205089,0.0155363515950739,0.1164412871003151,99386,6.767374218896286e-05,0.0002030212265668,32784
2050,0.1398833906278014,0.1381558608263731,0.0172752977814525,0.1164432093501091,96367,6.764312607138963e-05,0.0002029293782141,32800
2051,0.2114482289180159,0.2099690595641732,0.0147916560526937,0.1164452135562896,99586,6.761250239606169e-05,0.0002028375071881,32816
2052,0.1242981869727373,0.1224524118006229,0.0184577701147645,0.1164470911026001,94064,6.758187117609725e-05,0.0002027456135282,32832
2053,0.2235191445797681,0.2219962617382407,0.0152288551907986,0.1164487227797508,100675,6.755123242461774e-05,0.0002026536972738,32848
2054,0.2086821496486663,0.2072419933974743,0.0144015399273484,0.1164504140615463,100609,6.752058615474783e-05,0.0002025617584642,32864
2055,0.1794475698843598,0.1780162826180458,0.0143128540366888,0.1164521351456642,98766,6.748993237961544e-05,0.0002024697971388,32880
2056,0.2650950271636247,0.2635480090975761,0.0154701333958655,0.1164539456367492,101857,6.745927111235165e-05,0.000202377813337,32896
2057,0.1358696371316909,0.1341927126049995,0.0167692587710917,0.1164568960666656,100002,6.742860236609077e-05,0.0002022858070982,32912
2058,0.139696342870593,0.1380986124277115,0.0159773065242916,0.116459734737873,104189,6.739792615397032e-05,0.0002021937784619,32928
2059,0.1608361825346946,0.1588682383298874,0.0196794420480728,0.1164624318480491,97924,6.736724248913101e-05,0.0002021017274673,32944
2060,0.2304369118064642,0.2285527028143406,0.0188420959748327,0.1164649352431297,98581,6.733655138471677e-05,0.0002020096541541,32960
2061,0.1928058061748743,0.1913275476545095,0.0147825763560831,0.116467535495758,103633,6.730585285387465e-05,0.0002019175585616,32976
2062,0.1815112885087728,0.1797672770917415,0.0174400748219341,0.1164698153734207,99951,6.727514690975497e-05,0.0002018254407292,32992
2063,0.1832826845347881,0.1817715354263782,0.0151115236803889,0.1164720803499221,100800,6.724443356551115e-05,0.0002017333006965,33008
2064,0.1932341381907463,0.1917481012642383,0.014860374154523,0.1164742410182952,99078,6.721371283429984e-05,0.0002016411385028,33024
2065,0.1993216443806886,0.1976535320281982,0.0166811444796621,0.1164763197302818,101232,6.718298472928082e-05,0.0002015489541878,33040
2066,0.1258886875584721,0.1244438458234071,0.0144483910407871,0.1164786741137504,95791,6.7152249263617e-05,0.0002014567477908,33056
2067,0.2552548199892044,0.2537736259400844,0.0148118915967643,0.1164810806512832,104840,6.71215064504745e-05,0.0002013645193514,33072
2068,0.1727883704006672,0.1711930725723505,0.0159529433585703,0.1164834797382354,99309,6.709075630302258e-05,0.000201272268909,33088
2069,0.2174070719629526,0.2157903537154197,0.0161671901587396,0.1164854988455772,102609,6.70599988344336e-05,0.0002011799965033,33104
2070,0.2959926128387451,0.2946007810533046,0.0139183059800416,0.1164874136447906,99320,6.70292340578831e-05,0.0002010877021736,33120
2071,0.1518180035054683,0.1502801571041345,0.015378440497443,0.1164899840950965,100026,6.699846198654971e-05,0.0002009953859596,33136
2072,0.2372029535472393,0.2358404770493507,0.0136248359922319,0.1164926514029502,98470,6.696768263361524e-05,0.0002009030479008,33152
2073,0.2023795824497938,0.2007876578718423,0.0159192364662885,0.1164952963590622,96226,6.693689601226458e-05,0.0002008106880367,33168
2074,0.2231415938585996,0.2216143943369388,0.0152719861362129,0.1164978593587875,98550,6.690610213568572e-05,0.000200718306407,33184
2075,0.1730945110321045,0.1715081743896007,0.0158633890096098,0.1165003404021263,97782,6.687530101706978e-05,0.0002006259030512,33200
2076,0.2062048148363828,0.2047692984342575,0.0143551479559391,0.1165027469396591,102007,6.6844492669611e-05,0.0002005334780088,33216
2077,0.2387079522013664,0.2373292036354541,0.0137874619103968,0.1165051534771919,102737,6.68136771065067e-05,0.0002004410313195,33232
2078,0.1831817664206028,0.1816961895674467,0.0148557852953672,0.1165074110031127,101170,6.678285434095727e-05,0.0002003485630228,33248
2079,0.1541698649525642,0.1522070914506912,0.0196277296636253,0.116509661078453,97413,6.67520243861662e-05,0.0002002560731584,33264
2080,0.1658299509435892,0.1640120223164558,0.0181792885996401,0.1165118888020515,98934,6.672118725534007e-05,0.000200163561766,33280
2081,0.1941577158868312,0.1924006827175617,0.017570343799889,0.1165139079093933,95366,6.669034296168855e-05,0.000200071028885,33296
2082,0.1539152525365352,0.1523562166839838,0.0155903762206435,0.1165163144469261,93973,6.665949151842435e-05,0.0001999784745552,33312
2083,0.1418243832886219,0.1399473380297422,0.0187704579439014,0.1165185272693634,94778,6.66286329387632e-05,0.0001998858988162,33328
2084,0.1952378936111927,0.1938359551131725,0.0140194031409919,0.1165208593010902,104096,6.659776723592396e-05,0.0001997933017077,33344
2085,0.1426414111629128,0.1406763782724738,0.0196503279730677,0.116523265838623,97822,6.656689442312855e-05,0.0001997006832693,33360
2086,0.2003520298749208,0.1989311575889587,0.0142087172716856,0.1165260821580886,103053,6.653601451360188e-05,0.0001996080435408,33376
2087,0.24064308591187,0.2390694860368967,0.0157360029406845,0.1165288016200065,100022,6.65051275205719e-05,0.0001995153825617,33392
2088,0.1379021313041448,0.1362188905477523,0.0168324180413037,0.116531565785408,101405,6.647423345726966e-05,0.0001994227003718,33408
2089,0.1746490821242332,0.1730188764631748,0.0163020719774067,0.1165344193577766,100562,6.644333233692916e-05,0.0001993299970107,33424
2090,0.1637113159522414,0.1622075662016868,0.0150375114753842,0.1165373101830482,101193,6.641242417278748e-05,0.0001992372725183,33440
2091,0.2023447044193744,0.2006983589380979,0.016463465988636,0.1165401935577392,101780,6.638150897808468e-05,0.0001991445269342,33456
2092,0.1610602606087923,0.159575680270791,0.0148458329495042,0.1165430471301078,102745,6.635058676606385e-05,0.0001990517602981,33472
2093,0.136999862268567,0.1350586712360382,0.0194119082298129,0.1165455430746078,94585,6.63196575499711e-05,0.0001989589726499,33488
2094,0.1565153002738952,0.1545179020613432,0.019973978633061,0.1165477856993675,90333,6.628872134305549e-05,0.0001988661640291,33504
2095,0.2744083069264889,0.272778782993555,0.0162952346727252,0.1165499240159988,100328,6.625777815856916e-05,0.0001987733344757,33520
2096,0.1654767990112304,0.1639923844486475,0.0148441437631845,0.1165519058704376,99745,6.622682800976711e-05,0.0001986804840293,33536
2097,0.1966674346476793,0.1951359659433365,0.0153146786615252,0.1165538728237152,98402,6.619587090990748e-05,0.0001985876127297,33552
2098,0.2212537452578544,0.2196173518896103,0.0163639385718852,0.1165558844804763,95598,6.616490687225126e-05,0.0001984947206167,33568
2099,0.1604905761778354,0.1588903702795505,0.0160020445473492,0.1165579035878181,100324,6.613393591006247e-05,0.0001984018077301,33584
2100,0.1978474557399749,0.1962195690721273,0.0162788599263876,0.1165599152445793,94003,6.61029580366081e-05,0.0001983088741098,33600
2101,0.1546002607792616,0.1529774367809295,0.0162282497622072,0.116561934351921,99103,6.607197326515808e-05,0.0001982159197954,33616
2102,0.1958418134599924,0.1943282447755336,0.0151356481947004,0.1165638640522956,98318,6.60409816089853e-05,0.0001981229448269,33632
2103,0.1693115588277578,0.1678953059017658,0.0141625204123556,0.1165659502148628,99864,6.600998308136559e-05,0.000198029949244,33648
2104,0.1767796035856008,0.1751368157565593,0.0164278773590922,0.116567812860012,99715,6.597897769557775e-05,0.0001979369330867,33664
2105,0.1456105811521411,0.1439641276374459,0.0164645498152822,0.1165694892406463,92314,6.594796546490351e-05,0.0001978438963947,33680
2106,0.2285226695239544,0.2270133905112743,0.0150927552022039,0.1165711879730224,102730,6.591694640262749e-05,0.0001977508392078,33696
2107,0.2906846031546592,0.2888733334839344,0.0181127111427485,0.1165726110339164,99395,6.588592052203731e-05,0.0001976577615661,33712
2108,0.1716475822031498,0.170236175879836,0.0141140748746693,0.1165741756558418,101404,6.585488783642344e-05,0.0001975646635092,33728
2109,0.1827422948554158,0.1812381083145737,0.0150418756529688,0.1165757998824119,101310,6.582384835907931e-05,0.0001974715450772,33744
2110,0.173737259581685,0.1720451787114143,0.0169208142906427,0.1165774092078208,101286,6.579280210330126e-05,0.0001973784063099,33760
2111,0.2208838425576686,0.2193514518439769,0.0153239162173122,0.1165790408849716,97485,6.57617490823885e-05,0.0001972852472471,33776
2112,0.1583553403615951,0.1569745987653732,0.0138073903508484,0.1165812835097312,104311,6.573068930964316e-05,0.0001971920679289,33792
2113,0.2331098839640617,0.2315668743103742,0.0154300746507942,0.1165834218263626,100030,6.569962279837026e-05,0.0001970988683951,33808
2114,0.2150343488901853,0.2136217392981052,0.0141260821837931,0.1165856271982193,101789,6.56685495618777e-05,0.0001970056486856,33824
2115,0.3029139190912246,0.3012839742004871,0.0162993890698999,0.1165875941514968,92774,6.56374696134763e-05,0.0001969124088404,33840
2116,0.1650498788803815,0.1633984446525573,0.0165143203921616,0.1165894642472267,102513,6.560638296647969e-05,0.0001968191488994,33856
2117,0.2163120284676551,0.2147870287299156,0.0152500018011778,0.1165911480784416,97699,6.557528963420442e-05,0.0001967258689026,33872
2118,0.2701203115284443,0.2686681561172008,0.014521560864523,0.1165927648544311,103045,6.554418962996987e-05,0.0001966325688899,33888
2119,0.1108529530465602,0.1092422977089881,0.0161065554711967,0.1165943369269371,99819,6.551308296709829e-05,0.0001965392489012,33904
2120,0.1525478865951299,0.1509233843535184,0.0162450349889695,0.1165960878133773,101770,6.548196965891481e-05,0.0001964459089767,33920
2121,0.1837161891162395,0.1819884367287159,0.017277518287301,0.1165978088974952,100400,6.545084971874738e-05,0.0001963525491562,33936
2122,0.2647797539830208,0.2632329165935516,0.0154684237204492,0.1165994182229042,101939,6.541972315992678e-05,0.0001962591694797,33952
2123,0.1900041326880455,0.1885157134383916,0.0148841787595301,0.1166013106703758,100804,6.538858999578663e-05,0.0001961657699873,33968
2124,0.138006049208343,0.1362381502985954,0.0176789914257824,0.1166033968329429,97969,6.53574502396634e-05,0.0001960723507189,33984
2125,0.1149074379354715,0.1130369082093238,0.0187052891124039,0.1166054829955101,102335,6.53263039048964e-05,0.0001959789117146,34000
2126,0.1702498942613601,0.1687696855515241,0.0148020728956907,0.1166075989603996,99911,6.529515100482768e-05,0.0001958854530144,34016
2127,0.2303552813827991,0.2286967635154724,0.0165852340869605,0.1166095957159996,95959,6.526399155280219e-05,0.0001957919746584,34032
2128,0.1753890048712492,0.1739560551941394,0.0143295093439519,0.1166118010878562,100663,6.523282556216763e-05,0.0001956984766865,34048
2129,0.1304369792342186,0.1289731673896312,0.0146381554659456,0.1166142299771308,104186,6.520165304627452e-05,0.0001956049591388,34064
2130,0.2482826635241508,0.2468392997980117,0.0144336668308824,0.116616666316986,102192,6.51704740184762e-05,0.0001955114220554,34080
2131,0.1557456515729427,0.1541041024029255,0.0164155170787125,0.1166189983487129,98800,6.513928849212873e-05,0.0001954178654763,34096
2132,0.1511634029448032,0.1494648158550262,0.016985873458907,0.1166214272379875,100244,6.510809648059104e-05,0.0001953242894417,34112
2133,0.2246327176690101,0.2230038791894912,0.0162884392775595,0.1166238114237785,100042,6.507689799722478e-05,0.0001952306939916,34128
2134,0.2352562770247459,0.2335850447416305,0.016712277662009,0.116626001894474,102648,6.50456930553944e-05,0.0001951370791661,34144
2135,0.1921830736100673,0.1906500104814767,0.0153306212741881,0.1166284680366516,102794,6.501448166846711e-05,0.0001950434450054,34160
2136,0.1482236590236425,0.1464384421706199,0.0178521780762821,0.1166309863328933,95150,6.498326384981283e-05,0.0001949497915494,34176
2137,0.1384035479277372,0.1368369050323963,0.0156663917005062,0.1166334077715873,98843,6.495203961280434e-05,0.0001948561188384,34192
2138,0.3085905835032463,0.3072000034153461,0.0139058278873562,0.1166357100009918,101931,6.492080897081709e-05,0.0001947624269124,34208
2139,0.2195569463074207,0.2179815024137497,0.0157544545363634,0.1166379153728485,93874,6.488957193722927e-05,0.0001946687158116,34224
2140,0.2142335511744022,0.2127441652119159,0.0148938887286931,0.1166400909423828,105052,6.485832852542187e-05,0.0001945749855762,34240
2141,0.2039642482995987,0.2025627456605434,0.0140150191728025,0.1166422814130783,102083,6.482707874877854e-05,0.0001944812362463,34256
2142,0.1517782770097255,0.1502691451460123,0.015091311186552,0.1166444271802902,97760,6.479582262068574e-05,0.000194387467862,34272
2143,0.1808967031538486,0.1794042736291885,0.0149242454208433,0.1166466325521469,100395,6.476456015453256e-05,0.0001942936804635,34288
2144,0.2093186248093843,0.2078575976192951,0.0146103436127305,0.1166488230228424,100119,6.473329136371087e-05,0.0001941998740911,34304
2145,0.1579415258020162,0.1562453284859657,0.0169619626831263,0.1166509389877319,96381,6.47020162616152e-05,0.0001941060487848,34320
2146,0.2117296643555164,0.2100499104708433,0.016797512769699,0.1166529357433319,95082,6.467073486164284e-05,0.0001940122045849,34336
2147,0.2163262143731117,0.2147800102829933,0.0154620632529258,0.1166548579931259,99165,6.463944717719374e-05,0.0001939183415315,34352
2148,0.2185577601194381,0.2169571630656719,0.0160059188492596,0.1166567280888557,97004,6.460815322167053e-05,0.000193824459665,34368
2149,0.2108111158013343,0.2092622816562652,0.0154883319046348,0.1166583746671676,100770,6.457685300847858e-05,0.0001937305590254,34384
2150,0.2386505734175443,0.2372448481619358,0.0140573033131659,0.1166602820158004,104491,6.454554655102587e-05,0.000193636639653,34400
2151,0.1366279665380716,0.1350396554917097,0.0158831395674496,0.1166621297597885,100510,6.451423386272312e-05,0.0001935427015881,34416
2152,0.2123553678393364,0.2107205614447593,0.016348089557141,0.1166638955473899,97857,6.44829149569837e-05,0.0001934487448709,34432
2153,0.1978024896234274,0.1962903775274753,0.0151211286429315,0.1166657879948616,102395,6.445158984722358e-05,0.0001933547695416,34448
2154,0.2396044079214334,0.2380112409591674,0.0159317180514335,0.1166676580905914,98110,6.44202585468615e-05,0.0001932607756405,34464
2155,0.1950980201363563,0.1934440359473228,0.0165398251265287,0.116669550538063,100018,6.438892106931876e-05,0.0001931667632079,34480
2156,0.2146943695843219,0.2130285315215587,0.0166583699174225,0.1166713461279869,94003,6.435757742801937e-05,0.000193072732284,34496
2157,0.1628389656543731,0.1612956468015909,0.015433213673532,0.1166733428835868,104549,6.432622763638993e-05,0.0001929786829091,34512
2158,0.110709405504167,0.108961870893836,0.0174753498286008,0.1166753843426704,100412,6.429487170785968e-05,0.0001928846151235,34528
2159,0.1001070626080036,0.098672304302454,0.0143476005177944,0.1166775599122047,98578,6.426350965586051e-05,0.0001927905289675,34544
2160,0.2144383639097213,0.2128205820918083,0.016177827026695,0.1166795492172241,101253,6.423214149382697e-05,0.0001926964244814,34560
2161,0.1551243662834167,0.1536043267697096,0.0152004014234989,0.1166815236210823,102216,6.420076723519614e-05,0.0001926023017055,34576
2162,0.0851670484989881,0.08338488265872,0.0178216733038425,0.1166835501790046,98516,6.416938689340776e-05,0.0001925081606802,34592
2163,0.1942608896642923,0.1927177533507347,0.0154313521925359,0.1166857406497001,98183,6.413800048190416e-05,0.0001924140014457,34608
2164,0.2363081499934196,0.2346390858292579,0.0166906286031007,0.1166877523064613,95953,6.410660801413033e-05,0.0001923198240423,34624
2165,0.1119515541940927,0.1103960126638412,0.0155554255470633,0.1166899874806404,98346,6.407520950353377e-05,0.0001922256285106,34640
2166,0.2040403392165899,0.2025513090193271,0.014890304300934,0.1166925057768821,103100,6.404380496356462e-05,0.0001921314148906,34656
2167,0.1267025545239448,0.1248776540160179,0.0182490074075758,0.1166952103376388,97708,6.401239440767554e-05,0.000192037183223,34672
2168,0.2883245348930359,0.2868713699281215,0.0145316068083047,0.1166976988315582,101968,6.39809778493219e-05,0.0001919429335479,34688
2169,0.1971426084637642,0.1957292258739471,0.014133820310235,0.1167001202702522,103657,6.394955530196147e-05,0.0001918486659058,34704
2170,0.1754812393337488,0.1739644985646009,0.015167425153777,0.1167024299502372,103206,6.391812677905472e-05,0.0001917543803371,34720
2171,0.1709608621895313,0.1692490093410015,0.0171184884384274,0.1167045831680297,93935,6.388669229406462e-05,0.0001916600768821,34736
2172,0.1356166023761034,0.1340320874005556,0.0158451197203248,0.1167065352201461,97117,6.385525186045669e-05,0.0001915657555813,34752
2173,0.1926496885716915,0.1910311467945575,0.0161854173056781,0.116708405315876,99216,6.382380549169905e-05,0.000191471416475,34768
2174,0.1847677491605281,0.1832515653222799,0.0151618591044098,0.1167102232575416,98865,6.379235320126229e-05,0.0001913770596037,34784
2175,0.2442637365311384,0.242528598755598,0.017351392423734,0.1167118847370147,100650,6.376089500261958e-05,0.0001912826850078,34800
2176,0.1662570461630821,0.1647612042725086,0.014958421466872,0.1167135462164878,102608,6.372943090924662e-05,0.0001911882927277,34816
2177,0.1418157555162906,0.1403409484773874,0.014748043147847,0.1167153939604759,102233,6.369796093462164e-05,0.0001910938828038,34832
2178,0.203634912148118,0.2020429670810699,0.0159195172600448,0.1167173534631729,96895,6.366648509222535e-05,0.0001909994552766,34848
2179,0.1976175159215927,0.1961203664541244,0.0149715009611099,0.1167192384600639,98582,6.363500339554099e-05,0.0001909050101866,34864
2180,0.1377089098095893,0.1362317148596048,0.0147719080559909,0.1167212426662445,101218,6.360351585805437e-05,0.0001908105475741,34880
2181,0.1936048530042171,0.1919635236263275,0.0164133091457188,0.1167233437299728,104181,6.357202249325371e-05,0.0001907160674797,34896
2182,0.2027028128504753,0.201109766960144,0.0159304183907806,0.1167257130146026,99726,6.35405233146298e-05,0.0001906215699438,34912
2183,0.1149334479123354,0.1133030522614717,0.0163039506878703,0.1167283058166503,99086,6.350901833567585e-05,0.000190527055007,34928
2184,0.1773729342967271,0.1754870973527431,0.0188583347480744,0.1167308539152145,95044,6.347750756988761e-05,0.0001904325227096,34944
2185,0.2380062136799097,0.2365936683490872,0.0141254649497568,0.1167333126068115,102024,6.344599103076329e-05,0.0001903379730922,34960
2186,0.1757217328995466,0.1740564275532961,0.016653022961691,0.1167354807257652,103003,6.341446873180357e-05,0.0001902434061954,34976
2187,0.2031465284526348,0.2015635184943676,0.0158300837501883,0.1167375594377517,96509,6.338294068651163e-05,0.0001901488220595,34992
2188,0.1179236490279436,0.1164098773151636,0.0151377206202596,0.116739772260189,101237,6.335140690839303e-05,0.0001900542207251,35008
2189,0.1560472548007965,0.1545449942350387,0.015022593550384,0.1167419254779815,101083,6.331986741095588e-05,0.0001899596022328,35024
2190,0.2199329510331154,0.21845318749547,0.0147976165171712,0.1167440041899681,100125,6.328832220771069e-05,0.0001898649666231,35040
2191,0.1456773523241281,0.1441327314823866,0.0154461911879479,0.1167461946606636,99234,6.32567713121704e-05,0.0001897703139365,35056
2192,0.2199229840189218,0.2185112200677395,0.0141175831668078,0.1167484298348426,103215,6.322521473785046e-05,0.0001896756442135,35072
2193,0.1208760235458612,0.1193838715553283,0.0149215175770223,0.1167508959770202,94895,6.319365249826865e-05,0.0001895809574948,35088
2194,0.2592764236032963,0.2578471899032593,0.0142923495732247,0.1167533695697784,101590,6.316208460694526e-05,0.0001894862538208,35104
2195,0.2103412635624408,0.2087916359305381,0.015496251406148,0.1167558133602142,100716,6.313051107740297e-05,0.0001893915332322,35120
2196,0.1664845515042543,0.1649921834468841,0.0149236980360001,0.1167581677436828,105939,6.309893192316688e-05,0.0001892967957695,35136
2197,0.174503531306982,0.1729632802307605,0.0154025112278759,0.1167604103684425,98075,6.306734715776447e-05,0.0001892020414732,35152
2198,0.1716399751603603,0.1699042785912752,0.0173569833859801,0.1167625039815902,101979,6.303575679472569e-05,0.0001891072703841,35168
2199,0.225695414468646,0.2239536959677934,0.0174171852413564,0.1167643889784812,98389,6.300416084758283e-05,0.0001890124825427,35184
2200,0.1867846343666315,0.1851912587881088,0.0159337224904447,0.11676637083292,97990,6.29725593298706e-05,0.0001889176779896,35200
2201,0.2194478847086429,0.2179762758314609,0.0147161069326102,0.1167682111263275,104286,6.294095225512603e-05,0.0001888228567653,35216
2202,0.0979668609797954,0.0964862834662199,0.0148057867772877,0.1167701929807663,100966,6.290933963688867e-05,0.0001887280189106,35232
2203,0.2864480391144752,0.2850642204284668,0.0138381621800363,0.116772249341011,103227,6.287772148870031e-05,0.0001886331644661,35248
2204,0.2176660448312759,0.2158637046813964,0.0180234645958989,0.1167742758989334,95915,6.284609782410518e-05,0.0001885382934723,35264
2205,0.1940222959965467,0.1924388855695724,0.0158341403584927,0.1167763844132423,104282,6.281446865664984e-05,0.0001884434059699,35280
2206,0.2484134119004011,0.2468362897634506,0.0157711950596421,0.1167784631252288,97918,6.278283399988322e-05,0.0001883485019996,35296
2207,0.2468000575900077,0.2452208213508129,0.0157923619262874,0.1167805269360542,102682,6.275119386735661e-05,0.000188253581602,35312
2208,0.1504707913845777,0.1489212214946746,0.0154956667684018,0.1167827248573303,101997,6.271954827262365e-05,0.0001881586448178,35328
2209,0.2424862943589687,0.2407969450578093,0.0168934306129813,0.1167847737669944,97951,6.268789722924029e-05,0.0001880636916877,35344
2210,0.1208716556429863,0.1193510051816701,0.0152065162546932,0.1167869195342063,100715,6.265624075076483e-05,0.0001879687222522,35360
2211,0.1592724863439798,0.1576105859130621,0.0166190105956047,0.1167888641357421,96830,6.26245788507579e-05,0.0001878737365522,35376
2212,0.141346238553524,0.1397064197808504,0.0163982009980827,0.1167908981442451,101934,6.259291154278246e-05,0.0001877787346283,35392
2213,0.1869162302464246,0.1851249411702156,0.0179129161406308,0.116792693734169,98234,6.256123884040378e-05,0.0001876837165212,35408
2214,0.1663423590362072,0.1648495160043239,0.0149283832870423,0.1167947724461555,101415,6.252956075718945e-05,0.0001875886822715,35424
2215,0.0997312907129526,0.0981716327369213,0.015596566023305,0.116797037422657,101685,6.249787730670932e-05,0.0001874936319201,35440
2216,0.1328704040497541,0.1313947914168238,0.0147561146877706,0.1167993023991584,101354,6.246618850253558e-05,0.0001873985655076,35456
2217,0.2011907249689102,0.1994708310812711,0.0171989717055112,0.1168014630675315,101937,6.243449435824276e-05,0.0001873034830747,35472
2218,0.2093511018902063,0.207824420183897,0.0152668706141412,0.1168036460876464,99089,6.240279488740754e-05,0.0001872083846622,35488
2219,0.1549382004886865,0.1530690193176269,0.0186918340623378,0.1168059110641479,97702,6.237109010360904e-05,0.0001871132703108,35504
2220,0.1377929151058197,0.1363981794565916,0.0139473672024905,0.1168083921074867,100993,6.233938002042854e-05,0.0001870181400612,35520
2221,0.1903308928012848,0.188802782446146,0.0152811219450086,0.1168107762932777,101834,6.230766465144967e-05,0.0001869229939543,35536
2222,0.2157837133854627,0.2140927277505397,0.016909877769649,0.116813063621521,97280,6.227594401025824e-05,0.0001868278320307,35552
2223,0.1598511096090078,0.1581783071160316,0.0167280435562133,0.1168152764439582,98618,6.224421811044238e-05,0.0001867326543313,35568
2224,0.193691985681653,0.1920576132833957,0.0163437323644757,0.1168174892663955,97591,6.221248696559248e-05,0.0001866374608967,35584
2225,0.1991297826170921,0.1975873559713363,0.0154242452699691,0.1168197691440582,100746,6.218075058930113e-05,0.0001865422517679,35600
2226,0.1516808811575174,0.1499552223831415,0.0172566196415573,0.1168219447135925,98820,6.21490089951632e-05,0.0001864470269854,35616
2227,0.1145527847111225,0.1128507573157548,0.0170202632434666,0.1168240904808044,98079,6.211726219677578e-05,0.0001863517865903,35632
2228,0.2393257580697536,0.237603286281228,0.0172247551381587,0.1168260276317596,92778,6.208551020773816e-05,0.0001862565306232,35648
2229,0.2380008082836866,0.2363491542637348,0.01651650830172,0.1168277487158775,92808,6.205375304165194e-05,0.0001861612591249,35664
2230,0.1362957563251257,0.1346754916012287,0.016202641883865,0.1168293878436088,98274,6.202199071212084e-05,0.0001860659721363,35680
2231,0.1915395949035883,0.1899276673793792,0.0161193006206303,0.1168308854103088,102069,6.199022323275083e-05,0.0001859706696982,35696
2232,0.2457249164581298,0.2442704625427723,0.0145445796661078,0.1168323531746864,102342,6.195845061715011e-05,0.0001858753518514,35712
2233,0.1855735536664724,0.1837627626955509,0.0181079250760376,0.1168339401483535,98276,6.192667287892905e-05,0.0001857800186367,35728
2234,0.2191209234297275,0.2174684405326843,0.0165247980039566,0.1168355047702789,94921,6.189489003170022e-05,0.0001856846700951,35744
2235,0.1951668709516525,0.1935129780322313,0.0165389522444456,0.1168371737003326,99367,6.186310208907839e-05,0.0001855893062672,35760
2236,0.2468841858208179,0.2452533356845379,0.0163084925152361,0.1168387606739997,101366,6.18313090646805e-05,0.000185493927194,35776
2237,0.1342196613550186,0.132821075618267,0.013985862256959,0.1168405935168266,101784,6.179951097212566e-05,0.0001853985329163,35792
2238,0.2716525718569755,0.2701758369803428,0.0147673522587865,0.116842396557331,98737,6.17677078250352e-05,0.0001853031234751,35808
2239,0.2000179514288902,0.1985904164612293,0.0142754041589796,0.1168440952897071,103434,6.173589963703254e-05,0.000185207698911,35824
2240,0.1636471450328827,0.1621430702507496,0.0150407825130969,0.116845816373825,102432,6.17040864217433e-05,0.0001851122592652,35840
2241,0.1840026155114174,0.1823299266397953,0.0167268523946404,0.1168474480509758,101198,6.167226819279528e-05,0.0001850168045783,35856
2242,0.251409962773323,0.2499482929706573,0.0146166682243347,0.1168490201234817,103686,6.164044496381837e-05,0.0001849213348914,35872
2243,0.268858659081161,0.2674031881615519,0.0145546339917927,0.1168504804372787,97712,6.160861674844463e-05,0.0001848258502453,35888
2244,0.2592013888061046,0.2577185854315758,0.0148279981222003,0.1168519929051399,100295,6.157678356030828e-05,0.0001847303506809,35904
2245,0.135489359498024,0.1339815873652696,0.0150777222588658,0.1168536394834518,99178,6.154494541304561e-05,0.0001846348362391,35920
2246,0.1367536224424839,0.1352032460272312,0.0155037813819944,0.1168553605675697,99405,6.151310232029512e-05,0.0001845393069608,35936
2247,0.1377353640273213,0.1360877277329564,0.0164763692300766,0.1168574318289756,102816,6.148125429569735e-05,0.000184443762887,35952
2248,0.1485004965215921,0.1469519753009081,0.0154851963743567,0.1168594807386398,94445,6.144940135289497e-05,0.0001843482040586,35968
2249,0.1396749150007963,0.1381615716964006,0.0151334672700613,0.1168617531657219,103440,6.141754350553279e-05,0.0001842526305165,35984
2250,0.2535189241170883,0.2520531229674816,0.0146579444408416,0.1168642193078994,105079,6.138568076725769e-05,0.0001841570423017,36000
2251,0.184009276330471,0.1823716908693313,0.0163758727721869,0.1168665140867233,100156,6.135381315171867e-05,0.0001840614394551,36016
2252,0.2365360148251056,0.2351207286119461,0.0141528341919183,0.1168687120079994,103135,6.132194067256678e-05,0.0001839658220177,36032
2253,0.1815929189324379,0.1801328137516975,0.0146010662429034,0.1168706640601158,99617,6.12900633434552e-05,0.0001838701900303,36048
2254,0.251171600073576,0.2498024702072143,0.01369135431014,0.116872489452362,97538,6.125818117803913e-05,0.0001837745435341,36064
2255,0.2335080169141292,0.2318698838353157,0.0163813391700387,0.1168742626905441,102208,6.122629418997591e-05,0.0001836788825699,36080
2256,0.2060383986681699,0.2045583873987198,0.0148001285269856,0.1168759018182754,101350,6.119440239292493e-05,0.0001835832071787,36096
2257,0.1473194621503353,0.1458220984786749,0.0149736569728702,0.1168776750564575,99808,6.116250580054757e-05,0.0001834875174016,36112
2258,0.1503394749015569,0.1486657653003931,0.0167370783165097,0.1168797686696052,99267,6.113060442650736e-05,0.0001833918132795,36128
2259,0.197662865743041,0.1960407942533493,0.0162207528483122,0.1168818175792694,99530,6.10986982844698e-05,0.0001832960948534,36144
2260,0.1664304453879594,0.1648955885320902,0.0153485503979027,0.1168839558959007,100950,6.106678738810251e-05,0.0001832003621643,36160
2261,0.2181628812104463,0.2167097367346286,0.0145314803812652,0.116886168718338,99481,6.103487175107507e-05,0.0001831046152532,36176
2262,0.2149131037294864,0.2134037092328071,0.0150939021259546,0.1168883070349693,99189,6.100295138705912e-05,0.0001830088541611,36192
2263,0.2117163576185703,0.2099668942391872,0.0174946449697017,0.1168902590870857,97830,6.0971026309728365e-05,0.0001829130789291,36208
2264,0.1546708382666111,0.1531511880457401,0.0151964782271534,0.1168922409415245,100625,6.093909653275847e-05,0.0001828172895982,36224
2265,0.1288985405117273,0.1274166386574506,0.0148190271575003,0.1168942749500274,99861,6.090716206982714e-05,0.0001827214862094,36240
2266,0.1126980576664209,0.1111759673804044,0.0152208996005356,0.116896204650402,96386,6.087522293461408e-05,0.0001826256688038,36256
2267,0.2779251411557197,0.2763292491436004,0.0159588856622576,0.1168981567025184,103590,6.084327914080101e-05,0.0001825298374224,36272
2268,0.2217881307005882,0.2202438823878765,0.0154424214269965,0.1169000044465065,99582,6.0811330702071634e-05,0.0001824339921062,36288
2269,0.2074352893978357,0.2058105412870645,0.0162474981043487,0.1169018447399139,97653,6.077937763211166e-05,0.0001823381328963,36304
2270,0.2513939272612333,0.2496472299098968,0.0174670135602355,0.1169034242630004,93146,6.074741994460873e-05,0.0001822422598338,36320
2271,0.2631190940737724,0.2617079578340053,0.0141113623976707,0.1169049367308616,101034,6.071545765325254e-05,0.0001821463729597,36336
2272,0.1473548151552677,0.1459333598613739,0.0142145294230431,0.1169068366289138,98512,6.068349077173471e-05,0.0001820504723152,36352
2273,0.1927280090749263,0.1912001753225922,0.0152783468365669,0.1169087886810302,100520,6.065151931374884e-05,0.0001819545579412,36368
2274,0.2121914979070425,0.2103001661598682,0.018913330277428,0.1169109046459198,102760,6.061954329299047e-05,0.0001818586298789,36384
2275,0.2030813880264759,0.201654877513647,0.0142651179339736,0.1169131696224212,102380,6.0587562723157135e-05,0.0001817626881694,36400
2276,0.208950312808156,0.2074952498078346,0.0145506709814071,0.1169154644012451,102619,6.0555577617948256e-05,0.0001816667328538,36416
2277,0.1525514759123325,0.1508895307779312,0.0166194799821823,0.116917684674263,99974,6.052358799106528e-05,0.0001815707639731,36432
2278,0.1315783355385065,0.1300864089280367,0.0149192719254642,0.1169198974967002,99406,6.049159385621155e-05,0.0001814747815686,36448
2279,0.2389699146151542,0.237513281404972,0.0145663670264184,0.1169221401214599,100991,6.045959522709229e-05,0.0001813787856812,36464
2280,0.2229394968599081,0.2214288841933012,0.0151061092037707,0.1169243678450584,99957,6.042759211741472e-05,0.0001812827763522,36480
2281,0.2466513849794864,0.2452146485447883,0.0143673219718039,0.1169264689087867,99222,6.039558454088796e-05,0.0001811867536226,36496
2282,0.2237577456980943,0.2222104538232088,0.0154728966299444,0.1169285848736763,98900,6.0363572511223065e-05,0.0001810907175336,36512
2283,0.2014465816318988,0.1998344957828521,0.016120859188959,0.1169307976961135,99597,6.0331556042132906e-05,0.0001809946681263,36528
2284,0.2144735008478164,0.2129976972937584,0.0147580341435968,0.1169329136610031,104023,6.029953514733239e-05,0.0001808986054419,36544
2285,0.1961052194237709,0.1944681294262409,0.016370928613469,0.1169349327683448,101790,6.026750984053821e-05,0.0001808025295216,36560
2286,0.1384292710572481,0.1366436779499054,0.0178559699561446,0.1169368252158165,96816,6.023548013546899e-05,0.0001807064404064,36576
2287,0.0973167680203914,0.0955684166401624,0.0174835009966045,0.1169388070702552,101050,6.020344604584526e-05,0.0001806103381375,36592
2288,0.2140765096992254,0.2124885283410549,0.0158798219636082,0.116940788924694,101513,6.017140758538937e-05,0.0001805142227561,36608
2289,0.1495998371392488,0.1481426544487476,0.014571790350601,0.1169428974390029,101809,6.0139364767825626e-05,0.0001804180943034,36624
2290,0.1738763116300106,0.1720907445996999,0.017855643061921,0.1169449314475059,93177,6.010731760688013e-05,0.0001803219528206,36640
2291,0.3150828331708908,0.3135296404361725,0.0155319238547235,0.1169468536972999,99873,6.007526611628086e-05,0.0001802257983488,36656
2292,0.3004879206418991,0.2989741563796997,0.0151376733556389,0.116948664188385,101021,6.004321030975767e-05,0.0001801296309292,36672
2293,0.136669797822833,0.1351603679358959,0.015094308881089,0.1169504895806312,94782,6.001115020104224e-05,0.0001800334506031,36688
2294,0.1851314101368188,0.1836019568145275,0.0152944982983171,0.1169523447751998,102109,5.997908580386811e-05,0.0001799372574116,36704
2295,0.2337561510503292,0.2321733944118023,0.0158275237772613,0.1169541180133819,100264,5.994701713197063e-05,0.0001798410513959,36720
2296,0.1483461763709783,0.1467519663274288,0.0159421085845679,0.1169559806585311,99871,5.991494419908703e-05,0.0001797448325972,36736
2297,0.1301513165235519,0.1286239400506019,0.0152737738098949,0.1169578731060028,100171,5.988286701895631e-05,0.0001796486010568,36752
2298,0.1107956767082214,0.1092094853520393,0.0158619133289903,0.1169597506523132,99644,5.985078560531933e-05,0.0001795523568159,36768
2299,0.2066873833537101,0.2052918821573257,0.0139550112653523,0.1169616281986236,101261,5.9818699971918754e-05,0.0001794560999157,36784
2300,0.2027655281126499,0.2012468017637729,0.0151873261202126,0.1169633269309997,99144,5.978661013249902e-05,0.0001793598303974,36800
2301,0.2144865468144416,0.2128422781825065,0.0164426721166819,0.1169648692011833,100915,5.975451610080642e-05,0.0001792635483024,36816
2302,0.2552528120577335,0.2536265179514885,0.0162629410624504,0.1169664338231086,99431,5.972241789058901e-05,0.0001791672536717,36832
2303,0.2711577080190182,0.2696497552096843,0.0150795781519263,0.1169681549072265,101296,5.969031551559664e-05,0.0001790709465467,36848
2304,0.1679742280393839,0.1663486044853925,0.0162562408950179,0.1169698536396026,100017,5.965820898958097e-05,0.0001789746269687,36864
2305,0.1470838785171508,0.1453473716974258,0.0173650498036295,0.1169716641306877,95625,5.9626098326295376e-05,0.0001788782949788,36880
2306,0.2471626549959182,0.2455196790397167,0.0164297511801123,0.116973377764225,97988,5.959398353949508e-05,0.0001787819506184,36896
2307,0.1782221458852291,0.1766064614057541,0.016156869707629,0.116975225508213,98330,5.956186464293703e-05,0.0001786855939288,36912
2308,0.1697576940059662,0.1681411992758512,0.0161649531219154,0.1169769242405891,101760,5.952974165037992e-05,0.0001785892249511,36928
2309,0.2145316787064075,0.2130754999816417,0.0145618426613509,0.1169784888625145,98153,5.949761457558424e-05,0.0001784928437267,36944
2310,0.2497991304844617,0.2483524717390537,0.0144665359985083,0.1169802621006965,103720,5.9465483432312194e-05,0.0001783964502969,36960
2311,0.2363546192646026,0.234905295073986,0.0144932593684643,0.1169819086790084,102807,5.9433348234327765e-05,0.0001783000447029,36976
2312,0.1446960885077715,0.1430259495973587,0.016701404005289,0.1169834211468696,92705,5.940120899539664e-05,0.0001782036269861,36992
2313,0.107568978331983,0.1061012130230665,0.0146776402834802,0.1169849634170532,104815,5.9369065729286245e-05,0.0001781071971878,37008
2314,0.1644932366907596,0.1630167420953512,0.0147649303544312,0.1169865429401397,104438,5.933691844976572e-05,0.0001780107553492,37024
2315,0.1260745730251073,0.1245544776320457,0.0152009336743503,0.1169883534312248,103445,5.930476717060596e-05,0.0001779143015118,37040
2316,0.1936264000833034,0.1921329516917467,0.0149344243109226,0.1169903427362442,100867,5.927261190557954e-05,0.0001778178357167,37056
2317,0.1441918537020683,0.142539856955409,0.0165199937764555,0.116992563009262,101084,5.9240452668460775e-05,0.0001777213580053,37072
2318,0.2355924472212791,0.2341171465814113,0.0147530424874275,0.116994671523571,98389,5.9208289473025634e-05,0.000177624868419,37088
2319,0.2372070178389549,0.2355975061655044,0.016095170751214,0.1169966459274292,99709,5.917612233305183e-05,0.0001775283669991,37104
2320,0.144541391171515,0.1430254476144909,0.015159418573603,0.1169985085725784,99853,5.914395126231871e-05,0.0001774318537869,37120
2321,0.1385714225471019,0.1369289755821228,0.0164244282059371,0.1170002594590187,95942,5.911177627460739e-05,0.0001773353288238,37136
2322,0.3208142630755901,0.3191910870373249,0.0162317082285881,0.1170018687844276,95267,5.907959738370055e-05,0.0001772387921511,37152
2323,0.1799569670110941,0.1785678826272487,0.0138908205553889,0.1170034855604171,100760,5.904741460338266e-05,0.0001771422438101,37168
2324,0.21420618891716,0.2126923613250255,0.01513826334849,0.1170049905776977,100970,5.901522794743977e-05,0.0001770456838423,37184
2325,0.1744506135582924,0.1729574967175722,0.0149311230052262,0.1170064508914947,101879,5.898303742965964e-05,0.0001769491122889,37200
2326,0.1524911783635616,0.1508398503065109,0.0165132847614586,0.1170079931616783,98765,5.895084306383165e-05,0.0001768525291914,37216
2327,0.1932194409891963,0.1915765758603811,0.016428691567853,0.1170095056295394,100821,5.891864486374683e-05,0.0001767559345912,37232
2328,0.1599229937419295,0.1584116220474243,0.0151137234643101,0.117011047899723,100343,5.888644284319791e-05,0.0001766593285295,37248
2329,0.1798779163509607,0.1783664412796497,0.015114766312763,0.1170127168297767,98337,5.885423701597917e-05,0.0001765627110479,37264
2330,0.1300410516560077,0.1285108178853988,0.0153023363091051,0.1170145198702812,102000,5.882202739588659e-05,0.0001764660821876,37280
2331,0.1976451650261879,0.1961841098964214,0.0146105221938341,0.11701650172472,103383,5.8789813996717736e-05,0.0001763694419901,37296
2332,0.2760652713477611,0.2743467800319195,0.0171849040780216,0.1170183941721916,102357,5.87575968322718e-05,0.0001762727904968,37312
2333,0.2282167933881282,0.226663876324892,0.0155291755218058,0.1170204877853393,96771,5.87253759163496e-05,0.000176176127749,37328
2334,0.1895622666925192,0.1879926323890686,0.0156963383778929,0.1170225366950035,98176,5.8693151262753566e-05,0.0001760794537882,37344
2335,0.2955525405704975,0.2941621579229831,0.0139038560446351,0.1170244738459587,102344,5.8660922885287686e-05,0.0001759827686558,37360
2336,0.2448258623480796,0.2434132657945156,0.0141259410884231,0.1170263513922691,97565,5.862869079775759e-05,0.0001758860723932,37376
2337,0.2106632441282272,0.2091287970542907,0.0153444532770663,0.1170281022787094,99829,5.859645501397048e-05,0.0001757893650419,37392
2338,0.2396365236490965,0.2378998696804046,0.0173665557522326,0.1170299276709556,97322,5.856421554773515e-05,0.0001756926466432,37408
2339,0.2434597834944725,0.2418927159160375,0.0156706923153251,0.1170316040515899,104372,5.853197241286195e-05,0.0001755959172385,37424
2340,0.2288763336837291,0.2273999880999326,0.0147634888999164,0.1170334070920944,104261,5.84997256231628e-05,0.0001754991768694,37440
2341,0.2397269271314144,0.2381398174911737,0.0158710936084389,0.1170352101325988,98449,5.8467475192451226e-05,0.0001754024255773,37456
2342,0.1579680554568767,0.1566048972308635,0.0136315790005028,0.1170370876789093,103895,5.8435221134542297e-05,0.0001753056634036,37472
2343,0.2402620315551757,0.2388521879911422,0.014098442858085,0.1170389428734779,101988,5.84029634632526e-05,0.0001752088903897,37488
2344,0.219162255525589,0.2175707332789898,0.0159152424894273,0.1170404851436615,101939,5.837070219240031e-05,0.0001751121065772,37504
2345,0.1799473129212856,0.1782082561403513,0.0173905615229159,0.1170419454574585,96632,5.833843733580512e-05,0.0001750153120074,37520
2346,0.2287595346570015,0.2272774390876293,0.0148209568578749,0.1170433312654495,98195,5.830616890728827e-05,0.0001749185067218,37536
2347,0.1919464264065027,0.1902714893221855,0.0167493445333093,0.1170447319746017,99648,5.827389692067256e-05,0.000174821690762,37552
2348,0.2069312762469053,0.205372504889965,0.0155876786448061,0.1170466020703315,102981,5.8241621389782254e-05,0.0001747248641693,37568
2349,0.20234439894557,0.2006670385599136,0.0167735798750072,0.1170485317707061,101837,5.820934232844315e-05,0.0001746280269853,37584
2350,0.224093496799469,0.2222411818802356,0.0185231296345591,0.1170503720641136,91261,5.817705975048261e-05,0.0001745311792514,37600
2351,0.1559773813933134,0.1543979533016681,0.0157942648511379,0.1170522943139076,101508,5.814477366972945e-05,0.0001744343210091,37616
2352,0.2619791775941849,0.2602948285639286,0.0168435403611511,0.1170540750026702,97893,5.8112484100013984e-05,0.0001743374523,37632
2353,0.1748485751450061,0.1732461154460907,0.0160245881415903,0.1170559376478195,99653,5.8080191055168064e-05,0.0001742405731655,37648
2354,0.2045868635177612,0.2028666660189628,0.0172019824385643,0.117057666182518,100672,5.8047894549024985e-05,0.000174143683647,37664
2355,0.1840443052351474,0.1826226841658353,0.0142162037082016,0.1170594468712806,102536,5.8015594595419565e-05,0.0001740467837862,37680
2356,0.2032672446221113,0.2015493176877498,0.0171792674809694,0.1170611456036567,98670,5.798329120818806e-05,0.0001739498736245,37696
2357,0.1881921682506799,0.1867154613137245,0.0147670549340546,0.117063783109188,99176,5.795098440116822e-05,0.0001738529532035,37712
2358,0.1802061088383197,0.1785319652408361,0.0167414247989654,0.1170662641525268,96126,5.791867418819924e-05,0.0001737560225645,37728
2359,0.2576790936291218,0.2562178336083889,0.0146126134786754,0.1170687973499298,98091,5.788636058312182e-05,0.0001736590817493,37744
2360,0.1604840634390711,0.1590195447206497,0.0146451913751661,0.1170713007450103,101455,5.785404359977806e-05,0.0001735621307993,37760
2361,0.2139922603964805,0.2123992834240198,0.0159297457430511,0.1170736998319625,103924,5.782172325201155e-05,0.000173465169756,37776
2362,0.1887761428952217,0.1870857514441013,0.0169039305765181,0.1170760318636894,94992,5.778939955366728e-05,0.000173368198661,37792
2363,0.2386522479355335,0.2372767031192779,0.0137554793618619,0.1170783191919326,97086,5.775707251859168e-05,0.0001732712175557,37808
2364,0.1737471278756857,0.172126704826951,0.0162042488809674,0.1170805767178535,98111,5.772474216063266e-05,0.0001731742264818,37824
2365,0.1620849147439003,0.1606175564229488,0.0146736083552241,0.117082878947258,102976,5.769240849363952e-05,0.0001730772254809,37840
2366,0.2212033085525035,0.2197811044752597,0.0142220775596797,0.1170852705836296,97295,5.7660071531462936e-05,0.0001729802145943,37856
2367,0.1759598311036825,0.1742770560085773,0.0168277584016323,0.117087535560131,89893,5.762773128795505e-05,0.0001728831938638,37872
2368,0.2413455490022897,0.2397420108318328,0.0160353470128029,0.1170897558331489,98510,5.759538777696942e-05,0.0001727861633309,37888
2369,0.1823440175503492,0.1808451954275369,0.0149882305413484,0.1170917972922325,103197,5.756304101236097e-05,0.000172689123037,37904
2370,0.2155049778521061,0.2138408832252025,0.0166409721132367,0.1170937046408653,99832,5.7530691007986006e-05,0.0001725920730239,37920
2371,0.1750016752630472,0.1736058332026004,0.0139584173448383,0.1170955747365951,103715,5.749833777770225e-05,0.0001724950133331,37936
2372,0.2059668246656656,0.2044711112976074,0.0149571544025093,0.1170973628759384,95868,5.7465981335368814e-05,0.0001723979440061,37952
2373,0.1022685542702674,0.1006587967276573,0.0160975928883999,0.1170993894338607,98961,5.743362169484616e-05,0.0001723008650845,37968
2374,0.1643090527504682,0.162431189790368,0.0187786184251308,0.1171014830470085,92432,5.740125886999612e-05,0.0001722037766099,37984
2375,0.2038268074393272,0.2021669950336218,0.0165981031022965,0.1171037182211875,92409,5.73688928746819e-05,0.000172106678624,38000
2376,0.1330345924943685,0.1315135452896356,0.0152104925364255,0.1171060502529144,105707,5.733652372276809e-05,0.0001720095711683,38016
2377,0.1569650657474994,0.1555752884596586,0.013897779630497,0.1171083226799964,104797,5.730415142812059e-05,0.0001719124542843,38032
2378,0.1487293075770139,0.1470958553254604,0.0163345010951161,0.1171106770634651,98455,5.727177600460665e-05,0.0001718153280138,38048
2379,0.2387179229408502,0.2370382696390152,0.0167965199798345,0.1171128004789352,95656,5.723939746609489e-05,0.0001717181923982,38064
2380,0.1881585903465747,0.1866069100797176,0.0155167686752974,0.1171147897839546,100344,5.720701582645524e-05,0.0001716210474793,38080
2381,0.1626876890659332,0.1611007191240787,0.0158696745056659,0.117116592824459,102586,5.717463109955896e-05,0.0001715238932986,38096
2382,0.2164417840540409,0.2148244641721248,0.0161731715779751,0.1171181127429008,92624,5.714224329927868e-05,0.0001714267298978,38112
2383,0.1705240793526172,0.1690722070634365,0.0145187324378639,0.1171196028590202,104347,5.710985243948823e-05,0.0001713295573184,38128
2384,0.1983532272279262,0.1966542042791843,0.0169902092311531,0.1171212121844291,99188,5.707745853406289e-05,0.0001712323756021,38144
2385,0.1799216624349355,0.1784764546900987,0.0144520953763276,0.1171229779720306,106253,5.7045061596879134e-05,0.0001711351847906,38160
2386,0.1896581575274467,0.1880807504057884,0.0157740528229624,0.1171247512102127,99221,5.7012661641814825e-05,0.0001710379849254,38176
2387,0.2634635791182518,0.2620487660169601,0.0141481105238199,0.1171265318989753,105704,5.698025868274904e-05,0.0001709407760482,38192
2388,0.2521002851426601,0.250517725944519,0.0158255302812904,0.117128349840641,100074,5.694785273356219e-05,0.0001708435582006,38208
2389,0.088526027277112,0.0870781876146793,0.0144783847499638,0.1171302795410156,98761,5.691544380813596e-05,0.0001707463314244,38224
2390,0.1734611988067627,0.1718067023903131,0.0165449201595038,0.1171323284506797,102846,5.6883031920353294e-05,0.000170649095761,38240
2391,0.2128299064934253,0.2112478204071521,0.0158208906650543,0.1171343326568603,97776,5.685061708409841e-05,0.0001705518512522,38256
2392,0.2084194421768188,0.2068511843681335,0.015682598343119,0.1171362176537513,98215,5.68181993132568e-05,0.0001704545979397,38272
2393,0.2195697575807571,0.2180964313447475,0.0147332435008138,0.1171381250023841,101237,5.6785778621715225e-05,0.0001703573358651,38288
2394,0.190327763557434,0.1887807287275791,0.0154703457374125,0.117139883339405,98799,5.675335502336165e-05,0.00017026006507,38304
2395,0.2207012474536895,0.2190312705934047,0.0166997769847512,0.1171414777636528,98549,5.672092853208535e-05,0.0001701627855962,38320
2396,0.2546200007200241,0.2531362138688564,0.0148378207813948,0.1171431541442871,97092,5.668849916177676e-05,0.0001700654974853,38336
2397,0.1116871424019336,0.1101571591570973,0.0152998419944196,0.1171448528766632,106689,5.665606692632762e-05,0.0001699682007789,38352
2398,0.1455708313733339,0.1439321637153625,0.016386690782383,0.1171465516090393,100225,5.6623631839630864e-05,0.0001698708955188,38368
2399,0.2117809373885393,0.2103349715471267,0.0144596172031015,0.1171482056379318,102079,5.6591193915580656e-05,0.0001697735817467,38384
2400,0.2423678264021873,0.2409330159425735,0.0143481150735169,0.1171498820185661,104418,5.655875316807237e-05,0.0001696762595042,38400
2401,0.2409633751958608,0.2394821345806121,0.0148124403785914,0.1171514391899108,102913,5.6526309611002594e-05,0.000169578928833,38416
2402,0.2424332052469253,0.2409812398254871,0.0145196432713419,0.1171530187129974,101670,5.649386325826909e-05,0.0001694815897748,38432
2403,0.1600798713043332,0.1582995019853115,0.0178036661818623,0.1171546205878257,93184,5.6461414123770886e-05,0.0001693842423713,38448
2404,0.1611453220248222,0.1595287416130304,0.0161658411379903,0.1171564236283302,96564,5.642896222140815e-05,0.0001692868866642,38464
2405,0.1517436914145946,0.1501508504152298,0.015928418142721,0.1171580180525779,103404,5.639650756508222e-05,0.0001691895226952,38480
2406,0.2940183859318495,0.2924836687743664,0.0153471869416534,0.1171596199274063,102071,5.636405016869567e-05,0.000169092150506,38496
2407,0.1690187454223632,0.1674824059009552,0.0153634108137339,0.1171612441539764,97206,5.63315900461522e-05,0.0001689947701384,38512
2408,0.1958730667829513,0.1944199223071336,0.0145314992405474,0.1171629056334495,105456,5.629912721135671e-05,0.000168897381634,38528
2409,0.2102388925850391,0.2085577063262462,0.0168118667788803,0.1171644628047943,98658,5.6266661678215216e-05,0.0001687999850346,38544
2410,0.1330755334347486,0.1314668171107769,0.0160871725529432,0.1171659380197525,97300,5.6234193460634953e-05,0.0001687025803819,38560
2411,0.1461858861148357,0.1447093971073627,0.0147648884449154,0.1171675100922584,98307,5.620172257252428e-05,0.0001686051677175,38576
2412,0.1543715801090002,0.1528089959174394,0.0156258384231477,0.1171692684292793,100465,5.616924902779266e-05,0.0001685077470833,38592
2413,0.1803572457283735,0.1787311397492885,0.0162610509432852,0.1171712204813957,100190,5.613677284035075e-05,0.000168410318521,38608
2414,0.1415372062474489,0.1401102822273969,0.0142692273948341,0.1171734929084777,101119,5.610429402411031e-05,0.0001683128820723,38624
2415,0.244805134832859,0.2432097867131233,0.0159534667618572,0.1171756312251091,97750,5.607181259298424e-05,0.0001682154377789,38640
2416,0.302407331764698,0.3009578064084053,0.0144952849950641,0.1171776056289672,100483,5.603932856088655e-05,0.0001681179856826,38656
2417,0.1426050569862127,0.1409212760627269,0.0168378055095672,0.1171795353293418,96128,5.600684194173236e-05,0.0001680205258251,38672
2418,0.2176587842404842,0.2160955220460891,0.0156326354481279,0.1171814054250717,96139,5.597435274943792e-05,0.0001679230582483,38688
2419,0.1191150322556495,0.1174785140901804,0.0163651956245303,0.1171833425760269,101779,5.594186099792055e-05,0.0001678255829937,38704
2420,0.1271335985511541,0.1253846902400255,0.0174890847411006,0.1171852052211761,99097,5.5909366701098695e-05,0.0001677281001032,38720
2421,0.1417240537703037,0.1401590257883072,0.0156502954196184,0.1171870604157447,99919,5.587686987289189e-05,0.0001676306096186,38736
2422,0.1650670915842056,0.1636504270136356,0.0141666773706674,0.1171888187527656,98528,5.584437052722073e-05,0.0001675331115816,38752
2423,0.1636714916676283,0.1622191928327083,0.0145229888148605,0.1171907261013984,101548,5.58118686780069e-05,0.000167435606034,38768
2424,0.1534819640219211,0.1519986316561699,0.0148333190008997,0.1171927973628044,101226,5.5779364339173146e-05,0.0001673380930175,38784
2425,0.1915883440524339,0.1901290640234947,0.0145927763078361,0.1171946451067924,99523,5.574685752464334e-05,0.0001672405725739,38800
2426,0.1638710517436266,0.1621441356837749,0.0172691368497908,0.1171964108943939,96026,5.571434824834233e-05,0.000167143044745,38816
2427,0.2522386107593775,0.2504639886319637,0.0177462482824921,0.1171980872750282,96526,5.568183652419606e-05,0.0001670455095725,38832
2428,0.1689555551856756,0.1673487331718206,0.0160682499408721,0.1171998456120491,97539,5.564932236613154e-05,0.0001669479670983,38848
2429,0.1658373586833477,0.1642325241118669,0.0160483471117913,0.1172016561031341,99167,5.561680578807678e-05,0.0001668504173642,38864
2430,0.2205802965909242,0.2191322203725576,0.0144807579927146,0.1172034218907356,99386,5.558428680396087e-05,0.0001667528604118,38880
2431,0.1816432885825634,0.1802104767411947,0.0143281377386301,0.1172052025794982,98122,5.555176542771389e-05,0.0001666552962831,38896
2432,0.2681280300021171,0.2667123302817344,0.0141570123378187,0.1172068938612937,98856,5.551924167326698e-05,0.0001665577250198,38912
2433,0.2348760962486267,0.2334217317402362,0.0145436213351786,0.1172085180878639,104882,5.548671555455226e-05,0.0001664601466636,38928
2434,0.2428788784891367,0.2414733432233333,0.0140553619712591,0.1172101721167564,101797,5.545418708550293e-05,0.0001663625612565,38944
2435,0.2669743970036506,0.2655207179486751,0.0145367679651826,0.1172117963433265,99928,5.542165628005311e-05,0.0001662649688401,38960
2436,0.1487645413726568,0.1473226323723793,0.0144190944265574,0.1172138080000877,106175,5.538912315213797e-05,0.0001661673694564,38976
2437,0.169003240764141,0.1675040759146213,0.0149916345253586,0.1172158047556877,104279,5.535658771569369e-05,0.000166069763147,38992
2438,0.2099554184824228,0.2085166424512863,0.014387747971341,0.1172176897525787,97747,5.53240499846574e-05,0.0001659721499539,39008
2439,0.1701832171529531,0.1686466839164495,0.0153653332963585,0.1172196790575981,102154,5.529150997296724e-05,0.0001658745299189,39024
2440,0.1158611644059419,0.1140572745352983,0.018038873327896,0.1172216832637786,99980,5.5258967694562304e-05,0.0001657769030836,39040
2441,0.1131543945521116,0.1115877795964479,0.0156661719083786,0.1172235831618309,98208,5.522642316338268e-05,0.0001656792694901,39056
2442,0.255754267796874,0.2542077079415321,0.015465588774532,0.1172253713011741,98616,5.519387639336941e-05,0.0001655816291801,39072
2443,0.1560955923050642,0.1545308213680982,0.0156476716510951,0.1172271221876144,100350,5.51613273984645e-05,0.0001654839821953,39088
2444,0.2472180984914302,0.2456292659044265,0.0158883249387145,0.1172289103269577,101922,5.5128776192610895e-05,0.0001653863285778,39104
2445,0.1457843501120805,0.1442228574305772,0.0156149531248956,0.1172308325767517,101140,5.50962227897525e-05,0.0001652886683692,39120
2446,0.2411506976932287,0.2397657260298729,0.0138497662264853,0.1172327846288681,102537,5.506366720383417e-05,0.0001651910016115,39136
2447,0.1912004128098487,0.1896356493234634,0.0156476544216275,0.117234781384468,95838,5.503110944880169e-05,0.0001650933283464,39152
2448,0.1381196957081556,0.136471664533019,0.0164803022053092,0.1172368004918098,96836,5.499854953860173e-05,0.0001649956486158,39168
2449,0.2195608150213956,0.2179479859769344,0.0161283512134104,0.1172387078404426,102952,5.496598748718196e-05,0.0001648979624615,39184
2450,0.1324789691716432,0.1309353746473789,0.0154359410516917,0.1172406151890754,102460,5.493342330849089e-05,0.0001648002699254,39200
2451,0.1494433749467134,0.1478540673851966,0.0158930507022887,0.1172423809766769,100996,5.490085701647805e-05,0.0001647025710494,39216
2452,0.1272410284727811,0.1256117969751358,0.0162923191674053,0.1172441095113754,100717,5.4868288625093725e-05,0.0001646048658752,39232
2453,0.2223055250942707,0.2207312472164631,0.0157428046222776,0.1172459498047828,100596,5.483571814828921e-05,0.0001645071544448,39248
2454,0.164625322446227,0.1630874276161193,0.0153789811301976,0.1172478124499321,101654,5.480314560001667e-05,0.0001644094368,39264
2455,0.1142090782523155,0.1126627847552299,0.0154629515018314,0.1172496154904365,99254,5.477057099422913e-05,0.0001643117129826,39280
2456,0.2410004325211048,0.2395852878689766,0.0141514327842742,0.117251269519329,100862,5.473799434488056e-05,0.0001642139830346,39296
2457,0.1834454406052827,0.1818208619952201,0.0162457989063113,0.1172535642981529,104182,5.470541566592573e-05,0.0001641162469977,39312
2458,0.2115727141499519,0.2100308053195476,0.0154190817847847,0.1172558590769767,104998,5.4672834971320296e-05,0.0001640185049139,39328
2459,0.1275792680680751,0.1260707974433899,0.0150847267359495,0.1172580868005752,101097,5.464025227502082e-05,0.000163920756825,39344
2460,0.1830036286264658,0.1814269926398992,0.0157663801219314,0.117260105907917,99607,5.460766759098468e-05,0.0001638230027729,39360
2461,0.1788492128252983,0.1771800629794597,0.0166914616711437,0.1172620505094528,99531,5.457508093317013e-05,0.0001637252427995,39376
2462,0.2496213726699352,0.2477165050804615,0.0190487150102853,0.1172636747360229,92569,5.454249231553624e-05,0.0001636274769466,39392
2463,0.2049807142466306,0.203357907012105,0.016228046733886,0.1172651425004005,97949,5.450990175204296e-05,0.0001635297052561,39408
2464,0.1898202914744615,0.1882946267724037,0.0152566295582801,0.1172665581107139,97548,5.447730925665104e-05,0.0001634319277699,39424
2465,0.2275143973529338,0.2260317243635654,0.0148266626056283,0.1172682642936706,102222,5.4444714843322085e-05,0.0001633341445299,39440
2466,0.2287341691553592,0.2272753864526748,0.0145878575276583,0.117270216345787,104468,5.441211852601849e-05,0.000163236355578,39456
2467,0.1636783126741647,0.1619431897997856,0.0173512452747672,0.1172720119357109,97327,5.437952031870347e-05,0.0001631385609561,39472
2468,0.1223360253497958,0.1209252839908003,0.0141074005514383,0.117273986339569,104488,5.434692023534108e-05,0.000163040760706,39488
2469,0.1371874641627073,0.1357467528432607,0.0144071329850703,0.1172760128974914,96349,5.4314318289896185e-05,0.0001629429548696,39504
2470,0.2242705132812261,0.2227634191513061,0.0150709594599902,0.1172780469059944,104009,5.428171449633437e-05,0.000162845143489,39520
2471,0.1668674554675817,0.1653278563171625,0.0153959919698536,0.1172800436615943,104403,5.4249108868622086e-05,0.0001627473266058,39536
2472,0.1630660742521286,0.1616887487471103,0.0137732208240777,0.117281973361969,105146,5.421650142072655e-05,0.0001626495042621,39552
2473,0.1781106200069189,0.1761894263327121,0.0192119455896317,0.1172837391495704,97509,5.418389216661579e-05,0.0001625516764998,39568
2474,0.1119898855686187,0.1105113346129655,0.0147855030372738,0.1172854751348495,97654,5.415128112025851e-05,0.0001624538433607,39584
2475,0.1997951176017522,0.1982768438756466,0.0151827216614037,0.117287129163742,101194,5.411866829562428e-05,0.0001623560048868,39600
2476,0.2130535840988159,0.211387064307928,0.0166652544867247,0.1172887831926345,97801,5.408605370668342e-05,0.00016225816112,39616
2477,0.1716721672564745,0.170069869607687,0.0160229764878749,0.1172903403639793,97407,5.405343736740695e-05,0.0001621603121022,39632
2478,0.1068179458379745,0.1053493907675147,0.0146855490747839,0.1172921359539032,97995,5.402081929176668e-05,0.0001620624578753,39648
2479,0.1341827474534511,0.1325099915266037,0.0167275508865714,0.1172938197851181,99496,5.398819949373516e-05,0.0001619645984812,39664
2480,0.2597202286124229,0.2582041248679161,0.0151609764434397,0.1172955781221389,99675,5.395557798728568e-05,0.0001618667339618,39680
2481,0.1474382318556308,0.1460040546953678,0.0143417911604046,0.1172974929213523,100420,5.392295478639225e-05,0.0001617688643591,39696
2482,0.2173252943903207,0.215901929885149,0.0142336469143629,0.1172993257641792,98990,5.3890329905029626e-05,0.000161670989715,39712
2483,0.1870284005999565,0.185587964951992,0.0144043853506445,0.1173009797930717,98861,5.385770335717326e-05,0.0001615731100715,39728
2484,0.1713661476969719,0.1696625053882599,0.0170364284422248,0.1173024773597717,98656,5.382507515679931e-05,0.0001614752254703,39744
2485,0.2067145109176635,0.205276446416974,0.0143806617707014,0.1173040121793747,99442,5.3792445317884696e-05,0.0001613773359536,39760
2486,0.2399729155004024,0.2383610680699348,0.0161184966564178,0.1173055469989776,97637,5.3759813854407e-05,0.0001612794415632,39776
2487,0.163060687482357,0.1616459265351295,0.0141475652344524,0.117307424545288,107176,5.3727180780344486e-05,0.000161181542341,39792
2488,0.0950541887432336,0.093508331105113,0.0154585647396743,0.1173093914985656,100071,5.3694546109676135e-05,0.000161083638329,39808
2489,0.2335352562367916,0.2320801876485347,0.0145506672561168,0.1173112690448761,105947,5.366190985638159e-05,0.0001609857295691,39824
2490,0.1584994755685329,0.1570269111543893,0.0147256248164922,0.117313228547573,102239,5.36292720344412e-05,0.0001608878161033,39840
2491,0.1949534751474857,0.1934451330453157,0.0150834610685706,0.1173153668642044,98208,5.359663265783598e-05,0.0001607898979735,39856
2492,0.1621308047324419,0.1605418808758258,0.0158891975879669,0.1173174679279327,97219,5.356399174054758e-05,0.0001606919752216,39872
2493,0.1086872909218072,0.1071710102260112,0.0151628167368471,0.117319568991661,103441,5.3531349296558345e-05,0.0001605940478896,39888
2494,0.2129217907786369,0.2113156244158744,0.0160616445355117,0.1173215359449386,104244,5.349870533985124e-05,0.0001604961160195,39904
2495,0.1511842664331197,0.1496061235666275,0.015781429130584,0.1173236370086669,102387,5.346605988440994e-05,0.0001603981796532,39920
2496,0.1563750430941581,0.1548907235264778,0.0148432059213519,0.1173256412148475,98697,5.343341294421869e-05,0.0001603002388326,39936
2497,0.2427315264940261,0.2412289604544639,0.0150256853085011,0.1173274666070938,99847,5.340076453326241e-05,0.0001602022935997,39952
2498,0.2629291899502277,0.2614683583378792,0.0146082520950585,0.1173291206359863,99293,5.336811466552665e-05,0.0001601043439965,39968
2499,0.1764091625809669,0.1748298406600952,0.0157932213041931,0.1173307746648788,97141,5.333546335499756e-05,0.0001600063900649,39984
2500,0.1511029414832592,0.1495999433100223,0.0150299263186752,0.1173323020339012,100053,5.3302810615661935e-05,0.0001599084318469,40000
2501,0.159039543941617,0.1576411658897996,0.0139837625902146,0.1173339262604713,100152,5.327015646150716e-05,0.0001598104693845,40016
2502,0.1977830417454242,0.1962778382003307,0.015052038943395,0.1173357367515564,101396,5.323750090652124e-05,0.0001597125027195,40032
2503,0.2186021506786346,0.2169047556817531,0.0169739476405084,0.1173373907804489,99470,5.320484396469281e-05,0.000159614531894,40048
2504,0.1548446789383888,0.1533437352627515,0.0150094521231949,0.1173391044139862,97391,5.317218565001102e-05,0.00015951655695,40064
2505,0.1653115358203649,0.1637925654649734,0.0151897207833826,0.1173409298062324,97600,5.313952597646568e-05,0.0001594185779293,40080
2506,0.195814567618072,0.194237558171153,0.0157701103016734,0.1173427775502204,101705,5.3106864958047145e-05,0.0001593205948741,40096
2507,0.1868855841457843,0.1853969991207122,0.01488579926081,0.1173446848988533,100005,5.307420260874636e-05,0.0001592226078262,40112
2508,0.1517575606703758,0.1502169445157051,0.0154061280190944,0.1173467338085174,102557,5.3041538942554846e-05,0.0001591246168276,40128
2509,0.2398019023239612,0.2382937520742416,0.0150814929511398,0.1173486113548278,104995,5.300887397346468e-05,0.0001590266219203,40144
2510,0.1832659440115094,0.1816742364317178,0.0159170625265687,0.1173503845930099,101269,5.2976207715468485e-05,0.0001589286231464,40160
2511,0.1795466244220733,0.178143423050642,0.0140320328064262,0.1173524186015129,104299,5.294354018255945e-05,0.0001588306205476,40176
2512,0.1958248578011989,0.1942944265902042,0.0153043095488101,0.1173543334007263,98756,5.291087138873132e-05,0.0001587326141661,40192
2513,0.1704214066267013,0.1690298449248075,0.0139156146906316,0.117356538772583,102802,5.287820134797837e-05,0.0001586346040439,40208
2514,0.1470240987837314,0.1454186253249645,0.0160547632258385,0.1173586174845695,95946,5.284553007429539e-05,0.0001585365902228,40224
2515,0.2577578090131283,0.256303571164608,0.0145423354115337,0.1173605620861053,98973,5.281285758167773e-05,0.000158438572745,40240
2516,0.1618083883076906,0.1603558026254177,0.0145258719567209,0.1173624023795127,102393,5.278018388412123e-05,0.0001583405516523,40256
2517,0.1619999408721923,0.1603486146777868,0.0165132705587893,0.1173640713095665,98718,5.27475089956223e-05,0.0001582425269868,40272
2518,0.1628156546503305,0.1612018644809723,0.0161378791090101,0.1173658967018127,100829,5.271483293017778e-05,0.0001581444987905,40288
2519,0.2105835527181625,0.2090771682560444,0.0150638483464717,0.117367573082447,97150,5.2682155701785085e-05,0.0001580464671053,40304
2520,0.156634172424674,0.1550540663301944,0.0158010742161422,0.1173693761229515,98769,5.264947732444209e-05,0.0001579484319733,40320
2521,0.2494260221719741,0.2479833923280239,0.014426335459575,0.1173711493611335,103591,5.26167978121472e-05,0.0001578503934364,40336
2522,0.184889655560255,0.1833953037858009,0.0149434858467429,0.1173731982707977,105982,5.258411717889925e-05,0.0001577523515366,40352
2523,0.1825023889541626,0.1809710767120123,0.0153130732942372,0.1173752471804618,98780,5.255143543869758e-05,0.000157654306316,40368
2524,0.1687761154025793,0.1669237799942493,0.0185234101954847,0.1173772439360618,97090,5.251875260554204e-05,0.0001575562578166,40384
2525,0.2153697498142719,0.2139302305877208,0.0143952122889459,0.1173792034387588,100314,5.24860686934329e-05,0.0001574582060802,40400
2526,0.2314812280237674,0.2300448715686798,0.0143635601270943,0.1173813417553901,103246,5.245338371637091e-05,0.0001573601511491,40416
2527,0.1278633279725909,0.1263799741864204,0.0148335481062531,0.1173836067318916,101224,5.242069768835728e-05,0.000157262093065,40432
2528,0.2031015679240226,0.2012085691094398,0.0189299955964088,0.1173857599496841,94761,5.2388010623393645e-05,0.0001571640318701,40448
2529,0.2118792384862899,0.2104727923870086,0.0140644579660147,0.1173877865076065,104181,5.235532253548213e-05,0.0001570659676064,40464
2530,0.2104570362716913,0.2090247627347707,0.0143227244261652,0.1173897311091423,99486,5.232263343862528e-05,0.0001569679003158,40480
2531,0.2329189218580722,0.2313374578952789,0.015814664773643,0.1173916086554527,97915,5.228994334682604e-05,0.0001568698300404,40496
2532,0.1332427039742469,0.131688006222248,0.015546990558505,0.1173933297395706,97498,5.225725227408784e-05,0.0001567717568222,40512
2533,0.1628381563350558,0.1613169973716139,0.0152115528471767,0.1173949837684631,95158,5.222456023441444e-05,0.0001566736807032,40528
2534,0.1881314720958471,0.1865596137940883,0.0157186093274503,0.1173965856432914,102630,5.219186724181013e-05,0.0001565756017254,40544
2535,0.1571983359754085,0.1554551031440496,0.0174323513638228,0.1173981949687004,97889,5.215917331027952e-05,0.0001564775199308,40560
2536,0.1192223913967609,0.1174548752605915,0.0176751555409282,0.1173997297883033,96840,5.212647845382767e-05,0.0001563794353614,40576
2537,0.1938322726637125,0.1923595191910863,0.0147275154013186,0.1174013763666153,100543,5.209378268645998e-05,0.0001562813480593,40592
2538,0.2228965982794761,0.2215209491550922,0.0137565035838633,0.1174032166600227,98266,5.206108602218234e-05,0.0001561832580665,40608
2539,0.2226941045373678,0.2211428359150886,0.0155127046164125,0.1174051463603973,101668,5.2028388475000897e-05,0.000156085165425,40624
2540,0.1940982267260551,0.1925642322748899,0.01533995103091,0.1174071729183197,98802,5.199569005892228e-05,0.0001559870701767,40640
2541,0.2581700012087822,0.2566973380744457,0.0147266522981226,0.1174092888832092,103068,5.196299078795344e-05,0.0001558889723638,40656
2542,0.1571249458938837,0.1556449886411428,0.0147996181622147,0.1174114197492599,103135,5.193029067610171e-05,0.0001557908720283,40672
2543,0.1269995123147964,0.1256012599915266,0.0139825255610048,0.1174138113856315,102552,5.189758973737477e-05,0.0001556927692121,40688
2544,0.2243586219847202,0.222928736358881,0.0142988781444728,0.117416113615036,105535,5.186488798578069e-05,0.0001555946639573,40704
2545,0.1809329558163881,0.1792119443416595,0.0172101128846406,0.1174179092049598,97684,5.183218543532782e-05,0.0001554965563059,40720
2546,0.1986974086612463,0.1969340778887272,0.0176333165727555,0.1174193546175956,96457,5.179948210002492e-05,0.0001553984463,40736
2547,0.2487709783017635,0.2471487708389759,0.0162220308557152,0.1174206882715225,102691,5.176677799388107e-05,0.0001553003339816,40752
2548,0.2470235712826252,0.245382159948349,0.0164140749257057,0.1174224317073822,102115,5.1734073130905645e-05,0.0001552022193927,40768
2549,0.1997153311967849,0.198118545114994,0.0159678808413445,0.1174241974949836,97146,5.170136752510837e-05,0.0001551041025753,40784
2550,0.1930792052298784,0.191585237160325,0.0149396581109613,0.1174260675907135,102026,5.166866119049931e-05,0.0001550059835714,40800
2551,0.1627481151372194,0.1610793098807335,0.0166879999451339,0.1174279153347015,97158,5.163595414108881e-05,0.0001549078624232,40816
2552,0.2398250475525856,0.2381964847445488,0.0162856124807149,0.1174300387501716,95122,5.160324639088752e-05,0.0001548097391726,40832
2553,0.1865848414599895,0.1850450206547975,0.0153981975745409,0.1174322217702865,99389,5.157053795390642e-05,0.0001547116138617,40848
2554,0.1635204274207353,0.1619245670735836,0.0159585743676871,0.1174342930316925,93981,5.1537828844156745e-05,0.0001546134865324,40864
2555,0.225230248644948,0.2235984820872545,0.0163176325149834,0.117436297237873,102230,5.150511907565005e-05,0.0001545153572269,40880
2556,0.2230987884104252,0.221449201926589,0.0164958797395229,0.1174381598830223,98080,5.1472408662398176e-05,0.0001544172259871,40896
2557,0.1987639404833316,0.1972448080778122,0.0151912963483482,0.1174399107694625,97428,5.143969761841317e-05,0.0001543190928552,40912
2558,0.1270993147045374,0.1253015529364347,0.0179776391014456,0.1174414753913879,93080,5.140698595770748e-05,0.0001542209578731,40928
2559,0.2481545805931091,0.2466506138443946,0.0150397054385393,0.1174430176615715,100133,5.137427369429368e-05,0.0001541228210828,40944
2560,0.191537469625473,0.1899954713881015,0.0154199991375207,0.1174444779753685,103226,5.13415608421847e-05,0.0001540246825265,40960
2561,0.1076915431767702,0.1061915066093206,0.0150003430899232,0.117446057498455,101620,5.130884741539367e-05,0.0001539265422461,40976
2562,0.1605360805988311,0.1589517872780561,0.0158429713919758,0.1174476742744445,99954,5.127613342793398e-05,0.0001538284002838,40992
2563,0.2271741591393947,0.2257300280034542,0.0144413257949054,0.1174490824341774,101804,5.124341889381929e-05,0.0001537302566814,41008
2564,0.1497893631458282,0.1481430903077125,0.0164627518970519,0.1174506843090057,98847,5.121070382706342e-05,0.0001536321114811,41024
2565,0.1854729503393173,0.1838636323809623,0.0160931849386543,0.1174527108669281,96868,5.117798824168052e-05,0.000153533964725,41040
2566,0.0869392035529017,0.085358090698719,0.0158111474011093,0.1174550801515579,104096,5.114527215168485e-05,0.000153435816455,41056
2567,0.242875125259161,0.2412777915596962,0.0159733437467366,0.1174573600292205,92489,5.1112555571091005e-05,0.0001533376667132,41072
2568,0.2019409537315368,0.200383173301816,0.015577798243612,0.1174595803022384,100997,5.107983851391369e-05,0.0001532395155417,41088
2569,0.2134771719574928,0.2117555029690265,0.0172167352866381,0.1174618825316429,102014,5.104712099416785e-05,0.0001531413629825,41104
2570,0.1312067937105894,0.1295210681855678,0.0168572256807237,0.1174639984965324,94163,5.101440302586865e-05,0.0001530432090776,41120
2571,0.2742827571928501,0.2727796100080013,0.0150314979255199,0.1174659058451652,99399,5.0981684623031415e-05,0.000152945053869,41136
2572,0.1758062168955803,0.174273133277893,0.015330814756453,0.1174677610397338,102134,5.094896579967168e-05,0.000152846897399,41152
2573,0.1935074217617511,0.1920216120779514,0.0148580470122396,0.1174695044755935,101657,5.091624656980515e-05,0.0001527487397094,41168
2574,0.2037895657122135,0.2023487705737352,0.0144079790916293,0.1174710839986801,99758,5.088352694744769e-05,0.0001526505808423,41184
2575,0.1787770334631204,0.177256504073739,0.0152052419725805,0.1174725517630577,99139,5.085080694661535e-05,0.0001525524208398,41200
2576,0.1672838795930147,0.1654562689363956,0.0182761037722229,0.1174741089344024,98190,5.0818086581324345e-05,0.0001524542597439,41216
2577,0.1429989319294691,0.1414420530200004,0.0155688030645251,0.1174757033586502,99576,5.078536586559104e-05,0.0001523560975967,41232
2578,0.1241563512012362,0.1225854251533746,0.0157092506997287,0.1174772679805755,99784,5.075264481343196e-05,0.0001522579344402,41248
2579,0.2366831414401531,0.2350050564855337,0.0167808311525732,0.1174787655472755,102487,5.0719923438863726e-05,0.0001521597703165,41264
2580,0.1382161732763052,0.1365609746426344,0.0165520219597965,0.1174804791808128,99587,5.068720175590318e-05,0.0001520616052677,41280
2581,0.162297498434782,0.1608398556709289,0.0145764194894582,0.1174822151660919,102460,5.065447977856722e-05,0.0001519634393357,41296
2582,0.2180070541799068,0.2164872251451015,0.0151982356328517,0.1174840331077575,99898,5.0621757520872936e-05,0.0001518652725626,41312
2583,0.1922482177615165,0.1905803829431533,0.0166783318854868,0.1174859032034874,100397,5.058903499683746e-05,0.0001517671049905,41328
2584,0.1620638538151979,0.1604247586801648,0.0163909480907022,0.1174877285957336,103272,5.055631222047812e-05,0.0001516689366614,41344
2585,0.1742743384093046,0.172310009598732,0.0196432920638471,0.1174893528223037,93504,5.052358920581229e-05,0.0001515707676174,41360
2586,0.1647265441715717,0.1632849350571632,0.0144161123316735,0.1174909695982933,102298,5.049086596685749e-05,0.0001514725979005,41376
2587,0.1335421595722437,0.1320570781826973,0.0148508171550929,0.1174927204847335,103778,5.04581425176313e-05,0.0001513744275528,41392
2588,0.2526972591876983,0.2511237524449825,0.0157350238878279,0.1174943149089813,99986,5.04254188721514e-05,0.0001512762566164,41408
2589,0.1926045008003711,0.1910535991191864,0.0155089660547673,0.1174957752227783,98446,5.039269504443557e-05,0.0001511780851333,41424
2590,0.2638186514377594,0.2623951584100723,0.0142349142115563,0.1174970939755439,93698,5.035997104850166e-05,0.0001510799131455,41440
2591,0.1605862826108932,0.1589142624288797,0.016720192041248,0.1174983382225036,101848,5.03272468983676e-05,0.0001509817406951,41456
2592,0.1597864814102649,0.1582046411931514,0.0158183833118528,0.1174995377659797,99746,5.029452260805137e-05,0.0001508835678241,41472
2593,0.2791393436491489,0.2776035517454147,0.0153578962199389,0.117500826716423,105007,5.026179819157098e-05,0.0001507853945747,41488
2594,0.1323505993932485,0.1307155322283506,0.0163506770040839,0.1175022795796394,97606,5.022907366294458e-05,0.0001506872209888,41504
2595,0.1536913318559527,0.1521746236830949,0.0151670901104807,0.1175037249922752,92997,5.01963490361903e-05,0.0001505890471085,41520
2596,0.1385028064250946,0.1366988476365804,0.018039590679109,0.1175052523612976,89235,5.016362432532634e-05,0.0001504908729759,41536
2597,0.1773957777768373,0.1758894696831703,0.0150631284341216,0.1175068318843841,100208,5.013089954437091e-05,0.0001503926986331,41552
2598,0.2198964916169643,0.2183441706001758,0.0155232134275138,0.1175084263086319,95007,5.009817470734226e-05,0.000150294524122,41568
2599,0.2230668105185032,0.2215323783457279,0.0153443675953894,0.1175100356340408,98622,5.006544982825872e-05,0.0001501963494847,41584
2600,0.1502811480313539,0.1487464196979999,0.0153472605161368,0.1175117343664169,102117,5.003272492113851e-05,0.0001500981747634,41600
2601,0.2282140590250492,0.2267046868801117,0.0150937454309314,0.1175133436918258,103374,5e-05,0.00015,41616
2602,0.150591678917408,0.1490241158753633,0.0156755950301885,0.11751489341259,97890,4.996727507886149e-05,0.0001499018252365,41632
2603,0.2579540126025677,0.2565820664167404,0.0137194620911031,0.1175162121653556,100788,4.993455017174132e-05,0.0001498036505152,41648
2604,0.2634751014411449,0.2618263121694326,0.0164878689683973,0.1175171732902526,98620,4.990182529265775e-05,0.0001497054758779,41664
2605,0.2170612048357725,0.2155430540442466,0.0151814850978553,0.1175181567668914,103372,4.986910045562911e-05,0.0001496073013668,41680
2606,0.1688273716717958,0.167288638651371,0.0153873241506516,0.1175192818045616,98141,4.983637567467366e-05,0.000149509127024,41696
2607,0.2342181131243705,0.2326565943658352,0.0156151470728218,0.1175204142928123,98880,4.980365096380971e-05,0.0001494109528914,41712
2608,0.1597940232604742,0.1579123251140117,0.0188169933389872,0.1175217181444168,98011,4.977092633705543e-05,0.0001493127790111,41728
2609,0.1419591978192329,0.1404482200741768,0.0151097862981259,0.117523193359375,96911,4.973820180842902e-05,0.0001492146054252,41744
2610,0.1860639713704586,0.1844832524657249,0.015807177638635,0.117524616420269,103835,4.970547739194866e-05,0.0001491164321758,41760
2611,0.2235096711665392,0.2218462470918893,0.0166342488955706,0.1175262480974197,101509,4.9672753101632415e-05,0.0001490182593048,41776
2612,0.2753296159207821,0.2738070040941238,0.0152261031325906,0.1175279095768928,103924,4.964002895149834e-05,0.0001489200868544,41792
2613,0.1438687276095152,0.1421604063361883,0.0170832157600671,0.1175297126173973,100798,4.960730495556446e-05,0.0001488219148666,41808
2614,0.2313803136348724,0.2297711856663227,0.0160912892315536,0.1175313964486122,98648,4.957458112784862e-05,0.0001487237433835,41824
2615,0.1707810498774051,0.1692660227417946,0.015150266001001,0.1175329759716987,100292,4.954185748236871e-05,0.0001486255724471,41840
2616,0.1657051555812358,0.1642028260976076,0.015023254789412,0.1175345182418823,97625,4.9509134033142525e-05,0.0001485274020994,41856
2617,0.1732375882565975,0.1715117394924163,0.0172584946267306,0.1175357699394226,98974,4.947641079418773e-05,0.0001484292323825,41872
2618,0.191455066204071,0.1900449953973293,0.0141006980556994,0.1175370514392852,100742,4.944368777952189e-05,0.0001483310633385,41888
2619,0.1710028555244207,0.1692221481353044,0.0178071153350174,0.1175383403897285,94499,4.941096500316253e-05,0.0001482328950094,41904
2620,0.1220271326601505,0.1205082237720489,0.0151890863198786,0.1175396889448165,101567,4.937824247912708e-05,0.0001481347274373,41920
2621,0.2153372205793857,0.2136801928281784,0.0165702796075493,0.1175410449504852,99462,4.934552022143279e-05,0.0001480365606642,41936
2622,0.1715252790600061,0.1697079315781593,0.0181734801735728,0.117542453110218,86544,4.931279824409683e-05,0.0001479383947322,41952
2623,0.1471351981163025,0.1457276716828346,0.0140752731822431,0.117544338107109,99861,4.928007656113627e-05,0.0001478402296834,41968
2624,0.2070696540176868,0.2055068612098693,0.0156279031652957,0.1175463274121284,98876,4.924735518656807e-05,0.0001477420655597,41984
2625,0.2640575729310512,0.2625400125980377,0.0151756475679576,0.1175482496619224,103020,4.921463413440898e-05,0.0001476439024032,42000
2626,0.2377828061580658,0.2363491952419281,0.0143360642250627,0.1175500452518463,100439,4.918191341867566e-05,0.000147545740256,42016
2627,0.1501358104869723,0.1486108377575874,0.0152497149538248,0.1175517812371254,101984,4.914919305338467e-05,0.0001474475791601,42032
2628,0.1658784281462431,0.1641216035932302,0.017568216426298,0.1175533905625343,96075,4.9116473052552325e-05,0.0001473494191576,42048
2629,0.2506148144602775,0.2490647546947002,0.01550057483837,0.1175549700856208,99400,4.908375343019487e-05,0.0001472512602905,42064
2630,0.2457627709954977,0.243976604193449,0.0178616957273334,0.1175564751029014,102679,4.9051034200328335e-05,0.0001471531026009,42080
2631,0.2256454490125179,0.2241263911128044,0.0151905883103609,0.1175578609108924,102518,4.901831537696859e-05,0.0001470549461309,42096
2632,0.1930558979511261,0.1914409212768077,0.0161497644148767,0.1175591349601745,94954,4.898559697413136e-05,0.0001469567909223,42112
2633,0.1254674326628446,0.1239783708006143,0.0148906244430691,0.1175605058670044,101116,4.895287900583216e-05,0.0001468586370174,42128
2634,0.2203640900552272,0.218833640217781,0.0153045607730746,0.1175617203116417,97017,4.892016148608632e-05,0.0001467604844582,42144
2635,0.1867330335080623,0.1851094663143158,0.0162356388755142,0.1175629347562789,97801,4.8887444428909006e-05,0.0001466623332867,42160
2636,0.171364807523787,0.1699545057490468,0.0141029746737331,0.1175641417503357,101130,4.885472784831514e-05,0.0001465641835449,42176
2637,0.1819413118064403,0.1802448406815529,0.0169647140428423,0.1175653338432312,98234,4.882201175831951e-05,0.0001464660352749,42192
2638,0.1351735424250364,0.1337557099759578,0.0141783345025032,0.1175667643547058,99742,4.878929617293658e-05,0.0001463678885188,42208
2639,0.2176517210900783,0.2160868532955646,0.0156487221829593,0.117568202316761,98679,4.875658110618073e-05,0.0001462697433185,42224
2640,0.1513883993029594,0.1498470902442932,0.0154130810406059,0.1175696775317192,100318,4.8723866572066025e-05,0.0001461715997161,42240
2641,0.1321348045021295,0.1305499151349067,0.0158489162568002,0.1175712347030639,98882,4.869115258460635e-05,0.0001460734577538,42256
2642,0.2550297826528549,0.2532931305468082,0.0173664879985153,0.1175727248191833,101033,4.865843915781531e-05,0.0001459753174734,42272
2643,0.2402096055448055,0.2386077642440796,0.0160183601547032,0.1175742149353027,99556,4.862572630570633e-05,0.0001458771789171,42288
2644,0.2146530505269765,0.2130255289375782,0.0162751569878309,0.1175756379961967,98356,4.859301404229255e-05,0.0001457790421268,42304
2645,0.1401539221405983,0.1384807638823986,0.0167315860744565,0.1175769343972206,100791,4.8560302381586834e-05,0.0001456809071447,42320
2646,0.2705610170960426,0.2691215313971042,0.0143948467448353,0.1175782904028892,102276,4.852759133760184e-05,0.0001455827740128,42336
2647,0.1089519653469324,0.1074495706707239,0.0150239593349397,0.117579847574234,99750,4.849488092434995e-05,0.000145484642773,42352
2648,0.1076866202056407,0.1061520874500274,0.0153453084640204,0.1175816282629966,95981,4.8462171155843273e-05,0.0001453865134675,42368
2649,0.2280863374471664,0.2266404442489147,0.0144588744733482,0.1175833642482757,102298,4.842946204609359e-05,0.0001452883861382,42384
2650,0.2295363247394561,0.2277476824820041,0.0178864253684878,0.1175850629806518,99816,4.839675360911248e-05,0.0001451902608273,42400
2651,0.1933997981250286,0.1919623017311096,0.0143749895505607,0.1175870075821876,104563,4.83640458589112e-05,0.0001450921375767,42416
2652,0.2034678142517805,0.2017845716327428,0.0168324352707713,0.1175889000296592,96625,4.83313388095007e-05,0.0001449940164285,42432
2653,0.1667713094502687,0.1652297340333461,0.0154157660435885,0.1175910010933876,101658,4.829863247489162e-05,0.0001448958974246,42448
2654,0.1509312149137258,0.1494034640491008,0.0152774939779192,0.1175930276513099,96511,4.826592686909438e-05,0.0001447977806072,42464
2655,0.2056512422859668,0.2039577364921569,0.0169350798241794,0.1175949200987815,95277,4.8233222006118943e-05,0.0001446996660183,42480
2656,0.1816044226288795,0.1798652084544301,0.0173921177629381,0.1175966188311576,104185,4.820051789997509e-05,0.0001446015536999,42496
2657,0.2413892336189746,0.2398552801460027,0.0153395454399287,0.1175982281565666,99939,4.816781456467218e-05,0.000144503443694,42512
2658,0.1297347843647003,0.1278606746345758,0.0187411154620349,0.1175998598337173,96622,4.813511201421934e-05,0.0001444053360426,42528
2659,0.2055113818496465,0.2037462461739778,0.0176513690967112,0.1176014691591262,97292,4.810241026262524e-05,0.0001443072307878,42544
2660,0.2364062815904617,0.2347506918013095,0.0165558853186666,0.1176030114293098,95148,4.806970932389831e-05,0.0001442091279716,42560
2661,0.1850700043141842,0.1834970582276582,0.0157294708769768,0.1176045462489128,97507,4.8037009212046586e-05,0.0001441110276361,42576
2662,0.1620186064392328,0.1605470441281795,0.0147156398743391,0.1176060512661933,97927,4.800430994107774e-05,0.0001440129298232,42592
2663,0.2206691540777683,0.219256242737174,0.0141291415784507,0.1176077872514724,103619,4.797161152499911e-05,0.0001439148345749,42608
2664,0.2582477368414402,0.2567724883556366,0.0147524827625602,0.1176094412803649,100806,4.793891397781768e-05,0.0001438167419334,42624
2665,0.1713480968028307,0.1698744250461459,0.0147367171011865,0.1176115646958351,102098,4.790621731354003e-05,0.0001437186519406,42640
2666,0.1544902324676513,0.1529801078140735,0.0151012719143182,0.1176136434078216,100248,4.787352154617235e-05,0.0001436205646385,42656
2667,0.2003641240298748,0.1988399978727102,0.0152412601746618,0.1176158338785171,99104,4.784082668972048e-05,0.0001435224800691,42672
2668,0.1834143903106451,0.1818873509764671,0.0152704352512955,0.1176180019974708,102199,4.7808132758189885e-05,0.0001434243982745,42688
2669,0.1669288985431194,0.1652451045811176,0.0168379130773246,0.117619901895523,96277,4.777543976558557e-05,0.0001433263192967,42704
2670,0.2007062751799821,0.1988983917981386,0.0180788245052099,0.1176215335726738,92347,4.774274772591218e-05,0.0001432282431777,42720
2671,0.1657751426100731,0.1640002336353063,0.017749082064256,0.1176230162382125,95540,4.7710056653173976e-05,0.0001431301699595,42736
2672,0.1284662093967199,0.1269528642296791,0.0151334325782954,0.1176245287060737,100541,4.767736656137473e-05,0.0001430320996841,42752
2673,0.202382082119584,0.2007286678999662,0.0165341598913073,0.117626167833805,101421,4.7644677464517874e-05,0.0001429340323935,42768
2674,0.2651223428547382,0.2636604346334934,0.014619031921029,0.1176277622580528,101181,4.761198937660636e-05,0.0001428359681298,42784
2675,0.1662364527583122,0.1646838746964931,0.0155257985461503,0.1176295056939125,96080,4.7579302311642746e-05,0.0001427379069349,42800
2676,0.1873879991471767,0.1857988573610782,0.015891415067017,0.117631010711193,98226,4.754661628362911e-05,0.0001426398488508,42816
2677,0.1157566830515861,0.1141555281355977,0.0160115752369165,0.1176324784755706,97002,4.751393130656711e-05,0.0001425417939197,42832
2678,0.1834551226347684,0.1819326635450124,0.0152245298959314,0.1176345497369766,97097,4.748124739445798e-05,0.0001424437421833,42848
2679,0.2756992653012275,0.2741932906210422,0.0150597321335226,0.1176364347338676,101135,4.744856456130243e-05,0.0001423456936839,42864
2680,0.2230679951608181,0.2215686365962028,0.014993556542322,0.117638349533081,103386,4.741588282110076e-05,0.0001422476484633,42880
2681,0.3026762902736664,0.3013200759887695,0.0135621330700814,0.1176400333642959,100093,4.738320218785281e-05,0.0001421496065635,42896
2682,0.1726798191666603,0.1710533369332552,0.0162648421246558,0.1176419109106063,101466,4.735052267555792e-05,0.0001420515680266,42912
2683,0.2082837708294391,0.2065181694924831,0.0176559772808104,0.1176438406109809,98728,4.731784429821493e-05,0.0001419535328946,42928
2684,0.1336652375757694,0.1321718785911798,0.0149335691239684,0.1176459342241287,96560,4.728516706982222e-05,0.0001418555012094,42944
2685,0.1707878038287162,0.1692613791674375,0.0152642580214887,0.1176478937268257,99087,4.725249100437773e-05,0.0001417574730131,42960
2686,0.2177506852895021,0.2161547411233186,0.0159594356082379,0.1176497489213943,102130,4.721981611587878e-05,0.0001416594483476,42976
2687,0.2170910499989986,0.2154708504676818,0.0162020036950707,0.117651417851448,97503,4.718714241832228e-05,0.0001415614272549,42992
2688,0.1591304326429963,0.1574542680755257,0.0167616691906005,0.1176529824733734,97059,4.715446992570463e-05,0.0001414634097771,43008
2689,0.254466962069273,0.2529358193278312,0.0153113934211432,0.1176545843482017,98839,4.712179865202165e-05,0.000141365395956,43024
2690,0.1870096884667873,0.1854614336043596,0.0154825537465512,0.1176560893654823,98873,4.7089128611268685e-05,0.0001412673858338,43040
2691,0.2460757009685039,0.2443337179720401,0.0174198055174201,0.1176574453711509,98229,4.7056459817440544e-05,0.0001411693794523,43056
2692,0.1814197320491075,0.1798134595155716,0.016062760958448,0.1176589131355285,102263,4.702379228453153e-05,0.0001410713768535,43072
2693,0.2086257226765155,0.2071509771049022,0.0147474890109151,0.1176603361964225,98031,4.699112602653533e-05,0.0001409733780796,43088
2694,0.1516489554196596,0.1502031870186329,0.0144577159080654,0.1176618188619613,99706,4.6958461057445166e-05,0.0001408753831723,43104
2695,0.2550206407904625,0.2535641193389892,0.0145651765633374,0.1176632419228553,100411,4.692579739125365e-05,0.0001407773921737,43120
2696,0.1741902846843004,0.172610554844141,0.0157973282039165,0.1176648437976837,102390,4.6893135041952873e-05,0.0001406794051258,43136
2697,0.1602074895054102,0.1587260365486145,0.01481454516761,0.1176665350794792,104781,4.6860474023534335e-05,0.0001405814220706,43152
2698,0.1951243747025728,0.1936144530773162,0.0150992288254201,0.1176681593060493,100868,4.682781434998899e-05,0.0001404834430499,43168
2699,0.1290992069989442,0.1274198573082685,0.0167934889905154,0.1176697239279747,100297,4.679515603530721e-05,0.0001403854681059,43184
2700,0.1964294966310262,0.1948736142367124,0.0155588460620492,0.1176711395382881,96580,4.676249909347876e-05,0.0001402874972804,43200
2701,0.1564453151077032,0.1549694612622261,0.014758521458134,0.1176725402474403,102238,4.6729843538492847e-05,0.0001401895306154,43216
2702,0.1370498668402433,0.1355835292488336,0.0146633817348629,0.1176743060350418,103936,4.669718938433809e-05,0.000140091568153,43232
2703,0.1422042325139045,0.1407529171556234,0.0145131333265453,0.1176760420203208,97562,4.6664536645002456e-05,0.000139993609935,43248
2704,0.1965465415269136,0.1947951223701238,0.0175142441876232,0.1176777705550193,95513,4.663188533447336e-05,0.0001398956560034,43264
2705,0.2367613166570663,0.2353068850934505,0.0145442958455532,0.1176794618368148,104589,4.659923546673761e-05,0.0001397977064002,43280
2706,0.124762893654406,0.1231216881424188,0.0164120516274124,0.1176811382174491,99005,4.656658705578132e-05,0.0001396997611673,43296
2707,0.1541124954819679,0.1523985546082258,0.017139408737421,0.11768289655447,96296,4.653394011559006e-05,0.0001396018203467,43312
2708,0.1982052065432071,0.1967625338584184,0.0144267010036855,0.1176846921443939,107117,4.650129466014875e-05,0.0001395038839804,43328
2709,0.143898194655776,0.1422827430069446,0.0161545232404023,0.1176866441965103,96371,4.646865070344168e-05,0.0001394059521103,43344
2710,0.180155660957098,0.1781309954822063,0.0202466519549489,0.11768838763237,95740,4.643600825945244e-05,0.0001393080247783,43360
2711,0.1512931175529956,0.1496505215764045,0.0164259376469999,0.1176900789141655,96220,4.640336734216403e-05,0.0001392101020264,43376
2712,0.1948830559849739,0.1931475289165973,0.0173552897758781,0.1176916360855102,94004,4.637072796555882e-05,0.0001391121838966,43392
2713,0.221769006922841,0.2202781289815902,0.0149087563622742,0.1176932752132415,101563,4.633809014361843e-05,0.0001390142704308,43408
2714,0.1942897643893957,0.1926089748740196,0.0168078837450593,0.1176947057247161,102240,4.630545389032388e-05,0.0001389163616709,43424
2715,0.1431566122919321,0.141270775347948,0.0188583671115338,0.117695577442646,91194,4.627281921965552e-05,0.0001388184576589,43440
2716,0.1350355688482523,0.1335634756833315,0.0147209588903933,0.1176966577768325,105274,4.624018614559301e-05,0.0001387205584367,43456
2717,0.1173121593892574,0.1158650312572717,0.0144712831825017,0.1176980584859848,105400,4.620755468211531e-05,0.0001386226640463,43472
2718,0.198819974437356,0.1972975730895996,0.0152240293100476,0.1176996529102325,97759,4.617492484320068e-05,0.0001385247745296,43488
2719,0.1619672644883394,0.1605707518756389,0.0139651631470769,0.1177014634013176,99832,4.614229664282677e-05,0.0001384268899284,43504
2720,0.150782611221075,0.1492784209549427,0.0150419096462428,0.1177032887935638,104898,4.610967009497039e-05,0.0001383290102849,43520
2721,0.1842348668724298,0.1826537922024727,0.0158107234165072,0.1177050843834877,99389,4.607704521360776e-05,0.0001382311356408,43536
2722,0.2912227660417557,0.2898110710084438,0.014117015292868,0.1177067756652832,102080,4.604442201271432e-05,0.0001381332660381,43552
2723,0.1407631020992994,0.1393631119281053,0.0139998930972069,0.1177087351679802,104835,4.6011800506264856e-05,0.0001380354015187,43568
2724,0.1682329215109348,0.1668056920170784,0.0142722784075886,0.1177108511328697,100891,4.597918070823333e-05,0.0001379375421246,43584
2725,0.1631383020430803,0.1616958640515804,0.0144244120456278,0.1177130043506622,104781,4.5946562632593066e-05,0.0001378396878977,43600
2726,0.2211397029459476,0.219579940661788,0.015597675461322,0.1177151575684547,99760,4.591394629331661e-05,0.0001377418388799,43616
2727,0.2067823391407728,0.2052140943706035,0.0156824458390474,0.1177172139286995,97596,4.588133170437572e-05,0.0001376439951131,43632
2728,0.2757202759385109,0.2742384448647499,0.0148182848934084,0.1177190393209457,103729,4.584871887974149e-05,0.0001375461566392,43648
2729,0.2177673354744911,0.2161046862602234,0.0166265063453465,0.1177206262946128,93325,4.581610783338424e-05,0.0001374483235001,43664
2730,0.2099358588457107,0.2084091063588857,0.0152675407007336,0.1177220791578292,98227,4.578349857927345e-05,0.0001373504957378,43680
2731,0.2233026716858148,0.2218961361795663,0.0140652961563318,0.1177235841751098,102186,4.575089113137792e-05,0.0001372526733941,43696
2732,0.2260381113737821,0.2246186081320047,0.0141950570978224,0.1177250444889068,101989,4.571828550366564e-05,0.0001371548565109,43712
2733,0.1921880878508091,0.1905948650091886,0.0159322370309382,0.1177266910672187,100405,4.568568171010384e-05,0.0001370570451303,43728
2734,0.1627609934657812,0.1613248493522405,0.0143614304251968,0.1177283450961113,95907,4.5653079764658926e-05,0.0001369592392939,43744
2735,0.3032231517136097,0.3017296157777309,0.0149353479500859,0.1177299320697784,94836,4.5620479681296535e-05,0.0001368614390438,43760
2736,0.1853312253952026,0.1839145589619875,0.0141666773706674,0.11773182451725,98695,4.558788147398154e-05,0.0001367636444219,43776
2737,0.1920666676014661,0.1905784253031015,0.014882419258356,0.117733709514141,97249,4.555528515667793e-05,0.00013666585547,43792
2738,0.1091435849666595,0.1074604764580726,0.01683109276928,0.1177355349063873,101175,4.552269074334897e-05,0.00013656807223,43808
2739,0.1682935506105423,0.1668699420988559,0.014236097689718,0.1177372187376022,96938,4.549009824795704e-05,0.0001364702947438,43824
2740,0.2473731040954589,0.2459865771234035,0.0138652632012963,0.117738738656044,100622,4.545750768446377e-05,0.0001363725230533,43840
2741,0.1802412290126085,0.1786947585642337,0.0154646879527717,0.1177402138710022,101360,4.542491906682989e-05,0.0001362747572004,43856
2742,0.213802445679903,0.2122996598482132,0.0150277982465922,0.1177416965365409,100530,4.539233240901533e-05,0.000136176997227,43872
2743,0.2497351206839084,0.2482439540326595,0.014911669306457,0.1177432462573051,98902,4.535974772497921e-05,0.0001360792431749,43888
2744,0.2023028060793876,0.2007538042962551,0.0154900648631155,0.1177448406815528,103286,4.532716502867972e-05,0.000135981495086,43904
2745,0.1857926342636346,0.1842131353914737,0.0157950446009635,0.1177464798092842,105915,4.529458433407429e-05,0.0001358837530022,43920
2746,0.1567091513425111,0.1551287714391946,0.0158038169611245,0.1177480444312095,99259,4.5262005655119454e-05,0.0001357860169653,43936
2747,0.1998604107648134,0.1984499394893646,0.0141046929638832,0.117749735713005,103846,4.522942900577087e-05,0.0001356882870173,43952
2748,0.1982152797281742,0.19666738063097,0.015478991670534,0.1177515313029289,98183,4.519685439998334e-05,0.0001355905631999,43968
2749,0.2099604681134224,0.2084735445678234,0.0148692594375461,0.1177532002329826,101522,4.516428185171079e-05,0.0001354928455551,43984
2750,0.1971628796309232,0.1956225205212831,0.0154036048334091,0.1177546828985214,101936,4.51317113749063e-05,0.0001353951341247,44000
2751,0.1559972260147333,0.1545097958296537,0.0148742881137877,0.1177560165524482,96347,4.509914298352197e-05,0.0001352974289505,44016
2752,0.2103575877845287,0.2089853212237358,0.0137226735241711,0.1177572980523109,101108,4.506657669150911e-05,0.0001351997300745,44032
2753,0.1221630051732063,0.1206512041389942,0.0151180080138146,0.1177586466073989,104797,4.503401251281806e-05,0.0001351020375384,44048
2754,0.1429144572466612,0.1410207226872444,0.0189373765606433,0.1177598908543586,98290,4.500145046139828e-05,0.0001350043513841,44064
2755,0.1424868572503328,0.1409392561763525,0.0154760184232145,0.1177610978484153,94600,4.496889055119832e-05,0.0001349066716535,44080
2756,0.1722571551799774,0.1706662196666002,0.0159093819092959,0.1177624315023422,99471,4.493633279616583e-05,0.0001348089983884,44096
2757,0.2197444941848516,0.2182186767458915,0.0152582107111811,0.1177637949585914,104638,4.490377721024751e-05,0.0001347113316307,44112
2758,0.1565012447535991,0.1549619864672422,0.0153925500344485,0.1177651807665824,97297,4.487122380738911e-05,0.0001346136714221,44128
2759,0.1877083219587803,0.186061430722475,0.0164689060766249,0.1177666112780571,94053,4.48386726015355e-05,0.0001345160178046,44144
2760,0.1612797323614359,0.1596378153190016,0.0164191676303744,0.117768108844757,99923,4.48061236066306e-05,0.0001344183708198,44160
2761,0.2450268529355526,0.2433844245970249,0.0164242787286639,0.1177694648504257,102244,4.477357683661734e-05,0.0001343207305098,44176
2762,0.0764901125803589,0.0748527254909277,0.0163738676346838,0.1177708581089973,99867,4.47410323054377e-05,0.0001342230969163,44192
2763,0.1924564950168132,0.190823620185256,0.0163286898750811,0.1177723258733749,97382,4.470849002703279e-05,0.000134125470081,44208
2764,0.1887295041233301,0.1869789138436317,0.01750592677854,0.1177738308906555,101594,4.467595001534261e-05,0.000134027850046,44224
2765,0.1726688519120216,0.1712115108966827,0.0145734066609293,0.1177755892276763,99560,4.464341228430632e-05,0.0001339302368529,44240
2766,0.1753377057611942,0.1737328805029392,0.0160482632927596,0.1177773252129554,102514,4.4610876847862034e-05,0.0001338326305435,44256
2767,0.2140426002442836,0.2125800782814622,0.0146252431441098,0.1177789792418479,101402,4.457834371994691e-05,0.0001337350311598,44272
2768,0.2243900708854198,0.2228996008634567,0.0149046585429459,0.1177805960178375,96346,4.454581291449709e-05,0.0001336374387434,44288
2769,0.2099301759153604,0.2082496639341116,0.0168051389046013,0.1177821680903434,96039,4.451328444544774e-05,0.0001335398533363,44304
2770,0.1067191958427429,0.1052321754395961,0.0148701942525804,0.1177837178111076,102878,4.448075832673305e-05,0.0001334422749801,44320
2771,0.2446224112063646,0.2431701589375734,0.0145224714651703,0.1177855804562568,101244,4.444823457228612e-05,0.0001333447037168,44336
2772,0.2878260239958763,0.2863683626055717,0.01457659015432,0.1177873015403747,103173,4.441571319603914e-05,0.0001332471395881,44352
2773,0.1065853927284479,0.1050523053854703,0.0153308967128396,0.117789089679718,97781,4.438319421192322e-05,0.0001331495826357,44368
2774,0.1371569074690342,0.135274339467287,0.0188257202971726,0.1177907958626747,93608,4.435067763386848e-05,0.0001330520329016,44384
2775,0.2034054771065712,0.2019429914653301,0.0146248533856123,0.117792434990406,102410,4.431816347580395e-05,0.0001329544904274,44400
2776,0.1176500767469406,0.1160708926618099,0.0157918422482907,0.1177940741181373,98029,4.428565175165768e-05,0.0001328569552549,44416
2777,0.2372048702090978,0.2357236519455909,0.0148121516685932,0.1177956908941268,101356,4.425314247535668e-05,0.000132759427426,44432
2778,0.1498038005083799,0.1483044940978288,0.0149930603802204,0.1177974641323089,104159,4.422063566082687e-05,0.0001326619069824,44448
2779,0.2786828707903623,0.2770745847374201,0.0160828679800033,0.1177991852164268,99950,4.418813132199311e-05,0.0001325643939659,44464
2780,0.0860585793852806,0.084520730189979,0.0153784896247088,0.1178009808063507,95705,4.41556294727793e-05,0.0001324668884183,44480
2781,0.1031189113855362,0.1014971490949392,0.0162176305893808,0.1178026795387268,95184,4.412313012710813e-05,0.0001323693903813,44496
2782,0.179098691791296,0.1776276789605617,0.0147101313341408,0.1178042814135551,102664,4.409063329890131e-05,0.0001322718998967,44512
2783,0.1666473057121038,0.1652167961001396,0.0143050942569971,0.1178058162331581,104197,4.405813900207945e-05,0.0001321744170062,44528
2784,0.222904872149229,0.2212920039892196,0.0161286615766584,0.117807351052761,100048,4.40256472505621e-05,0.0001320769417516,44544
2785,0.2329839989542961,0.2315164245665073,0.0146757587790489,0.1178087666630745,99922,4.399315805826765e-05,0.0001319794741748,44560
2786,0.2245827987790107,0.2231860905885696,0.0139670583885163,0.1178102493286132,102378,4.396067143911347e-05,0.0001318820143173,44576
2787,0.2942066378891468,0.2926042787730694,0.0160235415678471,0.1178116351366043,103461,4.3928187407015786e-05,0.000131784562221,44592
2788,0.1892108581960201,0.1875371839851141,0.0167367742396891,0.1178128942847251,101466,4.38957059758897e-05,0.0001316871179276,44608
2789,0.0979298688471317,0.0963333137333393,0.0159655485767871,0.1178144067525863,99377,4.3863227159649255e-05,0.0001315896814789,44624
2790,0.1422420162707567,0.1403306517750024,0.0191136498469859,0.1178158596158027,96058,4.383075097220735e-05,0.0001314922529166,44640
2791,0.0978264203295111,0.0962583236396312,0.0156809671316295,0.1178173720836639,100838,4.379827742747575e-05,0.0001313948322824,44656
2792,0.20577247813344,0.2041797935962677,0.0159268486313521,0.1178189441561698,97337,4.376580653936505e-05,0.000131297419618,44672
2793,0.262609789147973,0.2612305544316768,0.0137923173606395,0.1178204789757728,97908,4.373333832178478e-05,0.0001312000149653,44688
2794,0.1724737230688333,0.1707236245274543,0.0175009986851364,0.1178220137953758,92514,4.370087278864332e-05,0.0001311026183659,44704
2795,0.1814669780433178,0.1797867808490991,0.0168019311968237,0.1178235113620758,97993,4.366840995384782e-05,0.0001310052298615,44720
2796,0.1626513991504907,0.1611125897616148,0.0153881350997835,0.1178249418735504,104551,4.3635949831304346e-05,0.0001309078494939,44736
2797,0.1339525673538446,0.1324988976120948,0.014536655973643,0.1178265288472175,106677,4.360349243491778e-05,0.0001308104773047,44752
2798,0.2076519168913364,0.2061630636453628,0.0148885175585746,0.1178279742598533,100047,4.357103777859187e-05,0.0001307131133357,44768
2799,0.1711978577077388,0.1695568654686212,0.016409927746281,0.11782918125391,97307,4.3538585876229125e-05,0.0001306157576286,44784
2800,0.2018513493239879,0.2002691738307476,0.0158217449206858,0.1178303733468055,99418,4.350613674173091e-05,0.0001305184102251,44800
2801,0.175899876281619,0.1742909383028745,0.0160894182045012,0.1178314462304115,103836,4.347369038899744e-05,0.0001304210711669,44816
2802,0.2100905105471611,0.2086332254111766,0.0145728799980133,0.1178325712680816,101402,4.344124683192764e-05,0.0001303237404957,44832
2803,0.1659541679546237,0.1644169902428984,0.0153717573266476,0.1178339198231697,99728,4.340880608441935e-05,0.0001302264182532,44848
2804,0.189683137461543,0.1881776116788387,0.0150553013663738,0.1178350821137428,97776,4.337636816036915e-05,0.0001301291044811,44864
2805,0.1996373366564512,0.1979710459709167,0.0166629354935139,0.1178365126252174,99668,4.334393307367239e-05,0.000130031799221,44880
2806,0.2746780924499035,0.2732517868280411,0.0142630122136324,0.1178380474448204,98872,4.331150083822324e-05,0.0001299345025146,44896
2807,0.1055750967934727,0.1039563193917274,0.0161877828650176,0.1178397163748741,101916,4.3279071467914665e-05,0.0001298372144037,44912
2808,0.1452888548374176,0.1438114577904343,0.0147739651147276,0.1178412809967994,101775,4.3246644976638354e-05,0.0001297399349299,44928
2809,0.1918956562876701,0.1903989389538765,0.0149671891704201,0.1178428679704666,100741,4.321422137828479e-05,0.0001296426641348,44944
2810,0.1913117468357086,0.1898619681596756,0.0144978004973381,0.1178444102406501,101749,4.31818006867432e-05,0.0001295454020602,44960
2811,0.1884979866445064,0.1867087185382843,0.0178926894441247,0.1178458407521247,96960,4.3149382915901606e-05,0.0001294481487477,44976
2812,0.2402207441627979,0.2387527115643024,0.014680323889479,0.117847204208374,102609,4.3116968079646725e-05,0.0001293509042389,44992
2813,0.203339047729969,0.2017601020634174,0.0157894233707338,0.1178484335541725,95547,4.308455619186406e-05,0.0001292536685755,45008
2814,0.1774246543645858,0.1760480962693691,0.013765582581982,0.117849625647068,102900,4.305214726643781e-05,0.0001291564417993,45024
2815,0.2417875360697507,0.2403478035703301,0.0143973364029079,0.1178507357835769,97667,4.3019741317250976e-05,0.0001290592239517,45040
2816,0.2059032414108514,0.2044852506369352,0.0141799254342913,0.1178518235683441,103528,4.298733835818519e-05,0.0001289620150745,45056
2817,0.228174777701497,0.2266026213765144,0.0157215807121247,0.1178528293967247,97953,4.295493840312087e-05,0.0001288648152093,45072
2818,0.1422261744737625,0.1407110095024109,0.0151516397017985,0.1178539171814918,102300,4.292254146593714e-05,0.0001287676243978,45088
2819,0.2510305941104889,0.2494923695921898,0.0153822731226682,0.1178549751639366,106512,4.289014756051178e-05,0.0001286704426815,45104
2820,0.2084378115832805,0.2068876549601555,0.0155015580821782,0.1178560778498649,98817,4.2857756700721336e-05,0.0001285732701021,45120
2821,0.1712306011468172,0.1696835104376077,0.0154709110502153,0.1178571730852127,97257,4.282536890044104e-05,0.0001284761067013,45136
2822,0.1916461093351245,0.1902267001569271,0.0141941148322075,0.1178584992885589,101513,4.279298417354478e-05,0.0001283789525206,45152
2823,0.1705867499113083,0.1692122519016266,0.0137449780013412,0.117859810590744,100840,4.276060253390511e-05,0.0001282818076017,45168
2824,0.1667171269655227,0.1650593131780624,0.0165781292598694,0.1178609877824783,95703,4.272822399539335e-05,0.0001281846719861,45184
2825,0.1272273827344179,0.1254538148641586,0.0177356482017785,0.1178622394800186,98737,4.269584857187943e-05,0.0001280875457156,45200
2826,0.1849689483642578,0.1834443118423223,0.015246334252879,0.1178635358810424,95458,4.266347627723192e-05,0.0001279904288316,45216
2827,0.1461517959833145,0.1445889975875616,0.0156279536895453,0.1178649887442588,101589,4.2631107125318096e-05,0.0001278933213759,45232
2828,0.1609586365520954,0.1592395585030317,0.0171907639596611,0.1178664118051529,96677,4.25987411300039e-05,0.00012779622339,45248
2829,0.2435627393424511,0.241995669901371,0.0156706841662526,0.1178677752614021,92516,4.256637830515385e-05,0.0001276991349154,45264
2830,0.1982532814145088,0.1966363042593002,0.0161697634030133,0.1178689897060394,98482,4.25340186646312e-05,0.0001276020559938,45280
2831,0.2071121744811535,0.20535390637815,0.0175827108323574,0.1178702786564827,97521,4.250166222229774e-05,0.0001275049866668,45296
2832,0.1870989203453064,0.1853392161428928,0.0175969994161278,0.1178714036941528,100424,4.246930899201401e-05,0.000127407926976,45312
2833,0.2054052297025919,0.2035086695104837,0.0189656075090169,0.1178724914789199,96199,4.243695898763904e-05,0.0001273108769629,45328
2834,0.1744633326306939,0.1728978725150227,0.0156545927748084,0.1178735494613647,98755,4.240461222303058e-05,0.000127213836669,45344
2835,0.1663472987711429,0.1647922992706298,0.0155500154942274,0.1178746670484542,94366,4.237226871204496e-05,0.0001271168061361,45360
2836,0.2128313966095447,0.2113526538014412,0.0147874446120113,0.1178758069872856,103824,4.233992846853708e-05,0.0001270197854056,45376
2837,0.1381187457591295,0.1365104150027036,0.0160832703113555,0.1178770884871482,99672,4.2307591506360494e-05,0.000126922774519,45392
2838,0.2120690811425447,0.2105073127895593,0.0156176974996924,0.1178784295916557,99717,4.227525783936735e-05,0.0001268257735181,45408
2839,0.1468590442091226,0.1454456280916929,0.0141341804992407,0.1178798750042915,101602,4.224292748140833e-05,0.0001267287824442,45424
2840,0.1324966698884964,0.130900414660573,0.0159625243395566,0.1178813129663467,97050,4.2210600446332735e-05,0.0001266318013389,45440
2841,0.2066626101732254,0.2051508501172065,0.0151175681967288,0.1178827211260795,97278,4.2178276747988446e-05,0.0001265348302439,45456
2842,0.1706782709807157,0.1691385880112648,0.0153968834783881,0.117884337902069,98771,4.214595640022194e-05,0.0001264378692006,45472
2843,0.1770486067980528,0.1755483206361532,0.0150028525386005,0.1178859248757362,96139,4.211363941687818e-05,0.0001263409182506,45488
2844,0.2280336432158947,0.2265926375985145,0.014410026371479,0.1178873628377914,99600,4.208132581180076e-05,0.0001262439774354,45504
2845,0.1072196308523416,0.1056477762758731,0.0157185685820877,0.1178890168666839,105728,4.204901559883181e-05,0.0001261470467964,45520
2846,0.1630714051425457,0.1613636054098606,0.0170779917389154,0.1178905516862869,91185,4.201670879181195e-05,0.0001260501263754,45536
2847,0.1578410472720861,0.1563907675445079,0.014502806123346,0.1178920939564704,104797,4.198440540458045e-05,0.0001259532162137,45552
2848,0.1599634047597646,0.1585053782910108,0.014580262126401,0.1178936809301376,100459,4.195210545097501e-05,0.0001258563163529,45568
2849,0.148728696629405,0.1469953674823045,0.0173333182465285,0.1178952828049659,93840,4.1919808944831954e-05,0.0001257594268344,45584
2850,0.1209773644804954,0.1194094959646463,0.015678696334362,0.1178968772292137,99932,4.188751589998602e-05,0.0001256625476999,45600
2851,0.164076380431652,0.1624359041452407,0.0164047530852258,0.1178984120488166,95780,4.185522633027057e-05,0.0001255656789908,45616
2852,0.1645679846405983,0.1630953624844551,0.0147261919919401,0.1179000586271286,101590,4.182294024951741e-05,0.0001254688207485,45632
2853,0.1051514390856027,0.1037084851413965,0.0144295354839414,0.1179017797112464,97628,4.179065767155686e-05,0.0001253719730146,45648
2854,0.1856211088597774,0.1841886760666966,0.0143243013881146,0.117903396487236,94118,4.175837861021777e-05,0.0001252751358306,45664
2855,0.2590381875634193,0.2575453408062458,0.0149285094812512,0.1179048866033554,95391,4.172610307932746e-05,0.0001251783092379,45680
2856,0.1889770850539207,0.1873107887804508,0.0166629673913121,0.1179062351584434,96495,4.1693831092711736e-05,0.0001250814932781,45696
2857,0.2163601107895374,0.2147686295211315,0.0159147740341722,0.1179075315594673,97711,4.166156266419489e-05,0.0001249846879925,45712
2858,0.1413145028054714,0.1398732997477054,0.014412042684853,0.1179088726639747,98853,4.16292978075997e-05,0.0001248878934227,45728
2859,0.1605672836303711,0.1590591724961996,0.015081129502505,0.1179101765155792,97597,4.159703653674741e-05,0.0001247911096102,45744
2860,0.1273422501981258,0.1258302684873342,0.0151198054663836,0.1179114580154419,99201,4.156477886545772e-05,0.0001246943365963,45760
2861,0.1684799585491418,0.1669925339519977,0.0148742266464978,0.1179130747914314,103507,4.153252480754877e-05,0.0001245975744226,45776
2862,0.1721111238002777,0.170528445392847,0.0158267430961132,0.1179147213697433,94778,4.1500274376837215e-05,0.0001245008231305,45792
2863,0.2049816511571407,0.2032838407903909,0.0169781069271266,0.1179162859916687,99319,4.146802758713807e-05,0.0001244040827614,45808
2864,0.1751167811453342,0.1735460963100195,0.0157068017870187,0.1179177686572074,98818,4.143578445226487e-05,0.0001243073533567,45824
2865,0.1665158625692129,0.1649552434682846,0.0156062056776136,0.1179191768169403,101841,4.140354498602952e-05,0.000124210634958,45840
2866,0.1074545737355947,0.1059349533170461,0.0151961841620504,0.1179205030202865,98061,4.137130920224242e-05,0.0001241139276067,45856
2867,0.1330108698457479,0.1314637362957,0.0154713331721723,0.1179217472672462,101916,4.133907711471232e-05,0.0001240172313441,45872
2868,0.2356406953185796,0.2341659255325794,0.014747753040865,0.1179229691624641,101792,4.130684873724645e-05,0.0001239205462117,45888
2869,0.1770058274269104,0.175390250980854,0.0161557730752974,0.1179242432117462,96299,4.127462408365041e-05,0.0001238238722509,45904
2870,0.2213056404143571,0.2197930552065372,0.0151258299592882,0.1179255172610282,94314,4.1242403167728216e-05,0.0001237272095031,45920
2871,0.1909775622189045,0.1895761005580425,0.0140146138146519,0.1179270520806312,105388,4.121018600328228e-05,0.0001236305580098,45936
2872,0.1422094479203224,0.140699066221714,0.0151037990581244,0.117928646504879,104603,4.117797260411343e-05,0.0001235339178123,45952
2873,0.1915621161460876,0.1900031846016645,0.0155893065966665,0.1179302111268043,100029,4.114576298402084e-05,0.000123437288952,45968
2874,0.137102385982871,0.135304132476449,0.0179825434461236,0.117931842803955,93704,4.111355715680211e-05,0.0001233406714704,45984
2875,0.2077779434621334,0.2063198182731866,0.01458127098158,0.1179332584142685,94167,4.108135513625317e-05,0.0001232440654087,46000
2876,0.1849541887640953,0.1834445688873529,0.0150961738545447,0.1179345995187759,99592,4.104915693616838e-05,0.0001231474708085,46016
2877,0.1421586610376835,0.1406907271593809,0.014679366024211,0.117935910820961,105534,4.101696257034037e-05,0.000123050887711,46032
2878,0.1486674956977367,0.1471564657986164,0.0151103113312274,0.1179370805621147,105741,4.098477205256024e-05,0.0001229543161576,46048
2879,0.1887967586517334,0.1872188858687877,0.0157787462230771,0.117938220500946,97411,4.095258539661736e-05,0.0001228577561898,46064
2880,0.1517505887895822,0.1501421090215444,0.0160848090890795,0.1179393604397773,96852,4.092040261629946e-05,0.0001227612078488,46080
2881,0.1539374869316816,0.1525126984342932,0.014247867045924,0.1179406270384788,102721,4.088822372539263e-05,0.0001226646711761,46096
2882,0.1697632726281881,0.1682650782167911,0.0149819829966872,0.1179418340325355,97885,4.085604873768129e-05,0.000122568146213,46112
2883,0.1888136360794305,0.1873347871005535,0.0147884958423674,0.1179430782794952,101667,4.08238776669482e-05,0.0001224716330008,46128
2884,0.1627532932907343,0.1612572018057108,0.0149609090294688,0.1179443672299385,100738,4.079171052697437e-05,0.0001223751315809,46144
2885,0.2368125785142183,0.2352939918637275,0.0151858900208026,0.1179457604885101,101299,4.075954733153922e-05,0.0001222786419946,46160
2886,0.1950799506157636,0.193531846627593,0.0154810561798512,0.1179471760988235,101080,4.072738809442046e-05,0.0001221821642832,46176
2887,0.1824235543608665,0.1808032095432281,0.0162034227978438,0.1179487258195877,97426,4.0695232829394046e-05,0.0001220856984881,46192
2888,0.2573541961610317,0.255664512515068,0.016896849265322,0.1179502978920936,99257,4.0663081550234285e-05,0.0001219892446507,46208
2889,0.1704307477921247,0.1687353979796171,0.0169535477180033,0.1179517805576324,100265,4.063093427071376e-05,0.0001218928028121,46224
2890,0.1683120913803577,0.1668832805007696,0.0142881304491311,0.1179533749818801,99508,4.059879100460338e-05,0.0001217963730138,46240
2891,0.2330722585320472,0.2315882816910743,0.0148398214951157,0.1179549098014831,99455,4.0566651765672246e-05,0.000121699955297,46256
2892,0.2395166009664535,0.2381591871380806,0.0135741378180682,0.1179565042257309,100431,4.053451656768781e-05,0.000121603549703,46272
2893,0.1937117259949445,0.1922139693051576,0.0149776025209575,0.1179581359028816,98009,4.050238542441578e-05,0.0001215071562732,46288
2894,0.1949845571070909,0.1935853101313114,0.0139924732502549,0.1179597675800323,101028,4.0470258349620096e-05,0.0001214107750488,46304
2895,0.1757241105660796,0.1742879003286361,0.0143621088936924,0.11796136200428,102201,4.043813535706299e-05,0.0001213144060711,46320
2896,0.1687308810651302,0.1670902632176876,0.0164061414543539,0.1179627925157547,103467,4.040601646050495e-05,0.0001212180493815,46336
2897,0.2189840357750654,0.2175123915076255,0.0147164885420352,0.1179641857743263,101733,4.037390167370464e-05,0.0001211217050211,46352
2898,0.1955004390329122,0.1938147656619548,0.0168567404616624,0.1179657503962516,93859,4.034179101041904e-05,0.0001210253730312,46368
2899,0.2115837708115577,0.2101254761219024,0.0145829676184803,0.1179672703146934,103581,4.030968448440336e-05,0.0001209290534532,46384
2900,0.1778478510677814,0.1763443313539028,0.01503517315723,0.1179689019918441,99130,4.027758210941101e-05,0.0001208327463282,46400
2901,0.1802609525620937,0.1788049973547458,0.0145595306530594,0.1179704666137695,99108,4.02454838991936e-05,0.0001207364516975,46416
2902,0.1885215435177087,0.1869685743004083,0.0155297107994556,0.1179720014333725,102640,4.021338986750098e-05,0.0001206401696025,46432
2903,0.1167947482317686,0.115210291929543,0.0158445271663367,0.1179734915494918,100076,4.018130002808127e-05,0.0001205439000842,46448
2904,0.2033784873783588,0.2017675433307886,0.0161094169598072,0.1179748699069023,98951,4.014921439468069e-05,0.000120447643184,46464
2905,0.1965517159551382,0.1951254457235336,0.0142627041786909,0.1179764941334724,101949,4.011713298104369e-05,0.0001203513989431,46480
2906,0.2395094074308872,0.2379183992743492,0.0159100454766303,0.1179779544472694,93731,4.008505580091297e-05,0.0001202551674027,46496
2907,0.1765388660132885,0.1751062683761119,0.0143259915057569,0.1179793998599052,102859,4.005298286802938e-05,0.000120158948604,46512
2908,0.2652534646913409,0.2638615826144814,0.0139188435859978,0.117980845272541,101306,4.002091419613191e-05,0.0001200627425883,46528
2909,0.1486652661114931,0.1470762863755226,0.01588981365785,0.1179821714758873,95816,3.998884979895777e-05,0.0001199665493968,46544
2910,0.1335452711209654,0.1320253200829029,0.0151995413471013,0.1179835274815559,101591,3.995678969024234e-05,0.0001198703690707,46560
2911,0.1902052257210016,0.1887292861938476,0.0147593868896365,0.1179847717285156,106225,3.992473388371915e-05,0.0001197742016511,46576
2912,0.1578617300838232,0.1563656441867351,0.014960893895477,0.11798607558012,105163,3.9892682393119886e-05,0.0001196780471793,46592
2913,0.1850668545812368,0.1836121715605259,0.0145467817783355,0.1179873347282409,100980,3.986063523217439e-05,0.0001195819056965,46608
2914,0.2559681572020054,0.2544993758201599,0.014687891351059,0.1179885193705558,95534,3.982859241461064e-05,0.0001194857772438,46624
2915,0.1045735757797956,0.1028770897537469,0.0169648642186075,0.1179896369576454,103931,3.979655395415476e-05,0.0001193896618624,46640
2916,0.3686073496937752,0.3672806322574615,0.0132670965977013,0.1179906800389289,101956,3.976451986453102e-05,0.0001192935595935,46656
2917,0.2517253942787647,0.2503126040101051,0.0141278768423944,0.117991529405117,100098,3.973249015946182e-05,0.0001191974704783,46672
2918,0.1679460182785987,0.1662377901375293,0.0170823170337826,0.1179924234747886,96783,3.9700464852667626e-05,0.000119101394558,46688
2919,0.2448924891650676,0.2433370277285576,0.0155545903835445,0.1179932877421379,102779,3.9668443957867085e-05,0.0001190053318736,46704
2920,0.2420830614864826,0.2405607625842094,0.0152230351231992,0.1179941445589065,93893,3.963642748877696e-05,0.0001189092824663,46720
2921,0.2332137078046798,0.2317545693367719,0.0145913774613291,0.117994986474514,95693,3.960441545911204e-05,0.0001188132463773,46736
2922,0.1455286499112844,0.1441177353262901,0.0141091411933302,0.1179959028959274,104192,3.9572407882585285e-05,0.0001187172236477,46752
2923,0.0957856737077236,0.0940167102962732,0.0176896431948989,0.1179965883493423,97572,3.9540404772907714e-05,0.0001186212143187,46768
2924,0.1147415768355131,0.1131836809217929,0.01557895145379,0.1179974153637886,102078,3.950840614378847e-05,0.0001185252184313,46784
2925,0.1555695161223411,0.1540364138782024,0.0153310082387179,0.1179983168840408,100225,3.947641200893473e-05,0.0001184292360268,46800
2926,0.1861472502350807,0.1847408562898636,0.0140639515593647,0.117999367415905,104924,3.944442238205174e-05,0.0001183332671461,46816
2927,0.2671805061399936,0.2656362392008304,0.0154426423832774,0.1180004179477691,99394,3.94124372768429e-05,0.0001182373118305,46832
2928,0.1917771063745021,0.190175836905837,0.0160126728005707,0.1180015280842781,99242,3.938045670700954e-05,0.000118141370121,46848
2929,0.1698903888463974,0.1682264264672994,0.016639623325318,0.11800267547369,99760,3.9348480686251176e-05,0.0001180454420587,46864
2930,0.1796527989208698,0.1782088615000248,0.0144393444061279,0.118003986775875,98952,3.93165092282653e-05,0.0001179495276847,46880
2931,0.2253718450665474,0.223701886832714,0.0166995800100266,0.1180051863193512,98945,3.928454234674747e-05,0.0001178536270402,46896
2932,0.1806515324860811,0.1791161522269249,0.0153538279701024,0.1180062741041183,104222,3.925258005539128e-05,0.0001177577401661,46912
2933,0.2686411626636982,0.2672766670584678,0.0136449302081018,0.1180073469877243,104243,3.922062236788836e-05,0.0001176618671036,46928
2934,0.2148646060377359,0.2132102251052856,0.0165437986142933,0.1180083826184272,91191,3.918866929792838e-05,0.0001175660078937,46944
2935,0.1568951578810811,0.1554196029901504,0.0147555568255484,0.1180093362927436,101283,3.9156720859199e-05,0.0001174701625775,46960
2936,0.166777566075325,0.1652249805629253,0.0155258453451097,0.1180102154612541,98575,3.912477706538593e-05,0.0001173743311961,46976
2937,0.1142822131514549,0.1127328462898731,0.0154936844483017,0.1180110126733779,98986,3.909283793017288e-05,0.0001172785137905,46992
2938,0.2767058126628399,0.2752787731587887,0.0142704015597701,0.1180117800831794,95940,3.9060903467241547e-05,0.0001171827104017,47008
2939,0.2890609577298164,0.2875949963927269,0.0146595817059278,0.1180125027894973,98407,3.9028973690271646e-05,0.0001170869210708,47024
2940,0.1595322825014591,0.1579840593039989,0.0154821982141584,0.118013322353363,99516,3.899704861294088e-05,0.0001169911458388,47040
2941,0.1743586361408233,0.172837933525443,0.0152070666663348,0.1180142238736152,96965,3.896512824892495e-05,0.0001168953847467,47056
2942,0.1613078713417053,0.1598421037197113,0.0146576631814241,0.1180153936147689,100780,3.8933212611897504e-05,0.0001167996378356,47072
2943,0.2243768628686666,0.222960278391838,0.0141658429056406,0.118016667664051,104138,3.890130171553021e-05,0.0001167039051465,47088
2944,0.2159504424780607,0.214190486818552,0.0175995507743209,0.1180181056261062,97637,3.886939557349266e-05,0.0001166081867204,47104
2945,0.1637643352150917,0.1623768303543329,0.0138750681653618,0.1180199012160301,103653,3.883749419945244e-05,0.0001165124825983,47120
2946,0.1080920323729515,0.1065748706459999,0.0151716319378465,0.1180218756198883,102528,3.880559760707508e-05,0.0001164167928212,47136
2947,0.1821759603917598,0.1806404590606689,0.0153550149407237,0.1180236563086509,94903,3.877370581002408e-05,0.00011632111743,47152
2948,0.2135884240269661,0.2121313903480768,0.014570391504094,0.1180252805352211,108388,3.874181882196088e-05,0.0001162254564658,47168
2949,0.1560532618314027,0.15463881008327,0.0141444995533674,0.1180266886949539,102712,3.870993665654482e-05,0.0001161298099696,47184
2950,0.1557559054344892,0.1540172081440687,0.0173869577702134,0.1180279105901718,99968,3.867805932743322e-05,0.0001160341779822,47200
2951,0.1206768155097961,0.1189450342208147,0.0173178005497902,0.1180291548371315,94385,3.864618684828134e-05,0.0001159385605448,47216
2952,0.1124286781996488,0.1106533985584974,0.0177528068888932,0.1180303543806076,95469,3.861431923274232e-05,0.0001158429576982,47232
2953,0.1111289393156766,0.1096419747918844,0.0148696317337453,0.1180316284298896,101845,3.858245649446721e-05,0.0001157473694834,47248
2954,0.1700546834617853,0.1686457712203264,0.0140890891198068,0.1180331707000732,102949,3.855059864710505e-05,0.0001156517959413,47264
2955,0.2555329753085971,0.254124341532588,0.014086331706494,0.1180346310138702,100314,3.851874570430266e-05,0.0001155562371129,47280
2956,0.1417350228875875,0.1402166709303856,0.0151835356373339,0.1180362552404403,98201,3.8486897679704886e-05,0.0001154606930391,47296
2957,0.1722211372107267,0.1705465354025364,0.0167460381053388,0.1180378720164299,101377,3.845505458695437e-05,0.0001153651637608,47312
2958,0.1272961776703596,0.1257728859782219,0.0152329080738127,0.118039496243,99982,3.842321643969174e-05,0.000115269649319,47328
2959,0.156113538891077,0.1547241602092981,0.0138937607407569,0.1180412918329238,102354,3.8391383251555375e-05,0.0001151741497546,47344
2960,0.1983974184840917,0.1970120538026094,0.0138536249287426,0.1180431246757507,101274,3.835955503618165e-05,0.0001150786651085,47360
2961,0.1549653718248009,0.1535606235265731,0.0140474657528102,0.1180449724197387,99776,3.832773180720475e-05,0.0001149831954216,47376
2962,0.2267070300877094,0.2251492738723755,0.0155775507446378,0.1180467009544372,98464,3.8295913578256704e-05,0.0001148877407347,47392
2963,0.288319893181324,0.2868957221508026,0.0142416809685528,0.1180483624339103,104379,3.826410036296747e-05,0.0001147923010889,47408
2964,0.2160985963419079,0.2142259459942579,0.0187265039421618,0.1180497780442237,101355,3.823229217496481e-05,0.0001146968765248,47424
2965,0.1822819542139768,0.1807081438601017,0.0157380786258727,0.1180510446429252,98641,3.820048902787435e-05,0.0001146014670836,47440
2966,0.1217324705794453,0.1201988980174064,0.0153357156086713,0.1180521994829177,99196,3.816869093531951e-05,0.0001145060728059,47456
2967,0.2401298955082893,0.2386928051710128,0.0143708982504904,0.1180533394217491,105487,3.813689791092161e-05,0.0001144106937327,47472
2968,0.1923165824264288,0.1907993499189615,0.0151723287999629,0.1180544570088386,104914,3.810510996829979e-05,0.0001143153299048,47488
2969,0.2649024724960327,0.2633419893682003,0.0156048398930579,0.1180555373430252,99307,3.807332712107097e-05,0.0001142199813632,47504
2970,0.264076717197895,0.2626060284674167,0.0147069387603551,0.1180566027760505,99271,3.804154938284989e-05,0.0001141246481485,47520
2971,0.2105340510606765,0.2089846618473529,0.0154938562773168,0.1180576756596565,98603,3.800977676724919e-05,0.0001140293303017,47536
2972,0.1663961447775364,0.1648801080882549,0.0151603634003549,0.1180588454008102,98897,3.7978009287879176e-05,0.0001139340278636,47552
2973,0.1755873877555132,0.1737839579582214,0.0180343152023851,0.1180600151419639,101417,3.794624695834808e-05,0.000113838740875,47568
2974,0.2142989747226238,0.2128216736018657,0.0147729739546775,0.1180612668395042,99582,3.791448979226183e-05,0.0001137434693767,47584
2975,0.2417580038309097,0.2403660006821155,0.0139200589619576,0.1180625706911087,101082,3.788273780322424e-05,0.0001136482134096,47600
2976,0.1829185634851455,0.1814830303192138,0.0143553060479462,0.1180642396211624,103845,3.785099100483681e-05,0.0001135529730145,47616
2977,0.1938947215676307,0.1922739967703819,0.0162072491366416,0.1180659681558609,105146,3.781924941069888e-05,0.000113457748232,47632
2978,0.2070119669660926,0.2056180629879236,0.0139389971736818,0.1180677264928817,103792,3.778751303440755e-05,0.0001133625391032,47648
2979,0.2129292748868465,0.2115057073533535,0.0142356497235596,0.1180694103240966,99730,3.775578188955763e-05,0.0001132673456686,47664
2980,0.1897217258810997,0.1883053947240114,0.0141633281018584,0.1180711016058921,102360,3.7724055989741774e-05,0.0001131721679692,47680
2981,0.1343555822968483,0.1327201072126627,0.0163547457195818,0.1180726960301399,97800,3.769233534855035e-05,0.0001130770060456,47696
2982,0.2528505325317383,0.2513969913125038,0.0145353719126433,0.1180742159485817,100078,3.7660619979571474e-05,0.0001129818599387,47712
2983,0.2080932967364788,0.2066692486405372,0.014240511925891,0.118075706064701,99647,3.762890989639097e-05,0.0001128867296891,47728
2984,0.167938370257616,0.1663349606096744,0.0160341123118996,0.1180769801139831,101583,3.759720511259245e-05,0.0001127916153377,47744
2985,0.1893739458173513,0.187921617180109,0.0145232761278748,0.1180783584713935,104753,3.756550564175727e-05,0.0001126965169252,47760
2986,0.2149590458720922,0.2134154923260212,0.0154355647973716,0.118079587817192,97891,3.753381149746443e-05,0.0001126014344923,47776
2987,0.213509876281023,0.2120031863451004,0.015066897496581,0.1180806756019592,100667,3.7502122693290695e-05,0.0001125063680798,47792
2988,0.2940476313233375,0.2923908829689026,0.0165674919262528,0.1180816441774368,100109,3.7470439242810586e-05,0.0001124113177284,47808
2989,0.204976987093687,0.2034693323075771,0.015076489187777,0.1180825605988502,99321,3.743876115959623e-05,0.0001123162834787,47824
2990,0.225919097661972,0.2242097668349743,0.0170932516921311,0.1180834919214248,94802,3.7407088457217546e-05,0.0001122212653716,47840
2991,0.1704876367002725,0.1689681727439165,0.0151946139521896,0.1180845573544502,97081,3.73754211492421e-05,0.0001121262634477,47856
2992,0.126189162954688,0.124720100313425,0.0146905933506786,0.1180856451392173,92439,3.734375924923519e-05,0.0001120312777477,47872
2993,0.1912088226526975,0.1896500196307897,0.0155880616512149,0.1180867627263069,99924,3.731210277075972e-05,0.0001119363083122,47888
2994,0.1253615133464336,0.1237388364970684,0.0162267857231199,0.1180879101157188,99264,3.728045172737636e-05,0.0001118413551821,47904
2995,0.1743451040238142,0.1726007610559463,0.017443431308493,0.1180891096591949,90700,3.724880613264339e-05,0.0001117464183979,47920
2996,0.1642455868422985,0.1627658978104591,0.0147969010286033,0.1180905401706695,99433,3.721716600011679e-05,0.0001116514980003,47936
2997,0.1911163758486509,0.1895910985767841,0.0152527436148375,0.1180919781327247,104181,3.718553134335017e-05,0.00011155659403,47952
2998,0.1321185575798154,0.130228734575212,0.0188982151448726,0.1180933341383934,92003,3.715390217589483e-05,0.0001114617065276,47968
2999,0.2438787706196308,0.2425119318068027,0.0136684239841997,0.1180947199463844,103488,3.71222785112997e-05,0.0001113668355338,47984
3000,0.1310240440070629,0.1295129973441362,0.0151104347314685,0.118096075952053,95361,3.709066036311134e-05,0.0001112719810893,48000
3001,0.15192379523068666,0.15037735179066658,0.015464453725144267,0.11809735000133514,97453,3.705904774487396e-05,0.00011117714323462186,48016
3002,0.13277112320065498,0.13128367438912392,0.014874516753479838,0.11809860169887543,98092,3.702744067012943e-05,0.00011108232201038828,48032
3003,0.1472617518156767,0.14579397067427635,0.014677821891382337,0.11809977144002914,99638,3.699583915241717e-05,0.0001109875174572515,48048
3004,0.25137436017394066,0.24989528581500053,0.014790748246014118,0.11810097098350525,102858,3.6964243205274307e-05,0.00011089272961582291,48064
3005,0.2709713261574507,0.2694580815732479,0.015132477972656488,0.11810211092233658,99910,3.693265284223554e-05,0.0001107979585267066,48080
3006,0.2528028469532728,0.2512669116258621,0.015359289478510618,0.11810317635536194,96888,3.6901068076833136e-05,0.00011070320423049939,48096
3007,0.13622451946139336,0.13469728454947472,0.015272361459210515,0.1181042417883873,100220,3.686948892259703e-05,0.00011060846676779107,48112
3008,0.1359318345785141,0.13439516350626945,0.015366728184744716,0.11810525506734848,100159,3.6837915393054746e-05,0.00011051374617916422,48128
3009,0.24448739737272263,0.2430371716618538,0.014502243604511023,0.1181061863899231,102496,3.680634750173137e-05,0.0001104190425051941,48144
3010,0.16505840420722961,0.16366485320031643,0.013935512164607644,0.1181071549654007,100586,3.677478526214956e-05,0.00011032435578644867,48160
3011,0.13526745606213808,0.13367633894085884,0.01591112883761525,0.11810827255249023,106519,3.6743228687829595e-05,0.00011022968606348877,48176
3012,0.16062850505113602,0.1590691190212965,0.015593865886330605,0.11810940504074097,102165,3.6711677792289337e-05,0.00011013503337686799,48192
3013,0.2506750747561455,0.24927621148526669,0.01398856844753027,0.118110790848732,104463,3.6680132589044136e-05,0.00011004039776713239,48208
3014,0.1962395031005144,0.1948615238070488,0.013779786648228765,0.11811240762472153,102646,3.664859309160697e-05,0.0001099457792748209,48224
3015,0.1409955732524395,0.13936243206262589,0.01633139466866851,0.11811414361000061,99681,3.661705931348838e-05,0.00010985117794046511,48240
3016,0.15451669599860907,0.15295011550188065,0.01566580100916326,0.11811584234237671,99099,3.658553126819644e-05,0.0001097565938045893,48256
3017,0.16518056765198708,0.16352318227291107,0.01657383469864726,0.1181175634264946,98349,3.655400896923672e-05,0.00010966202690771014,48272
3018,0.15785896219313145,0.15589547902345657,0.019634871743619442,0.11811905354261398,93849,3.65224924301124e-05,0.00010956747729033718,48288
3019,0.24290847033262253,0.24144035950303078,0.01468114391900599,0.1181204617023468,101510,3.649098166432417e-05,0.00010947294499297249,48304
3020,0.18991582095623016,0.18839919939637184,0.015166230732575059,0.11812183260917664,94383,3.645947668537022e-05,0.00010937843005611063,48320
3021,0.16247620899230242,0.16101067326962948,0.014655339298769832,0.1181231215596199,99502,3.642797750674629e-05,0.00010928393252023886,48336
3022,0.11515010893344879,0.11334724724292755,0.018028593622148037,0.11812432110309601,89859,3.639648414194563e-05,0.00010918945242583688,48352
3023,0.14958288054913282,0.1482115052640438,0.013713771477341652,0.1181255578994751,102378,3.636499660445902e-05,0.00010909498981337704,48368
3024,0.17568018287420273,0.17424530535936356,0.01434879912994802,0.11812684684991837,105062,3.633351490777467e-05,0.00010900054472332399,48384
3025,0.2504810281097889,0.24904690310359,0.014341243542730808,0.11812811344861984,100063,3.630203906537838e-05,0.00010890611719613512,48400
3026,0.14054341241717339,0.1387925799936056,0.01750830071978271,0.11812925338745117,92476,3.62705690907534e-05,0.00010881170727226018,48416
3027,0.18635477498173714,0.1849011443555355,0.014536306960508227,0.11813045293092728,100785,3.623910499738043e-05,0.00010871731499214128,48432
3028,0.15864802338182926,0.15702340751886368,0.01624619448557496,0.11813165247440338,97334,3.620764679873772e-05,0.00010862294039621313,48448
3029,0.22648302651941776,0.2248337734490633,0.016492531402036548,0.11813277006149292,97145,3.617619450830097e-05,0.00010852858352490289,48464
3030,0.16535641252994537,0.16385094448924065,0.015054700430482626,0.11813399195671082,103207,3.6144748139543316e-05,0.00010843424441862993,48480
3031,0.12764516100287437,0.12585143372416496,0.017937251133844256,0.11813537776470184,94579,3.6113307705935396e-05,0.00010833992311780617,48496
3032,0.17066907323896885,0.16923168674111366,0.01437389338389039,0.11813686788082123,104030,3.608187322094528e-05,0.00010824561966283583,48512
3033,0.12715012952685356,0.12565399333834648,0.014961358159780502,0.11813832074403763,101744,3.605044469803854e-05,0.00010815133409411562,48528
3034,0.17007261142134666,0.168268708512187,0.01803905190899968,0.11813952773809433,96552,3.601902215067813e-05,0.00010805706645203437,48544
3035,0.21864130161702633,0.2169890496879816,0.016522461315616965,0.11814070492982864,97849,3.5987605592324456e-05,0.00010796281677697335,48560
3036,0.2452510315924883,0.24386652559041977,0.013845052570104599,0.11814187467098236,101653,3.5956195036435406e-05,0.00010786858510930621,48576
3037,0.14058629609644413,0.13893226347863674,0.016540325479581952,0.11814294010400772,98451,3.592479049646623e-05,0.00010777437148939868,48592
3038,0.18137956410646439,0.17987205181270838,0.015075146686285734,0.11814390867948532,100128,3.589339198586967e-05,0.00010768017595760901,48608
3039,0.18614565953612328,0.18470916152000427,0.014365031849592924,0.11814480274915695,99723,3.586199951809582e-05,0.00010758599855428746,48624
3040,0.2923549935221672,0.2908681109547615,0.014868910890072584,0.11814562976360321,100604,3.583061310659226e-05,0.00010749183931977676,48640
3041,0.15992983058094978,0.15848995372653008,0.014398760627955198,0.11814651638269424,99044,3.579923276480387e-05,0.0001073976982944116,48656
3042,0.17076663114130497,0.16915256902575493,0.01614059740677476,0.11814755946397781,99006,3.576785850617304e-05,0.0001073035755185191,48672
3043,0.12654169276356697,0.12505052611231804,0.014911651145666838,0.11814872920513153,101246,3.57364903441395e-05,0.00010720947103241847,48688
3044,0.15806143544614315,0.15646588802337646,0.0159554835408926,0.11814991384744644,95295,3.570512829214033e-05,0.00010711538487642098,48704
3045,0.23581333458423615,0.23422672599554062,0.015866106608882546,0.11815106123685837,103973,3.567377236361008e-05,0.00010702131709083023,48720
3046,0.271830927580595,0.2703682482242584,0.014626776101067662,0.1181521788239479,100619,3.564242257198065e-05,0.00010692726771594193,48736
3047,0.23507600650191307,0.23326880112290382,0.018072091275826097,0.11815324425697327,98328,3.5611078930681254e-05,0.00010683323679204374,48752
3048,0.21803957223892212,0.21666130423545837,0.013782656751573086,0.11815444380044937,106010,3.557974145313851e-05,0.00010673922435941551,48768
3049,0.1661059558391571,0.16462122835218906,0.01484728092327714,0.11815585196018219,101945,3.554841015277641e-05,0.00010664523045832922,48784
3050,0.17413907498121262,0.1725289449095726,0.016101345419883728,0.11815713346004486,98084,3.551708504301633e-05,0.00010655125512904897,48800
3051,0.06793037429451942,0.06641041673719883,0.015199566492810845,0.11815830320119858,101423,3.5485766137276894e-05,0.00010645729841183066,48816
3052,0.13510444574058056,0.1334496047347784,0.01654841541312635,0.11815943568944931,97181,3.545445344897413e-05,0.00010636336034692238,48832
3053,0.23962343577295542,0.238189990632236,0.014334447449073195,0.11816063523292542,98673,3.542314699152145e-05,0.00010626944097456434,48848
3054,0.21752653643488884,0.21608824282884598,0.014382910449057817,0.11816175282001495,97385,3.5391846778329476e-05,0.00010617554033498843,48864
3055,0.1446919683367014,0.14298070222139359,0.01711265742778778,0.11816278845071793,99873,3.536055282280627e-05,0.00010608165846841879,48880
3056,0.22486189007759094,0.22339792177081108,0.014639675850048661,0.11816398799419403,101778,3.5329265138357165e-05,0.00010598779541507148,48896
3057,0.19360666908323765,0.19198695570230484,0.01619715359993279,0.11816514283418655,99202,3.529798373838481e-05,0.00010589395121515441,48912
3058,0.17883269116282463,0.17743445932865143,0.013982317643240094,0.11816634237766266,99682,3.5266708636289145e-05,0.00010580012590886742,48928
3059,0.1834910847246647,0.1818481795489788,0.016429036622866988,0.11816751956939697,100206,3.523543984546744e-05,0.0001057063195364023,48944
3060,0.17569655552506447,0.17427183128893375,0.014247265411540866,0.11816871166229248,103239,3.520417737931427e-05,0.0001056125321379428,48960
3061,0.16890660114586353,0.16717184707522392,0.017347517888993025,0.11817014962434769,97337,3.5172921251221455e-05,0.00010551876375366436,48976
3062,0.18949048407375813,0.18776647746562958,0.017240036511793733,0.1181715652346611,97968,3.5141671474578144e-05,0.00010542501442373441,48992
3063,0.1629836391657591,0.16143923811614513,0.015443978132680058,0.11817295104265213,97657,3.511042806277075e-05,0.00010533128418831223,49008
3064,0.17246864549815655,0.17072660848498344,0.017420347314327955,0.11817426979541779,89397,3.507919102918293e-05,0.00010523757308754879,49024
3065,0.21560196578502655,0.21406375616788864,0.015382130164653063,0.11817553639411926,101644,3.504796038719567e-05,0.00010514388116158701,49040
3066,0.15144526958465576,0.1498814206570387,0.015638480661436915,0.1181766539812088,98217,3.5016736150187166e-05,0.00010505020845056149,49056
3067,0.16673022508621216,0.16515975259244442,0.015704692108556628,0.1181778535246849,100391,3.498551833153292e-05,0.00010495655499459874,49072
3068,0.1448435913771391,0.1431262120604515,0.017173789674416184,0.11817900836467743,93496,3.4954306944605595e-05,0.00010486292083381678,49088
3069,0.19183989241719246,0.19037844240665436,0.014614519663155079,0.11818020790815353,103567,3.492310200277522e-05,0.00010476930600832565,49104
3070,0.2810129150748253,0.2795984745025635,0.01414445391856134,0.11818142235279083,100452,3.489190351940898e-05,0.0001046757105582269,49120
3071,0.298018004745245,0.2964751534163952,0.015428459038957953,0.11818253993988037,95033,3.486071150787128e-05,0.00010458213452361383,49136
3072,0.2216053381562233,0.2202059105038643,0.013994278851896524,0.11818370968103409,99243,3.482952598152381e-05,0.00010448857794457143,49152
3073,0.1699585374444723,0.16835604794323444,0.016024926211684942,0.11818496137857437,98573,3.479834695372548e-05,0.00010439504086117644,49168
3074,0.18982522934675217,0.18825524114072323,0.015699938870966434,0.11818621307611465,103889,3.47671744378324e-05,0.00010430152331349717,49184
3075,0.1894736923277378,0.18794630840420723,0.015273793134838343,0.11818744242191315,98380,3.4736008447197823e-05,0.00010420802534159346,49200
3076,0.16303501278162003,0.16152383387088776,0.015111739747226238,0.11818891018629074,100770,3.4704848995172326e-05,0.00010411454698551695,49216
3077,0.1574238110333681,0.15590701438486576,0.01516798953525722,0.11819034814834595,103124,3.467369609510363e-05,0.00010402108828531086,49232
3078,0.167593315243721,0.1661269161850214,0.0146639971062541,0.11819180846214294,102529,3.4642549760336604e-05,0.00010392764928100981,49248
3079,0.16357269138097763,0.16181860119104385,0.0175408732611686,0.11819319427013397,96204,3.461141000421337e-05,0.0001038342300126401,49264
3080,0.16851099580526352,0.16685568541288376,0.01655309461057186,0.11819455772638321,95407,3.458027684007324e-05,0.00010374083052021971,49280
3081,0.2044918593019247,0.20303080044686794,0.014610538724809885,0.11819591373205185,102440,3.4549150281252636e-05,0.0001036474508437579,49296
3082,0.13802040927112103,0.13648867420852184,0.015317329671233892,0.11819721758365631,97918,3.451803034108519e-05,0.00010355409102325557,49312
3083,0.16766457445919514,0.16603730246424675,0.016272683860734105,0.11819841712713242,98843,3.448691703290171e-05,0.00010346075109870513,49328
3084,0.18500488623976707,0.18362055439502,0.013843314722180367,0.11819969862699509,103679,3.445581037003015e-05,0.00010336743111009043,49344
3085,0.17564558424055576,0.17426477000117302,0.013808103743940592,0.11820105463266373,104211,3.44247103657956e-05,0.00010327413109738679,49360
3086,0.16322335228323936,0.1618268731981516,0.013964796904474497,0.11820241808891296,99677,3.439361703352032e-05,0.00010318085110056094,49376
3087,0.1589744035154581,0.15742731653153896,0.015470861457288265,0.11820373684167862,98240,3.436253038652373e-05,0.00010308759115957118,49392
3088,0.19484632462263107,0.19341753236949444,0.014287913450971246,0.11820507794618607,102754,3.43314504381223e-05,0.00010299435131436689,49408
3089,0.1761035406962037,0.17467982973903418,0.014237080467864871,0.11820637434720993,99497,3.4300377201629754e-05,0.00010290113160488924,49424
3090,0.1485787257552147,0.14695500023663044,0.016237261006608605,0.11820769309997559,99827,3.426931069035686e-05,0.00010280793207107056,49440
3091,0.10698186419904232,0.10547104384750128,0.015108208870515227,0.118209108710289,95646,3.423825091761153e-05,0.00010271475275283457,49456
3092,0.2099613267928362,0.20848779566586018,0.014735279837623239,0.11821043491363525,100397,3.420719789669876e-05,0.00010262159369009628,49472
3093,0.18070893175899982,0.17929250188171864,0.014164292952045798,0.11821198463439941,102354,3.417615164092069e-05,0.00010252845492276208,49488
3094,0.16337215527892113,0.16157828830182552,0.01793864998035133,0.11821335554122925,98050,3.4145112163576576e-05,0.00010243533649072971,49504
3095,0.16749272122979164,0.16585001163184643,0.016427099239081144,0.11821470409631729,90213,3.411407947796271e-05,0.00010234223843388813,49520
3096,0.21612467989325523,0.21460970491170883,0.015149740735068917,0.11821602284908295,100213,3.408305359737252e-05,0.00010224916079211754,49536
3097,0.14243349619209766,0.14101208373904228,0.014214158756658435,0.11821749806404114,98796,3.40520345350965e-05,0.00010215610360528948,49552
3098,0.152684623375535,0.15100926347076893,0.016753572272136807,0.11821891367435455,95859,3.402102230442226e-05,0.00010206306691326676,49568
3099,0.15885326825082302,0.157405823469162,0.014474425930529833,0.11822032928466797,99911,3.399001691863441e-05,0.00010197005075590324,49584
3100,0.21730372868478298,0.21580336429178715,0.015003618784248829,0.11822160333395004,99396,3.395901839101471e-05,0.00010187705517304411,49600
3101,0.2240964025259018,0.22260324284434319,0.014931597281247377,0.11822286248207092,98973,3.392802673484193e-05,0.00010178408020452579,49616
3102,0.21619731560349464,0.21465415135025978,0.015431601786985993,0.118224136531353,96773,3.38970419633919e-05,0.00010169112589017568,49632
3103,0.10099834389984608,0.09951495658606291,0.014833890134468675,0.11822539567947388,98972,3.386606408993753e-05,0.00010159819226981258,49648
3104,0.14448700100183487,0.14299585670232773,0.014911460457369685,0.11822663247585297,97425,3.383509312774875e-05,0.00010150527938324624,49664
3105,0.18979656137526035,0.18837367091327906,0.01422897563315928,0.11822784692049026,98911,3.380412909009254e-05,0.00010141238727027761,49680
3106,0.17856909334659576,0.1770812701433897,0.014878209214657545,0.1182289645075798,105336,3.377317199023289e-05,0.00010131951597069865,49696
3107,0.2609531097114086,0.25950220972299576,0.014508938416838646,0.11823000758886337,101078,3.374222184143086e-05,0.00010122666552429259,49712
3108,0.2683169059455395,0.2668684534728527,0.014484560815617442,0.11823099106550217,98155,3.371127865694452e-05,0.00010113383597083354,49728
3109,0.28990885242819786,0.2885102368891239,0.013986105099320412,0.11823190003633499,98583,3.3680342450028915e-05,0.00010104102735008674,49744
3110,0.15243064239621162,0.15092524699866772,0.01505392650142312,0.11823279410600662,101287,3.364941323393615e-05,0.00010094823970180843,49760
3111,0.14633918181061745,0.14482609741389751,0.015130879124626517,0.11823365837335587,98404,3.361849102191533e-05,0.00010085547306574598,49776
3112,0.20804267562925816,0.20652882754802704,0.015138494782149792,0.11823461949825287,99966,3.358757582721253e-05,0.00010076272748163756,49792
3113,0.1847295667976141,0.18315742164850235,0.015721414238214493,0.1182354986667633,97793,3.355666766307084e-05,0.00010067000298921251,49808
3114,0.11929027736186981,0.11769436299800873,0.0159591359551996,0.11823634803295135,98119,3.3525766542730334e-05,0.00010057729962819099,49824
3115,0.15077699534595013,0.14921943936496973,0.015575585654005408,0.11823716014623642,98786,3.3494872479428095e-05,0.00010048461743828428,49840
3116,0.23708180710673332,0.23563988879323006,0.014419161481782794,0.1182379201054573,103886,3.346398548639812e-05,0.00010039195645919437,49856
3117,0.23633738979697227,0.2347359023988247,0.016014893539249897,0.11823862791061401,102085,3.343310557687145e-05,0.00010029931673061433,49872
3118,0.20710206404328346,0.20553424954414368,0.015678128693252802,0.11823928356170654,101350,3.340223276407605e-05,0.00010020669829222813,49888
3119,0.1627771146595478,0.16133997961878777,0.014371330151334405,0.11823997646570206,99433,3.337136706123682e-05,0.00010011410118371046,49904
3120,0.2327686958014965,0.23130560666322708,0.014630903489887714,0.11824061721563339,101132,3.3340508481575675e-05,0.000100021525444727,49920
3121,0.26040639355778694,0.2589646056294441,0.014417854603379965,0.11824139207601547,97419,3.330965703831146e-05,9.992897111493437e-05,49936
3122,0.18971846252679825,0.18825987726449966,0.014585810480639338,0.1182423084974289,102126,3.327881274465994e-05,9.98364382339798e-05,49952
3123,0.13525641709566116,0.13351905904710293,0.01737361983396113,0.11824320256710052,101661,3.32479756138338e-05,9.97439268415014e-05,49968
3124,0.14105597138404846,0.13963079079985619,0.01425177906639874,0.1182442158460617,102915,3.321714565904273e-05,9.96514369771282e-05,49984
3125,0.2758646085858345,0.27425431832671165,0.016102812252938747,0.11824514716863632,97816,3.318632289349332e-05,9.955896868047993e-05,50000
3126,0.16307448968291283,0.16148482263088226,0.01589663396589458,0.1182456985116005,96767,3.3155507330389e-05,9.946652199116699e-05,50016
3127,0.15531250089406967,0.15371691435575485,0.015955858631059527,0.11824635416269302,100346,3.312469898293022e-05,9.937409694879064e-05,50032
3128,0.15821469388902187,0.15652831085026264,0.0168638548348099,0.11824693530797958,95146,3.309389786431431e-05,9.92816935929429e-05,50048
3129,0.16921316646039486,0.16765967942774296,0.015534862177446485,0.1182476058602333,99226,3.3063103987735433e-05,9.918931196320629e-05,50064
3130,0.24265770614147186,0.2411782406270504,0.014794722432270646,0.11824825406074524,101946,3.303231736638477e-05,9.909695209915429e-05,50080
3131,0.15571446903049946,0.15424033254384995,0.014741326915100217,0.11824892461299896,104674,3.300153801345028e-05,9.900461404035084e-05,50096
3132,0.22028230503201485,0.21881892532110214,0.014633846934884787,0.11824971437454224,102760,3.297076594211692e-05,9.891229782635074e-05,50112
3133,0.18228013813495636,0.18080230429768562,0.014778357464820147,0.11825056374073029,97045,3.294000116556641e-05,9.88200034966992e-05,50128
3134,0.20210942067205906,0.20068691857159138,0.014225035673007369,0.11825156211853027,96508,3.290924369697743e-05,9.872773109093228e-05,50144
3135,0.24174633249640465,0.2403097115457058,0.014366215094923973,0.11825257539749146,102336,3.287849354952552e-05,9.863548064857654e-05,50160
3136,0.2156835589557886,0.2142051998525858,0.014783591264858842,0.11825364828109741,100717,3.284775073638302e-05,9.854325220914903e-05,50176
3137,0.13981023617088795,0.13830530736595392,0.015049304347485304,0.11825461685657501,98968,3.28170152707192e-05,9.845104581215758e-05,50192
3138,0.25423502922058105,0.25272233970463276,0.015126887941733003,0.11825579404830933,101142,3.278628716570017e-05,9.83588614971005e-05,50208
3139,0.15295922569930553,0.15139641053974628,0.015628104330971837,0.11825691163539886,102081,3.275556643448885e-05,9.826669930346654e-05,50224
3140,0.19258163683116436,0.19082187488675117,0.01759760151617229,0.11825800687074661,100803,3.272485309024503e-05,9.817455927073508e-05,50240
3141,0.18676208890974522,0.18532223254442215,0.014398559695109725,0.11825917661190033,101463,3.2694147146125345e-05,9.808244143837602e-05,50256
3142,0.17705785855650902,0.17547139897942543,0.015864599961787462,0.11826038360595703,96721,3.266344861528326e-05,9.799034584584975e-05,50272
3143,0.2054085098206997,0.20395202562212944,0.01456481241621077,0.11826155334711075,99840,3.2632757510869e-05,9.7898272532607e-05,50288
3144,0.18933427706360817,0.18780324049293995,0.015310357790440321,0.11826270073652267,99724,3.260207384602969e-05,9.780622153808905e-05,50304
3145,0.1036934470757842,0.10221133753657341,0.014821087243035436,0.11826393008232117,96191,3.257139763390925e-05,9.771419290172773e-05,50320
3146,0.1817767107859254,0.18035577051341534,0.014209400629624724,0.11826515197753906,102877,3.254072888764836e-05,9.762218666294508e-05,50336
3147,0.18205679208040237,0.18051772192120552,0.015390700194984674,0.11826632916927338,94023,3.2510067620384564e-05,9.753020286115368e-05,50352
3148,0.18579689785838127,0.18436887487769127,0.01428026333451271,0.11826734244823456,103968,3.247941384525217e-05,9.743824153575648e-05,50368
3149,0.24324606731534004,0.24167687073349953,0.015691954642534256,0.11826835572719574,95979,3.244876757538228e-05,9.734630272614683e-05,50384
3150,0.20054208487272263,0.1989145427942276,0.016275465255603194,0.11826931685209274,99444,3.241812882390277e-05,9.72543864717083e-05,50400
3151,0.16235811449587345,0.16091126948595047,0.014468429842963815,0.11827046424150467,104570,3.2387497603938326e-05,9.716249281181497e-05,50416
3152,0.20413739327341318,0.20270519517362118,0.014321944210678339,0.11827162653207779,102244,3.23568739286104e-05,9.707062178583119e-05,50432
3153,0.21898093447089195,0.21754371374845505,0.01437219581566751,0.11827297508716583,101671,3.2326257811037155e-05,9.697877343311144e-05,50448
3154,0.2187047377228737,0.21728554368019104,0.014191954396665096,0.11827436089515686,107000,3.229564926433359e-05,9.688694779300075e-05,50464
3155,0.1299309954047203,0.12830696254968643,0.016240318305790424,0.11827574670314789,101047,3.226504830161145e-05,9.679514490483436e-05,50480
3156,0.28909868374466896,0.28772132471203804,0.013773570768535137,0.11827706545591354,103272,3.2234454935979205e-05,9.670336480793761e-05,50496
3157,0.23855923116207123,0.2371271774172783,0.01432056981138885,0.11827860027551651,100749,3.2203869180542064e-05,9.661160754162618e-05,50512
3158,0.11328912898898125,0.11163423210382462,0.01654899795539677,0.11828014999628067,97613,3.2173291048402e-05,9.651987314520599e-05,50528
3159,0.2929496355354786,0.29157552495598793,0.01374105061404407,0.11828166991472244,100974,3.214272055265775e-05,9.642816165797323e-05,50544
3160,0.19852356240153313,0.19658993370831013,0.019336274825036526,0.11828327178955078,87383,3.211215770640469e-05,9.633647311921405e-05,50560
3161,0.17459634132683277,0.1731006894260645,0.014956497820094228,0.11828482151031494,104452,3.2081602522734986e-05,9.624480756820496e-05,50576
3162,0.2920675314962864,0.2907012701034546,0.013662629295140505,0.11828631162643433,104940,3.205105501473754e-05,9.615316504421262e-05,50592
3163,0.15770541317760944,0.15628434531390667,0.01421067607589066,0.11828770488500595,101231,3.202051519549789e-05,9.606154558649365e-05,50608
3164,0.20031381025910378,0.19895871728658676,0.013550937874242663,0.11828906089067459,100134,3.198998307809836e-05,9.596994923429508e-05,50624
3165,0.1971318330615759,0.19541525468230247,0.017165791243314743,0.11829037219285965,99811,3.195945867561791e-05,9.587837602685372e-05,50640
3166,0.17110760882496834,0.16950003989040852,0.016075653256848454,0.11829160898923874,96338,3.192894200113225e-05,9.578682600339675e-05,50656
3167,0.15442635584622622,0.15299908444285393,0.014272697502747178,0.1182929053902626,99522,3.189843306771374e-05,9.569529920314121e-05,50672
3168,0.24292413145303726,0.24142376147210598,0.015003694454208016,0.11829422414302826,99493,3.1867931888431444e-05,9.560379566529431e-05,50688
3169,0.1632893718779087,0.161708302795887,0.015810681972652674,0.11829549819231033,100919,3.183743847635109e-05,9.551231542905325e-05,50704
3170,0.16625820845365524,0.16466985270380974,0.01588358753360808,0.118296779692173,103132,3.180695284453509e-05,9.542085853360527e-05,50720
3171,0.12501611094921827,0.12355205789208412,0.01464052009396255,0.11829808354377747,100851,3.177647500604252e-05,9.532942501812754e-05,50736
3172,0.346110038459301,0.34476809948682785,0.013419462833553553,0.11829933524131775,103353,3.174600497392912e-05,9.523801492178736e-05,50752
3173,0.20197451394051313,0.20055071357637644,0.01423796871677041,0.11830061674118042,99282,3.1715542761247286e-05,9.514662828374185e-05,50768
3174,0.2294403351843357,0.22781354561448097,0.0162678686901927,0.1183018609881401,101110,3.1685088381046065e-05,9.505526514313818e-05,50784
3175,0.1237734891474247,0.12225501798093319,0.015184679301455617,0.11830310523509979,96897,3.165464184637112e-05,9.496392553911336e-05,50800
3176,0.19278093986213207,0.19115213677287102,0.01628802972845733,0.11830445379018784,99977,3.162420317026483e-05,9.487260951079448e-05,50816
3177,0.2079541403800249,0.206459766253829,0.014943791087716818,0.1183057427406311,103410,3.1593772365766105e-05,9.47813170972983e-05,50832
3178,0.1602307204157114,0.15860473737120628,0.016259884228929877,0.11830691993236542,97753,3.1563349445910565e-05,9.469004833773167e-05,50848
3179,0.2169234398752451,0.2152610644698143,0.0166237810626626,0.11830811947584152,97776,3.153293442373042e-05,9.459880327119125e-05,50864
3180,0.23306142166256905,0.23156274110078812,0.014986794209107757,0.11830916255712509,102009,3.1502527312254474e-05,9.45075819367634e-05,50880
3181,0.13790258020162582,0.13639971241354942,0.015028677182272077,0.11831016093492508,99343,3.147212812450819e-05,9.441638437352454e-05,50896
3182,0.18732849694788456,0.18579884991049767,0.015296443132683635,0.1183110848069191,100672,3.1441736873513616e-05,9.432521062054084e-05,50912
3183,0.27139876782894135,0.2700001150369644,0.013986512087285519,0.11831212788820267,102912,3.14113535722894e-05,9.42340607168682e-05,50928
3184,0.12633829843252897,0.12484283745288849,0.01495462073944509,0.11831320822238922,99750,3.138097823385076e-05,9.414293470155229e-05,50944
3185,0.19478166475892067,0.19317107275128365,0.016105945222079754,0.11831419169902802,93136,3.135061087120955e-05,9.405183261362863e-05,50960
3186,0.14713180996477604,0.145666915923357,0.014648937387391925,0.11831551790237427,100937,3.132025149737419e-05,9.396075449212255e-05,50976
3187,0.2908630892634392,0.28939928486943245,0.014638130785897374,0.11831668019294739,99401,3.128990012534965e-05,9.386970037604892e-05,50992
3188,0.1772466041147709,0.17578724212944508,0.014593611005693674,0.11831777542829514,100072,3.125955676813748e-05,9.377867030441244e-05,51008
3189,0.17113641276955605,0.16955633088946342,0.015800847904756665,0.11831880360841751,95728,3.122922143873584e-05,9.368766431620751e-05,51024
3190,0.18956521525979042,0.1879524029791355,0.016128070885315537,0.11831970512866974,96132,3.119889415013943e-05,9.359668245041827e-05,51040
3191,0.1069401791319251,0.10542934574186802,0.01510832249186933,0.11832064390182495,97817,3.116857491533947e-05,9.350572474601839e-05,51056
3192,0.18695214204490185,0.18549498543143272,0.014571558684110641,0.11832157522439957,96452,3.113826374732375e-05,9.341479124197123e-05,51072
3193,0.22684215381741524,0.22546647489070892,0.013756758300587535,0.11832261830568314,102787,3.110796065907665e-05,9.332388197722994e-05,51088
3194,0.18946624547243118,0.18784098699688911,0.016252535860985518,0.11832360923290253,100061,3.1077665663579014e-05,9.323299699073703e-05,51104
3195,0.10730120353400707,0.10572822764515877,0.015729764476418495,0.1183248907327652,98463,3.104737877380828e-05,9.314213632142482e-05,51120
3196,0.21726896986365318,0.21560738235712051,0.01661585154943168,0.11832612752914429,99560,3.101710000273838e-05,9.305130000821513e-05,51136
3197,0.18938770703971386,0.1879716869443655,0.014160197461023927,0.11832742393016815,103530,3.098682936333976e-05,9.296048809001928e-05,51152
3198,0.2102956846356392,0.20877970196306705,0.015159814152866602,0.11832863837480545,98637,3.095656686857942e-05,9.286970060573824e-05,51168
3199,0.24656549096107483,0.2450951263308525,0.01470365165732801,0.11832984536886215,103555,3.0926312531420856e-05,9.277893759426255e-05,51184
3200,0.18660298734903336,0.1849389374256134,0.01664051366969943,0.11833096295595169,102124,3.089606636482406e-05,9.268819909447217e-05,51200
3201,0.2063753865659237,0.2049395777285099,0.014358086045831442,0.11833210289478302,103751,3.086582838174551e-05,9.259748514523653e-05,51216
3202,0.12488713208585978,0.12308332044631243,0.01803809660486877,0.11833325028419495,93973,3.083559859513822e-05,9.250679578541465e-05,51232
3203,0.21917998418211937,0.21770819276571274,0.014717916492372751,0.11833436787128448,97807,3.080537701795168e-05,9.241613105385503e-05,51248
3204,0.2690390180796385,0.26765506714582443,0.013839568011462688,0.11833546310663223,103990,3.0775163663131823e-05,9.232549098939546e-05,51264
3205,0.22145060077309608,0.21998528763651848,0.014653133461251855,0.11833647638559341,98479,3.07449585436211e-05,9.223487563086328e-05,51280
3206,0.2153016049414873,0.21387761738151312,0.014239809243008494,0.1183372512459755,104223,3.071476167235843e-05,9.214428501707527e-05,51296
3207,0.2056346284225583,0.20422011986374855,0.01414511282928288,0.1183379516005516,98408,3.068457306227921e-05,9.205371918683761e-05,51312
3208,0.155765263363719,0.15431380830705166,0.014514577575027943,0.11833866685628891,99828,3.065439272631525e-05,9.196317817894575e-05,51328
3209,0.1478687021881342,0.1464025443419814,0.014661576598882675,0.11833936721086502,107296,3.062422067739485e-05,9.187266203218456e-05,51344
3210,0.16429575718939304,0.16269122809171677,0.01604531449265778,0.11834003031253815,101664,3.0594056928442794e-05,9.178217078532837e-05,51360
3211,0.16689187288284302,0.16523697599768639,0.016548951156437397,0.11834078282117844,97017,3.056390149238022e-05,9.169170447714064e-05,51376
3212,0.1853197030723095,0.18373999744653702,0.015797062078490853,0.11834147572517395,96889,3.05337543821248e-05,9.16012631463744e-05,51392
3213,0.19372333958745003,0.1921773962676525,0.015459441347047687,0.11834213137626648,96923,3.0503615610590603e-05,9.151084683177179e-05,51408
3214,0.19034687988460064,0.18883431516587734,0.01512562925927341,0.118342824280262,93681,3.0473485190688077e-05,9.142045557206422e-05,51424
3215,0.15550240129232407,0.15412696823477745,0.01375430915504694,0.11834371834993362,103063,3.0443363135324165e-05,9.133008940597249e-05,51440
3216,0.20688412711024284,0.2053571417927742,0.015269811498001218,0.11834466457366943,102257,3.0413249457402206e-05,9.12397483722066e-05,51456
3217,0.13422155566513538,0.1325250044465065,0.016965526388958097,0.11834569275379181,99170,3.038314416982194e-05,9.114943250946581e-05,51472
3218,0.18169676885008812,0.1801801659166813,0.015166082885116339,0.11834663152694702,98917,3.0353047285479493e-05,9.105914185643846e-05,51488
3219,0.23692003078758717,0.23547408916056156,0.014459421392530203,0.11834762245416641,105691,3.0322958817267426e-05,9.096887645180228e-05,51504
3220,0.1193861523643136,0.11784894950687885,0.015372031601145864,0.11834859102964401,102095,3.0292878778074713e-05,9.087863633422413e-05,51520
3221,0.16902452148497105,0.1672963686287403,0.017281504115089774,0.11834956705570221,97860,3.0262807180786647e-05,9.078842154235992e-05,51536
3222,0.16413677670061588,0.1625242382287979,0.016125393100082874,0.11835049092769623,93267,3.0232744038284954e-05,9.069823211485485e-05,51552
3223,0.2429940551519394,0.2413911521434784,0.016029088757932186,0.11835145205259323,96461,3.0202689363447734e-05,9.060806809034319e-05,51568
3224,0.1653946451842785,0.16391788143664598,0.014767630957067013,0.11835262924432755,103947,3.017264316914947e-05,9.05179295074484e-05,51584
3225,0.1836166363209486,0.18198605999350548,0.016305749071761966,0.11835377663373947,102239,3.0142605468260978e-05,9.042781640478291e-05,51600
3226,0.13379989191889763,0.13214042410254478,0.016594701446592808,0.11835493892431259,98960,3.011257627364945e-05,9.033772882094833e-05,51616
3227,0.308463454246521,0.3070104122161865,0.014530482469126582,0.11835598200559616,99210,3.0082555598178465e-05,9.024766679453538e-05,51632
3228,0.16351471655070782,0.1619114875793457,0.016032289946451783,0.11835690587759018,95856,3.0052543454707894e-05,9.015763036412366e-05,51648
3229,0.16720947995781898,0.16577508300542831,0.014343966962769628,0.11835788190364838,103101,3.0022539856094007e-05,9.0067619568282e-05,51664
3230,0.2365525085479021,0.23491332307457924,0.01639192085713148,0.11835881322622299,99922,2.999254481518939e-05,8.997763444556815e-05,51680
3231,0.1772911325097084,0.17568047158420086,0.016106580151244998,0.11835993826389313,97086,2.996255834484296e-05,8.988767503452887e-05,51696
3232,0.16769880428910255,0.16622579284012318,0.014730128925293684,0.11836117506027222,102767,2.9932580457899968e-05,8.979774137369989e-05,51712
3233,0.1920464001595974,0.19053811766207218,0.015082833589985967,0.1183624342083931,94825,2.9902611167202e-05,8.970783350160599e-05,51728
3234,0.23934166133403778,0.23785202577710152,0.014896382810547948,0.11836359649896622,95235,2.9872650485586932e-05,8.961795145676078e-05,51744
3235,0.16044308990240097,0.15882857702672482,0.016145140398293734,0.11836472153663635,101655,2.984269842588898e-05,8.952809527766693e-05,51760
3236,0.10371768660843372,0.10219125263392925,0.015264363028109074,0.11836589127779007,96899,2.9812755000938642e-05,8.943826500281591e-05,51776
3237,0.2161063477396965,0.21460441499948502,0.015019293408840895,0.11836699396371841,103060,2.9782820223562756e-05,8.934846067068825e-05,51792
3238,0.22197891771793365,0.2204412817955017,0.01537636574357748,0.1183680072426796,88417,2.97528941065844e-05,8.925868231975319e-05,51808
3239,0.15021292585879564,0.14877581130713224,0.014371141092851758,0.11836899816989899,97037,2.9722976662822987e-05,8.916892998846895e-05,51824
3240,0.11062955111265182,0.109074916690588,0.01554632536135614,0.11837001144886017,99429,2.969306790509419e-05,8.907920371528256e-05,51840
3241,0.10757216066122055,0.10581162199378014,0.017605393659323454,0.11837103962898254,95083,2.9663167846209998e-05,8.898950353862998e-05,51856
3242,0.14004511944949627,0.13856825977563858,0.014768606051802635,0.1183721050620079,100884,2.9633276498978602e-05,8.88998294969358e-05,51872
3243,0.10150188952684402,0.09990855306386948,0.015933366492390633,0.11837324500083923,101806,2.9603393876204544e-05,8.881018162861362e-05,51888
3244,0.2376289814710617,0.23623571172356606,0.01393274194560945,0.11837449669837952,99302,2.957351999068858e-05,8.872055997206572e-05,51904
3245,0.14909406378865242,0.14741456881165504,0.016794942086562514,0.11837580800056458,94491,2.954365485522771e-05,8.863096456568311e-05,51920
3246,0.15391265228390694,0.15235676988959312,0.015558833489194512,0.11837708204984665,96087,2.951379848261523e-05,8.854139544784567e-05,51936
3247,0.15994976833462715,0.15844652242958546,0.015032495604828,0.11837843060493469,101269,2.9483950885640673e-05,8.845185265692201e-05,51952
3248,0.1683354340493679,0.166902931407094,0.014325021533295512,0.11837995052337646,103631,2.945411207708979e-05,8.836233623126935e-05,51968
3249,0.17232889495790005,0.1709043513983488,0.014245436992496252,0.1183815598487854,104065,2.9424282069744564e-05,8.827284620923368e-05,51984
3250,0.21369922906160355,0.212260439991951,0.014387915143743157,0.11838304996490479,98281,2.9394460876383234e-05,8.818338262914968e-05,52000
