step,loss,supervised_loss,text_aux_loss,alpha,selected_aux_patches,encoder_lr,head_lr,images_seen
51,0.6670918613672256,0.6614029556512833,0.0568891456350684,0.1001876443624496,92454,2.5500000000000003e-05,7.649999999999999e-05,816
52,0.6816224902868271,0.6763575375080109,0.0526494663208723,0.1001979038119316,101202,2.6e-05,7.8e-05,832
53,0.6820492297410965,0.6779290288686752,0.0412020962685346,0.1002083569765091,101917,2.6500000000000004e-05,7.95e-05,848
54,0.6659643203020096,0.6617276668548584,0.042366542853415,0.1002189964056015,97370,2.7e-05,8.1e-05,864
55,0.6659271568059921,0.6619188785552979,0.0400827294215559,0.100229799747467,98002,2.7500000000000004e-05,8.25e-05,880
56,0.6482073962688446,0.643961951136589,0.0424545058049261,0.1002407893538475,94899,2.8000000000000003e-05,8.4e-05,896
57,0.6769685298204422,0.6733400970697403,0.0362845119088888,0.1002519950270652,102340,2.85e-05,8.549999999999999e-05,912
58,0.6570025384426117,0.6519445329904556,0.0505800456739962,0.1002633795142173,100863,2.9e-05,8.699999999999999e-05,928
59,0.6450718194246292,0.6397237181663513,0.0534810703247785,0.1002749949693679,103248,2.95e-05,8.849999999999998e-05,944
60,0.6335449814796448,0.6289407461881638,0.0460424893535673,0.1002867594361305,96979,3e-05,8.999999999999999e-05,960
61,0.6422311365604401,0.6394828110933304,0.0274832677096128,0.1002985909581184,100265,3.05e-05,9.15e-05,976
62,0.6337005198001862,0.6297413855791092,0.0395914781838655,0.1003106161952018,102973,3.1e-05,9.3e-05,992
63,0.6243892908096313,0.6212040483951569,0.031852482818067,0.1003227531909942,96872,3.15e-05,9.45e-05,1008
64,0.6286513060331345,0.6254506260156631,0.0320069659501314,0.1003350168466568,102645,3.2000000000000005e-05,9.6e-05,1024
65,0.5829831510782242,0.5785029530525208,0.0448018200695514,0.1003473475575447,92925,3.2500000000000004e-05,9.75e-05,1040
66,0.6113455891609192,0.6087662726640701,0.0257931970991194,0.1003597676753997,98109,3.3e-05,9.9e-05,1056
67,0.5917257964611053,0.588188648223877,0.0353714122902601,0.1003722622990608,100565,3.35e-05,0.0001005,1072
68,0.5945102125406265,0.5906620025634766,0.0384820837061852,0.1003847867250442,97769,3.4000000000000007e-05,0.000102,1088
69,0.6100405305624008,0.6068709045648575,0.031696350313723,0.1003974080085754,99289,3.45e-05,0.0001034999999999,1104
70,0.5980992466211319,0.594786211848259,0.03313047462143,0.1004101559519767,102404,3.5e-05,0.0001049999999999,1120
71,0.5839464515447617,0.5805741101503372,0.0337233727332204,0.1004229262471199,102485,3.55e-05,0.0001064999999999,1136
72,0.6062690764665604,0.6036697626113892,0.0259932475164532,0.1004357635974884,103790,3.6e-05,0.0001079999999999,1152
73,0.6088814735412598,0.6061964929103851,0.0268499772064387,0.1004486456513404,100595,3.65e-05,0.0001094999999999,1168
74,0.5778622627258301,0.575301319360733,0.0256093975622206,0.1004615724086761,99340,3.7e-05,0.0001109999999999,1184
75,0.5867409706115723,0.584551990032196,0.0218897638842463,0.1004746034741401,103405,3.75e-05,0.0001125,1200
76,0.5651994049549103,0.5621927082538605,0.0300668687559664,0.1004877462983131,97720,3.8e-05,0.0001139999999999,1216
77,0.5928118973970413,0.5902639478445053,0.0254794959910213,0.1005010977387428,104839,3.85e-05,0.0001154999999999,1232
78,0.5549412965774536,0.5523055046796799,0.0263579902239143,0.1005144119262695,99831,3.9000000000000006e-05,0.000117,1248
79,0.5419363379478455,0.538763053715229,0.0317328488454222,0.1005276069045066,94098,3.9500000000000005e-05,0.0001185,1264
80,0.5638885051012039,0.560932919383049,0.029556046705693,0.1005408465862274,101431,4e-05,0.0001199999999999,1280
81,0.5666806846857071,0.5626813918352127,0.0399928693659603,0.1005544364452362,100150,4.05e-05,0.0001215,1296
82,0.5756945610046387,0.5739093571901321,0.0178521978668868,0.1005681976675987,102737,4.1e-05,0.0001229999999999,1312
83,0.5465296506881714,0.5429817140102386,0.0354794128797948,0.1005819737911224,100667,4.15e-05,0.0001245,1328
84,0.5447524785995483,0.5424361675977707,0.0231631551869213,0.1005956828594207,98879,4.2e-05,0.0001259999999999,1344
85,0.5476140975952148,0.5457201302051544,0.0189396310597658,0.1006094291806221,100341,4.25e-05,0.0001274999999999,1360
86,0.548008032143116,0.5454649031162262,0.0254311294993385,0.1006232127547264,96146,4.3e-05,0.000129,1376
87,0.524800069630146,0.522465854883194,0.0233421227894723,0.1006367653608322,94412,4.35e-05,0.0001305,1392
88,0.5378312915563583,0.5364685654640198,0.0136272804811596,0.1006502956151962,99513,4.4000000000000006e-05,0.0001319999999999,1408
89,0.5186797678470612,0.516270712018013,0.0240904088132083,0.1006638929247856,97609,4.45e-05,0.0001335,1424
90,0.5633511543273926,0.5611025393009186,0.0224861581809818,0.1006777882575988,103842,4.5e-05,0.000135,1440
91,0.5429707616567612,0.5402333736419678,0.0273739371914416,0.1006919518113136,98913,4.55e-05,0.0001364999999999,1456
92,0.5435051992535591,0.5418798625469208,0.0162534068804234,0.1007062941789627,98361,4.600000000000001e-05,0.000138,1472
93,0.5675023645162582,0.5659009963274002,0.0160138343926519,0.1007208228111267,102591,4.6500000000000005e-05,0.0001395,1488
94,0.5635300129652023,0.5623278617858887,0.0120214895287062,0.1007354706525802,104999,4.7e-05,0.0001409999999999,1504
95,0.531199112534523,0.528934508562088,0.0226459507830441,0.1007502228021621,102375,4.75e-05,0.0001425,1520
96,0.533495768904686,0.5306736826896667,0.0282208698336035,0.1007648035883903,99401,4.8e-05,0.0001439999999999,1536
97,0.5147219896316528,0.5118429884314537,0.0287900264374911,0.1007793247699737,99939,4.85e-05,0.0001454999999999,1552
98,0.5401278808712959,0.5377240926027298,0.0240380208706483,0.1007939726114273,99553,4.9e-05,0.000147,1568
99,0.532499685883522,0.5310798138380051,0.0141987225506454,0.100808709859848,102367,4.95e-05,0.0001484999999999,1584
100,0.4993399903178215,0.4976037591695785,0.017362285987474,0.1008234545588493,95262,5e-05,0.00015,1600
101,0.5331149250268936,0.5315732359886169,0.0154169402085244,0.1008384525775909,103358,5.05e-05,0.0001515,1616
102,0.5160802155733109,0.514672726392746,0.014075038023293,0.1008535251021385,102384,5.1000000000000006e-05,0.0001529999999999,1632
103,0.5066125839948654,0.505133680999279,0.0147889626678079,0.1008685305714607,95881,5.1500000000000005e-05,0.0001545,1648
104,0.5188348591327667,0.5176435112953186,0.0119134665001183,0.1008835360407829,98189,5.2e-05,0.000156,1664
105,0.5174976736307144,0.516006164252758,0.0149151247460395,0.1008986309170723,104614,5.25e-05,0.0001574999999999,1680
106,0.5041604936122894,0.5016606897115707,0.0249980282969772,0.1009140685200691,99536,5.300000000000001e-05,0.000159,1696
107,0.5383293554186821,0.5372287929058075,0.0110056344419717,0.1009298264980316,104572,5.3500000000000006e-05,0.0001605,1712
108,0.467430368065834,0.4645283818244934,0.0290198288857936,0.1009457856416702,98901,5.4000000000000005e-05,0.000162,1728
109,0.5000652149319649,0.4979687258601188,0.0209650197066366,0.1009623184800148,101384,5.45e-05,0.0001635,1744
110,0.4711265340447426,0.4689547121524811,0.0217181956395506,0.1009787619113922,94393,5.500000000000001e-05,0.000165,1760
111,0.4723728969693184,0.4696606174111366,0.0271227655466645,0.1009952425956726,97072,5.550000000000001e-05,0.0001665,1776
112,0.497894637286663,0.4958738535642624,0.0202078764559701,0.1010119318962097,102814,5.6000000000000006e-05,0.000168,1792
113,0.4870139062404632,0.4849991947412491,0.0201470896136015,0.1010289266705513,101799,5.65e-05,0.0001694999999999,1808
114,0.5164794698357582,0.5152574777603149,0.0122199710458517,0.1010460555553436,100771,5.7e-05,0.0001709999999999,1824
115,0.5034018009901047,0.5015952736139297,0.0180653120623901,0.1010633185505867,101633,5.75e-05,0.0001724999999999,1840
116,0.5034750401973724,0.5022280961275101,0.0124693377001676,0.1010803952813148,100290,5.8e-05,0.0001739999999999,1856
117,0.4964283034205436,0.4953025281429291,0.0112575577222742,0.1010976582765579,104066,5.85e-05,0.0001754999999999,1872
118,0.4947827011346817,0.4925635457038879,0.022191512864083,0.1011149734258651,100147,5.9e-05,0.0001769999999999,1888
119,0.4772868156433105,0.4736293107271194,0.0365749654592946,0.1011327803134918,102222,5.95e-05,0.0001784999999999,1904
120,0.5027740225195885,0.5016495063900948,0.0112451816676184,0.1011505126953125,96173,6e-05,0.0001799999999999,1920
121,0.5164243057370186,0.5151995420455933,0.0122477021068334,0.1011683121323585,104019,6.05e-05,0.0001814999999999,1936
122,0.4481506794691086,0.4457261338829994,0.0242454174440354,0.1011865064501762,97094,6.1e-05,0.0001829999999999,1952
123,0.4262997731566429,0.4229353740811348,0.0336440112441778,0.1012050658464431,95072,6.15e-05,0.0001844999999999,1968
124,0.5110166221857071,0.508998841047287,0.0201779337367042,0.101223848760128,100151,6.2e-05,0.000186,1984
125,0.4573550298810005,0.4551437795162201,0.0221125134266912,0.1012427061796188,94670,6.25e-05,0.0001874999999999,2000
126,0.4885775223374367,0.4877843111753464,0.0079321482189698,0.1012616157531738,99576,6.3e-05,0.0001889999999999,2016
127,0.479183129966259,0.4778739884495735,0.0130913750035688,0.1012807562947273,98940,6.35e-05,0.0001905,2032
128,0.4809508547186851,0.4784113317728042,0.0253952804487198,0.1013003587722778,103026,6.400000000000001e-05,0.0001919999999999,2048
129,0.4613511115312576,0.4590890407562256,0.0226207453524693,0.1013201996684074,98012,6.450000000000001e-05,0.0001935,2064
130,0.4884026795625686,0.4872633516788482,0.0113933146931231,0.1013399586081504,99451,6.500000000000001e-05,0.000195,2080
131,0.4465139657258987,0.4442667812108993,0.0224717801320366,0.1013601049780845,99846,6.55e-05,0.0001964999999999,2096
132,0.472722940146923,0.4710510373115539,0.0167189962230622,0.1013808920979499,101010,6.6e-05,0.000198,2112
133,0.4631146192550659,0.4617639556527138,0.013506663031876,0.1014016196131706,97020,6.65e-05,0.0001995,2128
134,0.4688186571002006,0.4679218605160713,0.0089680007658898,0.1014224737882614,101994,6.7e-05,0.000201,2144
135,0.4493540897965431,0.4481054916977882,0.0124859539791941,0.1014434024691581,98943,6.750000000000001e-05,0.0002025,2160
136,0.4539809450507164,0.4513253942131996,0.0265555309597402,0.101464956998825,101402,6.800000000000001e-05,0.000204,2176
137,0.4836107417941093,0.4827003329992294,0.0091041301784571,0.1014860570430755,97492,6.850000000000001e-05,0.0002055,2192
138,0.4559712260961532,0.4548608586192131,0.0111037308815866,0.1015077009797096,101308,6.9e-05,0.0002069999999999,2208
139,0.3971187770366668,0.3932983353734016,0.0382045118603855,0.1015293523669242,92032,6.95e-05,0.0002084999999999,2224
140,0.4359746351838112,0.433286964893341,0.0268767459783703,0.1015511974692344,99057,7e-05,0.0002099999999999,2240
141,0.4519314989447593,0.4500287175178528,0.0190278267255052,0.1015733852982521,99741,7.05e-05,0.0002114999999999,2256
142,0.4777829423546791,0.4759061932563782,0.0187675261404365,0.1015959903597831,103435,7.1e-05,0.0002129999999999,2272
143,0.4438745602965355,0.4425803422927856,0.012942197965458,0.1016188859939575,98323,7.15e-05,0.0002144999999999,2288
144,0.4045415744185447,0.4018848165869713,0.0265675908885896,0.1016416773200035,93892,7.2e-05,0.0002159999999999,2304
145,0.4692749008536339,0.468279205262661,0.0099570321617648,0.1016645431518554,103036,7.25e-05,0.0002174999999999,2320
146,0.4364999532699585,0.4342240691184997,0.0227588603738695,0.1016876101493835,99922,7.3e-05,0.0002189999999999,2336
147,0.4087217971682548,0.4071860015392303,0.0153579087927937,0.1017110347747802,98021,7.35e-05,0.0002204999999999,2352
148,0.4224883541464805,0.421268105506897,0.012202505080495,0.1017345935106277,95369,7.4e-05,0.0002219999999999,2368
149,0.424575075507164,0.4228960499167442,0.0167902640532702,0.1017584279179573,100343,7.450000000000001e-05,0.0002234999999999,2384
150,0.424713633954525,0.4223925992846489,0.0232103130547329,0.1017822101712226,102673,7.500000000000001e-05,0.000225,2400
151,0.3904468268156051,0.3878412097692489,0.0260561157483607,0.1018062308430671,98889,7.55e-05,0.0002264999999999,2416
152,0.3908537030220032,0.38883838057518,0.0201532142236828,0.1018307656049728,100472,7.6e-05,0.0002279999999999,2432
153,0.4438968002796173,0.4429346621036529,0.0096214788500219,0.1018553227186203,102225,7.65e-05,0.0002295,2448
154,0.3873264789581299,0.3847646489739418,0.025618371553719,0.1018803343176841,96857,7.7e-05,0.0002309999999999,2464
155,0.4560255035758018,0.4553376659750938,0.0068783602910116,0.1019055098295211,101618,7.75e-05,0.0002324999999999,2480
156,0.4166115596890449,0.4155177846550941,0.0109378047054633,0.1019309759140014,99823,7.800000000000001e-05,0.000234,2496
157,0.4493088945746422,0.4485779032111168,0.0073099111905321,0.1019566282629966,100881,7.850000000000001e-05,0.0002354999999999,2512
158,0.3999799638986587,0.3981559202075004,0.0182403542567044,0.1019827201962471,98153,7.900000000000001e-05,0.000237,2528
159,0.4193413481116295,0.4183934032917022,0.0094795043696649,0.1020088493824005,94866,7.950000000000001e-05,0.0002385,2544
160,0.4309360384941101,0.4298876523971557,0.0104838167317211,0.1020353138446807,101609,8e-05,0.0002399999999999,2560
161,0.4245992004871368,0.4234124645590782,0.0118673321558162,0.1020620092749595,97336,8.05e-05,0.0002415,2576
162,0.3876810744404793,0.3863274976611137,0.0135357687249779,0.1020889058709144,95054,8.1e-05,0.000243,2592
163,0.4707352668046951,0.470099925994873,0.0063533823995385,0.1021154224872589,97278,8.15e-05,0.0002445,2608
164,0.3956557586789131,0.3933147341012954,0.0234102162066847,0.1021421998739242,100673,8.2e-05,0.0002459999999999,2624
165,0.4242463111877441,0.4217871129512787,0.024591974215582,0.1021694168448448,101738,8.25e-05,0.0002474999999999,2640
166,0.4378165379166603,0.4353971779346466,0.0241935481899417,0.1021964848041534,103933,8.3e-05,0.000249,2656
167,0.4103780388832092,0.4088967069983482,0.0148133811308071,0.1022237241268158,99863,8.35e-05,0.0002504999999999,2672
168,0.4294525757431984,0.427454836666584,0.0199773621279746,0.102250725030899,98060,8.4e-05,0.0002519999999999,2688
169,0.4358318746089935,0.4352212473750114,0.0061062416352797,0.1022778674960136,101073,8.450000000000001e-05,0.0002535,2704
170,0.4079481065273285,0.4067573323845863,0.0119076504197437,0.1023051291704177,102841,8.5e-05,0.0002549999999999,2720
171,0.4002032205462456,0.3990464061498642,0.0115681700408458,0.1023329570889473,100771,8.55e-05,0.0002564999999999,2736
172,0.4068794324994087,0.4058861434459686,0.0099329071235843,0.1023611575365066,100405,8.6e-05,0.000258,2752
173,0.3971733674407005,0.3961217030882835,0.0105166560970246,0.1023896113038063,97627,8.65e-05,0.0002594999999999,2768
174,0.40578543394804,0.4044331386685371,0.0135228867875412,0.102419264614582,105104,8.7e-05,0.000261,2784
175,0.3405452370643616,0.3377015143632889,0.0284372465685009,0.1024497747421264,103907,8.75e-05,0.0002625,2800
176,0.3817246630787849,0.3792552277445793,0.0246943045640364,0.1024809330701828,101737,8.800000000000001e-05,0.0002639999999999,2816
177,0.3676922991871834,0.365341953933239,0.023503455100581,0.1025122553110122,97377,8.850000000000001e-05,0.0002655,2832
178,0.426175408065319,0.4253824278712272,0.0079297039192169,0.1025430932641029,100923,8.900000000000001e-05,0.000267,2848
179,0.4227739050984382,0.4216540083289146,0.011198996740859,0.1025736257433891,99097,8.950000000000001e-05,0.0002684999999999,2864
180,0.3713351488113403,0.3694163113832474,0.0191883804509416,0.1026046946644783,95087,9e-05,0.00027,2880
181,0.3903171271085739,0.3893170431256294,0.0100008671870455,0.1026353314518928,98982,9.05e-05,0.0002715,2896
182,0.4052496626973152,0.404619351029396,0.0063031063182279,0.1026661172509193,101646,9.1e-05,0.0002729999999999,2912
183,0.4013662189245224,0.3994679078459739,0.0189831523894099,0.102696493268013,96584,9.15e-05,0.0002745,2928
184,0.3383829370141029,0.3359642401337623,0.0241869578603655,0.102727822959423,98430,9.2e-05,0.000276,2944
185,0.4132391512393951,0.4124589413404464,0.0078020335931796,0.1027597188949585,102905,9.25e-05,0.0002774999999999,2960
186,0.4046171382069587,0.4036306366324425,0.0098650084109976,0.1027913093566894,95518,9.3e-05,0.000279,2976
187,0.4053986445069313,0.4044108241796493,0.0098781861597672,0.1028227359056472,97242,9.35e-05,0.0002805,2992
188,0.3848490938544273,0.3828022852540016,0.0204680864699184,0.1028544381260871,97035,9.4e-05,0.0002819999999999,3008
189,0.4144385159015655,0.4121707528829574,0.022677585016936,0.1028869673609733,102465,9.45e-05,0.0002834999999999,3024
190,0.4246102645993233,0.4238097220659256,0.0080053400015458,0.1029192507266998,101132,9.5e-05,0.000285,3040
191,0.3875846117734909,0.3861734643578529,0.0141114168800413,0.1029516533017158,97121,9.55e-05,0.0002864999999999,3056
192,0.4299259409308433,0.4292123764753341,0.0071356578700942,0.1029835492372512,100278,9.6e-05,0.0002879999999999,3072
193,0.4021916091442108,0.4006049111485481,0.0158669506199657,0.1030154898762703,104096,9.65e-05,0.0002895,3088
194,0.3638734072446823,0.3629140630364418,0.0095933909760788,0.1030477136373519,97200,9.7e-05,0.0002909999999999,3104
195,0.3859072402119636,0.3851646929979324,0.0074255394283682,0.1030800640583038,99392,9.75e-05,0.0002924999999999,3120
196,0.4070191606879234,0.406112439930439,0.0090670820500236,0.1031117513775825,98138,9.8e-05,0.000294,3136
197,0.4000972583889961,0.3995022401213646,0.0059502273652469,0.1031431555747985,100236,9.85e-05,0.0002954999999999,3152
198,0.3556997999548912,0.3535540103912353,0.0214578579179942,0.1031746342778205,98024,9.9e-05,0.0002969999999999,3168
199,0.3988186568021774,0.3971758857369423,0.0164277136791497,0.1032066121697425,99163,9.95e-05,0.0002985,3184
200,0.3735586032271385,0.3727435395121574,0.0081507218419574,0.1032386943697929,103124,0.0001,0.0003,3200
201,0.3966975957155227,0.3958133235573768,0.008842720213579,0.1032709628343582,102169,0.0001,0.0003,3216
202,0.3414632305502891,0.3399835228919983,0.0147971303667873,0.1033038273453712,101972,9.99999892907942e-05,0.0002999999678723,3232
203,0.3888073414564132,0.3877479583024978,0.0105938065098598,0.1033370271325111,99873,9.999995716318148e-05,0.0002999998714895,3248
204,0.3620216324925422,0.3612414225935936,0.00780213548569,0.1033703684806823,98874,9.999990361717549e-05,0.0002999997108515,3264
205,0.4092022180557251,0.4071450904011726,0.0205712243332527,0.1034033372998237,97394,9.999982865279924e-05,0.0002999994859583,3280
206,0.3707317039370537,0.3700568974018097,0.0067480900906957,0.103436954319477,101516,9.999973227008484e-05,0.0002999991968102,3296
207,0.3718435317277908,0.3700626567006111,0.017808697419241,0.1034702211618423,103362,9.999961446907353e-05,0.0002999988434072,3312
208,0.400257870554924,0.3997085094451904,0.0054936255910433,0.1035038009285926,101734,9.999947524981584e-05,0.0002999984257494,3328
209,0.3269093334674835,0.3247428014874458,0.0216653072275221,0.1035374999046325,95412,9.999931461237134e-05,0.0002999979438371,3344
210,0.3541438803076744,0.3512040004134178,0.0293987444601953,0.1035708859562873,100425,9.999913255680888e-05,0.0002999973976704,3360
211,0.4213718473911285,0.4208512008190155,0.0052064249757677,0.1036046594381332,101005,9.999892908320647e-05,0.0002999967872496,3376
212,0.335352748632431,0.3332712352275848,0.0208151115803048,0.103638008236885,99143,9.99987041916512e-05,0.0002999961125749,3392
213,0.3118961229920387,0.3101952895522117,0.0170082771219313,0.1036708056926727,97039,9.999845788223948e-05,0.0002999953736467,3408
214,0.3849630951881408,0.3839562460780144,0.010068530566059,0.1037036478519439,102241,9.999819015507678e-05,0.0002999945704652,3424
215,0.3906367421150207,0.3902172446250915,0.0041950082231778,0.1037357673048973,95838,9.999790101027782e-05,0.0002999937030308,3440
216,0.291553646326065,0.2895761728286743,0.0197747641941532,0.1037683337926864,94322,9.99975904479664e-05,0.0002999927713438,3456
217,0.3519370853900909,0.3506940081715584,0.012430757516995,0.1038014888763427,103189,9.999725846827562e-05,0.0002999917754048,3472
218,0.3370724245905876,0.335593082010746,0.0147934191627427,0.1038348674774169,99623,9.999690507134764e-05,0.000299990715214,3488
219,0.3028313368558883,0.3013750538229942,0.0145628420868888,0.1038681343197822,97571,9.999653025733386e-05,0.000299989590772,3504
220,0.3711830750107765,0.3707462921738624,0.0043678483343683,0.103901170194149,103026,9.999613402639488e-05,0.0002999884020791,3520
221,0.3474511355161667,0.3455282375216484,0.0192289563128724,0.1039333865046501,98768,9.999571637870036e-05,0.0002999871491361,3536
222,0.3276015445590019,0.3257430642843246,0.0185847480315715,0.1039649993181228,93325,9.999527731442924e-05,0.0002999858319432,3552
223,0.3156006634235382,0.3141573704779148,0.014432915195357,0.1039974093437194,95450,9.999481683376964e-05,0.0002999844505013,3568
224,0.3533007353544235,0.352590799331665,0.0070993335102684,0.1040297076106071,99381,9.999433493691874e-05,0.0002999830048107,3584
225,0.3179310336709022,0.3165538646280765,0.013771662954241,0.1040619611740112,98701,9.999383162408304e-05,0.0002999814948722,3600
226,0.3313863277435303,0.3303751721978187,0.0101116156438365,0.1040944755077362,103566,9.99933068954781e-05,0.0002999799206864,3616
227,0.3512371033430099,0.3503396362066269,0.008974709897302,0.1041269302368164,104822,9.99927607513287e-05,0.0002999782822539,3632
228,0.3366961553692817,0.3360291011631489,0.006670590606518,0.1041595637798309,104012,9.99921931918688e-05,0.0002999765795756,3648
229,0.3476058691740036,0.3464829102158546,0.011229614727199,0.1041924059391021,103202,9.999160421734156e-05,0.000299974812652,3664
230,0.3418130055069923,0.3407236337661743,0.0108936682809144,0.1042253673076629,105373,9.99909938279992e-05,0.0002999729814839,3680
231,0.3235229477286339,0.3210137039422989,0.0250924967695027,0.1042573824524879,96984,9.999036202410324e-05,0.0002999710860723,3696
232,0.3455391749739647,0.3449128493666649,0.006263313582167,0.1042892411351203,99661,9.998970880592434e-05,0.0002999691264177,3712
233,0.3325711861252785,0.3316908106207847,0.0088036792876664,0.1043214052915573,98634,9.998903417374228e-05,0.0002999671025212,3728
234,0.3206886015832424,0.3189896792173385,0.016989211901091,0.1043531745672226,103139,9.998833812784608e-05,0.0002999650143835,3744
235,0.3215399794280529,0.3204962573945522,0.010437278135214,0.1043838039040565,98370,9.998762066853388e-05,0.0002999628620056,3760
236,0.3647394627332687,0.3641067519783973,0.0063271227263612,0.1044140681624412,98583,9.998688179611302e-05,0.0002999606453883,3776
237,0.3725134581327438,0.3713476881384849,0.0116576142609119,0.104443110525608,97702,9.998612151090004e-05,0.0002999583645327,3792
238,0.328760877251625,0.3279297351837158,0.008311346755363,0.1044730022549629,99268,9.998533981322058e-05,0.0002999560194396,3808
239,0.3287038803100586,0.3281510546803474,0.0055282683752011,0.1045031324028968,100372,9.998453670340952e-05,0.0002999536101102,3824
240,0.3458917587995529,0.3450241461396217,0.0086760626873001,0.1045338585972786,102520,9.998371218181087e-05,0.0002999511365454,3840
241,0.4181896671652794,0.4177603870630264,0.0042927648319164,0.1045639291405677,105398,9.998286624877786e-05,0.0002999485987463,3856
242,0.2906557470560074,0.2886414974927902,0.0201425419363658,0.1045935526490211,86750,9.998199890467284e-05,0.000299945996714,3872
243,0.3374647945165634,0.3367315754294395,0.0073322071693837,0.1046237871050834,100481,9.998111014986735e-05,0.0002999433304496,3888
244,0.3422234058380127,0.3411955870687961,0.0102781760360812,0.1046540141105651,100599,9.99801999847421e-05,0.0002999405999542,3904
245,0.3342989087104797,0.3338497132062912,0.004491931234952,0.1046845763921737,99539,9.9979268409687e-05,0.000299937805229,3920
246,0.3509180583059788,0.3500335663557052,0.0088448926398996,0.1047157421708107,103052,9.997831542510106e-05,0.0002999349462753,3936
247,0.3606150895357132,0.3599565848708153,0.0065850699029397,0.10474743694067,100976,9.997734103139256e-05,0.0002999320230941,3952
248,0.264396920800209,0.2627644389867782,0.0163248616736382,0.1047790274024009,90755,9.997634522897887e-05,0.0002999290356869,3968
249,0.3046401739120483,0.3025606796145439,0.0207949907053262,0.1048100814223289,100261,9.997532801828658e-05,0.0002999259840548,3984
250,0.3064857982099056,0.3055863007903099,0.0089949614775832,0.104840837419033,102247,9.997428939975144e-05,0.0002999228681992,4000
251,0.3373248726129532,0.3361382596194744,0.0118661630549468,0.104871779680252,100556,9.997322937381828e-05,0.0002999196881214,4016
252,0.326148547232151,0.3256715387105942,0.0047700523864477,0.1049031242728233,98393,9.997214794094127e-05,0.0002999164438228,4032
253,0.3490402698516845,0.3476401716470718,0.0140010427712695,0.1049336344003677,99085,9.997104510158364e-05,0.0002999131353047,4048
254,0.2933705784380436,0.2919427752494812,0.0142780372989363,0.1049635633826255,94235,9.99699208562178e-05,0.0002999097625686,4064
255,0.2719298526644707,0.2679800763726234,0.0394977114629,0.1049930602312088,92506,9.996877520532536e-05,0.0002999063256159,4080
256,0.339181400835514,0.3379448279738426,0.0123657500371336,0.1050218567252159,101088,9.996760814939704e-05,0.0002999028244481,4096
257,0.294405348598957,0.2936578206717968,0.0074753025546669,0.1050510108470916,99823,9.996641968893282e-05,0.0002998992590667,4112
258,0.3045340925455093,0.3039089925587177,0.0062509911367669,0.1050802618265152,102378,9.996520982444177e-05,0.0002998956294733,4128
259,0.3589205741882324,0.3583088293671608,0.0061174357542768,0.1051093488931655,98293,9.996397855644215e-05,0.0002998919356693,4144
260,0.2972153164446354,0.29565205052495,0.0156327286968007,0.1051376312971115,94893,9.99627258854614e-05,0.0002998881776563,4160
261,0.2963447272777557,0.2955271191895008,0.0081760631874203,0.1051665246486663,102189,9.996145181203616e-05,0.0002998843554361,4176
262,0.2728812918066978,0.27048035338521,0.0240094108739867,0.1051958575844764,98610,9.996015633671216e-05,0.0002998804690101,4192
263,0.3549456149339676,0.3531233370304107,0.0182228338671848,0.1052252352237701,103736,9.995883946004436e-05,0.0002998765183801,4208
264,0.3478328064084053,0.3472269400954246,0.0060586647377931,0.1052545607089996,106075,9.995750118259684e-05,0.0002998725035477,4224
265,0.3740905970335006,0.3734999597072601,0.0059063511716885,0.1052832379937172,101525,9.995614150494293e-05,0.0002998684245148,4240
266,0.3053766563534736,0.3039491549134254,0.0142749178921803,0.1053117141127586,96706,9.995476042766502e-05,0.0002998642812829,4256
267,0.3058917038142681,0.3032371774315834,0.0265452659223228,0.1053393259644508,97549,9.995335795135476e-05,0.000299860073854,4272
268,0.2819577418267727,0.280259259045124,0.0169848257792182,0.1053667664527893,99919,9.99519340766129e-05,0.0002998558022298,4288
269,0.3226472400128841,0.3219252787530422,0.0072195851826108,0.1053940951824188,100414,9.995048880404938e-05,0.0002998514664121,4304
270,0.3601578325033188,0.3582499250769615,0.0190789834450697,0.1054211631417274,97390,9.994902213428333e-05,0.0002998470664028,4320
271,0.3229015693068504,0.3221583142876625,0.0074325578170828,0.1054479256272316,100648,9.9947534067943e-05,0.0002998426022038,4336
272,0.2580596506595611,0.2566369399428367,0.0142270976211875,0.1054743081331253,99001,9.994602460566586e-05,0.0002998380738169,4352
273,0.3273012563586235,0.3266730830073356,0.0062817871221341,0.1055007651448249,100522,9.994449374809852e-05,0.0002998334812442,4368
274,0.3037895448505878,0.303436130285263,0.0035341426264494,0.1055267751216888,98846,9.994294149589668e-05,0.0002998288244876,4384
275,0.2757464796304703,0.2743686363101005,0.0137784802354872,0.1055531352758407,100214,9.994136784972535e-05,0.0002998241035491,4400
276,0.2588934227824211,0.2575512453913688,0.0134217743761837,0.1055798083543777,98283,9.993977281025862e-05,0.0002998193184307,4416
277,0.3430802673101425,0.3420245870947838,0.0105568355647847,0.1056057512760162,99336,9.993815637817974e-05,0.0002998144691345,4432
278,0.2720174118876457,0.2704380974173546,0.0157931762514635,0.1056318059563636,98139,9.993651855418112e-05,0.0002998095556625,4448
279,0.3596032969653606,0.3592408969998359,0.0036240300396457,0.1056573316454887,100301,9.993485933896438e-05,0.0002998045780168,4464
280,0.2939996868371963,0.293092742562294,0.0090694330865517,0.1056822091341018,97137,9.993317873324026e-05,0.0002997995361997,4480
281,0.3723015859723091,0.37015051394701,0.0215107617477769,0.1057060062885284,101189,9.99314767377287e-05,0.0002997944302131,4496
282,0.3306488245725631,0.3296765685081482,0.009722520597279,0.1057296693325042,96002,9.992975335315874e-05,0.0002997892600594,4512
283,0.2987110316753387,0.2973948642611503,0.0131616302533075,0.1057537645101547,99411,9.992800858026868e-05,0.0002997840257408,4528
284,0.3227653130888939,0.3195741176605224,0.0319119833875447,0.1057769730687141,95473,9.992624241980586e-05,0.0002997787272594,4544
285,0.3053660914301872,0.304910633713007,0.0045545654720626,0.1058011427521705,102464,9.992445487252692e-05,0.0002997733646175,4560
286,0.2977461367845535,0.2968840040266514,0.0086212838068604,0.1058253869414329,94226,9.992264593919753e-05,0.0002997679378175,4576
287,0.2791820056736469,0.2784236595034599,0.0075835093157365,0.1058498919010162,101639,9.992081562059255e-05,0.0002997624468617,4592
288,0.3080967850983143,0.3075194992125034,0.0057728502433747,0.1058745682239532,100629,9.991896391749612e-05,0.0002997568917524,4608
289,0.3183318488299846,0.3166652619838714,0.0166658767266199,0.1058986783027648,100284,9.991709083070144e-05,0.0002997512724921,4624
290,0.2667020112276077,0.2658978886902332,0.0080412171082571,0.1059247404336929,102070,9.99151963610108e-05,0.000299745589083,4640
291,0.3269059546291828,0.3252190984785557,0.0168685434618964,0.1059497743844986,97294,9.99132805092358e-05,0.0002997398415277,4656
292,0.3068028911948204,0.3054766952991485,0.0132618753705173,0.1059746220707893,93265,9.991134327619713e-05,0.0002997340298285,4672
293,0.320589005947113,0.3197639808058738,0.0082502990553621,0.1059991046786308,97233,9.99093846627246e-05,0.0002997281539881,4688
294,0.343719020485878,0.3428773209452629,0.0084169533220119,0.1060238480567932,103605,9.990740466965722e-05,0.0002997222140089,4704
295,0.2782343588769436,0.2774440534412861,0.0079030755441635,0.1060489416122436,95728,9.99054032978432e-05,0.0002997162098935,4720
296,0.3176310136914253,0.3172001019120216,0.0043091222469229,0.1060738116502761,94515,9.990338054813982e-05,0.0002997101416444,4736
297,0.3451125919818878,0.3440377190709114,0.0107487285858951,0.1060977205634117,102295,9.99013364214136e-05,0.0002997040092642,4752
298,0.219399232417345,0.2183296233415603,0.0106960595585405,0.1061223372817039,95642,9.989927091854012e-05,0.0002996978127556,4768
299,0.2571356892585754,0.2564837224781513,0.0065196481882594,0.1061477288603782,97894,9.989718404040424e-05,0.0002996915521212,4784
300,0.2455904334783554,0.2444720603525638,0.0111837391741573,0.1061726436018943,98161,9.98950757878999e-05,0.0002996852273636,4800
301,0.3022110983729362,0.3010871149599552,0.0112398169585503,0.1061968728899955,98815,9.989294616193016e-05,0.0002996788384857,4816
302,0.3035521209239959,0.3032853864133358,0.0026673162938095,0.1062214076519012,101077,9.989079516340736e-05,0.0002996723854902,4832
303,0.3484774231910705,0.3474955782294273,0.0098184999151271,0.1062449365854263,96936,9.988862279325286e-05,0.0002996658683797,4848
304,0.2776527889072895,0.2762528173625469,0.0139997631777077,0.1062683463096618,101293,9.988642905239726e-05,0.0002996592871571,4864
305,0.2878307625651359,0.2869815602898597,0.008492017746903,0.1062923893332481,98873,9.988421394178027e-05,0.0002996526418253,4880
306,0.3474360853433609,0.3470101095736027,0.0042598008876666,0.1063154488801956,99894,9.98819774623508e-05,0.000299645932387,4896
307,0.406973049044609,0.4065936803817749,0.0037937297602184,0.1063371747732162,100370,9.987971961506686e-05,0.0002996391588452,4912
308,0.2838850580155849,0.2828006744384765,0.0108437603339552,0.1063590794801712,94970,9.987744040089564e-05,0.0002996323212026,4928
309,0.281551394611597,0.280446283519268,0.0110511534148827,0.1063809990882873,101286,9.987513982081353e-05,0.0002996254194624,4944
310,0.3784310221672058,0.3777832984924316,0.0064772463883855,0.1064023301005363,98009,9.987281787580596e-05,0.0002996184536274,4960
311,0.2903694361448288,0.2895167395472526,0.0085269750561565,0.1064244732260704,105185,9.98704745668676e-05,0.0002996114237006,4976
312,0.3496170938014984,0.3492545410990715,0.0036255097948014,0.1064469292759895,103807,9.986810989500226e-05,0.000299604329685,4992
313,0.3198761008679867,0.3183991275727749,0.014769717992749,0.1064690202474594,97806,9.986572386122292e-05,0.0002995971715836,5008
314,0.2798151113092899,0.2787420451641083,0.0107306518766563,0.1064902544021606,96902,9.986331646655162e-05,0.0002995899493996,5024
315,0.3404324911534786,0.3401739783585071,0.0025851278041955,0.1065108925104141,103561,9.986088771201964e-05,0.000299582663136,5040
316,0.3202531076967716,0.3189316354691982,0.0132146893956814,0.1065318658947944,102690,9.98584375986674e-05,0.000299575312796,5056
317,0.3015174157917499,0.2997487857937813,0.0176863125143427,0.1065519005060195,97744,9.98559661275444e-05,0.0002995678983826,5072
318,0.2703758552670479,0.2695400975644588,0.0083575921598821,0.1065721958875656,97670,9.98534732997094e-05,0.0002995604198991,5088
319,0.3075091317296028,0.3065463155508041,0.0096282201120629,0.1065923124551773,99352,9.98509591162302e-05,0.0002995528773486,5104
320,0.2840542681515217,0.2831136099994182,0.0094065923476591,0.106612928211689,96154,9.984842357818382e-05,0.0002995452707345,5120
321,0.2928608804941177,0.2922361269593239,0.0062475223385263,0.1066343188285827,100623,9.98458666866564e-05,0.0002995376000599,5136
322,0.244253009557724,0.2434614263474941,0.007915858994238,0.1066562384366989,104296,9.984328844274324e-05,0.0002995298653282,5152
323,0.2469829432666301,0.2464997693896293,0.0048317234031856,0.1066793501377105,98690,9.984068884754876e-05,0.0002995220665426,5168
324,0.3328609243035316,0.3322447091341018,0.006162145815324,0.1067021414637565,102071,9.983806790218656e-05,0.0002995142037065,5184
325,0.3311361782252788,0.3298495523631573,0.0128662916249595,0.1067247465252876,100145,9.983542560777936e-05,0.0002995062768233,5200
326,0.3257760629057884,0.3245357498526573,0.0124031365267001,0.1067463904619216,103181,9.983276196545902e-05,0.0002994982858963,5216
327,0.3068387806415558,0.3054174780845642,0.0142130874155554,0.1067679449915885,103940,9.98300769763666e-05,0.000299490230929,5232
328,0.2691235765814781,0.2686075568199157,0.0051601749146357,0.1067897006869316,101604,9.982737064165222e-05,0.0002994821119249,5248
329,0.3386313952505588,0.3378912545740604,0.0074014020738104,0.1068113073706626,99041,9.982464296247522e-05,0.0002994739288874,5264
330,0.318806529045105,0.3186210393905639,0.0018548813532106,0.1068325266242027,97361,9.982189394000404e-05,0.00029946568182,5280
331,0.2931981161236763,0.2927485033869743,0.0044961638341192,0.106854036450386,99190,9.981912357541629e-05,0.0002994573707262,5296
332,0.2808153554797172,0.2794661596417427,0.0134919702541083,0.1068763136863708,104306,9.981633186989864e-05,0.0002994489956096,5312
333,0.3030113279819488,0.3007330447435379,0.0227828104980289,0.1068979427218437,99944,9.981351882464706e-05,0.0002994405564739,5328
334,0.3155404143035412,0.3132526017725467,0.0228781638434156,0.1069188341498375,100011,9.981068444086653e-05,0.0002994320533225,5344
335,0.2893260233104229,0.2871679849922657,0.0215803682804107,0.1069400534033775,97889,9.98078287197712e-05,0.0002994234861593,5360
336,0.2858206443488598,0.2845926061272621,0.0122803872509393,0.1069611385464668,102505,9.980495166258436e-05,0.0002994148549877,5376
337,0.3137319348752498,0.3126846812665462,0.0104725309647619,0.1069819629192352,102760,9.980205327053848e-05,0.0002994061598116,5392
338,0.2382052671164274,0.2371475826948881,0.0105768513167276,0.1070025488734245,100271,9.979913354487512e-05,0.0002993974006346,5408
339,0.2530359476804733,0.2514954917132854,0.0154045272502116,0.107022687792778,98674,9.979619248684502e-05,0.0002993885774605,5424
340,0.2770604193210602,0.2766603827476501,0.0040003140165936,0.107043020427227,99786,9.9793230097708e-05,0.0002993796902931,5440
341,0.192047294229269,0.1886623315513134,0.0338496525073424,0.1070630475878715,97782,9.97902463787331e-05,0.0002993707391361,5456
342,0.2768417187035084,0.2753807045519352,0.0146100716956425,0.107082650065422,101052,9.97872413311984e-05,0.0002993617239935,5472
343,0.2969915382564068,0.2959843277931213,0.0100720551563426,0.1071019396185875,101307,9.97842149563912e-05,0.0002993526448691,5488
344,0.3018624223768711,0.3013571426272392,0.0050527913845144,0.1071218699216842,102299,9.978116725560788e-05,0.0002993435017668,5504
345,0.2674333788454532,0.2664069160819053,0.0102646708255633,0.1071429252624511,103490,9.9778098230154e-05,0.0002993342946904,5520
346,0.2807926088571548,0.2787061408162117,0.0208646701648831,0.1071631088852882,99239,9.977500788134424e-05,0.000299325023644,5536
347,0.3033939301967621,0.3023930415511131,0.0100088800536468,0.1071828156709671,97768,9.977189621050237e-05,0.0002993156886315,5552
348,0.2488956972956657,0.2463033609092235,0.0259233804536052,0.1072017401456832,94018,9.976876321896136e-05,0.0002993062896568,5568
349,0.3044970370829105,0.3032729029655456,0.0122413565404713,0.1072205603122711,103663,9.976560890806328e-05,0.0002992968267241,5584
350,0.3263290412724018,0.325791984796524,0.0053705956088379,0.1072388738393783,104280,9.976243327915932e-05,0.0002992872998374,5600
351,0.301626443862915,0.3007500618696213,0.0087639255216345,0.1072564646601677,98283,9.975923633360985e-05,0.0002992777090008,5616
352,0.2841581702232361,0.2823597341775894,0.0179843859514221,0.1072736829519271,93596,9.975601807278432e-05,0.0002992680542183,5632
353,0.2422542795538902,0.2408090271055698,0.0144524848437868,0.1072915643453598,100107,9.975277849806132e-05,0.0002992583354941,5648
354,0.3332589641213417,0.3325610756874084,0.0069789694389328,0.107308991253376,97495,9.97495176108286e-05,0.0002992485528324,5664
355,0.2568237408995628,0.2559603527188301,0.0086338716209866,0.1073269471526146,98513,9.9746235412483e-05,0.0002992387062374,5680
356,0.2138487324118614,0.2117818631231784,0.0206687252502888,0.1073447987437248,100586,9.974293190443054e-05,0.0002992287957132,5696
357,0.2194551862776279,0.2178278267383575,0.0162735906778834,0.1073621436953544,95860,9.973960708808632e-05,0.0002992188212642,5712
358,0.2348202802240848,0.234112948179245,0.0070732679450884,0.1073796451091766,98979,9.97362609648746e-05,0.0002992087828946,5728
359,0.32089464366436,0.3201288841664791,0.0076575551938731,0.1073969677090644,101000,9.973289353622872e-05,0.0002991986806086,5744
360,0.2653280645608902,0.2647404633462429,0.0058760125248227,0.1074158251285553,104610,9.97295048035912e-05,0.0002991885144107,5760
361,0.3053667470812797,0.3043906576931476,0.0097608470823615,0.107433907687664,96590,9.972609476841368e-05,0.0002991782843052,5776
362,0.265655692666769,0.2645361274480819,0.0111956831533461,0.1074526384472847,104608,9.972266343215689e-05,0.0002991679902964,5792
363,0.264634009450674,0.2623429410159588,0.0229106617043726,0.1074714139103889,96041,9.97192107962907e-05,0.0002991576323888,5808
364,0.2643806636333465,0.2633367888629436,0.0104388036997988,0.1074902415275573,102466,9.971573686229413e-05,0.0002991472105868,5824
365,0.2386328428983688,0.2372239828109741,0.0140886077424511,0.1075097694993019,99354,9.971224163165527e-05,0.0002991367248949,5840
366,0.3225887194275856,0.320811178535223,0.0177754126489162,0.1075282543897628,91968,9.97087251058714e-05,0.0002991261753176,5856
367,0.2859819233417511,0.2845075875520706,0.0147433512611314,0.1075469255447387,97867,9.97051872864489e-05,0.0002991155618593,5872
368,0.3217152282595634,0.3211338222026825,0.0058141228510066,0.1075659841299057,101781,9.970162817490322e-05,0.0002991048845247,5888
369,0.3271731063723564,0.3250366076827049,0.0213650096411583,0.1075844913721084,96198,9.9698047772759e-05,0.0002990941433182,5904
370,0.257566075772047,0.2564949318766594,0.0107114505954086,0.1076028198003768,98384,9.969444608154994e-05,0.0002990833382446,5920
371,0.224296398460865,0.2235307414084673,0.0076565871131606,0.1076228618621826,102274,9.969082310281892e-05,0.0002990724693084,5936
372,0.3034119606018066,0.30264313519001,0.0076882432622369,0.1076420545578002,102109,9.968717883811788e-05,0.0002990615365143,5952
373,0.213938970118761,0.2130305878818035,0.0090838572759821,0.1076612174510955,101950,9.968351328900794e-05,0.000299050539867,5968
374,0.245400171726942,0.2428516261279583,0.0254855006933212,0.1076804101467132,94426,9.967982645705926e-05,0.0002990394793711,5984
375,0.2882219068706035,0.2879330366849899,0.0028887491789646,0.1077000871300697,104059,9.967611834385122e-05,0.0002990283550315,6000
376,0.2675394862890243,0.2663299851119518,0.012095012483769,0.1077195480465889,98057,9.967238895097222e-05,0.0002990171668529,6016
377,0.2829891070723533,0.2816065922379493,0.0138251382159069,0.1077383160591125,97982,9.966863828001982e-05,0.00029900591484,6032
378,0.2871942296624183,0.2866749092936516,0.0051931862253695,0.1077569276094436,98575,9.966486633260072e-05,0.0002989945989978,6048
379,0.2744267806410789,0.273676548153162,0.0075022886157967,0.1077756583690643,100476,9.966107311033062e-05,0.0002989832193309,6064
380,0.273748230189085,0.2732118666172027,0.0053636702359654,0.10779470205307,103686,9.965725861483447e-05,0.0002989717758445,6080
381,0.2962705194950104,0.2947462797164917,0.0152424236875958,0.1078128665685653,96576,9.965342284774632e-05,0.0002989602685432,6096
382,0.2599557861685753,0.2588769868016243,0.0107879831339232,0.1078306064009666,98456,9.964956581070923e-05,0.0002989486974321,6112
383,0.2236151024699211,0.2226329632103443,0.0098213914316147,0.1078476905822753,100007,9.964568750537544e-05,0.0002989370625161,6128
384,0.3186878487467766,0.3181423991918564,0.0054545225284527,0.1078645065426826,99935,9.964178793340632e-05,0.0002989253638002,6144
385,0.1904329732060432,0.1888692006468773,0.0156377218663692,0.1078812107443809,97644,9.963786709647228e-05,0.0002989136012894,6160
386,0.3052665591239929,0.3031504191458225,0.0211614163708873,0.1078971624374389,96716,9.963392499625292e-05,0.0002989017749887,6176
387,0.3149470910429954,0.314497496932745,0.0044959220031159,0.107913538813591,103705,9.962996163443688e-05,0.0002988898849033,6192
388,0.3099925592541694,0.3097699880599975,0.0022256481315707,0.1079298853874206,101494,9.9625977012722e-05,0.0002988779310381,6208
389,0.2750023119151592,0.274235650897026,0.0076665646629408,0.1079460233449935,102137,9.962197113281507e-05,0.0002988659133984,6224
390,0.2938675507903099,0.291211761534214,0.026557856472209,0.1079615727066993,100433,9.96179439964322e-05,0.0002988538319892,6240
391,0.2946369424462318,0.2937174439430237,0.0091950132919009,0.1079771369695663,98965,9.961389560529836e-05,0.0002988416868158,6256
392,0.2917035259306431,0.2914574556052685,0.0024607341620139,0.1079928800463676,98946,9.960982596114784e-05,0.0002988294778834,6272
393,0.3028673157095909,0.3020227067172527,0.0084460645448416,0.1080089434981346,101799,9.96057350657239e-05,0.0002988172051971,6288
394,0.2466155588626861,0.2450934834778309,0.0152207625797018,0.1080250218510627,101039,9.960162292077898e-05,0.0002988048687623,6304
395,0.2226334102451801,0.2222350500524044,0.0039835862990003,0.1080420166254043,102191,9.959748952807456e-05,0.0002987924685842,6320
396,0.2324843406677246,0.2320164404809475,0.0046790139458607,0.1080601811408996,101357,9.95933348893813e-05,0.0002987800046681,6336
397,0.2362766936421394,0.2357850968837738,0.0049159332120325,0.1080783531069755,97651,9.95891590064789e-05,0.0002987674770194,6352
398,0.2598583288490772,0.2585379779338836,0.0132035769638605,0.1080958470702171,100292,9.958496188115612e-05,0.0002987548856434,6368
399,0.3755915611982345,0.3751318603754043,0.0045970421851961,0.1081128343939781,102240,9.958074351521097e-05,0.0002987422305456,6384
400,0.2741539292037487,0.2729563452303409,0.0119758791988715,0.1081289574503898,101051,9.95765039104504e-05,0.0002987295117313,6400
401,0.2291890010237693,0.2284154295921325,0.0077357159461826,0.1081449836492538,99916,9.957224306869052e-05,0.000298716729206,6416
402,0.2104247361421585,0.2088573388755321,0.0156739188823848,0.1081614196300506,101695,9.956796099175657e-05,0.0002987038829752,6432
403,0.3643037974834442,0.3634970635175705,0.0080672576659708,0.108176901936531,96511,9.956365768148284e-05,0.0002986909730444,6448
404,0.2762965932488441,0.2756698951125145,0.0062669411418028,0.1081932038068771,101751,9.955933313971272e-05,0.0002986779994191,6464
405,0.3346948027610779,0.3342671394348144,0.004276655439753,0.1082095652818679,104387,9.955498736829876e-05,0.0002986649621048,6480
406,0.2424050271511078,0.241644237190485,0.007607867475599,0.1082261726260185,99076,9.955062036910246e-05,0.0002986518611073,6496
407,0.3319843895733356,0.3313623629510402,0.0062202129347497,0.1082427278161048,100676,9.954623214399458e-05,0.0002986386964319,6512
408,0.2421135678887367,0.2413103431463241,0.0080322652793256,0.1082592606544494,104766,9.954182269485486e-05,0.0002986254680845,6528
409,0.299972727894783,0.2994560971856117,0.0051663084595929,0.108276218175888,100670,9.953739202357218e-05,0.0002986121760707,6544
410,0.2469101697206497,0.2457733452320099,0.0113682902301661,0.1082933470606803,104882,9.95329401320445e-05,0.0002985988203961,6560
411,0.3344932422041893,0.3337452113628387,0.0074803741299547,0.1083093881607055,95493,9.952846702217886e-05,0.0002985854010665,6576
412,0.3307709395885467,0.3300398215651512,0.0073112883255817,0.108325183391571,103300,9.952397269589142e-05,0.0002985719180876,6592
413,0.2404191680252552,0.2392484471201896,0.0117072074790485,0.1083403602242469,95094,9.951945715510738e-05,0.0002985583714653,6608
414,0.244726937264204,0.2440899051725864,0.0063703730993438,0.1083558946847915,100128,9.951492040176104e-05,0.0002985447612052,6624
415,0.1946290023624897,0.1937821991741657,0.0084680656145792,0.1083728149533271,101276,9.951036243779584e-05,0.0002985310873133,6640
416,0.2650556042790413,0.2647557705640793,0.0029983198619447,0.1083897277712822,100535,9.950578326516428e-05,0.0002985173497954,6656
417,0.2344948388636112,0.2333939522504806,0.0110088435467332,0.1084068492054939,103773,9.950118288582788e-05,0.0002985035486574,6672
418,0.2578321732580662,0.2563920132815838,0.0144015208352357,0.1084238812327385,101458,9.949656130175734e-05,0.0002984896839052,6688
419,0.2286232449114322,0.227938886731863,0.0068435838038567,0.1084411442279815,99609,9.949191851493237e-05,0.0002984757555447,6704
420,0.2819811925292015,0.2812145166099071,0.0076668582623824,0.1084582507610321,97931,9.948725452734178e-05,0.000298461763582,6720
421,0.250174380838871,0.2496971972286701,0.0047718558780616,0.1084751039743423,102116,9.948256934098352e-05,0.0002984477080229,6736
422,0.2745414730161428,0.2741066254675388,0.0043484467314556,0.1084915474057197,101241,9.947786295786456e-05,0.0002984335888735,6752
423,0.1998410411179065,0.1989797316491603,0.0086130913696251,0.1085078492760658,99149,9.947313538000093e-05,0.00029841940614,6768
424,0.2197813279926777,0.2165452539920807,0.0323607726022601,0.1085230782628059,88258,9.946838660941782e-05,0.0002984051598282,6784
425,0.2746547088027,0.2738131769001484,0.008415337302722,0.1085382029414177,102192,9.946361664814945e-05,0.0002983908499444,6800
426,0.2519038766622543,0.2514408230781555,0.0046305400901474,0.1085533648729324,98807,9.945882549823906e-05,0.0002983764764947,6816
427,0.2980484142899513,0.2972065508365631,0.0084185809828341,0.1085684597492218,103145,9.945401316173907e-05,0.0002983620394852,6832
428,0.2153691072016954,0.2146524600684642,0.0071664555289316,0.1085831746459007,98631,9.944917964071096e-05,0.0002983475389221,6848
429,0.3250170424580574,0.3237285912036896,0.0128845403087325,0.1085977628827095,99228,9.944432493722524e-05,0.0002983329748116,6864
430,0.1849025934934616,0.1832171157002449,0.0168548056390136,0.108612835407257,98052,9.943944905336148e-05,0.00029831834716,6880
431,0.2646265476942062,0.2641727328300476,0.0045381431264104,0.1086280047893524,98820,9.943455199120835e-05,0.0002983036559736,6896
432,0.2348641902208328,0.2325271666049957,0.0233702524274121,0.1086443662643432,98162,9.942963375286368e-05,0.0002982889012585,6912
433,0.1538187675178051,0.1512141022831201,0.026046650018543,0.1086597889661789,91118,9.942469434043418e-05,0.0002982740830213,6928
434,0.2582502327859401,0.2571633346378803,0.0108690200140699,0.1086754128336906,99805,9.94197337560358e-05,0.0002982592012681,6944
435,0.2147880718111992,0.2138911411166191,0.0089692954206839,0.1086911335587501,95684,9.941475200179348e-05,0.0002982442560053,6960
436,0.2924159318208694,0.2914382107555866,0.0097771558212116,0.1087066754698753,101386,9.940974907984124e-05,0.0002982292472395,6976
437,0.3034966140985489,0.3023582696914673,0.0113834430812858,0.1087220609188079,102375,9.940472499232216e-05,0.0002982141749769,6992
438,0.3087237477302551,0.3083426766097545,0.0038106918800622,0.1087375506758689,100463,9.939967974138844e-05,0.0002981990392241,7008
439,0.2178498767316341,0.2171084508299827,0.0074142788653261,0.1087539717555046,100334,9.93946133292013e-05,0.0002981838399876,7024
440,0.2692841794341802,0.267342371866107,0.0194180643884465,0.1087706759572029,101541,9.9389525757931e-05,0.0002981685772737,7040
441,0.1695561558008194,0.1667930670082569,0.0276308339089155,0.1087871566414833,96885,9.938441702975687e-05,0.0002981532510892,7056
442,0.2597320191562176,0.2573592737317085,0.0237274371320381,0.1088034659624099,99858,9.93792871468674e-05,0.0002981378614406,7072
443,0.2218409813940525,0.2204380482435226,0.0140293177682906,0.1088192760944366,96472,9.937413611146004e-05,0.0002981224083343,7088
444,0.2508221082389354,0.2501948475837707,0.0062725904863327,0.1088356375694274,102051,9.936896392574132e-05,0.0002981068917772,7104
445,0.2503829933702945,0.2495627664029598,0.0082022347487509,0.1088526248931884,98442,9.936377059192683e-05,0.0002980913117757,7120
446,0.1678960062563419,0.1659831404685974,0.0191286729823332,0.1088695526123046,96729,9.935855611224124e-05,0.0002980756683367,7136
447,0.3000884763896465,0.298615001142025,0.0147347068414092,0.1088860929012298,95798,9.935332048891828e-05,0.0002980599614667,7152
448,0.2289202734827995,0.227867167443037,0.0105311313527636,0.1089025139808654,102259,9.934806372420072e-05,0.0002980441911726,7168
449,0.2353204041719436,0.2345323972404003,0.0078800502815283,0.1089188009500503,98809,9.934278582034036e-05,0.000298028357461,7184
450,0.2517965771257877,0.2505476884543895,0.012488891621615,0.1089347675442695,101053,9.933748677959812e-05,0.0002980124603387,7200
451,0.2523325718939304,0.2517828792333603,0.0054969418415566,0.1089510172605514,102867,9.933216660424395e-05,0.0002979964998127,7216
452,0.2465706244111061,0.2462587244808673,0.0031189520377665,0.1089677289128303,102963,9.932682529655682e-05,0.0002979804758896,7232
453,0.2757754810154438,0.2746202610433101,0.0115521618281491,0.1089840531349182,100807,9.932146285882476e-05,0.0002979643885764,7248
454,0.2513327188789844,0.2499720975756645,0.0136061652738135,0.1090004220604896,100709,9.931607929334492e-05,0.00029794823788,7264
455,0.2424525879323482,0.2417562305927276,0.0069635625113733,0.1090161204338073,101374,9.93106746024234e-05,0.0002979320238072,7280
456,0.2858701832592487,0.2852809056639671,0.0058927414938807,0.1090318411588668,102669,9.930524878837544e-05,0.0002979157463651,7296
457,0.2227773144841194,0.222231101244688,0.0054620967421215,0.1090486571192741,103191,9.929980185352526e-05,0.0002978994055605,7312
458,0.2313119806349277,0.2293614670634269,0.0195050844922661,0.1090651154518127,101538,9.929433380020616e-05,0.0002978830014006,7328
459,0.2423633374273777,0.2416040860116481,0.0075924942502751,0.1090816557407379,93686,9.928884463076044e-05,0.0002978665338922,7344
460,0.3216616585850715,0.321471493691206,0.0019016137866856,0.1090975254774093,103894,9.928333434753954e-05,0.0002978500030426,7360
461,0.2281188517808914,0.2273925095796585,0.0072633993113413,0.1091133281588554,97656,9.927780295290388e-05,0.0002978334088587,7376
462,0.2472953870892524,0.2465172931551933,0.0077809558715671,0.1091286763548851,94010,9.927225044922296e-05,0.0002978167513476,7392
463,0.2280573025345802,0.2270019687712192,0.010553331230767,0.1091437861323356,97276,9.92666768388752e-05,0.0002978000305166,7408
464,0.2777374200522899,0.2772622816264629,0.0047513197059743,0.1091589331626892,100316,9.926108212424828e-05,0.0002977832463727,7424
465,0.2919011488556862,0.2912413850426674,0.0065976157638942,0.1091735586524009,99391,9.92554663077387e-05,0.0002977663989232,7440
466,0.2664368599653244,0.2648245170712471,0.0161234779516235,0.1091879531741142,98170,9.924982939175216e-05,0.0002977494881752,7456
467,0.2288181520998478,0.2282003499567508,0.0061780590331181,0.1092028245329856,102148,9.92441713787033e-05,0.0002977325141361,7472
468,0.2405954413115978,0.2400477603077888,0.0054767978726886,0.1092182248830795,103383,9.923849227101584e-05,0.000297715476813,7488
469,0.2616116292774677,0.2610600665211677,0.0055156283779069,0.1092332750558853,99481,9.923279207112256e-05,0.0002976983762133,7504
470,0.3137760981917381,0.3124177455902099,0.0135835294495336,0.1092475727200508,100683,9.922707078146518e-05,0.0002976812123443,7520
471,0.2568151913583278,0.2553372606635093,0.0147792652423959,0.109262503683567,100542,9.92213284044946e-05,0.0002976639852134,7536
472,0.290907721966505,0.2903420552611351,0.0056566726707387,0.1092770174145698,97367,9.92155649426706e-05,0.000297646694828,7552
473,0.2858007028698921,0.2850229404866695,0.0077776207181159,0.1092907041311264,99802,9.92097803984621e-05,0.0002976293411953,7568
474,0.2159050777554512,0.2152804248034954,0.0062465678201988,0.1093048900365829,99434,9.920397477434702e-05,0.000297611924323,7584
475,0.2171959392726421,0.216459259390831,0.0073668136028572,0.1093199551105499,100337,9.919814807281228e-05,0.0002975944442184,7600
476,0.1822445541620254,0.1811104826629161,0.011340690718498,0.1093352064490318,97263,9.919230029635389e-05,0.000297576900889,7616
477,0.2056257650256157,0.2047956362366676,0.0083012830727966,0.1093503460288047,100637,9.91864314474768e-05,0.0002975592943424,7632
478,0.187825608998537,0.1868783421814441,0.0094726706156507,0.1093659698963165,98499,9.918054152869508e-05,0.000297541624586,7648
479,0.3266435712575912,0.3261829167604446,0.0046064883354119,0.1093808561563491,103865,9.917463054253176e-05,0.0002975238916275,7664
480,0.2311553545296192,0.2300219722092151,0.0113338532391935,0.1093954741954803,100847,9.916869849151896e-05,0.0002975060954745,7680
481,0.2887850292026996,0.2882456928491592,0.0053933785093249,0.1094098016619682,102353,9.916274537819776e-05,0.0002974882361345,7696
482,0.2505585178732872,0.2500004172325134,0.0055810377234593,0.1094237640500068,99604,9.915677120511822e-05,0.0002974703136153,7712
483,0.2389100044965744,0.2382229343056678,0.0068707134923897,0.1094372570514679,99421,9.915077597483958e-05,0.0002974523279245,7728
484,0.2447483073920011,0.2442162632942199,0.005320428404957,0.1094508841633796,101163,9.914475968992998e-05,0.0002974342790697,7744
485,0.2050668150186538,0.2035926505923271,0.0147416058462113,0.1094642952084541,98149,9.913872235296656e-05,0.0002974161670588,7760
486,0.2324043363332748,0.2299479618668556,0.0245637518819421,0.1094771102070808,94182,9.91326639665356e-05,0.0002973979918996,7776
487,0.276887021958828,0.2760328277945518,0.0085418792441487,0.109489232301712,95846,9.912658453323224e-05,0.0002973797535996,7792
488,0.2686042189598083,0.2675553523004055,0.0104886278859339,0.1095015406608581,104326,9.91204840556608e-05,0.0002973614521669,7808
489,0.219327375292778,0.2172379046678543,0.0208946854108944,0.1095137149095535,97263,9.911436253643444e-05,0.0002973430876093,7824
490,0.193856144323945,0.192703515291214,0.011526273767231,0.1095260977745056,99973,9.910821997817547e-05,0.0002973246599345,7840
491,0.2698255628347397,0.2685175240039825,0.0130804631626233,0.1095376536250114,94518,9.91020563835152e-05,0.0002973061691505,7856
492,0.3552234247326851,0.3542540818452835,0.009693372179754,0.109548419713974,99377,9.909587175509388e-05,0.0002972876152652,7872
493,0.2585401944816112,0.2574927136301994,0.0104747979203239,0.1095590218901634,100947,9.90896660955608e-05,0.0002972689982866,7888
494,0.2108912467956543,0.2098705843091011,0.0102066536201164,0.1095695421099662,101263,9.908343940757428e-05,0.0002972503182227,7904
495,0.2651065401732921,0.2640603184700012,0.010462271849974,0.1095804646611213,98746,9.907719169380163e-05,0.0002972315750814,7920
496,0.2374000176787376,0.2367188297212124,0.0068118376366328,0.109592005610466,98211,9.907092295691918e-05,0.0002972127688707,7936
497,0.1992179080843925,0.1982202231884002,0.0099768741056323,0.1096044033765792,99729,9.906463319961224e-05,0.0002971938995988,7952
498,0.1909306235611438,0.1895538605749607,0.013767615368124,0.1096177846193313,98262,9.90583224245752e-05,0.0002971749672737,7968
499,0.2450782731175422,0.244135707616806,0.0094256770098581,0.1096313744783401,99704,9.905199063451134e-05,0.0002971559719035,7984
500,0.2362905703485012,0.2356249801814556,0.0066559154365677,0.1096442639827728,98877,9.9045637832133e-05,0.0002971369134963,8000
501,0.2066007368266582,0.2060049697756767,0.0059576663334155,0.1096588149666786,101515,9.903926402016153e-05,0.0002971177920604,8016
502,0.2062283642590046,0.203490562736988,0.0273779466515406,0.1096729636192321,97152,9.903286920132726e-05,0.0002970986076039,8032
503,0.1804518438875675,0.1798118762671947,0.0063996309181675,0.1096880659461021,104676,9.902645337836957e-05,0.0002970793601351,8048
504,0.2432010024785995,0.2427724041044712,0.0042859587119892,0.1097030490636825,105774,9.902001655403672e-05,0.0002970600496621,8064
505,0.1955621782690286,0.1945675127208233,0.009946669335477,0.1097181215882301,99187,9.901355873108608e-05,0.0002970406761932,8080
506,0.2516025714576244,0.2508869282901287,0.0071564306272193,0.1097326129674911,98475,9.900707991228402e-05,0.0002970212397368,8096
507,0.2307155132293701,0.2302680797874927,0.0044742935569956,0.1097473055124282,101854,9.90005801004058e-05,0.0002970017403012,8112
508,0.2410793267190456,0.2403619065880775,0.0071742113213986,0.1097619533538818,95744,9.899405929823574e-05,0.0002969821778947,8128
509,0.1953856684267521,0.1944624260067939,0.009232418902684,0.1097762137651443,95336,9.898751750856712e-05,0.0002969625525257,8144
510,0.2458129674196243,0.2437901012599468,0.0202286899875616,0.1097902879118919,96983,9.898095473420232e-05,0.0002969428642026,8160
511,0.2620689608156681,0.2611530497670173,0.0091591274540405,0.109804131090641,100292,9.897437097795256e-05,0.0002969231129338,8176
512,0.2248216308653354,0.2242298871278762,0.0059174192720092,0.1098182797431945,98801,9.896776624263816e-05,0.0002969032987279,8192
513,0.279272262006998,0.2784690149128437,0.0080324695591116,0.1098319068551063,100066,9.896114053108828e-05,0.0002968834215932,8208
514,0.2634061761200428,0.2631175890564918,0.002885818190407,0.1098455190658569,104326,9.895449384614128e-05,0.0002968634815384,8224
515,0.2184881493449211,0.217423215508461,0.0106493573402985,0.1098584905266761,98653,9.894782619064431e-05,0.0002968434785719,8240
516,0.2539407350122928,0.2530247494578361,0.0091598783619701,0.109871432185173,102796,9.894113756745362e-05,0.0002968234127023,8256
517,0.2917566336691379,0.2908341735601425,0.0092245893902145,0.109883576631546,100989,9.89344279794344e-05,0.0002968032839383,8272
518,0.2075289636850357,0.2063717432320118,0.0115722097689285,0.1098957285284996,97590,9.89276974294608e-05,0.0002967830922883,8288
519,0.2298459932208061,0.2286546193063259,0.0119137142319232,0.1099084392189979,99272,9.8920945920416e-05,0.0002967628377612,8304
520,0.2502700164914131,0.2495404183864593,0.0072959752287715,0.1099211722612381,102348,9.891417345519214e-05,0.0002967425203655,8320
521,0.2175370305776596,0.2167972028255462,0.00739825097844,0.109934315085411,100033,9.890738003669028e-05,0.00029672214011,8336
522,0.2287081331014633,0.2279354706406593,0.007726567579084,0.1099471673369407,98420,9.890056566782056e-05,0.0002967016970034,8352
523,0.2231902666389942,0.2220347747206688,0.0115548991016112,0.1099598556756973,100006,9.889373035150202e-05,0.0002966811910545,8368
524,0.2349122278392315,0.2321306243538856,0.0278160122688859,0.1099720373749733,97874,9.888687409066266e-05,0.0002966606222719,8384
525,0.1994441598653793,0.1990628167986869,0.0038134407368488,0.1099859252572059,104554,9.887999688823956e-05,0.0002966399906647,8400
526,0.2357372716069221,0.2349530048668384,0.0078426038380712,0.1099998280405998,97418,9.88730987471786e-05,0.0002966192962415,8416
527,0.1806731633841991,0.180259607732296,0.0041355493303854,0.1100140661001205,102410,9.88661796704348e-05,0.0002965985390113,8432
528,0.189527578651905,0.1882959101349115,0.0123166809789836,0.1100279316306114,101128,9.885923966097204e-05,0.0002965777189829,8448
529,0.2217748761177063,0.2211672216653823,0.0060765585221815,0.1100427582859993,99495,9.88522787217632e-05,0.0002965568361652,8464
530,0.2520265392959118,0.2513208650052547,0.0070567521615885,0.1100566983222961,105441,9.884529685579012e-05,0.0002965358905673,8480
531,0.2685349583625793,0.2678037919104099,0.0073117133579216,0.1100705489516258,101379,9.883829406604364e-05,0.0002965148821981,8496
532,0.2782331109046936,0.277528204023838,0.0070490655275534,0.1100842580199241,102137,9.883127035552348e-05,0.0002964938110665,8512
533,0.1879426427185535,0.1873942762613296,0.0054836699855513,0.1100983917713165,102490,9.882422572723844e-05,0.0002964726771817,8528
534,0.2166548855602741,0.215965811163187,0.0068907255772501,0.1101119667291641,99424,9.881716018420618e-05,0.0002964514805526,8544
535,0.2942164242267608,0.2925680540502071,0.016483681712998,0.1101248115301132,94515,9.881007372945334e-05,0.0002964302211883,8560
536,0.2687714658677578,0.2684105560183525,0.0036090555367991,0.1101375967264175,104050,9.880296636601554e-05,0.000296408899098,8576
537,0.2594588920474052,0.2588740400969982,0.0058485246700001,0.1101504266262054,98804,9.879583809693738e-05,0.0002963875142908,8592
538,0.2175400424748659,0.2159000597894191,0.0163998306379653,0.1101626008749008,98884,9.878868892527234e-05,0.0002963660667758,8608
539,0.2341597974300384,0.2336418107151985,0.0051798652566503,0.1101750805974006,102589,9.878151885408294e-05,0.0002963445565622,8624
540,0.272753894329071,0.272094152867794,0.0065973686287179,0.1101869791746139,100350,9.877432788644056e-05,0.0002963229836593,8640
541,0.2268724404275417,0.2254256345331668,0.0144680836237967,0.1101986616849899,99042,9.876711602542563e-05,0.0002963013480762,8656
542,0.2731072939932346,0.2700421139597893,0.0306518213474191,0.1102096363902092,93035,9.875988327412748e-05,0.0002962796498223,8672
543,0.2468259148299694,0.2455724403262138,0.0125347414286807,0.110220082104206,93680,9.875262963564436e-05,0.0002962578889069,8688
544,0.2499981932342052,0.2487687990069389,0.0122939967841375,0.1102303937077522,93613,9.874535511308347e-05,0.0002962360653392,8704
545,0.2608071006834507,0.259527362883091,0.0127973200869746,0.1102408692240715,96925,9.87380597095611e-05,0.0002962141791286,8720
546,0.2612564712762832,0.2597800828516483,0.0147638436465058,0.1102519556879997,101931,9.873074342820226e-05,0.0002961922302846,8736
547,0.2329018358141183,0.2317131124436855,0.0118872065795585,0.1102633029222488,100492,9.872340627214103e-05,0.0002961702188164,8752
548,0.2187718115746975,0.2177281267940998,0.0104367805179208,0.1102756559848785,99639,9.871604824452047e-05,0.0002961481447335,8768
549,0.2943017352372408,0.293584331870079,0.007173980877269,0.1102879345417022,105667,9.870866934849248e-05,0.0002961260080454,8784
550,0.1906624119728803,0.1902357283979654,0.0042667996021918,0.1103008016943931,102021,9.870126958721794e-05,0.0002961038087616,8800
551,0.2301189191639423,0.2296214774250984,0.0049744210555218,0.1103136464953422,97232,9.869384896386668e-05,0.0002960815468916,8816
552,0.2529105618596077,0.2521481327712536,0.0076242587529122,0.1103264167904853,95800,9.868640748161748e-05,0.0002960592224448,8832
553,0.2114093713462352,0.2103903442621231,0.0101902960450388,0.1103387773036956,98488,9.867894514365802e-05,0.0002960368354309,8848
554,0.2199183218181133,0.2185843288898468,0.0133399396436288,0.1103513091802597,98885,9.867146195318492e-05,0.0002960143858595,8864
555,0.2043953239917755,0.2027712389826774,0.0162408396718092,0.1103643402457237,99719,9.866395791340376e-05,0.0002959918737402,8880
556,0.2286488562822342,0.2282199971377849,0.0042885901639238,0.1103773489594459,98925,9.8656433027529e-05,0.0002959692990825,8896
557,0.1816121879965067,0.1808140724897384,0.0079811633913777,0.1103903874754905,102543,9.86488872987841e-05,0.0002959466618963,8912
558,0.1957460567355156,0.1947480849921703,0.0099797109141945,0.1104027107357978,99130,9.86413207304014e-05,0.0002959239621912,8928
559,0.2567350082099437,0.2558859623968601,0.0084904579271096,0.1104146689176559,103942,9.863373332562217e-05,0.0002959011999768,8944
560,0.2120260540395975,0.2112837601453066,0.0074229919700883,0.1104262173175811,99863,9.86261250876966e-05,0.000295878375263,8960
561,0.2529847361147403,0.2526343744248152,0.0035036593908444,0.1104374155402183,104015,9.861849601988384e-05,0.0002958554880596,8976
562,0.2094594128429889,0.2072831522673368,0.0217626223457045,0.1104486510157585,99921,9.861084612545192e-05,0.0002958325383763,8992
563,0.2522169463336468,0.2495708428323269,0.0264610215090215,0.1104597449302673,98472,9.860317540767783e-05,0.000295809526223,9008
564,0.3176596090197563,0.3171198517084121,0.0053975578048266,0.1104708909988403,102822,9.859548386984748e-05,0.0002957864516095,9024
565,0.2773884236812591,0.2763967625796795,0.0099166235304437,0.1104815751314163,97675,9.858777151525564e-05,0.0002957633145457,9040
566,0.2786139920353889,0.2784578241407871,0.0015617005701642,0.11049235612154,101963,9.858003834720603e-05,0.0002957401150416,9056
567,0.2601114697754383,0.2599268406629562,0.0018462911539245,0.11050296574831,103905,9.857228436901136e-05,0.000295716853107,9072
568,0.2277288679033517,0.227137990295887,0.0059088095586048,0.1105132400989532,101445,9.856450958399313e-05,0.0002956935287519,9088
569,0.1987840887159109,0.1977715715765953,0.0101251571904867,0.1105234175920486,100573,9.85567139954818e-05,0.0002956701419864,9104
570,0.2397030238062143,0.2384413033723831,0.0126171684532891,0.1105330884456634,98066,9.85488976068168e-05,0.0002956466928204,9120
571,0.21751020103693,0.21624656021595,0.0126363769522868,0.1105432361364364,97635,9.85410604213464e-05,0.000295623181264,9136
572,0.171805553138256,0.1713457033038139,0.0045985176111571,0.1105537861585617,101157,9.85332024424278e-05,0.0002955996073272,9152
573,0.2337198220193386,0.2329265847802162,0.007932367210742,0.1105661839246749,103162,9.852532367342711e-05,0.0002955759710202,9168
574,0.2042139302939176,0.202829759567976,0.0138416950358077,0.1105782687664032,93061,9.851742411771936e-05,0.0002955522723531,9184
575,0.2348199412226677,0.2338185794651508,0.0100136006949469,0.1105898022651672,99631,9.850950377868846e-05,0.000295528511336,9200
576,0.2318484596908092,0.2308109328150749,0.0103752232680562,0.1106010824441909,104121,9.85015626597272e-05,0.0002955046879791,9216
577,0.2085128761827945,0.206903975456953,0.016089001786895,0.1106117814779281,94025,9.849360076423734e-05,0.0002954808022927,9232
578,0.2151831127703189,0.2145126760005951,0.0067043745657429,0.1106224134564399,103073,9.848561809562948e-05,0.0002954568542868,9248
579,0.1607690751552581,0.1585391983389854,0.0222988160094246,0.1106326729059219,94952,9.847761465732318e-05,0.0002954328439719,9264
580,0.2046306692063808,0.2036146000027656,0.0101606894750148,0.110642559826374,96222,9.846959045274682e-05,0.0002954087713582,9280
581,0.2710690461099148,0.2703830040991306,0.006860380352009,0.1106521785259246,100791,9.846154548533772e-05,0.000295384636456,9296
582,0.2924984283745289,0.291355911642313,0.011425170028815,0.1106615215539932,97948,9.845347975854213e-05,0.0002953604392756,9312
583,0.1786683797836303,0.1767698712646961,0.0189850548049435,0.1106706634163856,91129,9.844539327581504e-05,0.0002953361798274,9328
584,0.2084933556616306,0.2070163637399673,0.0147698621731251,0.1106801480054855,96160,9.84372860406206e-05,0.0002953118581218,9344
585,0.2125905677676201,0.2114614360034465,0.011291281087324,0.1106892079114914,98843,9.842915805643157e-05,0.0002952874741692,9360
586,0.2942109629511833,0.2939848303794861,0.0022613236506003,0.1106979846954345,101008,9.842100932672976e-05,0.0002952630279801,9376
587,0.2462221197783947,0.2457810416817665,0.0044107838912168,0.1107075065374374,101310,9.841283985500582e-05,0.000295238519565,9392
588,0.2708755433559418,0.2697557955980301,0.0111974368919618,0.110716737806797,97477,9.840464964475932e-05,0.0002952139489342,9408
589,0.1901128888130188,0.1893956921994686,0.0071720132254995,0.1107261553406715,98713,9.839643869949866e-05,0.0002951893160984,9424
590,0.210402350872755,0.2077712230384349,0.0263113214168697,0.110735148191452,92244,9.838820702274116e-05,0.0002951646210682,9440
591,0.2364082634449005,0.2358142361044883,0.0059402644983492,0.1107442677021026,104472,9.8379954618013e-05,0.000295139863854,9456
592,0.2065178137272596,0.2060477957129478,0.0047001905331853,0.1107533052563667,97879,9.837168148884924e-05,0.0002951150444665,9472
593,0.2717553339898586,0.2712437808513641,0.0051155827532056,0.1107622683048248,100349,9.836338763879385e-05,0.0002950901629163,9488
594,0.3162775374948978,0.3158071860671043,0.0047035358729772,0.1107712313532829,101595,9.835507307139964e-05,0.0002950652192141,9504
595,0.1824447810649871,0.1815142333507537,0.009305462532211,0.1107806786894798,99674,9.834673779022828e-05,0.0002950402133706,9520
596,0.2828161716461181,0.282385766506195,0.0043040935270255,0.1107899695634841,101415,9.833838179885038e-05,0.0002950151453965,9536
597,0.1813396271318197,0.1803852580487728,0.0095436692354269,0.1107999309897422,102864,9.833000510084537e-05,0.0002949900153025,9552
598,0.2182951904833316,0.217384111136198,0.0091107881162315,0.1108094304800033,99242,9.832160769980155e-05,0.0002949648230994,9568
599,0.2830907180905342,0.282016322016716,0.0107439144048839,0.1108186095952987,96999,9.831318959931612e-05,0.0002949395687979,9584
600,0.2835622355341911,0.2830680981278419,0.0049413558153901,0.1108273044228553,99004,9.83047508029951e-05,0.0002949142524089,9600
601,0.2375558614730835,0.2368817068636417,0.0067415552912279,0.1108359694480896,105788,9.829629131445342e-05,0.0002948888739433,9616
602,0.2453979048877954,0.2439755387604236,0.0142236483225133,0.1108453199267387,98590,9.828781113731484e-05,0.0002948634334119,9632
603,0.265030637383461,0.2646093107759952,0.0042132732341997,0.1108545288443565,104243,9.827931027521204e-05,0.0002948379308256,9648
604,0.2528960146009922,0.25237737596035,0.0051864322376786,0.110864982008934,108188,9.827078873178649e-05,0.0002948123661953,9664
605,0.175712076947093,0.17399213463068,0.017199435736984,0.1108751520514488,93054,9.826224651068852e-05,0.000294786739532,9680
606,0.324665404856205,0.3238998651504516,0.00765537598636,0.110885351896286,97570,9.825368361557738e-05,0.0002947610508467,9696
607,0.2225512061268091,0.2219551987946033,0.0059600688400678,0.1108952909708023,99024,9.824510005012112e-05,0.0002947353001503,9712
608,0.2270246148109436,0.2259507812559604,0.0107383312424644,0.1109052300453186,100595,9.823649581799673e-05,0.0002947094874539,9728
609,0.2024690322577953,0.201248588040471,0.0122044206655118,0.1109151765704155,99303,9.822787092288992e-05,0.0002946836127686,9744
610,0.2305751778185367,0.229671448469162,0.009037256182637,0.1109257340431213,102181,9.821922536849533e-05,0.0002946576761054,9760
611,0.1671671811491251,0.165354985743761,0.0181219207588583,0.1109361127018928,99425,9.821055915851648e-05,0.0002946316774755,9776
612,0.2597409635782242,0.2587191611528396,0.0102179580717347,0.1109460964798927,99069,9.820187229666564e-05,0.0002946056168899,9792
613,0.2753868177533149,0.2748744338750839,0.0051238095475127,0.1109560653567314,100707,9.819316478666404e-05,0.0002945794943599,9808
614,0.2292496562004089,0.2287004515528679,0.0054920340771786,0.1109668239951133,101788,9.81844366322417e-05,0.0002945533098967,9824
615,0.2678650878369808,0.2673127092421055,0.0055237658962141,0.1109773814678192,99209,9.817568783713744e-05,0.0002945270635114,9840
616,0.2351651117205619,0.2339390441775322,0.0122606914083007,0.1109879910945892,102285,9.8166918405099e-05,0.0002945007552152,9856
617,0.2375173605978489,0.2354130372405052,0.0210432063322514,0.1109979897737503,93632,9.815812833988291e-05,0.0002944743850196,9872
618,0.2172711677849292,0.2166555654257536,0.0061560574540635,0.1110078692436218,101043,9.814931764525457e-05,0.0002944479529357,9888
619,0.1869912184774875,0.1858704499900341,0.0112076799268834,0.1110182479023933,103388,9.814048632498818e-05,0.0002944214589749,9904
620,0.2260849140584468,0.224606204777956,0.0147871319204568,0.1110282242298126,95894,9.813163438286682e-05,0.0002943949031486,9920
621,0.2682113014161587,0.2669156342744827,0.0129566807736409,0.1110377162694931,96517,9.812276182268236e-05,0.000294368285468,9936
622,0.3398855179548263,0.339415542781353,0.0046997335884952,0.1110468134284019,97589,9.811386864823556e-05,0.0002943416059447,9952
623,0.1985105574131012,0.1974236033856868,0.0108695321250706,0.11105627566576,99174,9.810495486333592e-05,0.00029431486459,9968
624,0.2026430889964103,0.201692696660757,0.0095039324369281,0.1110655069351196,101861,9.809602047180188e-05,0.0002942880614154,9984
625,0.2673568911850452,0.2667136937379837,0.0064320054370909,0.111074686050415,99401,9.808706547746056e-05,0.0002942611964323,10000
626,0.2034846842288971,0.203008584678173,0.0047610002802684,0.1110846176743507,99836,9.80780898841481e-05,0.0002942342696524,10016
627,0.2152952030301094,0.2141323201358318,0.0116288132849149,0.1110948920249939,98431,9.806909369570933e-05,0.0002942072810871,10032
628,0.1999250128865242,0.1990816108882427,0.0084340030443854,0.1111045628786087,102965,9.806007691599786e-05,0.0002941802307479,10048
629,0.2593332417309284,0.2579825334250927,0.0135070435935631,0.1111135333776474,98375,9.805103954887629e-05,0.0002941531186466,10064
630,0.1912709586322307,0.1906471662223339,0.0062379429000429,0.1111223176121711,98202,9.804198159821588e-05,0.0002941259447946,10080
631,0.2593703605234623,0.2587424404919147,0.0062792545650154,0.1111311763525009,97447,9.803290306789676e-05,0.0002940987092036,10096
632,0.251271728426218,0.2499570548534393,0.0131467438768595,0.111140102148056,99437,9.802380396180794e-05,0.0002940714118854,10112
633,0.218044089153409,0.2167529873549938,0.0129110074485652,0.1111484318971633,91311,9.801468428384716e-05,0.0002940440528515,10128
634,0.2838857769966125,0.2834220416843891,0.0046373436052817,0.1111567318439483,97444,9.8005544037921e-05,0.0002940166321137,10144
635,0.2231089286506176,0.2219119518995285,0.011969772982411,0.1111653223633766,97227,9.799638322794482e-05,0.0002939891496838,10160
636,0.2522173784673214,0.2515089474618435,0.0070843097346369,0.1111738979816436,103403,9.798720185784288e-05,0.0002939616055735,10176
637,0.2187762334942817,0.2176450118422508,0.0113122329348698,0.1111822202801704,95038,9.797799993154814e-05,0.0002939339997946,10192
638,0.2723656818270683,0.2712685018777847,0.0109718339517712,0.1111908629536628,101088,9.796877745300244e-05,0.000293906332359,10208
639,0.2075590062886476,0.206704493612051,0.0085451361956074,0.1111990362405777,99535,9.795953442615638e-05,0.0002938786032784,10224
640,0.1717983484268188,0.1708217598497867,0.0097659003076842,0.111207976937294,99005,9.795027085496938e-05,0.0002938508125649,10240
641,0.1907266173511743,0.1901935543864965,0.0053306564223021,0.111217550933361,98565,9.794098674340964e-05,0.0002938229602302,10256
642,0.2800884805619716,0.279563095420599,0.0052538815361913,0.1112272515892982,102015,9.793168209545424e-05,0.0002937950462863,10272
643,0.2405971921980381,0.2394448667764663,0.0115232255193404,0.111236535012722,99620,9.792235691508896e-05,0.0002937670707452,10288
644,0.1977028176188469,0.1963027864694595,0.0140003327687736,0.1112455874681472,94544,9.79130112063084e-05,0.0002937390336189,10304
645,0.2242786008864641,0.2237124778330326,0.0056612471234984,0.1112550646066665,105540,9.790364497311596e-05,0.0002937109349193,10320
646,0.2310782819986343,0.2305945642292499,0.0048371141310781,0.1112647578120231,100163,9.789425821952388e-05,0.0002936827746585,10336
647,0.2124701607972383,0.2119217552244663,0.0054840649245306,0.1112742274999618,99763,9.788485094955308e-05,0.0002936545528486,10352
648,0.1873086486011743,0.1868311557918787,0.0047749311779625,0.1112841144204139,101529,9.78754231672334e-05,0.0002936262695017,10368
649,0.2477130480110645,0.2473549954593181,0.0035805485385935,0.1112948581576347,104379,9.786597487660337e-05,0.0002935979246298,10384
650,0.2518338393419981,0.2514540366828441,0.0037980122724547,0.1113052442669868,101414,9.785650608171034e-05,0.0002935695182451,10400
651,0.2402045130729675,0.2398128379136324,0.0039167308059404,0.1113155484199523,95002,9.784701678661045e-05,0.0002935410503598,10416
652,0.2457702402025461,0.2448868546634912,0.0088338990535703,0.1113253086805343,98776,9.78375069953686e-05,0.0002935125209861,10432
653,0.227756280452013,0.2269592806696891,0.0079700323112774,0.1113353073596954,100637,9.78279767120585e-05,0.0002934839301361,10448
654,0.2718021161854267,0.27012450248003,0.0167761156626511,0.1113452911376953,96357,9.78184259407626e-05,0.0002934552778222,10464
655,0.1633848045021295,0.1629050634801387,0.0047974277986213,0.1113559529185295,102507,9.780885468557216e-05,0.0002934265640567,10480
656,0.2399747874587774,0.2389717642217874,0.0100302456412464,0.111366219818592,102788,9.77992629505872e-05,0.0002933977888517,10496
657,0.1991580463945865,0.1984545644372701,0.0070347681175917,0.1113766282796859,99292,9.778965073991652e-05,0.0002933689522197,10512
658,0.2068431600928306,0.2060947082936763,0.0074845200288109,0.1113870441913604,98947,9.778001805767768e-05,0.000293340054173,10528
659,0.2226484380662441,0.22238415107131,0.0026428507408127,0.1113977059721946,100368,9.777036490799696e-05,0.0002933110947239,10544
660,0.2229497656226158,0.2223243918269872,0.0062537126359529,0.1114081293344497,100256,9.776069129500958e-05,0.000293282073885,10560
661,0.2645096369087696,0.2636868059635162,0.0082282667863182,0.1114180535078048,102098,9.775099722285936e-05,0.0002932529916685,10576
662,0.2014200761914253,0.1999651417136192,0.0145493599993642,0.1114273890852928,101701,9.774128269569888e-05,0.000293223848087,10592
663,0.2678331919014454,0.2670272961258888,0.0080588971613906,0.1114367842674255,99896,9.773154771768957e-05,0.000293194643153,10608
664,0.2268979772925377,0.2260492332279682,0.0084874054882675,0.1114456206560134,100404,9.772179229300156e-05,0.000293165376879,10624
665,0.2264099717140197,0.2257309649139642,0.0067900683206971,0.1114544197916984,97209,9.771201642581384e-05,0.0002931360492774,10640
666,0.143938897177577,0.1428606808185577,0.0107821716810576,0.111463613808155,98689,9.770222012031402e-05,0.0002931066603609,10656
667,0.162719514220953,0.1617978848516941,0.0092162843502592,0.1114736273884773,100889,9.769240338069854e-05,0.000293077210142,10672
668,0.1951000094413757,0.1944293640553951,0.0067064221948385,0.1114838644862175,101759,9.768256621117256e-05,0.0002930476986335,10688
669,0.2199302725493908,0.2191248536109924,0.008054193598582,0.1114938333630561,97151,9.767270861595004e-05,0.0002930181258478,10704
670,0.3175838738679886,0.3172527216374874,0.0033115579876721,0.1115035489201545,102628,9.766283059925368e-05,0.0002929884917977,10720
671,0.1843617763370275,0.1833296902477741,0.0103208958280447,0.1115127950906753,97749,9.765293216531486e-05,0.0002929587964959,10736
672,0.2178750224411487,0.2166714668273925,0.012035588370054,0.1115224510431289,101219,9.764301331837376e-05,0.0002929290399551,10752
673,0.2384740747511387,0.2372946925461292,0.0117938250186853,0.1115316301584243,96766,9.763307406267932e-05,0.000292899222188,10768
674,0.2028812989592552,0.2022914141416549,0.0058987848460674,0.1115404665470123,99879,9.76231144024892e-05,0.0002928693432074,10784
675,0.2568194027990103,0.2561429403722286,0.0067646523239091,0.1115490272641182,101755,9.761313434206978e-05,0.0002928394030262,10800
676,0.2344001792371273,0.2337542176246643,0.0064596386218909,0.1115580424666404,102831,9.760313388569622e-05,0.000292809401657,10816
677,0.1761778108775615,0.1758498251438141,0.0032798692700453,0.1115678697824478,101665,9.75931130376524e-05,0.0002927793391129,10832
678,0.2506686262786388,0.2472161017358303,0.0345252460683696,0.111577033996582,94142,9.758307180223093e-05,0.0002927492154066,10848
679,0.269021863117814,0.2688330616801977,0.0018880634397646,0.1115869507193565,98864,9.757301018373312e-05,0.0002927190305511,10864
680,0.2213595528155565,0.220363849774003,0.0099570322490762,0.111596792936325,99733,9.756292818646912e-05,0.0002926887845594,10880
681,0.2155081760138273,0.2151536159217357,0.0035456374898785,0.1116066202521324,96319,9.755282581475769e-05,0.0002926584774442,10896
682,0.1523108035326004,0.1514881011098623,0.0082269827398704,0.1116170287132263,101271,9.754270307292636e-05,0.0002926281092187,10912
683,0.1776059232652187,0.1770774889737367,0.0052843423327431,0.1116286218166351,102509,9.75325599653114e-05,0.0002925976798959,10928
684,0.1764739919453859,0.1756680030375719,0.008059924468398,0.1116407141089439,99051,9.752239649625784e-05,0.0002925671894887,10944
685,0.2453761324286461,0.2449073605239391,0.0046877039130777,0.1116530746221542,100594,9.751221267011928e-05,0.0002925366380103,10960
686,0.1645145956426859,0.163821380585432,0.0069321578484959,0.1116651818156242,103169,9.750200849125828e-05,0.0002925060254737,10976
687,0.2905621863901615,0.288923118263483,0.0163907198002561,0.1116763576865196,101928,9.749178396404588e-05,0.0002924753518921,10992
688,0.1693074665963649,0.167529322206974,0.0177814398193731,0.1116870641708374,97061,9.7481539092862e-05,0.0002924446172785,11008
689,0.21958914026618,0.2188283763825893,0.0076076588011346,0.1116983294486999,99568,9.74712738820952e-05,0.0002924138216462,11024
690,0.1908226925879717,0.1906613409519195,0.0016134769539348,0.1117099821567535,101383,9.746098833614276e-05,0.0002923829650084,11040
691,0.2132758218795061,0.2124150246381759,0.0086079613538458,0.1117213666439056,99165,9.74506824594107e-05,0.0002923520473782,11056
692,0.2195224538445472,0.2185445390641689,0.0097791519074235,0.1117323786020279,100764,9.744035625631372e-05,0.0002923210687689,11072
693,0.2199242860078811,0.2189794853329658,0.0094480346306227,0.111744038760662,98302,9.743000973127524e-05,0.0002922900291938,11088
694,0.1661485321819782,0.1643812693655491,0.0176726393110584,0.1117554455995559,95645,9.741964288872738e-05,0.0002922589286661,11104
695,0.1979369074106216,0.1965695116668939,0.013673937995918,0.1117664650082588,97349,9.740925573311096e-05,0.0002922277671993,11120
696,0.301685232669115,0.3003385737538337,0.0134665694931754,0.1117768809199333,96004,9.739884826887552e-05,0.0002921965448066,11136
697,0.1892499234527349,0.1888086758553981,0.004412453941768,0.1117873415350914,96684,9.73884205004793e-05,0.0002921652615014,11152
698,0.1327621545642614,0.1316999085247516,0.0106224378105252,0.1117983758449554,104978,9.737797243238916e-05,0.0002921339172971,11168
699,0.2072651386260986,0.2063909396529197,0.0087420092895627,0.1118097975850105,103417,9.736750406908082e-05,0.0002921025122072,11184
700,0.2644220814108848,0.2637818343937397,0.0064024950261227,0.1118208989500999,103725,9.735701541503852e-05,0.0002920710462451,11200
701,0.1911027021706104,0.1908691599965095,0.0023354437144007,0.1118339449167251,102257,9.73465064747553e-05,0.0002920395194242,11216
702,0.2247511744499206,0.2234614472836256,0.0128972834463638,0.1118463426828384,104387,9.733597725273284e-05,0.0002920079317581,11232
703,0.2117910012602806,0.211305309087038,0.0048569510108791,0.1118582710623741,97435,9.73254277534815e-05,0.0002919762832604,11248
704,0.2348912442103028,0.234432240948081,0.0045900169643573,0.1118698939681053,100336,9.73148579815204e-05,0.0002919445739445,11264
705,0.1683177892118692,0.1674948241561651,0.0082296697655692,0.1118812710046768,99859,9.730426794137729e-05,0.0002919128038241,11280
706,0.1984576378017664,0.1979500688612461,0.0050757089557009,0.1118923127651214,94455,9.729365763758856e-05,0.0002918809729127,11296
707,0.2173162214457988,0.2165807858109474,0.0073543862672522,0.1119029745459556,97995,9.728302707469936e-05,0.000291849081224,11312
708,0.232514701783657,0.2318543381989002,0.006603652582271,0.1119145154953002,100317,9.727237625726348e-05,0.0002918171287717,11328
709,0.2560575306415558,0.2549322098493576,0.011253138363827,0.111925408244133,101044,9.72617051898434e-05,0.0002917851155695,11344
710,0.2888371031731367,0.2878750655800104,0.0096203691209666,0.1119358167052269,98915,9.725101387701028e-05,0.000291753041631,11360
711,0.2062872238457203,0.2050447929650545,0.0124242949532344,0.1119459643959999,99797,9.724030232334391e-05,0.00029172090697,11376
712,0.2379835993051529,0.2375347428023815,0.0044885213283123,0.1119560375809669,102578,9.722957053343278e-05,0.0002916887116002,11392
713,0.1740579139441251,0.1724952310323715,0.0156268176360754,0.1119663193821907,95963,9.721881851187406e-05,0.0002916564555356,11408
714,0.2067912444472313,0.2061117999255657,0.0067944184993393,0.1119760647416114,97710,9.720804626327356e-05,0.0002916241387898,11424
715,0.23233263194561,0.2318217791616916,0.0051085045561194,0.1119854971766471,101275,9.71972537922458e-05,0.0002915917613767,11440
716,0.2627627626061439,0.2619422748684883,0.0082048341428162,0.1119954138994216,100931,9.71864411034139e-05,0.0002915593233102,11456
717,0.2000863291323185,0.1986794136464595,0.0140691563137806,0.1120049506425857,95536,9.717560820140968e-05,0.0002915268246042,11472
718,0.1790256090462207,0.1787630282342434,0.0026257866120431,0.1120155230164527,100859,9.716475509087362e-05,0.0002914942652726,11488
719,0.2455313354730606,0.2442687079310417,0.0126262624980881,0.1120257452130317,101534,9.715388177645484e-05,0.0002914616453293,11504
720,0.2819978147745132,0.2815788760781288,0.0041894138121278,0.1120355352759361,92229,9.714298826281114e-05,0.0002914289647884,11520
721,0.2109043784439563,0.2087358869612217,0.0216849392745643,0.112044908106327,98917,9.713207455460894e-05,0.0002913962236638,11536
722,0.2169690299779176,0.2149556037038564,0.020134262915235,0.1120538786053657,99958,9.71211406565233e-05,0.0002913634219695,11552
723,0.2627589926123619,0.2621601186692714,0.0059887033858103,0.1120630502700805,104869,9.7110186573238e-05,0.0002913305597197,11568
724,0.205869760364294,0.205641558393836,0.0022819979203632,0.1120721399784088,99133,9.70992123094454e-05,0.0002912976369283,11584
725,0.2520954050123691,0.2518464736640453,0.0024892522778827,0.1120810434222221,101159,9.708821786984652e-05,0.0002912646536095,11600
726,0.1811942551285028,0.1791124381124973,0.0208181786001659,0.1120893731713295,97334,9.707720325915104e-05,0.0002912316097774,11616
727,0.2356642186641693,0.2351816482841968,0.0048256992085953,0.1120974123477935,101830,9.706616848207728e-05,0.0002911985054462,11632
728,0.2553801070898771,0.2548620887100696,0.0051802049274556,0.112105406820774,101993,9.705511354335215e-05,0.00029116534063,11648
729,0.1991158463060856,0.1987410224974155,0.0037482158513739,0.1121141463518142,104779,9.704403844771128e-05,0.0002911321153431,11664
730,0.2485099583864212,0.2475483044981956,0.0096165688883047,0.1121226325631141,100965,9.703294319989888e-05,0.0002910988295996,11680
731,0.249711524695158,0.2492089793086052,0.0050254385569132,0.1121315658092498,101591,9.702182780466775e-05,0.000291065483414,11696
732,0.2112602926790714,0.2103454507887363,0.009148418001132,0.11214030534029,95270,9.701069226677944e-05,0.0002910320768003,11712
733,0.1690336968749761,0.1684695333242416,0.0056416554725728,0.1121492311358451,97479,9.6999536591004e-05,0.000290998609773,11728
734,0.2237964682281017,0.2231615111231804,0.006349587929435,0.1121585145592689,100951,9.698836078212024e-05,0.0002909650823463,11744
735,0.2037626635283231,0.2023901864886284,0.0137247558595845,0.1121676564216613,100519,9.697716484491546e-05,0.0002909314945347,11760
736,0.2463218979537487,0.2447317205369472,0.0159017487312667,0.1121761277318,95324,9.696594878418566e-05,0.0002908978463525,11776
737,0.2711705826222896,0.2708236686885357,0.0034691565961111,0.1121843829751014,101971,9.695471260473544e-05,0.0002908641378142,11792
738,0.2066588327288627,0.2056534811854362,0.0100535628153011,0.1121928095817565,103786,9.694345631137808e-05,0.0002908303689341,11808
739,0.1925718300044536,0.1916667614132166,0.0090507202257867,0.1122017875313758,99164,9.693217990893532e-05,0.0002907965397268,11824
740,0.2340102903544902,0.2323716096580028,0.0163868003292009,0.1122104823589325,102047,9.692088340223767e-05,0.0002907626502067,11840
741,0.1964323334395885,0.1955894455313682,0.0084288981743156,0.1122196316719055,103452,9.69095667961242e-05,0.0002907287003883,11856
742,0.1852993238717317,0.184144340455532,0.0115498766535893,0.1122282817959785,96840,9.689823009544258e-05,0.0002906946902863,11872
743,0.1953843999654054,0.1947437208145856,0.0064068353385664,0.1122365444898605,96921,9.688687330504908e-05,0.0002906606199151,11888
744,0.2125671692192554,0.2110911682248115,0.0147600011987378,0.1122442334890365,90522,9.687549642980858e-05,0.0002906264892894,11904
745,0.2086294181644916,0.2072613686323166,0.013680538686458,0.1122519746422767,97055,9.686409947459458e-05,0.0002905922984237,11920
746,0.1445638760924339,0.1440332010388374,0.0053067514672875,0.1122601553797721,102051,9.685268244428918e-05,0.0002905580473328,11936
747,0.2557418756186962,0.2544652223587036,0.0127665349500603,0.1122684776782989,102047,9.684124534378308e-05,0.0002905237360313,11952
748,0.2509460616856813,0.2505644187331199,0.0038163987919688,0.1122764199972152,97301,9.682978817797555e-05,0.0002904893645339,11968
749,0.2362712770700454,0.2354746349155903,0.0079664429849799,0.1122846007347107,102762,9.68183109517745e-05,0.0002904549328553,11984
750,0.1513303183019161,0.1501880753785371,0.0114224208518862,0.1122932434082031,102032,9.680681367009638e-05,0.0002904204410102,12000
751,0.2808606885373592,0.2801494561135769,0.0071124018868431,0.112301766872406,102058,9.67952963378663e-05,0.0002903858890135,12016
752,0.2346029989421367,0.2343919277191162,0.0021106935855641,0.1123103350400924,104377,9.678375896001786e-05,0.00029035127688,12032
753,0.2294444479048252,0.2277838103473186,0.0166063460055738,0.1123192608356475,105613,9.677220154149336e-05,0.0002903166046244,12048
754,0.1637997701764106,0.1633553989231586,0.0044437252508942,0.1123291477560997,103195,9.676062408724362e-05,0.0002902818722617,12064
755,0.2266041450202465,0.2250190339982509,0.0158511234330944,0.1123384982347488,98037,9.674902660222803e-05,0.0002902470798066,12080
756,0.2441789247095585,0.243178591132164,0.0100033455528318,0.1123471334576606,102725,9.673740909141464e-05,0.0002902122272742,12096
757,0.2555444836616516,0.2551348898559809,0.004095911164768,0.1123559549450874,102299,9.672577155977993e-05,0.0002901773146793,12112
758,0.2000543270260095,0.199210088700056,0.008442420476058,0.1123642995953559,98024,9.671411401230914e-05,0.0002901423420369,12128
759,0.2330156229436397,0.2317350450903177,0.0128057585970964,0.1123726442456245,100097,9.670243645399592e-05,0.0002901073093619,12144
760,0.2175966314971447,0.217214934527874,0.0038169531035237,0.1123808696866035,102114,9.669073888984265e-05,0.0002900722166695,12160
761,0.1686912924051284,0.1680057346820831,0.0068555770558305,0.1123888418078422,100144,9.667902132486008e-05,0.0002900370639745,12176
762,0.2105510085821151,0.2100677751004696,0.0048323774772143,0.1123966053128242,98345,9.666728376406776e-05,0.0002900018512922,12192
763,0.1835428159683942,0.1810839492827654,0.0245886284392327,0.1124042272567749,100011,9.66555262124936e-05,0.0002899665786374,12208
764,0.1977599337697029,0.1968869566917419,0.008729776891414,0.1124117970466613,102086,9.66437486751742e-05,0.0002899312460255,12224
765,0.2011387795209884,0.2001128122210502,0.0102596822544001,0.1124193519353866,96659,9.663195115715472e-05,0.0002898958534714,12240
766,0.2145136147737503,0.2133954670280218,0.0111815029231365,0.1124265864491462,95441,9.662013366348876e-05,0.0002898604009904,12256
767,0.2341155260801315,0.2333413511514663,0.0077417957945726,0.1124342009425163,100684,9.660829619923862e-05,0.0002898248885977,12272
768,0.1398390289396047,0.1389798503369093,0.008591817546403,0.1124417036771774,93929,9.659643876947508e-05,0.0002897893163084,12288
769,0.3383944481611252,0.3380079306662082,0.0038651857175864,0.112448938190937,104627,9.658456137927744e-05,0.0002897536841378,12304
770,0.308031216263771,0.3072884231805801,0.007427928620018,0.1124559119343757,100190,9.657266403373368e-05,0.0002897179921012,12320
771,0.1646838020533323,0.1642763819545507,0.0040742044075159,0.1124636381864547,103167,9.656074673794018e-05,0.0002896822402138,12336
772,0.1969167105853557,0.1960354596376419,0.0088125428883358,0.1124709248542785,94937,9.654880949700197e-05,0.000289646428491,12352
773,0.2243170998990535,0.2238149084150791,0.005021909259085,0.1124788746237754,98271,9.653685231603256e-05,0.000289610556948,12368
774,0.186495779082179,0.1839950047433376,0.0250077524688094,0.1124864444136619,99943,9.652487520015402e-05,0.0002895746256004,12384
775,0.212290272116661,0.2119285129010677,0.0036176228750264,0.1124941036105156,102976,9.651287815449698e-05,0.0002895386344634,12400
776,0.1856573596596717,0.1850722078233957,0.0058515534037724,0.1125014424324035,100278,9.65008611842006e-05,0.0002895025835526,12416
777,0.1521928086876869,0.1513320989906788,0.0086071073892526,0.1125086769461631,96003,9.648882429441255e-05,0.0002894664728832,12432
778,0.2175202444195747,0.216971905902028,0.0054834150359965,0.1125156357884407,100884,9.64767674902891e-05,0.0002894303024708,12448
779,0.2410757280886173,0.2401079535484314,0.0096778067745617,0.1125224754214286,94838,9.646469077699492e-05,0.0002893940723309,12464
780,0.1961040403693914,0.1952965930104255,0.0080745002778712,0.1125301271677017,95820,9.645259415970338e-05,0.0002893577824791,12480
781,0.1965899728238582,0.19519111700356,0.013988584280014,0.112537533044815,95746,9.644047764359622e-05,0.0002893214329307,12496
782,0.2015233226120472,0.2009045928716659,0.0061873069353168,0.1125449836254119,102544,9.64283412338638e-05,0.0002892850237015,12512
783,0.2304290626198053,0.2299362458288669,0.0049281405517831,0.1125522926449775,98094,9.641618493570494e-05,0.0002892485548071,12528
784,0.2775203846395015,0.2769975662231445,0.0052281769167166,0.1125595346093177,98345,9.640400875432704e-05,0.0002892120262629,12544
785,0.2622085139155388,0.2612396478652954,0.0096886142055154,0.1125664636492729,101075,9.6391812694946e-05,0.0002891754380848,12560
786,0.2343231737613678,0.2328002508729696,0.0152292081329505,0.1125732585787773,96102,9.63795967627862e-05,0.0002891387902883,12576
787,0.2594461515545845,0.2577564120292663,0.0168974061962217,0.1125807017087936,101967,9.63673609630806e-05,0.0002891020828892,12592
788,0.2479914203286171,0.247351162135601,0.0064026281470432,0.112587995827198,95480,9.635510530107057e-05,0.0002890653159032,12608
789,0.1708750985562801,0.1698656138032674,0.0100948825711384,0.1125949919223785,92936,9.634282978200604e-05,0.000289028489346,12624
790,0.2107974663376808,0.2102368883788585,0.005605757178273,0.1126021519303321,106485,9.633053441114553e-05,0.0002889916032334,12640
791,0.1917965020984411,0.1912866123020649,0.0050989087321795,0.1126094758510589,103826,9.631821919375591e-05,0.0002889546575812,12656
792,0.1933781616389751,0.1923974975943565,0.0098066300852224,0.1126166656613349,98859,9.630588413511266e-05,0.0002889176524053,12672
793,0.2153172940015792,0.2145382277667522,0.0077906070800963,0.1126239672303199,101320,9.629352924049975e-05,0.0002888805877214,12688
794,0.1885931957513094,0.1866970416158437,0.0189615691197104,0.1126310005784034,97202,9.628115451520958e-05,0.0002888434635456,12704
795,0.2251826263964176,0.2246193848550319,0.0056324394827242,0.1126379072666168,100114,9.626875996454313e-05,0.0002888062798936,12720
796,0.2469171658158302,0.2464220821857452,0.004950798174832,0.1126448065042495,103542,9.625634559380978e-05,0.0002887690367814,12736
797,0.2009608596563339,0.2003508619964122,0.0060999420238658,0.1126521825790405,103485,9.624391140832748e-05,0.0002887317342249,12752
798,0.2580168358981609,0.2575836665928364,0.004331704985816,0.1126593872904777,101898,9.623145741342268e-05,0.0002886943722402,12768
799,0.2421062625944614,0.2407702878117561,0.0133597690146416,0.112666517496109,102417,9.62189836144302e-05,0.0002886569508432,12784
800,0.2357900980859995,0.2349586114287376,0.008314864593558,0.1126731783151626,95653,9.620649001669347e-05,0.00028861947005,12800
801,0.2494987696409225,0.2484372407197952,0.0106153361266478,0.1126798316836357,101552,9.619397662556436e-05,0.0002885819298766,12816
802,0.1548069175332784,0.1535481568425893,0.0125876227393746,0.112686350941658,101217,9.618144344640317e-05,0.0002885443303392,12832
803,0.2501903921365738,0.2487882785499096,0.014021128823515,0.1126925349235534,99726,9.616889048457873e-05,0.0002885066714537,12848
804,0.1979699730873108,0.1973822116851806,0.0058776578516699,0.1126990169286727,101150,9.615631774546832e-05,0.0002884689532364,12864
805,0.1612721718847751,0.1603423282504081,0.0092983916401863,0.1127060800790786,99473,9.614372523445772e-05,0.0002884311757033,12880
806,0.223662868142128,0.2231576219201088,0.0050524425460025,0.1127135455608367,98563,9.613111295694116e-05,0.0002883933388708,12896
807,0.2120155245065689,0.2112598307430744,0.0075569127511698,0.1127209961414337,101794,9.611848091832134e-05,0.0002883554427549,12912
808,0.1804724857211113,0.1797988899052143,0.0067359706736169,0.1127283349633216,99177,9.610582912400944e-05,0.000288317487372,12928
809,0.2005471102893352,0.1997811421751976,0.0076596457220148,0.1127355843782424,99743,9.609315757942504e-05,0.0002882794727382,12944
810,0.2021543029695749,0.2019251473248005,0.002291526121553,0.1127434000372886,102280,9.608046628999624e-05,0.0002882413988699,12960
811,0.2807248681783676,0.2792262136936188,0.0149865578569006,0.1127504259347915,99476,9.606775526115964e-05,0.0002882032657834,12976
812,0.2517242357134819,0.2508895397186279,0.0083469100063666,0.1127571612596511,96123,9.605502449836016e-05,0.000288165073495,12992
813,0.2273546159267425,0.2265477627515792,0.008068578899838,0.1127637475728988,103344,9.604227400705131e-05,0.0002881268220211,13008
814,0.2208536490797996,0.2197359949350357,0.0111765855690464,0.1127701848745346,104006,9.6029503792695e-05,0.000288088511378,13024
815,0.1583637688308954,0.1577996239066124,0.005641407566145,0.1127767860889434,97688,9.601671386076152e-05,0.0002880501415822,13040
816,0.2093577980995178,0.2088528424501419,0.005049570754636,0.1127838492393493,101278,9.600390421672977e-05,0.0002880117126501,13056
817,0.2632390260696411,0.2624020762741565,0.0083695041248574,0.1127907335758209,104606,9.599107486608688e-05,0.0002879732245982,13072
818,0.2759950570762157,0.2756664492189884,0.0032860753999557,0.1127974092960357,100625,9.597822581432864e-05,0.0002879346774429,13088
819,0.1999092251062393,0.1994849368929863,0.0042428910965099,0.1128051057457923,101012,9.596535706695912e-05,0.0002878960712008,13104
820,0.1717588379979133,0.1712399274110794,0.0051890811009798,0.1128131374716758,99299,9.595246862949086e-05,0.0002878574058884,13120
821,0.1971756592392921,0.1963819116353988,0.0079374570632353,0.1128216311335563,101851,9.593956050744492e-05,0.0002878186815223,13136
822,0.1939739920198917,0.1934037022292614,0.0057029161544051,0.112830176949501,102613,9.59266327063507e-05,0.000287779898119,13152
823,0.3096317052841186,0.3094337806105613,0.0019791998638538,0.1128386035561561,103981,9.591368523174603e-05,0.0002877410556952,13168
824,0.1997587196528911,0.1984728351235389,0.0128588548395782,0.1128464043140411,94364,9.590071808917729e-05,0.0002877021542675,13184
825,0.2224212326109409,0.2216837462037801,0.0073748725990299,0.1128536686301231,100612,9.588773128419906e-05,0.0002876631938525,13200
826,0.1514836195856332,0.1509987954050302,0.0048482495185453,0.1128611490130424,103946,9.587472482237456e-05,0.0002876241744671,13216
827,0.1917865611612796,0.191509248688817,0.0027731262962333,0.1128687262535095,101816,9.586169870927534e-05,0.0002875850961278,13232
828,0.238173097372055,0.2371702082455158,0.0100288988323882,0.1128758862614631,97910,9.584865295048136e-05,0.0002875459588514,13248
829,0.1224942076951265,0.1222280329093337,0.0026617417315719,0.1128835529088974,103451,9.5835587551581e-05,0.0002875067626547,13264
830,0.2208655253052711,0.2195979245007038,0.0126759739141562,0.112891674041748,98293,9.582250251817108e-05,0.0002874675075545,13280
831,0.1483698524534702,0.1467665936797857,0.0160325997712789,0.1129001900553703,94158,9.58093978558568e-05,0.0002874281935675,13296
832,0.1914830058813095,0.190970953553915,0.0051205448980908,0.1129086166620254,95793,9.579627357025178e-05,0.0002873888207107,13312
833,0.2012776881456375,0.2008260786533355,0.0045160990848671,0.1129169091582298,104605,9.578312966697808e-05,0.0002873493890009,13328
834,0.1645539179444313,0.1625688690692186,0.0198504892759956,0.1129248365759849,97253,9.576996615166605e-05,0.0002873098984549,13344
835,0.2432361431419849,0.2430488355457782,0.0018730825177044,0.112932376563549,103639,9.57567830299546e-05,0.0002872703490898,13360
836,0.1956382524222135,0.1945851519703865,0.0105309888313058,0.1129396632313728,94808,9.574358030749094e-05,0.0002872307409224,13376
837,0.1796583123505115,0.1778627373278141,0.017955747549422,0.1129466071724891,97863,9.573035798993067e-05,0.0002871910739697,13392
838,0.2086353302001953,0.2080096825957298,0.0062564554682467,0.112953208386898,97286,9.571711608293784e-05,0.0002871513482488,13408
839,0.2794254496693611,0.2781849130988121,0.0124053860781714,0.1129595339298248,99130,9.570385459218488e-05,0.0002871115637765,13424
840,0.1740239094942808,0.1735959444195032,0.004279644737835,0.1129679754376411,102088,9.569057352335256e-05,0.00028707172057,13440
841,0.2495821490883827,0.2483080141246318,0.0127413403242826,0.1129758134484291,99398,9.567727288213005e-05,0.0002870318186463,13456
842,0.2254092991352081,0.2246980573982,0.0071124341338872,0.1129835844039917,99839,9.566395267421496e-05,0.0002869918580226,13472
843,0.2064555902034044,0.2059458456933498,0.0050974483456229,0.1129909604787826,98442,9.565061290531322e-05,0.0002869518387159,13488
844,0.2529077976942062,0.2521736733615398,0.0073412221754551,0.1129987761378288,104842,9.563725358113918e-05,0.0002869117607434,13504
845,0.2748290486633777,0.2738204076886177,0.0100863883417332,0.1130058616399765,102128,9.562387470741554e-05,0.0002868716241222,13520
846,0.2092074789106845,0.2073074020445346,0.0190007548953872,0.1130125671625137,101021,9.56104762898734e-05,0.0002868314288696,13536
847,0.2203322146087885,0.2194738052785396,0.0085841235486441,0.1130192354321479,100104,9.559705833425218e-05,0.0002867911750027,13552
848,0.1397505551576614,0.1380303762853145,0.0172017682343721,0.113026425242424,99955,9.558362084629975e-05,0.0002867508625388,13568
849,0.1102082580327987,0.109062934294343,0.0114532600273378,0.1130338609218597,98425,9.557016383177228e-05,0.0002867104914953,13584
850,0.184748014435172,0.1841807626187801,0.0056725132162682,0.1130410209298133,100468,9.555668729643432e-05,0.0002866700618893,13600
851,0.2003877758979797,0.1998361311852932,0.0055164468067232,0.1130480840802192,102917,9.55431912460588e-05,0.0002866295737381,13616
852,0.1353989206254482,0.1346143074333667,0.0078461206867359,0.1130553781986236,99869,9.5529675686427e-05,0.0002865890270592,13632
853,0.2162859067320823,0.2158468663692474,0.0043904428312089,0.1130627691745758,102466,9.551614062332856e-05,0.0002865484218699,13648
854,0.2477466650307178,0.2471814528107643,0.0056521387887187,0.113070011138916,105829,9.550258606256146e-05,0.0002865077581876,13664
855,0.193642109632492,0.1931243054568767,0.0051780595385935,0.1130771785974502,101965,9.548901200993204e-05,0.0002864670360297,13680
856,0.1593019813299179,0.1581789553165435,0.0112302798661403,0.1130841299891471,99671,9.547541847125503e-05,0.0002864262554137,13696
857,0.2658310234546661,0.26543840020895,0.0039262017671717,0.1130910962820053,102522,9.546180545235344e-05,0.000286385416357,13712
858,0.1822124850004911,0.1808831766247749,0.0132931084372103,0.1130978390574455,92261,9.544817295905864e-05,0.0002863445188771,13728
859,0.1620794273912906,0.1608868632465601,0.0119256610341835,0.1131043806672096,97694,9.543452099721036e-05,0.0002863035629916,13744
860,0.2355961017310619,0.2339215166866779,0.0167458306532353,0.1131103709340095,95639,9.542084957265672e-05,0.0002862625487179,13760
861,0.2192399967461824,0.217893972992897,0.0134602446923963,0.113116018474102,101038,9.540715869125408e-05,0.0002862214760737,13776
862,0.2090898379683494,0.2084056809544563,0.0068415579153224,0.1131215319037437,98568,9.539344835886716e-05,0.0002861803450766,13792
863,0.2783542945981025,0.2779539637267589,0.0040033099066931,0.1131269037723541,98107,9.537971858136909e-05,0.0002861391557441,13808
864,0.2487888783216476,0.2480970807373523,0.0069179913261905,0.1131324246525764,103989,9.53659693646412e-05,0.0002860979080939,13824
865,0.1793411038815975,0.1781438421458006,0.0119725981494411,0.1131379306316375,98627,9.535220071457324e-05,0.0002860566021437,13840
866,0.2148480452597141,0.214231526479125,0.0061651930445805,0.1131441667675972,102753,9.533841263706331e-05,0.0002860152379111,13856
867,0.1648497935384512,0.1642549149692058,0.0059487800463102,0.1131503656506538,102842,9.532460513801774e-05,0.000285973815414,13872
868,0.2553064152598381,0.254598181694746,0.0070823092537466,0.1131567656993866,103701,9.531077822335123e-05,0.00028593233467,13888
869,0.2146739773452282,0.2138895504176616,0.0078443100210279,0.113162837922573,103258,9.52969318989868e-05,0.0002858907956969,13904
870,0.2693247348070144,0.2681896165013313,0.0113511481613386,0.1131687313318252,102031,9.528306617085576e-05,0.0002858491985125,13920
871,0.2112193927168846,0.2106013856828212,0.0061800493640475,0.1131750866770744,98544,9.526918104489775e-05,0.0002858075431346,13936
872,0.2647423911839723,0.2643911577761173,0.0035123679990647,0.1131815388798713,99288,9.525527652706077e-05,0.0002857658295811,13952
873,0.2284009512513876,0.2274602074176073,0.0094074003864079,0.1131876185536384,102735,9.524135262330098e-05,0.0002857240578699,13968
874,0.207881111651659,0.2064677588641643,0.0141335104126483,0.1131933853030204,97889,9.5227409339583e-05,0.0002856822280187,13984
875,0.2098044194281101,0.2094503045082092,0.0035411545541137,0.1131998151540756,101698,9.521344668187967e-05,0.0002856403400456,14000
876,0.1879826225340366,0.1872661486268043,0.0071646981523372,0.1132059767842292,100931,9.519946465617218e-05,0.0002855983939685,14016
877,0.2214938513934612,0.2199515998363495,0.0154225752921774,0.113211765885353,95972,9.518546326844992e-05,0.0002855563898053,14032
878,0.2302610874176025,0.2295368984341621,0.0072418792115058,0.1132173314690589,93980,9.517144252471072e-05,0.0002855143275741,14048
879,0.2223357371985912,0.2219570726156234,0.0037866714119445,0.1132235527038574,103686,9.515740243096056e-05,0.0002854722072928,14064
880,0.1667931489646434,0.1655254960060119,0.0126765563618391,0.1132298484444618,95084,9.51433429932138e-05,0.0002854300289796,14080
881,0.1555846594274044,0.1534966304898262,0.0208802817505784,0.1132360696792602,93582,9.512926421749304e-05,0.0002853877926524,14096
882,0.269034419208765,0.2686989940702915,0.0033542253950145,0.113242819905281,101293,9.511516610982918e-05,0.0002853454983294,14112
883,0.2402538172900676,0.2393418066203594,0.0091200769529677,0.1132493540644645,100479,9.510104867626142e-05,0.0002853031460287,14128
884,0.2198535334318876,0.2189774010330438,0.0087612946517765,0.1132561564445495,94922,9.50869119228372e-05,0.0002852607357685,14144
885,0.264666736125946,0.2643341571092605,0.0033258654584642,0.11326315253973,100068,9.507275585561229e-05,0.0002852182675668,14160
886,0.2095652557909488,0.2090591713786125,0.0050608597812242,0.113270103931427,99551,9.505858048065066e-05,0.0002851757414419,14176
887,0.2385037615895271,0.2377511635422706,0.0075259590812493,0.1132767498493194,98549,9.50443858040246e-05,0.000285133157412,14192
888,0.2222035638988018,0.2210314273834228,0.0117214120691642,0.1132831498980522,98725,9.503017183181468e-05,0.0002850905154954,14208
889,0.1388930268585682,0.138413168489933,0.0047985613346099,0.1132903844118118,104881,9.501593857010968e-05,0.0002850478157103,14224
890,0.1923030950129032,0.1909999977797269,0.0130309383384883,0.1132972985506057,99674,9.50016860250067e-05,0.000285005058075,14240
891,0.2489143051207065,0.2483730167150497,0.0054128617048263,0.1133038848638534,95880,9.498741420261108e-05,0.0002849622426078,14256
892,0.1990579161792993,0.1980334613472223,0.0102445769589394,0.1133103743195533,100534,9.49731231090364e-05,0.0002849193693271,14272
893,0.2335063330829143,0.2329631187021732,0.0054321460484061,0.1133173257112503,103038,9.495881275040452e-05,0.0002848764382512,14288
894,0.135028513148427,0.1341213751584291,0.0090713905228767,0.113324224948883,103012,9.494448313284554e-05,0.0002848334493985,14304
895,0.211953829973936,0.2115947380661964,0.0035909324287786,0.1133307963609695,103005,9.493013426249782e-05,0.0002847904027874,14320
896,0.2738328836858272,0.2734314501285553,0.0040143036167137,0.1133375838398933,102033,9.491576614550797e-05,0.0002847472984365,14336
897,0.1795208621770143,0.1784943044185638,0.0102655941154807,0.1133442297577858,95134,9.49013787880308e-05,0.000284704136364,14352
898,0.2892846092581749,0.2887368276715278,0.0054778769845142,0.1133505031466484,101065,9.48869721962294e-05,0.0002846609165886,14368
899,0.1791202202439308,0.1780723743140697,0.0104784670984372,0.1133568584918975,98353,9.487254637627514e-05,0.0002846176391288,14384
900,0.1947498712688684,0.1941345054656267,0.0061536651774076,0.1133629530668258,102038,9.485810133434752e-05,0.000284574304003,14400
901,0.1986837089061737,0.1979001797735691,0.0078353105636779,0.1133689582347869,103075,9.484363707663442e-05,0.0002845309112299,14416
902,0.237643614411354,0.2368567027151584,0.0078691206144867,0.1133751347661018,98135,9.48291536093318e-05,0.0002844874608279,14432
903,0.2512152269482612,0.2503065094351768,0.0090872061773552,0.1133809685707092,100247,9.481465093864396e-05,0.0002844439528159,14448
904,0.2166330739855766,0.2157906591892242,0.0084241287258919,0.1133865341544151,97341,9.480012907078332e-05,0.0002844003872123,14464
905,0.1715876907110214,0.1708656065165996,0.007220817162306,0.1133921518921852,97512,9.478558801197064e-05,0.0002843567640359,14480
906,0.2012591622769832,0.2005640380084514,0.0069512211775872,0.1133977398276329,97971,9.477102776843484e-05,0.0002843130833053,14496
907,0.292634554207325,0.2923036850988865,0.003308735185783,0.1134033128619194,102780,9.475644834641308e-05,0.0002842693450392,14512
908,0.2252174206078052,0.2245756909251213,0.0064173086357186,0.1134088039398193,96203,9.474184975215068e-05,0.0002842255492564,14528
909,0.2358922604471445,0.2353268060833215,0.0056545188999734,0.1134140044450759,95335,9.472723199190124e-05,0.0002841816959757,14544
910,0.2136085554957389,0.212918933480978,0.0068962392397224,0.113419160246849,101133,9.471259507192656e-05,0.0002841377852157,14560
911,0.1704238280653953,0.1700333692133426,0.0039046087622409,0.1134242340922355,96697,9.46979389984966e-05,0.0002840938169954,14576
912,0.2688304893672466,0.2681185491383075,0.0071194079937413,0.1134293675422668,101321,9.46832637778896e-05,0.0002840497913336,14592
913,0.1960546001791954,0.1953271999955177,0.0072739757379167,0.1134345233440399,94744,9.466856941639188e-05,0.0002840057082491,14608
914,0.2119592893868684,0.2105144690722227,0.0144482089090161,0.1134394779801368,99007,9.46538559202981e-05,0.0002839615677608,14624
915,0.2237588465213775,0.2232076078653335,0.0055123839410953,0.1134444251656532,102277,9.463912329591104e-05,0.0002839173698877,14640
916,0.167785620316863,0.1668957769870758,0.0088984100730158,0.1134494096040725,95381,9.46243715495417e-05,0.0002838731146486,14656
917,0.2530860342085361,0.252215564250946,0.0087046583535084,0.1134541109204292,104468,9.460960068750924e-05,0.0002838288020625,14672
918,0.1262071821838617,0.1250800359994173,0.0112714837305247,0.1134589314460754,98284,9.459481071614104e-05,0.0002837844321484,14688
919,0.225566441193223,0.2247774843126535,0.0078895093029132,0.1134641245007515,96338,9.458000164177263e-05,0.0002837400049253,14704
920,0.2522517535835504,0.250945396721363,0.0130635216919472,0.1134690642356872,98051,9.456517347074778e-05,0.0002836955204122,14720
921,0.2003487721085548,0.1996053606271743,0.007434111139446,0.1134739965200424,98628,9.45503262094184e-05,0.0002836509786282,14736
922,0.2667658105492592,0.2663239501416683,0.004418562646606,0.1134787872433662,101812,9.453545986414456e-05,0.0002836063795924,14752
923,0.2645009346306324,0.2629389502108097,0.0156198305194266,0.1134832352399826,95842,9.452057444129456e-05,0.0002835617233238,14768
924,0.2598247341811657,0.2591055072844028,0.0071922545321285,0.11348757147789,102751,9.450566994724485e-05,0.0002835170098417,14784
925,0.146029544994235,0.1448192279785871,0.0121031601447612,0.1134921759366989,102158,9.449074638838e-05,0.0002834722391651,14800
926,0.243373341858387,0.2429373748600483,0.0043596374744083,0.113496646285057,96950,9.44758037710928e-05,0.0002834274113132,14816
927,0.1875041835010051,0.1865731105208397,0.0093107348657213,0.1135013625025749,93586,9.446084210178425e-05,0.0002833825263053,14832
928,0.2679149284958839,0.2676183693110943,0.0029655240505235,0.1135060861706733,99383,9.444586138686336e-05,0.0002833375841605,14848
929,0.2799756713211536,0.2795836962759495,0.0039197079022414,0.1135106533765792,100087,9.443086163274744e-05,0.0002832925848982,14864
930,0.2003023885190487,0.1999334208667278,0.0036897137615596,0.1135152503848075,96457,9.441584284586192e-05,0.0002832475285375,14880
931,0.1840372569859028,0.1833039373159408,0.0073332274914719,0.1135198548436164,101545,9.440080503264037e-05,0.0002832024150979,14896
932,0.2837143316864967,0.2831039652228355,0.0061036815750412,0.1135241240262985,102066,9.43857481995245e-05,0.0002831572445985,14912
933,0.1942210216075182,0.1927042193710804,0.0151679933187551,0.1135280430316925,93168,9.437067235296418e-05,0.0002831120170588,14928
934,0.1464412473142147,0.1459427308291196,0.0049851791700348,0.1135325282812118,103131,9.43555774994174e-05,0.0002830667324982,14944
935,0.316747322678566,0.3162408675998449,0.0050645519513636,0.113537348806858,101922,9.434046364535037e-05,0.000283021390936,14960
936,0.1560572143644094,0.1555928215384483,0.0046439365250989,0.1135426834225654,98123,9.432533079723732e-05,0.0002829759923917,14976
937,0.1804109737277031,0.179841112345457,0.0056986274139489,0.1135487332940101,104405,9.431017896156074e-05,0.0002829305368846,14992
938,0.2859555035829544,0.2853643223643303,0.005911809625104,0.1135543882846832,99786,9.429500814481116e-05,0.0002828850244344,15008
939,0.2032799981534481,0.2029736265540123,0.0030637250165455,0.113560751080513,101617,9.42798183534873e-05,0.0002828394550604,15024
940,0.2034323122352361,0.2029853519052267,0.0044696204713545,0.1135669872164726,99681,9.426460959409596e-05,0.0002827938287822,15040
941,0.1793293301016092,0.1791324708610773,0.0019686057712533,0.1135739237070083,102911,9.42493818731521e-05,0.0002827481456194,15056
942,0.180450938642025,0.1800082810223102,0.0044265399992582,0.1135821416974067,102300,9.42341351971788e-05,0.0002827024055915,15072
943,0.2229345999658107,0.2221704348921775,0.0076416975352913,0.1135900989174842,101044,9.421886957270724e-05,0.0002826566087181,15088
944,0.2001201622188091,0.1991117279976606,0.0100842845422448,0.113597497344017,99010,9.42035850062767e-05,0.0002826107550188,15104
945,0.2183939460664987,0.218205738812685,0.0018820887635229,0.1136053726077079,103585,9.418828150443469e-05,0.0002825648445133,15120
946,0.1873754896223545,0.1865707039833068,0.0080478353775106,0.1136129572987556,98425,9.417295907373664e-05,0.0002825188772212,15136
947,0.1671985071152448,0.1669362243264913,0.0026227903363178,0.1136205494403839,102453,9.415761772074629e-05,0.0002824728531622,15152
948,0.1847193278372287,0.1841335594654083,0.0058576925657689,0.1136276051402092,95606,9.414225745203528e-05,0.0002824267723561,15168
949,0.2307831309735775,0.2295059897005558,0.0127713719848543,0.1136343032121658,97592,9.412687827418356e-05,0.0002823806348225,15184
950,0.1929916664958,0.1924584545195102,0.0053321014274843,0.1136410757899284,103270,9.411148019377903e-05,0.0002823344405813,15200
951,0.1007959600538015,0.099660063162446,0.0113589740940369,0.1136481016874313,101617,9.409606321741777e-05,0.0002822881896522,15216
952,0.1486436985433101,0.1477802880108356,0.0086340583220589,0.1136550232768058,93760,9.408062735170386e-05,0.0002822418820551,15232
953,0.1496513914316892,0.149346936494112,0.0030445475422311,0.1136625334620475,100062,9.40651726032496e-05,0.0002821955178097,15248
954,0.2653937116265297,0.265244148671627,0.0014956114464439,0.1136704236268997,102735,9.404969897867532e-05,0.000282149096936,15264
955,0.2356630638241768,0.2352723255753517,0.0039073972657206,0.113677754998207,97875,9.403420648460936e-05,0.0002821026194538,15280
956,0.2741478960961103,0.2725679539144039,0.0157994181208778,0.1136845350265502,99290,9.401869512768827e-05,0.000282056085383,15296
957,0.2236546836793422,0.2229676656424999,0.0068701304262503,0.1136918887495994,101562,9.40031649145566e-05,0.0002820094947436,15312
958,0.1856283526867628,0.1852116547524929,0.0041669556230772,0.1136996001005172,100408,9.3987615851867e-05,0.0002819628475556,15328
959,0.2365612126886844,0.2362758368253708,0.0028537999096442,0.1137072294950485,99738,9.39720479462802e-05,0.0002819161438388,15344
960,0.2762173824012279,0.2758002653717994,0.0041712006204761,0.1137147769331932,99785,9.395646120446502e-05,0.0002818693836133,15360
961,0.2057844456285238,0.2053809221833944,0.0040351855568587,0.113722063601017,101821,9.394085563309828e-05,0.0002818225668992,15376
962,0.2433289848268032,0.2426101583987474,0.0071882243501022,0.1137288138270378,100478,9.392523123886492e-05,0.0002817756937165,15392
963,0.2246366813778877,0.223771896213293,0.0086478501907549,0.1137351989746093,94764,9.390958802845796e-05,0.0002817287640853,15408
964,0.1916192974895239,0.1911427397280931,0.0047655782254878,0.1137419119477272,99268,9.389392600857844e-05,0.0002816817780257,15424
965,0.174532363191247,0.1738164722919464,0.0071589287836104,0.1137484982609748,94767,9.387824518593546e-05,0.0002816347355578,15440
966,0.2488929331302642,0.2481300830841064,0.0076285016693873,0.113754965364933,102878,9.386254556724622e-05,0.0002815876367017,15456
967,0.1510711442679166,0.1507776267826557,0.0029352015699259,0.1137617155909538,102900,9.384682715923588e-05,0.0002815404814777,15472
968,0.2508783582597971,0.2505150604993105,0.0036329576396383,0.1137681379914283,103927,9.383108996863778e-05,0.0002814932699059,15488
969,0.2590823508799076,0.2586791031062603,0.0040324546280317,0.1137743070721626,101614,9.381533400219318e-05,0.0002814460020065,15504
970,0.1501310281455516,0.149485832080245,0.0064519332299823,0.1137802451848983,100497,9.379955926665144e-05,0.0002813986777999,15520
971,0.1784005332738161,0.177978640422225,0.0042189440137008,0.1137865185737609,100776,9.378376576877e-05,0.0002813512973063,15536
972,0.229766596108675,0.2292468063533306,0.0051979048876091,0.1137925460934639,94641,9.376795351531422e-05,0.0002813038605459,15552
973,0.1992043443024158,0.1982311271131038,0.0097321643843315,0.1137984693050384,97536,9.375212251305763e-05,0.0002812563675391,15568
974,0.1998806484043598,0.1995277293026447,0.003529188412358,0.1138044372200965,101880,9.37362727687817e-05,0.0002812088183063,15584
975,0.1771008297801017,0.1764754373580217,0.0062538730562664,0.1138101816177368,95835,9.372040428927596e-05,0.0002811612128678,15600
976,0.2017176188528537,0.2007884532213211,0.0092916758731007,0.1138164848089218,104751,9.370451708133796e-05,0.000281113551244,15616
977,0.2074561715126037,0.206935603171587,0.0052056517452001,0.1138226613402366,99594,9.368861115177327e-05,0.0002810658334553,15632
978,0.182422574609518,0.1818515509366989,0.0057102462742477,0.1138289123773574,96075,9.36726865073955e-05,0.0002810180595221,15648
979,0.212439427152276,0.2113186698406934,0.0112075741053558,0.113835334777832,97304,9.365674315502626e-05,0.000280970229465,15664
980,0.1216996125876903,0.1204823665320873,0.0121724643977358,0.1138412356376648,95137,9.364078110149516e-05,0.0002809223433044,15680
981,0.2310807332396507,0.230028735473752,0.0105199707322753,0.1138466969132423,105316,9.362480035363986e-05,0.0002808744010609,15696
982,0.2614745311439037,0.261034682393074,0.0043985133015667,0.1138519495725631,100718,9.3608800918306e-05,0.0002808264027549,15712
983,0.2224721256643533,0.2222695108503103,0.0020262030302546,0.1138578578829765,105858,9.35927828023472e-05,0.000280778348407,15728
984,0.1607436500489711,0.1601263657212257,0.0061728309374302,0.1138647347688674,100981,9.357674601262514e-05,0.0002807302380378,15744
985,0.1736944261938333,0.1725277379155159,0.0116668784758076,0.1138711646199226,92303,9.356069055600948e-05,0.000280682071668,15760
986,0.1555433571338653,0.1551118604838848,0.0043149600678589,0.1138773560523986,99222,9.354461643937784e-05,0.0002806338493181,15776
987,0.2301728315651416,0.2299313098192215,0.0024152504774974,0.1138841211795806,102035,9.352852366961588e-05,0.0002805855710088,15792
988,0.2106122467666864,0.2099659722298383,0.0064627164974808,0.113890565931797,99886,9.351241225361722e-05,0.0002805372367608,15808
989,0.1626227535307407,0.1621291507035493,0.0049360308621544,0.1138974949717521,101013,9.349628219828349e-05,0.0002804888465948,15824
990,0.2659000419080257,0.2648624666035175,0.0103757212345954,0.1139040887355804,99185,9.348013351052428e-05,0.0002804404005315,15840
991,0.2575804200023412,0.2571045998483896,0.0047581337785231,0.11391032487154,98256,9.34639661972572e-05,0.0002803918985917,15856
992,0.2616805136203766,0.2614928148686886,0.0018769954767776,0.1139162927865982,98632,9.344778026540776e-05,0.0002803433407962,15872
993,0.124779362231493,0.1237541809678077,0.0102518177009187,0.113922081887722,93150,9.343157572190957e-05,0.0002802947271657,15888
994,0.2403146512806415,0.239247165620327,0.0106748461257666,0.1139279603958129,97550,9.341535257370408e-05,0.0002802460577211,15904
995,0.1853729132562875,0.1849102452397346,0.0046267158295449,0.1139347329735755,101971,9.339911082774082e-05,0.0002801973324832,15920
996,0.2398059889674186,0.2387101650238037,0.0109582217119168,0.1139410585165023,100529,9.33828504909772e-05,0.0002801485514729,15936
997,0.193362258374691,0.1928732469677925,0.0048901094123721,0.1139470189809799,101324,9.336657157037866e-05,0.0002800997147111,15952
998,0.2356021460145712,0.2348866295069456,0.0071551639703102,0.1139525175094604,102101,9.335027407291855e-05,0.0002800508222187,15968
999,0.2063465360552072,0.2058655321598053,0.0048100045532919,0.1139580160379409,96875,9.33339580055782e-05,0.0002800018740167,15984
1000,0.2029803115874529,0.2025518529117107,0.0042846176511375,0.113963559269905,99125,9.331762337534694e-05,0.000279952870126,16000
1001,0.1587693523615598,0.1583406291902065,0.0042872632329817,0.1139698773622512,103534,9.330127018922194e-05,0.0002799038105676,16016
1002,0.1605192180722952,0.1602041907608509,0.0031502665369771,0.113976664841175,99654,9.328489845420842e-05,0.0002798546953626,16032
1003,0.2741236872971058,0.2737490497529506,0.0037464033812284,0.1139833852648735,98460,9.326850817731952e-05,0.0002798055245319,16048
1004,0.2291304413229227,0.2285318449139595,0.0059859530301764,0.1139897927641868,100357,9.325209936557628e-05,0.0002797562980967,16064
1005,0.1991716530174017,0.1984128132462501,0.0075883965473622,0.1139966174960136,103173,9.323567202600776e-05,0.000279707016078,16080
1006,0.2246862277388572,0.2237428314983844,0.0094339212810155,0.1140031144022941,100783,9.321922616565088e-05,0.0002796576784969,16096
1007,0.1795317381620407,0.1789373159408569,0.0059442085039336,0.1140094548463821,103970,9.320276179155052e-05,0.0002796082853746,16112
1008,0.1522837281227111,0.1519140116870403,0.0036971486260881,0.1140157431364059,97064,9.31862789107595e-05,0.0002795588367322,16128
1009,0.2025002595037222,0.2017874643206596,0.0071279451367445,0.1140218526124954,102437,9.31697775303386e-05,0.000279509332591,16144
1010,0.2975805178284645,0.297344870865345,0.0023565133451484,0.1140276938676834,100943,9.315325765735642e-05,0.000279459772972,16160
1011,0.2714219018816948,0.2703689411282539,0.0105295328830834,0.1140330880880355,100231,9.31367192988896e-05,0.0002794101578966,16176
1012,0.1574497483670711,0.156155752018094,0.012939947162522,0.114038348197937,92732,9.312016246202262e-05,0.000279360487386,16192
1013,0.2048050202429294,0.2042538337409496,0.0055118394957389,0.1140437349677085,99223,9.310358715384791e-05,0.0002793107614615,16208
1014,0.215240865945816,0.2132562696933746,0.0198459599341731,0.1140488386154174,96431,9.308699338146584e-05,0.0002792609801443,16224
1015,0.2117894552648067,0.2113648112863302,0.004246446347679,0.1140543147921562,104075,9.307038115198458e-05,0.0002792111434559,16240
1016,0.2632073238492012,0.2628753297030926,0.0033198832825291,0.1140596568584442,102470,9.305375047252036e-05,0.0002791612514175,16256
1017,0.1806619614362716,0.1803184412419796,0.0034352191287325,0.1140651702880859,102560,9.30371013501972e-05,0.0002791113040505,16272
1018,0.2349877282977104,0.2343232035636901,0.0066452710889279,0.1140708401799202,97382,9.302043379214703e-05,0.0002790613013764,16288
1019,0.2065803743898868,0.2053661197423935,0.0121425428660586,0.1140761598944664,99268,9.300374780550974e-05,0.0002790112434165,16304
1020,0.2489476054906845,0.2486597001552581,0.0028790130745619,0.1140815615653991,102559,9.298704339743308e-05,0.0002789611301922,16320
1021,0.1814986132085323,0.1809315048158168,0.0056710857606958,0.1140871122479438,97208,9.297032057507264e-05,0.0002789109617252,16336
1022,0.1537863221019506,0.1533108353614807,0.0047548863803967,0.114093117415905,103774,9.295357934559198e-05,0.0002788607380367,16352
1023,0.2351240050047636,0.2344608604907989,0.0066314046562183,0.1140989437699318,98948,9.293681971616252e-05,0.0002788104591484,16368
1024,0.2186288610100746,0.2179296016693115,0.0069926297874189,0.1141045019030571,100304,9.292004169396356e-05,0.0002787601250818,16384
1025,0.2056874781847,0.2052408307790756,0.0044665047025773,0.1141104251146316,96846,9.290324528618224e-05,0.0002787097358585,16400
1026,0.2261141203343868,0.2252673842012882,0.0084673773963004,0.1141164898872375,98465,9.28864305000136e-05,0.0002786592915,16416
1027,0.221548993140459,0.2209283672273159,0.0062062489064373,0.1141230463981628,102151,9.28695973426606e-05,0.0002786087920279,16432
1028,0.1919076927006244,0.1908403504639864,0.0106734264409169,0.1141292825341224,95305,9.2852745821334e-05,0.000278558237464,16448
1029,0.2619271278381347,0.2611422911286354,0.0078484182777174,0.1141351908445358,97939,9.283587594325248e-05,0.0002785076278297,16464
1030,0.1906300131231546,0.1903081182390451,0.0032189742778427,0.1141409575939178,99883,9.281898771564254e-05,0.0002784569631469,16480
1031,0.2666004821658134,0.2658263854682445,0.0077410468511516,0.1141462996602058,103208,9.28020811457386e-05,0.0002784062434372,16496
1032,0.1477441936731338,0.146586362272501,0.0115783282672055,0.114151507616043,96000,9.278515624078282e-05,0.0002783554687223,16512
1033,0.2212233506143093,0.2209138311445713,0.0030951746739447,0.1141566634178161,104828,9.276821300802534e-05,0.000278304639024,16528
1034,0.2340521775186061,0.2333503440022468,0.0070183702919166,0.1141617372632026,102328,9.27512514547241e-05,0.0002782537543641,16544
1035,0.1777675598859787,0.1769218798726797,0.0084567873855121,0.1141669303178787,96569,9.27342715881449e-05,0.0002782028147644,16560
1036,0.244788859039545,0.2439598590135574,0.0082899736007675,0.1141719296574592,95816,9.271727341556136e-05,0.0002781518202466,16576
1037,0.337931714951992,0.3375598862767219,0.0037182574378675,0.1141768991947174,99805,9.270025694425497e-05,0.0002781007708327,16592
1038,0.1805665027350187,0.179381625726819,0.0118487483123317,0.114181600511074,98084,9.2683222181515e-05,0.0002780496665445,16608
1039,0.1822526976466179,0.1818023659288883,0.0045033323694951,0.1141862794756889,100978,9.266616913463868e-05,0.0002779985074039,16624
1040,0.1732563264667987,0.172496685758233,0.0075963886920362,0.11419078707695,96757,9.264909781093094e-05,0.0002779472934327,16640
1041,0.2091184929013252,0.2088518030941486,0.0026668824139051,0.1141954660415649,102882,9.26320082177046e-05,0.0002778960246531,16656
1042,0.1211382914334535,0.1199612617492675,0.0117703005962539,0.1142002418637275,100779,9.261490036228031e-05,0.0002778447010868,16672
1043,0.1888440586626529,0.1878067348152399,0.0103731980489101,0.1142050772905349,99076,9.259777425198656e-05,0.0002777933227559,16688
1044,0.1950029153376817,0.1945839542895555,0.0041896155016729,0.1142099574208259,105601,9.258062989415956e-05,0.0002777418896824,16704
1045,0.2169390469789505,0.2153904028236866,0.0154864506912417,0.1142144873738288,93879,9.256346729614342e-05,0.0002776904018884,16720
1046,0.1946165133267641,0.1936157364398241,0.0100077571696601,0.1142189353704452,96458,9.25462864652901e-05,0.0002776388593958,16736
1047,0.2495140843093395,0.2492439113557338,0.0027017731626983,0.1142236143350601,99878,9.252908740895932e-05,0.0002775872622268,16752
1048,0.1766794826835394,0.1763972602784633,0.0028221967804711,0.1142284721136093,102194,9.251187013451857e-05,0.0002775356104035,16768
1049,0.1982548162341117,0.1978809311985969,0.0037388820092019,0.1142333820462226,100284,9.24946346493432e-05,0.000277483903948,16784
1050,0.1733113415539264,0.1722640432417392,0.0104729418872011,0.1142384782433509,99891,9.247738096081636e-05,0.0002774321428824,16800
1051,0.1909149177372455,0.1901742443442344,0.0074066849774681,0.1142436042428016,100455,9.246010907632896e-05,0.0002773803272289,16816
1052,0.114154240116477,0.1137811969965696,0.0037304580328054,0.1142488420009613,100966,9.244281900327973e-05,0.0002773284570098,16832
1053,0.2393558770418167,0.2382101714611053,0.0114570692021516,0.1142538860440254,93654,9.24255107490752e-05,0.0002772765322472,16848
1054,0.2732560560107231,0.2724664211273193,0.0078963340783957,0.1142584681510925,99423,9.240818432112964e-05,0.0002772245529633,16864
1055,0.2205921858549118,0.2201370447874069,0.0045513801160268,0.1142627969384193,100587,9.23908397268652e-05,0.0002771725191805,16880
1056,0.2022526413202285,0.2017329633235931,0.0051967998733744,0.1142671853303909,105011,9.237347697371173e-05,0.0002771204309211,16896
1057,0.2558756060898304,0.2553662974387407,0.0050930774668813,0.1142715662717819,100024,9.235609606910687e-05,0.0002770682882073,16912
1058,0.2069732546806335,0.2064927853643894,0.0048047002637758,0.1142759248614311,93743,9.233869702049605e-05,0.0002770160910614,16928
1059,0.1652002390474081,0.1647855304181575,0.004147135419771,0.1142802312970161,99717,9.232127983533246e-05,0.0002769638395059,16944
1060,0.2320493161678314,0.2317872084677219,0.0026211054355371,0.1142846569418907,100540,9.23038445210771e-05,0.0002769115335632,16960
1061,0.1945033445954322,0.1937533691525459,0.0074997707852162,0.1142888516187667,96571,9.228639108519868e-05,0.0002768591732555,16976
1062,0.250114444643259,0.2497607395052909,0.0035370659752516,0.1142928898334503,98865,9.226891953517368e-05,0.0002768067586055,16992
1063,0.1003997195512056,0.0990716163069009,0.0132810264476574,0.1142968758940696,102447,9.22514298784864e-05,0.0002767542896354,17008
1064,0.1543758828192949,0.1535345055162906,0.0084137459343764,0.114300712943077,93822,9.223392212262883e-05,0.0002767017663678,17024
1065,0.1170327235013246,0.115962391719222,0.0107033164240419,0.1143048256635665,103800,9.221639627510076e-05,0.0002766491888253,17040
1066,0.2160539217293262,0.2152246572077274,0.0082926215836778,0.1143087372183799,96054,9.219885234340968e-05,0.0002765965570302,17056
1067,0.1465835627168417,0.1460348758846521,0.0054868851439096,0.1143129467964172,100595,9.218129033507084e-05,0.0002765438710052,17072
1068,0.2218360435217619,0.2200116235762834,0.0182441694196313,0.1143170893192291,89874,9.216371025760728e-05,0.0002764911307728,17088
1069,0.1807065047323703,0.1798817478120327,0.008247553534602,0.1143211498856544,96830,9.214611211854974e-05,0.0002764383363556,17104
1070,0.1827903371304273,0.1824110597372055,0.0037927498342469,0.11432596296072,97998,9.212849592543669e-05,0.0002763854877763,17120
1071,0.1703002247959375,0.169251374900341,0.0104884887114167,0.1143308207392692,93221,9.211086168581432e-05,0.0002763325850574,17136
1072,0.2328949645161628,0.2324368394911289,0.0045812564640073,0.114335685968399,101265,9.209320940723664e-05,0.0002762796282217,17152
1073,0.1815789584070444,0.1807733066380024,0.0080564807285554,0.1143404841423034,97640,9.207553909726532e-05,0.0002762266172917,17168
1074,0.2244381047785282,0.2230284847319126,0.0140962291043251,0.1143448874354362,101715,9.205785076346973e-05,0.0002761735522904,17184
1075,0.2103758603334427,0.2095036059617996,0.0087225832248805,0.1143489927053451,101628,9.204014441342696e-05,0.0002761204332402,17200
1076,0.158335929736495,0.1575078163295984,0.0082811020074586,0.1143539175391197,97746,9.20224200547219e-05,0.0002760672601641,17216
1077,0.2770459875464439,0.2762998454272747,0.0074614061741158,0.1143585294485092,102654,9.20046776949471e-05,0.0002760140330848,17232
1078,0.202482795342803,0.2012158464640379,0.0126695095968898,0.1143627986311912,99943,9.19869173417028e-05,0.0002759607520251,17248
1079,0.1893270052969455,0.1880275569856166,0.0129944858053931,0.1143668889999389,96323,9.196913900259698e-05,0.0002759074170077,17264
1080,0.1856634728610515,0.1851811856031417,0.0048228870437014,0.1143708303570747,98188,9.195134268524532e-05,0.0002758540280557,17280
1081,0.2355722896754741,0.2348721399903297,0.0070015100063756,0.1143747344613075,100498,9.19335283972712e-05,0.0002758005851918,17296
1082,0.2674117423593998,0.2669348083436489,0.0047693036613054,0.1143786162137985,98073,9.191569614630568e-05,0.0002757470884389,17312
1083,0.1740901302546262,0.1723749116063118,0.0171521410811692,0.1143829524517059,99761,9.189784593998757e-05,0.0002756935378199,17328
1084,0.1932317018508911,0.1923083402216434,0.0092335991794243,0.1143871694803237,92323,9.187997778596326e-05,0.0002756399333578,17344
1085,0.2762445546686649,0.2760255634784698,0.0021899047205806,0.1143918484449386,100288,9.186209169188696e-05,0.0002755862750756,17360
1086,0.2121625654399395,0.2113088928163051,0.0085367138672154,0.1143970936536789,100107,9.184418766542049e-05,0.0002755325629962,17376
1087,0.1783882528543472,0.1782988999038934,0.000893540760444,0.1144023239612579,98831,9.182626571423332e-05,0.0002754787971426,17392
1088,0.1425300650298595,0.1413838155567646,0.0114624624839052,0.1144071891903877,94138,9.180832584600273e-05,0.000275424977538,17408
1089,0.1571926493197679,0.1557985935360193,0.0139405541121959,0.1144118383526802,93164,9.179036806841352e-05,0.0002753711042052,17424
1090,0.180137250572443,0.1794635951519012,0.0067365521099418,0.1144164279103279,100959,9.177239238915826e-05,0.0002753171771674,17440
1091,0.1499413615092635,0.1493486519902944,0.0059270839119562,0.1144210621714592,101667,9.175439881593716e-05,0.0002752631964478,17456
1092,0.1812786906957626,0.1802708022296428,0.0100788936833851,0.1144262552261352,101892,9.173638735645808e-05,0.0002752091620693,17472
1093,0.1933256015181541,0.1925750263035297,0.0075057393405586,0.1144314855337143,95335,9.171835801843658e-05,0.0002751550740553,17488
1094,0.1841729134321212,0.1835210360586643,0.006518802139908,0.1144367605447769,101806,9.170031080959584e-05,0.0002751009324287,17504
1095,0.2683210074901581,0.2680481821298599,0.0027282468863631,0.114441804587841,98206,9.168224573766671e-05,0.000275046737213,17520
1096,0.1872394513338804,0.1867266371846199,0.0051281576888868,0.1144467741250991,96106,9.166416281038773e-05,0.0002749924884311,17536
1097,0.1809765063226223,0.1800482049584388,0.0092830304056406,0.1144515201449394,101307,9.164606203550496e-05,0.0002749381861065,17552
1098,0.1877286620438099,0.1855440605431795,0.021846049290616,0.1144556179642677,92794,9.16279434207723e-05,0.0002748838302623,17568
1099,0.2040449827909469,0.2031952254474163,0.0084975674399174,0.1144594550132751,98838,9.160980697395116e-05,0.0002748294209218,17584
1100,0.1517796516418457,0.1500395201146602,0.0174012896604836,0.1144629418849945,98898,9.159165270281057e-05,0.0002747749581084,17600
1101,0.2189746610820293,0.2183685265481472,0.0060613464011112,0.1144663617014885,99437,9.157348061512729e-05,0.0002747204418453,17616
1102,0.2051525004208088,0.2041837461292743,0.0096875953313428,0.1144697293639183,99111,9.155529071868562e-05,0.000274665872156,17632
1103,0.1708670202642679,0.1703042425215244,0.0056277323164977,0.1144732758402824,102715,9.153708302127758e-05,0.0002746112490638,17648
1104,0.2463160790503025,0.2457390092313289,0.005770637479145,0.1144772842526435,102176,9.151885753070277e-05,0.0002745565725921,17664
1105,0.2479533646255731,0.2476005014032125,0.0035287088539917,0.114481396973133,97244,9.150061425476838e-05,0.0002745018427643,17680
1106,0.1802378688007593,0.1797051206231117,0.0053274552919901,0.1144862323999404,103071,9.148235320128926e-05,0.0002744470596038,17696
1107,0.1658917982131242,0.1653848346322775,0.005069647784694,0.1144911646842956,102268,9.146407437808788e-05,0.0002743922231342,17712
1108,0.1839328445494175,0.1831108536571264,0.0082199308963026,0.1144957095384597,96603,9.144577779299432e-05,0.0002743373333789,17728
1109,0.1559981014579534,0.1553858146071434,0.0061228947452036,0.1145005896687507,99254,9.14274634538462e-05,0.0002742823903615,17744
1110,0.2001938577741384,0.1994828414171934,0.0071101569919846,0.1145050898194313,93961,9.140913136848885e-05,0.0002742273941054,17760
1111,0.2096304930746555,0.2091627847403288,0.0046771324705332,0.1145094633102417,99747,9.139078154477512e-05,0.0002741723446343,17776
1112,0.2149029597640037,0.2141843270510435,0.0071863233606563,0.1145140081644058,100899,9.137241399056552e-05,0.0002741172419716,17792
1113,0.1976972110569477,0.1968331821262836,0.0086402888409793,0.1145183220505714,102322,9.135402871372808e-05,0.0002740620861411,17808
1114,0.1814447753131389,0.1809411235153675,0.0050365363713353,0.1145228222012519,100265,9.133562572213856e-05,0.0002740068771664,17824
1115,0.2310221884399652,0.2297648452222347,0.0125734733883291,0.1145276352763176,104299,9.131720502368011e-05,0.000273951615071,17840
1116,0.1380665637552738,0.1376330070197582,0.0043355619709473,0.1145331561565399,98916,9.129876662624364e-05,0.0002738962998787,17856
1117,0.1207706555724144,0.1203358452767133,0.0043480941094458,0.1145388334989547,96312,9.12803105377276e-05,0.0002738409316131,17872
1118,0.1971567962318658,0.196745079010725,0.0041171866760123,0.1145443618297576,98437,9.12618367660379e-05,0.0002737855102981,17888
1119,0.2405022084712982,0.2402093280106783,0.0029288154182722,0.1145497187972068,102374,9.124334531908818e-05,0.0002737300359572,17904
1120,0.2364317253232002,0.2349751964211464,0.0145653095605666,0.114554651081562,98236,9.122483620479956e-05,0.0002736745086143,17920
1121,0.2548546455800533,0.2546885907649994,0.0016605621349299,0.1145593449473381,98613,9.120630943110076e-05,0.0002736189282933,17936
1122,0.1912324875593185,0.1907770670950412,0.0045542505031335,0.114563763141632,101460,9.118776500592812e-05,0.0002735632950177,17952
1123,0.2326381355524063,0.2315134033560753,0.0112473167246207,0.1145678535103797,96390,9.11692029372254e-05,0.0002735076088116,17968
1124,0.1942077167332172,0.193132322281599,0.0107539671007543,0.114571526646614,96417,9.115062323294406e-05,0.0002734518696988,17984
1125,0.1605751272290945,0.1591278295964002,0.014472978451522,0.1145750656723976,97703,9.1132025901043e-05,0.0002733960777031,18000
1126,0.176693033427,0.176354257389903,0.0033877386595122,0.1145787313580513,99632,9.111341094948876e-05,0.0002733402328484,18016
1127,0.18897794932127,0.1882207281887531,0.0075722626061178,0.1145827770233154,96616,9.10947783862554e-05,0.0002732843351587,18032
1128,0.1600393690168857,0.1592918150126934,0.0074755297973752,0.1145868226885795,95493,9.10761282193245e-05,0.0002732283846579,18048
1129,0.2008627690374851,0.2003600485622882,0.0050271540239918,0.1145915314555168,98340,9.10574604566852e-05,0.00027317238137,18064
1130,0.3053990676999092,0.3049031868577003,0.0049588545807637,0.1145961135625839,101564,9.10387751063342e-05,0.000273116325319,18080
1131,0.2037365883588791,0.202902540564537,0.0083405027980916,0.114600695669651,100394,9.102007217627568e-05,0.0002730602165288,18096
1132,0.1849058512598276,0.1844588760286569,0.0044697983248624,0.1146056577563285,100933,9.10013516745214e-05,0.0002730040550235,18112
1133,0.1992611698806285,0.198843814432621,0.0041735532577149,0.1146102920174598,103456,9.098261360909064e-05,0.0002729478408272,18128
1134,0.1541221514344215,0.1523760594427585,0.0174609137611696,0.1146150305867195,102901,9.096385798801016e-05,0.000272891573964,18144
1135,0.2589475065469742,0.2586164176464081,0.0033108759671449,0.1146193668246269,102096,9.094508481931428e-05,0.0002728352544579,18160
1136,0.1336227320134639,0.1324956994503736,0.0112703104241518,0.1146236881613731,100088,9.092629411104483e-05,0.0002727788823331,18176
1137,0.2440456058830022,0.2437793649733066,0.00266240570636,0.1146282106637954,100088,9.090748587125118e-05,0.0002727224576137,18192
1138,0.2755877561867237,0.274989265948534,0.0059848788077943,0.1146325692534446,101080,9.088866010799016e-05,0.0002726659803239,18208
1139,0.1893776468932628,0.1887084580957889,0.0066919064702233,0.1146373599767685,100509,9.086981682932612e-05,0.0002726094504879,18224
1140,0.1638656202703714,0.1632279846817255,0.0063763544603716,0.1146430000662803,102835,9.085095604333091e-05,0.0002725528681299,18240
1141,0.2340134643018245,0.2332289554178714,0.0078450532746501,0.114648513495922,94789,9.083207775808396e-05,0.0002724962332742,18256
1142,0.1291166935116052,0.128387376666069,0.0072931504982989,0.1146542802453041,96933,9.081318198167204e-05,0.000272439545945,18272
1143,0.1534339059144258,0.1525012552738189,0.0093265431642066,0.1146601736545562,92799,9.079426872218956e-05,0.0002723828061665,18288
1144,0.1384854931384325,0.1374729834496975,0.010125107015483,0.1146656647324562,98757,9.077533798773834e-05,0.0002723260139632,18304
1145,0.209705039858818,0.2086122371256351,0.0109280494507402,0.1146711334586143,95469,9.075638978642771e-05,0.0002722691693592,18320
1146,0.2790975198149681,0.2788988053798675,0.0019871058466378,0.1146763265132904,103429,9.073742412637446e-05,0.0002722122723791,18336
1147,0.1873192079365253,0.1868717558681965,0.0044745763298124,0.1146817207336425,103703,9.071844101570291e-05,0.0002721553230471,18352
1148,0.2541008964180946,0.2537901140749454,0.0031078592874109,0.1146871000528335,97592,9.06994404625448e-05,0.0002720983213876,18368
1149,0.179999079555273,0.1786144897341728,0.0138459399313433,0.1146920546889305,95042,9.068042247503936e-05,0.0002720412674251,18384
1150,0.1134240366518497,0.1118180248886346,0.0160601125680841,0.1146968454122543,98387,9.06613870613333e-05,0.0002719841611839,18400
1151,0.1926228683441877,0.1921688541769981,0.0045401506213238,0.1147017106413841,101915,9.064233422958076e-05,0.0002719270026887,18416
1152,0.1794828847050666,0.1787206418812275,0.0076224152871873,0.1147063672542572,99414,9.06232639879434e-05,0.0002718697919638,18432
1153,0.2027896530926227,0.2022086642682552,0.0058098884182982,0.1147110015153884,101148,9.060417634459033e-05,0.0002718125290337,18448
1154,0.2183485347777605,0.2178870774805545,0.0046145436135702,0.1147154420614242,102166,9.058507130769804e-05,0.000271755213923,18464
1155,0.2567730993032455,0.2562221735715866,0.0055092744296416,0.11471988260746,100049,9.05659488854505e-05,0.0002716978466563,18480
1156,0.239576481282711,0.2389528416097164,0.0062364237674046,0.1147241741418838,96370,9.054680908603922e-05,0.0002716404272581,18496
1157,0.2126962505280971,0.2124637104570865,0.0023254450497915,0.1147290468215942,102763,9.052765191766304e-05,0.0002715829557529,18512
1158,0.1842409502714872,0.1835033651441335,0.0073758948710747,0.1147341728210449,97609,9.05084773885283e-05,0.0002715254321655,18528
1159,0.2732051610946655,0.2730049937963485,0.0020017272181576,0.1147392690181732,103451,9.048928550684872e-05,0.0002714678565205,18544
1160,0.1502412483096122,0.1493515372276306,0.008897089806851,0.1147442609071731,100077,9.047007628084557e-05,0.0002714102288425,18560
1161,0.1955123767256736,0.1950750425457954,0.0043733404163504,0.1147491112351417,101398,9.045084971874738e-05,0.0002713525491562,18576
1162,0.2175337262451648,0.2149861082434654,0.0254761590549605,0.1147535592317581,103847,9.043160582879024e-05,0.0002712948174863,18592
1163,0.2030494660139084,0.202163103967905,0.0088636586733628,0.1147578731179237,101457,9.041234461921766e-05,0.0002712370338576,18608
1164,0.2126711830496788,0.2124533616006374,0.0021782315452583,0.1147620752453804,104361,9.039306609828048e-05,0.0002711791982948,18624
1165,0.1833473518490791,0.1823479570448398,0.0099939677165821,0.1147661656141281,100782,9.0373770274237e-05,0.0002711213108227,18640
1166,0.2049794606864452,0.2046335190534591,0.0034594465105328,0.1147701889276504,95501,9.035445715535298e-05,0.000271063371466,18656
1167,0.2394663356244564,0.2391982078552246,0.0026812813957803,0.1147744357585907,99286,9.03351267499015e-05,0.0002710053802497,18672
1168,0.2722480110824108,0.2716923616826534,0.0055565124785061,0.1147789657115936,101074,9.031577906616314e-05,0.0002709473371984,18688
1169,0.2043982837349176,0.2038546521216631,0.0054363248636946,0.1147842556238174,93014,9.02964141124258e-05,0.0002708892423372,18704
1170,0.174484547227621,0.1741149872541427,0.0036955851246602,0.1147897988557815,103661,9.027703189698484e-05,0.0002708310956909,18720
1171,0.1663025356829166,0.1659255400300026,0.0037699447857448,0.1147951781749725,102345,9.025763242814292e-05,0.0002707728972844,18736
1172,0.2163863368332386,0.2157896980643272,0.0059663829451892,0.1148002445697784,99143,9.023821571421025e-05,0.0002707146471426,18752
1173,0.228075148537755,0.2272774130105972,0.0079773163306526,0.1148048713803291,101202,9.021878176350424e-05,0.0002706563452905,18768
1174,0.2546130232512951,0.2529796622693538,0.0163336486148182,0.1148090884089469,98750,9.019933058434983e-05,0.000270597991753,18784
1175,0.1440316215157508,0.1432851329445839,0.0074648485606303,0.1148133054375648,100876,9.017986218507928e-05,0.0002705395865552,18800
1176,0.2433615066111087,0.2432178296148777,0.0014367658513947,0.1148173511028289,95579,9.016037657403224e-05,0.000270481129722,18816
1177,0.2673170939087868,0.2665340527892113,0.0078304734020093,0.114821158349514,95580,9.014087375955572e-05,0.0002704226212786,18832
1178,0.192489955574274,0.192094225436449,0.0039572804816998,0.1148249357938766,97259,9.012135375000412e-05,0.00027036406125,18848
1179,0.2645418904721737,0.263644341379404,0.0089754987275227,0.1148286685347557,92486,9.010181655373916e-05,0.0002703054496612,18864
1180,0.2719245217740536,0.2715359330177307,0.0038858787156641,0.1148324534296989,99785,9.008226217912998e-05,0.0002702467865373,18880
1181,0.1462530829012394,0.1454405058175325,0.0081257702840957,0.114836573600769,98041,9.006269063455304e-05,0.0002701880719036,18896
1182,0.2027638256549835,0.2016442716121673,0.0111955447937361,0.1148406267166137,101835,9.004310192839216e-05,0.0002701293057851,18912
1183,0.1233954485505819,0.1229227408766746,0.0047270766226574,0.1148453280329704,101149,9.002349606903855e-05,0.0002700704882071,18928
1184,0.2780488096177578,0.2776286341249943,0.0042017842060886,0.1148497685790062,99187,9.000387306489071e-05,0.0002700116191946,18944
1185,0.2009635977447033,0.1992948688566684,0.0166872700792737,0.1148538440465927,93398,8.998423292435454e-05,0.000269952698773,18960
1186,0.1522490959614515,0.1516574881970882,0.0059160636155866,0.1148578226566314,97702,8.99645756558432e-05,0.0002698937269675,18976
1187,0.1546455007046461,0.1539163347333669,0.0072916512144729,0.1148620098829269,98132,8.99449012677773e-05,0.0002698347038033,18992
1188,0.2198839504271745,0.2187299691140651,0.0115397797198966,0.1148659661412239,100840,8.992520976858468e-05,0.0002697756293057,19008
1189,0.1390103083103895,0.1384823564440012,0.0052794948715018,0.1148701682686805,105781,8.990550116670057e-05,0.0002697165035001,19024
1190,0.2448863610625267,0.2445755526423454,0.0031080684275366,0.1148744225502014,102725,8.988577547056752e-05,0.0002696573264117,19040
1191,0.2066825702786445,0.2062595412135124,0.0042303301452193,0.1148788407444953,103304,8.986603268863536e-05,0.0002695980980659,19056
1192,0.2557087950408458,0.2553139515221119,0.0039484987210016,0.1148830279707908,99124,8.98462728293613e-05,0.000269538818488,19072
1193,0.1484542433172464,0.1479953564703464,0.0045888595632277,0.1148872077465057,96679,8.982649590120982e-05,0.0002694794877036,19088
1194,0.1349301356822252,0.1345504522323608,0.0037968418328091,0.1148917376995086,103301,8.980670191265273e-05,0.0002694201057379,19104
1195,0.1987324431538581,0.1980481650680303,0.0068427798541961,0.1148960664868354,99483,8.978689087216916e-05,0.0002693606726165,19120
1196,0.2139524165540933,0.2137262839823961,0.002261290923343,0.1149002760648727,100145,8.97670627882455e-05,0.0002693011883647,19136
1197,0.2336930260062217,0.2323126532137394,0.0138037661090493,0.1149042546749115,96019,8.97472176693755e-05,0.0002692416530081,19152
1198,0.1659876853227615,0.1655027624219656,0.0048492333298781,0.1149085611104965,100683,8.972735552406017e-05,0.0002691820665721,19168
1199,0.3428190313279629,0.3427187949419021,0.0010023879003711,0.114912562072277,97991,8.970747636080783e-05,0.0002691224290824,19184
1200,0.1791882514953613,0.1789334695786237,0.0025478043025941,0.1149173751473426,99304,8.968758018813405e-05,0.0002690627405644,19200
1201,0.1829397976398468,0.1818907298147678,0.0104906257474794,0.1149220466613769,93468,8.966766701456177e-05,0.0002690030010436,19216
1202,0.2249999530613422,0.2241581082344055,0.0084184530132915,0.1149273738265037,100734,8.964773684862112e-05,0.0002689432105458,19232
1203,0.2427604924887418,0.2417255975306034,0.0103489286120748,0.1149324625730514,102613,8.962778969884955e-05,0.0002688833690965,19248
1204,0.1489883661270141,0.1480329781770706,0.0095538981840945,0.1149374023079872,101452,8.96078255737918e-05,0.0002688234767213,19264
1205,0.2593867592513561,0.2586561739444732,0.007305820879992,0.1149419546127319,96899,8.958784448199987e-05,0.0002687635334459,19280
1206,0.1785815767943859,0.1781939417123794,0.0038763507982366,0.114946611225605,97872,8.956784643203302e-05,0.000268703539296,19296
1207,0.209868824109435,0.2091784346848726,0.0069038560613989,0.1149515435099601,97783,8.954783143245777e-05,0.0002686434942973,19312
1208,0.1685846596956253,0.1679353713989257,0.0064928847496048,0.1149568110704422,95588,8.952779949184793e-05,0.0002685833984755,19328
1209,0.1144588440656662,0.114132909104228,0.0032593463838566,0.1149623319506645,102870,8.950775061878453e-05,0.0002685232518563,19344
1210,0.185571564361453,0.1851830966770649,0.0038846313836984,0.1149685457348823,100639,8.948768482185587e-05,0.0002684630544655,19360
1211,0.1985633857548236,0.1966902706772089,0.0187311469344422,0.1149743050336837,92300,8.94676021096575e-05,0.0002684028063289,19376
1212,0.1299615688621997,0.1289618052542209,0.0099976614292245,0.1149805337190628,100458,8.944750249079223e-05,0.0002683425074723,19392
1213,0.1014456190168857,0.1008396726101636,0.006059456791263,0.1149866357445716,93266,8.94273859738701e-05,0.0002682821579216,19408
1214,0.1535896714776754,0.1532635353505611,0.0032613551011309,0.1149928271770477,103002,8.940725256750838e-05,0.0002682217577025,19424
1215,0.1733026467263698,0.1723485812544822,0.0095406257023569,0.1149988174438476,99857,8.938710228033155e-05,0.0002681613068409,19440
1216,0.1410101689398288,0.1402123477309942,0.007978220237419,0.1150047481060028,98541,8.936693512097139e-05,0.0002681008053629,19456
1217,0.1615341026335954,0.1611671280115842,0.003669737430755,0.1150104478001594,104242,8.934675109806688e-05,0.0002680402532942,19472
1218,0.1760867461562156,0.1755038574337959,0.0058288720902055,0.1150159463286399,105475,8.932655022026417e-05,0.0002679796506607,19488
1219,0.1428369916975498,0.142466876655817,0.0037011360400356,0.1150213479995727,96508,8.930633249621672e-05,0.0002679189974886,19504
1220,0.1350038815289735,0.1339853461831808,0.0101853478699922,0.1150268763303756,101275,8.928609793458514e-05,0.0002678582938037,19520
1221,0.2279808111488819,0.2272717915475368,0.0070901726721785,0.1150319948792457,101357,8.926584654403724e-05,0.0002677975396321,19536
1222,0.2134748473763466,0.2128277048468589,0.0064714479085523,0.1150373071432113,100906,8.924557833324814e-05,0.0002677367349997,19552
1223,0.203149227425456,0.2027020044624805,0.0044722399034071,0.1150425747036933,103372,8.922529331090006e-05,0.0002676758799327,19568
1224,0.2528043761849403,0.2521447017788887,0.0065967349801212,0.11504777520895,102092,8.920499148568245e-05,0.000267614974457,19584
1225,0.1217484455555677,0.1211342550814151,0.0061419355042744,0.1150529459118843,99580,8.9184672866292e-05,0.0002675540185988,19600
1226,0.1958610750734806,0.1955323666334152,0.0032870765571715,0.1150582283735275,97731,8.916433746143253e-05,0.0002674930123842,19616
1227,0.2453423626720905,0.245059598237276,0.0028276724333409,0.1150632500648498,99800,8.914398527981509e-05,0.0002674319558394,19632
1228,0.1800498962402343,0.179589457809925,0.0046044165210332,0.1150682121515274,102726,8.912361633015791e-05,0.0002673708489904,19648
1229,0.227329796180129,0.2261415459215641,0.0118824681103433,0.1150726303458213,95837,8.910323062118639e-05,0.0002673096918635,19664
1230,0.1226934753358364,0.1217621341347694,0.0093134166672825,0.115076757967472,95898,8.908282816163314e-05,0.0002672484844848,19680
1231,0.2282003611326217,0.2270741313695907,0.0112622948363423,0.1150804758071899,95341,8.906240896023794e-05,0.0002671872268807,19696
1232,0.2140783928334713,0.2127277143299579,0.013506795225112,0.1150839477777481,96695,8.904197302574768e-05,0.0002671259190772,19712
1233,0.2897176332771778,0.2894114479422569,0.003061854506086,0.1150871962308883,98994,8.90215203669165e-05,0.0002670645611007,19728
1234,0.1968738492578268,0.1960704699158668,0.0080338245898019,0.115090325474739,101596,8.900105099250564e-05,0.0002670031529775,19744
1235,0.305560689419508,0.3050386384129524,0.0052205337124178,0.1150933355093002,99558,8.898056491128357e-05,0.0002669416947338,19760
1236,0.2003974318504333,0.1999233290553093,0.004740960226627,0.1150965392589569,99331,8.896006213202583e-05,0.000266880186396,19776
1237,0.2239378802478313,0.2232872433960437,0.0065063658112194,0.1150999292731285,99578,8.893954266351521e-05,0.0002668186279905,19792
1238,0.2161453124135732,0.2156592942774295,0.0048601906455587,0.1151033639907836,98590,8.891900651454156e-05,0.0002667570195436,19808
1239,0.2357967682182788,0.2355276308953762,0.0026913936308119,0.1151067987084388,99270,8.889845369390193e-05,0.0002666953610817,19824
1240,0.2337056342512369,0.2331840842962265,0.0052155003213556,0.1151100397109985,99513,8.887788421040049e-05,0.0002666336526312,19840
1241,0.1388495303690433,0.1380482669919729,0.008012662641704,0.1151132062077522,92044,8.885729807284856e-05,0.0002665718942185,19856
1242,0.2256622314453125,0.2250499911606311,0.0061223706143209,0.1151161789894104,98745,8.883669529006456e-05,0.0002665100858701,19872
1243,0.2263162918388843,0.2254186943173408,0.0089759927359409,0.1151193603873252,94930,8.88160758708741e-05,0.0002664482276126,19888
1244,0.2423796243965625,0.2420375570654869,0.0034207104181405,0.1151225119829177,97644,8.879543982410989e-05,0.0002663863194723,19904
1245,0.2236074842512607,0.2227376326918602,0.0086985308735165,0.1151259616017341,100498,8.877478715861173e-05,0.0002663243614758,19920
1246,0.2013621982187032,0.2010250464081764,0.003371547703864,0.1151299700140953,104219,8.875411788322657e-05,0.0002662623536496,19936
1247,0.1967112962156534,0.1962190177291631,0.004922802276269,0.1151337847113609,96322,8.873343200680848e-05,0.0002662002960204,19952
1248,0.1446164660155773,0.1436993423849344,0.0091712427529273,0.1151378452777862,99094,8.871272953821864e-05,0.0002661381886146,19968
1249,0.2386786304414272,0.2373658716678619,0.0131276246102061,0.1151417344808578,99480,8.869201048632532e-05,0.0002660760314589,19984
1250,0.1683047208935022,0.1676150523126125,0.006896685285028,0.1151454672217369,98306,8.867127486000389e-05,0.00026601382458,20000
1251,0.1968004778027534,0.1962545588612556,0.0054591877851635,0.1151493713259697,98042,8.865052266813685e-05,0.0002659515680044,20016
1252,0.1788651570677757,0.1785584483295679,0.0030671094718854,0.1151532456278801,102994,8.862975391961377e-05,0.0002658892617588,20032
1253,0.2787027955055237,0.2785543389618397,0.0014845990226604,0.115157164633274,99502,8.860896862333134e-05,0.0002658269058699,20048
1254,0.1887066643685102,0.1885439790785312,0.0016268496619886,0.1151620969176292,100068,8.858816678819332e-05,0.0002657645003645,20064
1255,0.2435306888073682,0.2433266118168831,0.002040769017185,0.1151669025421142,103673,8.856734842311053e-05,0.0002657020452693,20080
1256,0.1894342899322509,0.1890975348651409,0.0033675993909128,0.1151720136404037,100713,8.85465135370009e-05,0.000265639540611,20096
1257,0.1821222752332687,0.181208785623312,0.0091349443828221,0.1151765957474708,92934,8.852566213878947e-05,0.0002655769864163,20112
1258,0.1500685587525367,0.1494600921869278,0.0060846601845696,0.1151810958981514,101935,8.850479423740827e-05,0.0002655143827122,20128
1259,0.2090489938855171,0.2085884921252727,0.0046049849479459,0.1151855513453483,101658,8.848390984179648e-05,0.0002654517295253,20144
1260,0.1432385556399822,0.1429499760270118,0.0028857980505563,0.1151900663971901,101143,8.84630089609003e-05,0.0002653890268827,20160
1261,0.1793022993952036,0.179092451930046,0.0020984903676435,0.1151946112513542,97178,8.844209160367299e-05,0.000265326274811,20176
1262,0.1618286482989788,0.1613394971936941,0.004891491458693,0.1151995211839675,96361,8.842115777907489e-05,0.0002652634733372,20192
1263,0.2515654135495424,0.2513552214950323,0.0021019136620452,0.1152046993374824,101231,8.840020749607339e-05,0.0002652006224882,20208
1264,0.1926200911402702,0.1919756829738617,0.0064440522983204,0.1152096316218376,93798,8.837924076364292e-05,0.0002651377222909,20224
1265,0.1401815861463546,0.1396168377250433,0.0056474538287147,0.1152144968509674,100469,8.8358257590765e-05,0.0002650747727722,20240
1266,0.2059754971414804,0.2058214023709297,0.0015409484913107,0.11521977186203,102286,8.833725798642808e-05,0.0002650117739592,20256
1267,0.1896355748176574,0.1889619082212448,0.0067366340081207,0.1152251213788986,102960,8.831624195962778e-05,0.0002649487258788,20272
1268,0.130314664915204,0.1299056336283683,0.0040903166118368,0.1152309700846672,101904,8.829520951936667e-05,0.000264885628558,20288
1269,0.2430036813020706,0.242882490158081,0.0012119527764298,0.1152367442846298,102171,8.827416067465441e-05,0.0002648224820239,20304
1270,0.1306423246860504,0.1295814160257578,0.0106090932385995,0.115242414176464,97238,8.825309543450764e-05,0.0002647592863035,20320
1271,0.2096231412142515,0.2090430073440075,0.0058013575035147,0.1152476966381073,100152,8.823201380795001e-05,0.0002646960414238,20336
1272,0.196746576577425,0.1962878219783306,0.0045875092910137,0.1152528002858161,98211,8.821091580401228e-05,0.000264632747412,20352
1273,0.2103536315262317,0.2096278220415115,0.0072581422573421,0.1152577698230743,99026,8.818980143173213e-05,0.0002645694042951,20368
1274,0.2262662202119827,0.2258313484489917,0.0043486807553563,0.1152628138661384,97991,8.816867070015427e-05,0.0002645060121004,20384
1275,0.3846874833106994,0.3844553306698799,0.0023215346591314,0.11526770144701,106495,8.814752361833044e-05,0.0002644425708549,20400
1276,0.1694098711013794,0.1684599705040455,0.0094989940989762,0.115273468196392,99077,8.812636019531942e-05,0.0002643790805859,20416
1277,0.1530822515487671,0.1521141584962606,0.0096809653332456,0.1152789667248725,94597,8.810518044018689e-05,0.0002643155413205,20432
1278,0.2039293516427278,0.2031250856816768,0.0080426898202858,0.1152844056487083,100007,8.808398436200562e-05,0.000264251953086,20448
1279,0.2581211999058723,0.2575073502957821,0.0061384800274026,0.115289956331253,101451,8.806277196985535e-05,0.0002641883159095,20464
1280,0.1630290802568197,0.1626741774380207,0.0035490262089297,0.1152952536940574,96689,8.804154327282274e-05,0.0002641246298184,20480
1281,0.1995969526469707,0.1988894119858741,0.007075427150994,0.115300253033638,99915,8.802029828000156e-05,0.00026406089484,20496
1282,0.1798260454088449,0.1792616285383701,0.005644169752486,0.1153050065040588,101567,8.799903700049243e-05,0.0002639971110014,20512
1283,0.1441672369837761,0.1433464419096708,0.0082079414278268,0.1153095811605453,103554,8.797775944340302e-05,0.0002639332783302,20528
1284,0.2754319757223129,0.2747167199850082,0.0071525528037454,0.1153138726949691,103006,8.7956465617848e-05,0.0002638693968535,20544
1285,0.1727000679820776,0.1718635521829128,0.0083651721070054,0.1153181418776512,94521,8.793515553294891e-05,0.0002638054665988,20560
1286,0.2578717451542616,0.2577393371611833,0.0013241074457255,0.115322470664978,103596,8.791382919783435e-05,0.0002637414875935,20576
1287,0.1378917079418897,0.1375289633870124,0.0036274471931392,0.1153270453214645,99677,8.789248662163985e-05,0.0002636774598649,20592
1288,0.2387721147388219,0.2385720964521169,0.0020001227530883,0.1153319552540779,99297,8.787112781350785e-05,0.0002636133834405,20608
1289,0.2299501225352287,0.2296693045645952,0.0028081888412998,0.1153369769454002,103813,8.784975278258783e-05,0.0002635492583477,20624
1290,0.2078789919614792,0.2075617834925651,0.0031720734259579,0.1153420507907867,101881,8.782836153803615e-05,0.0002634850846141,20640
1291,0.1627409365028143,0.1622224561870098,0.0051847822469426,0.1153470426797866,98198,8.780695408901613e-05,0.000263420862267,20656
1292,0.2776479870080948,0.2772910706698894,0.0035692507917701,0.1153516992926597,97947,8.778553044469808e-05,0.000263356591334,20672
1293,0.1507252585142851,0.1502061374485492,0.0051912612689193,0.1153567507863044,94917,8.776409061425919e-05,0.0002632922718427,20688
1294,0.1910381112247705,0.1903742589056491,0.0066385072423145,0.1153617203235626,102206,8.774263460688358e-05,0.0002632279038206,20704
1295,0.1155694779008627,0.114683074876666,0.0088640407775528,0.1153664961457252,92641,8.772116243176235e-05,0.0002631634872952,20720
1296,0.1218244340270757,0.1209125649183988,0.0091186875361017,0.1153711378574371,99255,8.769967409809348e-05,0.0002630990222942,20736
1297,0.2430290393531322,0.2426095865666866,0.0041944843251258,0.1153758391737937,105742,8.76781696150819e-05,0.0002630345088452,20752
1298,0.2488020230084657,0.2487327978014946,0.0006922563989064,0.1153810173273086,100458,8.765664899193944e-05,0.0002629699469758,20768
1299,0.1577478852123022,0.1571724731475114,0.0057541280111763,0.1153858453035354,99615,8.763511223788485e-05,0.0002629053367136,20784
1300,0.2490026168525219,0.2488653883337974,0.0013722678304475,0.1153909340500831,103619,8.761355936214382e-05,0.0002628406780864,20800
1301,0.2514967918395996,0.2507192716002464,0.0077751951030222,0.1153955459594726,99762,8.759199037394887e-05,0.0002627759711218,20816
1302,0.1742487885057926,0.1730138845741748,0.0123490304686129,0.1153998598456382,92899,8.75704052825395e-05,0.0002627112158476,20832
1303,0.2225079014897346,0.2221925314515829,0.0031537061367998,0.1154044494032859,103270,8.754880409716209e-05,0.0002626464122914,20848
1304,0.2121522389352321,0.2115902975201606,0.005619436444249,0.1154089942574501,98107,8.752718682706985e-05,0.0002625815604812,20864
1305,0.1733777988702058,0.1728380694985389,0.0053973354224581,0.1154135540127754,101599,8.750555348152298e-05,0.0002625166604445,20880
1306,0.1386732924729585,0.1379036922007799,0.0076959782745689,0.1154181286692619,96498,8.74839040697885e-05,0.0002624517122093,20896
1307,0.2980505935847759,0.2979407459497452,0.0010984975069732,0.1154227033257484,103170,8.746223860114033e-05,0.0002623867158034,20912
1308,0.1796438638120889,0.1791429407894611,0.0050092220772057,0.1154273524880409,101240,8.744055708485927e-05,0.0002623216712545,20928
1309,0.2310200966894626,0.2308882921934127,0.0013180501427996,0.1154319271445274,99961,8.741885953023301e-05,0.0002622565785906,20944
1310,0.1968076452612877,0.1964542381465435,0.0035340707399882,0.1154362857341766,102884,8.739714594655606e-05,0.0002621914378396,20960
1311,0.2267939411103725,0.2263040132820606,0.0048992900119628,0.1154403761029243,99730,8.737541634312985e-05,0.0002621262490293,20976
1312,0.2346823532134294,0.2343136183917522,0.0036873476346954,0.1154442280530929,96466,8.735367072926263e-05,0.0002620610121877,20992
1313,0.1932283835485577,0.1927978303283453,0.0043055445275967,0.1154486238956451,99673,8.733190911426958e-05,0.0002619957273428,21008
1314,0.3204878754913807,0.3200582899153232,0.0042958371632266,0.1154527962207794,104750,8.731013150747263e-05,0.0002619303945224,21024
1315,0.2156820148229599,0.2152988594025373,0.0038316042764563,0.1154569387435913,93881,8.728833791820063e-05,0.0002618650137546,21040
1316,0.2474407814443111,0.2470213435590267,0.004194372013444,0.1154613643884658,100731,8.72665283557893e-05,0.0002617995850673,21056
1317,0.2213105410337448,0.2210250049829483,0.0028553422016557,0.1154657378792762,98073,8.724470282958111e-05,0.0002617341084887,21072
1318,0.2171731479465961,0.2162041924893856,0.0096895587339531,0.1154698804020881,101133,8.722286134892545e-05,0.0002616685840467,21088
1319,0.1439752615988254,0.1432055030018091,0.007697595632635,0.1154738515615463,100232,8.720100392317851e-05,0.0002616030117695,21104
1320,0.1976149417459964,0.1971094273030758,0.0050551681197248,0.1154783144593238,95824,8.717913056170331e-05,0.0002615373916851,21120
1321,0.1491102743893861,0.1488068960607051,0.0030337865464389,0.1154827550053596,99404,8.715724127386972e-05,0.0002614717238216,21136
1322,0.2192577756941318,0.218871833756566,0.0038594473735429,0.1154875457286834,103054,8.713533606905439e-05,0.0002614060082071,21152
1323,0.2946490459144115,0.294293574988842,0.0035547409352147,0.1154920384287834,102211,8.711341495664084e-05,0.0002613402448699,21168
1324,0.1997118331491947,0.1994446013122797,0.0026722803595475,0.1154966801404953,103648,8.709147794601939e-05,0.000261274433838,21184
1325,0.2103098947554826,0.2098446693271398,0.0046522042539436,0.1155011728405952,104676,8.706952504658712e-05,0.0002612085751397,21200
1326,0.2442809902131557,0.243594728410244,0.0068626059219241,0.1155056282877922,98021,8.704755626774796e-05,0.0002611426688032,21216
1327,0.0877470448613166,0.0875251479446888,0.0022189836527104,0.1155107170343399,103048,8.702557161891265e-05,0.0002610767148567,21232
1328,0.2120539546012878,0.2114869691431522,0.0056698492844589,0.1155155971646308,96436,8.700357110949873e-05,0.0002610107133284,21248
1329,0.2692559324204921,0.268796294927597,0.0045964054734213,0.1155201569199562,101518,8.69815547489305e-05,0.0002609446642467,21264
1330,0.2121052891016006,0.2117930464446544,0.003122416408587,0.1155252754688263,98322,8.695952254663906e-05,0.0002608785676399,21280
1331,0.1987895034253597,0.1985472701489925,0.0024223619875556,0.115530215203762,103993,8.693747451206232e-05,0.0002608124235361,21296
1332,0.1506638396531343,0.1500420235097408,0.0062181608227547,0.1155355870723724,101136,8.691541065464495e-05,0.0002607462319639,21312
1333,0.2066203597933054,0.2060419153422117,0.0057844476832542,0.1155407428741455,95131,8.689333098383842e-05,0.0002606799929515,21328
1334,0.2162786722183227,0.2161052674055099,0.0017339895675831,0.1155457198619842,102267,8.687123550910095e-05,0.0002606137065273,21344
1335,0.2304450925439596,0.2297344841063022,0.0071061164935599,0.1155507341027259,99373,8.684912423989755e-05,0.0002605473727196,21360
1336,0.1626172475516796,0.1614169124513864,0.0120033361890818,0.1155555844306945,100699,8.682699718569995e-05,0.000260480991557,21376
1337,0.2596048004925251,0.2590298652648926,0.0057493577769491,0.1155600547790527,95873,8.680485435598673e-05,0.0002604145630679,21392
1338,0.1729902047663927,0.1726498417556285,0.0034036007418762,0.115564540028572,99620,8.678269576024312e-05,0.0002603480872807,21408
1339,0.2216738536953926,0.2214861772954464,0.0018767546280287,0.115568995475769,103269,8.67605214079612e-05,0.0002602815642238,21424
1340,0.1719267405569553,0.1716905385255813,0.0023620693937118,0.1155735477805137,105355,8.673833130863974e-05,0.0002602149939259,21440
1341,0.3355053216218948,0.3350753337144851,0.0042999376018997,0.1155778616666793,97993,8.671612547178428e-05,0.0002601483764153,21456
1342,0.2310690246522426,0.230806553736329,0.0026247466594213,0.1155821457505226,102969,8.669390390690709e-05,0.0002600817117207,21472
1343,0.1507957009598612,0.1502755088731646,0.0052019610302522,0.1155863478779792,97261,8.66716666235272e-05,0.0002600149998705,21488
1344,0.2008699998259544,0.200150791555643,0.0071920816553756,0.1155903339385986,95573,8.664941363117032e-05,0.0002599482408935,21504
1345,0.2021415214985609,0.2016023527830839,0.0053917034238111,0.1155941560864448,99227,8.662714493936895e-05,0.0002598814348181,21520
1346,0.2508237026631832,0.25047935731709,0.003443471097853,0.1155978441238403,97090,8.660486055766228e-05,0.0002598145816729,21536
1347,0.1299848705530166,0.1298198848962783,0.0016498725599376,0.1156023293733596,103025,8.658256049559624e-05,0.0002597476814867,21552
1348,0.134929783642292,0.1341741234064102,0.0075565997394733,0.1156067624688148,94256,8.656024476272346e-05,0.0002596807342881,21568
1349,0.2360740266740322,0.2357955835759639,0.002784459038196,0.115611121058464,102191,8.653791336860331e-05,0.0002596137401058,21584
1350,0.224705621600151,0.2246111594140529,0.000944676437939,0.1156154200434684,102387,8.651556632280184e-05,0.0002595466989684,21600
1351,0.2187496181577444,0.2185527943074703,0.0019682830607052,0.1156195849180221,102211,8.649320363489179e-05,0.0002594796109046,21616
1352,0.144645519554615,0.1441644337028265,0.0048108515693456,0.1156242787837982,104243,8.647082531445265e-05,0.0002594124759433,21632
1353,0.1659106500446796,0.1653615683317184,0.0054908133752178,0.1156289428472518,101980,8.644843137107059e-05,0.0002593452941132,21648
1354,0.2056607995182275,0.2051963973790407,0.0046440571604762,0.1156333833932876,95665,8.642602181433844e-05,0.000259278065443,21664
1355,0.3003700226545334,0.2998667694628238,0.0050325044430792,0.1156375557184219,94250,8.640359665385575e-05,0.0002592107899615,21680
1356,0.2108509428799152,0.2103585712611675,0.0049237284983973,0.1156414523720741,99917,8.638115589922875e-05,0.0002591434676976,21696
1357,0.1612242255359888,0.1605577617883682,0.006664662680123,0.1156452968716621,98900,8.635869956007034e-05,0.0002590760986802,21712
1358,0.154731148853898,0.1544611696153879,0.0026997984969057,0.1156495064496994,102255,8.633622764600012e-05,0.000259008682938,21728
1359,0.1964592020958662,0.1956048104912042,0.0085438686073757,0.1156538650393486,98148,8.631374016664434e-05,0.0002589412204999,21744
1360,0.1373692695051431,0.1371425315737724,0.0022674029460176,0.11565812677145,98075,8.629123713163589e-05,0.0002588737113949,21760
1361,0.1487470474094152,0.1480349339544773,0.0071211008034879,0.1156622618436813,97487,8.626871855061438e-05,0.0002588061556518,21776
1362,0.2002969458699226,0.2001184597611427,0.0017848940042313,0.1156661882996559,98038,8.624618443322607e-05,0.0002587385532996,21792
1363,0.1502528507262468,0.1499141566455364,0.0033869614708237,0.115670345723629,104063,8.622363478912383e-05,0.0002586709043673,21808
1364,0.2377372439950704,0.237261313945055,0.0047592495102435,0.1156742051243782,96167,8.620106962796723e-05,0.0002586032088839,21824
1365,0.1538650169968605,0.1531219873577356,0.0074303338769823,0.1156783476471901,102269,8.617848895942247e-05,0.0002585354668782,21840
1366,0.1277743782848119,0.1273664832115173,0.0040789678751025,0.1156826764345169,103069,8.615589279316239e-05,0.0002584676783794,21856
1367,0.1878594625741243,0.187489103525877,0.0037035528512205,0.1156868115067482,96677,8.613328113886644e-05,0.0002583998434165,21872
1368,0.1460762154310941,0.1457502674311399,0.003259468532633,0.1156910136342048,100101,8.611065400622078e-05,0.0002583319620186,21888
1369,0.2470292299985885,0.2464504241943359,0.0057880873609974,0.1156950294971466,101676,8.608801140491811e-05,0.0002582640342147,21904
1370,0.1413991637527942,0.1409481316804886,0.0045103297306923,0.1156993955373764,96261,8.606535334465784e-05,0.0002581960600339,21920
1371,0.2322938609868288,0.2313526701182127,0.0094119297400538,0.1157034039497375,99452,8.604267983514594e-05,0.0002581280395054,21936
1372,0.1836289372295141,0.183263286948204,0.0036564657930284,0.1157073006033897,102000,8.601999088609504e-05,0.0002580599726582,21952
1373,0.2942102327942848,0.2936062812805176,0.0060394871979951,0.1157109141349792,100517,8.599728650722434e-05,0.0002579918595216,21968
1374,0.2222684174776077,0.2211391888558864,0.0112922484986484,0.1157145872712135,98271,8.597456670825969e-05,0.0002579237001247,21984
1375,0.1554625499993562,0.1548849064856767,0.0057764212833717,0.1157186776399612,99313,8.595183149893353e-05,0.0002578554944968,22000
1376,0.2222969196736812,0.2218005452305078,0.0049637326155789,0.1157225966453552,102582,8.59290808889849e-05,0.0002577872426669,22016
1377,0.1059772111475467,0.1042703166604042,0.0170689313672482,0.1157261878252029,87328,8.590631488815944e-05,0.0002577189446644,22032
1378,0.153116213157773,0.1524742785841226,0.0064193573198281,0.1157300919294357,98712,8.588353350620939e-05,0.0002576506005186,22048
1379,0.1150298453867435,0.1143260411918163,0.0070380391553044,0.1157339289784431,88883,8.586073675289355e-05,0.0002575822102586,22064
1380,0.1739705502986908,0.17285967618227,0.0111087085970211,0.1157374158501625,95684,8.583792463797733e-05,0.0002575137739139,22080
1381,0.1389998849481344,0.1383608486503362,0.0063903547415975,0.1157406941056251,98935,8.581509717123273e-05,0.0002574452915136,22096
1382,0.1794276162981987,0.1791070979088544,0.0032052077003754,0.1157439202070236,103812,8.579225436243828e-05,0.0002573767630873,22112
1383,0.1630389895290136,0.1626245826482772,0.0041440854256507,0.1157478019595146,104928,8.576939622137915e-05,0.0002573081886641,22128
1384,0.2010807003825903,0.2003190871328115,0.0076161638125995,0.1157517358660698,102873,8.574652275784702e-05,0.0002572395682735,22144
1385,0.1858580820262432,0.1852847672998905,0.0057331431598868,0.1157556995749473,97933,8.572363398164017e-05,0.0002571709019449,22160
1386,0.1541306786239147,0.1535714007914066,0.0055927776556927,0.1157596185803413,103008,8.570072990256342e-05,0.0002571021897076,22176
1387,0.2600343823432922,0.2595125176012516,0.0052186347384122,0.1157635971903801,97347,8.567781053042813e-05,0.0002570334315912,22192
1388,0.1908674426376819,0.1904932744801044,0.0037416649865917,0.1157677620649337,100517,8.565487587505226e-05,0.0002569646276251,22208
1389,0.2126385420560836,0.212053881958127,0.0058466026675887,0.1157716736197471,98930,8.563192594626027e-05,0.0002568957778387,22224
1390,0.1922327447682619,0.1916759386658668,0.0055680449222563,0.1157757267355918,101748,8.56089607538832e-05,0.0002568268822616,22240
1391,0.1451615188270807,0.1446471139788627,0.0051440466486383,0.1157796382904052,104948,8.558598030775857e-05,0.0002567579409232,22256
1392,0.2796844057738781,0.2794438563287258,0.0024054324603639,0.1157834827899932,100253,8.55629846177305e-05,0.0002566889538531,22272
1393,0.2521810103207826,0.2513089962303638,0.0087201668720808,0.1157873198390007,98356,8.553997369364963e-05,0.0002566199210809,22288
1394,0.1664376482367515,0.165740855038166,0.0069679109728895,0.1157911345362663,100219,8.551694754537307e-05,0.0002565508426361,22304
1395,0.1728552151471376,0.1721100248396396,0.0074519200134091,0.1157952770590782,95675,8.549390618276452e-05,0.0002564817185482,22320
1396,0.1761231701821088,0.1756711956113577,0.0045197654399089,0.1157993823289871,101338,8.547084961569416e-05,0.000256412548847,22336
1397,0.1733855046331882,0.1731292512267828,0.0025625620037317,0.1158035770058631,102354,8.544777785403868e-05,0.0002563433335621,22352
1398,0.203232878819108,0.2030014619231224,0.0023141269412008,0.1158078834414482,100191,8.542469090768129e-05,0.000256274072723,22368
1399,0.1494088023900985,0.1489220522344112,0.0048674790014047,0.1158124357461929,102653,8.540158878651172e-05,0.0002562047663595,22384
1400,0.1811989918351173,0.1808844860643148,0.0031450538008357,0.1158171072602272,100784,8.53784715004262e-05,0.0002561354145012,22400
1401,0.2763529233634472,0.2762490324676037,0.0010388817463535,0.1158214434981346,100064,8.535533905932738e-05,0.0002560660171779,22416
1402,0.1817221771925687,0.181452389806509,0.0026978735695593,0.1158254966139793,98232,8.533219147312452e-05,0.0002559965744193,22432
1403,0.2458529770374298,0.245718952268362,0.0013402674085227,0.1158293485641479,97359,8.530902875173327e-05,0.0002559270862551,22448
1404,0.2232054844498634,0.2226008437573909,0.0060464375128503,0.115833044052124,98576,8.528585090507586e-05,0.0002558575527152,22464
1405,0.2518426813185215,0.2508239336311817,0.0101874787942506,0.1158366948366165,97004,8.526265794308089e-05,0.0002557879738292,22480
1406,0.197008166462183,0.1964999660849571,0.0050819632597267,0.1158403009176254,102754,8.523944987568351e-05,0.000255718349627,22496
1407,0.1880752127617597,0.1877652276307344,0.0030998513684608,0.115844041109085,99844,8.521622671282532e-05,0.0002556486801384,22512
1408,0.2439959328621626,0.2433119472116232,0.0068398423609323,0.1158476248383522,102063,8.519298846445436e-05,0.0002555789653933,22528
1409,0.1918129734694957,0.1913825292140245,0.004304440197302,0.1158511713147163,96887,8.516973514052519e-05,0.0002555092054215,22544
1410,0.1579982116818428,0.1573246140033006,0.0067359654931351,0.1158545091748237,97339,8.51464667509988e-05,0.0002554394002529,22560
1411,0.1879075169563293,0.1874476596713066,0.0045985615288373,0.1158577352762222,100663,8.51231833058426e-05,0.0002553695499175,22576
1412,0.1891335695981979,0.1885870546102523,0.005465209542308,0.1158612668514251,100968,8.509988481503048e-05,0.000255299654445,22592
1413,0.1633516643196344,0.1623939797282219,0.0095768750761635,0.1158646717667579,96668,8.50765712885428e-05,0.0002552297138656,22608
1414,0.1498248931020498,0.1491151396185159,0.0070975362323224,0.1158681586384773,101370,8.50532427363663e-05,0.000255159728209,22624
1415,0.2706674560904503,0.2702352069318294,0.0043224813125561,0.1158714592456817,103928,8.502989916849422e-05,0.0002550896975054,22640
1416,0.1898127328604459,0.189358664676547,0.0045406720601022,0.1158751249313354,99917,8.500654059492618e-05,0.0002550196217847,22656
1417,0.234856616705656,0.2344920076429844,0.0036460745177464,0.1158788651227951,97449,8.498316702566828e-05,0.000254949501077,22672
1418,0.1987206786870956,0.1979508306831121,0.007698502347921,0.115882471203804,99321,8.495977847073297e-05,0.0002548793354121,22688
1419,0.1096960213035345,0.1089607253670692,0.0073529561341274,0.1158861592411995,104619,8.493637494013921e-05,0.0002548091248204,22704
1420,0.193269707262516,0.1928050816059112,0.0046463047037832,0.1158898994326591,99326,8.491295644391231e-05,0.0002547388693317,22720
1421,0.2408874426037073,0.2407117970287799,0.0017564456757099,0.1158938482403755,102854,8.488952299208401e-05,0.0002546685689762,22736
1422,0.3033692128956318,0.3030346743762493,0.0033454265358159,0.1158975735306739,99327,8.486607459469244e-05,0.000254598223784,22752
1423,0.1888928096741438,0.1886628083884716,0.0023000153159955,0.1159014776349067,101728,8.48426112617822e-05,0.0002545278337853,22768
1424,0.1712817754596471,0.1704052723944187,0.008764994185185,0.1159050166606903,96978,8.481913300340416e-05,0.0002544573990102,22784
1425,0.1723686698824167,0.1708839982748031,0.0148467395338229,0.1159081682562828,101541,8.479563982961571e-05,0.0002543869194888,22800
1426,0.2322911210358142,0.2321779690682888,0.0011315239607938,0.1159114465117454,102551,8.477213175048058e-05,0.0002543163952514,22816
1427,0.2985828928649425,0.298394501209259,0.0018839252784061,0.1159145981073379,99896,8.474860877606887e-05,0.0002542458263282,22832
1428,0.2202157862484455,0.2199637629091739,0.0025201810349244,0.1159177795052528,94452,8.47250709164571e-05,0.0002541752127493,22848
1429,0.2431517504155635,0.2427786849439144,0.0037306711892597,0.1159209087491035,101365,8.470151818172809e-05,0.0002541045545451,22864
1430,0.1436006426811218,0.1428689993917942,0.0073164214045391,0.1159240826964378,97725,8.467795058197112e-05,0.0002540338517459,22880
1431,0.1439298242330551,0.1434149071574211,0.0051491655085555,0.1159270927309989,100338,8.46543681272818e-05,0.0002539631043818,22896
1432,0.2440593633800745,0.2436497453600168,0.0040962146740639,0.11592997610569,102525,8.46307708277621e-05,0.0002538923124832,22912
1433,0.09814596734941,0.0975602716207504,0.0058569548564264,0.115933246910572,97404,8.460715869352035e-05,0.0002538214760805,22928
1434,0.2235453315079212,0.2226096056401729,0.0093572336045326,0.1159365698695182,96817,8.458353173467124e-05,0.000253750595204,22944
1435,0.157839985564351,0.1572272516787052,0.0061272911843843,0.1159399151802063,96048,8.455988996133581e-05,0.000253679669884,22960
1436,0.1780949346721172,0.1776199489831924,0.0047498724306933,0.1159433349967002,102736,8.453623338364145e-05,0.0002536087001509,22976
1437,0.2518447265028953,0.2513646408915519,0.0048008989542722,0.1159466952085495,103996,8.451256201172186e-05,0.0002535376860351,22992
1438,0.2018133886158466,0.2012392282485962,0.0057415900155319,0.1159500032663345,101968,8.448887585571714e-05,0.0002534666275671,23008
1439,0.1981214638799429,0.1971721891313791,0.0094927665322757,0.1159532591700553,99310,8.446517492577367e-05,0.0002533955247773,23024
1440,0.3288681246340275,0.3283787183463573,0.0048940788547042,0.1159563884139061,98943,8.444145923204417e-05,0.0002533243776961,23040
1441,0.2254459168761968,0.2250310182571411,0.004148977855948,0.1159594655036926,102940,8.44177287846877e-05,0.000253253186354,23056
1442,0.1449699476361274,0.1447110679000616,0.0025887903611874,0.1159626692533493,102441,8.439398359386963e-05,0.0002531819507816,23072
1443,0.1392580512911081,0.1383856646716594,0.008723887069209,0.115965723991394,100117,8.437022366976163e-05,0.0002531106710092,23088
1444,0.2254000436514616,0.225103210657835,0.0029682655294891,0.1159686967730522,97295,8.434644902254172e-05,0.0002530393470676,23104
1445,0.2198736704885959,0.2194449268281459,0.0042874612554442,0.1159716472029686,102928,8.432265966239419e-05,0.0002529679789871,23120
1446,0.1179136298596859,0.1175876408815383,0.0032598705729469,0.115974873304367,103910,8.429885559950964e-05,0.0002528965667985,23136
1447,0.1390774548053741,0.1388313733041286,0.002460816031089,0.1159783974289894,102588,8.427503684408498e-05,0.0002528251105322,23152
1448,0.218688091263175,0.2182916663587093,0.003964237839682,0.1159822940826416,99931,8.425120340632342e-05,0.0002527536102189,23168
1449,0.1650868114084005,0.1648303885012865,0.0025642455730121,0.1159862354397773,101473,8.422735529643444e-05,0.0002526820658893,23184
1450,0.2242570985108614,0.2238150760531425,0.0044201823475304,0.1159899458289146,99993,8.42034925246338e-05,0.0002526104775739,23200
1451,0.1755328085273504,0.1753520220518112,0.0018078677239827,0.1159937158226966,98922,8.417961510114356e-05,0.0002525388453034,23216
1452,0.1388587821274995,0.1384437587112188,0.0041502604144625,0.1159974113106727,100207,8.415572303619207e-05,0.0002524671691085,23232
1453,0.1722891088575124,0.1718047298491001,0.004843817994697,0.1160009801387786,99057,8.413181634001391e-05,0.00025239544902,23248
1454,0.1861042696982622,0.185172151774168,0.0093211515340954,0.1160044446587562,97549,8.410789502284994e-05,0.0002523236850685,23264
1455,0.1630930434912443,0.1620733048766851,0.0101973523269407,0.1160076782107353,92413,8.408395909494733e-05,0.0002522518772848,23280
1456,0.1645536497235298,0.1637834627181291,0.0077018727606628,0.1160108596086502,94685,8.406000856655943e-05,0.0002521800256996,23296
1457,0.2156721521168947,0.2152869999408722,0.0038515202322741,0.1160139441490173,94522,8.40360434479459e-05,0.0002521081303438,23312
1458,0.2342791408300399,0.2332879193127155,0.0099121808307245,0.1160168945789337,98465,8.401206374937262e-05,0.0002520361912481,23328
1459,0.1822381019592285,0.1815602984279394,0.0067780075769405,0.1160198599100112,102521,8.398806948111179e-05,0.0002519642084433,23344
1460,0.2094927206635475,0.2093023844063282,0.0019033824210055,0.1160227209329605,102736,8.396406065344174e-05,0.0002518921819603,23360
1461,0.220469668507576,0.22017178311944,0.0029788932879455,0.1160255447030067,100637,8.39400372766471e-05,0.0002518201118299,23376
1462,0.2020268067717552,0.2018056213855743,0.0022118547494756,0.1160283982753753,102634,8.39159993610187e-05,0.000251747998083,23392
1463,0.1674186903983354,0.1669111419469118,0.0050754924886859,0.1160312443971633,96226,8.389194691685367e-05,0.0002516758407505,23408
1464,0.197696715593338,0.1968865189701318,0.008101971267024,0.1160341575741767,97061,8.386787995445528e-05,0.0002516036398633,23424
1465,0.2634914293885231,0.2629360817372799,0.0055534595958306,0.1160373613238334,99072,8.384379848413304e-05,0.0002515313954523,23440
1466,0.2702780440449714,0.2700942680239677,0.0018377391970716,0.1160404682159423,102527,8.381970251620271e-05,0.0002514591075486,23456
1467,0.1732192188501358,0.1723152585327625,0.0090395694423932,0.116043597459793,96797,8.379559206098624e-05,0.0002513867761829,23472
1468,0.1923960875719785,0.1920361742377281,0.0035991345648653,0.11604655534029,101314,8.377146712881177e-05,0.0002513144013864,23488
1469,0.1774054449051618,0.1771068163216114,0.0029862707015126,0.116049587726593,97412,8.374732773001366e-05,0.00025124198319,23504
1470,0.1525817736983299,0.1519047617912292,0.0067701328080147,0.1160527169704437,100959,8.372317387493245e-05,0.0002511695216247,23520
1471,0.2185087315738201,0.2178817950189113,0.0062693560612387,0.1160558015108108,94245,8.36990055739149e-05,0.0002510970167217,23536
1472,0.1886056326329708,0.1876544132828712,0.0095121512713376,0.1160589605569839,97349,8.367482283731394e-05,0.0002510244685119,23552
1473,0.2064097169786691,0.205797079950571,0.0061264102114364,0.116062045097351,100111,8.365062567548867e-05,0.0002509518770264,23568
1474,0.1745938286185264,0.1742278039455413,0.0036602067702915,0.1160653233528137,97940,8.36264140988044e-05,0.0002508792422964,23584
1475,0.2009269371628761,0.2001103349030017,0.0081660502764862,0.1160685420036315,95943,8.360218811763261e-05,0.0002508065643528,23600
1476,0.1363531947135925,0.1355159897357225,0.0083720216643996,0.116071730852127,99893,8.357794774235092e-05,0.000250733843227,23616
1477,0.2465765625238418,0.2463288344442844,0.0024772733595455,0.1160749420523643,101398,8.355369298334316e-05,0.00025066107895,23632
1478,0.2955952398478985,0.2951645702123642,0.0043066632060799,0.1160779371857643,95697,8.352942385099927e-05,0.0002505882715529,23648
1479,0.1357241608202457,0.1352914702147245,0.0043269140587653,0.1160814985632896,103106,8.35051403557154e-05,0.0002505154210671,23664
1480,0.1795213632285595,0.1789987757802009,0.0052259079820942,0.116085298359394,104425,8.348084250789378e-05,0.0002504425275236,23680
1481,0.2039249222725629,0.2034035362303257,0.0052138241153443,0.1160890012979507,94854,8.345653031794292e-05,0.0002503695909538,23696
1482,0.1715841479599475,0.1707002893090248,0.0088386018323944,0.1160925775766372,97181,8.343220379627732e-05,0.0002502966113888,23712
1483,0.1882438845932483,0.1879355497658252,0.0030833300843369,0.1160961985588073,99333,8.340786295331771e-05,0.0002502235888599,23728
1484,0.1633441336452961,0.1629374288022518,0.0040670275338925,0.1160999536514282,97212,8.338350779949096e-05,0.0002501505233984,23744
1485,0.2529990561306476,0.2525036334991455,0.0049542304986971,0.1161035001277923,100149,8.335913834522999e-05,0.0002500774150356,23760
1486,0.2019333019852638,0.2017871439456939,0.0014615685795433,0.1161075383424758,100750,8.333475460097394e-05,0.0002500042638029,23776
1487,0.1739191729575395,0.1734471060335636,0.0047206407616613,0.1161114200949668,96202,8.331035657716802e-05,0.0002499310697315,23792
1488,0.1499568540602922,0.1495842542499303,0.003725982416654,0.1161157116293907,100481,8.328594428426357e-05,0.0002498578328527,23808
1489,0.1691390480846166,0.1688124127686023,0.0032664024329278,0.1161205619573593,97011,8.326151773271804e-05,0.0002497845531981,23824
1490,0.248367702588439,0.2477377317845821,0.0062996958731673,0.1161250099539756,99581,8.3237076932995e-05,0.0002497112307989,23840
1491,0.1356639321893453,0.1353894155472517,0.0027451949281385,0.116130031645298,104330,8.321262189556409e-05,0.0002496378656866,23856
1492,0.1861622165888548,0.1856132075190544,0.0054900727263884,0.1161351576447486,98604,8.318815263090109e-05,0.0002495644578927,23872
1493,0.115301732905209,0.1146969543769955,0.0060477947699837,0.1161399707198143,93785,8.316366914948783e-05,0.0002494910074484,23888
1494,0.1868360079824924,0.1859480515122413,0.0088795330084394,0.1161443963646888,102834,8.31391714618123e-05,0.0002494175143854,23904
1495,0.1245740186423063,0.1240289621055126,0.00545056349074,0.1161488220095634,94334,8.311465957836848e-05,0.0002493439787351,23920
1496,0.1852021291851997,0.184754591435194,0.0044753643014701,0.1161528602242469,95999,8.309013350965653e-05,0.0002492704005289,23936
1497,0.1490875501185655,0.1487543303519487,0.0033322188537567,0.1161568239331245,97781,8.306559326618259e-05,0.0002491967797985,23952
1498,0.1954411640763282,0.1943466663360595,0.0109449541778303,0.1161607727408409,92685,8.304103885845898e-05,0.0002491231165753,23968
1499,0.1541854981333017,0.1538048293441534,0.0038066774977778,0.1161648780107498,100411,8.301647029700396e-05,0.000249049410891,23984
1500,0.2107756081968546,0.2103978022933006,0.0037780628772452,0.1161688715219497,101355,8.299188759234198e-05,0.000248975662777,24000
1501,0.1711917426437139,0.1703051347285509,0.0088660873589105,0.1161728575825691,97664,8.296729075500344e-05,0.000248901872265,24016
1502,0.1899921931326389,0.1898138150572776,0.0017837892228271,0.1161767616868019,102150,8.294267979552489e-05,0.0002488280393865,24032
1503,0.1143342610448598,0.1136249117553234,0.0070934828254394,0.1161805316805839,100240,8.291805472444887e-05,0.0002487541641733,24048
1504,0.2331020943820476,0.2326448820531368,0.0045721143251284,0.1161840334534645,97557,8.289341555232395e-05,0.0002486802466569,24064
1505,0.1500765336677432,0.1493811830878257,0.0069535151706077,0.1161873042583465,97799,8.28687622897048e-05,0.0002486062868691,24080
1506,0.2693612053990364,0.2688627708703279,0.004984312239685,0.1161903440952301,99165,8.284409494715208e-05,0.0002485322848414,24096
1507,0.0992463752627372,0.0982520245015621,0.0099435158772394,0.1161936149001121,99657,8.281941353523249e-05,0.0002484582406056,24112
1508,0.2130643185228109,0.2126097902655601,0.0045452973354258,0.1161974966526031,102109,8.279471806451878e-05,0.0002483841541935,24128
1509,0.1398765388876199,0.1391467656940221,0.0072977370000444,0.1162013635039329,99284,8.27700085455897e-05,0.0002483100256367,24144
1510,0.2020594701170921,0.2012011297047138,0.0085833386110607,0.1162052750587463,99724,8.274528498903002e-05,0.000248235854967,24160
1511,0.2143599167466163,0.2135206162929535,0.0083930481341667,0.1162092164158821,97398,8.272054740543052e-05,0.0002481616422162,24176
1512,0.2136084847152233,0.2130071073770523,0.0060137554246466,0.1162132397294044,103444,8.269579580538801e-05,0.0002480873874161,24192
1513,0.1243169996887445,0.1236755549907684,0.0064144447096623,0.1162174493074417,98432,8.267103019950529e-05,0.0002480130905985,24208
1514,0.1294939797371626,0.1288394182920456,0.0065455912845209,0.1162218824028968,96369,8.264625059839113e-05,0.0002479387517951,24224
1515,0.208589605987072,0.2082152999937534,0.003743040113477,0.116226390004158,96600,8.262145701266035e-05,0.0002478643710379,24240
1516,0.2704514488577842,0.2700940147042274,0.0035742602302093,0.1162306293845176,96811,8.259664945293371e-05,0.0002477899483588,24256
1517,0.1935744192451238,0.1929479427635669,0.0062648220919072,0.1162347644567489,94403,8.257182792983802e-05,0.0002477154837895,24272
1518,0.1964232102036476,0.1957796309143304,0.0064357390801887,0.1162386909127235,96963,8.254699245400601e-05,0.000247640977362,24288
1519,0.110188040882349,0.1099622640758752,0.0022577670606551,0.1162426471710205,100617,8.25221430360764e-05,0.0002475664291082,24304
1520,0.1783698089420795,0.1779087074100971,0.0046109735558275,0.1162466406822204,99755,8.249727968669391e-05,0.00024749183906,24320
1521,0.1987060755491256,0.1981021799147129,0.0060390006110537,0.1162505373358726,100184,8.247240241650918e-05,0.0002474172072495,24336
1522,0.206173975020647,0.2059913463890552,0.0018262649246025,0.1162545680999755,102355,8.244751123617888e-05,0.0002473425337085,24352
1523,0.2135141380131244,0.2132194526493549,0.002946826563857,0.1162584647536277,103846,8.242260615636558e-05,0.000247267818469,24368
1524,0.2606635093688965,0.2603346649557352,0.0032884084503166,0.1162623465061187,102478,8.239768718773782e-05,0.0002471930615632,24384
1525,0.1634203102439642,0.1629210524260997,0.0049925749190151,0.116266168653965,100592,8.237275434097012e-05,0.0002471182630229,24400
1526,0.1343457400798797,0.1341910799965262,0.0015465796750504,0.1162701845169067,101094,8.234780762674288e-05,0.0002470434228802,24416
1527,0.2176056541502475,0.2169693820178508,0.0063626666305935,0.1162739321589469,96461,8.23228470557425e-05,0.0002469685411672,24432
1528,0.1785641983151435,0.1777489855885505,0.0081521181273274,0.1162775456905365,101916,8.229787263866131e-05,0.0002468936179159,24448
1529,0.2436353489756584,0.2434914298355579,0.0014391708975836,0.1162809506058693,102299,8.227288438619754e-05,0.0002468186531585,24464
1530,0.2229342050850391,0.2224842719733715,0.0044993046903982,0.1162841171026229,99964,8.224788230905535e-05,0.0002467436469271,24480
1531,0.2036825604736805,0.2033690586686134,0.0031350331773865,0.1162873804569244,102625,8.222286641794488e-05,0.0002466685992538,24496
1532,0.250128136947751,0.2498518154025077,0.0027632094825094,0.1162905693054199,98211,8.21978367235821e-05,0.0002465935101707,24512
1533,0.2447532955557108,0.2444001454859972,0.0035315098648425,0.1162938326597213,99587,8.217279323668895e-05,0.00024651837971,24528
1534,0.2286006957292556,0.2284087128937244,0.0019198614172637,0.1162970438599586,103262,8.214773596799328e-05,0.0002464432079039,24544
1535,0.1814846359193325,0.1809841208159923,0.0050051716825691,0.1163003668189048,97852,8.21226649282288e-05,0.0002463679947846,24560
1536,0.2572768237441778,0.2567422650754452,0.005345559460693,0.1163035929203033,92268,8.209758012813516e-05,0.0002462927403844,24576
1537,0.2255362346768379,0.2252242807298898,0.0031195020128507,0.1163068190217018,101778,8.207248157845791e-05,0.0002462174447353,24592
1538,0.1539093628525734,0.1534049473702907,0.0050441552593838,0.1163101717829704,99158,8.204736928994843e-05,0.0002461421078698,24608
1539,0.15971689671278,0.1592089254409074,0.0050797097501344,0.1163136288523674,99396,8.202224327336405e-05,0.00024606672982,24624
1540,0.1686931159347295,0.1685000788420438,0.001930384139996,0.1163171827793121,99579,8.199710353946798e-05,0.0002459913106184,24640
1541,0.2233681194484233,0.2232216335833072,0.0014648735814262,0.1163208037614822,102188,8.197195009902924e-05,0.000245915850297,24656
1542,0.2047159522771835,0.2044489197432994,0.0026703718613134,0.1163242384791374,98306,8.19467829628228e-05,0.0002458403488884,24672
1543,0.2577195949852466,0.25735067948699,0.0036890844057779,0.1163274273276329,104261,8.192160214162942e-05,0.0002457648064248,24688
1544,0.1971369795501232,0.1966985426843166,0.0043843670573551,0.1163305342197418,101263,8.189640764623584e-05,0.0002456892229387,24704
1545,0.2490964010357856,0.2478048913180828,0.012915108789457,0.1163342148065567,100795,8.18711994874345e-05,0.0002456135984623,24720
1546,0.2204102389514446,0.22019506059587,0.0021517804852919,0.1163379177451133,95832,8.18459776760238e-05,0.000245537933028,24736
1547,0.2257066257297992,0.2252262011170387,0.004804269876331,0.1163413897156715,101854,8.182074222280798e-05,0.0002454622266684,24752
1548,0.1521445568650961,0.1509670801460743,0.011774776619859,0.1163450703024864,97815,8.17954931385971e-05,0.0002453864794157,24768
1549,0.1554338466376066,0.1541460566222667,0.0128778907237574,0.1163486689329147,95613,8.177023043420705e-05,0.0002453106913026,24784
1550,0.1948541216552257,0.194405572488904,0.0044854646548628,0.1163522973656654,100155,8.17449541204596e-05,0.0002452348623613,24800
1551,0.1619924213737249,0.1618229765444994,0.0016944472881732,0.116356149315834,102499,8.171966420818228e-05,0.0002451589926245,24816
1552,0.212603623047471,0.2115054354071617,0.0109818635974079,0.1163599714636802,99605,8.169436070820852e-05,0.0002450830821246,24832
1553,0.2705217264592647,0.2702646180987358,0.0025710361805977,0.1163635551929473,97271,8.16690436313775e-05,0.0002450071308941,24848
1554,0.1904574371874332,0.1900596432387828,0.0039779733197065,0.1163670867681503,100869,8.16437129885343e-05,0.0002449311389656,24864
1555,0.232032261788845,0.2317075133323669,0.0032474944782734,0.1163704842329025,98990,8.161836879052973e-05,0.0002448551063715,24880
1556,0.1336728855967521,0.1319201365113258,0.0175275252549909,0.1163739189505577,101401,8.159301104822043e-05,0.0002447790331446,24896
1557,0.1546299997717142,0.1529820915311575,0.016479053418152,0.1163770407438278,92375,8.156763977246889e-05,0.0002447029193174,24912
1558,0.2493562661111354,0.2490354031324386,0.0032086342107504,0.1163799613714218,101029,8.154225497414332e-05,0.0002446267649224,24928
1559,0.1703753117471933,0.1699241623282432,0.0045115056273061,0.1163828000426292,96875,8.151685666411779e-05,0.0002445505699923,24944
1560,0.2451473660767078,0.244797758758068,0.0034960211014549,0.1163855418562889,97787,8.14914448532721e-05,0.0002444743345598,24960
1561,0.1969530489295721,0.1967604868113994,0.0019255674087617,0.1163882687687873,98562,8.146601955249188e-05,0.0002443980586574,24976
1562,0.2404952608048916,0.2401724345982074,0.0032282429165206,0.1163908615708351,95986,8.144058077266852e-05,0.000244321742318,24992
1563,0.2248372882604599,0.2243340909481048,0.0050319432630203,0.1163935512304306,104581,8.141512852469919e-05,0.000244245385574,25008
1564,0.182810278609395,0.1822501346468925,0.0056014316505752,0.1163964346051216,103577,8.138966281948681e-05,0.0002441689884584,25024
1565,0.2268293090164661,0.2266005054116249,0.0022880550241097,0.116399310529232,99386,8.136418366794008e-05,0.0002440925510038,25040
1566,0.2307621631771326,0.229697398841381,0.0106476484797894,0.1164020523428917,93942,8.133869108097348e-05,0.0002440160732429,25056
1567,0.1548007074743509,0.1544406656175851,0.0036004589346703,0.116404689848423,97823,8.13131850695072e-05,0.0002439395552085,25072
1568,0.1728686317801475,0.171777456998825,0.010911697638221,0.1164070665836334,96265,8.128766564446724e-05,0.0002438629969334,25088
1569,0.2297418378293514,0.2294004261493683,0.0034141567884944,0.1164095252752304,96173,8.126213281678528e-05,0.0002437863984503,25104
1570,0.2441111169755458,0.2438454665243625,0.0026565188891254,0.116411954164505,102076,8.123658659739874e-05,0.0002437097597921,25120
1571,0.2213139981031417,0.2209436669945716,0.0037033219123259,0.1164142787456512,102119,8.121102699725089e-05,0.0002436330809917,25136
1572,0.2007600795477628,0.1999696120619774,0.0079047210747376,0.1164163723587989,104963,8.118545402729059e-05,0.0002435563620818,25152
1573,0.2432357333600521,0.2426251545548439,0.0061058088467689,0.1164183095097541,94469,8.115986769847252e-05,0.0002434796030954,25168
1574,0.0922314431518316,0.0918807219713926,0.0035072144237346,0.1164204701781272,97083,8.113426802175704e-05,0.0002434028040652,25184
1575,0.2212072424590587,0.2205852270126342,0.0062201363762142,0.116422601044178,101058,8.11086550081102e-05,0.0002433259650243,25200
1576,0.1937479898333549,0.1929432079195976,0.0080478609888814,0.1164247617125511,97600,8.108302866850387e-05,0.0002432490860055,25216
1577,0.1769697144627571,0.1763092577457428,0.0066045384155586,0.1164272055029869,103389,8.105738901391552e-05,0.0002431721670417,25232
1578,0.1459390018135309,0.1457802318036556,0.0015876868565101,0.1164300963282585,101610,8.103173605532837e-05,0.0002430952081659,25248
1579,0.2132200617343187,0.2129759341478347,0.0024413035134784,0.1164331510663032,103420,8.100606980373133e-05,0.0002430182094111,25264
1580,0.179752504453063,0.1791790500283241,0.0057345697496202,0.1164361760020256,97724,8.098039027011901e-05,0.0002429411708103,25280
1581,0.2030722610652446,0.2028228268027305,0.0024943609023466,0.1164390593767166,101317,8.095469746549172e-05,0.0002428640923964,25296
1582,0.2616439796984195,0.2612349390983581,0.0040903523986344,0.1164418756961822,97309,8.09289914008554e-05,0.0002427869742025,25312
1583,0.1271706772968173,0.1265876078978181,0.0058307061553932,0.1164445579051971,99515,8.090327208722175e-05,0.0002427098162616,25328
1584,0.1764813978224992,0.1759551167488098,0.0052628051053034,0.1164474934339523,100134,8.087753953560808e-05,0.0002426326186068,25344
1585,0.2188020143657922,0.2180761322379112,0.0072587636532261,0.1164503619074821,100381,8.085179375703744e-05,0.0002425553812711,25360
1586,0.1733686774969101,0.1731848791241645,0.0018380247347522,0.1164538413286209,102337,8.082603476253847e-05,0.0002424781042876,25376
1587,0.1957568824291229,0.1953216791152954,0.0043519991450011,0.1164572834968566,99006,8.08002625631455e-05,0.0002424007876894,25392
1588,0.2402293942868709,0.2397907264530658,0.0043866994383279,0.1164605692028999,98635,8.077447716989855e-05,0.0002423234315096,25408
1589,0.1406023297458887,0.1402140688151121,0.0038826389354653,0.1164639294147491,98706,8.074867859384322e-05,0.0002422460357815,25424
1590,0.1857959609478712,0.1856162436306476,0.0017972285131691,0.1164673194289207,98048,8.072286684603085e-05,0.000242168600538,25440
1591,0.1819702517241239,0.1815026830881834,0.0046757217496633,0.1164706796407699,100327,8.069704193751832e-05,0.0002420911258125,25456
1592,0.1383738964796066,0.1380099914968013,0.003639026734163,0.1164739653468132,101848,8.067120387936826e-05,0.0002420136116381,25472
1593,0.204117864370346,0.2039177268743515,0.0020013805478811,0.1164774596691131,103376,8.064535268264883e-05,0.0002419360580479,25488
1594,0.1988631598651409,0.1980092823505401,0.0085387498838827,0.1164809316396713,95348,8.061948835843387e-05,0.0002418584650753,25504
1595,0.2152668219059705,0.2147475183010101,0.0051930501140304,0.1164842918515205,101241,8.059361091780286e-05,0.0002417808327534,25520
1596,0.1567647419869899,0.1561425626277923,0.0062217610393418,0.1164876818656921,97479,8.056772037184082e-05,0.0002417031611155,25536
1597,0.1375482063740492,0.1372357960790395,0.0031240938478731,0.1164910718798637,95430,8.05418167316385e-05,0.0002416254501949,25552
1598,0.1485355477780103,0.1483368780463934,0.0019867023584083,0.116494596004486,98273,8.051590000829216e-05,0.0002415477000248,25568
1599,0.2180733606219291,0.2175857499241829,0.0048760706667962,0.1164981126785278,99224,8.04899702129037e-05,0.0002414699106387,25584
1600,0.1539145708084106,0.1528179980814457,0.0109657758803223,0.1165014058351516,92890,8.046402735658063e-05,0.0002413920820697,25600
1601,0.1827609166502952,0.1825593411922454,0.0020157431426923,0.1165047138929367,101724,8.043807145043604e-05,0.0002413142143513,25616
1602,0.2715087756514549,0.2710941769182682,0.0041460276406724,0.1165077686309814,94664,8.041210250558861e-05,0.0002412363075167,25632
1603,0.1640882603824138,0.1632740497589111,0.008142128936015,0.1165105551481247,100667,8.038612053316265e-05,0.0002411583615994,25648
1604,0.2816785238683224,0.2814850434660911,0.0019348125806573,0.1165134385228157,98891,8.036012554428796e-05,0.0002410803766328,25664
1605,0.1860674265772104,0.1851165201514959,0.0095090496761258,0.1165162622928619,100053,8.033411755009999e-05,0.0002410023526502,25680
1606,0.1985254772007465,0.19829305075109,0.0023242585884872,0.1165191382169723,96964,8.030809656173974e-05,0.0002409242896852,25696
1607,0.1381314937025308,0.1380166579037904,0.0011483445196063,0.1165227219462394,102406,8.028206259035377e-05,0.000240846187771,25712
1608,0.2222570776939392,0.221907339990139,0.0034973607107531,0.1165262311697006,101621,8.025601564709421e-05,0.0002407680469412,25728
1609,0.1941249314695596,0.1935814656317234,0.0054346827964764,0.1165297403931617,99610,8.022995574311876e-05,0.0002406898672293,25744
1610,0.1739391516894102,0.1730822287499904,0.0085692221764475,0.1165330559015274,99175,8.020388288959061e-05,0.0002406116486687,25760
1611,0.2218306176364421,0.2216988913714885,0.0013172866165405,0.1165363118052482,104503,8.017779709767858e-05,0.000240533391293,25776
1612,0.2137656081467867,0.2133367881178856,0.004288248339435,0.1165393888950347,100168,8.015169837855698e-05,0.0002404550951356,25792
1613,0.1854158584028482,0.1850349847227335,0.0038086978456703,0.1165433973073959,98963,8.012558674340566e-05,0.0002403767602302,25808
1614,0.1771496627479791,0.176764965057373,0.0038469386927317,0.1165479272603988,100454,8.009946220341007e-05,0.0002402983866102,25824
1615,0.2429890185594558,0.2427541427314281,0.0023487511971325,0.1165520101785659,98346,8.007332476976106e-05,0.0002402199743092,25840
1616,0.1323437206447124,0.1319828033447265,0.0036091775727982,0.1165563389658927,96965,8.004717445365512e-05,0.0002401415233609,25856
1617,0.2236367128789425,0.2233439031988382,0.0029281071037985,0.1165607944130897,93076,8.002101126629421e-05,0.0002400630337988,25872
1618,0.2221586517989635,0.2218325063586235,0.0032614210649626,0.1165650710463523,99189,7.99948352188858e-05,0.0002399845056566,25888
1619,0.2038966417312622,0.2033703699707985,0.0052627154491347,0.1165695786476135,102658,7.996864632264287e-05,0.0002399059389679,25904
1620,0.1793058943003416,0.1786834225058555,0.0062247375026345,0.1165740340948104,100815,7.994244458878392e-05,0.0002398273337663,25920
1621,0.1696990728378296,0.1692539434880018,0.0044512431486509,0.116578459739685,98789,7.991623002853296e-05,0.0002397486900855,25936
1622,0.1968741323798895,0.1964561082422733,0.004180266696494,0.1165832132101059,104811,7.989000265311945e-05,0.0002396700079593,25952
1623,0.2048058174550533,0.2044930290430784,0.0031278674141503,0.116587683558464,102399,7.986376247377836e-05,0.0002395912874213,25968
1624,0.1664015520364046,0.1660718955099582,0.0032965218051685,0.1165922731161117,102521,7.983750950175016e-05,0.0002395125285052,25984
1625,0.2394260205328464,0.2389281205832958,0.0049789549957495,0.1165966466069221,100725,7.98112437482808e-05,0.0002394337312448,26000
1626,0.1596732214093208,0.1594801712781191,0.001930461206939,0.1166010275483131,98104,7.978496522462167e-05,0.0002393548956738,26016
1627,0.2228178977966308,0.2224641889333725,0.0035370812693145,0.1166053339838981,100712,7.975867394202968e-05,0.000239276021826,26032
1628,0.2483623959124088,0.2479876056313514,0.0037478784797713,0.1166094914078712,101312,7.973236991176715e-05,0.0002391971097353,26048
1629,0.2491329349577427,0.2487385645508766,0.0039436295046471,0.1166135296225547,98170,7.970605314510194e-05,0.0002391181594353,26064
1630,0.1859398670494556,0.1855854392051696,0.00354428490391,0.1166174933314323,97754,7.967972365330725e-05,0.0002390391709599,26080
1631,0.131474744528532,0.1311112530529499,0.0036348868452478,0.116621695458889,100288,7.965338144766186e-05,0.0002389601443429,26096
1632,0.2071428522467613,0.2069040238857269,0.0023882903042249,0.1166261583566665,103843,7.96270265394499e-05,0.0002388810796183,26112
1633,0.1735516730695963,0.1729416251182556,0.0061004726157989,0.1166305691003799,101373,7.960065893996098e-05,0.0002388019768198,26128
1634,0.2076860163360834,0.207445427775383,0.0024058439012151,0.1166347488760948,102995,7.957427866049014e-05,0.0002387228359814,26144
1635,0.1554632950574159,0.1549739204347133,0.0048937522078631,0.1166388243436813,102310,7.954788571233787e-05,0.000238643657137,26160
1636,0.167012732475996,0.1668134704232216,0.0019925932501791,0.1166435405611991,103605,7.952148010681006e-05,0.0002385644403204,26176
1637,0.1934763398021459,0.1931353583931923,0.0034098160103894,0.1166480854153633,99694,7.949506185521802e-05,0.0002384851855656,26192
1638,0.2075863406062126,0.2072781845927238,0.003081585480686,0.1166523769497871,100576,7.946863096887851e-05,0.0002384058929066,26208
1639,0.2347626872360706,0.2345526963472366,0.0020998520776629,0.1166568323969841,103302,7.944218745911366e-05,0.0002383265623773,26224
1640,0.2273499630391597,0.2266970947384834,0.006528732687002,0.1166609600186348,98217,7.941573133725106e-05,0.0002382471940117,26240
1641,0.2024720385670662,0.2021200377494096,0.003519985199091,0.1166652292013168,102196,7.938926261462366e-05,0.0002381677878438,26256
1642,0.1892708763480186,0.1888192966580391,0.0045157987624406,0.1166696548461914,97552,7.93627813025698e-05,0.0002380883439077,26272
1643,0.2193419225513935,0.2191512789577245,0.0019064372536377,0.1166740208864212,102785,7.933628741243326e-05,0.0002380088622372,26288
1644,0.1877033021301031,0.1873638927936554,0.0033940947905648,0.1166782528162002,99725,7.930978095556317e-05,0.0002379293428666,26304
1645,0.1543032769113779,0.1537682600319385,0.0053501736547332,0.1166824325919151,99743,7.928326194331404e-05,0.0002378497858299,26320
1646,0.2285601161420345,0.2276691049337387,0.0089101348567055,0.1166862621903419,101871,7.92567303870458e-05,0.0002377701911611,26336
1647,0.1192073207348585,0.1185596529394388,0.0064766781870275,0.1166900172829628,97654,7.923018629812368e-05,0.0002376905588943,26352
1648,0.1843101885169744,0.1839861217886209,0.0032406694081146,0.1166936233639717,97636,7.920362968791839e-05,0.0002376108890637,26368
1649,0.189538599923253,0.1887771543115377,0.0076144276827108,0.1166971027851104,93404,7.917706056780587e-05,0.0002375311817034,26384
1650,0.1744922921061515,0.1743400283157825,0.0015226378891384,0.1167007163166999,98628,7.915047894916756e-05,0.0002374514368475,26400
1651,0.2134983204305172,0.2131696119904518,0.0032871166622499,0.1167043522000312,97237,7.912388484339012e-05,0.0002373716545301,26416
1652,0.2232883609831333,0.222583819180727,0.0070454525921377,0.11670783162117,96272,7.909727826186564e-05,0.0002372918347855,26432
1653,0.1951223835349083,0.1949166059494018,0.0020577641844283,0.1167113557457923,100106,7.907065921599154e-05,0.0002372119776479,26448
1654,0.2077169120311737,0.2070182785391807,0.0069863522221567,0.1167146936058998,100001,7.904402771717057e-05,0.0002371320831515,26464
1655,0.1816480290144682,0.1811373699456453,0.0051066048326902,0.116718016564846,104246,7.90173837768108e-05,0.0002370521513304,26480
1656,0.1678482554852962,0.1672351732850074,0.0061308208096306,0.1167214587330818,102383,7.89907274063257e-05,0.0002369721822189,26496
1657,0.1740797832608223,0.1737770587205886,0.0030272477888502,0.1167249456048011,97475,7.896405861713394e-05,0.0002368921758514,26512
1658,0.1494941208511591,0.1488176733255386,0.0067644853261299,0.1167283579707145,97257,7.893737742065965e-05,0.0002368121322619,26528
1659,0.1853158641606569,0.1847233921289444,0.0059246774253551,0.1167316064238548,99326,7.891068382833215e-05,0.0002367320514849,26544
1660,0.1695525031536817,0.1692782416939735,0.0027426412761997,0.116734854876995,101333,7.888397785158617e-05,0.0002366519335547,26560
1661,0.2348612267524004,0.2345167994499206,0.0034443190386355,0.1167386695742607,104801,7.88572595018617e-05,0.0002365717785055,26576
1662,0.2809793539345264,0.2802726365625858,0.0070671605935785,0.1167422533035278,97078,7.883052879060399e-05,0.0002364915863718,26592
1663,0.1469414848834276,0.1460987739264965,0.0084271049126982,0.1167456731200218,100536,7.880378572926366e-05,0.0002364113571877,26608
1664,0.1170181762427091,0.1166543141007423,0.0036386173451319,0.1167492046952247,105157,7.877703032929659e-05,0.0002363310909878,26624
1665,0.1491637323051691,0.1486321147531271,0.0053161756368353,0.11675276607275,98204,7.875026260216393e-05,0.0002362507878064,26640
1666,0.1797413080930709,0.1790907569229602,0.0065055284940171,0.1167562007904052,96226,7.872348255933213e-05,0.0002361704476779,26656
1667,0.1515807099640369,0.1498888619244098,0.0169184636324644,0.1167597100138664,93106,7.869669021227292e-05,0.0002360900706368,26672
1668,0.1818604134023189,0.1815786492079496,0.0028176068535685,0.1167631968855857,97111,7.866988557246329e-05,0.0002360096567173,26688
1669,0.2226594891399145,0.2225314527750015,0.0012803856807295,0.116766832768917,98972,7.864306865138545e-05,0.0002359292059541,26704
1670,0.2761462666094303,0.2756194993853569,0.0052676685299957,0.1167705059051513,95347,7.861623946052699e-05,0.0002358487183815,26720
1671,0.1607322301715612,0.1605147598311305,0.0021747418913946,0.1167740672826767,101260,7.858939801138061e-05,0.0002357681940341,26736
1672,0.249538317322731,0.2487398013472557,0.0079851531918393,0.1167772114276886,103026,7.856254431544441e-05,0.0002356876329463,26752
1673,0.1941816471517086,0.1936846617609262,0.004969868750777,0.1167800724506378,96655,7.85356783842216e-05,0.0002356070351526,26768
1674,0.1923588421195745,0.1919738426804542,0.0038500243535963,0.1167829856276512,101263,7.85088002292207e-05,0.0002355264006876,26784
1675,0.3206247240304947,0.320385243743658,0.0023947495087384,0.1167857199907302,100131,7.84819098619555e-05,0.0002354457295858,26800
1676,0.2714502662420273,0.2710720896720886,0.0037818554012574,0.1167884021997451,98782,7.845500729394491e-05,0.0002353650218818,26816
1677,0.1893537491559982,0.1889537163078785,0.0040003078174777,0.1167911291122436,97074,7.84280925367132e-05,0.0002352842776101,26832
1678,0.1472955420613289,0.1466308087110519,0.0066473419065005,0.1167938336730003,97262,7.840116560178978e-05,0.0002352034968053,26848
1679,0.1894298456609249,0.1888545714318752,0.0057527737808413,0.1167968064546585,98133,7.837422650070927e-05,0.0002351226795021,26864
1680,0.2557525169104337,0.255261693149805,0.0049082916302722,0.1167996674776077,99881,7.834727524501153e-05,0.000235041825735,26880
1681,0.1697986908257007,0.1694351024925708,0.0036358885699883,0.1168024241924285,100159,7.832031184624164e-05,0.0002349609355387,26896
1682,0.1671888791024685,0.1666378155350685,0.0055106508807512,0.116805300116539,101416,7.829333631594987e-05,0.0002348800089478,26912
1683,0.1525997035205364,0.1518426667898893,0.0075703762704506,0.1168079823255539,93351,7.826634866569164e-05,0.000234799045997,26928
1684,0.1605351790785789,0.1597656980156898,0.0076948175847064,0.1168106198310852,98878,7.823934890702764e-05,0.000234718046721,26944
1685,0.2437411770224571,0.2435462139546871,0.0019495929300319,0.1168131455779075,102795,7.821233705152371e-05,0.0002346370111545,26960
1686,0.2131121885031461,0.2127331048250198,0.0037908625672571,0.1168155148625373,99852,7.818531311075084e-05,0.0002345559393322,26976
1687,0.1032366110011935,0.1027681976556778,0.0046841325965942,0.116818219423294,101632,7.815827709628525e-05,0.0002344748312888,26992
1688,0.2101136408746242,0.2090877722948789,0.0102586539578624,0.1168209537863731,95341,7.81312290197083e-05,0.0002343936870591,27008
1689,0.16858103685081,0.1677242517471313,0.0085678496252512,0.1168236061930656,97736,7.810416889260653e-05,0.0002343125066778,27024
1690,0.2187863253057003,0.218283575028181,0.0050275466783205,0.1168263554573059,99286,7.807709672657165e-05,0.0002342312901797,27040
1691,0.2131381891667843,0.2122097909450531,0.0092840371071361,0.1168288961052894,99060,7.80500125332005e-05,0.0002341500375996,27056
1692,0.1979336701333522,0.1976444944739341,0.0028917241288581,0.1168321892619133,102006,7.80229163240951e-05,0.0002340687489722,27072
1693,0.2210540398955345,0.2208247985690832,0.0022924151780898,0.1168354153633117,98784,7.799580811086258e-05,0.0002339874243325,27088
1694,0.2278144024312496,0.2268184795975685,0.0099592202604981,0.1168384775519371,94084,7.796868790511527e-05,0.0002339060637153,27104
1695,0.2413723804056644,0.240883819758892,0.0048856219946173,0.1168414428830146,102082,7.794155571847058e-05,0.0002338246671554,27120
1696,0.1548683894798159,0.1544155273586511,0.0045286214226507,0.1168442517518997,100715,7.79144115625511e-05,0.0002337432346876,27136
1697,0.1603164300322532,0.1599778290838003,0.0033859730610856,0.1168470680713653,102511,7.788725544898452e-05,0.0002336617663469,27152
1698,0.1972856670618057,0.1967818159610033,0.0050385205540806,0.1168497502803802,98297,7.786008738940362e-05,0.0002335802621682,27168
1699,0.1612600460648536,0.1608249619603157,0.0043508477210707,0.116852730512619,103613,7.783290739544639e-05,0.0002334987221863,27184
1700,0.218430982902646,0.2177795376628637,0.0065144690888701,0.1168556064367294,101946,7.780571547875584e-05,0.0002334171464362,27200
1701,0.2215698063373565,0.2212171107530594,0.0035269320724182,0.1168584376573562,100967,7.777851165098012e-05,0.0002333355349529,27216
1702,0.0868091564625501,0.0863835830241441,0.0042557312262943,0.1168616116046905,101273,7.77512959237725e-05,0.0002332538877713,27232
1703,0.1829132419079542,0.1825724616646766,0.003407847834751,0.1168648079037666,97246,7.772406830879133e-05,0.0002331722049263,27248
1704,0.1492559593170881,0.1487208697944879,0.0053508804849116,0.1168683469295501,97096,7.769682881770007e-05,0.0002330904864531,27264
1705,0.1742704827338457,0.1741072572767734,0.0016322972553552,0.1168720722198486,101000,7.766957746216721e-05,0.0002330087323865,27280
1706,0.1638155616819858,0.1630756761878729,0.0073988282820209,0.1168755143880844,96140,7.76423142538664e-05,0.0002329269427615,27296
1707,0.2013959735631942,0.2009654622524976,0.004305146750994,0.1168788596987724,100230,7.761503920447634e-05,0.0002328451176134,27312
1708,0.2177609167993068,0.2174810394644737,0.0027987605863017,0.1168819442391395,101518,7.758775232568076e-05,0.000232763256977,27328
1709,0.2395783485844731,0.2390196109190583,0.0055872973744044,0.1168846860527992,97083,7.756045362916853e-05,0.0002326813608875,27344
1710,0.1071208696812391,0.1064503267407417,0.0067054419778287,0.1168873831629753,100408,7.753314312663352e-05,0.0002325994293799,27360
1711,0.1863152738660574,0.186086444184184,0.0022882824632688,0.1168900802731514,102178,7.750582082977467e-05,0.0002325174624893,27376
1712,0.1823331303894519,0.1818021535873413,0.0053097798900125,0.116892784833908,96286,7.747848675029601e-05,0.0002324354602508,27392
1713,0.1186756584793329,0.1179337780922651,0.0074188116705045,0.1168957203626632,99652,7.74511408999066e-05,0.0002323534226997,27408
1714,0.1954535227268934,0.1946757733821869,0.007777482678648,0.1168986037373542,96400,7.74237832903205e-05,0.0002322713498709,27424
1715,0.2975559383630752,0.2974191084504127,0.001368245058984,0.1169018745422363,100659,7.739641393325685e-05,0.0002321892417997,27440
1716,0.1109907291829586,0.1103747952729463,0.0061593354330398,0.1169053241610527,102244,7.736903284043984e-05,0.0002321070985213,27456
1717,0.1693625599145889,0.1690992414951324,0.0026331724075134,0.1169088408350944,98093,7.734164002359863e-05,0.0002320249200707,27472
1718,0.181158397346735,0.1805826239287853,0.0057577526313252,0.1169122830033302,101203,7.731423549446743e-05,0.0002319427064834,27488
1719,0.2287028785794973,0.2278676610440015,0.0083521512569859,0.1169153600931167,98860,7.72868192647855e-05,0.0002318604577943,27504
1720,0.1785623580217361,0.1779662519693374,0.0059610483949654,0.1169181913137435,99429,7.725939134629704e-05,0.0002317781740388,27520
1721,0.160010571591556,0.1597001971676945,0.0031037110311444,0.1169210970401763,99108,7.723195175075136e-05,0.0002316958552522,27536
1722,0.3371447324752807,0.3367738574743271,0.0037087426244397,0.1169237568974495,96613,7.720450048990266e-05,0.0002316135014697,27552
1723,0.2441369406878948,0.2438366413116455,0.0030030294146854,0.1169266626238823,99011,7.717703757551019e-05,0.0002315311127265,27568
1724,0.1704066228121519,0.1698581222444772,0.0054849873413331,0.1169295981526374,100799,7.714956301933821e-05,0.000231448689058,27584
1725,0.2600454799830913,0.2594218924641609,0.0062358772847801,0.1169324964284896,104374,7.712207683315594e-05,0.0002313662304994,27600
1726,0.2153821736574173,0.215299367904663,0.0008280684342025,0.1169356480240821,102208,7.709457902873759e-05,0.0002312837370862,27616
1727,0.2513258755207062,0.2509699240326881,0.0035595467488747,0.1169387027621269,101125,7.706706961786234e-05,0.0002312012088535,27632
1728,0.1951740626245737,0.1947572976350784,0.0041676288612961,0.1169419586658477,99223,7.703954861231436e-05,0.0002311186458369,27648
1729,0.2993035931140184,0.2992300726473331,0.0007352441753027,0.116945132613182,102589,7.701201602388276e-05,0.0002310360480716,27664
1730,0.2023950852453708,0.2014235332608223,0.0097155262083106,0.1169481799006462,96917,7.698447186436164e-05,0.000230953415593,27680
1731,0.1669042911380529,0.1664322223514318,0.0047206907765939,0.1169513016939163,96219,7.695691614555003e-05,0.0002308707484366,27696
1732,0.2146585825830698,0.2143404763191938,0.0031810673972358,0.1169544532895088,101412,7.692934887925191e-05,0.0002307880466377,27712
1733,0.124345613643527,0.123958958312869,0.0038665349711664,0.1169575601816177,98276,7.690177007727625e-05,0.0002307053102318,27728
1734,0.1444728709757328,0.1441198922693729,0.0035297687281854,0.1169608458876609,99864,7.687417975143694e-05,0.0002306225392543,27744
1735,0.1288875322788953,0.1286080479621887,0.0027948681090492,0.1169646829366684,99408,7.684657791355279e-05,0.0002305397337406,27760
1736,0.1662583202123642,0.1660171709954738,0.0024114972766255,0.1169686913490295,101200,7.681896457544753e-05,0.0002304568937263,27776
1737,0.2378528229892254,0.2371489889919757,0.0070383755955845,0.1169724613428115,95968,7.679133974894983e-05,0.0002303740192468,27792
1738,0.2173267919570207,0.2172001283615827,0.0012666412221733,0.1169763207435607,106716,7.676370344589333e-05,0.0002302911103376,27808
1739,0.168571563437581,0.1680158674716949,0.0055570081458427,0.116980105638504,98937,7.673605567811653e-05,0.0002302081670343,27824
1740,0.2687955871224403,0.2686288617551327,0.0016671848861733,0.1169837638735771,102391,7.670839645746283e-05,0.0002301251893723,27840
1741,0.2054144702851772,0.2048863209784031,0.005281459594471,0.1169874817132949,99581,7.668072579578058e-05,0.0002300421773873,27856
1742,0.2123931720852852,0.212222721427679,0.001704537164187,0.1169911473989486,100206,7.665304370492301e-05,0.0002299591311147,27872
1743,0.2382864244282245,0.2380235902965068,0.0026284251944161,0.1169947013258934,104054,7.662535019674827e-05,0.0002298760505902,27888
1744,0.1951820291578769,0.1948819272220134,0.003000994445756,0.1169982478022575,102404,7.659764528311935e-05,0.0002297929358493,27904
1745,0.1849692612886428,0.1848435066640377,0.0012575665605254,0.1170020103454589,105278,7.656992897590414e-05,0.0002297097869277,27920
1746,0.194398557767272,0.193804744631052,0.0059381645987741,0.117005668580532,98756,7.654220128697546e-05,0.0002296266038609,27936
1747,0.173042643815279,0.1725344732403755,0.0050816935545299,0.1170093715190887,102609,7.6514462228211e-05,0.0002295433866846,27952
1748,0.1805902868509292,0.1801600307226181,0.004302551766159,0.1170131638646125,98619,7.648671181149321e-05,0.0002294601354344,27968
1749,0.1523411460220813,0.1519736424088478,0.0036750631406903,0.1170168444514274,102524,7.645895004870954e-05,0.0002293768501461,27984
1750,0.1595781808719039,0.1590655548498034,0.0051262696651974,0.1170203685760498,100765,7.643117695175224e-05,0.0002292935308552,28000
1751,0.1332669351249933,0.132973525673151,0.0029340791952563,0.117024153470993,99503,7.64033925325184e-05,0.0002292101775975,28016
1752,0.1519808564335107,0.1515080109238624,0.0047284485190175,0.1170277893543243,96279,7.637559680291002e-05,0.0002291267904087,28032
1753,0.1761334631592035,0.1758777573704719,0.0025570877187419,0.1170312613248825,103217,7.634778977483389e-05,0.0002290433693245,28048
1754,0.2129067257046699,0.2126420736312866,0.002646582055604,0.1170345023274421,100857,7.631997146020164e-05,0.0002289599143806,28064
1755,0.1596334390342235,0.1590785179287195,0.0055492408573627,0.117037795484066,96688,7.629214187092978e-05,0.0002288764256127,28080
1756,0.1445572599768638,0.1439952887594699,0.0056197253870777,0.1170410886406898,96214,7.62643010189396e-05,0.0002287929030568,28096
1757,0.1881479173898697,0.1880010329186916,0.0014688683102122,0.1170446425676345,101804,7.623644891615727e-05,0.0002287093467484,28112
1758,0.1374587183818221,0.1368018416687846,0.0065687713795341,0.1170479282736778,96776,7.62085855745137e-05,0.0002286257567235,28128
1759,0.1851142887026071,0.1850303299725055,0.0008396237462875,0.1170512735843658,104212,7.618071100594468e-05,0.0002285421330178,28144
1760,0.1485876869410276,0.148070827126503,0.0051685973303392,0.1170545816421508,101884,7.61528252223908e-05,0.0002284584756671,28160
1761,0.1605688836425542,0.1601060591638088,0.004628229769878,0.1170577406883239,94927,7.612492823579745e-05,0.0002283747847073,28176
1762,0.215642187744379,0.215503554791212,0.0013863546664651,0.1170609220862388,103328,7.609702005811478e-05,0.0002282910601743,28192
1763,0.2210991382598877,0.2204863782972097,0.0061275498592294,0.1170639544725418,96687,7.60691007012978e-05,0.0002282073021038,28208
1764,0.150674195960164,0.1500670704990625,0.0060712591075571,0.1170670092105865,95028,7.604117017730626e-05,0.0002281235105319,28224
1765,0.1878192275762558,0.1874279808253049,0.0039124724280554,0.1170699670910835,101394,7.60132284981047e-05,0.0002280396854943,28240
1766,0.1694275680929422,0.1686647925525903,0.0076277986809145,0.1170726418495178,96755,7.598527567566247e-05,0.0002279558270269,28256
1767,0.2801974900066852,0.2796627357602119,0.0053474802989512,0.1170752048492431,96659,7.595731172195365e-05,0.0002278719351658,28272
1768,0.2026545703411102,0.2021957747638225,0.0045879734097979,0.1170778200030326,102187,7.592933664895712e-05,0.0002277880099468,28288
1769,0.1061800867319107,0.105843462049961,0.0033662712667137,0.117081269621849,97200,7.590135046865651e-05,0.0002277040514059,28304
1770,0.1614895779639482,0.1612968146800995,0.0019276311068097,0.1170847713947296,102559,7.587335319304021e-05,0.0002276200595791,28320
1771,0.1273645553737878,0.1271505560725927,0.0021399952820502,0.1170885041356086,96929,7.584534483410137e-05,0.0002275360345023,28336
1772,0.2169139496982097,0.2165240943431854,0.003898523224052,0.1170921772718429,100714,7.581732540383789e-05,0.0002274519762115,28352
1773,0.1353464778512716,0.1348658632487058,0.0048061626584967,0.1170961335301399,101076,7.578929491425238e-05,0.0002273678847427,28368
1774,0.2872352637350559,0.2870361469686031,0.001991147728404,0.1171001493930816,99763,7.576125337735223e-05,0.000227283760132,28384
1775,0.2596212886273861,0.259514145553112,0.00107145900256,0.1171037703752517,101935,7.57332008051495e-05,0.0002271996024154,28400
1776,0.1005444470793008,0.1000449145212769,0.0049953365814872,0.1171073541045188,97658,7.570513720966108e-05,0.0002271154116289,28416
1777,0.2413938380777835,0.2406729646027088,0.0072087047155946,0.1171107068657875,103026,7.567706260290851e-05,0.0002270311878087,28432
1778,0.2568822018802166,0.2567894980311394,0.000927096538362,0.1171139776706695,103614,7.564897699691804e-05,0.0002269469309907,28448
1779,0.1546752583235502,0.1537899523973465,0.0088530810025986,0.1171173229813575,96522,7.562088040372067e-05,0.0002268626412111,28464
1780,0.2769517265260219,0.2766082435846329,0.0034348303888691,0.1171205192804336,102767,7.559277283535205e-05,0.000226778318506,28480
1781,0.1726123001426458,0.1723188497126102,0.0029345316143007,0.1171237751841545,97516,7.55646543038526e-05,0.0002266939629115,28496
1782,0.1662602853029966,0.165773332118988,0.004869551223237,0.1171273961663246,93550,7.553652482126743e-05,0.0002266095744638,28512
1783,0.249457236379385,0.2489963173866272,0.0046091669646557,0.117130696773529,104036,7.550838439964627e-05,0.0002265251531989,28528
1784,0.1517954021692276,0.1511499267071485,0.0064547711517661,0.1171337813138961,102301,7.548023305104361e-05,0.0002264406991531,28544
1785,0.1546472385525703,0.1542976135388016,0.0034962520585395,0.1171370297670364,98931,7.545207078751857e-05,0.0002263562123625,28560
1786,0.2802727594971657,0.2800198420882225,0.0025291906640632,0.1171401664614677,100414,7.5423897621135e-05,0.0002262716928634,28576
1787,0.2004952076822519,0.2002894040197134,0.0020580172131303,0.1171431764960289,100094,7.539571356396136e-05,0.0002261871406918,28592
1788,0.1425354201346635,0.1419553197920322,0.0058009900385513,0.1171461641788482,101837,7.536751862807083e-05,0.0002261025558842,28608
1789,0.2458560839295387,0.2456463985145092,0.0020968535682186,0.1171490177512168,99012,7.53393128255412e-05,0.0002260179384766,28624
1790,0.2427097707986831,0.2422604598104953,0.0044930676667718,0.1171518564224243,99179,7.531109616845498e-05,0.0002259332885053,28640
1791,0.1858012536540627,0.1856711972504854,0.0013005985274503,0.1171547770500183,101774,7.528286866889924e-05,0.0002258486060066,28656
1792,0.2563364021480083,0.2558439001441002,0.0049250354641117,0.1171576306223869,100958,7.525463033896576e-05,0.0002257638910168,28672
1793,0.1680474802851677,0.1675681043416261,0.0047937324561644,0.1171606630086898,102742,7.522638119075096e-05,0.0002256791435722,28688
1794,0.1839646827429533,0.1838950831443071,0.0006960056107345,0.1171638816595077,103925,7.519812123635588e-05,0.000225594363709,28704
1795,0.1830479074269533,0.1826739888638258,0.0037391833029687,0.117167092859745,96513,7.516985048788616e-05,0.0002255095514636,28720
1796,0.214635282754898,0.2142625413835048,0.0037274510395945,0.1171702221035957,97916,7.514156895745212e-05,0.0002254247068723,28736
1797,0.235738281160593,0.235514186322689,0.0022409255543607,0.1171732321381568,99426,7.511327665716863e-05,0.0002253398299715,28752
1798,0.1881061866879463,0.1874753832817077,0.0063080577820073,0.1171760484576225,96490,7.508497359915525e-05,0.0002252549207974,28768
1799,0.1617904268205166,0.1613103114068508,0.0048011395410867,0.1171788647770881,101256,7.505665979553609e-05,0.0002251699793866,28784
1800,0.1396557353436947,0.1392529625445604,0.0040277017105836,0.1171817481517791,98981,7.50283352584399e-05,0.0002250850057753,28800
1801,0.1405818592756986,0.1403017621487379,0.0028009589441353,0.1171849891543388,102075,7.500000000000001e-05,0.000225,28816
1802,0.1710615269839763,0.1704621091485023,0.0059941766157862,0.1171881854534149,94835,7.497165403235433e-05,0.000224914962097,28832
1803,0.1905639078468084,0.1901858411729335,0.0037806236759934,0.1171912401914596,98270,7.494329736764538e-05,0.0002248298921029,28848
1804,0.1955080851912498,0.1953552067279815,0.0015288047143258,0.1171949952840805,103700,7.491493001802025e-05,0.000224744790054,28864
1805,0.1671323319897055,0.1663354560732841,0.007968737714691,0.1171984821557998,92311,7.488655199563062e-05,0.0002246596559868,28880
1806,0.1998226270079612,0.1992783807218074,0.0054424625268438,0.1172021254897117,105346,7.485816331263273e-05,0.0002245744899378,28896
1807,0.2148589417338371,0.2141089960932731,0.0074994651949964,0.1172056645154953,97447,7.482976398118738e-05,0.0002244892919435,28912
1808,0.1391014102846384,0.138457516208291,0.0064389308972749,0.1172093823552131,103204,7.480135401345996e-05,0.0002244040620403,28928
1809,0.1816692799329757,0.1810890659689903,0.0058021421427838,0.117213025689125,97038,7.477293342162039e-05,0.0002243188002648,28944
1810,0.2590855080634355,0.2588411755859852,0.0024433415092062,0.1172165647149086,100100,7.474450221784313e-05,0.0002242335066535,28960
1811,0.1826213076710701,0.1821453906595707,0.0047591331385774,0.1172198876738548,99355,7.471606041430723e-05,0.0002241481812429,28976
1812,0.1356496065855026,0.1352649163454771,0.0038468643469968,0.1172232553362846,99509,7.468760802319626e-05,0.0002240628240695,28992
1813,0.2780865579843521,0.2779021561145782,0.0018440158164594,0.1172267347574234,102379,7.465914505669829e-05,0.00022397743517,29008
1814,0.1894117780029773,0.1888440325856208,0.0056774633121676,0.1172300204634666,101585,7.463067152700597e-05,0.000223892014581,29024
1815,0.1963523793965578,0.1959155946969986,0.0043678728397935,0.1172331050038337,93903,7.460218744631645e-05,0.0002238065623389,29040
1816,0.2669076733291149,0.2667268477380276,0.001808218206861,0.1172362193465232,104520,7.457369282683142e-05,0.0002237210784804,29056
1817,0.1048147398978471,0.1042785067111253,0.0053623369021806,0.1172393262386322,97528,7.454518768075704e-05,0.0002236355630422,29072
1818,0.1975456122308969,0.1971013993024826,0.0044421943021006,0.1172423288226127,101877,7.451667202030404e-05,0.0002235500160609,29088
1819,0.2739968635141849,0.2734906673431396,0.0050619169778656,0.1172452941536903,95826,7.44881458576876e-05,0.000223464437573,29104
1820,0.1983795762062072,0.1981249973177909,0.0025458378950133,0.1172483041882515,100400,7.445960920512745e-05,0.0002233788276153,29120
1821,0.263008564710617,0.2627817168831825,0.002268480398925,0.1172513514757156,103356,7.443106207484776e-05,0.0002232931862245,29136
1822,0.2095751315355301,0.2093550860881805,0.002200453513069,0.1172543242573738,103717,7.44025044790772e-05,0.0002232075134372,29152
1823,0.2629568837583065,0.2627416327595711,0.0021524738840525,0.1172572001814842,98902,7.437393643004898e-05,0.0002231218092901,29168
1824,0.1973156258463859,0.1970482356846332,0.0026739317690953,0.1172602549195289,100274,7.434535794000071e-05,0.00022303607382,29184
1825,0.1678363885730505,0.1671096421778202,0.0072674696566537,0.1172631606459617,96964,7.431676902117452e-05,0.0002229503070635,29200
1826,0.2276215404272079,0.2274006977677345,0.0022084056416815,0.1172661408782005,102848,7.428816968581701e-05,0.0002228645090574,29216
1827,0.2175285182893276,0.2172879837453365,0.0024053635133896,0.1172689571976661,102111,7.42595599461792e-05,0.0002227786798385,29232
1828,0.1700387690216303,0.1696583833545446,0.0038038886268623,0.1172716245055198,102191,7.423093981451661e-05,0.0002226928194435,29248
1829,0.2353357765823602,0.2350091226398944,0.0032664965474396,0.1172741949558258,102700,7.420230930308917e-05,0.0002226069279092,29264
1830,0.2322150003165006,0.2318731676787138,0.0034183396892331,0.1172767877578735,95774,7.417366842416133e-05,0.0002225210052724,29280
1831,0.192106369882822,0.1919468753039837,0.0015949561511661,0.1172793358564376,100550,7.414501719000187e-05,0.00022243505157,29296
1832,0.2232925817370414,0.2229753583669662,0.0031721916457172,0.1172822192311286,103382,7.411635561288413e-05,0.0002223490668386,29312
1833,0.1547344420105219,0.153797660022974,0.0093678336706943,0.1172851845622062,93189,7.408768370508576e-05,0.0002222630511152,29328
1834,0.2086260765790939,0.2084540650248527,0.0017201408409164,0.1172883063554763,102112,7.405900147888896e-05,0.0002221770044366,29344
1835,0.191608665511012,0.1912936754524707,0.0031498958851443,0.117291584610939,105139,7.403030894658023e-05,0.0002220909268397,29360
1836,0.1647848468273878,0.1643680334091186,0.0041681290895212,0.1172947362065315,101992,7.400160612045057e-05,0.0002220048183613,29376
1837,0.1579757463186979,0.1576614212244749,0.0031432626565219,0.1172976717352867,104585,7.397289301279533e-05,0.0002219186790383,29392
1838,0.1935603246092796,0.1929923221468925,0.0056800335296429,0.1173004284501075,97220,7.394416963591433e-05,0.0002218325089077,29408
1839,0.125630060210824,0.1253699101507663,0.0026014929608209,0.1173033416271209,104805,7.391543600211172e-05,0.0002217463080063,29424
1840,0.2402186095714569,0.2398076429963112,0.0041097010544035,0.1173060610890388,98213,7.388669212369611e-05,0.000221660076371,29440
1841,0.0753951482474803,0.0750001352280378,0.0039501312421634,0.117308884859085,102538,7.385793801298042e-05,0.0002215738140389,29456
1842,0.2399060409516096,0.2397396601736545,0.0016638441047689,0.1173115596175193,101235,7.382917368228204e-05,0.0002214875210468,29472
1843,0.2165796235203743,0.2163557633757591,0.0022386001219274,0.1173141598701477,95740,7.380039914392267e-05,0.0002214011974317,29488
1844,0.1713513489812612,0.1710345018655061,0.0031684932182542,0.1173167824745178,99741,7.377161441022842e-05,0.0002213148432306,29504
1845,0.1967555992305278,0.1965058296918869,0.0024977319117169,0.1173197925090789,103053,7.374281949352973e-05,0.0002212284584805,29520
1846,0.1755619468167424,0.1751650348305702,0.0039691387501079,0.1173227131366729,100127,7.371401440616146e-05,0.0002211420432184,29536
1847,0.2193621639162302,0.2187790460884571,0.0058312080072937,0.1173254996538162,99944,7.368519916046279e-05,0.0002210555974813,29552
1848,0.1997602693736553,0.19917818531394,0.0058208328264299,0.1173289492726326,100993,7.365637376877724e-05,0.0002209691213063,29568
1849,0.3835316449403763,0.3834638223052025,0.0006781693700759,0.1173323765397071,103671,7.362753824345272e-05,0.0002208826147303,29584
1850,0.1840077936649322,0.1834799740463495,0.005278148164507,0.1173356249928474,93285,7.35986925968414e-05,0.0002207960777905,29600
1851,0.1305329781025648,0.1302676983177662,0.0026527796289883,0.1173391565680503,104090,7.35698368412999e-05,0.0002207095105238,29616
1852,0.2210621312260627,0.2207016721367836,0.0036046107998117,0.1173425540328025,102567,7.354097098918907e-05,0.0002206229129675,29632
1853,0.1294217258691787,0.1289838925004005,0.0043783149449154,0.1173464283347129,101483,7.351209505287412e-05,0.0002205362851586,29648
1854,0.2301839590072631,0.2299089431762695,0.0027501477597979,0.117351047694683,97697,7.34832090447246e-05,0.0002204496271341,29664
1855,0.1957382541149854,0.1953365094959736,0.0040174034947995,0.1173557937145233,99740,7.345431297711436e-05,0.0002203629389313,29680
1856,0.1544051263481378,0.1538038291037082,0.0060129877201688,0.1173603609204292,95322,7.342540686242158e-05,0.0002202762205872,29696
1857,0.1959753707051277,0.1955842114984989,0.0039115724503062,0.1173646301031112,95117,7.339649071302867e-05,0.000220189472139,29712
1858,0.1822270089760422,0.1820596028119325,0.0016740742867114,0.1173687577247619,105393,7.336756454132243e-05,0.0002201026936239,29728
1859,0.2073529455810785,0.2071288414299488,0.0022410060191759,0.117372803390026,98813,7.333862835969389e-05,0.000220015885079,29744
1860,0.1817130763083696,0.181202296167612,0.0051078085089102,0.1173766925930976,101032,7.33096821805384e-05,0.0002199290465416,29760
1861,0.1710407603532076,0.1706460304558277,0.0039472685893997,0.1173805296421051,99616,7.328072601625557e-05,0.0002198421780487,29776
1862,0.1953259482979774,0.1948475763201713,0.0047837255697231,0.1173846796154975,97738,7.325175987924932e-05,0.0002197552796377,29792
1863,0.2518551871180534,0.2515641674399376,0.0029101864129188,0.1173887550830841,99706,7.322278378192783e-05,0.0002196683513457,29808
1864,0.2764467410743236,0.2763451747596264,0.0010157054312003,0.1173932999372482,105299,7.319379773670352e-05,0.0002195813932101,29824
1865,0.2379276342689991,0.2370899710804224,0.0083767023752443,0.1173974797129631,101990,7.316480175599309e-05,0.0002194944052679,29840
1866,0.2283961940556764,0.2282197996973991,0.0017639578918533,0.1174014806747436,100645,7.313579585221751e-05,0.0002194073875566,29856
1867,0.1755569819360971,0.1751732863485813,0.0038369858229998,0.1174055784940719,103267,7.310678003780197e-05,0.0002193203401134,29872
1868,0.1942369062453508,0.194031735882163,0.0020516743679763,0.1174094453454017,101502,7.307775432517595e-05,0.0002192332629755,29888
1869,0.197785148397088,0.1970058996230363,0.007792490592692,0.1174130737781524,96704,7.304871872677312e-05,0.0002191461561803,29904
1870,0.1958607956767082,0.1954029574990272,0.0045784072135575,0.1174168065190315,97686,7.301967325503142e-05,0.000219059019765,29920
1871,0.195760428905487,0.1955030765384435,0.0025735502713359,0.1174205690622329,97407,7.2990617922393e-05,0.0002189718537671,29936
1872,0.1829375009983778,0.1824038363993168,0.0053366291394922,0.1174241974949836,95513,7.296155274130425e-05,0.0002188846582239,29952
1873,0.1940006325021386,0.1933091022074222,0.0069153099611867,0.1174275502562522,101785,7.293247772421576e-05,0.0002187974331726,29968
1874,0.1875488236546516,0.1872340124100446,0.003148135219817,0.1174309849739074,103170,7.290339288358233e-05,0.0002187101786507,29984
1875,0.158873307518661,0.1585840499028563,0.0028925743536092,0.117434374988079,103756,7.287429823186303e-05,0.0002186228946955,30000
1876,0.190276026725769,0.190028116106987,0.0024791462201392,0.1174379810690879,101765,7.284519378152103e-05,0.0002185355813445,30016
1877,0.1925714947283268,0.1920337546616792,0.0053774177504237,0.1174415051937103,103741,7.28160795450238e-05,0.000218448238635,30032
1878,0.1762912198901176,0.1757372748106718,0.0055394213122781,0.1174451112747192,98027,7.278695553484292e-05,0.0002183608666045,30048
1879,0.1542063187807798,0.153312861919403,0.0089345704836887,0.1174488216638565,90842,7.27578217634542e-05,0.0002182734652903,30064
1880,0.1996351480484008,0.1994867511093616,0.001483958785684,0.1174525842070579,102256,7.272867824333762e-05,0.00021818603473,30080
1881,0.1164732668548822,0.1157525572925806,0.0072070978349074,0.1174562349915504,92591,7.269952498697734e-05,0.0002180985749609,30096
1882,0.1036495994776487,0.103302339091897,0.0034725863079074,0.1174598187208175,100387,7.267036200686171e-05,0.0002180110860205,30112
1883,0.2035666350275278,0.2027374431490898,0.0082919585620402,0.1174631044268608,97070,7.264118931548318e-05,0.0002179235679464,30128
1884,0.1710460651665926,0.1703618094325065,0.0068425733770709,0.1174663975834846,97454,7.261200692533844e-05,0.000217836020776,30144
1885,0.1540679242461919,0.1537677589803934,0.0030016441014595,0.1174697652459144,102654,7.258281484892829e-05,0.0002177484445467,30160
1886,0.2082457691431045,0.2076675780117511,0.0057819275243673,0.1174730584025383,101469,7.255361309875768e-05,0.0002176608392962,30176
1887,0.2761663682758808,0.2757475972175598,0.0041877831317833,0.1174761578440666,95041,7.252440168733572e-05,0.000217573205062,30192
1888,0.1764906868338585,0.1760559529066085,0.0043473401456139,0.1174794510006904,96802,7.249518062717565e-05,0.0002174855418815,30208
1889,0.2426911816000938,0.2424911726266145,0.0020001693701487,0.117482766509056,100473,7.246594993079482e-05,0.0002173978497923,30224
1890,0.2140230163931846,0.2136038318276405,0.0041917928610928,0.1174859032034874,96020,7.243670961071478e-05,0.0002173101288321,30240
1891,0.2460941672325134,0.245921928435564,0.0017223728573299,0.1174890473484993,98938,7.240745967946113e-05,0.0002172223790383,30256
1892,0.2003918886184692,0.200182132422924,0.0020975519728381,0.1174923777580261,102453,7.237820014956361e-05,0.0002171346004486,30272
1893,0.2297726906836033,0.2293805591762066,0.0039213295385707,0.1174958422780036,101647,7.234893103355607e-05,0.0002170467931006,30288
1894,0.2624318599700928,0.2621897347271442,0.0024212480930145,0.1174995154142379,104752,7.231965234397645e-05,0.0002169589570319,30304
1895,0.1484486833214759,0.1475940477102995,0.0085463365539908,0.1175030693411827,101433,7.229036409336687e-05,0.0002168710922801,30320
1896,0.2414057068526744,0.2411744855344295,0.0023122259226511,0.1175063848495483,98181,7.226106629427342e-05,0.0002167831988828,30336
1897,0.1971785686910152,0.196491077542305,0.0068749575584661,0.1175096780061721,105189,7.223175895924638e-05,0.0002166952768777,30352
1898,0.1945070102810859,0.1942362673580646,0.0027074648824054,0.1175127625465393,98599,7.220244210084008e-05,0.0002166073263025,30368
1899,0.2263269908726215,0.2261671759188175,0.0015981539472704,0.1175159215927124,103694,7.217311573161293e-05,0.0002165193471948,30384
1900,0.2264281660318374,0.2261336557567119,0.002945112195448,0.1175190582871437,98328,7.214377986412741e-05,0.0002164313395923,30400
1901,0.2197512090206146,0.2189960554242134,0.0075515185599215,0.1175219267606735,101589,7.211443451095007e-05,0.0002163433035328,30416
1902,0.1579674500972032,0.1574270576238632,0.0054039531969465,0.1175248771905899,97742,7.208507968465154e-05,0.0002162552390539,30432
1903,0.2255276944488287,0.22535115852952,0.0017654134936719,0.117527961730957,97644,7.205571539780648e-05,0.0002161671461934,30448
1904,0.1717256680130958,0.1709117069840431,0.0081395988818258,0.1175307556986808,94965,7.202634166299364e-05,0.0002160790249889,30464
1905,0.2021265085786581,0.2020049579441547,0.0012154819087299,0.1175334900617599,101522,7.199695849279576e-05,0.0002159908754783,30480
1906,0.1894515454769134,0.1893215980380773,0.0012994668255714,0.1175366565585136,99234,7.196756589979969e-05,0.0002159026976993,30496
1907,0.131642946973443,0.1313695404678583,0.0027340551823726,0.1175397932529449,98211,7.193816389659626e-05,0.0002158144916897,30512
1908,0.1831008289009332,0.1829097345471382,0.0019109544773527,0.1175429299473762,100355,7.190875249578037e-05,0.0002157262574873,30528
1909,0.2527871318161487,0.2527131699025631,0.0007396632190648,0.1175462901592254,102901,7.187933170995094e-05,0.0002156379951298,30544
1910,0.1581797823309898,0.1577822491526603,0.0039753089004079,0.1175495386123657,95007,7.184990155171086e-05,0.0002155497046551,30560
1911,0.1892667058855295,0.1885853558778762,0.0068134637767798,0.1175526157021522,95988,7.18204620336671e-05,0.000215461386101,30576
1912,0.1961170006543398,0.195876307785511,0.0024069007995422,0.1175556555390358,103603,7.179101316843062e-05,0.0002153730395052,30592
1913,0.1864487789571285,0.1857203282415866,0.0072845129470806,0.1175585836172103,98638,7.176155496861638e-05,0.0002152846649058,30608
1914,0.2093573920428753,0.2092115618288517,0.0014583008887711,0.1175616383552551,97933,7.173208744684332e-05,0.0002151962623405,30624
1915,0.2427630499005317,0.2422541677951812,0.0050888312980532,0.1175645664334297,104402,7.17026106157344e-05,0.0002151078318472,30640
1916,0.2258832417428493,0.2250899374485016,0.0079330809094244,0.117567278444767,97021,7.167312448791655e-05,0.0002150193734637,30656
1917,0.1644809674471616,0.1641668956726789,0.003140688429994,0.1175699681043624,99194,7.164362907602072e-05,0.000214930887228,30672
1918,0.2182166054844856,0.217802669852972,0.0041394174295419,0.1175725534558296,97030,7.161412439268175e-05,0.000214842373178,30688
1919,0.2196806445717811,0.2194436527788639,0.0023699421617493,0.117575466632843,99114,7.158461045053856e-05,0.0002147538313516,30704
1920,0.1861831732094288,0.1858647018671035,0.0031847003556322,0.1175782904028892,99243,7.155508726223395e-05,0.0002146652617867,30720
1921,0.1701235361397266,0.1699363626539707,0.0018717060302151,0.1175812035799026,102033,7.152555484041476e-05,0.0002145766645212,30736
1922,0.1477162763476371,0.1475024484097957,0.002138301031664,0.1175840273499488,102455,7.149601319773172e-05,0.0002144880395931,30752
1923,0.1862013190984726,0.1859155222773552,0.0028579591198649,0.1175868958234787,100348,7.146646234683951e-05,0.0002143993870405,30768
1924,0.2240102179348468,0.2236553244292736,0.0035489387228153,0.1175895631313324,100780,7.143690230039679e-05,0.0002143107069011,30784
1925,0.151044538244605,0.1509351041167974,0.001094317958632,0.1175923347473144,102592,7.140733307106615e-05,0.0002142219992131,30800
1926,0.2057527359575033,0.2053046561777591,0.0044808286183979,0.1175950244069099,100437,7.137775467151411e-05,0.0002141332640145,30816
1927,0.1408099681138992,0.1404870897531509,0.0032287569338222,0.1175974756479263,96584,7.134816711441112e-05,0.0002140445013432,30832
1928,0.2097439765930175,0.209354817867279,0.003891601714713,0.1175998747348785,100841,7.131857041243152e-05,0.0002139557112372,30848
1929,0.2905813753604889,0.2903422489762306,0.0023912041942821,0.1176022365689277,101861,7.128896457825364e-05,0.0002138668937347,30864
1930,0.2133537642657756,0.213090244680643,0.0026351828128099,0.1176049932837486,101143,7.125934962455964e-05,0.0002137780488736,30880
1931,0.1942618582397699,0.1938827615231275,0.0037909864040557,0.1176077648997306,101385,7.122972556403567e-05,0.0002136891766921,30896
1932,0.1584298629313707,0.1580752357840538,0.0035462738014757,0.1176106110215187,102361,7.120009240937168e-05,0.0002136002772281,30912
1933,0.1920998767018318,0.1916360110044479,0.004638667567633,0.1176133602857589,100727,7.117045017326162e-05,0.0002135113505197,30928
1934,0.2322164475917816,0.2320487629622221,0.0016768534824223,0.1176161915063858,98703,7.114079886840326e-05,0.0002134223966052,30944
1935,0.1486720573157072,0.1483281925320625,0.0034386306360829,0.1176192387938499,99155,7.111113850749828e-05,0.0002133334155224,30960
1936,0.2576240189373493,0.2572933435440063,0.0033067957265302,0.1176220774650573,96378,7.108146910325223e-05,0.0002132444073097,30976
1937,0.2166597545146942,0.2160688415169716,0.0059090914292028,0.1176246777176857,93506,7.105179066837456e-05,0.0002131553720051,30992
1938,0.1989171355962753,0.1981276534497738,0.0078948294976726,0.1176270544528961,95001,7.102210321557855e-05,0.0002130663096467,31008
1939,0.1364255137741565,0.1356152258813381,0.008102863386739,0.1176292523741722,98871,7.099240675758137e-05,0.0002129772202727,31024
1940,0.2329313345253467,0.2320233434438705,0.0090799262130758,0.1176311150193214,96647,7.096270130710403e-05,0.0002128881039213,31040
1941,0.1781495101749897,0.1775912158191204,0.0055829286429798,0.1176334917545318,98535,7.09329868768714e-05,0.0002127989606306,31056
1942,0.1925943605601787,0.1920399572700262,0.0055440284195356,0.1176357865333557,99722,7.090326347961223e-05,0.0002127097904388,31072
1943,0.2843398358672857,0.2842043451964855,0.0013549309369409,0.1176384687423706,97847,7.087353112805905e-05,0.0002126205933841,31088
1944,0.2041651885956525,0.2038390282541513,0.0032616026001051,0.1176412776112556,99645,7.084378983494824e-05,0.0002125313695048,31104
1945,0.1541577372699976,0.153584323823452,0.0057341124629601,0.1176442578434944,97917,7.081403961302006e-05,0.000212442118839,31120
1946,0.1928641833364963,0.1923552341759205,0.0050894924206659,0.1176474839448928,104006,7.078428047501855e-05,0.000212352841425,31136
1947,0.2184211835265159,0.2179630137979984,0.004581666435115,0.11765056848526,104483,7.075451243369157e-05,0.000212263537301,31152
1948,0.1853514369577169,0.1850933376699686,0.0025809921644395,0.1176535785198211,100144,7.07247355017908e-05,0.0002121742065053,31168
1949,0.2901450917124748,0.2899583242833614,0.001867693314125,0.1176564022898674,102620,7.069494969207174e-05,0.0002120848490762,31184
1950,0.2011029701679945,0.200624955818057,0.0047801658220123,0.1176592335104942,100833,7.06651550172937e-05,0.0002119954650518,31200
1951,0.1683180313557386,0.1675888858735561,0.007291463567526,0.1176619008183479,92827,7.063535149021973e-05,0.0002119060544706,31216
1952,0.1927623068913817,0.1923183603212237,0.0044394772849045,0.1176642999053001,102536,7.060553912361677e-05,0.0002118166173708,31232
1953,0.1046535689383745,0.1044926103204488,0.0016096070030471,0.1176674142479896,99960,7.057571793025544e-05,0.0002117271537907,31248
1954,0.2844996266067028,0.2840623743832111,0.004372476862045,0.1176702976226806,100310,7.054588792291022e-05,0.0002116376637687,31264
1955,0.2360138744115829,0.2357158027589321,0.0029807516548316,0.1176729872822761,104611,7.051604911435932e-05,0.000211548147343,31280
1956,0.1101450119167566,0.1094574797898531,0.0068753239756915,0.1176762133836746,96499,7.048620151738477e-05,0.0002114586045521,31296
1957,0.1596709936857223,0.1594652291387319,0.0020576505339704,0.1176794618368148,103397,7.045634514477229e-05,0.0002113690354343,31312
1958,0.1613857261836528,0.1612046472728252,0.0018107899522874,0.1176827475428581,95850,7.042648000931144e-05,0.0002112794400279,31328
1959,0.1497437926009297,0.1496386053040623,0.0010518800409045,0.1176860928535461,98768,7.039660612379546e-05,0.0002111898183713,31344
1960,0.2154317274689674,0.2151337563991546,0.0029796607777825,0.1176894307136535,102610,7.03667235010214e-05,0.000211100170503,31360
1961,0.2264376059174537,0.2259857356548309,0.0045187015057308,0.1176926419138908,99910,7.033683215379002e-05,0.0002110104964613,31376
1962,0.1635720171034336,0.1624817382544279,0.0109028231818228,0.1176956817507743,101381,7.03069320949058e-05,0.0002109207962847,31392
1963,0.1911461073905229,0.1904650554060936,0.006810563878389,0.1176986396312713,98098,7.027702333717702e-05,0.0002108310700115,31408
1964,0.1450910940766334,0.1441679075360298,0.0092318841197993,0.1177014112472534,96517,7.024710589341561e-05,0.0002107413176802,31424
1965,0.2029184568673372,0.2021207604557275,0.0079769220901653,0.1177043169736862,100305,7.021717977643726e-05,0.0002106515393293,31440
1966,0.249441921710968,0.2493680939078331,0.0007382429448625,0.1177070960402488,102645,7.018724499906135e-05,0.0002105617349971,31456
1967,0.1536975018680095,0.1533470712602138,0.0035042938252445,0.1177099123597145,95980,7.015730157411102e-05,0.0002104719047223,31472
1968,0.1996282171458006,0.1993938684463501,0.0023434874601662,0.1177126318216323,99417,7.012734951441307e-05,0.0002103820485432,31488
1969,0.1687817350029945,0.1682790629565715,0.0050267068727407,0.1177156344056129,95741,7.009738883279802e-05,0.0002102921664983,31504
1970,0.1931885611265897,0.1929001249372959,0.0028843995241913,0.1177189648151397,102137,7.006741954210004e-05,0.0002102022586263,31520
1971,0.1540513206273317,0.1536909788846969,0.0036034425138495,0.1177224367856979,97188,7.003744165515705e-05,0.0002101123249654,31536
1972,0.2089069504290819,0.2086435686796903,0.0026337641756981,0.1177257820963859,105018,7.000745518481062e-05,0.0002100223655544,31552
1973,0.176600880920887,0.1760688610374927,0.0053201603295747,0.1177290454506874,94005,6.997746014390601e-05,0.0002099323804317,31568
1974,0.2404350284487009,0.2402321342378854,0.0020289550011511,0.117732286453247,104273,6.994745654529212e-05,0.0002098423696358,31584
1975,0.2022123262286186,0.2017797976732254,0.0043253267867839,0.1177356839179992,98548,6.991744440182155e-05,0.0002097523332054,31600
1976,0.1914773564785719,0.1908915787935257,0.0058577971794875,0.1177389472723007,103267,6.988742372635056e-05,0.000209662271179,31616
1977,0.1144615150988102,0.113759746775031,0.007017659896519,0.117742121219635,99328,6.985739453173903e-05,0.0002095721835952,31632
1978,0.1535608656704425,0.1531366631388664,0.0042420444224262,0.117745466530323,101638,6.982735683085056e-05,0.0002094820704925,31648
1979,0.1604317985475063,0.1601110156625509,0.0032078433141577,0.1177487298846244,98472,6.979731063655227e-05,0.0002093919319096,31664
1980,0.1856061965227127,0.1851240377873182,0.004821570822969,0.1177518516778945,95956,6.976725596171505e-05,0.0002093017678851,31680
1981,0.2206350415945053,0.2202674150466919,0.0036762373347301,0.1177548691630363,101278,6.973719281921335e-05,0.0002092115784576,31696
1982,0.2258139289915561,0.2255523353815078,0.0026159707340411,0.1177579462528228,95231,6.970712122192531e-05,0.0002091213636657,31712
1983,0.1077194921672344,0.1073624109849333,0.003570802960894,0.1177612170577049,101970,6.967704118273258e-05,0.0002090311235481,31728
1984,0.2293186336755752,0.228710189461708,0.0060844344552606,0.1177642792463302,91047,6.964695271452052e-05,0.0002089408581435,31744
1985,0.179917573928833,0.1793822087347507,0.0053536417544819,0.117767222225666,100199,6.961685583017808e-05,0.0002088505674905,31760
1986,0.2194729149341583,0.2190903909504413,0.0038251861169555,0.1177703961730003,97892,6.95867505425978e-05,0.0002087602516277,31776
1987,0.1516204113140702,0.151356790214777,0.0026361939962953,0.1177735552191734,101103,6.955663686467585e-05,0.000208669910594,31792
1988,0.1501328963786363,0.149803607724607,0.003292882698588,0.1177766621112823,91450,6.952651480931193e-05,0.0002085795444279,31808
1989,0.1440947353839874,0.1437413934618234,0.0035334224521648,0.1177797615528106,96752,6.949638438940942e-05,0.0002084891531682,31824
1990,0.1984864473342895,0.1983335558325052,0.0015289178918465,0.117784097790718,103742,6.94662456178752e-05,0.0002083987368536,31840
1991,0.2441854923963546,0.2436471469700336,0.0053834467253182,0.1177879869937896,103353,6.943609850761979e-05,0.0002083082955228,31856
1992,0.1513220146298408,0.1510608438402414,0.0026116657136299,0.1177918687462806,101285,6.940594307155724e-05,0.0002082178292146,31872
1993,0.1373616103082895,0.1370235811918974,0.0033803050755523,0.1177958473563194,98563,6.937577932260515e-05,0.0002081273379678,31888
1994,0.2042974140495062,0.2036927696317434,0.0060464632115326,0.1177993938326835,93831,6.934560727368477e-05,0.000208036821821,31904
1995,0.1655962988734245,0.165233064442873,0.0036323471431387,0.1178031787276268,104058,6.931542693772081e-05,0.0002079462808131,31920
1996,0.2126178182661533,0.2121669016778469,0.0045091835781931,0.1178067028522491,98028,6.928523832764158e-05,0.0002078557149829,31936
1997,0.1156574208289384,0.1148921977728605,0.007652232190594,0.1178101673722267,103483,6.925504145637891e-05,0.0002077651243691,31952
1998,0.2387343384325504,0.2383382469415664,0.0039608790375496,0.1178134232759475,96892,6.922483633686818e-05,0.0002076745090106,31968
1999,0.3211783766746521,0.3207884430885315,0.003899390794686,0.1178164184093475,99188,6.919462298204834e-05,0.0002075838689461,31984
2000,0.2190175727009773,0.2187333274632692,0.0028424510401237,0.1178194060921669,99113,6.916440140486177e-05,0.0002074932042145,32000
2001,0.145259459502995,0.1449585892260074,0.0030087118939263,0.1178223565220832,102120,6.91341716182545e-05,0.0002074025148547,32016
2002,0.1951511669903993,0.1944632176309824,0.006879472755827,0.1178255379199981,98909,6.910393363517596e-05,0.0002073118009055,32032
2003,0.1861313693225383,0.1856466718018055,0.00484693791077,0.117828756570816,104281,6.907368746857914e-05,0.0002072210624057,32048
2004,0.2872791662812233,0.2867121659219265,0.0056700416316743,0.1178320124745369,98040,6.904343313142059e-05,0.0002071302993942,32064
2005,0.2272532507777214,0.227055300027132,0.0019794948966591,0.1178352013230323,99663,6.901317063666025e-05,0.0002070395119099,32080
2006,0.2658516243100166,0.2653370648622513,0.0051456406654324,0.1178382113575935,97103,6.898289999726164e-05,0.0002069486999917,32096
2007,0.2601061016321182,0.2599759474396705,0.0013015064123464,0.1178410425782203,102937,6.895262122619174e-05,0.0002068578636785,32112
2008,0.2144362926483154,0.2143240980803966,0.0011219646003155,0.117843821644783,99808,6.892233433642099e-05,0.0002067670030092,32128
2009,0.1659664250910282,0.1654200386255979,0.0054638469882775,0.1178464964032173,100791,6.889203934092336e-05,0.0002066761180227,32144
2010,0.1409268956631422,0.1403687410056591,0.0055815336527302,0.1178491339087486,100958,6.886173625267625e-05,0.000206585208758,32160
2011,0.1369107440114021,0.1364234313368797,0.0048731187707744,0.1178516894578933,98770,6.883142508466054e-05,0.0002064942752539,32176
2012,0.1571545656770467,0.1567138712853193,0.0044069553405279,0.1178541556000709,99344,6.880110584986058e-05,0.0002064033175495,32192
2013,0.2695593908429146,0.2691341638565063,0.0042523229785729,0.1178565025329589,97902,6.877077856126416e-05,0.0002063123356837,32208
2014,0.1933072190731763,0.1931839697062969,0.0012324702402111,0.1178588718175888,97640,6.874044323186253e-05,0.0002062213296955,32224
2015,0.2057296559214592,0.2053049840033054,0.0042467127204872,0.1178613454103469,98164,6.871009987465036e-05,0.0002061302996239,32240
2016,0.2032157331705093,0.2026071846485138,0.0060854358889628,0.1178638562560081,100022,6.867974850262582e-05,0.0002060392455078,32256
2017,0.258467236533761,0.2582218591123819,0.0024537545677958,0.1178665831685066,101472,6.864938912879046e-05,0.0002059481673863,32272
2018,0.133647434413433,0.1333885826170444,0.0025885228242259,0.1178696006536483,105142,6.861902176614926e-05,0.0002058570652984,32288
2019,0.1764965523034334,0.1763052940368652,0.0019125474682368,0.1178725957870483,105088,6.858864642771061e-05,0.0002057659392831,32304
2020,0.1440375577658414,0.1439136750996112,0.0012388418836053,0.1178754866123199,101818,6.855826312648638e-05,0.0002056747893794,32320
2021,0.1359922178089618,0.1354112699627876,0.0058094724954571,0.1178784817457199,103820,6.852787187549182e-05,0.0002055836156264,32336
2022,0.1989323291927576,0.198744460940361,0.0018786887812893,0.117881529033184,102414,6.849747268774553e-05,0.0002054924180632,32352
2023,0.138881554827094,0.1384507957845926,0.0043075657449662,0.1178846582770347,102788,6.84670655762696e-05,0.0002054011967288,32368
2024,0.1850350052118301,0.1846679523587227,0.0036705071906908,0.1178876236081123,100472,6.843665055408943e-05,0.0002053099516622,32384
2025,0.2050886396318674,0.2047972828149795,0.0029135740514902,0.1178904995322227,99647,6.840622763423391e-05,0.0002052186829027,32400
2026,0.2120491154491901,0.2117994651198387,0.0024965323682408,0.1178933009505271,99926,6.837579682973518e-05,0.0002051273904892,32416
2027,0.2921039685606956,0.2919293902814388,0.0017457656722399,0.1178958937525749,104137,6.834535815362888e-05,0.0002050360744608,32432
2028,0.2356377281248569,0.2355710864067077,0.000666386598823,0.1178986653685569,100897,6.831491161895395e-05,0.0002049447348568,32448
2029,0.1908195475116372,0.1905468804761767,0.0027266553952358,0.1179014667868614,102228,6.828445723875272e-05,0.0002048533717162,32464
2030,0.2391812093555927,0.2390480265021324,0.001331828207185,0.1179043427109718,98944,6.825399502607088e-05,0.0002047619850782,32480
2031,0.1873149797320366,0.1869438979774713,0.0037107603857293,0.117907240986824,101171,6.82235249939575e-05,0.0002046705749818,32496
2032,0.1814822554588318,0.1813366673886776,0.0014558996117557,0.1179101765155792,97062,6.819304715546492e-05,0.0002045791414663,32512
2033,0.1908945888280868,0.1906194277107715,0.002751608233666,0.117912970483303,99416,6.816256152364892e-05,0.0002044876845709,32528
2034,0.2435247749090194,0.2431133948266506,0.0041137407824862,0.1179158240556716,100857,6.813206811156857e-05,0.0002043962043347,32544
2035,0.2053855154663324,0.2051315931603312,0.0025392379066033,0.1179184988141059,100260,6.810156693228626e-05,0.0002043047007968,32560
2036,0.2480749599635601,0.2477752901613712,0.0029967305454192,0.117921195924282,96737,6.807105799886776e-05,0.0002042131739966,32576
2037,0.1899233348667621,0.1894125547260046,0.0051077702737529,0.117923803627491,95510,6.80405413243821e-05,0.0002041216239731,32592
2038,0.2410318367183208,0.2408317439258098,0.0020009073632536,0.11792653799057,103134,6.801001692190166e-05,0.0002040300507657,32608
2039,0.2086632587015628,0.2082566916942596,0.0040656633063917,0.1179292574524879,97702,6.797948480450212e-05,0.0002039384544135,32624
2040,0.1350634004920721,0.1344645749777555,0.0059882243949687,0.117931991815567,98125,6.794894498526248e-05,0.0002038468349557,32640
2041,0.2021394371986389,0.2012888342142105,0.0085060045530553,0.1179345250129699,93752,6.7918397477265e-05,0.0002037551924317,32656
2042,0.1855024602264166,0.1851223483681678,0.0038011590731912,0.1179369464516639,101346,6.788784229359533e-05,0.0002036635268807,32672
2043,0.1852172948420047,0.1848103068768978,0.0040698606753721,0.1179393380880355,102535,6.785727944734228e-05,0.000203571838342,32688
2044,0.1749498732388019,0.1747169308364391,0.0023294071725104,0.1179418861865997,104045,6.7826708951598e-05,0.0002034801268547,32704
2045,0.2457407936453819,0.2455872632563114,0.0015353474827861,0.1179443225264549,103598,6.779613081945795e-05,0.0002033883924583,32720
2046,0.1367104165256023,0.1364144459366798,0.0029596987296827,0.1179465278983116,98868,6.776554506402081e-05,0.000203296635192,32736
2047,0.1682163644582033,0.167878745123744,0.0033762146958906,0.1179488375782966,98723,6.773495169838857e-05,0.0002032048550951,32752
2048,0.28355747833848,0.2833787500858307,0.0017872098601401,0.1179510131478309,101811,6.770435073566642e-05,0.0002031130522069,32768
2049,0.1739160194993019,0.1736468598246574,0.0026916131027974,0.117953322827816,100018,6.767374218896286e-05,0.0002030212265668,32784
2050,0.149976460263133,0.1495709121227264,0.0040554720326326,0.1179558709263801,97350,6.764312607138963e-05,0.0002029293782141,32800
2051,0.3609709218144417,0.3605981469154358,0.003727765099029,0.1179582551121711,101102,6.761250239606169e-05,0.0002028375071881,32816
2052,0.2100950591266155,0.2097612526267767,0.0033380721870344,0.1179608330130577,102425,6.758187117609725e-05,0.0002027456135282,32832
2053,0.2292082961648702,0.2288049049675464,0.0040339185034099,0.1179638803005218,104147,6.755123242461774e-05,0.0002026536972738,32848
2054,0.1380227357149124,0.1373706627637148,0.0065207385341636,0.1179667264223098,101853,6.752058615474783e-05,0.0002025617584642,32864
2055,0.2099124938249588,0.2090698089450597,0.0084268928621895,0.1179692968726158,101570,6.748993237961544e-05,0.0002024697971388,32880
2056,0.1122040785849094,0.1118640284985303,0.0034004719927906,0.1179720312356948,105167,6.745927111235165e-05,0.000202377813337,32896
2057,0.1742168664932251,0.1739329621195793,0.0028390357620082,0.1179750561714172,102337,6.742860236609077e-05,0.0002022858070982,32912
2058,0.2395056709647178,0.2390695624053478,0.0043610784923657,0.117977924644947,98638,6.739792615397032e-05,0.0002021937784619,32928
2059,0.2330303788185119,0.232894878834486,0.0013550039002439,0.1179806888103485,104859,6.736724248913101e-05,0.0002021017274673,32944
2060,0.1892596147954464,0.1890217438340187,0.0023786913698131,0.1179836615920066,102475,6.733655138471677e-05,0.0002020096541541,32960
2061,0.2148930132389068,0.2145498692989349,0.0034314503427594,0.1179866045713424,99395,6.730585285387465e-05,0.0002019175585616,32976
2062,0.1938909124583006,0.1937958169728517,0.0009509130104561,0.1179896891117096,100748,6.727514690975497e-05,0.0002018254407292,32992
2063,0.1759159564971923,0.1753821820020675,0.005337747366866,0.1179927438497543,101569,6.724443356551115e-05,0.0002017333006965,33008
2064,0.1908156545832753,0.1899037435650825,0.0091190753155387,0.1179955527186393,95159,6.721371283429984e-05,0.0002016411385028,33024
2065,0.1686428301036358,0.1683463044464588,0.0029652243392774,0.1179983168840408,104691,6.718298472928082e-05,0.0002015489541878,33040
2066,0.1870840303599834,0.186813723295927,0.0027030583732994,0.1180010512471199,103233,6.7152249263617e-05,0.0002014567477908,33056
2067,0.1368727944791317,0.13654650375247,0.0032629102715873,0.1180038675665855,100499,6.71215064504745e-05,0.0002013645193514,33072
2068,0.2558973375707865,0.2557722330093384,0.0012510565356933,0.1180066168308258,101179,6.709075630302258e-05,0.000201272268909,33088
2069,0.1456422694027423,0.1447176244109869,0.009246472196537,0.1180091947317123,90782,6.70599988344336e-05,0.0002011799965033,33104
2070,0.2850036285817623,0.2845842987298965,0.0041932739986805,0.1180116236209869,99131,6.70292340578831e-05,0.0002010877021736,33120
2071,0.2033698633313179,0.2025983296334743,0.0077152953026597,0.1180138811469078,95754,6.699846198654971e-05,0.0002009953859596,33136
2072,0.1435441747307777,0.1432477384805679,0.0029643998714163,0.1180161163210868,102574,6.696768263361524e-05,0.0002009030479008,33152
2073,0.1544583309441805,0.1543026361614465,0.0015569616662105,0.1180183067917823,101581,6.693689601226458e-05,0.0002008106880367,33168
2074,0.2282449752092361,0.2277363464236259,0.0050862652860814,0.1180204972624778,100498,6.690610213568572e-05,0.000200718306407,33184
2075,0.2103821597993374,0.2101446092128753,0.0023754881112836,0.1180226504802703,100884,6.687530101706978e-05,0.0002006259030512,33200
2076,0.1851592976599931,0.1850383896380663,0.0012090892632841,0.1180249601602554,99239,6.6844492669611e-05,0.0002005334780088,33216
2077,0.2474588807672262,0.247135728597641,0.0032315526973718,0.1180272698402404,100794,6.68136771065067e-05,0.0002004410313195,33232
2078,0.1632285360246896,0.1630262453109026,0.0020229225046932,0.1180300489068031,99943,6.678285434095727e-05,0.0002003485630228,33248
2079,0.1314319372177124,0.1312650218605995,0.0016691376949893,0.1180328503251075,98742,6.67520243861662e-05,0.0002002560731584,33264
2080,0.2120280303061008,0.2119392417371273,0.0008878761655068,0.1180355474352836,96922,6.672118725534007e-05,0.000200163561766,33280
2081,0.2518508117645979,0.2516713589429855,0.0017945490180863,0.1180385798215866,100697,6.669034296168855e-05,0.000200071028885,33296
2082,0.2387455608695745,0.2384504247456789,0.0029513717381632,0.1180414333939552,99213,6.665949151842435e-05,0.0001999784745552,33312
2083,0.2166430298238992,0.216323472559452,0.003195614714059,0.1180441454052925,100514,6.66286329387632e-05,0.0001998858988162,33328
2084,0.1006805980578064,0.100367285311222,0.0031331200734712,0.1180469468235969,97503,6.659776723592396e-05,0.0001997933017077,33344
2085,0.2176446542143821,0.2173467501997947,0.0029790607586619,0.1180495545268058,100059,6.656689442312855e-05,0.0001997006832693,33360
2086,0.2334866654127836,0.2332515530288219,0.002351177001401,0.1180520132184028,99708,6.653601451360188e-05,0.0001996080435408,33376
2087,0.1425753571093082,0.1420226637274027,0.0055269054282689,0.1180543676018714,102252,6.65051275205719e-05,0.0001995153825617,33392
2088,0.1568205505609512,0.1559459641575813,0.0087458347843494,0.1180567070841789,101866,6.647423345726966e-05,0.0001994227003718,33408
2089,0.2185943461954593,0.218331754207611,0.0026259492224198,0.1180590018630027,99619,6.644333233692916e-05,0.0001993299970107,33424
2090,0.1560836192220449,0.1557278297841549,0.0035579497925937,0.118061289191246,95935,6.641242417278748e-05,0.0001992372725183,33440
2091,0.2127580661326646,0.212042648345232,0.0071541464421898,0.1180636063218116,98257,6.638150897808468e-05,0.0001991445269342,33456
2092,0.1853491924703121,0.1849858835339546,0.0036330800212454,0.1180658638477325,102397,6.635058676606385e-05,0.0001990517602981,33472
2093,0.1650927476584911,0.1644466072320938,0.0064614148868713,0.1180678158998489,95561,6.63196575499711e-05,0.0001989589726499,33488
2094,0.2569081857800483,0.2567557767033577,0.0015240744687616,0.1180698797106742,102575,6.628872134305549e-05,0.0001988661640291,33504
2095,0.2504434790462255,0.2503436002880335,0.0009987601843022,0.1180720478296279,103081,6.625777815856916e-05,0.0001987733344757,33520
2096,0.1813158243894577,0.1810085289180278,0.0030729321006219,0.1180742159485817,99643,6.622682800976711e-05,0.0001986804840293,33536
2097,0.1739809233695268,0.1736113466322422,0.0036957770935259,0.118076391518116,101132,6.619587090990748e-05,0.0001985876127297,33552
2098,0.1379485912621021,0.137518398463726,0.0043019306322094,0.1180785745382309,96482,6.616490687225126e-05,0.0001984947206167,33568
2099,0.17837087623775,0.1778201907873153,0.0055068635192583,0.1180807799100875,100555,6.613393591006247e-05,0.0001984018077301,33584
2100,0.1996193695813417,0.1991784013807773,0.0044096902565797,0.1180828437209129,103332,6.61029580366081e-05,0.0001983088741098,33600
2101,0.1419165935367345,0.1410767417401075,0.0083985057863174,0.1180847957730293,97055,6.607197326515808e-05,0.0001982159197954,33616
2102,0.1214955020695924,0.121058015152812,0.0043748675961978,0.1180869117379188,98430,6.60409816089853e-05,0.0001981229448269,33632
2103,0.2281638514250517,0.2277819402515888,0.0038191033963812,0.1180890277028083,98505,6.600998308136559e-05,0.000198029949244,33648
2104,0.1274398881942033,0.1270595993846655,0.0038028827984817,0.1180912107229232,103254,6.597897769557775e-05,0.0001979369330867,33664
2105,0.1567239072173833,0.1562484726309776,0.0047543077671434,0.1180937513709068,97028,6.594796546490351e-05,0.0001978438963947,33680
2106,0.1430989289656281,0.1427934123203158,0.0030551904201274,0.1180962100625038,100871,6.591694640262749e-05,0.0001977508392078,33696
2107,0.1827774103730917,0.1821714825928211,0.0060592624940909,0.1180985793471336,99327,6.588592052203731e-05,0.0001976577615661,33712
2108,0.1483408343046903,0.1478783898055553,0.0046244382392615,0.1181007474660873,96735,6.585488783642344e-05,0.0001975646635092,33728
2109,0.1687156148254871,0.1681510992348194,0.0056451557320542,0.1181028559803962,100126,6.582384835907931e-05,0.0001974715450772,33744
2110,0.2218491435050964,0.2213906347751617,0.0045851254690205,0.1181048676371574,96836,6.579280210330126e-05,0.0001973784063099,33760
2111,0.2243810072541237,0.2239269129931926,0.0045409263693727,0.1181068792939186,101211,6.57617490823885e-05,0.0001972852472471,33776
2112,0.2009463440626859,0.2007908560335636,0.0015548701776424,0.1181092411279678,103413,6.573068930964316e-05,0.0001971920679289,33792
2113,0.2517230734229088,0.2514375373721123,0.0028553373995237,0.1181115061044693,97557,6.569962279837026e-05,0.0001970988683951,33808
2114,0.1575826052576303,0.1570192147046327,0.0056339513685088,0.1181138902902603,90980,6.56685495618777e-05,0.0001970056486856,33824
2115,0.1422085519880056,0.1420460287481546,0.0016252153000095,0.1181163191795349,101858,6.56374696134763e-05,0.0001969124088404,33840
2116,0.2375132795423269,0.2374027948826551,0.0011048377282349,0.1181189268827438,103642,6.560638296647969e-05,0.0001968191488994,33856
2117,0.2501281984150409,0.2492425888776779,0.0088560305302962,0.1181214079260826,100247,6.557528963420442e-05,0.0001967258689026,33872
2118,0.194328112527728,0.1941640581935644,0.0016405624046456,0.1181239634752273,101819,6.554418962996987e-05,0.0001966325688899,33888
2119,0.1905217356979847,0.1892706733196973,0.0125106467166915,0.1181261986494064,97438,6.551308296709829e-05,0.0001965392489012,33904
2120,0.1695373281836509,0.1693736352026462,0.0016368977376259,0.1181284189224243,102327,6.548196965891481e-05,0.0001964459089767,33920
2121,0.1534662321209907,0.152583759278059,0.008824718883261,0.1181308403611183,99881,6.545084971874738e-05,0.0001963525491562,33936
2122,0.1560743376612663,0.1558125056326389,0.0026183038135059,0.1181333288550376,100866,6.541972315992678e-05,0.0001962591694797,33952
2123,0.1706670653074979,0.1702497377991676,0.004173305715085,0.1181357875466346,98360,6.538858999578663e-05,0.0001961657699873,33968
2124,0.2147680204361677,0.2145013157278299,0.002667044987902,0.1181382536888122,102280,6.53574502396634e-05,0.0001960723507189,33984
2125,0.203484408557415,0.20306346565485,0.0042094882082892,0.1181408390402793,97758,6.53263039048964e-05,0.0001959789117146,34000
2126,0.188949953764677,0.1886393018066883,0.0031065163202583,0.1181433349847793,105850,6.529515100482768e-05,0.0001958854530144,34016
2127,0.1308623123914003,0.1307297945022583,0.0013251460659375,0.1181462928652763,103175,6.526399155280219e-05,0.0001957919746584,34032
2128,0.1767192762345075,0.176191309466958,0.0052796722156926,0.11814945936203,94291,6.523282556216763e-05,0.0001956984766865,34048
2129,0.2954738400876522,0.2953144758939743,0.0015935879473545,0.1181525513529777,103396,6.520165304627452e-05,0.0001956049591388,34064
2130,0.1800518780946731,0.1793270073831081,0.0072487521683797,0.1181554421782493,91511,6.51704740184762e-05,0.0001955114220554,34080
2131,0.1743123866617679,0.1738863755017519,0.0042601478562573,0.1181576997041702,103803,6.513928849212873e-05,0.0001954178654763,34096
2132,0.1691751349717378,0.1690011695027351,0.001739676343277,0.1181603223085403,100817,6.510809648059104e-05,0.0001953242894417,34112
2133,0.3095571994781494,0.3091446496546268,0.004125472420128,0.1181628182530403,91886,6.507689799722478e-05,0.0001952306939916,34128
2134,0.2096248734742403,0.2093512583523988,0.0027362034834368,0.1181652545928955,101078,6.50456930553944e-05,0.0001951370791661,34144
2135,0.1586435809731483,0.1580273211002349,0.0061625900852959,0.1181679293513298,96295,6.501448166846711e-05,0.0001950434450054,34160
2136,0.2088761869817972,0.2077888287603855,0.0108735600078944,0.1181704476475715,95553,6.498326384981283e-05,0.0001949497915494,34176
2137,0.1192873250693082,0.1189182456582784,0.0036908015681547,0.1181732714176178,97774,6.495203961280434e-05,0.0001948561188384,34192
2138,0.1303570102900266,0.1300306804478168,0.003263318183599,0.1181761175394058,97644,6.492080897081709e-05,0.0001947624269124,34208
2139,0.2259252108633518,0.2256839647889137,0.0024124480969476,0.1181793138384819,100817,6.488957193722927e-05,0.0001946687158116,34224
2140,0.1334543693810701,0.1331417318433523,0.0031263703131116,0.118182435631752,98623,6.485832852542187e-05,0.0001945749855762,34240
2141,0.1622180826961994,0.1619303151965141,0.0028776499821105,0.1181856989860534,100006,6.482707874877854e-05,0.0001944812362463,34256
2142,0.1434462126344442,0.1428553387522697,0.0059087462141178,0.1181890293955802,95418,6.479582262068574e-05,0.000194387467862,34272
2143,0.1143111754208803,0.1138872951269149,0.0042388233923702,0.1181921809911727,98627,6.476456015453256e-05,0.0001942936804635,34288
2144,0.1631687544286251,0.1628700662404298,0.0029868671845179,0.1181953400373458,101763,6.473329136371087e-05,0.0001941998740911,34304
2145,0.1870976500213146,0.1868415176868438,0.0025613681209506,0.1181982830166816,94680,6.47020162616152e-05,0.0001941060487848,34320
2146,0.2499535679817199,0.2497104853391647,0.0024308283391292,0.1182011142373085,101549,6.467073486164284e-05,0.0001940122045849,34336
2147,0.1398554500192403,0.1396155022084713,0.0023994506918825,0.1182041093707084,98630,6.463944717719374e-05,0.0001939183415315,34352
2148,0.1986154895275831,0.1980929616838693,0.005225264794717,0.1182068660855293,96259,6.460815322167053e-05,0.000193824459665,34368
2149,0.1367798261344432,0.1366448793560266,0.001349472120637,0.1182097420096397,101799,6.457685300847858e-05,0.0001937305590254,34384
2150,0.2301766406744718,0.2297513876110315,0.0042524881500867,0.1182125434279441,97781,6.454554655102587e-05,0.000193636639653,34400
2151,0.1677465941756963,0.1675007864832878,0.0024581028992542,0.118215262889862,102224,6.451423386272312e-05,0.0001935427015881,34416
2152,0.1836863867938518,0.1833115797489881,0.0037480851387954,0.1182179525494575,97799,6.44829149569837e-05,0.0001934487448709,34432
2153,0.1951709911227226,0.1947010122239589,0.0046997864410514,0.1182204857468605,100278,6.445158984722358e-05,0.0001933547695416,34448
2154,0.2183211389929056,0.2181688342243433,0.0015230541757773,0.1182231828570365,102768,6.44202585468615e-05,0.0001932607756405,34464
2155,0.2966375704854727,0.296028085052967,0.006094835440308,0.1182255819439888,99545,6.438892106931876e-05,0.0001931667632079,34480
2156,0.1886492557823658,0.1884861942380666,0.0016306088946294,0.1182280480861663,99891,6.435757742801937e-05,0.000193072732284,34496
2157,0.2349395342171192,0.2346512787044048,0.0028825111803598,0.1182304546236991,99085,6.432622763638993e-05,0.0001929786829091,34512
2158,0.257880499586463,0.2576178256422281,0.0026267527573509,0.1182327643036842,99235,6.429487170785968e-05,0.0001928846151235,34528
2159,0.2138001695275306,0.2135304100811481,0.0026976169683621,0.1182351112365722,101163,6.426350965586051e-05,0.0001927905289675,34544
2160,0.1077347341924905,0.1074454858899116,0.0028924873331561,0.1182376146316528,94528,6.423214149382697e-05,0.0001926964244814,34560
2161,0.1908574923872947,0.1905737891793251,0.0028370169166009,0.1182401925325393,103151,6.420076723519614e-05,0.0001926023017055,34576
2162,0.2542837094515562,0.253837700933218,0.0044600655164686,0.1182426959276199,100444,6.416938689340776e-05,0.0001925081606802,34592
2163,0.2518480904400348,0.2512537594884634,0.0059432983107399,0.1182451471686363,97802,6.413800048190416e-05,0.0001924140014457,34608
2164,0.1504585808143019,0.1503752386197447,0.0008334210724569,0.118247739970684,102718,6.410660801413033e-05,0.0001923198240423,34624
2165,0.1452196985483169,0.1447820626199245,0.0043763617140939,0.118250161409378,97307,6.407520950353377e-05,0.0001922256285106,34640
2166,0.1656191386282444,0.1653029788285493,0.0031616472697351,0.1182525232434272,95768,6.404380496356462e-05,0.0001921314148906,34656
2167,0.1876138001680374,0.1873535327613353,0.0026026685955002,0.1182548478245735,104534,6.401239440767554e-05,0.000192037183223,34672
2168,0.2023913562297821,0.2020345441997051,0.0035681130666489,0.1182570084929466,101486,6.39809778493219e-05,0.0001919429335479,34688
2169,0.1948627904057502,0.1945129334926605,0.0034985220354428,0.1182589381933212,99706,6.394955530196147e-05,0.0001918486659058,34704
2170,0.2028905916959047,0.2026519197970628,0.0023866854608058,0.1182609125971794,93876,6.391812677905472e-05,0.0001917543803371,34720
2171,0.1677440740168094,0.167374812066555,0.0036925987806171,0.1182628348469734,95258,6.388669229406462e-05,0.0001916600768821,34736
2172,0.1848783362656831,0.1841793078929186,0.0069903123367112,0.1182646602392196,101924,6.385525186045669e-05,0.0001915657555813,34752
2173,0.1680235154926777,0.1674854550510645,0.005380573158618,0.1182665303349495,96056,6.382380549169905e-05,0.000191471416475,34768
2174,0.1924595106393098,0.1921017430722713,0.0035776957083726,0.1182684078812599,100546,6.379235320126229e-05,0.0001913770596037,34784
2175,0.1544457506388425,0.154091726988554,0.0035402249995968,0.1182702779769897,98400,6.376089500261958e-05,0.0001912826850078,34800
2176,0.1159984972327947,0.1156745161861181,0.0032398025796283,0.1182727217674255,102691,6.372943090924662e-05,0.0001911882927277,34816
2177,0.1911167949438095,0.1909167654812336,0.0020002985111204,0.1182752102613449,103901,6.369796093462164e-05,0.0001910938828038,34832
2178,0.0883431732654571,0.0880492366850376,0.0029393519798759,0.1182778030633926,98268,6.366648509222535e-05,0.0001909994552766,34848
2179,0.1398036740720272,0.1394809782505035,0.0032269860676024,0.1182803213596344,101210,6.363500339554099e-05,0.0001909050101866,34864
2180,0.1736133694648742,0.1734611243009567,0.00152244156925,0.1182832717895507,101446,6.360351585805437e-05,0.0001908105475741,34880
2181,0.1548046171665191,0.1546526569873094,0.0015196098429441,0.1182861924171447,101829,6.357202249325371e-05,0.0001907160674797,34896
2182,0.1718782819807529,0.1717156209051609,0.0016266287129838,0.1182890087366104,98456,6.35405233146298e-05,0.0001906215699438,34912
2183,0.2934273779392242,0.2931851185858249,0.0024225442321039,0.1182916089892387,100966,6.350901833567585e-05,0.000190527055007,34928
2184,0.1443070191890001,0.1437517721205949,0.0055524699855595,0.1182944253087043,96484,6.347750756988761e-05,0.0001904325227096,34944
2185,0.161285794340074,0.160869812592864,0.0041597956442274,0.1182971522212028,97419,6.344599103076329e-05,0.0001903379730922,34960
2186,0.1948244515806436,0.1946037672460079,0.0022068292164476,0.1182997897267341,104533,6.341446873180357e-05,0.0001902434061954,34976
2187,0.1180409137159586,0.1176733970642089,0.0036751850566361,0.1183026209473609,100220,6.338294068651163e-05,0.0001901488220595,34992
2188,0.2121317107230425,0.2119190655648708,0.0021264845272526,0.1183057725429534,105869,6.335140690839303e-05,0.0001900542207251,35008
2189,0.2408474236726761,0.2407260201871395,0.001213999952597,0.1183088049292564,101215,6.331986741095588e-05,0.0001899596022328,35024
2190,0.1267306245863437,0.126548932865262,0.001816936652176,0.118311807513237,106994,6.328832220771069e-05,0.0001898649666231,35040
2191,0.1722425203770399,0.1714878063648939,0.0075471182353794,0.1183145940303802,96062,6.32567713121704e-05,0.0001897703139365,35056
2192,0.1750799119472503,0.1746970452368259,0.0038286895578494,0.1183172538876533,96396,6.322521473785046e-05,0.0001896756442135,35072
2193,0.211306182667613,0.2111882977187633,0.0011788659903686,0.1183199882507324,103767,6.319365249826865e-05,0.0001895809574948,35088
2194,0.1675840653479099,0.166736077517271,0.008479862823151,0.1183224618434906,95352,6.316208460694526e-05,0.0001894862538208,35104
2195,0.0955544374883174,0.0948175806552171,0.0073685631505213,0.1183245182037353,93340,6.313051107740297e-05,0.0001893915332322,35120
2196,0.2974715232849121,0.297201044857502,0.0027047577459597,0.1183264404535293,102858,6.309893192316688e-05,0.0001892967957695,35136
2197,0.189608696848154,0.1893259324133396,0.0028276187804294,0.1183283850550651,101114,6.306734715776447e-05,0.0001892020414732,35152
2198,0.1848787646740675,0.1846038186922669,0.0027494449168443,0.1183304414153099,98329,6.303575679472569e-05,0.0001891072703841,35168
2199,0.1774184610694646,0.1765418332070112,0.0087662468868074,0.1183328181505203,95206,6.300416084758283e-05,0.0001890124825427,35184
2200,0.2113625258207321,0.2110884301364421,0.0027409488102421,0.1183352619409561,104149,6.29725593298706e-05,0.0001889176779896,35200
2201,0.2105629760771989,0.2104528918862342,0.0011008644614776,0.1183378919959068,99589,6.294095225512603e-05,0.0001888228567653,35216
2202,0.2280625328421592,0.2280225381255149,0.0003999817963631,0.1183404847979545,101064,6.290933963688867e-05,0.0001887280189106,35232
2203,0.1950460206717252,0.1948052588850259,0.0024076246772892,0.1183430776000022,100092,6.287772148870031e-05,0.0001886331644661,35248
2204,0.1644219066947698,0.1641034800559282,0.0031842508760746,0.1183455362915992,99195,6.284609782410518e-05,0.0001885382934723,35264
2205,0.1605141516774892,0.1600432284176349,0.0047092127497307,0.1183478087186813,94205,6.281446865664984e-05,0.0001884434059699,35280
2206,0.204901285469532,0.2043819185346365,0.0051937118405476,0.1183499172329902,101374,6.278283399988322e-05,0.0001883485019996,35296
2207,0.1977322176098823,0.1970966178923845,0.0063560060225427,0.1183518394827842,102178,6.275119386735661e-05,0.000188253581602,35312
2208,0.1716569382697343,0.1714577674865722,0.0019917184399673,0.1183536946773529,101732,6.271954827262365e-05,0.0001881586448178,35328
2209,0.1783193871378898,0.1772715654224157,0.0104782620328478,0.1183554753661155,89843,6.268789722924029e-05,0.0001880636916877,35344
2210,0.1963374130427837,0.1959904972463846,0.0034691604669205,0.118357315659523,100438,6.265624075076483e-05,0.0001879687222522,35360
2211,0.1778194569051265,0.1776486523449421,0.0017080655106838,0.1183592155575752,99392,6.26245788507579e-05,0.0001878737365522,35376
2212,0.1848102938383817,0.1845578029751777,0.0025249169266317,0.1183613538742065,99659,6.259291154278246e-05,0.0001877787346283,35392
2213,0.2514861784875393,0.2510903552174568,0.003958304572734,0.1183635666966438,98323,6.256123884040378e-05,0.0001876837165212,35408
2214,0.2566889077425003,0.2562051266431808,0.0048378159845015,0.1183658689260482,98456,6.252956075718945e-05,0.0001875886822715,35424
2215,0.2682892084121704,0.2671732306480407,0.0111598242365289,0.1183680891990661,92761,6.249787730670932e-05,0.0001874936319201,35440
2216,0.1964598577469587,0.1960634272545576,0.0039642960473429,0.1183702498674392,99071,6.246618850253558e-05,0.0001873985655076,35456
2217,0.2125383280217647,0.2124441787600517,0.0009414680998816,0.1183723583817482,100302,6.243449435824276e-05,0.0001873034830747,35472
2218,0.1214736048132181,0.1214239243417978,0.0004968266039213,0.1183749958872795,103070,6.240279488740754e-05,0.0001872083846622,35488
2219,0.1739197373390197,0.1734241992235183,0.0049554076977074,0.1183774769306182,92734,6.237109010360904e-05,0.0001871132703108,35504
2220,0.2241917885839939,0.22380430996418,0.0038747455837437,0.1183802857995033,105126,6.233938002042854e-05,0.0001870181400612,35520
2221,0.1602960359305143,0.1600226014852523,0.0027343640285835,0.1183832436800003,101148,6.230766465144967e-05,0.0001869229939543,35536
2222,0.1648514922708273,0.1646448411047458,0.0020665079355239,0.1183862313628196,104018,6.227594401025824e-05,0.0001868278320307,35552
2223,0.1908354759216308,0.1903981976211071,0.0043728105447371,0.1183890551328659,99633,6.224421811044238e-05,0.0001867326543313,35568
2224,0.1897016651928424,0.1888867253437638,0.0081494206606294,0.1183916628360748,102294,6.221248696559248e-05,0.0001866374608967,35584
2225,0.1879404410719871,0.1876741722226143,0.0026626912367646,0.1183940842747688,96121,6.218075058930113e-05,0.0001865422517679,35600
2226,0.2945478893816471,0.2943043131381273,0.0024358256487175,0.1183963641524314,102550,6.21490089951632e-05,0.0001864470269854,35616
2227,0.1344573814421892,0.1340051870793104,0.0045219340172479,0.1183986961841583,98101,6.211726219677578e-05,0.0001863517865903,35632
2228,0.2120976503938436,0.2119699344038963,0.0012771446636179,0.1184010207653045,100062,6.208551020773816e-05,0.0001862565306232,35648
2229,0.2074651140719652,0.2071896642446518,0.0027545258490135,0.1184032931923866,102645,6.205375304165194e-05,0.0001861612591249,35664
2230,0.248885141685605,0.2484432719647884,0.0044187159728608,0.1184057220816612,100304,6.202199071212084e-05,0.0001860659721363,35680
2231,0.2106715962290763,0.2103236224502325,0.003479717916889,0.118408054113388,99767,6.199022323275083e-05,0.0001859706696982,35696
2232,0.2101740576326847,0.2101091481745243,0.0006490894388662,0.1184104084968566,99203,6.195845061715011e-05,0.0001858753518514,35712
2233,0.2933868989348411,0.2932137995958328,0.001730986914481,0.1184127181768417,103281,6.192667287892905e-05,0.0001857800186367,35728
2234,0.203807869926095,0.203205743804574,0.0060212705284357,0.1184150055050849,97037,6.189489003170022e-05,0.0001856846700951,35744
2235,0.1590705094859004,0.1586683560162782,0.0040215264307335,0.1184170544147491,92538,6.186310208907839e-05,0.0001855893062672,35760
2236,0.1491606254130602,0.1485308595001697,0.0062976606423035,0.1184189617633819,96455,6.18313090646805e-05,0.000185493927194,35776
2237,0.2140700966119766,0.213549755513668,0.0052034424006706,0.1184207051992416,94456,6.179951097212566e-05,0.0001853985329163,35792
2238,0.2382970787584781,0.2380899973213672,0.0020707858056994,0.1184225976467132,95790,6.17677078250352e-05,0.0001853031234751,35808
2239,0.1671135406941175,0.1664565745741129,0.0065696627134457,0.1184243932366371,102242,6.173589963703254e-05,0.000185207698911,35824
2240,0.1834766026586294,0.1826398838311433,0.0083671775646507,0.1184261590242385,90084,6.17040864217433e-05,0.0001851122592652,35840
2241,0.1948175206780433,0.1946000382304191,0.002174842840759,0.1184282749891281,97758,6.167226819279528e-05,0.0001850168045783,35856
2242,0.1503637656569481,0.1495600417256355,0.0080372465745313,0.118430346250534,97758,6.164044496381837e-05,0.0001849213348914,35872
2243,0.2305235527455806,0.2303234785795211,0.0020007297571282,0.1184324324131012,100296,6.160861674844463e-05,0.0001848258502453,35888
2244,0.2175276726484298,0.2171972207725048,0.0033045235613826,0.1184346005320549,99807,6.157678356030828e-05,0.0001847303506809,35904
2245,0.1905714841559529,0.1902850922197103,0.0028639128577196,0.1184367761015892,101885,6.154494541304561e-05,0.0001846348362391,35920
2246,0.2390974722802639,0.238909263163805,0.0018820572440745,0.1184390783309936,101599,6.151310232029512e-05,0.0001845393069608,35936
2247,0.2422473356127739,0.241646196693182,0.0060114012740086,0.118441142141819,94209,6.148125429569735e-05,0.000184443762887,35952
2248,0.145812775939703,0.1453389711678028,0.0047380809264723,0.1184434443712234,100633,6.144940135289497e-05,0.0001843482040586,35968
2249,0.1991262044757604,0.1985830701887607,0.0054313655127771,0.1184455826878547,97128,6.141754350553279e-05,0.0001842526305165,35984
2250,0.1675786152482032,0.1672440767288208,0.003345389093738,0.1184478029608726,97615,6.138568076725769e-05,0.0001841570423017,36000
2251,0.1952654495835304,0.194264855235815,0.0100059438700554,0.1184499412775039,93777,6.135381315171867e-05,0.0001840614394551,36016
2252,0.2252301964908838,0.2251087352633476,0.0012145834111834,0.1184519231319427,101832,6.132194067256678e-05,0.0001839658220177,36032
2253,0.2902596797794103,0.2901421822607517,0.0011749759578378,0.1184538528323173,96451,6.12900633434552e-05,0.0001838701900303,36048
2254,0.2302848510444164,0.230189561843872,0.0009528811278869,0.1184555888175964,98430,6.125818117803913e-05,0.0001837745435341,36064
2255,0.1924817860126495,0.1919968500733375,0.0048493628855794,0.1184573993086814,104161,6.122629418997591e-05,0.0001836788825699,36080
2256,0.1358532439917326,0.1354647688567638,0.0038847151445224,0.1184594184160232,94501,6.119440239292493e-05,0.0001835832071787,36096
2257,0.2696895394474268,0.269472174346447,0.0021736611518008,0.1184614673256874,101887,6.116250580054757e-05,0.0001834875174016,36112
2258,0.1833216864615678,0.1828716620802879,0.0045002121478319,0.1184634491801261,97320,6.113060442650736e-05,0.0001833918132795,36128
2259,0.1562495734542608,0.1561101041734218,0.0013946756371296,0.1184656023979187,99225,6.10986982844698e-05,0.0001832960948534,36144
2260,0.1663727108389139,0.1660067420452833,0.0036596537393052,0.1184679567813873,96604,6.106678738810251e-05,0.0001832003621643,36160
2261,0.1625408045947551,0.1622102241963148,0.0033058233966585,0.1184703260660171,99965,6.103487175107507e-05,0.0001831046152532,36176
2262,0.1573841059580445,0.1571311317384243,0.0025297738611698,0.1184726655483245,96807,6.100295138705912e-05,0.0001830088541611,36192
2263,0.1836511064320802,0.1834862437099218,0.0016486393651575,0.1184750273823738,105259,6.0971026309728365e-05,0.0001829130789291,36208
2264,0.1821449529379606,0.1818481069058179,0.0029684175860893,0.1184769794344902,98897,6.093909653275847e-05,0.0001828172895982,36224
2265,0.1538669764995575,0.1530772000551223,0.007897779927589,0.1184790134429931,92579,6.090716206982714e-05,0.0001827214862094,36240
2266,0.2727332189679146,0.2725870795547962,0.0014614521096518,0.1184810325503349,101915,6.087522293461408e-05,0.0001826256688038,36256
2267,0.196090679615736,0.1958045251667499,0.0028615710325539,0.1184830293059349,101951,6.084327914080101e-05,0.0001825298374224,36272
2268,0.1998664606362581,0.1996915601193905,0.0017490526811343,0.118485115468502,100181,6.0811330702071634e-05,0.0001824339921062,36288
2269,0.3126163370907306,0.3124042600393295,0.0021207622921792,0.1184872612357139,104714,6.077937763211166e-05,0.0001823381328963,36304
2270,0.1870732493698597,0.1868539992719888,0.0021925159962847,0.1184894293546676,98961,6.074741994460873e-05,0.0001822422598338,36320
2271,0.2597091794013977,0.2593627572059631,0.0034641783568076,0.1184916272759437,100670,6.071545765325254e-05,0.0001821463729597,36336
2272,0.2538317255675792,0.2536570690572262,0.0017465505225118,0.1184940114617347,102764,6.068349077173471e-05,0.0001820504723152,36352
2273,0.187934698536992,0.1878257784992456,0.0010892368300119,0.118496648967266,101692,6.065151931374884e-05,0.0001819545579412,36368
2274,0.1936566978693008,0.1933952551335096,0.002614478347823,0.1184991747140884,100906,6.061954329299047e-05,0.0001818586298789,36384
2275,0.2035735454410314,0.2034470848739147,0.0012645914868016,0.1185015514492988,102636,6.0587562723157135e-05,0.0001817626881694,36400
2276,0.155437596142292,0.1550136357545852,0.0042395740747451,0.1185038909316062,106347,6.0555577617948256e-05,0.0001816667328538,36416
2277,0.1694631148129701,0.1693870574235916,0.0007605835999129,0.1185064390301704,98368,6.052358799106528e-05,0.0001815707639731,36432
2278,0.2014224920421838,0.200823962688446,0.0059853144339285,0.1185088753700256,98224,6.049159385621155e-05,0.0001814747815686,36448
2279,0.2097673173993826,0.2093599382787943,0.0040737801173236,0.118511214852333,102809,6.045959522709229e-05,0.0001813787856812,36464
2280,0.1636157482862472,0.1629856955260038,0.0063005571137182,0.1185134798288345,98659,6.042759211741472e-05,0.0001812827763522,36480
2281,0.2010646313428878,0.2004232406616211,0.0064139073365367,0.118515595793724,102020,6.039558454088796e-05,0.0001811867536226,36496
2282,0.1742678210139274,0.1740838531404733,0.001839712698711,0.1185177713632583,106495,6.0363572511223065e-05,0.0001810907175336,36512
2283,0.1963902246206998,0.1959209162741899,0.0046930720563977,0.118519976735115,100130,6.0331556042132906e-05,0.0001809946681263,36528
2284,0.194242238998413,0.1938825473189354,0.0035969137097708,0.1185222938656807,97308,6.029953514733239e-05,0.0001808986054419,36544
2285,0.1648085452616214,0.1645976342260837,0.0021091159433126,0.118524894118309,104532,6.026750984053821e-05,0.0001808025295216,36560
2286,0.1334949843585491,0.1330593544989824,0.0043563089566305,0.1185275092720985,100228,6.023548013546899e-05,0.0001807064404064,36576
2287,0.2326895073056221,0.2322789076715707,0.0041060122457565,0.1185300648212432,98548,6.020344604584526e-05,0.0001806103381375,36592
2288,0.1685774615034461,0.1681987019255757,0.0037876226451771,0.1185327172279357,97442,6.017140758538937e-05,0.0001805142227561,36608
2289,0.1587761770933866,0.158442385494709,0.0033378959633409,0.1185352504253387,96502,6.0139364767825626e-05,0.0001804180943034,36624
2290,0.1666981764137745,0.1664476916193962,0.0025048761526704,0.1185377165675163,97427,6.010731760688013e-05,0.0001803219528206,36640
2291,0.2093833722174167,0.2088642530143261,0.0051911901682615,0.1185399442911148,97285,6.007526611628086e-05,0.0001802257983488,36656
2292,0.1900486834347248,0.1897835060954094,0.0026518163504078,0.1185421571135521,101761,6.004321030975767e-05,0.0001801296309292,36672
2293,0.2377462144941091,0.2376192267984151,0.0012699509861704,0.1185442432761192,98529,6.001115020104224e-05,0.0001800334506031,36688
2294,0.2950875833630562,0.2950281128287315,0.0005947793761151,0.1185462549328804,103196,5.997908580386811e-05,0.0001799372574116,36704
2295,0.1593577098101377,0.1590548064559698,0.0030290084469015,0.1185482367873191,99565,5.994701713197063e-05,0.0001798410513959,36720
2296,0.1380282770842313,0.1375254914164543,0.0050278577837161,0.1185501664876937,98267,5.991494419908703e-05,0.0001797448325972,36736
2297,0.2745821811258793,0.2741710022091865,0.0041118238586932,0.1185520440340042,103810,5.988286701895631e-05,0.0001796486010568,36752
2298,0.2236047238111496,0.2233557738363742,0.0024894856687751,0.1185540705919265,100543,5.985078560531933e-05,0.0001795523568159,36768
2299,0.2109788563102483,0.210586417466402,0.0039243467253982,0.1185560822486877,94792,5.9818699971918754e-05,0.0001794560999157,36784
2300,0.2114222049713134,0.2111401855945587,0.0028201929653732,0.1185581311583519,100889,5.978661013249902e-05,0.0001793598303974,36800
2301,0.2057745736092329,0.2052790746092796,0.0049549953255336,0.1185603812336921,100987,5.975451610080642e-05,0.0001792635483024,36816
2302,0.1553841792047023,0.1552434880286455,0.0014069148310227,0.1185626089572906,98450,5.972241789058901e-05,0.0001791672536717,36832
2303,0.1229221746325492,0.1224965807050466,0.0042559509165585,0.1185648739337921,99343,5.969031551559664e-05,0.0001790709465467,36848
2304,0.291767343878746,0.2916413769125938,0.0012596729175129,0.118567019701004,104954,5.965820898958097e-05,0.0001789746269687,36864
2305,0.1477814465761184,0.1469218824058771,0.0085956328548491,0.1185689643025398,92627,5.9626098326295376e-05,0.0001788782949788,36880
2306,0.1495107933878898,0.1490001548081636,0.0051063656865153,0.118570826947689,98504,5.959398353949508e-05,0.0001787819506184,36896
2307,0.2850195951759815,0.2847452163696289,0.0027438153047114,0.1185727193951606,97074,5.956186464293703e-05,0.0001786855939288,36912
2308,0.2337130513042211,0.2330779302865266,0.0063511787593597,0.1185745373368263,94813,5.952974165037992e-05,0.0001785892249511,36928
2309,0.1582360342144966,0.1580209750682115,0.0021505824697669,0.1185763627290725,99518,5.949761457558424e-05,0.0001784928437267,36944
2310,0.136403327807784,0.1362271308898925,0.001761974275098,0.1185786426067352,97957,5.9465483432312194e-05,0.0001783964502969,36960
2311,0.1823809240013361,0.1818870883435011,0.0049383812292944,0.1185810044407844,99830,5.9433348234327765e-05,0.0001783000447029,36976
2312,0.1653673723340034,0.1649133041501045,0.0045407011202769,0.1185832023620605,97251,5.940120899539664e-05,0.0001782036269861,36992
2313,0.1868746187537908,0.1863579265773296,0.0051669502572622,0.1185853779315948,102603,5.9369065729286245e-05,0.0001781071971878,37008
2314,0.2219390459358692,0.2215477265417575,0.0039132419979068,0.1185875982046127,96836,5.933691844976572e-05,0.0001780107553492,37024
2315,0.1355522815138101,0.1350427884608507,0.0050949734868481,0.1185896918177604,94726,5.930476717060596e-05,0.0001779143015118,37040
2316,0.1746204113587737,0.1742100743576884,0.0041033769521163,0.1185917556285858,100992,5.927261190557954e-05,0.0001778178357167,37056
2317,0.282198816537857,0.2820392213761806,0.0015959422944433,0.1185937821865081,103048,5.9240452668460775e-05,0.0001777213580053,37072
2318,0.1361340545117855,0.1359850540757179,0.0014900198875693,0.1185959726572036,105590,5.9208289473025634e-05,0.000177624868419,37088
2319,0.1481379084289074,0.1478483509272337,0.00289554943447,0.1185982003808021,103372,5.917612233305183e-05,0.0001775283669991,37104
2320,0.1383107881993055,0.1381604447960853,0.0015034183452371,0.1186005026102066,99896,5.914395126231871e-05,0.0001774318537869,37120
2321,0.1961818356066942,0.195752752944827,0.0042908292234642,0.1186027601361274,93314,5.911177627460739e-05,0.0001773353288238,37136
2322,0.2494930811226368,0.2493348829448223,0.0015819705004105,0.1186050102114677,100881,5.907959738370055e-05,0.0001772387921511,37152
2323,0.1466537211090326,0.1464577000588178,0.0019602054017013,0.1186073571443557,104306,5.904741460338266e-05,0.0001771422438101,37168
2324,0.2287848256528377,0.2286892291158437,0.0009559224363329,0.118609681725502,103920,5.901522794743977e-05,0.0001770456838423,37184
2325,0.2147785481065511,0.2140218261629343,0.0075672372331609,0.1186118796467781,90402,5.898303742965964e-05,0.0001769491122889,37200
2326,0.2638860298320651,0.2638144064694643,0.0007162595397858,0.118613950908184,97933,5.895084306383165e-05,0.0001768525291914,37216
2327,0.1785446628928184,0.1775503829121589,0.0099427894165273,0.1186160147190094,95066,5.891864486374683e-05,0.0001767559345912,37232
2328,0.2372972834855318,0.2371400631964206,0.0015721894211537,0.118618294596672,97595,5.888644284319791e-05,0.0001766593285295,37248
2329,0.1887552440166473,0.1884185094386339,0.0033673735197226,0.1186204403638839,101990,5.885423701597917e-05,0.0001765627110479,37264
2330,0.1580258961766958,0.1575093399733305,0.0051655977149493,0.1186224967241287,95197,5.882202739588659e-05,0.0001764660821876,37280
2331,0.1924436744302511,0.1918830350041389,0.0056064447271637,0.1186244934797287,94843,5.8789813996717736e-05,0.0001763694419901,37296
2332,0.2262928821146488,0.2260330021381378,0.0025988299603341,0.1186265647411346,98505,5.87575968322718e-05,0.0001762727904968,37312
2333,0.1503085885196924,0.1501483768224716,0.0016021105548134,0.1186285987496376,101624,5.87253759163496e-05,0.000176176127749,37328
2334,0.22208047285676,0.2218255940824747,0.0025488561514066,0.1186306402087211,94051,5.8693151262753566e-05,0.0001760794537882,37344
2335,0.1153168268501758,0.1145718973129987,0.007449283322785,0.1186327636241912,95783,5.8660922885287686e-05,0.0001759827686558,37360
2336,0.1586626078933477,0.1581988111138343,0.004637953126803,0.1186348050832748,98709,5.862869079775759e-05,0.0001758860723932,37376
2337,0.0921923760324716,0.0916553866118192,0.0053698826668551,0.1186372712254524,97032,5.859645501397048e-05,0.0001757893650419,37392
2338,0.2298215627670288,0.2295668683946132,0.0025469333540968,0.1186396479606628,101825,5.856421554773515e-05,0.0001756926466432,37408
2339,0.1636608820408582,0.1635783016681671,0.0008257987283286,0.1186419799923896,97734,5.853197241286195e-05,0.0001755959172385,37424
2340,0.1873181443661451,0.1865004412829876,0.0081770408942247,0.1186440885066986,102980,5.84997256231628e-05,0.0001754991768694,37440
2341,0.2105927970260381,0.2102979980409145,0.0029479763088602,0.1186461076140403,103481,5.8467475192451226e-05,0.0001754024255773,37456
2342,0.1654690876603126,0.1651165820658207,0.0035250643268227,0.1186481714248657,95266,5.8435221134542297e-05,0.0001753056634036,37472
2343,0.1920149624347686,0.1913867089897394,0.0062825567438267,0.1186501607298851,101197,5.84029634632526e-05,0.0001752088903897,37488
2344,0.1987235490232706,0.1985324490815401,0.0019110214634565,0.1186521723866462,102024,5.837070219240031e-05,0.0001751121065772,37504
2345,0.1828513089567423,0.1825540568679571,0.0029725802596658,0.1186541840434074,97781,5.833843733580512e-05,0.0001750153120074,37520
2346,0.1573508977890014,0.1569003351032734,0.0045056233793729,0.1186564713716507,100074,5.830616890728827e-05,0.0001749185067218,37536
2347,0.2090929988771677,0.2088998612016439,0.0019314041128382,0.1186587139964103,99766,5.827389692067256e-05,0.000174821690762,37552
2348,0.1889638639986515,0.1887181550264358,0.0024570976911491,0.1186609789729118,98923,5.8241621389782254e-05,0.0001747248641693,37568
2349,0.2618433497846126,0.2615682743489742,0.0027507665508892,0.1186631843447685,103026,5.820934232844315e-05,0.0001746280269853,37584
2350,0.1569940075278282,0.1565667334944009,0.004272729573131,0.118665225803852,99101,5.817705975048261e-05,0.0001745311792514,37600
2351,0.1863604206591844,0.1861057709902525,0.0025465148719376,0.1186672896146774,103792,5.814477366972945e-05,0.0001744343210091,37616
2352,0.25884660333395,0.258634340018034,0.0021226124226814,0.118669293820858,102580,5.8112484100013984e-05,0.0001743374523,37632
2353,0.2054922683164477,0.2051379401236772,0.0035432207132544,0.1186711639165878,100778,5.8080191055168064e-05,0.0001742405731655,37648
2354,0.2445896752178669,0.2443843334913253,0.002053422605968,0.1186730116605758,100782,5.8047894549024985e-05,0.000174143683647,37664
2355,0.2278317380696535,0.2276251688599586,0.0020656550477724,0.118674948811531,103743,5.8015594595419565e-05,0.0001740467837862,37680
2356,0.1550642065703869,0.1540526449680328,0.0101156245800666,0.1186766922473907,97528,5.798329120818806e-05,0.0001739498736245,37696
2357,0.2638640627264976,0.2637681625783443,0.000959013836109,0.118678443133831,100997,5.795098440116822e-05,0.0001738529532035,37712
2358,0.1785060167312622,0.1783168967813253,0.0018912404193542,0.1186801865696907,99023,5.791867418819924e-05,0.0001737560225645,37728
2359,0.1890663057565689,0.1886767782270908,0.0038952507020439,0.1186820119619369,100132,5.788636058312182e-05,0.0001736590817493,37744
2360,0.2242342177778482,0.2238729447126388,0.0036127512576058,0.1186838001012802,101685,5.785404359977806e-05,0.0001735621307993,37760
2361,0.210405926220119,0.2100464040413499,0.0035952495527453,0.1186855733394622,101373,5.782172325201155e-05,0.000173465169756,37776
2362,0.1924032941460609,0.192194115370512,0.0020917864462148,0.1186874955892562,103486,5.778939955366728e-05,0.000173368198661,37792
2363,0.194876167923212,0.1945744734257459,0.0030169168894644,0.1186893880367279,94391,5.775707251859168e-05,0.0001732712175557,37808
2364,0.2319150865077972,0.2310918867588043,0.0082320008659735,0.1186912283301353,100562,5.772474216063266e-05,0.0001731742264818,37824
2365,0.1334559116512537,0.1330131758004427,0.0044273944658925,0.1186931803822517,103353,5.769240849363952e-05,0.0001730772254809,37840
2366,0.2097429856657982,0.2094586603343486,0.0028433180104912,0.1186950728297233,99065,5.7660071531462936e-05,0.0001729802145943,37856
2367,0.1709367949515581,0.1706613805145025,0.002754163215286,0.1186968982219696,96434,5.762773128795505e-05,0.0001728831938638,37872
2368,0.1851895004510879,0.1849904749542474,0.001990296470467,0.118698738515377,101684,5.759538777696942e-05,0.0001727861633309,37888
2369,0.2596183400601148,0.2592813745141029,0.0033696694881655,0.118700660765171,100799,5.756304101236097e-05,0.000172689123037,37904
2370,0.2319990172982216,0.231808416545391,0.0019059678088524,0.118702732026577,100706,5.7530691007986006e-05,0.0001725920730239,37920
2371,0.1992917787283659,0.1987949758768081,0.0049680233933031,0.1187046766281127,89546,5.749833777770225e-05,0.0001724950133331,37936
2372,0.1800801996141672,0.1798909213393926,0.0018927991768578,0.1187066286802291,102299,5.7465981335368814e-05,0.0001723979440061,37952
2373,0.2374351015314459,0.237243914976716,0.0019118852796964,0.118708536028862,99055,5.743362169484616e-05,0.0001723008650845,37968
2374,0.181382231414318,0.1808513980358839,0.0053083639941178,0.1187103912234306,102498,5.740125886999612e-05,0.0001722037766099,37984
2375,0.1848592273890972,0.1843985486775636,0.0046067744260653,0.1187121644616127,100752,5.73688928746819e-05,0.000172106678624,38000
2376,0.2347023654729128,0.2344984114170074,0.0020395005449245,0.1187138557434082,95323,5.733652372276809e-05,0.0001720095711683,38016
2377,0.1730935201048851,0.1729507036507129,0.0014281702897278,0.1187155246734619,100950,5.730415142812059e-05,0.0001719124542843,38032
2378,0.1777407713234424,0.1774871125817299,0.0025365915789734,0.118717148900032,99968,5.727177600460665e-05,0.0001718153280138,38048
2379,0.2182959700003266,0.2180149778723716,0.0028099058763473,0.1187187507748603,102601,5.723939746609489e-05,0.0001717181923982,38064
2380,0.1918523199856281,0.1915174052119255,0.0033491795766167,0.1187202259898185,96578,5.720701582645524e-05,0.0001716210474793,38080
2381,0.1656464375555515,0.1653003320097923,0.003461067128228,0.11872199177742,98114,5.717463109955896e-05,0.0001715238932986,38096
2382,0.2806129157543182,0.2803796753287315,0.0023324242501985,0.1187237352132797,93546,5.714224329927868e-05,0.0001714267298978,38112
2383,0.2294488921761512,0.2292135432362556,0.0023535358754998,0.1187257543206214,97505,5.710985243948823e-05,0.0001713295573184,38128
2384,0.2341278363019228,0.2339532636106014,0.0017457024005125,0.1187278404831886,102848,5.707745853406289e-05,0.0001712323756021,38144
2385,0.3000043630599975,0.2996658831834793,0.0033847164231701,0.1187297999858856,98393,5.7045061596879134e-05,0.0001711351847906,38160
2386,0.1665168981999158,0.1661268174648285,0.0039008001112961,0.1187318190932273,94726,5.7012661641814825e-05,0.0001710379849254,38176
2387,0.0758009143173694,0.0755645586177706,0.002363544102991,0.1187338605523109,98687,5.698025868274904e-05,0.0001709407760482,38192
2388,0.1725754179060459,0.1723275147378444,0.002479044283973,0.1187358498573303,98100,5.694785273356219e-05,0.0001708435582006,38208
2389,0.1772113032639026,0.176922108978033,0.0028919871110701,0.1187377572059631,95153,5.691544380813596e-05,0.0001707463314244,38224
2390,0.2118174862116575,0.2115813679993152,0.0023612713994225,0.1187396720051765,102199,5.6883031920353294e-05,0.000170649095761,38240
2391,0.1145953722298145,0.1140764821320772,0.005188891547732,0.1187415793538093,96622,5.685061708409841e-05,0.0001705518512522,38256
2392,0.2433488741517067,0.2431160546839237,0.0023282444453798,0.1187434345483779,103151,5.68181993132568e-05,0.0001704545979397,38272
2393,0.2368979714810848,0.2367763519287109,0.0012161608246969,0.1187452897429466,96634,5.6785778621715225e-05,0.0001703573358651,38288
2394,0.2569790538400411,0.2565830890089273,0.0039596824499312,0.1187471821904182,99740,5.675335502336165e-05,0.00017026006507,38304
2395,0.2067907154560089,0.206602968275547,0.0018774627242237,0.1187490299344062,100263,5.672092853208535e-05,0.0001701627855962,38320
2396,0.2270463220775127,0.226853946223855,0.0019238031745771,0.1187508553266525,101996,5.668849916177676e-05,0.0001700654974853,38336
2397,0.2432164847850799,0.2426927089691162,0.0052377264228198,0.1187525540590286,101143,5.665606692632762e-05,0.0001699682007789,38352
2398,0.1811296753585338,0.1809316389262676,0.0019803593459073,0.1187542155385017,104345,5.6623631839630864e-05,0.0001698708955188,38368
2399,0.1734578348696231,0.1729022487998008,0.0055558551684953,0.1187558621168136,92381,5.6591193915580656e-05,0.0001697735817467,38384
2400,0.2150822393596172,0.214598748832941,0.0048349065182264,0.1187573671340942,100767,5.655875316807237e-05,0.0001696762595042,38400
2401,0.1548031345009803,0.1545075923204422,0.0029554247157648,0.1187587082386016,101372,5.6526309611002594e-05,0.000169578928833,38416
2402,0.1800911929458379,0.1800295785069465,0.0006161041533232,0.1187602579593658,102616,5.649386325826909e-05,0.0001694815897748,38432
2403,0.2164066024124622,0.2159306183457374,0.0047597595566912,0.1187619119882583,95839,5.6461414123770886e-05,0.0001693842423713,38448
2404,0.1993873491883278,0.1990833804011345,0.0030396828078664,0.1187636330723762,100581,5.642896222140815e-05,0.0001692868866642,38464
2405,0.1620221715420484,0.1617537308484316,0.0026844040039577,0.1187655180692672,102632,5.639650756508222e-05,0.0001691895226952,38480
2406,0.1463204119354486,0.1458440236747265,0.0047638740506954,0.118767537176609,97678,5.636405016869567e-05,0.000169092150506,38496
2407,0.2189635001122951,0.2185099832713604,0.0045351484732236,0.1187695935368537,99163,5.63315900461522e-05,0.0001689947701384,38512
2408,0.1208306364715099,0.1204352416098117,0.0039539447752758,0.1187718138098716,98448,5.629912721135671e-05,0.000168897381634,38528
2409,0.1876929439604282,0.1875363253057003,0.0015661958896089,0.1187740191817283,98485,5.6266661678215216e-05,0.0001687999850346,38544
2410,0.1513907872140407,0.1508001703768968,0.0059061636711703,0.1187761574983596,101196,5.6234193460634953e-05,0.0001687025803819,38560
2411,0.1573417447507381,0.1571425255388021,0.0019922333503927,0.1187783777713775,101581,5.620172257252428e-05,0.0001686051677175,38576
2412,0.1202470809221267,0.1198712028563022,0.0037587559199891,0.11878053098917,96364,5.616924902779266e-05,0.0001685077470833,38592
2413,0.2384135201573372,0.2382809594273567,0.0013256396196084,0.1187825351953506,101620,5.613677284035075e-05,0.000168410318521,38608
2414,0.212591340765357,0.2124730516225099,0.0011829448703792,0.1187845170497894,104142,5.610429402411031e-05,0.0001683128820723,38624
2415,0.1800673492252826,0.1799177005887031,0.0014964661022531,0.1187866106629371,103983,5.607181259298424e-05,0.0001682154377789,38640
2416,0.1837668120861053,0.1836434826254844,0.0012332849801168,0.1187888085842132,103297,5.603932856088655e-05,0.0001681179856826,38656
2417,0.1454480998218059,0.1451853364706039,0.0026276388671249,0.1187910512089729,101797,5.600684194173236e-05,0.0001680205258251,38672
2418,0.2698574066162109,0.2694979161024093,0.0035949232988059,0.1187931969761848,103099,5.597435274943792e-05,0.0001679230582483,38688
2419,0.314847856760025,0.3146948367357254,0.0015301747189369,0.1187952831387519,103365,5.594186099792055e-05,0.0001678255829937,38704
2420,0.1655303463339805,0.1653189826756715,0.0021136223076609,0.1187973693013191,96248,5.5909366701098695e-05,0.0001677281001032,38720
2421,0.2140420563519001,0.2134244553744793,0.006175994494697,0.1187993437051773,96860,5.587686987289189e-05,0.0001676306096186,38736
2422,0.2311668843030929,0.2308479957282543,0.0031888678349787,0.1188015788793563,97520,5.584437052722073e-05,0.0001675331115816,38752
2423,0.1782449018210172,0.1779251787811517,0.0031972522992873,0.1188038140535354,101984,5.58118686780069e-05,0.000167435606034,38768
2424,0.1988965384662151,0.1984188966453075,0.0047764424234628,0.1188061311841011,100243,5.5779364339173146e-05,0.0001673380930175,38784
2425,0.193342437967658,0.1926773842424154,0.0066505510330898,0.1188083738088607,100691,5.574685752464334e-05,0.0001672405725739,38800
2426,0.2165686562657356,0.2160792332142591,0.0048942419234663,0.1188103854656219,97720,5.571434824834233e-05,0.000167143044745,38816
2427,0.2570831999182701,0.2567232027649879,0.0035999128012917,0.1188122108578682,101660,5.568183652419606e-05,0.0001670455095725,38832
2428,0.1797541510313749,0.1793387904763221,0.0041536063090461,0.1188141107559204,104758,5.564932236613154e-05,0.0001669479670983,38848
2429,0.1110727675259113,0.1106711141765117,0.0040165343962144,0.1188159808516502,98812,5.561680578807678e-05,0.0001668504173642,38864
2430,0.1560546830296516,0.1557276006788015,0.0032707985665183,0.1188177615404129,95568,5.558428680396087e-05,0.0001667528604118,38880
2431,0.1696304064244032,0.1693314146250486,0.0029899324727011,0.1188196614384651,98571,5.555176542771389e-05,0.0001666552962831,38896
2432,0.2713061794638634,0.2707978188991546,0.0050836751033784,0.1188214495778083,101513,5.551924167326698e-05,0.0001665577250198,38912
2433,0.1835205033421516,0.1830034293234348,0.0051707448437809,0.1188231706619262,97102,5.548671555455226e-05,0.0001664601466636,38928
2434,0.1821528188884258,0.1816958077251911,0.0045700869522988,0.1188251003623008,101554,5.545418708550293e-05,0.0001663625612565,38944
2435,0.2537412755191326,0.2536315135657787,0.0010976381599903,0.1188271567225456,105014,5.542165628005311e-05,0.0001662649688401,38960
2436,0.1419431902468204,0.1412405334413051,0.0070265728572849,0.1188291385769844,89044,5.538912315213797e-05,0.0001661673694564,38976
2437,0.1837660297751426,0.1832870468497276,0.0047897879612719,0.1188309863209724,94947,5.535658771569369e-05,0.000166069763147,38992
2438,0.23092857375741,0.2303245812654495,0.0060399146750569,0.1188325956463813,100999,5.53240499846574e-05,0.0001659721499539,39008
2439,0.1621802784502506,0.1616845931857824,0.0049568656540941,0.1188342422246933,97706,5.529150997296724e-05,0.0001658745299189,39024
2440,0.2433108314871788,0.2429195418953895,0.0039129002543631,0.118835724890232,98947,5.5258967694562304e-05,0.0001657769030836,39040
2441,0.1611888967454433,0.1609860565513372,0.0020284095626266,0.1188372075557708,99056,5.522642316338268e-05,0.0001656792694901,39056
2442,0.1910350862890482,0.1908133290708065,0.0022175411286298,0.1188388988375663,98048,5.519387639336941e-05,0.0001655816291801,39072
2443,0.1676478087902069,0.1674237083643674,0.0022409964294638,0.1188406273722648,101916,5.51613273984645e-05,0.0001654839821953,39088
2444,0.1885029934346676,0.1884221117943525,0.0008088590147963,0.1188424304127693,100763,5.5128776192610895e-05,0.0001653863285778,39104
2445,0.2446214854717254,0.2442414313554763,0.0038005923561286,0.1188441291451454,95207,5.50962227897525e-05,0.0001652886683692,39120
2446,0.1357441805303096,0.1355476956814527,0.0019648147281259,0.1188460439443588,98406,5.506366720383417e-05,0.0001651910016115,39136
2447,0.2058513220399618,0.2054742462933063,0.0037706952716689,0.118848018348217,97368,5.503110944880169e-05,0.0001650933283464,39152
2448,0.2299205549061298,0.2295307405292987,0.0038981774850981,0.1188499704003334,101655,5.499854953860173e-05,0.0001649956486158,39168
2449,0.2823229841887951,0.2821980603039264,0.0012492227588154,0.1188520044088363,105614,5.496598748718196e-05,0.0001648979624615,39184
2450,0.206260971724987,0.2058883309364318,0.0037263735721353,0.118854135274887,101392,5.493342330849089e-05,0.0001648002699254,39200
2451,0.2573420628905296,0.2572733722627163,0.0006869734370411,0.11885616928339,101960,5.490085701647805e-05,0.0001647025710494,39216
2452,0.1558820661157369,0.1551191136240959,0.0076295117905829,0.1188581511378288,97668,5.4868288625093725e-05,0.0001646048658752,39232
2453,0.2120253685861826,0.2117283195257187,0.0029705328743148,0.1188599467277526,100628,5.483571814828921e-05,0.0001645071544448,39248
2454,0.2133664973080158,0.2131336107850074,0.0023288262600544,0.1188616976141929,95980,5.480314560001667e-05,0.0001644094368,39264
2455,0.1607921123504638,0.1606229478493333,0.0016916422273425,0.1188637390732765,103971,5.477057099422913e-05,0.0001643117129826,39280
2456,0.1257211845368147,0.1255200151354074,0.002011713135289,0.118865817785263,101780,5.473799434488056e-05,0.0001642139830346,39296
2457,0.2163202539086341,0.2159088626503944,0.0041138909655273,0.1188677847385406,102944,5.470541566592573e-05,0.0001641162469977,39312
2458,0.1811147732660174,0.1804734729230404,0.0064130410319194,0.1188698187470436,100618,5.4672834971320296e-05,0.0001640185049139,39328
2459,0.1535109020769596,0.1529740467667579,0.0053685914026573,0.1188717484474182,97111,5.464025227502082e-05,0.000163920756825,39344
2460,0.2102801613509655,0.2098498046398162,0.0043035404960392,0.1188736036419868,96199,5.460766759098468e-05,0.0001638230027729,39360
2461,0.2395517826080322,0.2391053922474384,0.0044638860126724,0.1188754141330719,97634,5.457508093317013e-05,0.0001637252427995,39376
2462,0.1594344358891248,0.1590218693017959,0.004125659528654,0.1188772171735763,97190,5.454249231553624e-05,0.0001636274769466,39392
2463,0.3027167245745659,0.3025770522654056,0.0013966831320431,0.118878960609436,101775,5.450990175204296e-05,0.0001635297052561,39408
2464,0.3668120503425598,0.3667909502983093,0.0002110149443979,0.1188806295394897,104963,5.447730925665104e-05,0.0001634319277699,39424
2465,0.1598294917494058,0.1593554802238941,0.0047401107149198,0.1188823282718658,93017,5.4444714843322085e-05,0.0001633341445299,39440
2466,0.1655656369403004,0.1653339024633169,0.0023173802328528,0.1188841462135315,99235,5.441211852601849e-05,0.000163236355578,39456
2467,0.150133840739727,0.1499508004635572,0.0018304172554053,0.1188861653208732,103733,5.437952031870347e-05,0.0001631385609561,39472
2468,0.1780944913625717,0.1778623377904296,0.0023215282490127,0.1188882142305374,97878,5.434692023534108e-05,0.000163040760706,39488
2469,0.2551344409584999,0.2549262680113315,0.0020817420372623,0.1188901588320732,104064,5.4314318289896185e-05,0.0001629429548696,39504
2470,0.1756388805806636,0.17536043189466,0.0027845180557051,0.1188923418521881,102417,5.428171449633437e-05,0.000162845143489,39520
2471,0.1755056697875261,0.1749318763613701,0.0057379929348826,0.1188943907618522,97508,5.4249108868622086e-05,0.0001627473266058,39536
2472,0.2284055985510349,0.2280632592737674,0.0034234004851896,0.1188965216279029,99161,5.421650142072655e-05,0.0001626495042621,39552
2473,0.1060238070785999,0.105651494115591,0.0037230912712402,0.1188985407352447,96257,5.418389216661579e-05,0.0001625516764998,39568
2474,0.1671986998990178,0.1666175574064254,0.0058114468702115,0.1189004331827163,96188,5.415128112025851e-05,0.0001624538433607,39584
2475,0.2517622038722038,0.251438470557332,0.0032373352623835,0.1189023181796073,97915,5.411866829562428e-05,0.0001623560048868,39600
2476,0.1864375434815883,0.1859308890998363,0.0050665417220443,0.1189040690660476,95969,5.408605370668342e-05,0.00016225816112,39616
2477,0.1256363242864608,0.1253447979688644,0.0029152622446417,0.1189060360193252,101871,5.405343736740695e-05,0.0001621603121022,39632
2478,0.2066588960587978,0.2065842561423778,0.0007464384889317,0.1189080998301506,100031,5.402081929176668e-05,0.0001620624578753,39648
2479,0.1681862529367208,0.1675912663340568,0.0059498744667507,0.1189100593328476,98573,5.398819949373516e-05,0.0001619645984812,39664
2480,0.2251008870080113,0.2249419623985886,0.0015892508981778,0.118911974132061,102203,5.395557798728568e-05,0.0001618667339618,39680
2481,0.2119878493249416,0.2117841709405183,0.0020367497345432,0.1189138367772102,101905,5.392295478639225e-05,0.0001617688643591,39696
2482,0.3365443125367164,0.3362499848008156,0.0029432532246573,0.1189164742827415,102134,5.3890329905029626e-05,0.000161670989715,39712
2483,0.1540806367993354,0.1534738168120384,0.0060682260955218,0.1189190372824668,98534,5.385770335717326e-05,0.0001615731100715,39728
2484,0.1231437418609857,0.1230435911566019,0.0010015021543949,0.118921548128128,100685,5.382507515679931e-05,0.0001614752254703,39744
2485,0.262464702129364,0.2622443623840809,0.0022033838395145,0.118923932313919,100362,5.3792445317884696e-05,0.0001613773359536,39760
2486,0.1262213587760925,0.1258138325065374,0.004075267643202,0.1189263090491294,98432,5.3759813854407e-05,0.0001612794415632,39776
2487,0.145745912566781,0.1454498693346977,0.0029604101582663,0.1189288049936294,102434,5.3727180780344486e-05,0.000161181542341,39792
2488,0.1424886509776115,0.1422045323997736,0.0028411684525053,0.1189313679933548,98371,5.3694546109676135e-05,0.000161083638329,39808
2489,0.139843956567347,0.1396748665720224,0.0016908890538616,0.1189337521791458,101062,5.366190985638159e-05,0.0001609857295691,39824
2490,0.218149023130536,0.2178903259336948,0.002586996404716,0.1189361289143562,99110,5.36292720344412e-05,0.0001608878161033,39840
2491,0.2251064572483301,0.224792443215847,0.0031401553424075,0.1189385429024696,104739,5.359663265783598e-05,0.0001607898979735,39856
2492,0.1704550515860319,0.1701187007129192,0.0033634986175457,0.1189410835504531,99995,5.356399174054758e-05,0.0001606919752216,39872
2493,0.1225431775674223,0.1223971657454967,0.0014600977036707,0.1189436689019203,103767,5.3531349296558345e-05,0.0001605940478896,39888
2494,0.2202832363545894,0.2200554870069027,0.0022774720710003,0.1189465075731277,102195,5.349870533985124e-05,0.0001604961160195,39904
2495,0.2570069991052151,0.2569177709519863,0.0008922070192056,0.1189493238925933,101850,5.346605988440994e-05,0.0001603981796532,39920
2496,0.1857984606176614,0.1853328421711921,0.0046562070810978,0.1189519539475441,96132,5.343341294421869e-05,0.0001603002388326,39936
2497,0.202165825292468,0.2017939276993274,0.0037190082948654,0.1189543604850769,101075,5.340076453326241e-05,0.0001602022935997,39952
2498,0.161452405154705,0.1606852319091558,0.0076717309420928,0.1189565733075141,98584,5.336811466552665e-05,0.0001601043439965,39968
2499,0.2615286372601986,0.2613757699728012,0.0015286855195881,0.1189586743712425,102642,5.333546335499756e-05,0.0001600063900649,39984
2500,0.1788254287093877,0.1783707737922668,0.0045465396251529,0.1189607307314872,104101,5.3302810615661935e-05,0.0001599084318469,40000
2501,0.1475087273865938,0.1473140548914671,0.0019467468009679,0.1189627945423126,99816,5.327015646150716e-05,0.0001598104693845,40016
2502,0.1702895723283291,0.1697480231523513,0.0054155302677827,0.1189647242426872,99030,5.323750090652124e-05,0.0001597125027195,40032
2503,0.1374528706073761,0.1370329651981592,0.0041990492354671,0.1189667209982872,98333,5.320484396469281e-05,0.000159614531894,40048
2504,0.2200463954359293,0.2198847569525241,0.0016164273401955,0.1189689636230468,102788,5.317218565001102e-05,0.00015951655695,40064
2505,0.190036216750741,0.1898858807981014,0.0015033557338028,0.1189718768000602,105455,5.313952597646568e-05,0.0001594185779293,40080
2506,0.170298159122467,0.1700120791792869,0.0028608026113943,0.1189749240875244,101101,5.3106864958047145e-05,0.0001593205948741,40096
2507,0.1891347616910934,0.1888543982058763,0.0028036239091306,0.1189779266715049,93475,5.307420260874636e-05,0.0001592226078262,40112
2508,0.242553774267435,0.2423729505389928,0.001808197441278,0.1189808920025825,105900,5.3041538942554846e-05,0.0001591246168276,40128
2509,0.1393028255552053,0.1391857676208019,0.0011706220407177,0.1189845129847526,100033,5.300887397346468e-05,0.0001590266219203,40144
2510,0.1913478011265397,0.1907508000731468,0.0059699869743781,0.118987888097763,98326,5.2976207715468485e-05,0.0001589286231464,40160
2511,0.1638992950320243,0.1635216306895017,0.0037766443592772,0.1189909949898719,91796,5.294354018255945e-05,0.0001588306205476,40176
2512,0.1483477354049682,0.147916404530406,0.0043133123836014,0.1189940050244331,98100,5.291087138873132e-05,0.0001587326141661,40192
2513,0.1115301419049501,0.1113245841115713,0.002055604927591,0.1189970597624778,102207,5.287820134797837e-05,0.0001586346040439,40208
2514,0.1774153001606464,0.1771364584565162,0.0027884090841325,0.1190000250935554,104715,5.284553007429539e-05,0.0001585365902228,40224
2515,0.1949023101478815,0.1946070678532123,0.0029524351120926,0.1190027818083763,100743,5.281285758167773e-05,0.000158438572745,40240
2516,0.2569288052618503,0.2567578591406345,0.001709417469101,0.1190053895115852,102454,5.278018388412123e-05,0.0001583405516523,40256
2517,0.2631876468658447,0.2630641721189022,0.0012347608301297,0.1190077811479568,102642,5.27475089956223e-05,0.0001582425269868,40272
2518,0.1941400654613971,0.1938937790691852,0.002462868578732,0.119010604918003,101584,5.271483293017778e-05,0.0001581444987905,40288
2519,0.243992293253541,0.2437746673822403,0.0021762472406408,0.1190134137868881,101520,5.2682155701785085e-05,0.0001580464671053,40304
2520,0.1789209172129631,0.1786573398858308,0.0026357859678682,0.1190160363912582,98978,5.264947732444209e-05,0.0001579484319733,40320
2521,0.1911234203726053,0.1905905921012163,0.0053282794533515,0.119018480181694,99365,5.26167978121472e-05,0.0001578503934364,40336
2522,0.2701920978724956,0.2700283750891685,0.0016372851387131,0.1190207377076149,101761,5.258411717889925e-05,0.0001577523515366,40352
2523,0.1915864255279302,0.1914182342588901,0.0016819490265334,0.1190230324864387,100083,5.255143543869758e-05,0.000157654306316,40368
2524,0.2790830060839653,0.2788630574941635,0.0021994329144945,0.119025208055973,98991,5.251875260554204e-05,0.0001575562578166,40384
2525,0.1610151473432779,0.160613908432424,0.0040123541984939,0.1190273538231849,100035,5.24860686934329e-05,0.0001574582060802,40400
2526,0.2170900255441665,0.2167186997830867,0.0037132628931431,0.1190294325351715,99547,5.245338371637091e-05,0.0001573601511491,40416
2527,0.1310314666479826,0.1306579895317554,0.0037347879988374,0.1190316528081893,100330,5.242069768835728e-05,0.000157262093065,40432
2528,0.1428236551582813,0.1424252577126026,0.0039839579549152,0.1190341636538505,97080,5.2388010623393645e-05,0.0001571640318701,40448
2529,0.1262191664427518,0.1257536634802818,0.004655014607124,0.1190364584326744,96579,5.235532253548213e-05,0.0001570659676064,40464
2530,0.1594205312430858,0.1591612827032804,0.002592486962385,0.119038701057434,100207,5.232263343862528e-05,0.0001569679003158,40480
2531,0.2098034266382455,0.2095138570293784,0.0028957471949979,0.1190409734845161,107075,5.228994334682604e-05,0.0001568698300404,40496
2532,0.1505710929632187,0.1502170115709304,0.0035408092771831,0.1190432459115982,104158,5.225725227408784e-05,0.0001567717568222,40512
2533,0.1879343446344137,0.1875178925693035,0.0041645406163297,0.1190455183386802,95264,5.222456023441444e-05,0.0001566736807032,40528
2534,0.1654645223170519,0.1651573665440082,0.0030715573520865,0.1190476492047309,100573,5.219186724181013e-05,0.0001565756017254,40544
2535,0.1336116660386324,0.1329046115279197,0.0070705609759897,0.1190496757626533,95317,5.215917331027952e-05,0.0001564775199308,40560
2536,0.1320934612303972,0.131321495398879,0.0077196350321173,0.1190515309572219,96766,5.212647845382767e-05,0.0001563794353614,40576
2537,0.2674995884299278,0.2671972885727882,0.0030229611729737,0.1190533265471458,102204,5.209378268645998e-05,0.0001562813480593,40592
2538,0.1549064964056015,0.154654623940587,0.0025187306764564,0.119055300951004,103099,5.206108602218234e-05,0.0001561832580665,40608
2539,0.2265418786555528,0.2258050572127103,0.0073682099755387,0.119057111442089,96414,5.2028388475000897e-05,0.000156085165425,40624
2540,0.1831490322947502,0.1829151138663292,0.0023391749709844,0.1190589815378189,102124,5.199569005892228e-05,0.0001559870701767,40640
2541,0.1649977844208479,0.1646623667329549,0.0033541967568453,0.1190609782934188,98614,5.196299078795344e-05,0.0001558889723638,40656
2542,0.1209338810294866,0.1207382073625922,0.0019567613198887,0.1190629824995994,101370,5.193029067610171e-05,0.0001557908720283,40672
2543,0.1880862228572368,0.1879324968904256,0.0015372998968814,0.1190651133656501,99109,5.189758973737477e-05,0.0001556927692121,40688
2544,0.2103828322142362,0.2102610506117344,0.0012178382130514,0.1190671995282173,101010,5.186488798578069e-05,0.0001555946639573,40704
2545,0.2655601110309362,0.2654107399284839,0.0014937010710127,0.1190691217780113,98146,5.183218543532782e-05,0.0001554965563059,40720
2546,0.2462776936590671,0.2458585686981678,0.0041912830511137,0.1190709024667739,94046,5.179948210002492e-05,0.0001553984463,40736
2547,0.1423185337334871,0.1417748015373945,0.0054373492894228,0.1190726906061172,101973,5.176677799388107e-05,0.0001553003339816,40752
2548,0.2297830879688263,0.2293554842472076,0.0042760114738484,0.1190743073821067,101462,5.1734073130905645e-05,0.0001552022193927,40768
2549,0.20607990026474,0.2058776095509529,0.0020228880603099,0.1190759316086769,97985,5.170136752510837e-05,0.0001551041025753,40784
2550,0.1381475888192653,0.1379506327211856,0.001969546006876,0.1190776899456977,104429,5.166866119049931e-05,0.0001550059835714,40800
2551,0.1358676385134458,0.1353446599096059,0.005229793023318,0.1190793439745903,97560,5.163595414108881e-05,0.0001549078624232,40816
2552,0.1904576476663351,0.1902883145958185,0.0016933406441239,0.1190811023116111,104505,5.160324639088752e-05,0.0001548097391726,40832
2553,0.2384819071739912,0.2382819056510925,0.0019999753712909,0.1190830990672111,102068,5.157053795390642e-05,0.0001547116138617,40848
2554,0.1886624246835708,0.1884550414979457,0.0020738250295835,0.1190851405262947,101064,5.1537828844156745e-05,0.0001546134865324,40864
2555,0.2386201731860637,0.2382465451955795,0.0037363049341365,0.1190871447324752,100002,5.150511907565005e-05,0.0001545153572269,40880
2556,0.161430936306715,0.1610809881240129,0.0034994714224012,0.119089089334011,101543,5.1472408662398176e-05,0.0001544172259871,40896
2557,0.2244479767978191,0.2243528217077255,0.0009516089867247,0.1190910562872886,100719,5.143969761841317e-05,0.0001543190928552,40912
2558,0.1852636039257049,0.1850600428879261,0.0020355878223199,0.1190929189324379,96239,5.140698595770748e-05,0.0001542209578731,40928
2559,0.2116342335939407,0.2113608866930008,0.0027334869082551,0.1190947219729423,98724,5.137427369429368e-05,0.0001541228210828,40944
2560,0.3204456865787506,0.3204032108187675,0.0004247661436238,0.1190964058041572,99800,5.13415608421847e-05,0.0001540246825265,40960
2561,0.1570697296410799,0.1569324042648077,0.0013732712832279,0.1190982460975647,101974,5.130884741539367e-05,0.0001539265422461,40976
2562,0.2140852492302656,0.2136702612042427,0.0041498635837342,0.1191000044345855,97466,5.127613342793398e-05,0.0001538284002838,40992
2563,0.1465511731803417,0.1464305892586708,0.0012058346437697,0.1191019266843795,100764,5.124341889381929e-05,0.0001537302566814,41008
2564,0.1898448504507541,0.1895855125039816,0.0025933536817319,0.1191040650010109,98448,5.121070382706342e-05,0.0001536321114811,41024
2565,0.2180802505463361,0.2177189029753208,0.003613457432948,0.1191061735153198,101373,5.117798824168052e-05,0.000153533964725,41040
2566,0.2116826362907886,0.2114217411726713,0.0026089620805578,0.1191085055470466,100089,5.114527215168485e-05,0.000153435816455,41056
2567,0.3570167347788811,0.3568541407585144,0.0016259520944004,0.1191107258200645,100127,5.1112555571091005e-05,0.0001533376667132,41072
2568,0.2034207377582788,0.2031575813889503,0.0026315787308703,0.1191128864884376,103790,5.107983851391369e-05,0.0001532395155417,41088
2569,0.191874373704195,0.1914221942424774,0.004521793423919,0.1191149950027465,96381,5.104712099416785e-05,0.0001531413629825,41104
2570,0.2076892126351595,0.2075672410428524,0.0012197600299259,0.1191171333193779,100199,5.101440302586865e-05,0.0001530432090776,41120
2571,0.2045823503285646,0.2043624445796013,0.0021990827081026,0.1191188916563987,99119,5.0981684623031415e-05,0.000152945053869,41136
2572,0.1678590290248394,0.1677762884646654,0.0008273956773336,0.1191209405660629,103989,5.094896579967168e-05,0.000152846897399,41152
2573,0.1611135564744472,0.1605673618614673,0.0054619642032776,0.1191229820251464,99171,5.091624656980515e-05,0.0001527487397094,41168
2574,0.1670988947153091,0.1669226828962564,0.0017621073056943,0.1191252022981643,102808,5.088352694744769e-05,0.0001526505808423,41184
2575,0.1490573845803737,0.1484162546694278,0.0064113007392734,0.1191273927688598,96911,5.085080694661535e-05,0.0001525524208398,41200
2576,0.1790427602827549,0.178454753011465,0.0058800569386221,0.1191293969750404,100154,5.0818086581324345e-05,0.0001524542597439,41216
2577,0.1417862717062235,0.1412619948387146,0.0052427446935325,0.1191313713788986,98495,5.078536586559104e-05,0.0001523560975967,41232
2578,0.1838220711797475,0.1834311839193105,0.003908858532668,0.1191334053874015,99446,5.075264481343196e-05,0.0001522579344402,41248
2579,0.2593716401606798,0.2592512890696525,0.0012035636609653,0.1191354095935821,101045,5.0719923438863726e-05,0.0001521597703165,41264
2580,0.0831622425466775,0.0830044066533446,0.0015783618509885,0.1191376969218254,101484,5.068720175590318e-05,0.0001520616052677,41280
2581,0.0965836942195892,0.0962495803833007,0.0033411470649298,0.1191400364041328,104356,5.065447977856722e-05,0.0001519634393357,41296
2582,0.1571464464068412,0.156958095729351,0.0018834787188097,0.1191422268748283,97683,5.0621757520872936e-05,0.0001518652725626,41312
2583,0.1834904663264751,0.1830920744687318,0.0039839163364376,0.119144283235073,98947,5.058903499683746e-05,0.0001517671049905,41328
2584,0.127883555367589,0.1275923494249582,0.0029120648105163,0.119146429002285,99530,5.055631222047812e-05,0.0001516689366614,41344
2585,0.2024270333349704,0.2022122368216514,0.0021479392889887,0.1191484555602073,95569,5.052358920581229e-05,0.0001515707676174,41360
2586,0.2563946936279535,0.2560443636029959,0.0035032639261771,0.1191503778100013,96906,5.049086596685749e-05,0.0001514725979005,41376
2587,0.2372514493763446,0.2371632158756256,0.0008823714670143,0.1191523000597953,103367,5.04581425176313e-05,0.0001513744275528,41392
2588,0.1361649241298437,0.1359997410327196,0.0016518218035344,0.1191542819142341,100457,5.04254188721514e-05,0.0001512762566164,41408
2589,0.1575787980109453,0.1573988692834973,0.0017993089422816,0.1191563382744789,104438,5.039269504443557e-05,0.0001511780851333,41424
2590,0.1604443769901991,0.16014139726758,0.0030298037163447,0.1191583648324012,100755,5.035997104850166e-05,0.0001510799131455,41440
2591,0.1075378451496362,0.1070219799876213,0.0051586603512987,0.1191603988409042,93767,5.03272468983676e-05,0.0001509817406951,41456
2592,0.1476764287799596,0.1473383959382772,0.0033803401747718,0.1191623732447624,100909,5.029452260805137e-05,0.0001508835678241,41472
2593,0.1564129926264286,0.1562580019235611,0.0015499289584113,0.1191644594073295,102140,5.026179819157098e-05,0.0001507853945747,41488
2594,0.162744041532278,0.1624078936874866,0.0033614650310482,0.1191665455698967,101795,5.022907366294458e-05,0.0001506872209888,41504
2595,0.3177151456475258,0.3175641149282455,0.0015103031910257,0.119168497622013,96579,5.01963490361903e-05,0.0001505890471085,41520
2596,0.2265870906412601,0.2258403860032558,0.0074670153262559,0.1191703379154205,101094,5.016362432532634e-05,0.0001504908729759,41536
2597,0.2015317883342504,0.2013667616993188,0.0016502354815202,0.1191722601652145,100427,5.013089954437091e-05,0.0001503926986331,41552
2598,0.1650779228657484,0.1644978746771812,0.0058004803431686,0.1191743463277816,103393,5.009817470734226e-05,0.000150294524122,41568
2599,0.1804496310651302,0.1801112480461597,0.0033838322560768,0.1191763281822204,100067,5.006544982825872e-05,0.0001501963494847,41584
2600,0.2532530184835195,0.253130953758955,0.0012207132647006,0.1191782727837562,102877,5.003272492113851e-05,0.0001500981747634,41600
2601,0.2344899512827396,0.2342684380710125,0.0022151425728225,0.1191801726818084,102096,5e-05,0.00015,41616
2602,0.1533051468431949,0.1530318595468998,0.0027328691503498,0.1191820129752159,102262,4.996727507886149e-05,0.0001499018252365,41632
2603,0.2419632673263549,0.2416545338928699,0.0030873921350575,0.1191838011145591,99178,4.993455017174132e-05,0.0001498036505152,41648
2604,0.199684128165245,0.1994905825704336,0.0019354667165316,0.1191854551434516,100104,4.990182529265775e-05,0.0001497054758779,41664
2605,0.1592015046626329,0.1586922910064458,0.0050921717847813,0.1191871389746666,99372,4.986910045562911e-05,0.0001496073013668,41680
2606,0.2062651440501213,0.206204954534769,0.0006018930944264,0.1191888302564621,100592,4.983637567467366e-05,0.000149509127024,41696
2607,0.1215134356170892,0.121071932837367,0.0044150406029075,0.1191906854510307,101611,4.980365096380971e-05,0.0001494109528914,41712
2608,0.1835387516766786,0.1832591723650694,0.0027958548162132,0.1191926375031471,99050,4.977092633705543e-05,0.0001493127790111,41728
2609,0.1606687866151332,0.1602860987186432,0.0038268907228484,0.1191946119070053,99588,4.973820180842902e-05,0.0001492146054252,41744
2610,0.2276585288345813,0.2272921130061149,0.0036641214610426,0.1191965118050575,97425,4.970547739194866e-05,0.0001491164321758,41760
2611,0.191070519387722,0.1909308061003685,0.0013971197331557,0.1191984117031097,96975,4.9672753101632415e-05,0.0001490182593048,41776
2612,0.2338525801897049,0.2338044829666614,0.0004809631489024,0.119200550019741,99006,4.964002895149834e-05,0.0001489200868544,41792
2613,0.2457848601043224,0.2454363070428371,0.0034855171325034,0.1192026659846305,104737,4.960730495556446e-05,0.0001488219148666,41808
2614,0.1609564442187547,0.1604828312993049,0.0047361298056785,0.1192046701908111,101625,4.957458112784862e-05,0.0001487237433835,41824
2615,0.1886233482509851,0.188082780689001,0.0054056549670349,0.1192064955830574,100725,4.954185748236871e-05,0.0001486255724471,41840
2616,0.169183861464262,0.1689642891287803,0.0021956964483251,0.1192084103822708,100727,4.9509134033142525e-05,0.0001485274020994,41856
2617,0.2081147730350494,0.2078085951507091,0.0030618352175224,0.1192102283239364,99299,4.947641079418773e-05,0.0001484292323825,41872
2618,0.2189965527504682,0.2187720108777284,0.0022454328054664,0.1192120015621185,97470,4.944368777952189e-05,0.0001483310633385,41888
2619,0.1805984126403927,0.1802938897162675,0.0030452409700956,0.1192137226462364,94781,4.941096500316253e-05,0.0001482328950094,41904
2620,0.1428372841328382,0.1426872853189706,0.0014999576087575,0.1192154809832573,101278,4.937824247912708e-05,0.0001481347274373,41920
2621,0.2605862319469452,0.2602109424769878,0.0037528561661019,0.1192172020673751,102481,4.934552022143279e-05,0.0001480365606642,41936
2622,0.2482578940689563,0.247602317482233,0.0065558152855373,0.1192188188433647,94587,4.931279824409683e-05,0.0001479383947322,41952
2623,0.1607339438050985,0.16036943718791,0.0036450531206355,0.1192204058170318,94575,4.928007656113627e-05,0.0001478402296834,41968
2624,0.1790100149810314,0.178617613390088,0.0039240161131601,0.1192219629883766,95767,4.924735518656807e-05,0.0001477420655597,41984
2625,0.1876451298594474,0.1874293889850378,0.0021574055062956,0.1192236542701721,99770,4.921463413440898e-05,0.0001476439024032,42000
2626,0.1611824780702591,0.1607911735773086,0.0039130277436925,0.1192253530025482,102272,4.918191341867566e-05,0.000147545740256,42016
2627,0.1227255035191774,0.1222183313220739,0.0050717021222226,0.1192272529006004,99659,4.914919305338467e-05,0.0001474475791601,42032
2628,0.2745657339692116,0.2742726281285286,0.0029309929959708,0.1192290410399437,100295,4.9116473052552325e-05,0.0001473494191576,42048
2629,0.2410013563930988,0.2408589534461498,0.0014240376040106,0.1192308664321899,102363,4.908375343019487e-05,0.0001472512602905,42064
2630,0.1779267666861415,0.1777685163542628,0.0015825173904886,0.1192326173186302,95974,4.9051034200328335e-05,0.0001471531026009,42080
2631,0.1808067839592695,0.1804970800876617,0.0030970036023063,0.1192342862486839,104356,4.901831537696859e-05,0.0001470549461309,42096
2632,0.1330961715430021,0.1328063700348138,0.0028980308197787,0.1192361190915107,102873,4.898559697413136e-05,0.0001469567909223,42112
2633,0.1347501371055841,0.1345723215490579,0.0017781514543457,0.1192382052540779,102714,4.895287900583216e-05,0.0001468586370174,42128
2634,0.234826672822237,0.234552051872015,0.0027461962272354,0.1192401275038719,98139,4.892016148608632e-05,0.0001467604844582,42144
2635,0.1168551426380872,0.1166797708719968,0.001753702876158,0.1192421093583107,97818,4.8887444428909006e-05,0.0001466623332867,42160
2636,0.1744802109897136,0.1740128211677074,0.0046739135577809,0.1192439645528793,97278,4.885472784831514e-05,0.0001465641835449,42176
2637,0.1599236242473125,0.1595377530902624,0.0038587506060139,0.1192459166049957,101002,4.882201175831951e-05,0.0001464660352749,42192
2638,0.1174485757946968,0.1169812642037868,0.0046731190523132,0.1192480623722076,96404,4.878929617293658e-05,0.0001463678885188,42208
2639,0.172193830832839,0.1718430444598198,0.0035078822547802,0.1192502751946449,102746,4.875658110618073e-05,0.0001462697433185,42224
2640,0.1691871136426925,0.1688970364630222,0.0029007715347688,0.1192525252699852,95515,4.8723866572066025e-05,0.0001461715997161,42240
2641,0.221750920638442,0.2214110996574163,0.0033982059103436,0.1192547902464866,96817,4.869115258460635e-05,0.0001460734577538,42256
2642,0.1387881860136985,0.1380946915596723,0.0069349487312138,0.1192571073770523,98907,4.865843915781531e-05,0.0001459753174734,42272
2643,0.1580611430108547,0.1576485419645905,0.0041260338621214,0.1192593574523925,100049,4.862572630570633e-05,0.0001458771789171,42288
2644,0.1891314089298248,0.1885955296456813,0.0053587848233291,0.1192616373300552,97500,4.859301404229255e-05,0.0001457790421268,42304
2645,0.235698115080595,0.2352709770202636,0.0042713292205007,0.1192637830972671,103541,4.8560302381586834e-05,0.0001456809071447,42320
2646,0.2423927411437034,0.2421976178884506,0.0019512338658387,0.1192658469080925,101151,4.852759133760184e-05,0.0001455827740128,42336
2647,0.1923077069222927,0.1921358779072761,0.0017183002564706,0.1192680522799491,105531,4.849488092434995e-05,0.000145484642773,42352
2648,0.2196049690246582,0.2193110715597868,0.0029389743722276,0.1192701309919357,96160,4.8462171155843273e-05,0.0001453865134675,42368
2649,0.213215259835124,0.2128590252250433,0.0035623875592136,0.1192720606923103,93285,4.842946204609359e-05,0.0001452883861382,42384
2650,0.2352985553443431,0.2351356968283653,0.0016286104510072,0.1192739680409431,102654,4.839675360911248e-05,0.0001451902608273,42400
2651,0.254032239317894,0.2537077367305755,0.0032449946684209,0.1192757487297058,100868,4.83640458589112e-05,0.0001450921375767,42416
2652,0.1696759685873985,0.1695935893803835,0.0008238059235736,0.1192777827382087,106029,4.83313388095007e-05,0.0001449940164285,42432
2653,0.1793252509087324,0.1790421325713396,0.0028311799978837,0.1192797347903251,100446,4.829863247489162e-05,0.0001448958974246,42448
2654,0.1198084577918052,0.1195550952106714,0.0025336338294437,0.1192821413278579,103453,4.826592686909438e-05,0.0001447977806072,42464
2655,0.1580647435039281,0.1577358692884445,0.0032887487614061,0.1192844584584236,102328,4.8233222006118943e-05,0.0001446996660183,42480
2656,0.1742555554956197,0.1740883886814117,0.001671677455306,0.1192867383360862,104325,4.820051789997509e-05,0.0001446015536999,42496
2657,0.1805115267634391,0.1799961198121309,0.0051540645072236,0.1192889064550399,98274,4.816781456467218e-05,0.000144503443694,42512
2658,0.1838095560669899,0.1835333164781332,0.0027624271315289,0.1192910000681877,101764,4.813511201421934e-05,0.0001444053360426,42528
2659,0.1846159696578979,0.1843361333012581,0.0027983170912193,0.1192930340766906,95998,4.810241026262524e-05,0.0001443072307878,42544
2660,0.1430067718029022,0.1427818518131971,0.0022491905037895,0.1192951500415802,102223,4.806970932389831e-05,0.0001442091279716,42560
2661,0.129912257194519,0.1297598388046026,0.0015241706933011,0.1192972585558891,99554,4.8037009212046586e-05,0.0001441110276361,42576
2662,0.1535180732607841,0.1533650606870651,0.0015301213570637,0.119299292564392,99097,4.800430994107774e-05,0.0001440129298232,42592
2663,0.2601597383618355,0.2599396333098411,0.0022011059822943,0.1193012595176696,99078,4.797161152499911e-05,0.0001439148345749,42608
2664,0.1543502081185579,0.1542605422437191,0.0008966189270722,0.1193032413721084,103187,4.793891397781768e-05,0.0001438167419334,42624
2665,0.1270949533209204,0.1269150003790855,0.001799562422093,0.1193052381277084,102697,4.790621731354003e-05,0.0001437186519406,42640
2666,0.1282083131372928,0.1279279012233019,0.0028040951146977,0.1193072348833084,100557,4.787352154617235e-05,0.0001436205646385,42656
2667,0.0940212281420826,0.0937900589779019,0.0023116774100344,0.1193092167377471,99781,4.784082668972048e-05,0.0001435224800691,42672
2668,0.1626736354082822,0.1622919784858822,0.0038165518344612,0.1193112507462501,100850,4.7808132758189885e-05,0.0001434243982745,42688
2669,0.1083105094730854,0.107755753211677,0.0055475829576607,0.1193132847547531,100340,4.777543976558557e-05,0.0001433263192967,42704
2670,0.1302005760371685,0.129950382746756,0.0025019290042109,0.1193154081702232,99365,4.774274772591218e-05,0.0001432282431777,42720
2671,0.244515661150217,0.2442091181874275,0.0030653971625724,0.1193174943327903,101706,4.7710056653173976e-05,0.0001431301699595,42736
2672,0.128702750429511,0.128394803032279,0.0030794677877565,0.119319699704647,98606,4.767736656137473e-05,0.0001430320996841,42752
2673,0.1907650399953127,0.1903047766536474,0.0046026813215576,0.1193218305706977,95848,4.7644677464517874e-05,0.0001429340323935,42768
2674,0.1266074441373348,0.126311445608735,0.0029599763511214,0.1193241253495216,96959,4.761198937660636e-05,0.0001428359681298,42784
2675,0.2234248984605074,0.2232562899589538,0.0016860971363712,0.1193264871835708,98867,4.7579302311642746e-05,0.0001427379069349,42800
2676,0.110747305676341,0.1102970521897077,0.0045025319705018,0.1193288192152977,97411,4.754661628362911e-05,0.0001426398488508,42816
2677,0.2189680933952331,0.2187373712658882,0.002307252769242,0.1193310767412185,102873,4.751393130656711e-05,0.0001425417939197,42832
2678,0.1878858506679535,0.187582223676145,0.0030363012483576,0.1193332746624946,104631,4.748124739445798e-05,0.0001424437421833,42848
2679,0.2986900359392166,0.2982413060963154,0.0044872779399156,0.1193352714180946,100525,4.744856456130243e-05,0.0001423456936839,42864
2680,0.2420893684029579,0.2417839467525482,0.003054212545976,0.1193372160196304,96247,4.741588282110076e-05,0.0001422476484633,42880
2681,0.1724461782723665,0.1721273232251405,0.0031885333301033,0.1193391680717468,99819,4.738320218785281e-05,0.0001421496065635,42896
2682,0.2547240257263183,0.2544390186667442,0.0028500385383267,0.1193410009145736,100687,4.735052267555792e-05,0.0001420515680266,42912
2683,0.1618082467466592,0.1612293049693107,0.0057894452475011,0.1193428337574005,103364,4.731784429821493e-05,0.0001419535328946,42928
2684,0.2268462069332599,0.2266215961426496,0.0022461697808466,0.1193447783589363,98128,4.728516706982222e-05,0.0001418555012094,42944
2685,0.1439305506646633,0.1435203216969967,0.0041023097001016,0.119346909224987,101423,4.725249100437773e-05,0.0001417574730131,42960
2686,0.1733836270868778,0.1732233539223671,0.001602729797014,0.1193491667509079,105077,4.721981611587878e-05,0.0001416594483476,42976
2687,0.2179760970175266,0.2179203927516937,0.0005570471657847,0.1193514764308929,101920,4.718714241832228e-05,0.0001415614272549,42992
2688,0.1708593480288982,0.1706072874367237,0.0025206025165971,0.119353674352169,97811,4.715446992570463e-05,0.0001414634097771,43008
2689,0.1678968891501426,0.1676363386213779,0.0026055032503791,0.1193562746047973,101163,4.712179865202165e-05,0.000141365395956,43024
2690,0.1141490451991558,0.1134108640253543,0.0073818099626805,0.1193587332963943,95712,4.7089128611268685e-05,0.0001412673858338,43040
2691,0.143502639606595,0.1433659270405769,0.0013671397755388,0.1193610802292823,101382,4.7056459817440544e-05,0.0001411693794523,43056
2692,0.1514698108658194,0.1511327000334859,0.0033710912975948,0.1193632706999778,100490,4.702379228453153e-05,0.0001410713768535,43072
2693,0.2306006299331784,0.2304455433040857,0.0015508393698837,0.1193652525544166,100965,4.699112602653533e-05,0.0001409733780796,43088
2694,0.1708138361573219,0.1704220548272133,0.0039177807921078,0.1193674802780151,97675,4.6958461057445166e-05,0.0001408753831723,43104
2695,0.1808365900069475,0.1804655604064464,0.0037103112990735,0.1193696558475494,101468,4.692579739125365e-05,0.0001407773921737,43120
2696,0.2320321500301361,0.2317669242620468,0.0026523059350438,0.1193717047572135,103216,4.6893135041952873e-05,0.0001406794051258,43136
2697,0.2037395685911178,0.2032755017280578,0.0046406590408878,0.1193738654255867,95000,4.6860474023534335e-05,0.0001405814220706,43152
2698,0.2125451099127531,0.2120513077825307,0.0049380260170437,0.1193759590387344,100262,4.682781434998899e-05,0.0001404834430499,43168
2699,0.0637018969282507,0.0633741710335016,0.0032772518752608,0.1193781048059463,99718,4.679515603530721e-05,0.0001403854681059,43184
2700,0.2250405997037887,0.2247398644685745,0.0030073940288275,0.1193800941109657,95402,4.676249909347876e-05,0.0001402874972804,43200
2701,0.2148952167481184,0.2142143733799457,0.0068083913938608,0.1193819120526313,95854,4.6729843538492847e-05,0.0001401895306154,43216
2702,0.1921811681240797,0.191835256293416,0.0034591357107274,0.1193837225437164,98398,4.669718938433809e-05,0.000140091568153,43232
2703,0.2236621491611004,0.2232685536146164,0.0039359257789328,0.1193855032324791,96663,4.6664536645002456e-05,0.000139993609935,43248
2704,0.2469099462032318,0.2468317002058029,0.0007824732238077,0.119387462735176,102963,4.663188533447336e-05,0.0001398956560034,43264
2705,0.2232319638133049,0.2227114960551262,0.0052046736818738,0.1193893775343895,104912,4.659923546673761e-05,0.0001397977064002,43280
2706,0.2173906899988651,0.2170942164957523,0.0029647381597897,0.1193913221359252,100643,4.656658705578132e-05,0.0001396997611673,43296
2707,0.2121519353240728,0.2120599523186683,0.0009197958970617,0.1193932518362999,100882,4.653394011559006e-05,0.0001396018203467,43312
2708,0.2511689327657223,0.2510688230395317,0.0010010865726144,0.119395263493061,101585,4.650129466014875e-05,0.0001395038839804,43328
2709,0.1810015812516212,0.1807165592908859,0.0028502327331807,0.1193976253271102,98858,4.646865070344168e-05,0.0001394059521103,43344
2710,0.1364992763847112,0.1358120748773217,0.0068719853297807,0.1193998456001281,91650,4.643600825945244e-05,0.0001393080247783,43360
2711,0.1905284486711025,0.1901863403618335,0.003421129185881,0.1194020062685012,100776,4.640336734216403e-05,0.0001392101020264,43376
2712,0.2890891097486019,0.2889639623463154,0.0012514896158393,0.1194040328264236,100477,4.637072796555882e-05,0.0001391121838966,43392
2713,0.2215578537434339,0.2214882243424654,0.0006963122377783,0.1194062232971191,100813,4.633809014361843e-05,0.0001390142704308,43408
2714,0.1705653192475438,0.1703495969995856,0.0021572157857008,0.1194082573056221,97660,4.630545389032388e-05,0.0001389163616709,43424
2715,0.1889066994190216,0.1885107178241014,0.0039598059374839,0.1194102838635444,100225,4.627281921965552e-05,0.0001388184576589,43440
2716,0.1431432012468576,0.1426964504644274,0.004467518243473,0.1194123551249504,103282,4.624018614559301e-05,0.0001387205584367,43456
2717,0.2470173062756657,0.2468029549345374,0.0021434901282191,0.1194143816828727,101307,4.620755468211531e-05,0.0001386226640463,43472
2718,0.2392614185810089,0.2391125373542308,0.0014888468795106,0.1194164454936981,104005,4.617492484320068e-05,0.0001385247745296,43488
2719,0.1851172223687172,0.1850247383117675,0.0009248720452887,0.1194185391068458,101154,4.614229664282677e-05,0.0001384268899284,43504
2720,0.1313122436404228,0.1308219376951456,0.0049030646769097,0.1194206103682518,94611,4.610967009497039e-05,0.0001383290102849,43520
2721,0.2148487642407417,0.2144393883645534,0.00409372113063,0.1194226518273353,96885,4.607704521360776e-05,0.0001382311356408,43536
2722,0.1767270201817155,0.1761867506429553,0.0054026708676246,0.1194245815277099,100296,4.604442201271432e-05,0.0001381332660381,43552
2723,0.1784269660711288,0.178205044940114,0.0022192252581589,0.1194264143705368,98842,4.6011800506264856e-05,0.0001380354015187,43568
2724,0.1549890572205186,0.1546693127602338,0.003197416110197,0.119428239762783,98712,4.597918070823333e-05,0.0001379375421246,43584
2725,0.1678514331579208,0.1677953358739614,0.0005609454146906,0.1194303482770919,99180,4.5946562632593066e-05,0.0001378396878977,43600
2726,0.149806909263134,0.1494404375553131,0.0036647069937316,0.1194323077797889,102004,4.591394629331661e-05,0.0001377418388799,43616
2727,0.0914089474827051,0.0908799078315496,0.0052903740433976,0.1194345355033874,102179,4.588133170437572e-05,0.0001376439951131,43632
2728,0.2114606481045484,0.2112210877239704,0.0023955739161465,0.1194365248084068,95267,4.584871887974149e-05,0.0001375461566392,43648
2729,0.1992441974580288,0.1989091578871011,0.003350349550601,0.1194384172558784,99076,4.581610783338424e-05,0.0001374483235001,43664
2730,0.2473018281161785,0.2470103874802589,0.0029143806605134,0.1194401979446411,99587,4.578349857927345e-05,0.0001373504957378,43680
2731,0.2245602291077375,0.2243835441768169,0.0017668452856014,0.1194421276450157,98920,4.575089113137792e-05,0.0001372526733941,43696
2732,0.1450272556394338,0.1445973850786686,0.0042987138149328,0.1194441169500351,97554,4.571828550366564e-05,0.0001371548565109,43712
2733,0.2404057793319225,0.240031249821186,0.0037453348923008,0.1194459944963455,103479,4.568568171010384e-05,0.0001370570451303,43728
2734,0.1598768848925829,0.1595660969614982,0.0031078757892828,0.1194477900862693,92069,4.5653079764658926e-05,0.0001369592392939,43744
2735,0.2422369942069053,0.2420758940279483,0.0016109244825202,0.1194496527314186,105113,4.5620479681296535e-05,0.0001368614390438,43760
2736,0.2576185166835785,0.2573336623609066,0.0028486201335908,0.1194514110684394,94361,4.558788147398154e-05,0.0001367636444219,43776
2737,0.1825428456068039,0.1823749709874391,0.00167869697907,0.1194532066583633,96407,4.555528515667793e-05,0.00013666585547,43792
2738,0.192131657153368,0.1913455240428447,0.0078613264195155,0.1194548904895782,97026,4.552269074334897e-05,0.00013656807223,43808
2739,0.1722120717167854,0.171712389215827,0.0049968648527283,0.1194566041231155,99240,4.549009824795704e-05,0.0001364702947438,43824
2740,0.1130871083587408,0.1126998532563448,0.0038725625199731,0.1194584742188453,98764,4.545750768446377e-05,0.0001363725230533,43840
2741,0.1839806381613016,0.1838489603251218,0.0013168196346668,0.1194603070616722,99686,4.542491906682989e-05,0.0001362747572004,43856
2742,0.2465492077171802,0.2463422007858753,0.0020700511086033,0.1194620952010154,101628,4.539233240901533e-05,0.000136176997227,43872
2743,0.1515879165381193,0.1513449866324663,0.0024293006645166,0.1194638758897781,100033,4.535974772497921e-05,0.0001360792431749,43888
2744,0.1640691999346017,0.1638130731880664,0.0025612819736124,0.1194656416773796,100250,4.532716502867972e-05,0.000135981495086,43904
2745,0.2467424906790256,0.2465526722371578,0.0018981957400683,0.1194673553109169,96084,4.529458433407429e-05,0.0001358837530022,43920
2746,0.2381101138889789,0.2379281520843505,0.0018196250821347,0.1194689646363258,101597,4.5262005655119454e-05,0.0001357860169653,43936
2747,0.1121060010045766,0.1118544396013021,0.002515633310395,0.1194708421826362,97421,4.522942900577087e-05,0.0001356882870173,43952
2748,0.1506593599915504,0.1504107862710952,0.0024857444514054,0.1194726526737213,99470,4.519685439998334e-05,0.0001355905631999,43968
2749,0.1563557833433151,0.1560899149626493,0.0026586856838548,0.1194746941328048,100661,4.516428185171079e-05,0.0001354928455551,43984
2750,0.2601040825247764,0.2599433362483978,0.0016075116473075,0.11947663128376,99274,4.51317113749063e-05,0.0001353951341247,44000
2751,0.2617679536342621,0.261740181595087,0.0002776969032254,0.1194785758852958,102008,4.509914298352197e-05,0.0001352974289505,44016
2752,0.1199089540168643,0.1193232899531722,0.0058566508232615,0.1194804832339286,100643,4.506657669150911e-05,0.0001351997300745,44032
2753,0.2299495376646518,0.2299131006002426,0.0003643124637164,0.1194823905825614,101710,4.503401251281806e-05,0.0001351020375384,44048
2754,0.161044055595994,0.1607410293072462,0.0030302780724014,0.1194842681288719,94922,4.500145046139828e-05,0.0001350043513841,44064
2755,0.1925098244100809,0.1922689098864793,0.0024091494124149,0.1194861456751823,100240,4.496889055119832e-05,0.0001349066716535,44080
2756,0.2091795476153493,0.2090209452435374,0.0015860314670135,0.1194881051778793,102185,4.493633279616583e-05,0.0001348089983884,44096
2757,0.1423444347456097,0.1422349298372864,0.0010950607975246,0.1194902062416076,94242,4.490377721024751e-05,0.0001347113316307,44112
2758,0.1839631125330925,0.1837010029703378,0.0026210690261905,0.1194922178983688,99315,4.487122380738911e-05,0.0001346136714221,44128
2759,0.1901690829545259,0.1897338181734085,0.0043526100635062,0.1194942593574523,95149,4.48386726015355e-05,0.0001345160178046,44144
2760,0.2182205058634281,0.2176650706678629,0.0055542926420457,0.1194961816072464,92733,4.48061236066306e-05,0.0001344183708198,44160
2761,0.1910848077386617,0.1909801699221134,0.001046361675435,0.1194981709122657,103256,4.477357683661734e-05,0.0001343207305098,44176
2762,0.1352148819714784,0.1348731368780136,0.0034174755710409,0.1195001006126403,92847,4.47410323054377e-05,0.0001342230969163,44192
2763,0.2047421708703041,0.2045277617871761,0.0021440673735924,0.1195020079612732,100405,4.470849002703279e-05,0.000134125470081,44208
2764,0.2114077657461166,0.2109873928129673,0.0042037320672534,0.1195039302110672,96902,4.467595001534261e-05,0.000134027850046,44224
2765,0.1571502164006233,0.1569224186241626,0.0022779853170504,0.1195057854056358,98208,4.464341228430632e-05,0.0001339302368529,44240
2766,0.1148580946028232,0.1147167813032865,0.0014131442439975,0.1195078268647193,96776,4.4610876847862034e-05,0.0001338326305435,44256
2767,0.2095094546675682,0.209319356828928,0.0019009678944712,0.1195097491145134,99076,4.457834371994691e-05,0.0001337350311598,44272
2768,0.1262718886137008,0.1260727262124419,0.0019916318997275,0.1195117309689521,99868,4.454581291449709e-05,0.0001336374387434,44288
2769,0.2347051966935396,0.2344308607280254,0.0027434065450506,0.1195135712623596,91826,4.451328444544774e-05,0.0001335398533363,44304
2770,0.1647620145231485,0.1643430143594741,0.0041899654461303,0.1195152774453163,95618,4.448075832673305e-05,0.0001334422749801,44320
2771,0.1887721996754408,0.1886516716331243,0.001205267606565,0.1195169240236282,103153,4.444823457228612e-05,0.0001333447037168,44336
2772,0.1637391075491905,0.1633288078010082,0.004103006907826,0.1195186302065849,98297,4.441571319603914e-05,0.0001332471395881,44352
2773,0.263737753033638,0.2636127322912216,0.0012501984892878,0.1195204406976699,107257,4.438319421192322e-05,0.0001331495826357,44368
2774,0.1591752124950289,0.1588885122910142,0.0028670332976616,0.1195222362875938,100585,4.435067763386848e-05,0.0001330520329016,44384
2775,0.2693112604320049,0.2691724579781294,0.0013880577516829,0.1195240393280983,99588,4.431816347580395e-05,0.0001329544904274,44400
2776,0.1649229638278484,0.1646051295101642,0.0031783073209226,0.1195258349180221,98501,4.428565175165768e-05,0.0001328569552549,44416
2777,0.1957716271281242,0.1955931149423122,0.0017851280863396,0.1195279061794281,100024,4.425314247535668e-05,0.000132759427426,44432
2778,0.1926441900432109,0.1923337858170271,0.003104035378783,0.1195300593972206,101312,4.422063566082687e-05,0.0001326619069824,44448
2779,0.1580363847315311,0.1577545739710331,0.0028180645313113,0.1195320859551429,97524,4.418813132199311e-05,0.0001325643939659,44464
2780,0.169135270640254,0.1687096152454614,0.0042565530166029,0.1195339113473892,94674,4.41556294727793e-05,0.0001324668884183,44480
2781,0.2937877885997295,0.2934320047497749,0.0035578237111622,0.1195355653762817,95337,4.412313012710813e-05,0.0001323693903813,44496
2782,0.1952433101832866,0.194985281676054,0.0025802961208682,0.119537129998207,99260,4.409063329890131e-05,0.0001322718998967,44512
2783,0.1891420464962721,0.1888125091791153,0.0032953283807728,0.1195386126637458,97552,4.405813900207945e-05,0.0001321744170062,44528
2784,0.1835302002727985,0.1834491416811943,0.0008105930173769,0.1195401027798652,102687,4.40256472505621e-05,0.0001320769417516,44544
2785,0.2074363492429256,0.2070979177951812,0.0033843143555714,0.1195415332913398,101523,4.399315805826765e-05,0.0001319794741748,44560
2786,0.1231794953346252,0.1229012636467814,0.0027823391719721,0.1195428967475891,93527,4.396067143911347e-05,0.0001318820143173,44576
2787,0.1341975219547748,0.1339595839381218,0.0023793743457645,0.1195445284247398,104949,4.3928187407015786e-05,0.000131784562221,44592
2788,0.2671737875789404,0.2668922655284405,0.0028151665846962,0.1195461004972457,99821,4.38957059758897e-05,0.0001316871179276,44608
2789,0.2216156460344791,0.2214546725153923,0.0016097986517706,0.1195476353168487,97235,4.3863227159649255e-05,0.0001315896814789,44624
2790,0.2043400183320045,0.2042284905910492,0.0011152841434522,0.1195491105318069,100695,4.383075097220735e-05,0.0001314922529166,44640
2791,0.2243519462645054,0.2242501825094223,0.0010176573850912,0.1195504739880561,99494,4.379827742747575e-05,0.0001313948322824,44656
2792,0.204279912635684,0.2042047567665577,0.0007515575562138,0.1195518895983696,99237,4.376580653936505e-05,0.000131297419618,44672
2793,0.0658800629898905,0.0656810998916626,0.0019896206504199,0.1195533871650695,97961,4.373333832178478e-05,0.0001312000149653,44688
2794,0.1727818865329027,0.1726194638758897,0.0016241840858128,0.1195551082491874,102545,4.370087278864332e-05,0.0001311026183659,44704
2795,0.1264608632773161,0.126099276356399,0.0036158684815745,0.1195568516850471,100251,4.366840995384782e-05,0.0001310052298615,44720
2796,0.1575485914945602,0.1573657914996147,0.0018279854775755,0.1195585951209068,98348,4.3635949831304346e-05,0.0001309078494939,44736
2797,0.1832359693944454,0.1831266395747661,0.0010932955192402,0.1195606142282486,98646,4.360349243491778e-05,0.0001308104773047,44752
2798,0.1781677566468715,0.1778827719390392,0.0028498339815996,0.11956287920475,101217,4.357103777859187e-05,0.0001307131133357,44768
2799,0.2095421105623245,0.2094586119055748,0.0008350346861334,0.1195650845766067,102584,4.3538585876229125e-05,0.0001306157576286,44784
2800,0.1407621353864669,0.1405129209160804,0.0024921530784922,0.1195674166083335,97201,4.350613674173091e-05,0.0001305184102251,44800
2801,0.2454921789467334,0.245335828512907,0.0015635014060535,0.1195696666836738,104805,4.347369038899744e-05,0.0001304210711669,44816
2802,0.1877608187496662,0.1873588971793651,0.0040192153010139,0.1195719316601753,104199,4.344124683192764e-05,0.0001303237404957,44832
2803,0.219530938193202,0.2192571405321359,0.0027379908860893,0.11957398802042,99025,4.340880608441935e-05,0.0001302264182532,44848
2804,0.1840897854417562,0.1839818507432937,0.0010793113760882,0.119575910270214,101197,4.337636816036915e-05,0.0001301291044811,44864
2805,0.227002203464508,0.2268124660477042,0.0018973544702021,0.1195776313543319,102444,4.334393307367239e-05,0.000130031799221,44880
2806,0.2076965952292084,0.2075677895918488,0.0012879919668193,0.1195793226361274,101224,4.331150083822324e-05,0.0001299345025146,44896
2807,0.1392796244472265,0.1385131273418665,0.0076649858747259,0.1195808872580528,94866,4.3279071467914665e-05,0.0001298372144037,44912
2808,0.1854350939393043,0.1850101947784423,0.00424899806967,0.1195824593305587,99412,4.3246644976638354e-05,0.0001297399349299,44928
2809,0.1370446588844061,0.1368486583232879,0.0019599881779868,0.1195843145251274,102723,4.321422137828479e-05,0.0001296426641348,44944
2810,0.1371182426810264,0.1369149032980203,0.0020333901920821,0.1195863857865333,102505,4.31818006867432e-05,0.0001295454020602,44960
2811,0.1163953356444835,0.1157051548361778,0.0069018036592751,0.1195884570479393,102277,4.3149382915901606e-05,0.0001294481487477,44976
2812,0.1856981050223112,0.1850208155810833,0.0067728610010817,0.1195904463529586,91369,4.3116968079646725e-05,0.0001293509042389,44992
2813,0.1412842804566025,0.1410756818950176,0.0020859595279034,0.1195927411317825,103963,4.308455619186406e-05,0.0001292536685755,45008
2814,0.1868971120566129,0.1867248527705669,0.0017225814081029,0.1195950359106063,97609,4.305214726643781e-05,0.0001291564417993,45024
2815,0.270029753446579,0.2698202580213547,0.0020949952158844,0.1195972710847854,99381,4.3019741317250976e-05,0.0001290592239517,45040
2816,0.2660953029990196,0.2660191431641578,0.0007615234026161,0.1195995062589645,101437,4.298733835818519e-05,0.0001289620150745,45056
2817,0.1874401066452264,0.1873559243977069,0.0008418269928824,0.1196017414331436,102879,4.295493840312087e-05,0.0001288648152093,45072
2818,0.0786809064447879,0.0781550612300634,0.0052584445220418,0.1196037903428077,97944,4.292254146593714e-05,0.0001287676243978,45088
2819,0.1905152723193168,0.1902527194470167,0.0026255303546349,0.1196057274937629,91721,4.289014756051178e-05,0.0001286704426815,45104
2820,0.1988838594406843,0.1986897736787796,0.001940862624906,0.1196075305342674,103756,4.2857756700721336e-05,0.0001285732701021,45120
2821,0.2169846482574939,0.2168192882090807,0.0016536424664082,0.1196092069149017,101435,4.282536890044104e-05,0.0001284761067013,45136
2822,0.2115602754056453,0.2110921628773212,0.0046811545362288,0.1196108013391494,100169,4.279298417354478e-05,0.0001283789525206,45152
2823,0.2670829556882381,0.2669263053685426,0.0015665412956877,0.1196125224232673,101376,4.276060253390511e-05,0.0001282818076017,45168
2824,0.2032294608652591,0.2030734606087207,0.001559916793667,0.1196141839027404,97884,4.272822399539335e-05,0.0001281846719861,45184
2825,0.1882266607135534,0.1878643929958343,0.0036226772353984,0.1196158528327941,99819,4.269584857187943e-05,0.0001280875457156,45200
2826,0.1977028027176857,0.1974267112091183,0.0027608995733316,0.1196175962686538,100284,4.266347627723192e-05,0.0001279904288316,45216
2827,0.1513429898768663,0.1511030420660972,0.0023994399489311,0.1196194440126419,102454,4.2631107125318096e-05,0.0001278933213759,45232
2828,0.1544659435749054,0.1541132926940918,0.0035265139886178,0.1196213364601135,101910,4.25987411300039e-05,0.00012779622339,45248
2829,0.1923745367676019,0.1921259276568889,0.0024860497505869,0.1196233034133911,97647,4.256637830515385e-05,0.0001276991349154,45264
2830,0.2173271756619215,0.2171164210885763,0.0021075649565318,0.1196252927184104,101446,4.25340186646312e-05,0.0001276020559938,45280
2831,0.1576174441725015,0.1571412608027458,0.0047618752432754,0.1196270585060119,95434,4.250166222229774e-05,0.0001275049866668,45296
2832,0.0726753138005733,0.0723952129483223,0.0028010191745124,0.1196288838982582,97711,4.246930899201401e-05,0.000127407926976,45312
2833,0.1045660506933927,0.1041523050516843,0.0041374582069693,0.1196308359503746,100727,4.243695898763904e-05,0.0001273108769629,45328
2834,0.1311637796461582,0.1309318672865629,0.0023191393411252,0.1196327731013298,99204,4.240461222303058e-05,0.000127213836669,45344
2835,0.1618720386177301,0.1611920930445194,0.006799475318985,0.1196345463395118,97211,4.237226871204496e-05,0.0001271168061361,45360
2836,0.1880924198776483,0.1879278915002942,0.001645265823754,0.1196363493800163,103335,4.233992846853708e-05,0.0001270197854056,45376
2837,0.2251609489321708,0.224867507815361,0.0029344380018301,0.1196380704641342,97884,4.2307591506360494e-05,0.000126922774519,45392
2838,0.0946763241663575,0.094090299680829,0.0058602662393241,0.1196397617459297,97711,4.227525783936735e-05,0.0001268257735181,45408
2839,0.1899138614535331,0.1897017508745193,0.0021210946142673,0.119641400873661,102039,4.224292748140833e-05,0.0001267287824442,45424
2840,0.1564038507640361,0.1559671219438314,0.004367294255644,0.1196430698037147,98968,4.2210600446332735e-05,0.0001266318013389,45440
2841,0.2127860859036445,0.2125349976122379,0.0025108609697781,0.1196446493268013,101741,4.2178276747988446e-05,0.0001265348302439,45456
2842,0.153530778363347,0.1531693395227193,0.0036143950710538,0.1196461617946624,97550,4.214595640022194e-05,0.0001264378692006,45472
2843,0.1730629745870828,0.1729092821478843,0.001536915109682,0.1196478307247161,101241,4.211363941687818e-05,0.0001263409182506,45488
2844,0.1911102384328842,0.1907205488532781,0.0038969205488683,0.1196494027972221,95372,4.208132581180076e-05,0.0001262439774354,45504
2845,0.1779071129858493,0.177570603787899,0.0033651175908744,0.1196509003639221,94414,4.204901559883181e-05,0.0001261470467964,45520
2846,0.1400137767195701,0.138970585539937,0.010431894857902,0.1196522116661071,94423,4.201670879181195e-05,0.0001260501263754,45536
2847,0.1521678669378161,0.1518284529447555,0.0033941739529836,0.1196535229682922,98384,4.198440540458045e-05,0.0001259532162137,45552
2848,0.1585440095514059,0.158209690824151,0.0033432021155022,0.1196548342704773,101160,4.195210545097501e-05,0.0001258563163529,45568
2849,0.1959437802433967,0.1952548865228891,0.0068889603135176,0.1196561157703399,94249,4.1919808944831954e-05,0.0001257594268344,45584
2850,0.1413167174905538,0.1407864727079868,0.0053024275694042,0.1196573600172996,90121,4.188751589998602e-05,0.0001256625476999,45600
2851,0.3421155251562595,0.3419993035495281,0.0011622470410657,0.1196586042642593,102443,4.185522633027057e-05,0.0001255656789908,45616
2852,0.1981051750481128,0.1978995595127344,0.0020561170822475,0.1196599155664444,96504,4.182294024951741e-05,0.0001254688207485,45632
2853,0.2155242804437875,0.2152266725897789,0.0029760771290057,0.1196612492203712,103082,4.179065767155686e-05,0.0001253719730146,45648
2854,0.2199121452867984,0.2197959246113896,0.0011622267754773,0.119662620127201,100865,4.175837861021777e-05,0.0001252751358306,45664
2855,0.1915962696075439,0.191434483975172,0.0016178967562154,0.1196640655398368,105135,4.172610307932746e-05,0.0001251783092379,45680
2856,0.1701985280960798,0.169543394818902,0.0065513517474755,0.1196654886007309,96944,4.1693831092711736e-05,0.0001250814932781,45696
2857,0.1055216733366251,0.1053725983947515,0.0014907247677911,0.119667001068592,100547,4.166156266419489e-05,0.0001249846879925,45712
2858,0.1175764519721269,0.1170942205935716,0.0048223358462564,0.1196685209870338,97619,4.16292978075997e-05,0.0001248878934227,45728
2859,0.2103581130504608,0.2101082857698202,0.0024982708746108,0.1196700483560562,102566,4.159703653674741e-05,0.0001247911096102,45744
2860,0.2326639471575617,0.2322602607309818,0.0040368643240071,0.119671493768692,98111,4.156477886545772e-05,0.0001246943365963,45760
2861,0.2214677482843399,0.2212045304477214,0.0026321167533751,0.119672916829586,102825,4.153252480754877e-05,0.0001245975744226,45776
2862,0.2186435852199793,0.2184803467243909,0.0016324471216648,0.1196743324398994,99182,4.1500274376837215e-05,0.0001245008231305,45792
2863,0.1138372123241424,0.113481929525733,0.0035528219596017,0.1196760311722755,98899,4.146802758713807e-05,0.0001244040827614,45808
2864,0.1950534023344516,0.1947087068110704,0.0034469075035303,0.1196776926517486,100910,4.143578445226487e-05,0.0001243073533567,45824
2865,0.1309247557073831,0.1305662356317043,0.0035851829161401,0.1196793615818023,102232,4.140354498602952e-05,0.000124210634958,45840
2866,0.2236926760524511,0.2233339659869671,0.003587139697629,0.1196809485554695,97505,4.137130920224242e-05,0.0001241139276067,45856
2867,0.1596528589725494,0.1591393370181322,0.0051351952715776,0.119682639837265,98922,4.133907711471232e-05,0.0001240172313441,45872
2868,0.1820277720689773,0.1818179814144969,0.002097935646816,0.1196843907237052,101178,4.130684873724645e-05,0.0001239205462117,45888
2869,0.1844899393618106,0.1838525403290987,0.0063739765901118,0.11968594789505,98917,4.127462408365041e-05,0.0001238238722509,45904
2870,0.2379791922867298,0.2377180568873882,0.0026114048523595,0.119687408208847,94769,4.1242403167728216e-05,0.0001237272095031,45920
2871,0.1483034174889326,0.1478208936750888,0.0048252412161673,0.1196887344121933,100656,4.121018600328228e-05,0.0001236305580098,45936
2872,0.1861880756914615,0.1859660129994154,0.0022206555440789,0.1196900978684425,97414,4.117797260411343e-05,0.0001235339178123,45952
2873,0.1698938403278589,0.1697017550468444,0.0019208462326787,0.1196916848421096,99302,4.114576298402084e-05,0.000123437288952,45968
2874,0.1348753273487091,0.1344817634671926,0.0039356148627121,0.119693323969841,103242,4.111355715680211e-05,0.0001233406714704,45984
2875,0.2339307367801666,0.2337380573153495,0.0019268578034825,0.11969505995512,100040,4.108135513625317e-05,0.0001232440654087,46000
2876,0.1426848266273737,0.1424065306782722,0.0027829656901303,0.1196969151496887,94838,4.104915693616838e-05,0.0001231474708085,46016
2877,0.2015835791826248,0.201411647722125,0.0017193229032272,0.1196989268064498,102370,4.101696257034037e-05,0.000123050887711,46032
2878,0.1673623565584421,0.1672388315200805,0.001235260242538,0.1197010576725006,99515,4.098477205256024e-05,0.0001229543161576,46048
2879,0.1979938261210918,0.1975357234477996,0.0045810185547452,0.1197030693292617,102096,4.095258539661736e-05,0.0001228577561898,46064
2880,0.2437408231198787,0.2435411363840103,0.001996900740778,0.1197050511837005,102120,4.092040261629946e-05,0.0001227612078488,46080
2881,0.2321570869535207,0.2320531830191612,0.0010390161478426,0.1197070181369781,101633,4.088822372539263e-05,0.0001226646711761,46096
2882,0.1614235583692789,0.1612369306385517,0.0018663044029381,0.1197090819478035,97685,4.085604873768129e-05,0.000122568146213,46112
2883,0.1846682615578174,0.1843363456428051,0.0033191904658451,0.1197109520435333,96068,4.08238776669482e-05,0.0001224716330008,46128
2884,0.142500901594758,0.1421916224062442,0.0030927783154766,0.1197128891944885,101201,4.079171052697437e-05,0.0001223751315809,46144
2885,0.2945990189909935,0.2944529205560684,0.0014609512868446,0.1197146996855735,103724,4.075954733153922e-05,0.0001222786419946,46160
2886,0.1797949336469173,0.1796219311654567,0.0017300337349297,0.1197166889905929,99727,4.072738809442046e-05,0.0001221821642832,46176
2887,0.1912973169237375,0.1911295112222433,0.0016780254954937,0.1197186633944511,101193,4.0695232829394046e-05,0.0001220856984881,46192
2888,0.2137575149536132,0.2132239714264869,0.0053354323408711,0.1197204664349556,90361,4.0663081550234285e-05,0.0001219892446507,46208
2889,0.2633489519357681,0.2631054483354091,0.0024350237026169,0.1197222396731376,100861,4.063093427071376e-05,0.0001218928028121,46224
2890,0.1958547830581665,0.1956523843109607,0.002024033878115,0.1197242066264152,101084,4.059879100460338e-05,0.0001217963730138,46240
2891,0.1749242655932903,0.174711599946022,0.0021266692856443,0.1197260692715644,100685,4.0566651765672246e-05,0.000121699955297,46256
2892,0.2411135882139206,0.2408670056611299,0.0024658753245603,0.1197278499603271,94581,4.053451656768781e-05,0.000121603549703,46272
2893,0.2716181240975857,0.2715468630194664,0.0007126164928195,0.1197295412421226,100646,4.050238542441578e-05,0.0001215071562732,46288
2894,0.1843496728688478,0.1840973906219005,0.0025228175654774,0.1197311133146286,95910,4.0470258349620096e-05,0.0001214107750488,46304
2895,0.2115840557962656,0.2109828703105449,0.0060118592518847,0.1197326332330703,96115,4.043813535706299e-05,0.0001213144060711,46320
2896,0.1208295850083231,0.120590291917324,0.0023929060407681,0.1197341457009315,101370,4.040601646050495e-05,0.0001212180493815,46336
2897,0.2060247082263231,0.2058074530214071,0.0021725535972336,0.1197355836629867,94278,4.037390167370464e-05,0.0001211217050211,46352
2898,0.2641113512217998,0.2639331389218569,0.0017821239049453,0.1197370365262031,99344,4.034179101041904e-05,0.0001210253730312,46368
2899,0.2105080652981996,0.2104285508394241,0.000795108397142,0.1197385787963867,100560,4.030968448440336e-05,0.0001209290534532,46384
2900,0.24641147069633,0.2459678016602993,0.0044366725891222,0.1197400316596031,96534,4.027758210941101e-05,0.0001208327463282,46400
2901,0.1416772678494453,0.1413828525692224,0.0029441658543873,0.1197420954704284,102229,4.02454838991936e-05,0.0001207364516975,46416
2902,0.1765834130346775,0.176381416618824,0.0020199827558826,0.1197441965341568,101506,4.021338986750098e-05,0.0001206401696025,46432
2903,0.222936088219285,0.2227675691246986,0.0016851882828632,0.1197462230920791,100387,4.018130002808127e-05,0.0001205439000842,46448
2904,0.2251971792429685,0.2248707860708236,0.0032639202545396,0.1197481676936149,98945,4.014921439468069e-05,0.000120447643184,46464
2905,0.2099823150783777,0.2096778694540262,0.0030444724252447,0.1197500079870224,97748,4.011713298104369e-05,0.0001203513989431,46480
2906,0.1499479729682207,0.1498190760612487,0.0012889760237158,0.1197518035769462,98992,4.008505580091297e-05,0.0001202551674027,46496
2907,0.2082991655915975,0.2079611076042056,0.0033805844723246,0.1197535097599029,101794,4.005298286802938e-05,0.000120158948604,46512
2908,0.1502591278403997,0.1500904522836208,0.0016867580270627,0.1197553277015686,101660,4.002091419613191e-05,0.0001200627425883,46528
2909,0.1689278855919838,0.1687657013535499,0.0016218296659644,0.1197571083903312,103680,3.998884979895777e-05,0.0001199665493968,46544
2910,0.2260060608386993,0.2258448041975498,0.001612552194274,0.1197588592767715,104093,3.995678969024234e-05,0.0001198703690707,46560
2911,0.1929086223244667,0.192624595016241,0.0028402411262504,0.1197605580091476,102354,3.992473388371915e-05,0.0001197742016511,46576
2912,0.1621144786477089,0.1618109010159969,0.0030358026851899,0.1197622269392013,98894,3.9892682393119886e-05,0.0001196780471793,46592
2913,0.1404762845486402,0.1400674525648355,0.0040882994762796,0.1197640970349311,101132,3.986063523217439e-05,0.0001195819056965,46608
2914,0.110819024965167,0.1104612294584512,0.0035779358586296,0.1197660267353057,103598,3.982859241461064e-05,0.0001194857772438,46624
2915,0.1723693087697029,0.1721820011734962,0.0018730475426309,0.1197678595781326,101021,3.979655395415476e-05,0.0001193896618624,46640
2916,0.2274280041456222,0.227342564612627,0.0008544213487766,0.1197696551680564,102519,3.976451986453102e-05,0.0001192935595935,46656
2917,0.1817969046533107,0.1815386451780796,0.0025826073215284,0.1197713613510131,101065,3.973249015946182e-05,0.0001191974704783,46672
2918,0.149594709277153,0.1493235183879733,0.0027119177830172,0.1197730004787445,101269,3.9700464852667626e-05,0.000119101394558,46688
2919,0.2874597162008285,0.2873910386115312,0.000686765401042,0.119774617254734,101334,3.9668443957867085e-05,0.0001190053318736,46704
2920,0.1400623917579651,0.1399012692272663,0.001611221654457,0.119776152074337,103143,3.963642748877696e-05,0.0001189092824663,46720
2921,0.1657869145274162,0.1656834483146667,0.001034686640196,0.1197777390480041,106321,3.960441545911204e-05,0.0001188132463773,46736
2922,0.1266343984752893,0.1265043728053569,0.0013002878149563,0.1197794452309608,98955,3.9572407882585285e-05,0.0001187172236477,46752
2923,0.1408374868333339,0.1406900621950626,0.0014742378116352,0.119781270623207,102163,3.9540404772907714e-05,0.0001186212143187,46768
2924,0.1550847692415118,0.1546825999394059,0.0040216720371972,0.1197829619050026,97106,3.950840614378847e-05,0.0001185252184313,46784
2925,0.237123392522335,0.2369881346821785,0.0013526097027352,0.1197846233844757,102232,3.947641200893473e-05,0.0001184292360268,46800
2926,0.1483292058110237,0.1480511967092752,0.0027800798416137,0.1197862103581428,96196,3.944442238205174e-05,0.0001183332671461,46816
2927,0.1932294126600027,0.1927879080176353,0.0044150941903353,0.1197877004742622,95374,3.94124372768429e-05,0.0001182373118305,46832
2928,0.1856884574517607,0.185464920476079,0.0022353510430548,0.1197893172502517,106163,3.938045670700954e-05,0.000118141370121,46848
2929,0.2513970974832773,0.2513165213167667,0.0008057265076786,0.1197910904884338,102196,3.9348480686251176e-05,0.0001180454420587,46864
2930,0.1789683885872364,0.1787259113043546,0.0024247710971394,0.1197928413748741,99484,3.93165092282653e-05,0.0001179495276847,46880
2931,0.0986822796985507,0.0984956165775656,0.0018666267278604,0.1197945028543472,94755,3.928454234674747e-05,0.0001178536270402,46896
2932,0.2299491688609123,0.2298301346600055,0.00119034466843,0.1197960600256919,99798,3.925258005539128e-05,0.0001177577401661,46912
2933,0.1543051088228821,0.1541216261684894,0.0018348550875089,0.1197976619005203,102843,3.922062236788836e-05,0.0001176618671036,46928
2934,0.1952130896970629,0.1949514988809824,0.0026159141208381,0.1197992786765098,99532,3.918866929792838e-05,0.0001175660078937,46944
2935,0.1854836232960224,0.1852923259139061,0.0019129379361402,0.119800753891468,97250,3.9156720859199e-05,0.0001174701625775,46960
2936,0.2120586484670639,0.2118896506726741,0.0016899695765459,0.1198022589087486,101883,3.912477706538593e-05,0.0001173743311961,46976
2937,0.2190317474305629,0.2185734547674656,0.0045829147566109,0.1198036596179008,93321,3.909283793017288e-05,0.0001172785137905,46992
2938,0.1833642926067114,0.1830738000571727,0.0029049028835288,0.1198050528764724,97574,3.9060903467241547e-05,0.0001171827104017,47008
2939,0.2514169327914715,0.2513479255139828,0.000690056616122,0.1198063939809799,102728,3.9028973690271646e-05,0.0001170869210708,47024
2940,0.1980617195367813,0.1978692859411239,0.001924340496771,0.1198078766465187,99159,3.899704861294088e-05,0.0001169911458388,47040
2941,0.232857571914792,0.2326757777482271,0.0018178945492763,0.1198095604777336,99927,3.896512824892495e-05,0.0001168953847467,47056
2942,0.0806885752826929,0.0805712305009365,0.0011734415347746,0.1198114082217216,99326,3.8933212611897504e-05,0.0001167996378356,47072
2943,0.2362046614289283,0.2358255833387375,0.0037908345184405,0.1198133751749992,103668,3.890130171553021e-05,0.0001167039051465,47088
2944,0.2089333459734916,0.208786491304636,0.0014685298799577,0.1198152899742126,98493,3.886939557349266e-05,0.0001166081867204,47104
2945,0.1195798479020595,0.1192534547299146,0.0032639528944855,0.119817316532135,102514,3.883749419945244e-05,0.0001165124825983,47120
2946,0.1329729370772838,0.132648080587387,0.0032485416159033,0.119819238781929,96788,3.880559760707508e-05,0.0001164167928212,47136
2947,0.2758222259581089,0.275661401450634,0.0016082046386145,0.1198211833834648,98983,3.877370581002408e-05,0.00011632111743,47152
2948,0.148384541273117,0.1482575796544551,0.0012696438898274,0.119823046028614,101882,3.874181882196088e-05,0.0001162254564658,47168
2949,0.1939676105976104,0.1934309806674718,0.0053662336431443,0.1198248118162155,96721,3.870993665654482e-05,0.0001161298099696,47184
2950,0.1225856449455022,0.1223381292074918,0.0024751329037826,0.1198265179991722,103267,3.867805932743322e-05,0.0001160341779822,47200
2951,0.1536654457449913,0.1534344311803579,0.0023101414990378,0.1198282614350318,103202,3.864618684828134e-05,0.0001159385605448,47216
2952,0.1391851436346769,0.1388172581791877,0.0036788875586353,0.1198299974203109,96797,3.861431923274232e-05,0.0001158429576982,47232
2953,0.1534683480858802,0.1533115468919277,0.0015680270944358,0.1198320686817169,101277,3.858245649446721e-05,0.0001157473694834,47248
2954,0.1729651167988777,0.1727164797484874,0.0024863863945938,0.1198343262076377,99378,3.855059864710505e-05,0.0001156517959413,47264
2955,0.1615216881036758,0.1610901448875665,0.0043154432532901,0.1198364496231079,96650,3.851874570430266e-05,0.0001155562371129,47280
2956,0.1934436578303575,0.1930392924696207,0.0040436595736537,0.1198385432362556,103077,3.8486897679704886e-05,0.0001154606930391,47296
2957,0.174102870747447,0.1737833805382251,0.0031949412659741,0.1198406144976615,101920,3.845505458695437e-05,0.0001153651637608,47312
2958,0.2241718806326389,0.2238629348576069,0.0030894304509274,0.1198425740003585,105693,3.842321643969174e-05,0.000115269649319,47328
2959,0.1250165197998285,0.1247013825923204,0.0031514022266492,0.1198444589972496,98899,3.8391383251555375e-05,0.0001151741497546,47344
2960,0.1898670513182878,0.1895087640732526,0.0035829277476295,0.1198462396860122,95117,3.835955503618165e-05,0.0001150786651085,47360
2961,0.2189319021999836,0.2186249867081642,0.003069122410011,0.1198481321334838,103421,3.832773180720475e-05,0.0001149831954216,47376
2962,0.187725905328989,0.1875689625740051,0.0015693745517637,0.1198500469326973,101614,3.8295913578256704e-05,0.0001148877407347,47392
2963,0.1291745696216821,0.1287725493311882,0.0040202113159466,0.1198518574237823,101418,3.826410036296747e-05,0.0001147923010889,47408
2964,0.1871220050379634,0.186836895532906,0.0028510669872048,0.1198537051677703,96434,3.823229217496481e-05,0.0001146968765248,47424
2965,0.1934627331793308,0.1931331511586904,0.0032958310912363,0.11985544860363,98959,3.820048902787435e-05,0.0001146014670836,47440
2966,0.1559018958359956,0.1556058004498481,0.0029609443517983,0.1198570653796196,95537,3.816869093531951e-05,0.0001145060728059,47456
2967,0.2359927557408809,0.2358136922121048,0.0017906942957779,0.1198587119579315,100836,3.813689791092161e-05,0.0001144106937327,47472
2968,0.1706699188798666,0.1700311787426471,0.0063874046318233,0.119860328733921,95658,3.810510996829979e-05,0.0001143153299048,47488
2969,0.1319021787494421,0.1313410829752683,0.0056109414726961,0.1198619306087493,98897,3.807332712107097e-05,0.0001142199813632,47504
2970,0.2662046290934086,0.2659884095191955,0.0021622372732963,0.1198635026812553,99517,3.804154938284989e-05,0.0001141246481485,47520
2971,0.2161064241081476,0.216029904782772,0.0007651778360013,0.1198651641607284,97952,3.800977676724919e-05,0.0001140293303017,47536
2972,0.2173339165747165,0.2170174177736044,0.0031649847805965,0.1198669672012329,96560,3.7978009287879176e-05,0.0001139340278636,47552
2973,0.2152277920395136,0.2149543650448322,0.0027343088540874,0.1198687404394149,100788,3.794624695834808e-05,0.000113838740875,47568
2974,0.159565981477499,0.1591656021773815,0.0040037922735791,0.1198703795671463,97559,3.791448979226183e-05,0.0001137434693767,47584
2975,0.1063208673149347,0.1060263440012931,0.0029452363814925,0.1198720410466194,97137,3.788273780322424e-05,0.0001136482134096,47600
2976,0.1664484199136495,0.1658786386251449,0.0056978442735271,0.1198735907673835,95739,3.785099100483681e-05,0.0001135529730145,47616
2977,0.2632471174001694,0.2631214037537575,0.0012571444401601,0.1198750287294387,102499,3.781924941069888e-05,0.000113457748232,47632
2978,0.2105256449431181,0.2103281617164611,0.0019748522317968,0.1198765188455581,104707,3.778751303440755e-05,0.0001133625391032,47648
2979,0.2500517666339874,0.2497406639158725,0.0031110093059396,0.1198780015110969,99532,3.775578188955763e-05,0.0001132673456686,47664
2980,0.1571000795811414,0.1566189341247081,0.0048114373930729,0.1198793724179267,102547,3.7724055989741774e-05,0.0001131721679692,47680
2981,0.1909136343747377,0.1905652731657028,0.0034836352097045,0.1198808923363685,96133,3.769233534855035e-05,0.0001130770060456,47696
2982,0.1955543085932731,0.1954329051077366,0.0012139924410803,0.1198825538158416,104877,3.7660619979571474e-05,0.0001129818599387,47712
2983,0.2381915710866451,0.2380222156643867,0.0016935748426476,0.1198841258883476,98129,3.762890989639097e-05,0.0001128867296891,47728
2984,0.2091266065835952,0.2090112045407295,0.0011540144041646,0.1198857352137565,101210,3.759720511259245e-05,0.0001127916153377,47744
2985,0.2235100418329239,0.2231869995594024,0.0032304174674209,0.1198872700333595,92809,3.756550564175727e-05,0.0001126965169252,47760
2986,0.2037740750238299,0.2036593751981854,0.0011470143344922,0.1198888048529625,102001,3.753381149746443e-05,0.0001126014344923,47776
2987,0.1766463257372379,0.1763619855046272,0.0028433972543098,0.1198902800679206,95283,3.7502122693290695e-05,0.0001125063680798,47792
2988,0.1542894067242741,0.1537781842052936,0.0051122254226356,0.1198916509747505,99024,3.7470439242810586e-05,0.0001124113177284,47808
2989,0.2086724825203418,0.2084201797842979,0.0025230469618691,0.1198929995298385,102843,3.743876115959623e-05,0.0001123162834787,47824
2990,0.2374801896512508,0.2370513416826725,0.0042885005241259,0.1198942586779594,94995,3.7407088457217546e-05,0.0001122212653716,47840
2991,0.1761471964418888,0.1759455688297748,0.0020162600321782,0.1198954656720161,103004,3.73754211492421e-05,0.0001121262634477,47856
2992,0.2379048652946949,0.2376715280115604,0.0023333521094173,0.119896613061428,100090,3.734375924923519e-05,0.0001120312777477,47872
2993,0.1378331761807203,0.137475011870265,0.0035816537128994,0.1198979839682579,104295,3.731210277075972e-05,0.0001119363083122,47888
2994,0.1887983754277229,0.1887345518916845,0.0006382984729498,0.119899496436119,97582,3.728045172737636e-05,0.0001118413551821,47904
2995,0.2067488301545381,0.2066373191773891,0.0011150920327054,0.119900919497013,104158,3.724880613264339e-05,0.0001117464183979,47920
2996,0.1264552371576428,0.1261234087869525,0.0033183066552737,0.1199024319648742,103675,3.721716600011679e-05,0.0001116514980003,47936
2997,0.2054316569119691,0.2052405178546905,0.0019113812099931,0.1199038848280906,95853,3.718553134335017e-05,0.00011155659403,47952
2998,0.1302775125950575,0.1298766024410724,0.0040091219125315,0.1199053078889846,97944,3.715390217589483e-05,0.0001114617065276,47968
2999,0.147841652855277,0.1474601868540048,0.0038146907027112,0.1199067309498786,98517,3.71222785112997e-05,0.0001113668355338,47984
3000,0.2218389697372913,0.2215808667242527,0.0025810693623498,0.1199080646038055,95136,3.709066036311134e-05,0.0001112719810893,48000
3001,0.3213305026292801,0.3211773857474327,0.001531205023638904,0.11990933865308762,103804,3.705904774487396e-05,0.00011117714323462186,48016
3002,0.1894308403134346,0.18918143957853317,0.0024940097582657472,0.11991062760353088,100401,3.702744067012943e-05,0.00011108232201038828,48032
3003,0.1895250789821148,0.18942240998148918,0.0010266897206747672,0.11991187930107117,97527,3.699583915241717e-05,0.0001109875174572515,48048
3004,0.0949376868084073,0.09470422007143497,0.00233464824850671,0.11991320550441742,102372,3.6964243205274307e-05,0.00011089272961582291,48064
3005,0.19099957309663296,0.19085943140089512,0.0014013845402587322,0.11991457641124725,99086,3.693265284223554e-05,0.0001107979585267066,48080
3006,0.21416644752025604,0.21363023109734058,0.005362132680602372,0.11991589516401291,97943,3.6901068076833136e-05,0.00011070320423049939,48096
3007,0.2325543649494648,0.23240193724632263,0.0015242598527720475,0.11991718411445618,103757,3.686948892259703e-05,0.00011060846676779107,48112
3008,0.16055367700755596,0.16027605347335339,0.0027762116405938286,0.11991852521896362,99662,3.6837915393054746e-05,0.00011051374617916422,48128
3009,0.21830319613218307,0.21800504252314568,0.0029815487505402416,0.11991997063159943,102145,3.680634750173137e-05,0.0001104190425051941,48144
3010,0.25598863512277603,0.25589440017938614,0.0009423267911188304,0.11992142349481583,99198,3.677478526214956e-05,0.00011032435578644867,48160
3011,0.22085699997842312,0.22044596076011658,0.004110360183403827,0.11992286145687103,101092,3.6743228687829595e-05,0.00011022968606348877,48176
3012,0.18990010395646095,0.18980250135064125,0.0009760499124240596,0.11992434412240982,100183,3.6711677792289337e-05,0.00011013503337686799,48192
3013,0.15138506516814232,0.15102429687976837,0.0036076420510653406,0.11992579698562622,101413,3.6680132589044136e-05,0.00011004039776713239,48208
3014,0.12640519626438618,0.12600069120526314,0.004045045148814097,0.11992719769477844,100118,3.664859309160697e-05,0.0001099457792748209,48224
3015,0.17247876338660717,0.17237094789743423,0.001078167260857299,0.11992886662483215,101061,3.661705931348838e-05,0.00010985117794046511,48240
3016,0.15644710697233677,0.15613815747201443,0.003089484351221472,0.11993054300546646,99714,3.658553126819644e-05,0.0001097565938045893,48256
3017,0.23265916854143143,0.23247301578521729,0.0018614825676195323,0.11993202567100525,102052,3.655400896923672e-05,0.00010966202690771014,48272
3018,0.10012873448431492,0.10003526508808136,0.000934681374928914,0.11993372440338135,100907,3.65224924301124e-05,0.00010956747729033718,48288
3019,0.14302117470651865,0.1429289197549224,0.0009225134417647496,0.11993540078401566,102297,3.649098166432417e-05,0.00010947294499297249,48304
3020,0.15577374584972858,0.15552816540002823,0.002455834182910621,0.11993706971406937,100078,3.645947668537022e-05,0.00010937843005611063,48320
3021,0.17623152770102024,0.17599023319780827,0.0024129483936121687,0.11993871629238129,100579,3.642797750674629e-05,0.00010928393252023886,48336
3022,0.19318125769495964,0.1928287222981453,0.0035253372479928657,0.11994042992591858,99706,3.639648414194563e-05,0.00010918945242583688,48352
3023,0.1434126291424036,0.1433470882475376,0.0006554360124937375,0.11994241923093796,104632,3.636499660445902e-05,0.00010909498981337704,48368
3024,0.25292654149234295,0.25281847082078457,0.0010806536374730058,0.11994434148073196,100933,3.633351490777467e-05,0.00010900054472332399,48384
3025,0.22193005122244358,0.22129277512431145,0.006372804085913231,0.11994637548923492,96814,3.630203906537838e-05,0.00010890611719613512,48400
3026,0.20758819952607155,0.20747923105955124,0.0010897235051743337,0.1199483796954155,104076,3.62705690907534e-05,0.00010881170727226018,48416
3027,0.09401984140276909,0.0938800498843193,0.0013979271243442781,0.1199503242969513,98683,3.623910499738043e-05,0.00010871731499214128,48432
3028,0.3414699360728264,0.3412795923650265,0.0019035208853779295,0.11995208263397217,98628,3.620764679873772e-05,0.00010862294039621313,48448
3029,0.1652606911957264,0.16487982124090195,0.003808710040175356,0.11995372921228409,95676,3.617619450830097e-05,0.00010852858352490289,48464
3030,0.12445473298430443,0.12427359074354172,0.0018114644917659461,0.11995537579059601,102794,3.6144748139543316e-05,0.00010843424441862993,48480
3031,0.09903904143720865,0.09890996851027012,0.001290722590056248,0.11995711922645569,104170,3.6113307705935396e-05,0.00010833992311780617,48496
3032,0.10380302742123604,0.10343116894364357,0.0037185839319135994,0.11995888501405716,90594,3.608187322094528e-05,0.00010824561966283583,48512
3033,0.1332597378641367,0.13278206251561642,0.004776769754244015,0.11996064335107803,98001,3.605044469803854e-05,0.00010815133409411562,48528
3034,0.249044731259346,0.2482978068292141,0.007469229429261759,0.11996231973171234,97351,3.601902215067813e-05,0.00010805706645203437,48544
3035,0.21018770709633827,0.210031196475029,0.0015651128378522117,0.11996389925479889,101612,3.5987605592324456e-05,0.00010796281677697335,48560
3036,0.1804978046566248,0.1802170043811202,0.0028080236697860528,0.11996538192033768,101407,3.5956195036435406e-05,0.00010786858510930621,48576
3037,0.19963918440043926,0.1991801057010889,0.004590731201460585,0.11996690183877945,100313,3.592479049646623e-05,0.00010777437148939868,48592
3038,0.1831267923116684,0.18289503455162048,0.0023175787646323442,0.11996830254793167,99668,3.589339198586967e-05,0.00010768017595760901,48608
3039,0.18207871355116367,0.18196860328316689,0.0011011169699486345,0.1199696734547615,100879,3.586199951809582e-05,0.00010758599855428746,48624
3040,0.16775545477867126,0.16744840145111084,0.00307049310504226,0.11997107416391373,102685,3.583061310659226e-05,0.00010749183931977676,48640
3041,0.15212004259228706,0.15178576111793518,0.003342773183248937,0.11997250467538834,102324,3.579923276480387e-05,0.0001073976982944116,48656
3042,0.21766885928809643,0.21739862486720085,0.002702321722608758,0.11997384577989578,93832,3.576785850617304e-05,0.0001073035755185191,48672
3043,0.2415718324482441,0.2413172870874405,0.0025454645365243778,0.11997520923614502,98314,3.57364903441395e-05,0.00010720947103241847,48688
3044,0.2068024817854166,0.20647717639803886,0.003253054799642996,0.11997664719820023,103103,3.570512829214033e-05,0.00010711538487642098,48704
3045,0.18423703126609325,0.18399611487984657,0.0024091735831461847,0.11997807770967484,98585,3.567377236361008e-05,0.00010702131709083023,48720
3046,0.11722360737621784,0.11707196943461895,0.0015163509960984811,0.11997956037521362,99452,3.564242257198065e-05,0.00010692726771594193,48736
3047,0.15010834205895662,0.14985888171941042,0.0024946514749899507,0.1199810802936554,101499,3.5611078930681254e-05,0.00010683323679204374,48752
3048,0.25700538605451584,0.2569161653518677,0.0008921801490942016,0.11998260766267776,101848,3.557974145313851e-05,0.00010673922435941551,48768
3049,0.2608085013926029,0.26046599820256233,0.003425020979193505,0.11998407542705536,101166,3.554841015277641e-05,0.00010664523045832922,48784
3050,0.15587489027529955,0.15569316688925028,0.001817252705222927,0.11998552829027176,100322,3.551708504301633e-05,0.00010655125512904897,48800
3051,0.20829758048057556,0.2080778181552887,0.0021975860581733286,0.11998694390058517,103209,3.5485766137276894e-05,0.00010645729841183066,48816
3052,0.23970163613557816,0.23944181576371193,0.0025981903891079128,0.11998837441205978,104459,3.545445344897413e-05,0.00010636336034692238,48832
3053,0.25144030153751373,0.2512786351144314,0.0016166873047041008,0.11998946964740753,102119,3.542314699152145e-05,0.00010626944097456434,48848
3054,0.21111995354294777,0.2110721357166767,0.0004781596053362591,0.1199907511472702,103540,3.5391846778329476e-05,0.00010617554033498843,48864
3055,0.24055861122906208,0.24043495953083038,0.0012365697039058432,0.11999202519655228,101554,3.536055282280627e-05,0.00010608165846841879,48880
3056,0.1688158232718706,0.16836584731936455,0.004499769565882161,0.11999339610338211,98463,3.5329265138357165e-05,0.00010598779541507148,48896
3057,0.23783566430211067,0.2376643382012844,0.0017133063738583587,0.11999478936195374,101133,3.529798373838481e-05,0.00010589395121515441,48912
3058,0.23383668437600136,0.23335082083940506,0.004858687985688448,0.11999610811471939,97308,3.5266708636289145e-05,0.00010580012590886742,48928
3059,0.10525123029947281,0.10515247471630573,0.0009875681935227476,0.11999782174825668,99674,3.523543984546744e-05,0.0001057063195364023,48944
3060,0.13501167949289083,0.1346741933375597,0.0033748368150554597,0.11999941617250443,88222,3.520417737931427e-05,0.0001056125321379428,48960
3061,0.18470395356416702,0.1845524050295353,0.0015154989814618602,0.12000103294849396,99347,3.5172921251221455e-05,0.00010551876375366436,48976
3062,0.12995645962655544,0.12982537224888802,0.0013108823768561706,0.12000270932912827,98433,3.5141671474578144e-05,0.00010542501442373441,48992
3063,0.21507952734827995,0.21470074728131294,0.003787813475355506,0.12000428885221481,103931,3.511042806277075e-05,0.00010533128418831223,49008
3064,0.17717016860842705,0.1770388912409544,0.0013127393394825049,0.12000575661659241,103754,3.507919102918293e-05,0.00010523757308754879,49024
3065,0.2733422387391329,0.2728011403232813,0.005411010963143781,0.12000710517168045,95177,3.504796038719567e-05,0.00010514388116158701,49040
3066,0.23372003249824047,0.23341882787644863,0.00301203977141995,0.12000849097967148,101511,3.5016736150187166e-05,0.00010505020845056149,49056
3067,0.1886358354240656,0.18801379390060902,0.006220425777428318,0.12000983953475952,100095,3.498551833153292e-05,0.00010495655499459874,49072
3068,0.15110567025840282,0.15087701193988323,0.002286583388922736,0.12001125514507294,105552,3.4954306944605595e-05,0.00010486292083381678,49088
3069,0.1794807482510805,0.1792004443705082,0.0028030080429743975,0.12001265585422516,101531,3.492310200277522e-05,0.00010476930600832565,49104
3070,0.1516658654436469,0.15145893767476082,0.0020692561083706096,0.12001409381628036,99494,3.489190351940898e-05,0.0001046757105582269,49120
3071,0.13455077819526196,0.13424009457230568,0.003106848605966661,0.12001556903123856,101553,3.486071150787128e-05,0.00010458213452361383,49136
3072,0.18734241649508476,0.18702337890863419,0.0031903553681331687,0.12001725286245346,103025,3.482952598152381e-05,0.00010448857794457143,49152
3073,0.213094100356102,0.21287273615598679,0.0022135620965855196,0.12001883238554001,99379,3.479834695372548e-05,0.00010439504086117644,49168
3074,0.14044958725571632,0.14006179943680763,0.003877875889884308,0.12002044171094894,96189,3.47671744378324e-05,0.00010430152331349717,49184
3075,0.21869849041104317,0.2185194157063961,0.0017907292422023602,0.12002205103635788,104311,3.4736008447197823e-05,0.00010420802534159346,49200
3076,0.20333296060562134,0.20311984978616238,0.002131177312548971,0.12002358585596085,101021,3.4704848995172326e-05,0.00010411454698551695,49216
3077,0.12566910032182932,0.1253938339650631,0.0027526351623237133,0.12002501636743546,102186,3.467369609510363e-05,0.00010402108828531086,49232
3078,0.19321242161095142,0.19277113489806652,0.004412907343066763,0.12002633512020111,94705,3.4642549760336604e-05,0.00010392764928100981,49248
3079,0.12274075485765934,0.12226704321801662,0.004737123905215412,0.12002765387296677,94051,3.461141000421337e-05,0.0001038342300126401,49264
3080,0.23974332958459854,0.23943458497524261,0.0030874192755163676,0.12002889066934586,104104,3.458027684007324e-05,0.00010374083052021971,49280
3081,0.12395540904253721,0.12377841584384441,0.0017699358077152283,0.12003027647733688,99353,3.4549150281252636e-05,0.0001036474508437579,49296
3082,0.14644489623606205,0.14619044959545135,0.0025444943748880178,0.12003172188997269,97801,3.451803034108519e-05,0.00010355409102325557,49312
3083,0.19544611684978008,0.1950474977493286,0.0039862105040811,0.12003312259912491,98752,3.448691703290171e-05,0.00010346075109870513,49328
3084,0.1901776622980833,0.1900775022804737,0.001001592660031747,0.1200346052646637,104017,3.445581037003015e-05,0.00010336743111009043,49344
3085,0.20085151121020317,0.2007245160639286,0.0012699849685304798,0.12003600597381592,101884,3.44247103657956e-05,0.00010327413109738679,49360
3086,0.21119413152337074,0.2109093777835369,0.0028474773233142514,0.12003724277019501,99116,3.439361703352032e-05,0.00010318085110056094,49376
3087,0.14763366989791393,0.14732017368078232,0.003134946251520887,0.1200384572148323,103871,3.436253038652373e-05,0.00010308759115957118,49392
3088,0.23139728978276253,0.23113878071308136,0.0025851012323983014,0.12003961205482483,101940,3.43314504381223e-05,0.00010299435131436689,49408
3089,0.15568522736430168,0.15482970140874386,0.00855526584200561,0.12004072219133377,96890,3.4300377201629754e-05,0.00010290113160488924,49424
3090,0.1536180404946208,0.15339417941868305,0.0022386331804682413,0.12004183232784271,99282,3.426931069035686e-05,0.00010280793207107056,49440
3091,0.13853577617555857,0.13829912804067135,0.002366499655181542,0.12004298716783524,100628,3.423825091761153e-05,0.00010271475275283457,49456
3092,0.14775253925472498,0.14755349606275558,0.001990415512409527,0.12004417181015015,97989,3.420719789669876e-05,0.00010262159369009628,49472
3093,0.13174334540963173,0.13131307810544968,0.004302663344788016,0.12004537880420685,93663,3.417615164092069e-05,0.00010252845492276208,49488
3094,0.17812523618340492,0.17783034965395927,0.0029488250438589603,0.12004653364419937,104065,3.4145112163576576e-05,0.00010243533649072971,49504
3095,0.19295742735266685,0.19279975816607475,0.001576669790665619,0.12004810571670532,103200,3.411407947796271e-05,0.00010234223843388813,49520
3096,0.19648750685155392,0.19628853723406792,0.0019897265156032518,0.12005005776882172,100264,3.408305359737252e-05,0.00010224916079211754,49536
3097,0.1641485095024109,0.16391266137361526,0.002358506462769583,0.12005199491977692,98549,3.40520345350965e-05,0.00010215610360528948,49552
3098,0.15493767336010933,0.15444179996848106,0.004958756209816784,0.12005382031202316,99883,3.402102230442226e-05,0.00010206306691326676,49568
3099,0.1515480987727642,0.1511221956461668,0.004259027264197357,0.12005564570426941,99437,3.399001691863441e-05,0.00010197005075590324,49584
3100,0.18582433089613914,0.185641810297966,0.0018252025765832514,0.12005750089883804,102717,3.395901839101471e-05,0.00010187705517304411,49600
3101,0.1094688456505537,0.10914365202188492,0.003251933172577992,0.12005933374166489,96714,3.392802673484193e-05,0.00010178408020452579,49616
3102,0.15549550205469131,0.15516042057424784,0.0033508054621051997,0.12006107717752457,101573,3.38970419633919e-05,0.00010169112589017568,49632
3103,0.13452942669391632,0.13413982652127743,0.0038960036472417414,0.12006275355815887,100177,3.386606408993753e-05,0.00010159819226981258,49648
3104,0.17121389880776405,0.17082293517887592,0.003909646184183657,0.12006433308124542,96462,3.383509312774875e-05,0.00010150527938324624,49664
3105,0.14150485210120678,0.14136851951479912,0.0013633173039124813,0.12006595730781555,103164,3.380412909009254e-05,0.00010141238727027761,49680
3106,0.13657093234360218,0.1362358257174492,0.0033510189423395786,0.12006751447916031,98206,3.377317199023289e-05,0.00010131951597069865,49696
3107,0.1561803873628378,0.15592552535235882,0.0025486193771939725,0.12006916105747223,99507,3.374222184143086e-05,0.00010122666552429259,49712
3108,0.14431259036064148,0.1441383771598339,0.0017420944714103825,0.12007077038288116,97381,3.371127865694452e-05,0.00010113383597083354,49728
3109,0.17452473752200603,0.17426179349422455,0.002629435621201992,0.12007240951061249,103967,3.3680342450028915e-05,0.00010104102735008674,49744
3110,0.1332544907927513,0.1330044474452734,0.0025004239869304,0.12007402628660202,97036,3.364941323393615e-05,0.00010094823970180843,49760
3111,0.13141712080687284,0.13093860540539026,0.004785188531968743,0.12007566541433334,92288,3.361849102191533e-05,0.00010085547306574598,49776
3112,0.1067704726010561,0.10656604915857315,0.0020442375098355114,0.12007740885019302,96771,3.358757582721253e-05,0.00010076272748163756,49792
3113,0.2905019298195839,0.29042042046785355,0.0008150815119734034,0.12007911503314972,99990,3.355666766307084e-05,0.00010067000298921251,49808
3114,0.1850268393754959,0.18474434316158295,0.0028249663300812244,0.12008076906204224,99203,3.3525766542730334e-05,0.00010057729962819099,49824
3115,0.13803277909755707,0.13751256465911865,0.0052021688024979085,0.12008247524499893,98019,3.3494872479428095e-05,0.00010048461743828428,49840
3116,0.12551515363156796,0.1250627636909485,0.004523880546912551,0.12008410692214966,99653,3.346398548639812e-05,0.00010039195645919437,49856
3117,0.2528182314708829,0.2527123726904392,0.0010585853997326922,0.12008564919233322,102172,3.343310557687145e-05,0.00010029931673061433,49872
3118,0.16028202697634697,0.15981282480061054,0.004692012051236816,0.12008709460496902,98491,3.340223276407605e-05,0.00010020669829222813,49888
3119,0.1548261120915413,0.15465859230607748,0.0016752006049500778,0.12008852511644363,103103,3.337136706123682e-05,0.00010011410118371046,49904
3120,0.2068568840622902,0.20650020614266396,0.0035667531337821856,0.12008992582559586,101586,3.3340508481575675e-05,0.000100021525444727,49920
3121,0.1806905921548605,0.1804521679878235,0.0023842576483730227,0.12009122222661972,103322,3.330965703831146e-05,9.992897111493437e-05,49936
3122,0.1711537316441536,0.17084622755646706,0.0030749992292840034,0.12009239941835403,103792,3.327881274465994e-05,9.98364382339798e-05,49952
3123,0.12774829380214214,0.12749304063618183,0.0025525202727294527,0.12009366601705551,99693,3.32479756138338e-05,9.97439268415014e-05,49968
3124,0.1359258759766817,0.13554968312382698,0.0037619373615598306,0.12009497731924057,102035,3.321714565904273e-05,9.96514369771282e-05,49984
3125,0.19224288687109947,0.19199701584875584,0.002458699163980782,0.12009619921445847,98497,3.318632289349332e-05,9.955896868047993e-05,50000
3126,0.1457433793693781,0.14535312913358212,0.0039024688594508916,0.12009740620851517,96972,3.3155507330389e-05,9.946652199116699e-05,50016
3127,0.2279351670295,0.22757854126393795,0.0035662413138197735,0.12009862065315247,98646,3.312469898293022e-05,9.937409694879064e-05,50032
3128,0.2025737687945366,0.20230160281062126,0.002721687837038189,0.1200997456908226,103323,3.309389786431431e-05,9.92816935929429e-05,50048
3129,0.2169361300766468,0.21679963916540146,0.0013648630701936781,0.12010088562965393,101597,3.3063103987735433e-05,9.918931196320629e-05,50064
3130,0.2585405968129635,0.2584136724472046,0.0012692356531260884,0.12010200321674347,100772,3.303231736638477e-05,9.909695209915429e-05,50080
3131,0.18206405639648438,0.18193581327795982,0.0012823921715607867,0.12010321021080017,105377,3.300153801345028e-05,9.900461404035084e-05,50096
3132,0.10302767436951399,0.10265177674591541,0.003758957260288298,0.12010447680950165,100958,3.297076594211692e-05,9.891229782635074e-05,50112
3133,0.15015152841806412,0.14986013062298298,0.002913975389674306,0.12010572105646133,99961,3.294000116556641e-05,9.88200034966992e-05,50128
3134,0.15461020730435848,0.1541946716606617,0.004155368893407285,0.12010689824819565,96688,3.290924369697743e-05,9.872773109093228e-05,50144
3135,0.18771227449178696,0.18746514059603214,0.0024712963222555118,0.12010826170444489,98479,3.287849354952552e-05,9.863548064857654e-05,50160
3136,0.2065904326736927,0.2064516693353653,0.001387638480082387,0.12010958045721054,98992,3.284775073638302e-05,9.854325220914903e-05,50176
3137,0.10256344825029373,0.10227468609809875,0.00288764585275203,0.12011086195707321,98722,3.28170152707192e-05,9.845104581215758e-05,50192
3138,0.18554603680968285,0.18539095669984818,0.0015507533371419413,0.12011212855577469,98502,3.278628716570017e-05,9.83588614971005e-05,50208
3139,0.26642607897520065,0.2662888206541538,0.0013726334436796606,0.12011342495679855,101335,3.275556643448885e-05,9.826669930346654e-05,50224
3140,0.20848285779356956,0.20798451453447342,0.004983462189557031,0.12011459469795227,101040,3.272485309024503e-05,9.817455927073508e-05,50240
3141,0.15655349008738995,0.15645395405590534,0.0009953191693057306,0.12011589854955673,104864,3.2694147146125345e-05,9.808244143837602e-05,50256
3142,0.24376393854618073,0.243621326982975,0.0014261664346122416,0.12011712044477463,102065,3.266344861528326e-05,9.799034584584975e-05,50272
3143,0.15997418761253357,0.1593856606632471,0.0058852903748629615,0.1201181560754776,101874,3.2632757510869e-05,9.7898272532607e-05,50288
3144,0.21258211508393288,0.21231146529316902,0.0027065094909630716,0.12011919915676117,103424,3.260207384602969e-05,9.780622153808905e-05,50304
3145,0.2264527790248394,0.2262503318488598,0.0020244664192432538,0.12012019008398056,101034,3.257139763390925e-05,9.771419290172773e-05,50320
3146,0.16985949128866196,0.16936321184039116,0.004962781364156399,0.12012121081352234,100757,3.254072888764836e-05,9.762218666294508e-05,50336
3147,0.221104109659791,0.2207871377468109,0.0031697251706646057,0.12012223899364471,101743,3.2510067620384564e-05,9.753020286115368e-05,50352
3148,0.16745617426931858,0.16713863983750343,0.0031753706080053234,0.12012334167957306,92664,3.247941384525217e-05,9.743824153575648e-05,50368
3149,0.18154602125287056,0.18140255101025105,0.001434710809007811,0.12012459337711334,101414,3.244876757538228e-05,9.734630272614683e-05,50384
3150,0.20745066925883293,0.20727035589516163,0.0018031394720310345,0.12012585997581482,102819,3.241812882390277e-05,9.72543864717083e-05,50400
3151,0.1845938302576542,0.18453843146562576,0.0005539481117011746,0.12012720853090286,102955,3.2387497603938326e-05,9.716249281181497e-05,50416
3152,0.23980554565787315,0.23952393978834152,0.0028160766923974734,0.12012844532728195,98037,3.23568739286104e-05,9.707062178583119e-05,50432
3153,0.18590623326599598,0.18566200137138367,0.002442324512230698,0.12012974172830582,101501,3.2326257811037155e-05,9.697877343311144e-05,50448
3154,0.13470540195703506,0.13440675474703312,0.0029864835232729092,0.12013112008571625,102534,3.229564926433359e-05,9.688694779300075e-05,50464
3155,0.2627238631248474,0.26248906925320625,0.0023479145747842267,0.12013246864080429,99390,3.226504830161145e-05,9.679514490483436e-05,50480
3156,0.09561972413212061,0.09539533406496048,0.0022439066306105815,0.1201339140534401,98844,3.2234454935979205e-05,9.670336480793761e-05,50496
3157,0.21247899904847145,0.2122754231095314,0.002035746289038798,0.12013529986143112,94366,3.2203869180542064e-05,9.661160754162618e-05,50512
3158,0.25371143966913223,0.2536284253001213,0.0008301794896397041,0.12013667821884155,105051,3.2173291048402e-05,9.651987314520599e-05,50528
3159,0.22287715040147305,0.2224662248045206,0.004109299727133475,0.12013799697160721,95702,3.214272055265775e-05,9.642816165797323e-05,50544
3160,0.2113049067556858,0.21103152073919773,0.0027338850777596235,0.12013930827379227,101880,3.211215770640469e-05,9.633647311921405e-05,50560
3161,0.16565883811563253,0.16543871629983187,0.002201202320975426,0.12014057487249374,101343,3.2081602522734986e-05,9.624480756820496e-05,50576
3162,0.12851305678486824,0.12800234369933605,0.005107101969770156,0.12014182657003403,97456,3.205105501473754e-05,9.615316504421262e-05,50592
3163,0.20540487207472324,0.20512931235134602,0.0027556051791179925,0.12014304101467133,100057,3.202051519549789e-05,9.606154558649365e-05,50608
3164,0.2110901176929474,0.2108607292175293,0.0022939410555409268,0.12014427781105042,97804,3.198998307809836e-05,9.596994923429508e-05,50624
3165,0.229640225879848,0.22949987463653088,0.00140353076858446,0.12014569342136383,103541,3.195945867561791e-05,9.587837602685372e-05,50640
3166,0.249649528414011,0.24951189383864403,0.0013763435854343697,0.12014708667993546,100320,3.192894200113225e-05,9.578682600339675e-05,50656
3167,0.17847887054085732,0.17841996252536774,0.000589058241530438,0.12014853209257126,99854,3.189843306771374e-05,9.569529920314121e-05,50672
3168,0.20983536913990974,0.20955250784754753,0.0028286034503253177,0.1201498806476593,99942,3.1867931888431444e-05,9.560379566529431e-05,50688
3169,0.19108537584543228,0.19094295613467693,0.0014241749595385045,0.1201513260602951,104110,3.183743847635109e-05,9.551231542905325e-05,50704
3170,0.20034747570753098,0.2001207359135151,0.0022674085485050455,0.12015295028686523,98230,3.180695284453509e-05,9.542085853360527e-05,50720
3171,0.21555103361606598,0.21523870155215263,0.003123320871964097,0.12015446275472641,100318,3.177647500604252e-05,9.532942501812754e-05,50736
3172,0.07518992200493813,0.07498168479651213,0.0020823710947297513,0.12015601992607117,96791,3.174600497392912e-05,9.523801492178736e-05,50752
3173,0.22232452407479286,0.22201422974467278,0.003102949762251228,0.12015749514102936,96133,3.1715542761247286e-05,9.514662828374185e-05,50768
3174,0.1515283165499568,0.1514033516868949,0.0012496206800278742,0.12015900760889053,104350,3.1685088381046065e-05,9.505526514313818e-05,50784
3175,0.21272379718720913,0.2123682564124465,0.0035554715223042876,0.12016041576862335,92887,3.165464184637112e-05,9.496392553911336e-05,50800
3176,0.10807396564632654,0.10788591206073761,0.0018805267027346417,0.12016178667545319,101050,3.162420317026483e-05,9.487260951079448e-05,50816
3177,0.14015423320233822,0.13968821801245213,0.00466012820834294,0.12016306817531586,104019,3.1593772365766105e-05,9.47813170972983e-05,50832
3178,0.10643141157925129,0.10629918612539768,0.0013222645065980032,0.12016432732343674,98679,3.1563349445910565e-05,9.469004833773167e-05,50848
3179,0.2833523768931627,0.2831436097621918,0.0020876369508187054,0.12016559392213821,103721,3.153293442373042e-05,9.459880327119125e-05,50864
3180,0.10294127650558949,0.10261419788002968,0.003270803026680369,0.12016695737838745,102449,3.1502527312254474e-05,9.45075819367634e-05,50880
3181,0.2415826739743352,0.2413151292130351,0.002675470524991397,0.12016837298870087,98904,3.147212812450819e-05,9.441638437352454e-05,50896
3182,0.187431326135993,0.18693936243653297,0.00491961844090838,0.12016969174146652,95526,3.1441736873513616e-05,9.432521062054084e-05,50912
3183,0.09166273754090071,0.09139138646423817,0.0027135208947584033,0.12017140537500381,101461,3.14113535722894e-05,9.42340607168682e-05,50928
3184,0.14404326118528843,0.1437941286712885,0.0024913362140068784,0.12017306685447693,98018,3.138097823385076e-05,9.414293470155229e-05,50944
3185,0.20787570625543594,0.2074462603777647,0.004294452723115683,0.12017473578453064,95958,3.135061087120955e-05,9.405183261362863e-05,50960
3186,0.1622817236930132,0.16203033924102783,0.002513840969186276,0.12017641216516495,99560,3.132025149737419e-05,9.396075449212255e-05,50976
3187,0.11478536948561668,0.11435067653656006,0.00434690852125641,0.12017828971147537,94345,3.128990012534965e-05,9.386970037604892e-05,50992
3188,0.23997719213366508,0.23965025320649147,0.00326943545951508,0.12018020451068878,100269,3.125955676813748e-05,9.377867030441244e-05,51008
3189,0.12562830932438374,0.12537271529436111,0.002555957980803214,0.12018200755119324,100270,3.122922143873584e-05,9.368766431620751e-05,51024
3190,0.2132233791053295,0.2127663642168045,0.004570114309899509,0.12018361687660217,98000,3.119889415013943e-05,9.359668245041827e-05,51040
3191,0.0795179745182395,0.07930723298341036,0.002107422595145181,0.12018515169620514,100222,3.116857491533947e-05,9.350572474601839e-05,51056
3192,0.20614895597100258,0.20597044751048088,0.001785084888979327,0.12018666416406631,99034,3.113826374732375e-05,9.341479124197123e-05,51072
3193,0.18534503877162933,0.1851270031183958,0.0021803032141178846,0.12018825113773346,103870,3.110796065907665e-05,9.332388197722994e-05,51088
3194,0.12758025899529457,0.12674101628363132,0.00839244807139039,0.12018969655036926,100026,3.1077665663579014e-05,9.323299699073703e-05,51104
3195,0.21206701174378395,0.21187911555171013,0.0018789293098961934,0.120191290974617,103690,3.104737877380828e-05,9.314213632142482e-05,51120
3196,0.18372051045298576,0.18333248794078827,0.0038802483686595224,0.12019272893667221,98708,3.101710000273838e-05,9.305130000821513e-05,51136
3197,0.17316817864775658,0.1729894932359457,0.0017868520371848717,0.12019414454698563,102126,3.098682936333976e-05,9.296048809001928e-05,51152
3198,0.12385474983602762,0.12365593947470188,0.001988104784686584,0.12019556015729904,101778,3.095656686857942e-05,9.286970060573824e-05,51168
3199,0.15703682228922844,0.15692757070064545,0.0010925159265298134,0.1201971098780632,105408,3.0926312531420856e-05,9.277893759426255e-05,51184
3200,0.2013976275920868,0.20108364894986153,0.003139767126413062,0.12019865214824677,100744,3.089606636482406e-05,9.268819909447217e-05,51200
3201,0.24019154906272888,0.2398974597454071,0.002940942889836151,0.12020013481378555,100875,3.086582838174551e-05,9.259748514523653e-05,51216
3202,0.07571762055158615,0.07527081295847893,0.004468096085474826,0.12020168453454971,102106,3.083559859513822e-05,9.250679578541465e-05,51232
3203,0.08179628662765026,0.0813217032700777,0.004745830898173153,0.12020329385995865,101565,3.080537701795168e-05,9.241613105385503e-05,51248
3204,0.10313601046800613,0.1026422893628478,0.004937201621942222,0.1202048659324646,102523,3.0775163663131823e-05,9.232549098939546e-05,51264
3205,0.13138363510370255,0.13109475374221802,0.0028887938533443958,0.12020639330148697,100250,3.07449585436211e-05,9.223487563086328e-05,51280
3206,0.1995089165866375,0.19942035898566246,0.0008855988126015291,0.12020782381296158,97341,3.071476167235843e-05,9.214428501707527e-05,51296
3207,0.1151137538254261,0.1150220949202776,0.0009165627270704135,0.12020927667617798,102761,3.068457306227921e-05,9.205371918683761e-05,51312
3208,0.16546687856316566,0.16507207415997982,0.003948051846236922,0.120210662484169,97550,3.065439272631525e-05,9.196317817894575e-05,51328
3209,0.1842067576944828,0.18399997428059578,0.0020678159198723733,0.12021201848983765,99213,3.062422067739485e-05,9.187266203218456e-05,51344
3210,0.12494671251624823,0.12477402575314045,0.0017268588962906506,0.12021332234144211,104153,3.0594056928442794e-05,9.178217078532837e-05,51360
3211,0.1709296628832817,0.17083051055669785,0.0009915345981426071,0.12021463364362717,104768,3.056390149238022e-05,9.169170447714064e-05,51376
3212,0.158853804692626,0.15846621245145798,0.003875920345308259,0.12021586298942566,98005,3.05337543821248e-05,9.16012631463744e-05,51392
3213,0.23491054587066174,0.23474808037281036,0.0016246935119852424,0.12021706253290176,96439,3.0503615610590603e-05,9.151084683177179e-05,51408
3214,0.29493682086467743,0.2947905510663986,0.0014627182099502534,0.12021821737289429,100979,3.0473485190688077e-05,9.142045557206422e-05,51424
3215,0.1626807302236557,0.16264190897345543,0.000388207863579737,0.12021967768669128,103396,3.0443363135324165e-05,9.133008940597249e-05,51440
3216,0.17859633546322584,0.17836923524737358,0.002270995668368414,0.12022105604410172,98483,3.0413249457402206e-05,9.12397483722066e-05,51456
3217,0.08075049892067909,0.08042104728519917,0.0032945230486802757,0.12022241950035095,98458,3.038314416982194e-05,9.114943250946581e-05,51472
3218,0.2404564805328846,0.24028268456459045,0.0017379556011292152,0.12022364884614944,98966,3.0353047285479493e-05,9.105914185643846e-05,51488
3219,0.21656851656734943,0.21633855812251568,0.00229957711417228,0.12022483348846436,100600,3.0322958817267426e-05,9.096887645180228e-05,51504
3220,0.2053163181990385,0.20495790801942348,0.003584116988349706,0.1202259361743927,98690,3.0292878778074713e-05,9.087863633422413e-05,51520
3221,0.1538406703621149,0.15344162844121456,0.0039904129516799,0.12022695690393448,98298,3.0262807180786647e-05,9.078842154235992e-05,51536
3222,0.18623196706175804,0.1860610507428646,0.001709137901343638,0.12022794783115387,97949,3.0232744038284954e-05,9.069823211485485e-05,51552
3223,0.12876751646399498,0.12840428948402405,0.0036322458763606846,0.12022896856069565,97056,3.0202689363447734e-05,9.060806809034319e-05,51568
3224,0.15683384984731674,0.15656179189682007,0.002720590549870394,0.12023013085126877,95545,3.017264316914947e-05,9.05179295074484e-05,51584
3225,0.09749834798276424,0.09728526324033737,0.0021308518043952063,0.12023131549358368,100206,3.0142605468260978e-05,9.042781640478291e-05,51600
3226,0.17262357100844383,0.17254736833274364,0.0007620444303029217,0.12023250013589859,101417,3.011257627364945e-05,9.033772882094833e-05,51616
3227,0.23432013392448425,0.23424622043967247,0.0007391188046312891,0.12023365497589111,104898,3.0082555598178465e-05,9.024766679453538e-05,51632
3228,0.20363677851855755,0.20344376750290394,0.0019300813728477806,0.120234914124012,102882,3.0052543454707894e-05,9.015763036412366e-05,51648
3229,0.17916448041796684,0.17900474555790424,0.001597361888116211,0.12023621797561646,103040,3.0022539856094007e-05,9.0067619568282e-05,51664
3230,0.14240769483149052,0.14218219369649887,0.002255018880532589,0.12023758888244629,98903,2.999254481518939e-05,8.997763444556815e-05,51680
3231,0.17021717131137848,0.17007470689713955,0.001424651127308607,0.12023898214101791,100938,2.996255834484296e-05,8.988767503452887e-05,51696
3232,0.22014383599162102,0.2198176458477974,0.0032618941622786224,0.1202402338385582,98648,2.9932580457899968e-05,8.979774137369989e-05,51712
3233,0.15543407388031483,0.15515312552452087,0.0028095154848415405,0.12024146318435669,98714,2.9902611167202e-05,8.970783350160599e-05,51728
3234,0.1462926547974348,0.14612584095448256,0.0016681622419127962,0.12024271488189697,100977,2.9872650485586932e-05,8.961795145676078e-05,51744
3235,0.15894412249326706,0.15871703624725342,0.002270871729706414,0.12024394422769547,100866,2.984269842588898e-05,8.952809527766693e-05,51760
3236,0.15384920500218868,0.1536935493350029,0.001556548369990196,0.12024535238742828,103080,2.9812755000938642e-05,8.943826500281591e-05,51776
3237,0.1856470201164484,0.18505536019802094,0.005916537280427292,0.12024665623903275,98774,2.9782820223562756e-05,8.934846067068825e-05,51792
3238,0.12908813916146755,0.12893642485141754,0.001517173514002934,0.12024803459644318,103361,2.97528941065844e-05,8.925868231975319e-05,51808
3239,0.17023649252951145,0.16984876990318298,0.003877253970131278,0.12024937570095062,96515,2.9722976662822987e-05,8.916892998846895e-05,51824
3240,0.1459883600473404,0.14582596812397242,0.0016239041869994253,0.12025070190429688,105319,2.969306790509419e-05,8.907920371528256e-05,51840
3241,0.22008918225765228,0.2198001928627491,0.002889892100938596,0.12025199830532074,102320,2.9663167846209998e-05,8.898950353862998e-05,51856
3242,0.21558118052780628,0.21526568196713924,0.003154947407892905,0.12025318294763565,99002,2.9633276498978602e-05,8.88998294969358e-05,51872
3243,0.23459221050143242,0.23445816338062286,0.0013404829514911398,0.12025439739227295,103712,2.9603393876204544e-05,8.881018162861362e-05,51888
3244,0.18596181273460388,0.18571141734719276,0.002503949923266191,0.12025552988052368,102891,2.957351999068858e-05,8.872055997206572e-05,51904
3245,0.15493590384721756,0.15468545071780682,0.002504522999515757,0.12025666981935501,97904,2.954365485522771e-05,8.863096456568311e-05,51920
3246,0.06738223880529404,0.06710813380777836,0.0027410424663685262,0.12025780230760574,99015,2.951379848261523e-05,8.854139544784567e-05,51936
3247,0.32358671724796295,0.32337360084056854,0.0021312194876372814,0.12025880813598633,104753,2.9483950885640673e-05,8.845185265692201e-05,51952
3248,0.2786746062338352,0.2785356678068638,0.0013894330113544129,0.12025979906320572,99220,2.945411207708979e-05,8.836233623126935e-05,51968
3249,0.21552067063748837,0.21540772542357445,0.0011294416541431929,0.12026078253984451,102410,2.9424282069744564e-05,8.827284620923368e-05,51984
3250,0.13007663190364838,0.12978122010827065,0.0029540975228883326,0.12026180326938629,98574,2.9394460876383234e-05,8.818338262914968e-05,52000
3251,0.18330635875463486,0.18305835872888565,0.002480027120327577,0.12026304006576538,101536,2.936464850978027e-05,8.809394552934079e-05,52016
3252,0.19127019308507442,0.19097643345594406,0.0029376029102934353,0.1202642172574997,92415,2.9334844982706317e-05,8.800453494811894e-05,52032
3253,0.20808546617627144,0.20785808935761452,0.002273728390719043,0.12026545405387878,101978,2.9305050307928262e-05,8.791515092378477e-05,52048
3254,0.2540721409022808,0.2538984529674053,0.001736840251396643,0.1202668622136116,103510,2.9275264498209213e-05,8.782579349462764e-05,52064
3255,0.18831932730972767,0.1878693848848343,0.004499421396758407,0.12026821821928024,97315,2.9245487566308445e-05,8.773646269892532e-05,52080
3256,0.23496389389038086,0.234821155667305,0.0014273610559030203,0.12026955187320709,103208,2.9215719524981467e-05,8.764715857494439e-05,52096
3257,0.20973225869238377,0.20947281271219254,0.002594529141788371,0.12027079612016678,99709,2.918596038697995e-05,8.755788116093983e-05,52112
3258,0.23219960369169712,0.23200275748968124,0.0019684857106767595,0.1202719658613205,99899,2.9156210165051757e-05,8.746863049515525e-05,52128
3259,0.15460570622235537,0.15415275283157825,0.004529550154984463,0.12027309834957123,100168,2.9126468871940977e-05,8.737940661582291e-05,52144
3260,0.15501989424228668,0.1547117941081524,0.0030809933959972113,0.12027417868375778,100177,2.909673652038778e-05,8.729020956116333e-05,52160
3261,0.14603815041482449,0.1458774171769619,0.0016073223941930337,0.12027520686388016,98521,2.9067013123128613e-05,8.720103936938582e-05,52176
3262,0.188791299238801,0.1886183898895979,0.0017290843097725883,0.12027622759342194,102021,2.9037298692895985e-05,8.711189607868795e-05,52192
3263,0.16495308745652437,0.16450412012636662,0.004489658953389153,0.12027732282876968,97300,2.900759324241864e-05,8.702277972725591e-05,52208
3264,0.22530726715922356,0.22509230114519596,0.002149635285604745,0.12027842551469803,98244,2.897789678442145e-05,8.693369035326433e-05,52224
3265,0.15783781185746193,0.15758968889713287,0.002481251329299994,0.12027954310178757,97239,2.8948209331625454e-05,8.684462799487635e-05,52240
3266,0.2163543552160263,0.21600478515028954,0.003495718992780894,0.12028054893016815,93453,2.8918530896747764e-05,8.675559269024328e-05,52256
3267,0.18905942142009735,0.18869878724217415,0.003606352929637069,0.12028153985738754,95415,2.8888861492501734e-05,8.666658447750519e-05,52272
3268,0.17932105250656605,0.17904893402010202,0.0027211684646317735,0.12028250843286514,97649,2.885920113159677e-05,8.657760339479029e-05,52288
3269,0.22946950793266296,0.22919312864542007,0.0027638459687295835,0.12028344720602036,100530,2.88295498267384e-05,8.648864948021519e-05,52304
3270,0.20083386451005936,0.20065689459443092,0.0017696679278742522,0.12028438597917557,99985,2.8799907590628323e-05,8.639972277188496e-05,52320
3271,0.1816917546093464,0.18157313391566277,0.0011862163373734802,0.120285265147686,99226,2.8770274435964355e-05,8.631082330789306e-05,52336
3272,0.2786723356693983,0.27839457616209984,0.0027775489579653367,0.12028606981039047,97977,2.8740650375440358e-05,8.622195112632107e-05,52352
3273,0.19130311906337738,0.1910877786576748,0.0021534368861466646,0.12028686702251434,97041,2.8711035421746367e-05,8.613310626523909e-05,52368
3274,0.17273691669106483,0.17227376252412796,0.004631535732187331,0.12028764188289642,96829,2.8681429587568465e-05,8.604428876270539e-05,52384
3275,0.20926795806735754,0.20910365227609873,0.0016430952164228074,0.12028849869966507,101267,2.865183288558889e-05,8.595549865676666e-05,52400
3276,0.15944336168467999,0.1592662427574396,0.0017712285043671727,0.1202893778681755,102369,2.8622245328485907e-05,8.586673598545771e-05,52416
3277,0.22980401664972305,0.22958604246377945,0.0021797612516820664,0.1202903464436531,101637,2.859266692893386e-05,8.577800078680156e-05,52432
3278,0.19146443344652653,0.19115779921412468,0.0030663766228826717,0.12029135227203369,101892,2.8563097699603237e-05,8.56892930988097e-05,52448
3279,0.19107556529343128,0.19093130342662334,0.0014426587586058304,0.12029241770505905,95513,2.8533537653160514e-05,8.560061295948153e-05,52464
3280,0.29531431570649147,0.29491013288497925,0.0040419085416942835,0.12029345333576202,99562,2.8503986802268295e-05,8.551196040680488e-05,52480
3281,0.09537398628890514,0.09525972977280617,0.0011425356969994027,0.12029462307691574,104478,2.8474445159585235e-05,8.54233354787557e-05,52496
3282,0.18405534140765667,0.183879517018795,0.0017582584277988644,0.12029578536748886,99729,2.8444912737766048e-05,8.533473821329814e-05,52512
3283,0.19261407852172852,0.19229131005704403,0.0032276558049488813,0.12029702216386795,97808,2.8415389549461446e-05,8.524616864838432e-05,52528
3284,0.19455868192017078,0.19417808391153812,0.0038059965590946376,0.12029821425676346,101568,2.838587560731827e-05,8.51576268219548e-05,52544
3285,0.16341018117964268,0.1631918679922819,0.0021831141057191417,0.12029934674501419,96319,2.8356370923979324e-05,8.506911277193797e-05,52560
3286,0.20965605042874813,0.20920607075095177,0.004499776128795929,0.12030050158500671,102398,2.832687551208346e-05,8.498062653625037e-05,52576
3287,0.14778240770101547,0.14736482873558998,0.004175786778432666,0.12030160427093506,93552,2.829738938426561e-05,8.489216815279682e-05,52592
3288,0.16154826246201992,0.16138151288032532,0.0016674877624609508,0.12030273675918579,97906,2.82679125531567e-05,8.48037376594701e-05,52608
3289,0.2129184566438198,0.21267794258892536,0.0024051906111708377,0.1203039288520813,95187,2.823844503138363e-05,8.471533509415088e-05,52624
3290,0.2387198954820633,0.23858977854251862,0.0013011200571781956,0.12030508369207382,100608,2.8208986831569374e-05,8.46269604947081e-05,52640
3291,0.20260077621787786,0.20230312179774046,0.0029765331200906076,0.12030624598264694,101431,2.8179537966332887e-05,8.453861389899865e-05,52656
3292,0.1856285911053419,0.18528278172016144,0.0034580538267618977,0.12030740827322006,100059,2.8150098448289143e-05,8.445029534486741e-05,52672
3293,0.12319659069180489,0.12303519062697887,0.0016139933286467567,0.12030868977308273,103646,2.8120668290049085e-05,8.436200487014724e-05,52688
3294,0.16310188360512257,0.16276318579912186,0.003386982309166342,0.12030991911888123,97513,2.809124750421963e-05,8.427374251265889e-05,52704
3295,0.17779961414635181,0.17753309104591608,0.0026652447995729744,0.12031115591526031,104227,2.8061836103403754e-05,8.418550831021126e-05,52720
3296,0.22806990146636963,0.22764453291893005,0.004253676364896819,0.12031234800815582,102381,2.803243410020032e-05,8.409730230060095e-05,52736
3297,0.21982985362410545,0.2193038873374462,0.00525963245308958,0.12031348049640656,94775,2.8003041507204242e-05,8.400912452161271e-05,52752
3298,0.16070467978715897,0.1604850310832262,0.0021964671395835467,0.12031463533639908,98998,2.797365833700637e-05,8.39209750110191e-05,52768
3299,0.16863496601581573,0.16825073771178722,0.003842260433884803,0.1203157976269722,90652,2.7944284602193526e-05,8.383285380658056e-05,52784
3300,0.26447657123208046,0.26410122215747833,0.003753565608349163,0.12031678855419159,97989,2.7914920315348463e-05,8.374476094604538e-05,52800
3301,0.15611249953508377,0.15588304027915,0.002294591657118872,0.12031788378953934,99915,2.7885565489049946e-05,8.365669646714983e-05,52816
3302,0.21191148832440376,0.21174868382513523,0.001628047612030059,0.1203189417719841,99750,2.7856220135872624e-05,8.356866040761786e-05,52832
3303,0.17651468701660633,0.1763930507004261,0.0012163374231022317,0.12032003700733185,102911,2.7826884268387088e-05,8.348065280516125e-05,52848
3304,0.13370209001004696,0.13356134667992592,0.0014074548962526023,0.12032123655080795,102691,2.7797557899159933e-05,8.339267369747978e-05,52864
3305,0.19651171006262302,0.1959738228470087,0.0053788590303156525,0.12032239884138107,97261,2.776824104075364e-05,8.330472312226091e-05,52880
3306,0.21702686697244644,0.21668989583849907,0.003369731057318859,0.12032369524240494,100764,2.77389337057266e-05,8.32168011171798e-05,52896
3307,0.24711127392947674,0.24703802168369293,0.0007324846083065495,0.12032505124807358,104251,2.7709635906633145e-05,8.312890771989943e-05,52912
3308,0.11900386959314346,0.11875332146883011,0.002505473676137626,0.12032665312290192,99200,2.7680347656023543e-05,8.304104296807061e-05,52928
3309,0.16826407797634602,0.16778793931007385,0.004761384974699467,0.12032816559076309,101855,2.765106896644395e-05,8.295320689933183e-05,52944
3310,0.14023347571492195,0.13993752002716064,0.0029595721571240574,0.12032974511384964,100996,2.7621799850436415e-05,8.286539955130923e-05,52960
3311,0.18134379386901855,0.18118995800614357,0.0015383652789751068,0.12033136188983917,98588,2.759254032053888e-05,8.277762096161662e-05,52976
3312,0.13378792628645897,0.1335657760500908,0.002221482907771133,0.12033294886350632,102896,2.7563290389285233e-05,8.268987116785569e-05,52992
3313,0.244978291913867,0.24478008411824703,0.001982016816327814,0.12033449113368988,103412,2.753405006920518e-05,8.260215020761553e-05,53008
3314,0.12573976255953312,0.1255000438541174,0.002397179137915373,0.12033607810735703,98486,2.7504819372824364e-05,8.251445811847308e-05,53024
3315,0.14216382429003716,0.14180409722030163,0.0035972815385321155,0.12033765763044357,101150,2.7475598312664285e-05,8.242679493799285e-05,53040
3316,0.24326284229755402,0.24287936836481094,0.0038347887457348406,0.12033913284540176,96024,2.7446386901242338e-05,8.2339160703727e-05,53056
3317,0.14113488048315048,0.14047709852457047,0.006577824300620705,0.12034054100513458,98998,2.7417185151071716e-05,8.225155545321514e-05,53072
3318,0.20858078636229038,0.20834258571267128,0.0023820327478460968,0.12034189701080322,103003,2.7387993074661577e-05,8.216397922398473e-05,53088
3319,0.2068676259368658,0.20666931197047234,0.0019831286335829645,0.12034322321414948,97052,2.735881068451683e-05,8.207643205355047e-05,53104
3320,0.1787237897515297,0.178641177713871,0.0008261413840955356,0.12034443765878677,97546,2.732963799313832e-05,8.198891397941494e-05,53120
3321,0.3160391002893448,0.31584350019693375,0.0019559739048418123,0.12034560739994049,98914,2.7300475013022663e-05,8.190142503906798e-05,53136
3322,0.18229296058416367,0.1819564700126648,0.0033648869721218944,0.12034675478935242,102373,2.7271321756662384e-05,8.181396526998713e-05,53152
3323,0.22800229489803314,0.22787990793585777,0.0012238819253980182,0.12034783512353897,104936,2.7242178236545817e-05,8.172653470963744e-05,53168
3324,0.17398347798734903,0.1737294988706708,0.002539826473366702,0.12034893780946732,102320,2.721304446515709e-05,8.163913339547126e-05,53184
3325,0.18034167028963566,0.18009604886174202,0.0024562005032748857,0.12035007029771805,102197,2.7183920454976196e-05,8.155176136492857e-05,53200
3326,0.15982071310281754,0.15961520746350288,0.002055062912404537,0.12035131454467773,101833,2.7154806218478968e-05,8.146441865543689e-05,53216
3327,0.25880127027630806,0.2585235461592674,0.0027771897384809563,0.12035247683525085,98057,2.7125701768136974e-05,8.13771053044109e-05,53232
3328,0.1286347508430481,0.12841010559350252,0.0022464542707893997,0.12035366147756577,102224,2.7096607116417672e-05,8.1289821349253e-05,53248
3329,0.20325006358325481,0.20313924551010132,0.0011081962093157927,0.12035477161407471,96674,2.7067522275784273e-05,8.120256682735281e-05,53264
3330,0.16160004027187824,0.16128017753362656,0.0031986385583877563,0.12035584449768066,95523,2.7038447258695775e-05,8.111534177608732e-05,53280
3331,0.11231445893645287,0.11182246170938015,0.004919967410387471,0.12035707384347916,100522,2.700938207760701e-05,8.102814623282102e-05,53296
3332,0.2315715067088604,0.2313879281282425,0.0018357403441768838,0.12035828828811646,100767,2.698032674496858e-05,8.094098023490573e-05,53312
3333,0.15996440965682268,0.15986290574073792,0.0010150066955247894,0.12035957723855972,98802,2.695128127322689e-05,8.085384381968067e-05,53328
3334,0.13123448938131332,0.13095431216061115,0.002801788577926345,0.12036082148551941,99666,2.6922245674824055e-05,8.076673702447215e-05,53344
3335,0.14320060703903437,0.14300892036408186,0.0019168720391462557,0.12036196887493134,99215,2.6893219962198017e-05,8.067965988659405e-05,53360
3336,0.1626276597380638,0.16238632053136826,0.0024133743427228183,0.12036305665969849,100473,2.6864204147782503e-05,8.059261244334749e-05,53376
3337,0.2530032992362976,0.2529039606451988,0.0009933929445651302,0.1203642189502716,102673,2.6835198244006927e-05,8.050559473202077e-05,53392
3338,0.15691985562443733,0.15638801828026772,0.005318379458913114,0.12036526948213577,100434,2.680620226329649e-05,8.041860678988947e-05,53408
3339,0.20919076912105083,0.20907732471823692,0.0011344676313456148,0.1203664168715477,103858,2.677721621807217e-05,8.033164865421651e-05,53424
3340,0.18930181488394737,0.18896672129631042,0.0033508841297589242,0.12036756426095963,96135,2.6748240120750684e-05,8.024472036225204e-05,53440
3341,0.10449416004121304,0.10390916559845209,0.005849950190167874,0.12036873400211334,97921,2.671927398374443e-05,8.015782195123328e-05,53456
3342,0.18531430512666702,0.18515333533287048,0.0016096340768854134,0.12037000805139542,99511,2.669031781946161e-05,8.00709534583848e-05,53472
3343,0.13237086683511734,0.1321701556444168,0.0020070967584615573,0.12037144601345062,94289,2.666137164030612e-05,7.998411492091835e-05,53488
3344,0.1897924393415451,0.18947310000658035,0.00319341933936812,0.12037280946969986,103555,2.6632435458677575e-05,7.989730637603271e-05,53504
3345,0.14542521443217993,0.14512698911130428,0.002982232312206179,0.1203741505742073,99868,2.660350928697134e-05,7.9810527860914e-05,53520
3346,0.20084964856505394,0.20061501674354076,0.002346348308492452,0.12037545442581177,102992,2.657459313757845e-05,7.972377941273534e-05,53536
3347,0.14137457311153412,0.14094578102231026,0.0042879142347374,0.12037665396928787,96456,2.6545687022885644e-05,7.963706106865692e-05,53552
3348,0.155010805465281,0.1549415262416005,0.0006927707727300003,0.12037795037031174,103826,2.65167909552754e-05,7.95503728658262e-05,53568
3349,0.16211419738829136,0.16195732355117798,0.0015687211998738348,0.12037936598062515,101669,2.6487904947125884e-05,7.946371484137764e-05,53584
3350,0.17381181381642818,0.17366020940244198,0.00151607485167915,0.1203807145357132,100343,2.6459029010810954e-05,7.937708703243285e-05,53600
3351,0.18523965030908585,0.18505697883665562,0.001826677325880155,0.12038201838731766,104288,2.6430163158700115e-05,7.929048947610034e-05,53616
3352,0.12249024957418442,0.12228737771511078,0.002028732928692989,0.12038345634937286,99402,2.6401307403158592e-05,7.920392220947577e-05,53632
3353,0.125368632376194,0.12512153759598732,0.0024709323479328305,0.12038486450910568,102793,2.6372461756547306e-05,7.911738526964191e-05,53648
3354,0.22787422314286232,0.22769366949796677,0.0018055417676805519,0.12038624286651611,101318,2.6343626231222774e-05,7.90308786936683e-05,53664
3355,0.293777160346508,0.2936282940208912,0.0014887063625792507,0.12038754671812057,99117,2.6314800839537225e-05,7.894440251861166e-05,53680
3356,0.13686281256377697,0.13644925318658352,0.004135603783652186,0.12038884311914444,96087,2.6285985593838537e-05,7.88579567815156e-05,53696
3357,0.13575502671301365,0.13542197830975056,0.0033304890093859285,0.12039022892713547,98216,2.625718050647028e-05,7.877154151941082e-05,53712
3358,0.21527565456926823,0.2150866836309433,0.0018897205336543266,0.12039157003164291,103621,2.62283855897716e-05,7.868515676931478e-05,53728
3359,0.19539723545312881,0.19523104839026928,0.001661881135078147,0.12039288133382797,102824,2.6199600856077334e-05,7.859880256823199e-05,53744
3360,0.15137713216245174,0.15106442384421825,0.003127075789961964,0.1203942596912384,97587,2.6170826317717974e-05,7.851247895315391e-05,53760
3361,0.1378383580595255,0.1374473199248314,0.003910355851985514,0.12039561569690704,96772,2.6142061987019577e-05,7.842618596105872e-05,53776
3362,0.12126963213086128,0.12100954540073872,0.0026008622808149084,0.12039708346128464,101065,2.611330787630391e-05,7.833992362891173e-05,53792
3363,0.1620586346834898,0.16178773902356625,0.0027089871582575142,0.12039846181869507,95655,2.6084563997888302e-05,7.82536919936649e-05,53808
3364,0.1907602734863758,0.1907089166343212,0.0005135543851793045,0.12039995938539505,104404,2.605583036408569e-05,7.816749109225706e-05,53824
3365,0.08474898152053356,0.08443568274378777,0.0031329721095971763,0.12040139734745026,99746,2.6027106987204676e-05,7.808132096161402e-05,53840
3366,0.20353161543607712,0.20341326668858528,0.0011835339173558168,0.12040286511182785,102463,2.5998393879549443e-05,7.799518163864832e-05,53856
3367,0.15115808881819248,0.1509279515594244,0.0023013584504951723,0.12040425837039948,99586,2.5969691053419788e-05,7.790907316025935e-05,53872
3368,0.1268738890066743,0.1264369897544384,0.004369009024230763,0.12040559947490692,98310,2.594099852111105e-05,7.782299556333314e-05,53888
3369,0.14117068611085415,0.1410464085638523,0.0012427974143065512,0.12040691077709198,100774,2.591231629491423e-05,7.773694888474267e-05,53904
3370,0.2350967600941658,0.23504017665982246,0.0005658135391968244,0.12040822952985764,99572,2.588364438711589e-05,7.765093316134766e-05,53920
3371,0.2001115083694458,0.19996511563658714,0.0014639430737588555,0.1204095259308815,105427,2.5854982809998153e-05,7.756494842999444e-05,53936
3372,0.13060848787426949,0.1301828045397997,0.004256814965629019,0.12041082233190536,98589,2.5826331575838702e-05,7.74789947275161e-05,53952
3373,0.16729303821921349,0.16698698699474335,0.0030604927760577993,0.1204119324684143,102568,2.5797690696910836e-05,7.73930720907325e-05,53968
3374,0.1398068917915225,0.1397436335682869,0.0006325346912490204,0.12041305005550385,100302,2.5769060185483418e-05,7.730718055645024e-05,53984
3375,0.16419687494635582,0.1639768984168768,0.0021997323710820638,0.12041425704956055,100943,2.5740440053820813e-05,7.722132016146243e-05,54000
3376,0.12781835161149502,0.12757436372339725,0.002439875708660111,0.12041542679071426,98102,2.5711830314182994e-05,7.713549094254897e-05,54016
3377,0.16642079129815102,0.1657895315438509,0.006312566587439505,0.12041666358709335,93860,2.5683230978825477e-05,7.704969293647643e-05,54032
3378,0.18190105445683002,0.18161292746663094,0.0028812775417463854,0.12041802704334259,98788,2.565464205999929e-05,7.696392617999786e-05,54048
3379,0.16048328205943108,0.16036858409643173,0.0011469319215393625,0.12041939795017242,99994,2.5626063569951036e-05,7.687819070985309e-05,54064
3380,0.15770386345684528,0.15733992867171764,0.0036394002963788807,0.12042075395584106,98203,2.55974955209228e-05,7.679248656276838e-05,54080
3381,0.19140519946813583,0.19099901989102364,0.00406181366815872,0.12042199820280075,99063,2.556893792515227e-05,7.67068137754568e-05,54096
3382,0.1599818356335163,0.15982968546450138,0.0015215076855383813,0.12042327225208282,99852,2.5540390794872566e-05,7.662117238461769e-05,54112
3383,0.12930998113006353,0.12918701022863388,0.001229702727869153,0.12042459845542908,102801,2.5511854142312397e-05,7.653556242693717e-05,54128
3384,0.21298827975988388,0.21279043890535831,0.001978391876036767,0.12042587250471115,100563,2.548332797969597e-05,7.64499839390879e-05,54144
3385,0.15140605624765158,0.1512483861297369,0.0015766641590744257,0.12042707204818726,95868,2.545481231924296e-05,7.636443695772887e-05,54160
3386,0.184438893571496,0.18413176387548447,0.003071357132284902,0.12042827904224396,100847,2.5426307173168585e-05,7.627892151950574e-05,54176
3387,0.2916114404797554,0.29128149524331093,0.0032994603971019387,0.1204293817281723,103267,2.5397812553683552e-05,7.619343766105065e-05,54192
3388,0.15164395421743393,0.15143260918557644,0.0021134487105882727,0.12043049186468124,102406,2.5369328472994038e-05,7.61079854189821e-05,54208
3389,0.14800941944122314,0.14792484231293201,0.0008457884723611642,0.1204315721988678,96841,2.534085494330173e-05,7.602256482990518e-05,54224
3390,0.11521430872380733,0.11459188535809517,0.006224245356861502,0.12043274194002151,95698,2.5312391976803752e-05,7.593717593041125e-05,54240
3391,0.16132157668471336,0.161043431609869,0.002781460527330637,0.12043389678001404,102184,2.5283939585692783e-05,7.585181875707835e-05,54256
3392,0.1576310321688652,0.15751194022595882,0.0011909072200069204,0.12043515592813492,104336,2.525549778215688e-05,7.576649334647063e-05,54272
3393,0.193791838362813,0.1935519278049469,0.002399116929154843,0.12043646723031998,99946,2.522706657837962e-05,7.568119973513885e-05,54288
3394,0.18752681836485863,0.18722832389175892,0.002984912192914635,0.12043769657611847,99460,2.519864598654006e-05,7.559593795962017e-05,54304
3395,0.1529611274600029,0.15277140773832798,0.001897183472465258,0.12043891847133636,104061,2.5170236018812626e-05,7.551070805643786e-05,54320
3396,0.15775217581540346,0.157537248916924,0.002149272735550767,0.1204400360584259,97674,2.514183668736727e-05,7.54255100621018e-05,54336
3397,0.18659677729010582,0.18611613847315311,0.004806428143638186,0.12044107168912888,98148,2.5113448004369393e-05,7.534034401310817e-05,54352
3398,0.20317887142300606,0.2030658945441246,0.0011297628116153646,0.12044219672679901,100489,2.508506998197977e-05,7.525520994593929e-05,54368
3399,0.17263652570545673,0.17234613932669163,0.002903845102991909,0.12044332921504974,96730,2.5056702632354638e-05,7.517010789706391e-05,54384
3400,0.31122636422514915,0.31114327907562256,0.0008309569896312041,0.1204443946480751,101350,2.5028345967645684e-05,7.508503790293705e-05,54400
3401,0.2018539346754551,0.20164388045668602,0.0021005373855587095,0.12044543027877808,95426,2.500000000000001e-05,7.500000000000002e-05,54416
3402,0.13110902905464172,0.1307227425277233,0.0038628768088528886,0.12044648081064224,100880,2.49716647415601e-05,7.49149942246803e-05,54432
3403,0.212537731975317,0.21238679811358452,0.0015093114343471825,0.1204475611448288,104234,2.4943340204463906e-05,7.48300206133917e-05,54448
3404,0.18950585834681988,0.18906255811452866,0.004433008798514493,0.12044867128133774,99127,2.4915026400844758e-05,7.474507920253426e-05,54464
3405,0.15846621245145798,0.15822525322437286,0.0024095896878861822,0.12044978886842728,102943,2.4886723342831374e-05,7.466017002849411e-05,54480
3406,0.21775124035775661,0.2172401249408722,0.005111182399559766,0.12045082449913025,97642,2.485843104254791e-05,7.457529312764371e-05,54496
3407,0.13426746521145105,0.1339053437113762,0.0036212220657034777,0.1204519048333168,94470,2.483014951211385e-05,7.449044853634153e-05,54512
3408,0.12482277862727642,0.12459580320864916,0.0022697527115269622,0.12045301496982574,99887,2.4801878763644143e-05,7.440563629093242e-05,54528
3409,0.23848850280046463,0.23815932124853134,0.0032917735807131976,0.12045411765575409,97085,2.4773618809249042e-05,7.432085642774713e-05,54544
3410,0.17927279695868492,0.17907533049583435,0.0019747226033359766,0.12045514583587646,101942,2.4745369661034233e-05,7.423610898310269e-05,54560
3411,0.23001155629754066,0.22993342950940132,0.0007812068161001662,0.12045616656541824,101629,2.471713133110078e-05,7.415139399330233e-05,54576
3412,0.1798818288370967,0.17973810900002718,0.001437140515918145,0.12045719474554062,100539,2.4688903831545036e-05,7.406671149463509e-05,54592
3413,0.17086356040090322,0.17069817893207073,0.0016538262425456196,0.1204582005739212,103814,2.4660687174458792e-05,7.398206152337636e-05,54608
3414,0.20125312730669975,0.20099413394927979,0.002589954441646114,0.12045913934707642,106467,2.4632481371929182e-05,7.389744411578754e-05,54624
3415,0.1774394242092967,0.17716527171432972,0.0027415267658170706,0.12046010047197342,101200,2.460428643603866e-05,7.381285930811597e-05,54640
3416,0.18208984844386578,0.18195622973144054,0.0013361463934415951,0.12046105414628983,98812,2.457610237886502e-05,7.372830713659504e-05,54656
3417,0.22003836184740067,0.21958529762923717,0.00453066315981232,0.12046197801828384,96910,2.4547929212481435e-05,7.364378763744429e-05,54672
3418,0.1627244185656309,0.1625798661261797,0.0014455494238063693,0.12046294659376144,100774,2.4519766948956417e-05,7.355930084686925e-05,54688
3419,0.1405655536800623,0.14027990400791168,0.002856484628864564,0.12046390026807785,102240,2.4491615600353746e-05,7.347484680106123e-05,54704
3420,0.17578771151602268,0.17564306315034628,0.001446505692001665,0.12046486884355545,104434,2.446347517873258e-05,7.339042553619774e-05,54720
3421,0.16502362117171288,0.16488232091069221,0.0014130079216556624,0.12046586722135544,100431,2.4435345696147403e-05,7.33060370884422e-05,54736
3422,0.15482798777520657,0.15445898286998272,0.0036900467821396887,0.12046691030263901,98540,2.4407227164647955e-05,7.322168149394386e-05,54752
3423,0.19009943678975105,0.18993022292852402,0.0016921829083003104,0.12046798318624496,104130,2.4379119596279364e-05,7.313735878883809e-05,54768
3424,0.14641485176980495,0.14619397185742855,0.002208784397225827,0.12046920508146286,102556,2.4351023003081967e-05,7.30530690092459e-05,54784
3425,0.152433424256742,0.15232317615300417,0.0011024923878721893,0.12047043442726135,99799,2.432293739709151e-05,7.296881219127452e-05,54800
3426,0.14828620105981827,0.14805075898766518,0.0023544447612948716,0.12047161161899567,100935,2.4294862790338917e-05,7.288458837101675e-05,54816
3427,0.21421731263399124,0.2138630524277687,0.003542600155924447,0.1204727441072464,96032,2.4266799194850494e-05,7.280039758455147e-05,54832
3428,0.1602238453924656,0.15965861454606056,0.005652334099295331,0.12047389894723892,94266,2.4238746622647802e-05,7.271623986794339e-05,54848
3429,0.15916800871491432,0.15876823663711548,0.00399771080606115,0.12047498673200607,97598,2.421070508574763e-05,7.263211525724288e-05,54864
3430,0.25567854195833206,0.2553948052227497,0.0028373938766890205,0.12047601491212845,101294,2.4182674596162107e-05,7.254802378848631e-05,54880
3431,0.19707592204213142,0.19676968082785606,0.0030623997445218265,0.12047693133354187,96396,2.4154655165898627e-05,7.246396549769587e-05,54896
3432,0.12622149847447872,0.12592744827270508,0.0029404867891571485,0.12047792226076126,90888,2.41266468069598e-05,7.23799404208794e-05,54912
3433,0.2580597884953022,0.2577589079737663,0.0030088431667536497,0.12047885358333588,106611,2.4098649531343497e-05,7.229594859403049e-05,54928
3434,0.1971428981050849,0.19710112921893597,0.00041764361412788276,0.1204797625541687,104966,2.4070663351042883e-05,7.221199005312864e-05,54944
3435,0.2937719114124775,0.2933945469558239,0.003773566902964376,0.12048058211803436,95579,2.404268827804637e-05,7.21280648341391e-05,54960
3436,0.25825329311192036,0.25806409679353237,0.0018919873145932797,0.12048135697841644,101795,2.4014724324337546e-05,7.204417297301263e-05,54976
3437,0.20697250589728355,0.20678269490599632,0.0018980795284733176,0.12048216164112091,103001,2.39867715018953e-05,7.19603145056859e-05,54992
3438,0.20377337001264095,0.20364868640899658,0.0012468317581806332,0.12048301845788956,100137,2.3958829822693758e-05,7.187648946808126e-05,55008
3439,0.1036488339304924,0.10328655689954758,0.0036227898817742243,0.12048393487930298,95743,2.3930899298702207e-05,7.179269789610662e-05,55024
3440,0.21585464105010033,0.21547820419073105,0.0037643830219167285,0.12048482149839401,94370,2.390297994188523e-05,7.170893982565568e-05,55040
3441,0.15954212006181479,0.15918348543345928,0.0035863368248101324,0.12048570066690445,98227,2.3875071764202563e-05,7.162521529260767e-05,55056
3442,0.21207698062062263,0.211955938488245,0.00121040968952002,0.12048656493425369,101371,2.3847174777609212e-05,7.154152433282762e-05,55072
3443,0.140818253159523,0.14067335426807404,0.0014490029570879415,0.12048753350973129,102040,2.3819288994055327e-05,7.145786698216597e-05,55088
3444,0.18912390805780888,0.188990730792284,0.001331799678155221,0.1204884722828865,99304,2.379141442548631e-05,7.137424327645891e-05,55104
3445,0.17944356054067612,0.179224144667387,0.0021941788763797376,0.12048938870429993,96448,2.3763551083842757e-05,7.129065325152826e-05,55120
3446,0.20721220411360264,0.20700903609395027,0.0020316998998168856,0.12049029767513275,98078,2.37356989810604e-05,7.12070969431812e-05,55136
3447,0.19870039075613022,0.19845493510365486,0.0024545551495975815,0.12049118429422379,104219,2.3707858129070222e-05,7.112357438721065e-05,55152
3448,0.24207667633891106,0.24185656756162643,0.0022010909160599113,0.12049201875925064,102094,2.368002853979837e-05,7.10400856193951e-05,55168
3449,0.216926796361804,0.21675307862460613,0.0017372350521327462,0.12049292027950287,101376,2.3652210225166122e-05,7.095663067549836e-05,55184
3450,0.10883760452270508,0.10868402943015099,0.0015357449010480195,0.12049400806427002,101626,2.3624403197089996e-05,7.087320959126997e-05,55200
3451,0.20488526113331318,0.20465590432286263,0.0022935603628866374,0.12049511820077896,100747,2.3596607467481603e-05,7.07898224024448e-05,55216
3452,0.17957881838083267,0.17904439382255077,0.005344189150491729,0.12049613147974014,93451,2.356882304824779e-05,7.070646914474335e-05,55232
3453,0.20466597750782967,0.20440546423196793,0.002605165311251767,0.12049708515405655,98584,2.3541049951290476e-05,7.062314985387142e-05,55248
3454,0.17270340956747532,0.1724847536534071,0.00218655941716861,0.12049798667430878,95299,2.3513288188506797e-05,7.053986456552038e-05,55264
3455,0.2219720557332039,0.22172836586833,0.00243687882903032,0.12049885839223862,102453,2.348553777178903e-05,7.045661331536707e-05,55280
3456,0.23501616716384888,0.2348659373819828,0.0015022558509372175,0.12049982696771622,102054,2.345779871302453e-05,7.037339613907358e-05,55296
3457,0.12007326912134886,0.1198312807828188,0.0024198714454541914,0.12050085514783859,96066,2.343007102409585e-05,7.029021307228755e-05,55312
3458,0.17497114185243845,0.17480731196701527,0.001638270157855004,0.12050184607505798,101255,2.340235471688067e-05,7.0207064150642e-05,55328
3459,0.15598112903535366,0.15564112551510334,0.0033999988227151334,0.1205027773976326,97877,2.3374649803251758e-05,7.012394940975526e-05,55344
3460,0.10230597481131554,0.10180174838751554,0.005042240984039381,0.12050370126962662,96559,2.3346956295076993e-05,7.004086888523098e-05,55360
3461,0.20676776953041553,0.20663435384631157,0.0013341882986424025,0.12050458788871765,103877,2.3319274204219428e-05,6.995782261265827e-05,55376
3462,0.15941722318530083,0.15908999368548393,0.0032723059703130275,0.12050548940896988,98772,2.3291603542537194e-05,6.987481062761157e-05,55392
3463,0.21220113709568977,0.21184385940432549,0.0035728228322113864,0.12050630897283554,99974,2.326394432188349e-05,6.979183296565046e-05,55408
3464,0.1287333443760872,0.1286123599857092,0.0012098478619009256,0.12050716578960419,102441,2.323629655410667e-05,6.970888966232e-05,55424
3465,0.18372349720448256,0.18360308557748795,0.0012041630907333456,0.12050805240869522,102361,2.3208660251050158e-05,6.962598075315046e-05,55440
3466,0.14989429712295532,0.14955686405301094,0.003374327272467781,0.12050896883010864,103347,2.318103542455249e-05,6.954310627365746e-05,55456
3467,0.31206437572836876,0.3118702135980129,0.001941614827956073,0.1205097958445549,98591,2.3153422086447235e-05,6.94602662593417e-05,55472
3468,0.15782575868070126,0.15766046568751335,0.0016529139938938897,0.12051069736480713,96812,2.312582024856306e-05,6.937746074568918e-05,55488
3469,0.15148910880088806,0.15127011388540268,0.0021899876883253455,0.12051162868738174,97761,2.309822992272376e-05,6.929468976817127e-05,55504
3470,0.14695651270449162,0.14667320810258389,0.0028330223576631397,0.12051251530647278,98335,2.30706511207481e-05,6.921195336224429e-05,55520
3471,0.18905906565487385,0.18873799219727516,0.0032107590523082763,0.12051337212324142,96793,2.3043083854449988e-05,6.912925156334995e-05,55536
3472,0.1626092568039894,0.1624683067202568,0.0014094732595708592,0.12051425874233246,98259,2.301552813563837e-05,6.90465844069151e-05,55552
3473,0.2865726239979267,0.28649721294641495,0.0007540511141996831,0.12051516026258469,104246,2.298798397611725e-05,6.896395192835173e-05,55568
3474,0.23908960819244385,0.23893987014889717,0.001497411472200838,0.12051598727703094,103472,2.2960451387685646e-05,6.888135416305692e-05,55584
3475,0.21255147643387318,0.21219700202345848,0.003544725972460583,0.12051677703857422,94103,2.2932930382137668e-05,6.879879114641299e-05,55600
3476,0.15148740075528622,0.15134991332888603,0.0013748831188422628,0.12051758170127869,96990,2.2905420971262432e-05,6.871626291378728e-05,55616
3477,0.24542968533933163,0.24535545706748962,0.0007423158676829189,0.12051838636398315,95841,2.2877923166844074e-05,6.863376950053221e-05,55632
3478,0.17611306346952915,0.17576338350772858,0.003496814679238014,0.12051916122436523,93330,2.2850436980661792e-05,6.855131094198538e-05,55648
3479,0.1915069129317999,0.19134433940052986,0.0016257474198937416,0.12052000313997269,100652,2.2822962424489824e-05,6.846888727346947e-05,55664
3480,0.12787040136754513,0.1273784190416336,0.004919825674733147,0.12052088975906372,96927,2.2795499510097355e-05,6.838649853029206e-05,55680
3481,0.24736510403454304,0.2471545897424221,0.0021051623625680804,0.12052175402641296,98787,2.2768048249248648e-05,6.830414474774594e-05,55696
3482,0.10755576565861702,0.10704233963042498,0.005134257342433557,0.12052261084318161,97508,2.2740608653702938e-05,6.82218259611088e-05,55712
3483,0.21586463041603565,0.2155696041882038,0.0029502433026209474,0.12052343040704727,95969,2.2713180735214505e-05,6.813954220564351e-05,55728
3484,0.08033901453018188,0.08001473732292652,0.0032427770347567275,0.12052439898252487,97673,2.268576450553258e-05,6.805729351659773e-05,55744
3485,0.12966048531234264,0.12938795611262321,0.002725270391238155,0.1205255463719368,102724,2.2658359976401388e-05,6.797507992920415e-05,55760
3486,0.13027098216116428,0.13018429651856422,0.000866841379320249,0.12052680552005768,101579,2.263096715956019e-05,6.789290147868056e-05,55776
3487,0.21415919438004494,0.21395830065011978,0.002008925745030865,0.1205279752612114,97619,2.260358606674316e-05,6.781075820022946e-05,55792
3488,0.22811945155262947,0.22789298743009567,0.0022646333163720556,0.12052923440933228,99866,2.257621670967951e-05,6.772865012903852e-05,55808
3489,0.17722246423363686,0.1770186610519886,0.002038049482507631,0.12053044140338898,97843,2.2548859100093407e-05,6.764657730028021e-05,55824
3490,0.21097075566649437,0.2106379084289074,0.003328481783682946,0.12053155899047852,96001,2.2521513249703995e-05,6.756453974911197e-05,55840
3491,0.12010518833994865,0.1198383430019021,0.0026684422591642942,0.12053265422582626,101393,2.2494179170225333e-05,6.748253751067599e-05,55856
3492,0.1849780511111021,0.1847320832312107,0.002459654613630846,0.12053368240594864,100638,2.2466856873366503e-05,6.740057062009951e-05,55872
3493,0.12593797780573368,0.12565882690250874,0.0027914874808629975,0.12053468078374863,99579,2.24395463708315e-05,6.731863911249449e-05,55888
3494,0.21230394393205643,0.21187125891447067,0.004326888898503967,0.12053558975458145,93515,2.2412247674319254e-05,6.723674302295775e-05,55904
3495,0.1802985891699791,0.17982594668865204,0.004726437968201935,0.12053647637367249,98184,2.2384960795523675e-05,6.715488238657101e-05,55920
3496,0.13793464936316013,0.1374354213476181,0.004992287140339613,0.1205374225974083,96508,2.2357685746133617e-05,6.707305723840084e-05,55936
3497,0.23784935660660267,0.23763800598680973,0.0021134930866537616,0.12053836137056351,99610,2.23304225378328e-05,6.69912676134984e-05,55952
3498,0.20960762724280357,0.20934755355119705,0.002600775149403489,0.12053924798965454,100700,2.2303171182299946e-05,6.690951354689984e-05,55968
3499,0.161899883300066,0.16157202050089836,0.003278647840488702,0.12054013460874557,97510,2.227593169120867e-05,6.6827795073626e-05,55984
3500,0.14870588667690754,0.14841238595545292,0.002934993477538228,0.1205412745475769,97508,2.224870407622751e-05,6.674611222868252e-05,56000
