global_step,post_warmup_step,method,supervised_loss,semantic_auxiliary_loss,unsupervised_loss,lambda_u,accepted_foreground_pixels,accepted_background_pixels,accepted_total_pixels,valid_unlabeled_pixels,accepted_fraction,accepted_foreground_fraction,accepted_background_fraction,confidence_accept_pixels,agreement_accept_pixels,zero_acceptance_event,alpha,encoder_lr,head_lr,labeled_images_seen,unlabeled_images_seen
1001,1,supervised,0.31894978880882263,0.02206402411684394,0.0,0.0,0,0,0,0,0.0,0.0,0.0,0,0,False,0.11259635537862778,9.330127018922194e-05,0.0002799038105676658,8008,0
1002,2,supervised,0.4673999547958374,0.014192919246852398,0.0,0.0,0,0,0,0,0.0,0.0,0.0,0,0,False,0.11260112375020981,9.328489845420842e-05,0.00027985469536262524,8016,0
1003,3,supervised,0.24547019600868225,0.014810193795710802,0.0,0.0,0,0,0,0,0.0,0.0,0.0,0,0,False,0.11260819435119629,9.326850817731951e-05,0.0002798055245319585,8024,0
1004,4,supervised,0.36179205775260925,0.019385517574846745,0.0,0.0,0,0,0,0,0.0,0.0,0.0,0,0,False,0.11261467635631561,9.325209936557628e-05,0.0002797562980967288,8032,0
1005,5,supervised,0.19493978843092918,0.0171973193064332,0.0,0.0,0,0,0,0,0.0,0.0,0.0,0,0,False,0.1126207485795021,9.323567202600776e-05,0.0002797070160780232,8040,0
1006,6,supervised,0.0976339690387249,0.020459297113120556,0.0,0.0,0,0,0,0,0.0,0.0,0.0,0,0,False,0.11262694746255875,9.321922616565088e-05,0.0002796576784969526,8048,0
1007,7,supervised,0.1623971238732338,0.022313390858471394,0.0,0.0,0,0,0,0,0.0,0.0,0.0,0,0,False,0.11263269186019897,9.320276179155052e-05,0.0002796082853746515,8056,0
1008,8,supervised,0.17208342254161835,0.01753098238259554,0.0,0.0,0,0,0,0,0.0,0.0,0.0,0,0,False,0.11263853311538696,9.31862789107595e-05,0.00027955883673227847,8064,0
1009,9,supervised,0.20720111578702927,0.018283243291079998,0.0,0.0,0,0,0,0,0.0,0.0,0.0,0,0,False,0.11264520138502121,9.316977753033859e-05,0.0002795093325910157,8072,0
1010,10,supervised,0.15386523306369781,0.024655451998114586,0.0,0.0,0,0,0,0,0.0,0.0,0.0,0,0,False,0.11265146732330322,9.315325765735642e-05,0.00027945977297206924,8080,0
1011,11,supervised,0.21594175696372986,0.024161970242857933,0.0,0.0,0,0,0,0,0.0,0.0,0.0,0,0,False,0.1126575842499733,9.31367192988896e-05,0.00027941015789666873,8088,0
1012,12,supervised,0.16679029911756516,0.021299592219293118,0.0,0.0,0,0,0,0,0.0,0.0,0.0,0,0,False,0.11266336590051651,9.312016246202262e-05,0.00027936048738606785,8096,0
1013,13,supervised,0.2547038197517395,0.01884129736572504,0.0,0.0,0,0,0,0,0.0,0.0,0.0,0,0,False,0.11266878247261047,9.310358715384793e-05,0.00027931076146154373,8104,0
1014,14,supervised,0.3123621940612793,0.022741859778761864,0.0,0.0,0,0,0,0,0.0,0.0,0.0,0,0,False,0.11267366260290146,9.308699338146583e-05,0.0002792609801443974,8112,0
1015,15,supervised,0.2167893648147583,0.020412970334291458,0.0,0.0,0,0,0,0,0.0,0.0,0.0,0,0,False,0.1126784086227417,9.307038115198458e-05,0.00027921114345595373,8120,0
1016,16,supervised,0.13444702327251434,0.024724092334508896,0.0,0.0,0,0,0,0,0.0,0.0,0.0,0,0,False,0.11268337070941925,9.305375047252037e-05,0.000279161251417561,8128,0
1017,17,supervised,0.2807385250926018,0.01672085653990507,0.0,0.0,0,0,0,0,0.0,0.0,0.0,0,0,False,0.11268804222345352,9.30371013501972e-05,0.0002791113040505915,8136,0
1018,18,supervised,0.34181585907936096,0.017132364213466644,0.0,0.0,0,0,0,0,0.0,0.0,0.0,0,0,False,0.11269249767065048,9.302043379214703e-05,0.00027906130137644105,8144,0
1019,19,supervised,0.2509574294090271,0.024793513119220734,0.0,0.0,0,0,0,0,0.0,0.0,0.0,0,0,False,0.11269649863243103,9.300374780550974e-05,0.00027901124341652914,8152,0
1020,20,supervised,0.20349545776844025,0.019553507678210735,0.0,0.0,0,0,0,0,0.0,0.0,0.0,0,0,False,0.11270050704479218,9.298704339743308e-05,0.00027896113019229915,8160,0
1021,21,supervised,0.24000520259141922,0.01602508034557104,0.0,0.0,0,0,0,0,0.0,0.0,0.0,0,0,False,0.11270439624786377,9.297032057507264e-05,0.0002789109617252179,8168,0
1022,22,supervised,0.13417669385671616,0.01717523206025362,0.0,0.0,0,0,0,0,0.0,0.0,0.0,0,0,False,0.11270894855260849,9.295357934559198e-05,0.0002788607380367759,8176,0
1023,23,supervised,0.103958860039711,0.020725278183817863,0.0,0.0,0,0,0,0,0.0,0.0,0.0,0,0,False,0.11271316558122635,9.293681971616252e-05,0.00027881045914848756,8184,0
1024,24,supervised,0.1763012930750847,0.01581649761646986,0.0,0.0,0,0,0,0,0.0,0.0,0.0,0,0,False,0.11271726340055466,9.292004169396356e-05,0.0002787601250818906,8192,0
1025,25,supervised,0.10075276345014572,0.020491955801844597,0.0,0.0,0,0,0,0,0.0,0.0,0.0,0,0,False,0.11272115260362625,9.290324528618224e-05,0.00027870973585854665,8200,0
1026,26,supervised,0.15565844625234604,0.023851764388382435,0.0,0.0,0,0,0,0,0.0,0.0,0.0,0,0,False,0.11272475123405457,9.288643050001361e-05,0.0002786592915000408,8208,0
1027,27,supervised,0.21430649608373642,0.01683740084990859,0.0,0.0,0,0,0,0,0.0,0.0,0.0,0,0,False,0.11272885650396347,9.286959734266061e-05,0.0002786087920279818,8216,0
1028,28,supervised,0.2640971317887306,0.019707740284502506,0.0,0.0,0,0,0,0,0.0,0.0,0.0,0,0,False,0.11273284256458282,9.285274582133401e-05,0.000278558237464002,8224,0
1029,29,supervised,0.179988332092762,0.017835142090916634,0.0,0.0,0,0,0,0,0.0,0.0,0.0,0,0,False,0.11273745447397232,9.283587594325249e-05,0.0002785076278297574,8232,0
1030,30,supervised,0.17557308450341225,0.018866618163883686,0.0,0.0,0,0,0,0,0.0,0.0,0.0,0,0,False,0.11274221539497375,9.281898771564254e-05,0.0002784569631469276,8240,0
1031,31,supervised,0.21255706623196602,0.021931605879217386,0.0,0.0,0,0,0,0,0.0,0.0,0.0,0,0,False,0.11274678260087967,9.280208114573859e-05,0.00027840624343721573,8248,0
1032,32,supervised,0.16950390487909317,0.021139329764992,0.0,0.0,0,0,0,0,0.0,0.0,0.0,0,0,False,0.11275170743465424,9.278515624078282e-05,0.0002783554687223484,8256,0
1033,33,supervised,0.14945495128631592,0.020880158990621567,0.0,0.0,0,0,0,0,0.0,0.0,0.0,0,0,False,0.1127561703324318,9.276821300802534e-05,0.000278304639024076,8264,0
1034,34,supervised,0.1998480260372162,0.018021010793745518,0.0,0.0,0,0,0,0,0.0,0.0,0.0,0,0,False,0.11276096105575562,9.27512514547241e-05,0.00027825375436417226,8272,0
1035,35,supervised,0.1445240080356598,0.01669912552461028,0.0,0.0,0,0,0,0,0.0,0.0,0.0,0,0,False,0.11276579648256302,9.27342715881449e-05,0.00027820281476443465,8280,0
1036,36,supervised,0.24515566229820251,0.020200413651764393,0.0,0.0,0,0,0,0,0.0,0.0,0.0,0,0,False,0.1127699464559555,9.271727341556135e-05,0.000278151820246684,8288,0
1037,37,supervised,0.2646506205201149,0.01483707269653678,0.0,0.0,0,0,0,0,0.0,0.0,0.0,0,0,False,0.11277411878108978,9.270025694425497e-05,0.0002781007708327649,8296,0
1038,38,supervised,0.1967623382806778,0.02186185773462057,0.0,0.0,0,0,0,0,0.0,0.0,0.0,0,0,False,0.11277786642313004,9.268322218151501e-05,0.00027804966654454503,8304,0
1039,39,supervised,0.2194114327430725,0.019643057137727737,0.0,0.0,0,0,0,0,0.0,0.0,0.0,0,0,False,0.11278168857097626,9.266616913463869e-05,0.00027799850740391603,8312,0
1040,40,supervised,0.2729387506842613,0.01711296522989869,0.0,0.0,0,0,0,0,0.0,0.0,0.0,0,0,False,0.11278551071882248,9.264909781093094e-05,0.00027794729343279283,8320,0
1041,41,supervised,0.21491922065615654,0.018951344303786755,0.0,0.0,0,0,0,0,0.0,0.0,0.0,0,0,False,0.11278948932886124,9.263200821770461e-05,0.0002778960246531138,8328,0
1042,42,supervised,0.20626628398895264,0.018266398459672928,0.0,0.0,0,0,0,0,0.0,0.0,0.0,0,0,False,0.1127932146191597,9.261490036228033e-05,0.00027784470108684094,8336,0
1043,43,supervised,0.14198008179664612,0.021015404723584652,0.0,0.0,0,0,0,0,0.0,0.0,0.0,0,0,False,0.1127975806593895,9.259777425198655e-05,0.00027779332275595963,8344,0
1044,44,supervised,0.30186615139245987,0.015416139736771584,0.0,0.0,0,0,0,0,0.0,0.0,0.0,0,0,False,0.11280204355716705,9.258062989415955e-05,0.0002777418896824786,8352,0
1045,45,supervised,0.08130022883415222,0.016282447148114443,0.0,0.0,0,0,0,0,0.0,0.0,0.0,0,0,False,0.11280674487352371,9.256346729614342e-05,0.00027769040188843023,8360,0
1046,46,supervised,0.21681810915470123,0.01500740135088563,0.0,0.0,0,0,0,0,0.0,0.0,0.0,0,0,False,0.11281178146600723,9.25462864652901e-05,0.0002776388593958703,8368,0
1047,47,supervised,0.28418684005737305,0.017855582758784294,0.0,0.0,0,0,0,0,0.0,0.0,0.0,0,0,False,0.11281640082597733,9.252908740895931e-05,0.0002775872622268779,8376,0
1048,48,supervised,0.25514011830091476,0.0196377020329237,0.0,0.0,0,0,0,0,0.0,0.0,0.0,0,0,False,0.11282073706388474,9.251187013451857e-05,0.00027753561040355564,8384,0
1049,49,supervised,0.1929442137479782,0.016572454012930393,0.0,0.0,0,0,0,0,0.0,0.0,0.0,0,0,False,0.11282529681921005,9.249463464934321e-05,0.0002774839039480296,8392,0
1050,50,supervised,0.20954231917858124,0.022809652611613274,0.0,0.0,0,0,0,0,0.0,0.0,0.0,0,0,False,0.11282959580421448,9.247738096081635e-05,0.000277432142882449,8400,0
1051,51,supervised,0.20069755241274834,0.01630611391738057,0.0,0.0,0,0,0,0,0.0,0.0,0.0,0,0,False,0.1128338947892189,9.246010907632895e-05,0.00027738032722898683,8408,0
1052,52,supervised,0.23490890115499496,0.02339673601090908,0.0,0.0,0,0,0,0,0.0,0.0,0.0,0,0,False,0.11283785104751587,9.244281900327973e-05,0.0002773284570098391,8416,0
1053,53,supervised,0.1647278554737568,0.023022597655653954,0.0,0.0,0,0,0,0,0.0,0.0,0.0,0,0,False,0.11284170299768448,9.242551074907519e-05,0.00027727653224722553,8424,0
1054,54,supervised,0.26277025789022446,0.014382799621671438,0.0,0.0,0,0,0,0,0.0,0.0,0.0,0,0,False,0.11284583061933517,9.240818432112965e-05,0.0002772245529633889,8432,0
1055,55,supervised,0.22310302406549454,0.017833088990300894,0.0,0.0,0,0,0,0,0.0,0.0,0.0,0,0,False,0.11284995824098587,9.23908397268652e-05,0.0002771725191805956,8440,0
1056,56,supervised,0.163615133613348,0.021212123334407806,0.0,0.0,0,0,0,0,0.0,0.0,0.0,0,0,False,0.11285439133644104,9.237347697371173e-05,0.00027712043092113515,8448,0
1057,57,supervised,0.15677621960639954,0.020844459533691406,0.0,0.0,0,0,0,0,0.0,0.0,0.0,0,0,False,0.11285889148712158,9.235609606910687e-05,0.0002770682882073206,8456,0
1058,58,supervised,0.17463426291942596,0.02116372622549534,0.0,0.0,0,0,0,0,0.0,0.0,0.0,0,0,False,0.11286323517560959,9.233869702049605e-05,0.0002770160910614881,8464,0
1059,59,supervised,0.24767854809761047,0.01773973647505045,0.0,0.0,0,0,0,0,0.0,0.0,0.0,0,0,False,0.11286737024784088,9.232127983533246e-05,0.00027696383950599735,8472,0
1060,60,supervised,0.2249269187450409,0.01778509560972452,0.0,0.0,0,0,0,0,0.0,0.0,0.0,0,0,False,0.11287153512239456,9.23038445210771e-05,0.00027691153356323127,8480,0
1061,61,supervised,0.2568198889493942,0.016305997967720032,0.0,0.0,0,0,0,0,0.0,0.0,0.0,0,0,False,0.1128758117556572,9.228639108519868e-05,0.00027685917325559597,8488,0
1062,62,supervised,0.1872817538678646,0.020562894642353058,0.0,0.0,0,0,0,0,0.0,0.0,0.0,0,0,False,0.11287987232208252,9.226891953517369e-05,0.00027680675860552106,8496,0
1063,63,supervised,0.2574874311685562,0.018457979895174503,0.0,0.0,0,0,0,0,0.0,0.0,0.0,0,0,False,0.11288390308618546,9.22514298784864e-05,0.00027675428963545916,8504,0
1064,64,supervised,0.2672342211008072,0.016319515183568,0.0,0.0,0,0,0,0,0.0,0.0,0.0,0,0,False,0.11288779228925705,9.223392212262885e-05,0.0002767017663678865,8512,0
1065,65,supervised,0.18186885118484497,0.017253285739570856,0.0,0.0,0,0,0,0,0.0,0.0,0.0,0,0,False,0.11289264261722565,9.221639627510076e-05,0.00027664918882530225,8520,0
1066,66,supervised,0.16630233079195023,0.020435008220374584,0.0,0.0,0,0,0,0,0.0,0.0,0.0,0,0,False,0.11289714276790619,9.219885234340967e-05,0.00027659655703022896,8528,0
1067,67,supervised,0.2338126003742218,0.015042240731418133,0.0,0.0,0,0,0,0,0.0,0.0,0.0,0,0,False,0.11290264874696732,9.218129033507084e-05,0.0002765438710052125,8536,0
1068,68,supervised,0.1742887869477272,0.02410260960459709,0.0,0.0,0,0,0,0,0.0,0.0,0.0,0,0,False,0.11290761828422546,9.216371025760728e-05,0.0002764911307728218,8544,0
1069,69,supervised,0.29952535033226013,0.01575938519090414,0.0,0.0,0,0,0,0,0.0,0.0,0.0,0,0,False,0.11291223019361496,9.214611211854974e-05,0.00027643833635564917,8552,0
1070,70,supervised,0.19303500652313232,0.02124783955514431,0.0,0.0,0,0,0,0,0.0,0.0,0.0,0,0,False,0.11291659623384476,9.212849592543667e-05,0.00027638548777631,8560,0
1071,71,supervised,0.1631774827837944,0.015523066744208336,0.0,0.0,0,0,0,0,0.0,0.0,0.0,0,0,False,0.11292189359664917,9.211086168581433e-05,0.00027633258505744293,8568,0
1072,72,supervised,0.19580218568444252,0.01764837186783552,0.0,0.0,0,0,0,0,0.0,0.0,0.0,0,0,False,0.11292712390422821,9.209320940723664e-05,0.0002762796282217099,8576,0
1073,73,supervised,0.3035879582166672,0.020095720887184143,0.0,0.0,0,0,0,0,0.0,0.0,0.0,0,0,False,0.11293189227581024,9.207553909726531e-05,0.00027622661729179593,8584,0
1074,74,supervised,0.15767936408519745,0.02268211543560028,0.0,0.0,0,0,0,0,0.0,0.0,0.0,0,0,False,0.11293646693229675,9.205785076346971e-05,0.0002761735522904091,8592,0
1075,75,supervised,0.16992239654064178,0.02750792447477579,0.0,0.0,0,0,0,0,0.0,0.0,0.0,0,0,False,0.11294074356555939,9.204014441342697e-05,0.00027612043324028087,8600,0
1076,76,supervised,0.20455414801836014,0.01977395173162222,0.0,0.0,0,0,0,0,0.0,0.0,0.0,0,0,False,0.1129455640912056,9.20224200547219e-05,0.00027606726016416567,8608,0
1077,77,supervised,0.31756313145160675,0.017545397393405437,0.0,0.0,0,0,0,0,0.0,0.0,0.0,0,0,False,0.1129503920674324,9.20046776949471e-05,0.0002760140330848412,8616,0
1078,78,supervised,0.29389092326164246,0.01717326045036316,0.0,0.0,0,0,0,0,0.0,0.0,0.0,0,0,False,0.11295527219772339,9.19869173417028e-05,0.00027596075202510837,8624,0
1079,79,supervised,0.2688465639948845,0.021938227117061615,0.0,0.0,0,0,0,0,0.0,0.0,0.0,0,0,False,0.1129595935344696,9.196913900259698e-05,0.0002759074170077909,8632,0
1080,80,supervised,0.18532898277044296,0.015384322497993708,0.0,0.0,0,0,0,0,0.0,0.0,0.0,0,0,False,0.11296554654836655,9.195134268524532e-05,0.0002758540280557359,8640,0
1081,81,supervised,0.22856473177671432,0.015830229967832565,0.0,0.0,0,0,0,0,0.0,0.0,0.0,0,0,False,0.11297141015529633,9.193352839727121e-05,0.0002758005851918136,8648,0
1082,82,supervised,0.20917993783950806,0.019226779229938984,0.0,0.0,0,0,0,0,0.0,0.0,0.0,0,0,False,0.1129767894744873,9.191569614630568e-05,0.000275747088438917,8656,0
1083,83,supervised,0.288624107837677,0.015458912122994661,0.0,0.0,0,0,0,0,0.0,0.0,0.0,0,0,False,0.11298276484012604,9.189784593998757e-05,0.00027569353781996264,8664,0
1084,84,supervised,0.19363685697317123,0.017675643786787987,0.0,0.0,0,0,0,0,0.0,0.0,0.0,0,0,False,0.11298911273479462,9.187997778596326e-05,0.0002756399333578897,8672,0
1085,85,supervised,0.18230682983994484,0.017176756635308266,0.0,0.0,0,0,0,0,0.0,0.0,0.0,0,0,False,0.11299578100442886,9.186209169188695e-05,0.00027558627507566084,8680,0
1086,86,supervised,0.14961079508066177,0.01934937573969364,0.0,0.0,0,0,0,0,0.0,0.0,0.0,0,0,False,0.11300206929445267,9.184418766542047e-05,0.00027553256299626136,8688,0
1087,87,supervised,0.20356525480747223,0.016007615718990564,0.0,0.0,0,0,0,0,0.0,0.0,0.0,0,0,False,0.11300856620073318,9.182626571423333e-05,0.00027547879714269995,8696,0
1088,88,supervised,0.20252012461423874,0.020479487255215645,0.0,0.0,0,0,0,0,0.0,0.0,0.0,0,0,False,0.11301437765359879,9.180832584600271e-05,0.00027542497753800814,8704,0
1089,89,supervised,0.1951753869652748,0.01829982129856944,0.0,0.0,0,0,0,0,0.0,0.0,0.0,0,0,False,0.11301994323730469,9.179036806841353e-05,0.0002753711042052405,8712,0
1090,90,supervised,0.1934756636619568,0.017606708221137524,0.0,0.0,0,0,0,0,0.0,0.0,0.0,0,0,False,0.11302538216114044,9.177239238915826e-05,0.0002753171771674748,8720,0
1091,91,supervised,0.1906474307179451,0.0174470916390419,0.0,0.0,0,0,0,0,0.0,0.0,0.0,0,0,False,0.11303054541349411,9.175439881593716e-05,0.00027526319644781145,8728,0
1092,92,supervised,0.18108854442834854,0.01762619987130165,0.0,0.0,0,0,0,0,0.0,0.0,0.0,0,0,False,0.11303580552339554,9.173638735645808e-05,0.0002752091620693742,8736,0
1093,93,supervised,0.2618710622191429,0.01893670205026865,0.0,0.0,0,0,0,0,0.0,0.0,0.0,0,0,False,0.11304069310426712,9.171835801843658e-05,0.00027515507405530975,8744,0
1094,94,supervised,0.1836225464940071,0.015274051111191511,0.0,0.0,0,0,0,0,0.0,0.0,0.0,0,0,False,0.11304553598165512,9.170031080959584e-05,0.0002751009324287875,8752,0
1095,95,supervised,0.10102266445755959,0.02135754842311144,0.0,0.0,0,0,0,0,0.0,0.0,0.0,0,0,False,0.11305025964975357,9.168224573766673e-05,0.00027504673721300015,8760,0
1096,96,supervised,0.24580387026071548,0.01583144161850214,0.0,0.0,0,0,0,0,0.0,0.0,0.0,0,0,False,0.11305487155914307,9.166416281038773e-05,0.00027499248843116314,8768,0
1097,97,supervised,0.10157014429569244,0.02350587584078312,0.0,0.0,0,0,0,0,0.0,0.0,0.0,0,0,False,0.11305969953536987,9.164606203550497e-05,0.00027493818610651487,8776,0
1098,98,supervised,0.3170538693666458,0.016188567504286766,0.0,0.0,0,0,0,0,0.0,0.0,0.0,0,0,False,0.11306453496217728,9.16279434207723e-05,0.00027488383026231687,8784,0
1099,99,supervised,0.3078464865684509,0.021256140433251858,0.0,0.0,0,0,0,0,0.0,0.0,0.0,0,0,False,0.11306928843259811,9.160980697395115e-05,0.0002748294209218534,8792,0
1100,100,supervised,0.3021436333656311,0.02216019295156002,0.0,0.0,0,0,0,0,0.0,0.0,0.0,0,0,False,0.11307355016469955,9.159165270281057e-05,0.00027477495810843166,8800,0
1101,101,supervised,0.21381758898496628,0.017389063723385334,0.0,0.0,0,0,0,0,0.0,0.0,0.0,0,0,False,0.11307787895202637,9.157348061512727e-05,0.0002747204418453818,8808,0
1102,102,supervised,0.3580557405948639,0.016577367205172777,0.0,0.0,0,0,0,0,0.0,0.0,0.0,0,0,False,0.11308205872774124,9.155529071868562e-05,0.0002746658721560568,8816,0
1103,103,supervised,0.23795990645885468,0.015480061993002892,0.0,0.0,0,0,0,0,0.0,0.0,0.0,0,0,False,0.11308636516332626,9.153708302127758e-05,0.0002746112490638327,8824,0
1104,104,supervised,0.24440127611160278,0.016618848778307438,0.0,0.0,0,0,0,0,0.0,0.0,0.0,0,0,False,0.11309056729078293,9.151885753070277e-05,0.00027455657259210824,8832,0
1105,105,supervised,0.24800747632980347,0.016855723690241575,0.0,0.0,0,0,0,0,0.0,0.0,0.0,0,0,False,0.11309483647346497,9.150061425476838e-05,0.0002745018427643051,8840,0
1106,106,supervised,0.2222365401685238,0.019461392425000668,0.0,0.0,0,0,0,0,0.0,0.0,0.0,0,0,False,0.1130988672375679,9.148235320128926e-05,0.0002744470596038677,8848,0
1107,107,supervised,0.18380874395370483,0.017129551619291306,0.0,0.0,0,0,0,0,0.0,0.0,0.0,0,0,False,0.1131029799580574,9.146407437808788e-05,0.0002743922231342636,8856,0
1108,108,supervised,0.26703058928251266,0.01604855339974165,0.0,0.0,0,0,0,0,0.0,0.0,0.0,0,0,False,0.1131073534488678,9.144577779299431e-05,0.0002743373333789829,8864,0
1109,109,supervised,0.22409187257289886,0.018536885268986225,0.0,0.0,0,0,0,0,0.0,0.0,0.0,0,0,False,0.11311190575361252,9.142746345384619e-05,0.0002742823903615385,8872,0
1110,110,supervised,0.18289929628372192,0.019130517728626728,0.0,0.0,0,0,0,0,0.0,0.0,0.0,0,0,False,0.11311701685190201,9.140913136848883e-05,0.00027422739410546646,8880,0
1111,111,supervised,0.08907389640808105,0.020526587963104248,0.0,0.0,0,0,0,0,0.0,0.0,0.0,0,0,False,0.11312190443277359,9.139078154477512e-05,0.0002741723446343253,8888,0
1112,112,supervised,0.19014529883861542,0.015577354934066534,0.0,0.0,0,0,0,0,0.0,0.0,0.0,0,0,False,0.11312676221132278,9.137241399056551e-05,0.00027411724197169647,8896,0
1113,113,supervised,0.31844666600227356,0.01827095076441765,0.0,0.0,0,0,0,0,0.0,0.0,0.0,0,0,False,0.1131313219666481,9.135402871372808e-05,0.00027406208614118424,8904,0
1114,114,supervised,0.20564129948616028,0.021527964621782303,0.0,0.0,0,0,0,0,0.0,0.0,0.0,0,0,False,0.11313550919294357,9.133562572213855e-05,0.0002740068771664156,8912,0
1115,115,supervised,0.12328410148620605,0.02227123361080885,0.0,0.0,0,0,0,0,0.0,0.0,0.0,0,0,False,0.11313938349485397,9.131720502368013e-05,0.00027395161507104036,8920,0
1116,116,supervised,0.2646934613585472,0.01802362035959959,0.0,0.0,0,0,0,0,0.0,0.0,0.0,0,0,False,0.11314304172992706,9.129876662624365e-05,0.00027389629987873093,8928,0
1117,117,supervised,0.340090736746788,0.020051566883921623,0.0,0.0,0,0,0,0,0.0,0.0,0.0,0,0,False,0.11314630508422852,9.128031053772759e-05,0.0002738409316131827,8936,0
1118,118,supervised,0.2026640996336937,0.017667977139353752,0.0,0.0,0,0,0,0,0.0,0.0,0.0,0,0,False,0.11314944177865982,9.12618367660379e-05,0.0002737855102981137,8944,0
1119,119,supervised,0.22601202875375748,0.01604373613372445,0.0,0.0,0,0,0,0,0.0,0.0,0.0,0,0,False,0.11315397918224335,9.124334531908818e-05,0.0002737300359572645,8952,0
1120,120,supervised,0.21204912289977074,0.019291951321065426,0.0,0.0,0,0,0,0,0.0,0.0,0.0,0,0,False,0.11315825581550598,9.122483620479957e-05,0.00027367450861439865,8960,0
1121,121,supervised,0.24682123959064484,0.01614774577319622,0.0,0.0,0,0,0,0,0.0,0.0,0.0,0,0,False,0.11316249519586563,9.120630943110077e-05,0.0002736189282933023,8968,0
1122,122,supervised,0.26385781913995743,0.02013556659221649,0.0,0.0,0,0,0,0,0.0,0.0,0.0,0,0,False,0.11316673457622528,9.118776500592812e-05,0.0002735632950177843,8976,0
1123,123,supervised,0.15705173462629318,0.015357501804828644,0.0,0.0,0,0,0,0,0.0,0.0,0.0,0,0,False,0.11317119002342224,9.116920293722541e-05,0.0002735076088116762,8984,0
1124,124,supervised,0.23714594542980194,0.017042897641658783,0.0,0.0,0,0,0,0,0.0,0.0,0.0,0,0,False,0.11317546665668488,9.115062323294406e-05,0.0002734518696988321,8992,0
1125,125,supervised,0.15727070346474648,0.01900247111916542,0.0,0.0,0,0,0,0,0.0,0.0,0.0,0,0,False,0.11318008601665497,9.1132025901043e-05,0.00027339607770312895,9000,0
1126,126,supervised,0.21084370464086533,0.016848732717335224,0.0,0.0,0,0,0,0,0.0,0.0,0.0,0,0,False,0.11318442225456238,9.111341094948876e-05,0.0002733402328484662,9008,0
1127,127,supervised,0.31704747676849365,0.017579378560185432,0.0,0.0,0,0,0,0,0.0,0.0,0.0,0,0,False,0.11318852752447128,9.10947783862554e-05,0.00027328433515876613,9016,0
1128,128,supervised,0.2541169971227646,0.0184142729267478,0.0,0.0,0,0,0,0,0.0,0.0,0.0,0,0,False,0.11319221556186676,9.10761282193245e-05,0.0002732283846579735,9024,0
1129,129,supervised,0.1113526038825512,0.01519987266510725,0.0,0.0,0,0,0,0,0.0,0.0,0.0,0,0,False,0.11319585889577866,9.105746045668521e-05,0.00027317238137005556,9032,0
1130,130,supervised,0.07623951137065887,0.01809822302311659,0.0,0.0,0,0,0,0,0.0,0.0,0.0,0,0,False,0.11319954693317413,9.10387751063342e-05,0.00027311632531900254,9040,0
1131,131,supervised,0.18476662784814835,0.01732716429978609,0.0,0.0,0,0,0,0,0.0,0.0,0.0,0,0,False,0.11320317536592484,9.102007217627568e-05,0.00027306021652882703,9048,0
1132,132,supervised,0.22887112200260162,0.02705693617463112,0.0,0.0,0,0,0,0,0.0,0.0,0.0,0,0,False,0.11320626735687256,9.10013516745214e-05,0.0002730040550235642,9056,0
1133,133,supervised,0.18062245100736618,0.024437912739813328,0.0,0.0,0,0,0,0,0.0,0.0,0.0,0,0,False,0.11320918798446655,9.098261360909064e-05,0.0002729478408272719,9064,0
1134,134,supervised,0.3189573436975479,0.020722584798932076,0.0,0.0,0,0,0,0,0.0,0.0,0.0,0,0,False,0.11321193724870682,9.096385798801015e-05,0.0002728915739640304,9072,0
1135,135,supervised,0.17963668704032898,0.020365954376757145,0.0,0.0,0,0,0,0,0.0,0.0,0.0,0,0,False,0.11321506649255753,9.094508481931427e-05,0.0002728352544579428,9080,0
1136,136,supervised,0.3095782995223999,0.01968494988977909,0.0,0.0,0,0,0,0,0.0,0.0,0.0,0,0,False,0.11321832984685898,9.092629411104483e-05,0.00027277888233313445,9088,0
1137,137,supervised,0.17009245976805687,0.020318442955613136,0.0,0.0,0,0,0,0,0.0,0.0,0.0,0,0,False,0.11322163045406342,9.090748587125118e-05,0.0002727224576137535,9096,0
1138,138,supervised,0.1553969532251358,0.016300254501402378,0.0,0.0,0,0,0,0,0.0,0.0,0.0,0,0,False,0.11322593688964844,9.088866010799015e-05,0.00027266598032397044,9104,0
1139,139,supervised,0.26936476677656174,0.017322631552815437,0.0,0.0,0,0,0,0,0.0,0.0,0.0,0,0,False,0.11323017627000809,9.086981682932612e-05,0.0002726094504879783,9112,0
1140,140,supervised,0.17358621209859848,0.016949418932199478,0.0,0.0,0,0,0,0,0.0,0.0,0.0,0,0,False,0.11323504894971848,9.085095604333093e-05,0.00027255286812999277,9120,0
1141,141,supervised,0.14176570251584053,0.01716385781764984,0.0,0.0,0,0,0,0,0.0,0.0,0.0,0,0,False,0.11324018239974976,9.083207775808396e-05,0.0002724962332742518,9128,0
1142,142,supervised,0.26669855415821075,0.02199619309976697,0.0,0.0,0,0,0,0,0.0,0.0,0.0,0,0,False,0.11324485391378403,9.081318198167204e-05,0.0002724395459450161,9136,0
1143,143,supervised,0.16129837930202484,0.018081064336001873,0.0,0.0,0,0,0,0,0.0,0.0,0.0,0,0,False,0.11324973404407501,9.079426872218957e-05,0.00027238280616656866,9144,0
1144,144,supervised,0.1977955624461174,0.01852712407708168,0.0,0.0,0,0,0,0,0.0,0.0,0.0,0,0,False,0.11325438320636749,9.077533798773834e-05,0.000272326013963215,9152,0
1145,145,supervised,0.19982083141803741,0.016483268700540066,0.0,0.0,0,0,0,0,0.0,0.0,0.0,0,0,False,0.11325903236865997,9.075638978642771e-05,0.0002722691693592831,9160,0
1146,146,supervised,0.272809661924839,0.019098570104688406,0.0,0.0,0,0,0,0,0.0,0.0,0.0,0,0,False,0.11326330900192261,9.073742412637446e-05,0.00027221227237912335,9168,0
1147,147,supervised,0.14731870219111443,0.018694337457418442,0.0,0.0,0,0,0,0,0.0,0.0,0.0,0,0,False,0.11326728761196136,9.071844101570291e-05,0.0002721553230471087,9176,0
1148,148,supervised,0.2670360878109932,0.01536876941099763,0.0,0.0,0,0,0,0,0.0,0.0,0.0,0,0,False,0.11327298730611801,9.06994404625448e-05,0.00027209832138763436,9184,0
1149,149,supervised,0.1560148224234581,0.01659449376165867,0.0,0.0,0,0,0,0,0.0,0.0,0.0,0,0,False,0.11327861994504929,9.068042247503936e-05,0.00027204126742511807,9192,0
1150,150,supervised,0.19625812768936157,0.01616920717060566,0.0,0.0,0,0,0,0,0.0,0.0,0.0,0,0,False,0.11328408122062683,9.06613870613333e-05,0.0002719841611839998,9200,0
1151,151,supervised,0.1519310474395752,0.016939514316618443,0.0,0.0,0,0,0,0,0.0,0.0,0.0,0,0,False,0.11328970640897751,9.064233422958077e-05,0.0002719270026887423,9208,0
1152,152,supervised,0.15935926884412766,0.016718056984245777,0.0,0.0,0,0,0,0,0.0,0.0,0.0,0,0,False,0.11329565942287445,9.06232639879434e-05,0.0002718697919638302,9216,0
1153,153,supervised,0.1291210949420929,0.01884231250733137,0.0,0.0,0,0,0,0,0.0,0.0,0.0,0,0,False,0.11330214142799377,9.060417634459031e-05,0.0002718125290337709,9224,0
1154,154,supervised,0.19304965808987617,0.018224732484668493,0.0,0.0,0,0,0,0,0.0,0.0,0.0,0,0,False,0.11330822110176086,9.058507130769803e-05,0.000271755213923094,9232,0
1155,155,supervised,0.2986242100596428,0.015067935921251774,0.0,0.0,0,0,0,0,0.0,0.0,0.0,0,0,False,0.11331389844417572,9.05659488854505e-05,0.00027169784665635147,9240,0
1156,156,supervised,0.2184641882777214,0.023495257832109928,0.0,0.0,0,0,0,0,0.0,0.0,0.0,0,0,False,0.113319031894207,9.054680908603922e-05,0.00027164042725811763,9248,0
1157,157,supervised,0.31554414331912994,0.015851097647100687,0.0,0.0,0,0,0,0,0.0,0.0,0.0,0,0,False,0.11332367360591888,9.052765191766304e-05,0.0002715829557529891,9256,0
1158,158,supervised,0.16144967079162598,0.02192665822803974,0.0,0.0,0,0,0,0,0.0,0.0,0.0,0,0,False,0.11332979798316956,9.05084773885283e-05,0.00027152543216558484,9264,0
1159,159,supervised,0.29246655106544495,0.01725437305867672,0.0,0.0,0,0,0,0,0.0,0.0,0.0,0,0,False,0.11333545297384262,9.048928550684873e-05,0.0002714678565205462,9272,0
1160,160,supervised,0.27074095606803894,0.02653675153851509,0.0,0.0,0,0,0,0,0.0,0.0,0.0,0,0,False,0.11334040015935898,9.047007628084555e-05,0.00027141022884253664,9280,0
1161,161,supervised,0.08305134996771812,0.01941073313355446,0.0,0.0,0,0,0,0,0.0,0.0,0.0,0,0,False,0.11334522068500519,9.045084971874738e-05,0.0002713525491562421,9288,0
1162,162,supervised,0.0963355153799057,0.016062874346971512,0.0,0.0,0,0,0,0,0.0,0.0,0.0,0,0,False,0.11334991455078125,9.043160582879025e-05,0.00027129481748637075,9296,0
1163,163,supervised,0.12440293282270432,0.017781684175133705,0.0,0.0,0,0,0,0,0.0,0.0,0.0,0,0,False,0.11335569620132446,9.041234461921766e-05,0.0002712370338576529,9304,0
1164,164,supervised,0.26037584245204926,0.01918891631066799,0.0,0.0,0,0,0,0,0.0,0.0,0.0,0,0,False,0.11336109787225723,9.039306609828047e-05,0.00027117919829484135,9312,0
1165,165,supervised,0.21445830911397934,0.015062123537063599,0.0,0.0,0,0,0,0,0.0,0.0,0.0,0,0,False,0.11336721479892731,9.0373770274237e-05,0.0002711213108227109,9320,0
1166,166,supervised,0.14617912471294403,0.01704050414264202,0.0,0.0,0,0,0,0,0.0,0.0,0.0,0,0,False,0.11337307095527649,9.035445715535298e-05,0.0002710633714660589,9328,0
1167,167,supervised,0.20135768502950668,0.015708375722169876,0.0,0.0,0,0,0,0,0.0,0.0,0.0,0,0,False,0.11337883770465851,9.03351267499015e-05,0.00027100538024970444,9336,0
1168,168,supervised,0.24004095792770386,0.016958769410848618,0.0,0.0,0,0,0,0,0.0,0.0,0.0,0,0,False,0.11338455229997635,9.031577906616314e-05,0.00027094733719848935,9344,0
1169,169,supervised,0.1396460458636284,0.020234758034348488,0.0,0.0,0,0,0,0,0.0,0.0,0.0,0,0,False,0.11338995397090912,9.029641411242579e-05,0.0002708892423372774,9352,0
1170,170,supervised,0.20973112434148788,0.01911311410367489,0.0,0.0,0,0,0,0,0.0,0.0,0.0,0,0,False,0.11339503526687622,9.027703189698483e-05,0.0002708310956909544,9360,0
1171,171,supervised,0.33525074273347855,0.017706445418298244,0.0,0.0,0,0,0,0,0.0,0.0,0.0,0,0,False,0.11339990049600601,9.025763242814291e-05,0.0002707728972844287,9368,0
1172,172,supervised,0.2387414500117302,0.01647213287651539,0.0,0.0,0,0,0,0,0.0,0.0,0.0,0,0,False,0.11340458691120148,9.023821571421023e-05,0.00027071464714263063,9376,0
1173,173,supervised,0.1437193639576435,0.016411846037954092,0.0,0.0,0,0,0,0,0.0,0.0,0.0,0,0,False,0.1134091466665268,9.021878176350423e-05,0.00027065634529051263,9384,0
1174,174,supervised,0.14783357456326485,0.017652227077633142,0.0,0.0,0,0,0,0,0.0,0.0,0.0,0,0,False,0.11341383308172226,9.019933058434983e-05,0.0002705979917530495,9392,0
1175,175,supervised,0.22013817727565765,0.015162710100412369,0.0,0.0,0,0,0,0,0.0,0.0,0.0,0,0,False,0.11341840773820877,9.017986218507929e-05,0.00027053958655523784,9400,0
1176,176,supervised,0.15022793412208557,0.022234167903661728,0.0,0.0,0,0,0,0,0.0,0.0,0.0,0,0,False,0.11342263966798782,9.016037657403224e-05,0.0002704811297220967,9408,0
1177,177,supervised,0.25136712193489075,0.01656486513093114,0.0,0.0,0,0,0,0,0.0,0.0,0.0,0,0,False,0.1134265661239624,9.014087375955573e-05,0.00027042262127866716,9416,0
1178,178,supervised,0.30652206391096115,0.016813605092465878,0.0,0.0,0,0,0,0,0.0,0.0,0.0,0,0,False,0.11343022435903549,9.012135375000413e-05,0.0002703640612500123,9424,0
1179,179,supervised,0.26377347856760025,0.02079191245138645,0.0,0.0,0,0,0,0,0.0,0.0,0.0,0,0,False,0.1134340688586235,9.010181655373917e-05,0.0002703054496612175,9432,0
1180,180,supervised,0.26233236491680145,0.017763656564056873,0.0,0.0,0,0,0,0,0.0,0.0,0.0,0,0,False,0.11343824118375778,9.008226217912998e-05,0.00027024678653738993,9440,0
1181,181,supervised,0.17949900031089783,0.01957851927727461,0.0,0.0,0,0,0,0,0.0,0.0,0.0,0,0,False,0.11344249546527863,9.006269063455304e-05,0.00027018807190365906,9448,0
1182,182,supervised,0.19508076459169388,0.017386770341545343,0.0,0.0,0,0,0,0,0.0,0.0,0.0,0,0,False,0.11344701051712036,9.004310192839216e-05,0.00027012930578517645,9456,0
1183,183,supervised,0.21610896289348602,0.017574348486959934,0.0,0.0,0,0,0,0,0.0,0.0,0.0,0,0,False,0.11345229297876358,9.002349606903855e-05,0.0002700704882071156,9464,0
1184,184,supervised,0.11501266062259674,0.015925867948681116,0.0,0.0,0,0,0,0,0.0,0.0,0.0,0,0,False,0.11345893144607544,9.000387306489071e-05,0.0002700116191946721,9472,0
1185,185,supervised,0.10331146791577339,0.01968859415501356,0.0,0.0,0,0,0,0,0.0,0.0,0.0,0,0,False,0.11346540600061417,8.998423292435454e-05,0.00026995269877306356,9480,0
1186,186,supervised,0.1682010106742382,0.021083216182887554,0.0,0.0,0,0,0,0,0.0,0.0,0.0,0,0,False,0.11347171664237976,8.99645756558432e-05,0.0002698937269675296,9488,0
1187,187,supervised,0.19979475066065788,0.015359557699412107,0.0,0.0,0,0,0,0,0.0,0.0,0.0,0,0,False,0.11347783356904984,8.99449012677773e-05,0.00026983470380333185,9496,0
1188,188,supervised,0.168322391808033,0.018355476669967175,0.0,0.0,0,0,0,0,0.0,0.0,0.0,0,0,False,0.11348377168178558,8.992520976858468e-05,0.00026977562930575403,9504,0
1189,189,supervised,0.09153484925627708,0.01877590361982584,0.0,0.0,0,0,0,0,0.0,0.0,0.0,0,0,False,0.11348970979452133,8.990550116670057e-05,0.0002697165035001017,9512,0
1190,190,supervised,0.2108805850148201,0.018341287039220333,0.0,0.0,0,0,0,0,0.0,0.0,0.0,0,0,False,0.11349524557590485,8.988577547056752e-05,0.0002696573264117025,9520,0
1191,191,supervised,0.2534012049436569,0.01794664841145277,0.0,0.0,0,0,0,0,0.0,0.0,0.0,0,0,False,0.11350062489509583,8.986603268863536e-05,0.00026959809806590605,9528,0
1192,192,supervised,0.1512790322303772,0.01895745750516653,0.0,0.0,0,0,0,0,0.0,0.0,0.0,0,0,False,0.11350588500499725,8.98462728293613e-05,0.0002695388184880839,9536,0
1193,193,supervised,0.269759401679039,0.017263849265873432,0.0,0.0,0,0,0,0,0.0,0.0,0.0,0,0,False,0.11351175606250763,8.982649590120982e-05,0.0002694794877036294,9544,0
1194,194,supervised,0.16667457669973373,0.020231571048498154,0.0,0.0,0,0,0,0,0.0,0.0,0.0,0,0,False,0.11351726204156876,8.980670191265273e-05,0.0002694201057379582,9552,0
1195,195,supervised,0.1297922059893608,0.01586002577096224,0.0,0.0,0,0,0,0,0.0,0.0,0.0,0,0,False,0.11352403461933136,8.978689087216916e-05,0.0002693606726165074,9560,0
1196,196,supervised,0.1954008787870407,0.018278964795172215,0.0,0.0,0,0,0,0,0.0,0.0,0.0,0,0,False,0.11353041231632233,8.97670627882455e-05,0.00026930118836473646,9568,0
1197,197,supervised,0.19555869698524475,0.016912154387682676,0.0,0.0,0,0,0,0,0.0,0.0,0.0,0,0,False,0.11353621631860733,8.97472176693755e-05,0.0002692416530081265,9576,0
1198,198,supervised,0.2596134841442108,0.016061088535934687,0.0,0.0,0,0,0,0,0.0,0.0,0.0,0,0,False,0.11354168504476547,8.972735552406017e-05,0.00026918206657218047,9584,0
1199,199,supervised,0.19945713877677917,0.02089274860918522,0.0,0.0,0,0,0,0,0.0,0.0,0.0,0,0,False,0.1135469377040863,8.970747636080783e-05,0.00026912242908242346,9592,0
1200,200,supervised,0.35803358256816864,0.014839638024568558,0.0,0.0,0,0,0,0,0.0,0.0,0.0,0,0,False,0.11355177313089371,8.968758018813405e-05,0.00026906274056440215,9600,0
1201,201,supervised,0.3220226466655731,0.022654767148196697,0.0,0.0,0,0,0,0,0.0,0.0,0.0,0,0,False,0.11355642974376678,8.966766701456177e-05,0.00026900300104368524,9608,0
1202,202,supervised,0.19667179137468338,0.01740187080577016,0.0,0.0,0,0,0,0,0.0,0.0,0.0,0,0,False,0.11356092244386673,8.964773684862112e-05,0.0002689432105458633,9616,0
1203,203,supervised,0.09594891592860222,0.019513411447405815,0.0,0.0,0,0,0,0,0.0,0.0,0.0,0,0,False,0.11356531083583832,8.962778969884955e-05,0.0002688833690965486,9624,0
1204,204,supervised,0.08672965690493584,0.023390461690723896,0.0,0.0,0,0,0,0,0.0,0.0,0.0,0,0,False,0.11356944590806961,8.96078255737918e-05,0.00026882347672137533,9632,0
1205,205,supervised,0.16072086244821548,0.014907150063663721,0.0,0.0,0,0,0,0,0.0,0.0,0.0,0,0,False,0.11357440054416656,8.958784448199987e-05,0.00026876353344599955,9640,0
1206,206,supervised,0.20793306082487106,0.01953107723966241,0.0,0.0,0,0,0,0,0.0,0.0,0.0,0,0,False,0.113579161465168,8.956784643203302e-05,0.000268703539296099,9648,0
1207,207,supervised,0.2610119432210922,0.018882721662521362,0.0,0.0,0,0,0,0,0.0,0.0,0.0,0,0,False,0.11358405649662018,8.954783143245777e-05,0.00026864349429737326,9656,0
1208,208,supervised,0.23548445105552673,0.014351462945342064,0.0,0.0,0,0,0,0,0.0,0.0,0.0,0,0,False,0.11359047144651413,8.952779949184793e-05,0.00026858339847554377,9664,0
1209,209,supervised,0.21898429095745087,0.015721376985311508,0.0,0.0,0,0,0,0,0.0,0.0,0.0,0,0,False,0.11359693109989166,8.950775061878453e-05,0.00026852325185635354,9672,0
1210,210,supervised,0.14918575808405876,0.018494178541004658,0.0,0.0,0,0,0,0,0.0,0.0,0.0,0,0,False,0.11360308527946472,8.948768482185587e-05,0.00026846305446556756,9680,0
1211,211,supervised,0.3014124035835266,0.015187589917331934,0.0,0.0,0,0,0,0,0.0,0.0,0.0,0,0,False,0.11360890418291092,8.94676021096575e-05,0.00026840280632897245,9688,0
1212,212,supervised,0.20544490218162537,0.02318180212751031,0.0,0.0,0,0,0,0,0.0,0.0,0.0,0,0,False,0.11361435800790787,8.944750249079223e-05,0.00026834250747237665,9696,0
1213,213,supervised,0.26561272144317627,0.018423703499138355,0.0,0.0,0,0,0,0,0.0,0.0,0.0,0,0,False,0.1136196032166481,8.94273859738701e-05,0.00026828215792161025,9704,0
1214,214,supervised,0.3134889006614685,0.0208813501521945,0.0,0.0,0,0,0,0,0.0,0.0,0.0,0,0,False,0.11362455040216446,8.940725256750838e-05,0.0002682217577025251,9712,0
1215,215,supervised,0.16802620887756348,0.03222823701798916,0.0,0.0,0,0,0,0,0.0,0.0,0.0,0,0,False,0.1136290431022644,8.938710228033155e-05,0.0002681613068409946,9720,0
1216,216,supervised,0.19903477281332016,0.021113752387464046,0.0,0.0,0,0,0,0,0.0,0.0,0.0,0,0,False,0.11363354325294495,8.936693512097139e-05,0.0002681008053629142,9728,0
1217,217,supervised,0.25204145908355713,0.018079573288559914,0.0,0.0,0,0,0,0,0.0,0.0,0.0,0,0,False,0.11363787949085236,8.934675109806688e-05,0.0002680402532942006,9736,0
1218,218,supervised,0.17373871058225632,0.026453955098986626,0.0,0.0,0,0,0,0,0.0,0.0,0.0,0,0,False,0.11364196240901947,8.932655022026417e-05,0.0002679796506607925,9744,0
1219,219,supervised,0.251954585313797,0.021615385077893734,0.0,0.0,0,0,0,0,0.0,0.0,0.0,0,0,False,0.11364607512950897,8.930633249621672e-05,0.00026791899748865013,9752,0
1220,220,supervised,0.25995684415102005,0.016744699329137802,0.0,0.0,0,0,0,0,0.0,0.0,0.0,0,0,False,0.11365073174238205,8.928609793458514e-05,0.00026785829380375535,9760,0
1221,221,supervised,0.40102419257164,0.014855599496513605,0.0,0.0,0,0,0,0,0.0,0.0,0.0,0,0,False,0.11365551501512527,8.926584654403724e-05,0.0002677975396321117,9768,0
1222,222,supervised,0.30711083114147186,0.015846148133277893,0.0,0.0,0,0,0,0,0.0,0.0,0.0,0,0,False,0.11366047710180283,8.924557833324814e-05,0.00026773673499974436,9776,0
1223,223,supervised,0.28121480345726013,0.014602052513509989,0.0,0.0,0,0,0,0,0.0,0.0,0.0,0,0,False,0.11366527527570724,8.922529331090006e-05,0.00026767587993270015,9784,0
1224,224,supervised,0.18623676523566246,0.0175662562251091,0.0,0.0,0,0,0,0,0.0,0.0,0.0,0,0,False,0.11366970837116241,8.920499148568245e-05,0.00026761497445704734,9792,0
1225,225,supervised,0.22349614650011063,0.01646577101200819,0.0,0.0,0,0,0,0,0.0,0.0,0.0,0,0,False,0.11367451399564743,8.9184672866292e-05,0.00026755401859887595,9800,0
1226,226,supervised,0.305894885212183,0.018310725688934326,0.0,0.0,0,0,0,0,0.0,0.0,0.0,0,0,False,0.11367902159690857,8.916433746143253e-05,0.0002674930123842975,9808,0
1227,227,supervised,0.12096859514713287,0.018123280256986618,0.0,0.0,0,0,0,0,0.0,0.0,0.0,0,0,False,0.11368363350629807,8.914398527981509e-05,0.00026743195583944524,9816,0
1228,228,supervised,0.1634349673986435,0.019729724153876305,0.0,0.0,0,0,0,0,0.0,0.0,0.0,0,0,False,0.11368828266859055,8.912361633015791e-05,0.0002673708489904737,9824,0
1229,229,supervised,0.1518024578690529,0.022217114455997944,0.0,0.0,0,0,0,0,0.0,0.0,0.0,0,0,False,0.11369265615940094,8.910323062118639e-05,0.00026730969186355914,9832,0
1230,230,supervised,0.19881147146224976,0.017685825005173683,0.0,0.0,0,0,0,0,0.0,0.0,0.0,0,0,False,0.11369717121124268,8.908282816163314e-05,0.0002672484844848994,9840,0
1231,231,supervised,0.18639346957206726,0.020085244439542294,0.0,0.0,0,0,0,0,0.0,0.0,0.0,0,0,False,0.11370182782411575,8.906240896023794e-05,0.0002671872268807138,9848,0
1232,232,supervised,0.1621258482336998,0.02252469677478075,0.0,0.0,0,0,0,0,0.0,0.0,0.0,0,0,False,0.11370619386434555,8.904197302574768e-05,0.000267125919077243,9856,0
1233,233,supervised,0.19247577339410782,0.01588858012109995,0.0,0.0,0,0,0,0,0.0,0.0,0.0,0,0,False,0.11371059715747833,8.90215203669165e-05,0.00026706456110074943,9864,0
1234,234,supervised,0.18853985518217087,0.022578385658562183,0.0,0.0,0,0,0,0,0.0,0.0,0.0,0,0,False,0.11371465027332306,8.900105099250564e-05,0.00026700315297751686,9872,0
1235,235,supervised,0.2269858568906784,0.016403554938733578,0.0,0.0,0,0,0,0,0.0,0.0,0.0,0,0,False,0.11371869593858719,8.898056491128357e-05,0.00026694169473385067,9880,0
1236,236,supervised,0.16356196999549866,0.019755861721932888,0.0,0.0,0,0,0,0,0.0,0.0,0.0,0,0,False,0.11372262239456177,8.896006213202583e-05,0.0002668801863960775,9888,0
1237,237,supervised,0.2288246601819992,0.018231642432510853,0.0,0.0,0,0,0,0,0.0,0.0,0.0,0,0,False,0.11372637003660202,8.893954266351521e-05,0.00026681862799054557,9896,0
1238,238,supervised,0.1839282140135765,0.015881600324064493,0.0,0.0,0,0,0,0,0.0,0.0,0.0,0,0,False,0.11373063921928406,8.891900651454156e-05,0.00026675701954362465,9904,0
1239,239,supervised,0.19482847303152084,0.018024506978690624,0.0,0.0,0,0,0,0,0.0,0.0,0.0,0,0,False,0.113734669983387,8.889845369390193e-05,0.0002666953610817058,9912,0
1240,240,supervised,0.18401888012886047,0.015740877483040094,0.0,0.0,0,0,0,0,0.0,0.0,0.0,0,0,False,0.11373895406723022,8.887788421040049e-05,0.0002666336526312014,9920,0
1241,241,supervised,0.18806523084640503,0.016124675050377846,0.0,0.0,0,0,0,0,0.0,0.0,0.0,0,0,False,0.11374320834875107,8.885729807284856e-05,0.0002665718942185456,9928,0
1242,242,supervised,0.24728675186634064,0.017999755684286356,0.0,0.0,0,0,0,0,0.0,0.0,0.0,0,0,False,0.11374711990356445,8.883669529006456e-05,0.0002665100858701937,9936,0
1243,243,supervised,0.20605680346488953,0.01494015334174037,0.0,0.0,0,0,0,0,0.0,0.0,0.0,0,0,False,0.11375164985656738,8.88160758708741e-05,0.0002664482276126223,9944,0
1244,244,supervised,0.14180422574281693,0.01950106956064701,0.0,0.0,0,0,0,0,0.0,0.0,0.0,0,0,False,0.11375600099563599,8.879543982410989e-05,0.00026638631947232963,9952,0
1245,245,supervised,0.27023036032915115,0.015284111723303795,0.0,0.0,0,0,0,0,0.0,0.0,0.0,0,0,False,0.11376064270734787,8.877478715861173e-05,0.0002663243614758351,9960,0
1246,246,supervised,0.3178216814994812,0.015723589342087507,0.0,0.0,0,0,0,0,0.0,0.0,0.0,0,0,False,0.11376491189002991,8.875411788322657e-05,0.00026626235364967966,9968,0
1247,247,supervised,0.18826916813850403,0.018243692815303802,0.0,0.0,0,0,0,0,0.0,0.0,0.0,0,0,False,0.11376890540122986,8.873343200680848e-05,0.0002662002960204254,9976,0
1248,248,supervised,0.25569943338632584,0.021029634401202202,0.0,0.0,0,0,0,0,0.0,0.0,0.0,0,0,False,0.11377253383398056,8.871272953821864e-05,0.00026613818861465587,9984,0
1249,249,supervised,0.23847605288028717,0.017322699539363384,0.0,0.0,0,0,0,0,0.0,0.0,0.0,0,0,False,0.11377605050802231,8.869201048632532e-05,0.0002660760314589759,9992,0
1250,250,supervised,0.15936536341905594,0.01857895404100418,0.0,0.0,0,0,0,0,0.0,0.0,0.0,0,0,False,0.11377960443496704,8.867127486000389e-05,0.00026601382458001164,10000,0
1251,251,supervised,0.21671299636363983,0.01769250724464655,0.0,0.0,0,0,0,0,0.0,0.0,0.0,0,0,False,0.11378341913223267,8.865052266813685e-05,0.0002659515680044105,10008,0
1252,252,supervised,0.09041760489344597,0.01749481074512005,0.0,0.0,0,0,0,0,0.0,0.0,0.0,0,0,False,0.11378762871026993,8.862975391961377e-05,0.0002658892617588413,10016,0
1253,253,supervised,0.2608233690261841,0.01466930890455842,0.0,0.0,0,0,0,0,0.0,0.0,0.0,0,0,False,0.11379217356443405,8.860896862333134e-05,0.000265826905869994,10024,0
1254,254,supervised,0.15871314704418182,0.016918215434998274,0.0,0.0,0,0,0,0,0.0,0.0,0.0,0,0,False,0.11379681527614594,8.858816678819332e-05,0.0002657645003645799,10032,0
1255,255,supervised,0.1999509334564209,0.015412257518619299,0.0,0.0,0,0,0,0,0.0,0.0,0.0,0,0,False,0.11380203068256378,8.856734842311053e-05,0.00026570204526933156,10040,0
1256,256,supervised,0.19054178148508072,0.01699664443731308,0.0,0.0,0,0,0,0,0.0,0.0,0.0,0,0,False,0.11380702257156372,8.85465135370009e-05,0.0002656395406110027,10048,0
1257,257,supervised,0.15668629109859467,0.017733235377818346,0.0,0.0,0,0,0,0,0.0,0.0,0.0,0,0,False,0.1138116866350174,8.852566213878947e-05,0.00026557698641636835,10056,0
1258,258,supervised,0.18248815834522247,0.01873074285686016,0.0,0.0,0,0,0,0,0.0,0.0,0.0,0,0,False,0.113816037774086,8.850479423740827e-05,0.00026551438271222476,10064,0
1259,259,supervised,0.21679289638996124,0.016161532141268253,0.0,0.0,0,0,0,0,0.0,0.0,0.0,0,0,False,0.11382035911083221,8.848390984179648e-05,0.0002654517295253894,10072,0
1260,260,supervised,0.30716369673609734,0.01441933773458004,0.0,0.0,0,0,0,0,0.0,0.0,0.0,0,0,False,0.11382453888654709,8.84630089609003e-05,0.00026538902688270086,10080,0
1261,261,supervised,0.17008979991078377,0.02584422193467617,0.0,0.0,0,0,0,0,0.0,0.0,0.0,0,0,False,0.11382856220006943,8.844209160367299e-05,0.0002653262748110189,10088,0
1262,262,supervised,0.22914546728134155,0.017136994749307632,0.0,0.0,0,0,0,0,0.0,0.0,0.0,0,0,False,0.11383254826068878,8.842115777907489e-05,0.0002652634733372246,10096,0
1263,263,supervised,0.23591027408838272,0.0181503864005208,0.0,0.0,0,0,0,0,0.0,0.0,0.0,0,0,False,0.11383645236492157,8.840020749607339e-05,0.00026520062248822014,10104,0
1264,264,supervised,0.24435150623321533,0.01646587671712041,0.0,0.0,0,0,0,0,0.0,0.0,0.0,0,0,False,0.11384018510580063,8.837924076364292e-05,0.0002651377222909287,10112,0
1265,265,supervised,0.2916741892695427,0.01642014179378748,0.0,0.0,0,0,0,0,0.0,0.0,0.0,0,0,False,0.11384376883506775,8.8358257590765e-05,0.00026507477277229496,10120,0
1266,266,supervised,0.19699816033244133,0.01795081328600645,0.0,0.0,0,0,0,0,0.0,0.0,0.0,0,0,False,0.11384736001491547,8.833725798642808e-05,0.0002650117739592842,10128,0
1267,267,supervised,0.15254522860050201,0.018773715943098068,0.0,0.0,0,0,0,0,0.0,0.0,0.0,0,0,False,0.11385099589824677,8.831624195962778e-05,0.0002649487258788833,10136,0
1268,268,supervised,0.21878193318843842,0.01553684612736106,0.0,0.0,0,0,0,0,0.0,0.0,0.0,0,0,False,0.11385491490364075,8.829520951936667e-05,0.00026488562855809996,10144,0
1269,269,supervised,0.21200108528137207,0.023818865418434143,0.0,0.0,0,0,0,0,0.0,0.0,0.0,0,0,False,0.11385855078697205,8.827416067465441e-05,0.00026482248202396323,10152,0
1270,270,supervised,0.10158237814903259,0.02089344710111618,0.0,0.0,0,0,0,0,0.0,0.0,0.0,0,0,False,0.11386191099882126,8.825309543450764e-05,0.00026475928630352287,10160,0
1271,271,supervised,0.20624185353517532,0.02031831629574299,0.0,0.0,0,0,0,0,0.0,0.0,0.0,0,0,False,0.11386488378047943,8.823201380795001e-05,0.00026469604142385,10168,0
1272,272,supervised,0.19691422581672668,0.021253978833556175,0.0,0.0,0,0,0,0,0.0,0.0,0.0,0,0,False,0.11386743187904358,8.821091580401228e-05,0.0002646327474120368,10176,0
1273,273,supervised,0.16123192012310028,0.016875693574547768,0.0,0.0,0,0,0,0,0.0,0.0,0.0,0,0,False,0.11387021094560623,8.818980143173213e-05,0.0002645694042951963,10184,0
1274,274,supervised,0.15893052890896797,0.02464156225323677,0.0,0.0,0,0,0,0,0.0,0.0,0.0,0,0,False,0.1138739064335823,8.816867070015427e-05,0.00026450601210046274,10192,0
1275,275,supervised,0.27476348727941513,0.018588867504149675,0.0,0.0,0,0,0,0,0.0,0.0,0.0,0,0,False,0.11387759447097778,8.814752361833044e-05,0.0002644425708549913,10200,0
1276,276,supervised,0.16167406737804413,0.02545991726219654,0.0,0.0,0,0,0,0,0.0,0.0,0.0,0,0,False,0.11388102173805237,8.812636019531942e-05,0.0002643790805859582,10208,0
1277,277,supervised,0.23961462080478668,0.019027525559067726,0.0,0.0,0,0,0,0,0.0,0.0,0.0,0,0,False,0.11388427019119263,8.810518044018689e-05,0.00026431554132056063,10216,0
1278,278,supervised,0.1963341236114502,0.020552904345095158,0.0,0.0,0,0,0,0,0.0,0.0,0.0,0,0,False,0.11388761550188065,8.808398436200562e-05,0.0002642519530860168,10224,0
1279,279,supervised,0.172920074313879,0.020138566382229328,0.0,0.0,0,0,0,0,0.0,0.0,0.0,0,0,False,0.11389140039682388,8.806277196985535e-05,0.00026418831590956603,10232,0
1280,280,supervised,0.2016279473900795,0.021936677396297455,0.0,0.0,0,0,0,0,0.0,0.0,0.0,0,0,False,0.11389504373073578,8.804154327282274e-05,0.0002641246298184682,10240,0
1281,281,supervised,0.19566664844751358,0.02053949236869812,0.0,0.0,0,0,0,0,0.0,0.0,0.0,0,0,False,0.11389879882335663,8.802029828000156e-05,0.00026406089484000466,10248,0
1282,282,supervised,0.19330711290240288,0.017227601259946823,0.0,0.0,0,0,0,0,0.0,0.0,0.0,0,0,False,0.11390339583158493,8.799903700049243e-05,0.00026399711100147724,10256,0
1283,283,supervised,0.26125016063451767,0.018103374168276787,0.0,0.0,0,0,0,0,0.0,0.0,0.0,0,0,False,0.11390869319438934,8.797775944340302e-05,0.00026393327833020903,10264,0
1284,284,supervised,0.13454914093017578,0.018874052446335554,0.0,0.0,0,0,0,0,0.0,0.0,0.0,0,0,False,0.11391448229551315,8.7956465617848e-05,0.00026386939685354397,10272,0
1285,285,supervised,0.1494714319705963,0.01867422554641962,0.0,0.0,0,0,0,0,0.0,0.0,0.0,0,0,False,0.11392026394605637,8.793515553294891e-05,0.0002638054665988467,10280,0
1286,286,supervised,0.18618863075971603,0.024099423550069332,0.0,0.0,0,0,0,0,0.0,0.0,0.0,0,0,False,0.11392553895711899,8.791382919783435e-05,0.000263741487593503,10288,0
1287,287,supervised,0.21086205542087555,0.020979230292141438,0.0,0.0,0,0,0,0,0.0,0.0,0.0,0,0,False,0.11393062770366669,8.789248662163985e-05,0.0002636774598649195,10296,0
1288,288,supervised,0.20676734298467636,0.01596124656498432,0.0,0.0,0,0,0,0,0.0,0.0,0.0,0,0,False,0.11393538117408752,8.787112781350785e-05,0.0002636133834405235,10304,0
1289,289,supervised,0.23309356719255447,0.017627394758164883,0.0,0.0,0,0,0,0,0.0,0.0,0.0,0,0,False,0.11393985897302628,8.784975278258783e-05,0.00026354925834776345,10312,0
1290,290,supervised,0.26789894700050354,0.018296420574188232,0.0,0.0,0,0,0,0,0.0,0.0,0.0,0,0,False,0.11394500732421875,8.782836153803615e-05,0.0002634850846141084,10320,0
1291,291,supervised,0.19268698990345,0.015385379549115896,0.0,0.0,0,0,0,0,0.0,0.0,0.0,0,0,False,0.11395011097192764,8.780695408901613e-05,0.0002634208622670484,10328,0
1292,292,supervised,0.19931337982416153,0.018678019754588604,0.0,0.0,0,0,0,0,0.0,0.0,0.0,0,0,False,0.1139552891254425,8.778553044469808e-05,0.00026335659133409423,10336,0
1293,293,supervised,0.1777070239186287,0.02121924329549074,0.0,0.0,0,0,0,0,0.0,0.0,0.0,0,0,False,0.11396058648824692,8.776409061425919e-05,0.00026329227184277755,10344,0
1294,294,supervised,0.21712245047092438,0.018210452049970627,0.0,0.0,0,0,0,0,0.0,0.0,0.0,0,0,False,0.11396601796150208,8.774263460688358e-05,0.0002632279038206507,10352,0
1295,295,supervised,0.24198605120182037,0.02035082783550024,0.0,0.0,0,0,0,0,0.0,0.0,0.0,0,0,False,0.1139722540974617,8.772116243176235e-05,0.00026316348729528704,10360,0
1296,296,supervised,0.22043056041002274,0.021045482717454433,0.0,0.0,0,0,0,0,0.0,0.0,0.0,0,0,False,0.11397800594568253,8.769967409809348e-05,0.0002630990222942804,10368,0
1297,297,supervised,0.11389321088790894,0.017136290669441223,0.0,0.0,0,0,0,0,0.0,0.0,0.0,0,0,False,0.11398380249738693,8.76781696150819e-05,0.00026303450884524566,10376,0
1298,298,supervised,0.18593178689479828,0.015767560340464115,0.0,0.0,0,0,0,0,0.0,0.0,0.0,0,0,False,0.11398933082818985,8.765664899193944e-05,0.0002629699469758183,10384,0
1299,299,supervised,0.21920473128557205,0.018579497933387756,0.0,0.0,0,0,0,0,0.0,0.0,0.0,0,0,False,0.11399465799331665,8.763511223788485e-05,0.00026290533671365454,10392,0
1300,300,supervised,0.19113531708717346,0.017769059166312218,0.0,0.0,0,0,0,0,0.0,0.0,0.0,0,0,False,0.11400001496076584,8.761355936214382e-05,0.00026284067808643143,10400,0
1301,301,supervised,0.2205619066953659,0.016412697732448578,0.0,0.0,0,0,0,0,0.0,0.0,0.0,0,0,False,0.11400498449802399,8.759199037394887e-05,0.0002627759711218466,10408,0
1302,302,supervised,0.21483145654201508,0.02258893195539713,0.0,0.0,0,0,0,0,0.0,0.0,0.0,0,0,False,0.11400938779115677,8.75704052825395e-05,0.0002627112158476185,10416,0
1303,303,supervised,0.20674627274274826,0.023262702394276857,0.0,0.0,0,0,0,0,0.0,0.0,0.0,0,0,False,0.1140132024884224,8.754880409716209e-05,0.0002626464122914862,10424,0
1304,304,supervised,0.16681672632694244,0.018869521096348763,0.0,0.0,0,0,0,0,0.0,0.0,0.0,0,0,False,0.11401847004890442,8.752718682706985e-05,0.0002625815604812095,10432,0
1305,305,supervised,0.17835436761379242,0.016795845236629248,0.0,0.0,0,0,0,0,0.0,0.0,0.0,0,0,False,0.1140236184000969,8.750555348152298e-05,0.0002625166604445689,10440,0
1306,306,supervised,0.14443183317780495,0.020371845923364162,0.0,0.0,0,0,0,0,0.0,0.0,0.0,0,0,False,0.11402875185012817,8.74839040697885e-05,0.00026245171220936546,10448,0
1307,307,supervised,0.19799698144197464,0.01623405097052455,0.0,0.0,0,0,0,0,0.0,0.0,0.0,0,0,False,0.11403373628854752,8.746223860114033e-05,0.00026238671580342096,10456,0
1308,308,supervised,0.17258578538894653,0.025092188268899918,0.0,0.0,0,0,0,0,0.0,0.0,0.0,0,0,False,0.11403834819793701,8.744055708485927e-05,0.0002623216712545778,10464,0
1309,309,supervised,0.2994609922170639,0.01639534719288349,0.0,0.0,0,0,0,0,0.0,0.0,0.0,0,0,False,0.11404267698526382,8.741885953023301e-05,0.000262256578590699,10472,0
1310,310,supervised,0.2434338629245758,0.016587645281106234,0.0,0.0,0,0,0,0,0.0,0.0,0.0,0,0,False,0.11404717713594437,8.739714594655606e-05,0.00026219143783966816,10480,0
1311,311,supervised,0.1600070297718048,0.01783293765038252,0.0,0.0,0,0,0,0,0.0,0.0,0.0,0,0,False,0.11405175924301147,8.737541634312985e-05,0.0002621262490293895,10488,0
1312,312,supervised,0.3092978373169899,0.017388460226356983,0.0,0.0,0,0,0,0,0.0,0.0,0.0,0,0,False,0.11405609548091888,8.735367072926263e-05,0.0002620610121877879,10496,0
1313,313,supervised,0.14470048621296883,0.019115464761853218,0.0,0.0,0,0,0,0,0.0,0.0,0.0,0,0,False,0.1140601709485054,8.733190911426958e-05,0.0002619957273428087,10504,0
1314,314,supervised,0.2073049694299698,0.020880569703876972,0.0,0.0,0,0,0,0,0.0,0.0,0.0,0,0,False,0.11406403034925461,8.731013150747263e-05,0.00026193039452241784,10512,0
1315,315,supervised,0.22616156935691833,0.021413959562778473,0.0,0.0,0,0,0,0,0.0,0.0,0.0,0,0,False,0.11406759172677994,8.728833791820063e-05,0.00026186501375460186,10520,0
1316,316,supervised,0.2451278418302536,0.022734420839697123,0.0,0.0,0,0,0,0,0.0,0.0,0.0,0,0,False,0.11407102644443512,8.72665283557893e-05,0.0002617995850673679,10528,0
1317,317,supervised,0.15049413591623306,0.017487954813987017,0.0,0.0,0,0,0,0,0.0,0.0,0.0,0,0,False,0.11407486349344254,8.724470282958111e-05,0.0002617341084887433,10536,0
1318,318,supervised,0.19788531213998795,0.01656576758250594,0.0,0.0,0,0,0,0,0.0,0.0,0.0,0,0,False,0.11407920718193054,8.722286134892545e-05,0.00026166858404677633,10544,0
1319,319,supervised,0.24418126046657562,0.016547451727092266,0.0,0.0,0,0,0,0,0.0,0.0,0.0,0,0,False,0.1140851229429245,8.720100392317851e-05,0.0002616030117695355,10552,0
1320,320,supervised,0.20894217863678932,0.025286193937063217,0.0,0.0,0,0,0,0,0.0,0.0,0.0,0,0,False,0.11409048736095428,8.717913056170331e-05,0.00026153739168510986,10560,0
1321,321,supervised,0.13643497973680496,0.01988875214010477,0.0,0.0,0,0,0,0,0.0,0.0,0.0,0,0,False,0.11409725248813629,8.715724127386972e-05,0.00026147172382160914,10568,0
1322,322,supervised,0.2248348444700241,0.019417344592511654,0.0,0.0,0,0,0,0,0.0,0.0,0.0,0,0,False,0.1141045019030571,8.713533606905439e-05,0.00026140600820716314,10576,0
1323,323,supervised,0.11515753343701363,0.021260809153318405,0.0,0.0,0,0,0,0,0.0,0.0,0.0,0,0,False,0.11411154270172119,8.711341495664084e-05,0.0002613402448699225,10584,0
1324,324,supervised,0.26583288609981537,0.015719575341790915,0.0,0.0,0,0,0,0,0.0,0.0,0.0,0,0,False,0.11411815136671066,8.709147794601939e-05,0.0002612744338380581,10592,0
1325,325,supervised,0.1272694617509842,0.018381349742412567,0.0,0.0,0,0,0,0,0.0,0.0,0.0,0,0,False,0.11412468552589417,8.706952504658712e-05,0.0002612085751397613,10600,0
1326,326,supervised,0.21447909995913506,0.016536645591259003,0.0,0.0,0,0,0,0,0.0,0.0,0.0,0,0,False,0.11413104087114334,8.704755626774796e-05,0.00026114266880324387,10608,0
1327,327,supervised,0.16745583713054657,0.01608816860243678,0.0,0.0,0,0,0,0,0.0,0.0,0.0,0,0,False,0.11413762718439102,8.702557161891265e-05,0.00026107671485673794,10616,0
1328,328,supervised,0.15384573489427567,0.01966847851872444,0.0,0.0,0,0,0,0,0.0,0.0,0.0,0,0,False,0.11414432525634766,8.700357110949873e-05,0.00026101071332849615,10624,0
1329,329,supervised,0.20492855459451675,0.017337295226752758,0.0,0.0,0,0,0,0,0.0,0.0,0.0,0,0,False,0.11415094882249832,8.69815547489305e-05,0.00026094466424679146,10632,0
1330,330,supervised,0.14570491760969162,0.018171456642448902,0.0,0.0,0,0,0,0,0.0,0.0,0.0,0,0,False,0.11415813118219376,8.695952254663906e-05,0.00026087856763991714,10640,0
1331,331,supervised,0.22191119194030762,0.01682399120181799,0.0,0.0,0,0,0,0,0.0,0.0,0.0,0,0,False,0.11416494101285934,8.693747451206232e-05,0.0002608124235361869,10648,0
1332,332,supervised,0.18350780382752419,0.023815102875232697,0.0,0.0,0,0,0,0,0.0,0.0,0.0,0,0,False,0.11417108029127121,8.691541065464495e-05,0.0002607462319639348,10656,0
1333,333,supervised,0.2152923308312893,0.01786101423203945,0.0,0.0,0,0,0,0,0.0,0.0,0.0,0,0,False,0.11417774856090546,8.689333098383842e-05,0.00026067999295151527,10664,0
1334,334,supervised,0.21595804765820503,0.017719014547765255,0.0,0.0,0,0,0,0,0.0,0.0,0.0,0,0,False,0.1141844093799591,8.687123550910095e-05,0.0002606137065273028,10672,0
1335,335,supervised,0.20496539771556854,0.016416006721556187,0.0,0.0,0,0,0,0,0.0,0.0,0.0,0,0,False,0.11419086158275604,8.684912423989755e-05,0.0002605473727196926,10680,0
1336,336,supervised,0.1604623645544052,0.020390352234244347,0.0,0.0,0,0,0,0,0.0,0.0,0.0,0,0,False,0.11419713497161865,8.682699718569995e-05,0.00026048099155709983,10688,0
1337,337,supervised,0.11984292045235634,0.018359805457293987,0.0,0.0,0,0,0,0,0.0,0.0,0.0,0,0,False,0.11420416086912155,8.680485435598673e-05,0.00026041456306796014,10696,0
1338,338,supervised,0.11527211219072342,0.02224124316126108,0.0,0.0,0,0,0,0,0.0,0.0,0.0,0,0,False,0.11421132832765579,8.678269576024312e-05,0.00026034808728072934,10704,0
1339,339,supervised,0.3067215010523796,0.01672503910958767,0.0,0.0,0,0,0,0,0.0,0.0,0.0,0,0,False,0.11421826481819153,8.67605214079612e-05,0.00026028156422388355,10712,0
1340,340,supervised,0.2052641063928604,0.0233293566852808,0.0,0.0,0,0,0,0,0.0,0.0,0.0,0,0,False,0.11422472447156906,8.673833130863974e-05,0.0002602149939259192,10720,0
1341,341,supervised,0.29937778413295746,0.015187593176960945,0.0,0.0,0,0,0,0,0.0,0.0,0.0,0,0,False,0.11423122882843018,8.671612547178428e-05,0.0002601483764153528,10728,0
1342,342,supervised,0.22372514754533768,0.022446039132773876,0.0,0.0,0,0,0,0,0.0,0.0,0.0,0,0,False,0.11423720419406891,8.669390390690709e-05,0.00026008171172072126,10736,0
1343,343,supervised,0.10937873646616936,0.02229209803044796,0.0,0.0,0,0,0,0,0.0,0.0,0.0,0,0,False,0.11424315720796585,8.66716666235272e-05,0.00026001499987058155,10744,0
1344,344,supervised,0.31333427131175995,0.021519102156162262,0.0,0.0,0,0,0,0,0.0,0.0,0.0,0,0,False,0.11424848437309265,8.664941363117032e-05,0.0002599482408935109,10752,0
1345,345,supervised,0.18050170689821243,0.028383225202560425,0.0,0.0,0,0,0,0,0.0,0.0,0.0,0,0,False,0.11425306648015976,8.662714493936895e-05,0.0002598814348181068,10760,0
1346,346,supervised,0.22600404918193817,0.017331103794276714,0.0,0.0,0,0,0,0,0.0,0.0,0.0,0,0,False,0.11425774544477463,8.660486055766228e-05,0.0002598145816729868,10768,0
1347,347,supervised,0.16796010732650757,0.02402960043400526,0.0,0.0,0,0,0,0,0.0,0.0,0.0,0,0,False,0.11426270008087158,8.658256049559624e-05,0.0002597476814867887,10776,0
1348,348,supervised,0.08960403129458427,0.018107960931956768,0.0,0.0,0,0,0,0,0.0,0.0,0.0,0,0,False,0.11426752805709839,8.656024476272346e-05,0.00025968073428817034,10784,0
1349,349,supervised,0.153404138982296,0.017713257111608982,0.0,0.0,0,0,0,0,0.0,0.0,0.0,0,0,False,0.11427273601293564,8.653791336860331e-05,0.00025961374010580987,10792,0
1350,350,supervised,0.20080257952213287,0.018902359064668417,0.0,0.0,0,0,0,0,0.0,0.0,0.0,0,0,False,0.114277683198452,8.651556632280184e-05,0.00025954669896840544,10800,0
1351,351,supervised,0.12654033303260803,0.019193566404283047,0.0,0.0,0,0,0,0,0.0,0.0,0.0,0,0,False,0.11428267508745193,8.649320363489179e-05,0.00025947961090467533,10808,0
1352,352,supervised,0.21125423163175583,0.01880353782325983,0.0,0.0,0,0,0,0,0.0,0.0,0.0,0,0,False,0.11428789049386978,8.647082531445265e-05,0.0002594124759433579,10816,0
1353,353,supervised,0.2859853357076645,0.018404310569167137,0.0,0.0,0,0,0,0,0.0,0.0,0.0,0,0,False,0.1142929419875145,8.644843137107059e-05,0.0002593452941132117,10824,0
1354,354,supervised,0.1750934235751629,0.022710490971803665,0.0,0.0,0,0,0,0,0.0,0.0,0.0,0,0,False,0.11429784446954727,8.642602181433844e-05,0.00025927806544301526,10832,0
1355,355,supervised,0.15079105645418167,0.018168408423662186,0.0,0.0,0,0,0,0,0.0,0.0,0.0,0,0,False,0.11430265754461288,8.640359665385575e-05,0.0002592107899615672,10840,0
1356,356,supervised,0.1459854133427143,0.01690832059830427,0.0,0.0,0,0,0,0,0.0,0.0,0.0,0,0,False,0.11430719494819641,8.638115589922875e-05,0.0002591434676976862,10848,0
1357,357,supervised,0.19937756657600403,0.02035033516585827,0.0,0.0,0,0,0,0,0.0,0.0,0.0,0,0,False,0.11431153863668442,8.635869956007034e-05,0.000259076098680211,10856,0
1358,358,supervised,0.19027314707636833,0.016421733424067497,0.0,0.0,0,0,0,0,0.0,0.0,0.0,0,0,False,0.11431583762168884,8.633622764600012e-05,0.00025900868293800034,10864,0
1359,359,supervised,0.18693061545491219,0.01705974992364645,0.0,0.0,0,0,0,0,0.0,0.0,0.0,0,0,False,0.11431999504566193,8.631374016664434e-05,0.000258941220499933,10872,0
1360,360,supervised,0.14532964304089546,0.02222301810979843,0.0,0.0,0,0,0,0,0.0,0.0,0.0,0,0,False,0.11432421952486038,8.629123713163589e-05,0.0002588737113949076,10880,0
1361,361,supervised,0.1737959422171116,0.02211255393922329,0.0,0.0,0,0,0,0,0.0,0.0,0.0,0,0,False,0.11432841420173645,8.626871855061438e-05,0.00025880615565184313,10888,0
1362,362,supervised,0.15431399643421173,0.02345810178667307,0.0,0.0,0,0,0,0,0.0,0.0,0.0,0,0,False,0.11433307081460953,8.624618443322607e-05,0.0002587385532996782,10896,0
1363,363,supervised,0.2518278658390045,0.01685845386236906,0.0,0.0,0,0,0,0,0.0,0.0,0.0,0,0,False,0.11433785408735275,8.622363478912383e-05,0.0002586709043673715,10904,0
1364,364,supervised,0.18396291881799698,0.01600076397880912,0.0,0.0,0,0,0,0,0.0,0.0,0.0,0,0,False,0.1143423467874527,8.620106962796723e-05,0.00025860320888390165,10912,0
1365,365,supervised,0.15312689915299416,0.02218036074191332,0.0,0.0,0,0,0,0,0.0,0.0,0.0,0,0,False,0.11434666812419891,8.617848895942247e-05,0.0002585354668782674,10920,0
1366,366,supervised,0.14358798786997795,0.01722139958292246,0.0,0.0,0,0,0,0,0.0,0.0,0.0,0,0,False,0.11435133218765259,8.615589279316239e-05,0.0002584676783794871,10928,0
1367,367,supervised,0.1920640915632248,0.025301719084382057,0.0,0.0,0,0,0,0,0.0,0.0,0.0,0,0,False,0.11435598880052567,8.613328113886644e-05,0.0002583998434165993,10936,0
1368,368,supervised,0.26368847489356995,0.01687340112403035,0.0,0.0,0,0,0,0,0.0,0.0,0.0,0,0,False,0.11436083912849426,8.611065400622078e-05,0.00025833196201866226,10944,0
1369,369,supervised,0.2656218856573105,0.022174005396664143,0.0,0.0,0,0,0,0,0.0,0.0,0.0,0,0,False,0.11436541378498077,8.608801140491811e-05,0.0002582640342147543,10952,0
1370,370,supervised,0.10417494177818298,0.01673354860395193,0.0,0.0,0,0,0,0,0.0,0.0,0.0,0,0,False,0.11437005549669266,8.606535334465784e-05,0.0002581960600339735,10960,0
1371,371,supervised,0.13645081967115402,0.021171391941607,0.0,0.0,0,0,0,0,0.0,0.0,0.0,0,0,False,0.11437458544969559,8.604267983514594e-05,0.0002581280395054378,10968,0
1372,372,supervised,0.15518461167812347,0.019057258032262325,0.0,0.0,0,0,0,0,0.0,0.0,0.0,0,0,False,0.11437924951314926,8.601999088609504e-05,0.00025805997265828507,10976,0
1373,373,supervised,0.154546357691288,0.017212812788784504,0.0,0.0,0,0,0,0,0.0,0.0,0.0,0,0,False,0.11438427865505219,8.599728650722434e-05,0.00025799185952167297,10984,0
1374,374,supervised,0.1867319419980049,0.016260676085948944,0.0,0.0,0,0,0,0,0.0,0.0,0.0,0,0,False,0.11438954621553421,8.597456670825969e-05,0.0002579237001247791,10992,0
1375,375,supervised,0.20206602662801743,0.018245570361614227,0.0,0.0,0,0,0,0,0.0,0.0,0.0,0,0,False,0.1143965795636177,8.595183149893353e-05,0.0002578554944968006,11000,0
1376,376,supervised,0.15258993953466415,0.021204699762165546,0.0,0.0,0,0,0,0,0.0,0.0,0.0,0,0,False,0.11440344899892807,8.59290808889849e-05,0.00025778724266695466,11008,0
1377,377,supervised,0.18568073958158493,0.016424253582954407,0.0,0.0,0,0,0,0,0.0,0.0,0.0,0,0,False,0.11441057175397873,8.590631488815944e-05,0.0002577189446644783,11016,0
1378,378,supervised,0.14698656648397446,0.017513911239802837,0.0,0.0,0,0,0,0,0.0,0.0,0.0,0,0,False,0.11441729962825775,8.588353350620939e-05,0.00025765060051862815,11024,0
1379,379,supervised,0.12781927734613419,0.02037270925939083,0.0,0.0,0,0,0,0,0.0,0.0,0.0,0,0,False,0.11442377418279648,8.586073675289355e-05,0.0002575822102586806,11032,0
1380,380,supervised,0.2916601896286011,0.020242883823812008,0.0,0.0,0,0,0,0,0.0,0.0,0.0,0,0,False,0.11442963778972626,8.583792463797733e-05,0.000257513773913932,11040,0
1381,381,supervised,0.17317647486925125,0.017183528281748295,0.0,0.0,0,0,0,0,0.0,0.0,0.0,0,0,False,0.11443585902452469,8.581509717123273e-05,0.00025744529151369814,11048,0
1382,382,supervised,0.13957050442695618,0.017766511999070644,0.0,0.0,0,0,0,0,0.0,0.0,0.0,0,0,False,0.1144416406750679,8.579225436243828e-05,0.00025737676308731477,11056,0
1383,383,supervised,0.10111665725708008,0.017763955518603325,0.0,0.0,0,0,0,0,0.0,0.0,0.0,0,0,False,0.11444739997386932,8.576939622137915e-05,0.0002573081886641374,11064,0
1384,384,supervised,0.11804291605949402,0.01616368955001235,0.0,0.0,0,0,0,0,0.0,0.0,0.0,0,0,False,0.11445286124944687,8.574652275784702e-05,0.00025723956827354105,11072,0
1385,385,supervised,0.26040104031562805,0.01712427055463195,0.0,0.0,0,0,0,0,0.0,0.0,0.0,0,0,False,0.11445819586515427,8.572363398164017e-05,0.0002571709019449205,11080,0
1386,386,supervised,0.2925570607185364,0.015402808785438538,0.0,0.0,0,0,0,0,0.0,0.0,0.0,0,0,False,0.11446366459131241,8.570072990256342e-05,0.0002571021897076902,11088,0
1387,387,supervised,0.1438891813158989,0.01600751606747508,0.0,0.0,0,0,0,0,0.0,0.0,0.0,0,0,False,0.114469014108181,8.567781053042813e-05,0.0002570334315912844,11096,0
1388,388,supervised,0.31251004338264465,0.01739424280822277,0.0,0.0,0,0,0,0,0.0,0.0,0.0,0,0,False,0.11447449028491974,8.565487587505226e-05,0.00025696462762515675,11104,0
1389,389,supervised,0.25716765224933624,0.020815934520214796,0.0,0.0,0,0,0,0,0.0,0.0,0.0,0,0,False,0.11447936296463013,8.563192594626027e-05,0.0002568957778387808,11112,0
1390,390,supervised,0.287132665514946,0.01619978714734316,0.0,0.0,0,0,0,0,0.0,0.0,0.0,0,0,False,0.11448406428098679,8.56089607538832e-05,0.00025682688226164957,11120,0
1391,391,supervised,0.21221676468849182,0.022311758249998093,0.0,0.0,0,0,0,0,0.0,0.0,0.0,0,0,False,0.11448843777179718,8.558598030775857e-05,0.0002567579409232757,11128,0
1392,392,supervised,0.11658049747347832,0.017583392560482025,0.0,0.0,0,0,0,0,0.0,0.0,0.0,0,0,False,0.11449386179447174,8.55629846177305e-05,0.0002566889538531915,11136,0
1393,393,supervised,0.16892372071743011,0.017525218427181244,0.0,0.0,0,0,0,0,0.0,0.0,0.0,0,0,False,0.11449950933456421,8.553997369364963e-05,0.00025661992108094885,11144,0
1394,394,supervised,0.2820497006177902,0.015303153079003096,0.0,0.0,0,0,0,0,0.0,0.0,0.0,0,0,False,0.11450475454330444,8.551694754537307e-05,0.00025655084263611917,11152,0
1395,395,supervised,0.16292477399110794,0.02013516705483198,0.0,0.0,0,0,0,0,0.0,0.0,0.0,0,0,False,0.11450966447591782,8.549390618276452e-05,0.00025648171854829354,11160,0
1396,396,supervised,0.12729639187455177,0.016547271981835365,0.0,0.0,0,0,0,0,0.0,0.0,0.0,0,0,False,0.11451490223407745,8.547084961569416e-05,0.00025641254884708244,11168,0
1397,397,supervised,0.2356427013874054,0.01621761405840516,0.0,0.0,0,0,0,0,0.0,0.0,0.0,0,0,False,0.1145196184515953,8.544777785403868e-05,0.000256343333562116,11176,0
1398,398,supervised,0.14227303862571716,0.02293308451771736,0.0,0.0,0,0,0,0,0.0,0.0,0.0,0,0,False,0.11452431976795197,8.542469090768129e-05,0.00025627407272304386,11184,0
1399,399,supervised,0.20404121279716492,0.022217744030058384,0.0,0.0,0,0,0,0,0.0,0.0,0.0,0,0,False,0.1145288273692131,8.540158878651172e-05,0.00025620476635953513,11192,0
1400,400,supervised,0.10454462096095085,0.020816460251808167,0.0,0.0,0,0,0,0,0.0,0.0,0.0,0,0,False,0.11453337967395782,8.53784715004262e-05,0.00025613541450127857,11200,0
1401,401,supervised,0.14666114747524261,0.024355847388505936,0.0,0.0,0,0,0,0,0.0,0.0,0.0,0,0,False,0.11453745514154434,8.535533905932738e-05,0.00025606601717798207,11208,0
1402,402,supervised,0.24733657389879227,0.014996325597167015,0.0,0.0,0,0,0,0,0.0,0.0,0.0,0,0,False,0.11454350501298904,8.533219147312452e-05,0.00025599657441937354,11216,0
1403,403,supervised,0.20774847269058228,0.01935594854876399,0.0,0.0,0,0,0,0,0.0,0.0,0.0,0,0,False,0.11454954743385315,8.530902875173327e-05,0.0002559270862551998,11224,0
1404,404,supervised,0.15859219431877136,0.016144052147865295,0.0,0.0,0,0,0,0,0.0,0.0,0.0,0,0,False,0.11455592513084412,8.528585090507586e-05,0.00025585755271522755,11232,0
1405,405,supervised,0.20006733387708664,0.01822161441668868,0.0,0.0,0,0,0,0,0.0,0.0,0.0,0,0,False,0.11456168442964554,8.526265794308089e-05,0.0002557879738292426,11240,0
1406,406,supervised,0.3428383022546768,0.017059248872101307,0.0,0.0,0,0,0,0,0.0,0.0,0.0,0,0,False,0.11456689238548279,8.523944987568351e-05,0.0002557183496270505,11248,0
1407,407,supervised,0.1828915700316429,0.018577405251562595,0.0,0.0,0,0,0,0,0.0,0.0,0.0,0,0,False,0.11457157135009766,8.521622671282532e-05,0.00025564868013847595,11256,0
1408,408,supervised,0.24305136501789093,0.01735385786741972,0.0,0.0,0,0,0,0,0.0,0.0,0.0,0,0,False,0.11457618325948715,8.519298846445436e-05,0.000255578965393363,11264,0
1409,409,supervised,0.1709483116865158,0.018311035353690386,0.0,0.0,0,0,0,0,0.0,0.0,0.0,0,0,False,0.11458151787519455,8.516973514052519e-05,0.00025550920542157554,11272,0
1410,410,supervised,0.11617324873805046,0.018168468959629536,0.0,0.0,0,0,0,0,0.0,0.0,0.0,0,0,False,0.1145874485373497,8.51464667509988e-05,0.0002554394002529964,11280,0
1411,411,supervised,0.08416028693318367,0.01949043944478035,0.0,0.0,0,0,0,0,0.0,0.0,0.0,0,0,False,0.11459318548440933,8.51231833058426e-05,0.0002553695499175277,11288,0
1412,412,supervised,0.29876504838466644,0.014865671284496784,0.0,0.0,0,0,0,0,0.0,0.0,0.0,0,0,False,0.11459848284721375,8.509988481503048e-05,0.0002552996544450914,11296,0
1413,413,supervised,0.30415548384189606,0.02052616234868765,0.0,0.0,0,0,0,0,0.0,0.0,0.0,0,0,False,0.11460326611995697,8.50765712885428e-05,0.00025522971386562833,11304,0
1414,414,supervised,0.19009976089000702,0.015679337084293365,0.0,0.0,0,0,0,0,0.0,0.0,0.0,0,0,False,0.11460848897695541,8.50532427363663e-05,0.00025515972820909884,11312,0
1415,415,supervised,0.10939247161149979,0.024323703721165657,0.0,0.0,0,0,0,0,0.0,0.0,0.0,0,0,False,0.11461323499679565,8.502989916849422e-05,0.00025508969750548264,11320,0
1416,416,supervised,0.11039301380515099,0.02291953470557928,0.0,0.0,0,0,0,0,0.0,0.0,0.0,0,0,False,0.11461739987134933,8.500654059492618e-05,0.00025501962178477855,11328,0
1417,417,supervised,0.23549938201904297,0.015547070186585188,0.0,0.0,0,0,0,0,0.0,0.0,0.0,0,0,False,0.11462131887674332,8.498316702566828e-05,0.0002549495010770048,11336,0
1418,418,supervised,0.13117436319589615,0.020769840572029352,0.0,0.0,0,0,0,0,0.0,0.0,0.0,0,0,False,0.11462532728910446,8.495977847073297e-05,0.0002548793354121989,11344,0
1419,419,supervised,0.1981106549501419,0.015102931298315525,0.0,0.0,0,0,0,0,0.0,0.0,0.0,0,0,False,0.11462964117527008,8.493637494013921e-05,0.0002548091248204176,11352,0
1420,420,supervised,0.16888444125652313,0.02021987084299326,0.0,0.0,0,0,0,0,0.0,0.0,0.0,0,0,False,0.11463480442762375,8.491295644391231e-05,0.0002547388693317369,11360,0
1421,421,supervised,0.17548618465662003,0.019496184773743153,0.0,0.0,0,0,0,0,0.0,0.0,0.0,0,0,False,0.11463946104049683,8.488952299208401e-05,0.000254668568976252,11368,0
1422,422,supervised,0.3051699250936508,0.01882337126880884,0.0,0.0,0,0,0,0,0.0,0.0,0.0,0,0,False,0.11464482545852661,8.486607459469244e-05,0.0002545982237840773,11376,0
1423,423,supervised,0.18295759707689285,0.020014950074255466,0.0,0.0,0,0,0,0,0.0,0.0,0.0,0,0,False,0.1146523505449295,8.48426112617822e-05,0.00025452783378534654,11384,0
1424,424,supervised,0.1403588280081749,0.019165844656527042,0.0,0.0,0,0,0,0,0.0,0.0,0.0,0,0,False,0.11465954780578613,8.481913300340416e-05,0.00025445739901021244,11392,0
1425,425,supervised,0.14555008336901665,0.01777759287506342,0.0,0.0,0,0,0,0,0.0,0.0,0.0,0,0,False,0.11466661840677261,8.479563982961571e-05,0.0002543869194888471,11400,0
1426,426,supervised,0.34432944655418396,0.014972228091210127,0.0,0.0,0,0,0,0,0.0,0.0,0.0,0,0,False,0.11467331647872925,8.477213175048058e-05,0.00025431639525144175,11408,0
1427,427,supervised,0.21422405540943146,0.02385062538087368,0.0,0.0,0,0,0,0,0.0,0.0,0.0,0,0,False,0.11467939615249634,8.474860877606887e-05,0.0002542458263282066,11416,0
1428,428,supervised,0.21922075003385544,0.016309551429003477,0.0,0.0,0,0,0,0,0.0,0.0,0.0,0,0,False,0.11468537896871567,8.47250709164571e-05,0.0002541752127493713,11424,0
1429,429,supervised,0.20697804540395737,0.015902703627943993,0.0,0.0,0,0,0,0,0.0,0.0,0.0,0,0,False,0.11469084769487381,8.470151818172809e-05,0.00025410455454518425,11432,0
1430,430,supervised,0.2599673867225647,0.019749756902456284,0.0,0.0,0,0,0,0,0.0,0.0,0.0,0,0,False,0.11469590663909912,8.467795058197112e-05,0.00025403385174591335,11440,0
1431,431,supervised,0.16852596402168274,0.017922744154930115,0.0,0.0,0,0,0,0,0.0,0.0,0.0,0,0,False,0.11470123380422592,8.46543681272818e-05,0.00025396310438184535,11448,0
1432,432,supervised,0.09749043360352516,0.020219395868480206,0.0,0.0,0,0,0,0,0.0,0.0,0.0,0,0,False,0.11470624059438705,8.46307708277621e-05,0.00025389231248328624,11456,0
1433,433,supervised,0.14871136099100113,0.016300178598612547,0.0,0.0,0,0,0,0,0.0,0.0,0.0,0,0,False,0.11471129953861237,8.460715869352035e-05,0.00025382147608056104,11464,0
1434,434,supervised,0.24684761464595795,0.016243761405348778,0.0,0.0,0,0,0,0,0.0,0.0,0.0,0,0,False,0.11471637338399887,8.458353173467124e-05,0.0002537505952040137,11472,0
1435,435,supervised,0.29385197162628174,0.020069212652742863,0.0,0.0,0,0,0,0,0.0,0.0,0.0,0,0,False,0.11472134292125702,8.455988996133581e-05,0.0002536796698840074,11480,0
1436,436,supervised,0.21709729731082916,0.019497827626764774,0.0,0.0,0,0,0,0,0.0,0.0,0.0,0,0,False,0.11472617089748383,8.453623338364145e-05,0.00025360870015092433,11488,0
1437,437,supervised,0.20333322882652283,0.01621461706236005,0.0,0.0,0,0,0,0,0.0,0.0,0.0,0,0,False,0.11473093181848526,8.451256201172186e-05,0.00025353768603516555,11496,0
1438,438,supervised,0.11534547060728073,0.030747932381927967,0.0,0.0,0,0,0,0,0.0,0.0,0.0,0,0,False,0.1147354245185852,8.448887585571714e-05,0.0002534666275671514,11504,0
1439,439,supervised,0.1571686491370201,0.018742687068879604,0.0,0.0,0,0,0,0,0.0,0.0,0.0,0,0,False,0.11474011838436127,8.446517492577367e-05,0.000253395524777321,11512,0
1440,440,supervised,0.2230796068906784,0.017687208950519562,0.0,0.0,0,0,0,0,0.0,0.0,0.0,0,0,False,0.11474502086639404,8.444145923204417e-05,0.0002533243776961325,11520,0
1441,441,supervised,0.2672946825623512,0.017819234170019627,0.0,0.0,0,0,0,0,0.0,0.0,0.0,0,0,False,0.11474988609552383,8.44177287846877e-05,0.0002532531863540631,11528,0
1442,442,supervised,0.1886829063296318,0.019095798023045063,0.0,0.0,0,0,0,0,0.0,0.0,0.0,0,0,False,0.11475451290607452,8.439398359386963e-05,0.0002531819507816089,11536,0
1443,443,supervised,0.24025367200374603,0.014980499166995287,0.0,0.0,0,0,0,0,0.0,0.0,0.0,0,0,False,0.11475913226604462,8.437022366976163e-05,0.0002531106710092849,11544,0
1444,444,supervised,0.17381544038653374,0.021247784607112408,0.0,0.0,0,0,0,0,0.0,0.0,0.0,0,0,False,0.11476363986730576,8.434644902254172e-05,0.0002530393470676251,11552,0
1445,445,supervised,0.21761824190616608,0.019557985477149487,0.0,0.0,0,0,0,0,0.0,0.0,0.0,0,0,False,0.11476799845695496,8.432265966239419e-05,0.00025296797898718255,11560,0
1446,446,supervised,0.22236941009759903,0.020931819453835487,0.0,0.0,0,0,0,0,0.0,0.0,0.0,0,0,False,0.11477211862802505,8.429885559950964e-05,0.0002528965667985289,11568,0
1447,447,supervised,0.1138998530805111,0.02070747222751379,0.0,0.0,0,0,0,0,0.0,0.0,0.0,0,0,False,0.11477671563625336,8.427503684408498e-05,0.00025282511053225493,11576,0
1448,448,supervised,0.14391640573740005,0.022505047731101513,0.0,0.0,0,0,0,0,0.0,0.0,0.0,0,0,False,0.11478105187416077,8.425120340632342e-05,0.0002527536102189702,11584,0
1449,449,supervised,0.2179657369852066,0.018189153634011745,0.0,0.0,0,0,0,0,0.0,0.0,0.0,0,0,False,0.11478546261787415,8.422735529643444e-05,0.0002526820658893033,11592,0
1450,450,supervised,0.1845206692814827,0.020739899948239326,0.0,0.0,0,0,0,0,0.0,0.0,0.0,0,0,False,0.1147899404168129,8.42034925246338e-05,0.0002526104775739014,11600,0
1451,451,supervised,0.17916448414325714,0.01966081280261278,0.0,0.0,0,0,0,0,0.0,0.0,0.0,0,0,False,0.11479413509368896,8.417961510114356e-05,0.0002525388453034307,11608,0
1452,452,supervised,0.14729499444365501,0.014806118793785572,0.0,0.0,0,0,0,0,0.0,0.0,0.0,0,0,False,0.11479850858449936,8.415572303619207e-05,0.0002524671691085762,11616,0
1453,453,supervised,0.2730138599872589,0.014875123277306557,0.0,0.0,0,0,0,0,0.0,0.0,0.0,0,0,False,0.11480462551116943,8.413181634001391e-05,0.0002523954490200417,11624,0
1454,454,supervised,0.17985770106315613,0.017244826070964336,0.0,0.0,0,0,0,0,0.0,0.0,0.0,0,0,False,0.11481032520532608,8.410789502284994e-05,0.0002523236850685498,11632,0
1455,455,supervised,0.1706087365746498,0.015748676378279924,0.0,0.0,0,0,0,0,0.0,0.0,0.0,0,0,False,0.11481572687625885,8.408395909494733e-05,0.00025225187728484193,11640,0
1456,456,supervised,0.21058855950832367,0.01979635003954172,0.0,0.0,0,0,0,0,0.0,0.0,0.0,0,0,False,0.11482062190771103,8.406000856655943e-05,0.00025218002569967824,11648,0
1457,457,supervised,0.1643417403101921,0.02358336839824915,0.0,0.0,0,0,0,0,0.0,0.0,0.0,0,0,False,0.11482495814561844,8.40360434479459e-05,0.0002521081303438377,11656,0
1458,458,supervised,0.2117987647652626,0.016144318040460348,0.0,0.0,0,0,0,0,0.0,0.0,0.0,0,0,False,0.1148293986916542,8.401206374937262e-05,0.00025203619124811784,11664,0
1459,459,supervised,0.21445517241954803,0.015096637420356274,0.0,0.0,0,0,0,0,0.0,0.0,0.0,0,0,False,0.11483515799045563,8.398806948111179e-05,0.0002519642084433354,11672,0
1460,460,supervised,0.21727191656827927,0.018346799537539482,0.0,0.0,0,0,0,0,0.0,0.0,0.0,0,0,False,0.11484046280384064,8.396406065344174e-05,0.00025189218196032515,11680,0
1461,461,supervised,0.26741093397140503,0.015114758163690567,0.0,0.0,0,0,0,0,0.0,0.0,0.0,0,0,False,0.11484552919864655,8.39400372766471e-05,0.0002518201118299413,11688,0
1462,462,supervised,0.21891090273857117,0.018575374968349934,0.0,0.0,0,0,0,0,0.0,0.0,0.0,0,0,False,0.11485052853822708,8.39159993610187e-05,0.00025174799808305606,11696,0
1463,463,supervised,0.25048571825027466,0.026499818079173565,0.0,0.0,0,0,0,0,0.0,0.0,0.0,0,0,False,0.11485614627599716,8.389194691685367e-05,0.000251675840750561,11704,0
1464,464,supervised,0.22172857820987701,0.017767700366675854,0.0,0.0,0,0,0,0,0.0,0.0,0.0,0,0,False,0.11486133188009262,8.386787995445528e-05,0.0002516036398633658,11712,0
1465,465,supervised,0.11604031920433044,0.023288692347705364,0.0,0.0,0,0,0,0,0.0,0.0,0.0,0,0,False,0.11486588418483734,8.384379848413304e-05,0.0002515313954523991,11720,0
1466,466,supervised,0.18619638681411743,0.016198901925235987,0.0,0.0,0,0,0,0,0.0,0.0,0.0,0,0,False,0.11487030237913132,8.381970251620271e-05,0.0002514591075486081,11728,0
1467,467,supervised,0.11179456859827042,0.016622090712189674,0.0,0.0,0,0,0,0,0.0,0.0,0.0,0,0,False,0.11487561464309692,8.379559206098624e-05,0.0002513867761829587,11736,0
1468,468,supervised,0.2952630817890167,0.016111723612993956,0.0,0.0,0,0,0,0,0.0,0.0,0.0,0,0,False,0.11488053947687149,8.377146712881177e-05,0.00025131440138643525,11744,0
1469,469,supervised,0.11985915154218674,0.018717505037784576,0.0,0.0,0,0,0,0,0.0,0.0,0.0,0,0,False,0.1148855984210968,8.374732773001366e-05,0.00025124198319004097,11752,0
1470,470,supervised,0.19995753467082977,0.015143494121730328,0.0,0.0,0,0,0,0,0.0,0.0,0.0,0,0,False,0.11489129811525345,8.372317387493245e-05,0.0002511695216247973,11760,0
1471,471,supervised,0.15526727586984634,0.019991355016827583,0.0,0.0,0,0,0,0,0.0,0.0,0.0,0,0,False,0.1148967519402504,8.36990055739149e-05,0.0002510970167217447,11768,0
1472,472,supervised,0.21618419140577316,0.015492801554501057,0.0,0.0,0,0,0,0,0.0,0.0,0.0,0,0,False,0.1149027943611145,8.367482283731394e-05,0.0002510244685119418,11776,0
1473,473,supervised,0.10292630270123482,0.01697325985878706,0.0,0.0,0,0,0,0,0.0,0.0,0.0,0,0,False,0.11490876227617264,8.365062567548867e-05,0.00025095187702646595,11784,0
1474,474,supervised,0.1990789845585823,0.015089543536305428,0.0,0.0,0,0,0,0,0.0,0.0,0.0,0,0,False,0.11491485685110092,8.36264140988044e-05,0.0002508792422964132,11792,0
1475,475,supervised,0.2398431971669197,0.015337918419390917,0.0,0.0,0,0,0,0,0.0,0.0,0.0,0,0,False,0.11492049694061279,8.360218811763261e-05,0.0002508065643528978,11800,0
1476,476,supervised,0.24912063777446747,0.014602814801037312,0.0,0.0,0,0,0,0,0.0,0.0,0.0,0,0,False,0.1149260550737381,8.357794774235092e-05,0.00025073384322705274,11808,0
1477,477,supervised,0.15977837145328522,0.023576579056680202,0.0,0.0,0,0,0,0,0.0,0.0,0.0,0,0,False,0.11493101716041565,8.355369298334316e-05,0.00025066107895002946,11816,0
1478,478,supervised,0.21401195228099823,0.015189753379672766,0.0,0.0,0,0,0,0,0.0,0.0,0.0,0,0,False,0.11493586748838425,8.352942385099927e-05,0.00025058827155299775,11824,0
1479,479,supervised,0.2979862242937088,0.015360366553068161,0.0,0.0,0,0,0,0,0.0,0.0,0.0,0,0,False,0.11494071781635284,8.35051403557154e-05,0.00025051542106714614,11832,0
1480,480,supervised,0.18570038676261902,0.029875227250158787,0.0,0.0,0,0,0,0,0.0,0.0,0.0,0,0,False,0.11494483798742294,8.348084250789378e-05,0.00025044252752368134,11840,0
1481,481,supervised,0.14807923510670662,0.020437023602426052,0.0,0.0,0,0,0,0,0.0,0.0,0.0,0,0,False,0.11494926363229752,8.345653031794292e-05,0.0002503695909538287,11848,0
1482,482,supervised,0.1629941202700138,0.018559214659035206,0.0,0.0,0,0,0,0,0.0,0.0,0.0,0,0,False,0.11495359241962433,8.343220379627732e-05,0.0002502966113888319,11856,0
1483,483,supervised,0.15926425904035568,0.01859197858721018,0.0,0.0,0,0,0,0,0.0,0.0,0.0,0,0,False,0.11495869606733322,8.340786295331771e-05,0.00025022358885995314,11864,0
1484,484,supervised,0.08849669992923737,0.015490087680518627,0.0,0.0,0,0,0,0,0.0,0.0,0.0,0,0,False,0.11496419459581375,8.338350779949096e-05,0.0002501505233984728,11872,0
1485,485,supervised,0.2262018769979477,0.01940262783318758,0.0,0.0,0,0,0,0,0.0,0.0,0.0,0,0,False,0.1149694100022316,8.335913834522999e-05,0.0002500774150356899,11880,0
1486,486,supervised,0.1632935106754303,0.016930577345192432,0.0,0.0,0,0,0,0,0.0,0.0,0.0,0,0,False,0.11497485637664795,8.333475460097394e-05,0.0002500042638029218,11888,0
1487,487,supervised,0.1961941197514534,0.01983162946999073,0.0,0.0,0,0,0,0,0.0,0.0,0.0,0,0,False,0.11498000472784042,8.331035657716802e-05,0.000249931069731504,11896,0
1488,488,supervised,0.18609122186899185,0.018596922978758812,0.0,0.0,0,0,0,0,0.0,0.0,0.0,0,0,False,0.11498545110225677,8.328594428426357e-05,0.00024985783285279067,11904,0
1489,489,supervised,0.1946352869272232,0.017826848663389683,0.0,0.0,0,0,0,0,0.0,0.0,0.0,0,0,False,0.11499069631099701,8.326151773271804e-05,0.0002497845531981541,11912,0
1490,490,supervised,0.1601216234266758,0.017311892472207546,0.0,0.0,0,0,0,0,0.0,0.0,0.0,0,0,False,0.11499626934528351,8.3237076932995e-05,0.00024971123079898497,11920,0
1491,491,supervised,0.14484355598688126,0.018801122903823853,0.0,0.0,0,0,0,0,0.0,0.0,0.0,0,0,False,0.11500166356563568,8.321262189556409e-05,0.00024963786568669223,11928,0
1492,492,supervised,0.2965918481349945,0.016342652030289173,0.0,0.0,0,0,0,0,0.0,0.0,0.0,0,0,False,0.11500704288482666,8.318815263090109e-05,0.0002495644578927032,11936,0
1493,493,supervised,0.17181532829999924,0.019730638712644577,0.0,0.0,0,0,0,0,0.0,0.0,0.0,0,0,False,0.1150122657418251,8.316366914948783e-05,0.00024949100744846346,11944,0
1494,494,supervised,0.197125643491745,0.01829201728105545,0.0,0.0,0,0,0,0,0.0,0.0,0.0,0,0,False,0.11501730978488922,8.31391714618123e-05,0.00024941751438543685,11952,0
1495,495,supervised,0.23817966133356094,0.01740905921906233,0.0,0.0,0,0,0,0,0.0,0.0,0.0,0,0,False,0.1150219514966011,8.311465957836848e-05,0.0002493439787351054,11960,0
1496,496,supervised,0.2183118686079979,0.015760296024382114,0.0,0.0,0,0,0,0,0.0,0.0,0.0,0,0,False,0.11502666771411896,8.309013350965653e-05,0.0002492704005289696,11968,0
1497,497,supervised,0.1617177464067936,0.015622160863131285,0.0,0.0,0,0,0,0,0.0,0.0,0.0,0,0,False,0.1150321215391159,8.306559326618259e-05,0.00024919677979854776,11976,0
1498,498,supervised,0.13085133582353592,0.024718737229704857,0.0,0.0,0,0,0,0,0.0,0.0,0.0,0,0,False,0.11503752321004868,8.304103885845898e-05,0.00024912311657537687,11984,0
1499,499,supervised,0.26065537333488464,0.018359893001616,0.0,0.0,0,0,0,0,0.0,0.0,0.0,0,0,False,0.11504252254962921,8.301647029700396e-05,0.00024904941089101186,11992,0
1500,500,supervised,0.1624187007546425,0.022383456118404865,0.0,0.0,0,0,0,0,0.0,0.0,0.0,0,0,False,0.11504723876714706,8.299188759234198e-05,0.0002489756627770259,12000,0
1501,501,supervised,0.15504948422312737,0.01498498860746622,0.0,0.0,0,0,0,0,0.0,0.0,0.0,0,0,False,0.11505202949047089,8.296729075500344e-05,0.0002489018722650103,12008,0
1502,502,supervised,0.09581253677606583,0.02068217284977436,0.0,0.0,0,0,0,0,0.0,0.0,0.0,0,0,False,0.115056611597538,8.294267979552489e-05,0.00024882803938657466,12016,0
1503,503,supervised,0.1738632619380951,0.01792952325195074,0.0,0.0,0,0,0,0,0.0,0.0,0.0,0,0,False,0.11506132781505585,8.291805472444887e-05,0.0002487541641733466,12024,0
1504,504,supervised,0.17836015671491623,0.0197105435654521,0.0,0.0,0,0,0,0,0.0,0.0,0.0,0,0,False,0.11506576091051102,8.289341555232395e-05,0.0002486802466569718,12032,0
1505,505,supervised,0.1518605872988701,0.020846698433160782,0.0,0.0,0,0,0,0,0.0,0.0,0.0,0,0,False,0.11507001519203186,8.28687622897048e-05,0.00024860628686911436,12040,0
1506,506,supervised,0.2535417079925537,0.021481100469827652,0.0,0.0,0,0,0,0,0.0,0.0,0.0,0,0,False,0.115074023604393,8.284409494715208e-05,0.0002485322848414562,12048,0
1507,507,supervised,0.15469073131680489,0.017147066071629524,0.0,0.0,0,0,0,0,0.0,0.0,0.0,0,0,False,0.1150788962841034,8.281941353523249e-05,0.00024845824060569743,12056,0
1508,508,supervised,0.2511649616062641,0.019060091115534306,0.0,0.0,0,0,0,0,0.0,0.0,0.0,0,0,False,0.11508387327194214,8.279471806451878e-05,0.0002483841541935563,12064,0
1509,509,supervised,0.20162184908986092,0.016763359308242798,0.0,0.0,0,0,0,0,0.0,0.0,0.0,0,0,False,0.11508868634700775,8.27700085455897e-05,0.00024831002563676903,12072,0
1510,510,supervised,0.1424182839691639,0.020484283566474915,0.0,0.0,0,0,0,0,0.0,0.0,0.0,0,0,False,0.11509335786104202,8.274528498903002e-05,0.00024823585496709004,12080,0
1511,511,supervised,0.14461372792720795,0.01506198663264513,0.0,0.0,0,0,0,0,0.0,0.0,0.0,0,0,False,0.11509856581687927,8.272054740543052e-05,0.00024816164221629154,12088,0
1512,512,supervised,0.3243779391050339,0.015293630305677652,0.0,0.0,0,0,0,0,0.0,0.0,0.0,0,0,False,0.11510343849658966,8.269579580538801e-05,0.000248087387416164,12096,0
1513,513,supervised,0.19845229387283325,0.018256332725286484,0.0,0.0,0,0,0,0,0.0,0.0,0.0,0,0,False,0.11510825157165527,8.267103019950529e-05,0.00024801309059851583,12104,0
1514,514,supervised,0.20657698810100555,0.019541499204933643,0.0,0.0,0,0,0,0,0.0,0.0,0.0,0,0,False,0.11511274427175522,8.264625059839113e-05,0.0002479387517951733,12112,0
1515,515,supervised,0.16596511751413345,0.019789651967585087,0.0,0.0,0,0,0,0,0.0,0.0,0.0,0,0,False,0.11511741578578949,8.262145701266035e-05,0.000247864371037981,12120,0
1516,516,supervised,0.14954689145088196,0.020745924673974514,0.0,0.0,0,0,0,0,0.0,0.0,0.0,0,0,False,0.11512193083763123,8.259664945293371e-05,0.0002477899483588011,12128,0
1517,517,supervised,0.110320083796978,0.01932110171765089,0.0,0.0,0,0,0,0,0.0,0.0,0.0,0,0,False,0.11512649059295654,8.257182792983802e-05,0.000247715483789514,12136,0
1518,518,supervised,0.2119693085551262,0.016109075397253036,0.0,0.0,0,0,0,0,0.0,0.0,0.0,0,0,False,0.11513283848762512,8.254699245400601e-05,0.000247640977362018,12144,0
1519,519,supervised,0.16921067982912064,0.015234441496431828,0.0,0.0,0,0,0,0,0.0,0.0,0.0,0,0,False,0.11513956636190414,8.25221430360764e-05,0.00024756642910822915,12152,0
1520,520,supervised,0.27340371161699295,0.018063214141875505,0.0,0.0,0,0,0,0,0.0,0.0,0.0,0,0,False,0.11514492332935333,8.249727968669391e-05,0.0002474918390600817,12160,0
1521,521,supervised,0.2682960480451584,0.019362342078238726,0.0,0.0,0,0,0,0,0.0,0.0,0.0,0,0,False,0.11514966189861298,8.247240241650918e-05,0.0002474172072495275,12168,0
1522,522,supervised,0.23245037347078323,0.01457846025004983,0.0,0.0,0,0,0,0,0.0,0.0,0.0,0,0,False,0.11515580862760544,8.244751123617888e-05,0.0002473425337085366,12176,0
1523,523,supervised,0.13641748577356339,0.01566935982555151,0.0,0.0,0,0,0,0,0.0,0.0,0.0,0,0,False,0.11516166478395462,8.242260615636558e-05,0.0002472678184690967,12184,0
1524,524,supervised,0.1663467213511467,0.01492184167727828,0.0,0.0,0,0,0,0,0.0,0.0,0.0,0,0,False,0.11516889929771423,8.239768718773782e-05,0.0002471930615632134,12192,0
1525,525,supervised,0.15227043256163597,0.02089104801416397,0.0,0.0,0,0,0,0,0.0,0.0,0.0,0,0,False,0.11517544090747833,8.237275434097012e-05,0.0002471182630229103,12200,0
1526,526,supervised,0.1588340774178505,0.019775211811065674,0.0,0.0,0,0,0,0,0.0,0.0,0.0,0,0,False,0.11518166959285736,8.234780762674288e-05,0.0002470434228802286,12208,0
1527,527,supervised,0.09520293399691582,0.024241801351308823,0.0,0.0,0,0,0,0,0.0,0.0,0.0,0,0,False,0.11518750339746475,8.23228470557425e-05,0.0002469685411672275,12216,0
1528,528,supervised,0.17132137715816498,0.016676933970302343,0.0,0.0,0,0,0,0,0.0,0.0,0.0,0,0,False,0.11519390344619751,8.229787263866131e-05,0.0002468936179159839,12224,0
1529,529,supervised,0.18355460464954376,0.01761724054813385,0.0,0.0,0,0,0,0,0.0,0.0,0.0,0,0,False,0.11519991606473923,8.227288438619754e-05,0.0002468186531585926,12232,0
1530,530,supervised,0.2630167230963707,0.018078708089888096,0.0,0.0,0,0,0,0,0.0,0.0,0.0,0,0,False,0.11520589143037796,8.224788230905535e-05,0.00024674364692716603,12240,0
1531,531,supervised,0.15121731162071228,0.016187112778425217,0.0,0.0,0,0,0,0,0.0,0.0,0.0,0,0,False,0.11521152406930923,8.222286641794488e-05,0.0002466685992538346,12248,0
1532,532,supervised,0.11257778108119965,0.020538569428026676,0.0,0.0,0,0,0,0,0.0,0.0,0.0,0,0,False,0.11521699279546738,8.21978367235821e-05,0.0002465935101707463,12256,0
1533,533,supervised,0.267796628177166,0.013998658396303654,0.0,0.0,0,0,0,0,0.0,0.0,0.0,0,0,False,0.11522221565246582,8.217279323668895e-05,0.0002465183797100668,12264,0
1534,534,supervised,0.08308698609471321,0.016875315457582474,0.0,0.0,0,0,0,0,0.0,0.0,0.0,0,0,False,0.11522731930017471,8.214773596799328e-05,0.0002464432079039798,12272,0
1535,535,supervised,0.2077758014202118,0.018315430730581284,0.0,0.0,0,0,0,0,0.0,0.0,0.0,0,0,False,0.11523207277059555,8.21226649282288e-05,0.00024636799478468637,12280,0
1536,536,supervised,0.22723382711410522,0.026386311277747154,0.0,0.0,0,0,0,0,0.0,0.0,0.0,0,0,False,0.11523625999689102,8.209758012813516e-05,0.00024629274038440543,12288,0
1537,537,supervised,0.18263348564505577,0.017739075236022472,0.0,0.0,0,0,0,0,0.0,0.0,0.0,0,0,False,0.11524005979299545,8.207248157845791e-05,0.00024621744473537365,12296,0
1538,538,supervised,0.17623469606041908,0.025157875381410122,0.0,0.0,0,0,0,0,0.0,0.0,0.0,0,0,False,0.11524362117052078,8.204736928994843e-05,0.00024614210786984525,12304,0
1539,539,supervised,0.20141252130270004,0.0192410321906209,0.0,0.0,0,0,0,0,0.0,0.0,0.0,0,0,False,0.11524725705385208,8.202224327336405e-05,0.00024606672982009214,12312,0
1540,540,supervised,0.1572721041738987,0.028238138183951378,0.0,0.0,0,0,0,0,0.0,0.0,0.0,0,0,False,0.11525090038776398,8.199710353946798e-05,0.0002459913106184039,12320,0
1541,541,supervised,0.3711090311408043,0.01537497853860259,0.0,0.0,0,0,0,0,0.0,0.0,0.0,0,0,False,0.11525431275367737,8.197195009902924e-05,0.00024591585029708766,12328,0
1542,542,supervised,0.08346086740493774,0.0175945358350873,0.0,0.0,0,0,0,0,0.0,0.0,0.0,0,0,False,0.1152578592300415,8.19467829628228e-05,0.00024584034888846835,12336,0
1543,543,supervised,0.2497744783759117,0.01718184445053339,0.0,0.0,0,0,0,0,0.0,0.0,0.0,0,0,False,0.11526133865118027,8.192160214162942e-05,0.0002457648064248882,12344,0
1544,544,supervised,0.2618049159646034,0.015440791845321655,0.0,0.0,0,0,0,0,0.0,0.0,0.0,0,0,False,0.11526498943567276,8.189640764623584e-05,0.0002456892229387075,12352,0
1545,545,supervised,0.12342841923236847,0.016979776322841644,0.0,0.0,0,0,0,0,0.0,0.0,0.0,0,0,False,0.11526912450790405,8.18711994874345e-05,0.0002456135984623034,12360,0
1546,546,supervised,0.22395214438438416,0.022407101467251778,0.0,0.0,0,0,0,0,0.0,0.0,0.0,0,0,False,0.11527297645807266,8.18459776760238e-05,0.00024553793302807135,12368,0
1547,547,supervised,0.23845116049051285,0.02190931374207139,0.0,0.0,0,0,0,0,0.0,0.0,0.0,0,0,False,0.11527659744024277,8.182074222280798e-05,0.0002454622266684239,12376,0
1548,548,supervised,0.22485806047916412,0.017082547768950462,0.0,0.0,0,0,0,0,0.0,0.0,0.0,0,0,False,0.11528027057647705,8.17954931385971e-05,0.00024538647941579124,12384,0
1549,549,supervised,0.16606897860765457,0.017172614112496376,0.0,0.0,0,0,0,0,0.0,0.0,0.0,0,0,False,0.11528392136096954,8.177023043420705e-05,0.0002453106913026211,12392,0
1550,550,supervised,0.266778789460659,0.017581721767783165,0.0,0.0,0,0,0,0,0.0,0.0,0.0,0,0,False,0.11528734862804413,8.17449541204596e-05,0.00024523486236137875,12400,0
1551,551,supervised,0.18641860783100128,0.016432092059403658,0.0,0.0,0,0,0,0,0.0,0.0,0.0,0,0,False,0.1152915433049202,8.171966420818228e-05,0.0002451589926245468,12408,0
1552,552,supervised,0.12859183549880981,0.01504745427519083,0.0,0.0,0,0,0,0,0.0,0.0,0.0,0,0,False,0.11529561132192612,8.169436070820852e-05,0.0002450830821246255,12416,0
1553,553,supervised,0.20648794621229172,0.01693979324772954,0.0,0.0,0,0,0,0,0.0,0.0,0.0,0,0,False,0.11529973149299622,8.16690436313775e-05,0.0002450071308941325,12424,0
1554,554,supervised,0.19956772774457932,0.017463915050029755,0.0,0.0,0,0,0,0,0.0,0.0,0.0,0,0,False,0.11530379951000214,8.16437129885343e-05,0.0002449311389656029,12432,0
1555,555,supervised,0.23034675419330597,0.01888482365757227,0.0,0.0,0,0,0,0,0.0,0.0,0.0,0,0,False,0.11530860513448715,8.161836879052973e-05,0.00024485510637158915,12440,0
1556,556,supervised,0.14147016406059265,0.01810058206319809,0.0,0.0,0,0,0,0,0.0,0.0,0.0,0,0,False,0.1153133362531662,8.159301104822043e-05,0.00024477903314466126,12448,0
1557,557,supervised,0.1928536221385002,0.017597095109522343,0.0,0.0,0,0,0,0,0.0,0.0,0.0,0,0,False,0.115317702293396,8.156763977246889e-05,0.00024470291931740667,12456,0
1558,558,supervised,0.20091690868139267,0.016808807849884033,0.0,0.0,0,0,0,0,0.0,0.0,0.0,0,0,False,0.11532241851091385,8.154225497414332e-05,0.00024462676492242993,12464,0
1559,559,supervised,0.2149869129061699,0.016819139011204243,0.0,0.0,0,0,0,0,0.0,0.0,0.0,0,0,False,0.1153268814086914,8.151685666411779e-05,0.00024455056999235335,12472,0
1560,560,supervised,0.09731397777795792,0.019981916062533855,0.0,0.0,0,0,0,0,0.0,0.0,0.0,0,0,False,0.11533104628324509,8.14914448532721e-05,0.00024447433455981627,12480,0
1561,561,supervised,0.29035408794879913,0.014937329106032848,0.0,0.0,0,0,0,0,0.0,0.0,0.0,0,0,False,0.1153351292014122,8.146601955249188e-05,0.0002443980586574756,12488,0
1562,562,supervised,0.3047580420970917,0.014788121916353703,0.0,0.0,0,0,0,0,0.0,0.0,0.0,0,0,False,0.11533910781145096,8.144058077266852e-05,0.0002443217423180055,12496,0
1563,563,supervised,0.1977023109793663,0.015347203239798546,0.0,0.0,0,0,0,0,0.0,0.0,0.0,0,0,False,0.11534345149993896,8.141512852469919e-05,0.00024424538557409753,12504,0
1564,564,supervised,0.17576413601636887,0.0153456786647439,0.0,0.0,0,0,0,0,0.0,0.0,0.0,0,0,False,0.11534847319126129,8.138966281948681e-05,0.0002441689884584604,12512,0
1565,565,supervised,0.2006927952170372,0.01917305961251259,0.0,0.0,0,0,0,0,0.0,0.0,0.0,0,0,False,0.11535298079252243,8.136418366794008e-05,0.00024409255100382021,12520,0
1566,566,supervised,0.31013572216033936,0.014037187676876783,0.0,0.0,0,0,0,0,0.0,0.0,0.0,0,0,False,0.11535748094320297,8.133869108097348e-05,0.0002440160732429204,12528,0
1567,567,supervised,0.10463506355881691,0.0158788925036788,0.0,0.0,0,0,0,0,0.0,0.0,0.0,0,0,False,0.11536234617233276,8.13131850695072e-05,0.00024393955520852158,12536,0
1568,568,supervised,0.3158502131700516,0.019127286039292812,0.0,0.0,0,0,0,0,0.0,0.0,0.0,0,0,False,0.11536698788404465,8.128766564446724e-05,0.00024386299693340168,12544,0
1569,569,supervised,0.24049780517816544,0.018347562290728092,0.0,0.0,0,0,0,0,0.0,0.0,0.0,0,0,False,0.11537165194749832,8.126213281678528e-05,0.00024378639845035579,12552,0
1570,570,supervised,0.15897046029567719,0.020304910838603973,0.0,0.0,0,0,0,0,0.0,0.0,0.0,0,0,False,0.11537587642669678,8.123658659739874e-05,0.0002437097597921962,12560,0
1571,571,supervised,0.14547183364629745,0.021346223540604115,0.0,0.0,0,0,0,0,0.0,0.0,0.0,0,0,False,0.11537980288267136,8.121102699725089e-05,0.00024363308099175266,12568,0
1572,572,supervised,0.09141654521226883,0.018118632491678,0.0,0.0,0,0,0,0,0.0,0.0,0.0,0,0,False,0.11538368463516235,8.118545402729059e-05,0.00024355636208187175,12576,0
1573,573,supervised,0.22153642773628235,0.01927730208262801,0.0,0.0,0,0,0,0,0.0,0.0,0.0,0,0,False,0.11538765579462051,8.115986769847252e-05,0.00024347960309541755,12584,0
1574,574,supervised,0.15207429230213165,0.018221039324998856,0.0,0.0,0,0,0,0,0.0,0.0,0.0,0,0,False,0.11539310961961746,8.113426802175704e-05,0.00024340280406527106,12592,0
1575,575,supervised,0.13118521124124527,0.0172716174274683,0.0,0.0,0,0,0,0,0.0,0.0,0.0,0,0,False,0.11539909988641739,8.11086550081102e-05,0.0002433259650243306,12600,0
1576,576,supervised,0.30519814789295197,0.020667817443609238,0.0,0.0,0,0,0,0,0.0,0.0,0.0,0,0,False,0.1154046356678009,8.108302866850387e-05,0.00024324908600551162,12608,0
1577,577,supervised,0.17883818969130516,0.02407187595963478,0.0,0.0,0,0,0,0,0.0,0.0,0.0,0,0,False,0.11540991812944412,8.105738901391552e-05,0.00024317216704174653,12616,0
1578,578,supervised,0.2070263773202896,0.02347923070192337,0.0,0.0,0,0,0,0,0.0,0.0,0.0,0,0,False,0.11541490256786346,8.103173605532837e-05,0.00024309520816598508,12624,0
1579,579,supervised,0.21370361372828484,0.018132327124476433,0.0,0.0,0,0,0,0,0.0,0.0,0.0,0,0,False,0.11541949957609177,8.100606980373133e-05,0.00024301820941119396,12632,0
1580,580,supervised,0.2030288651585579,0.016151855699718,0.0,0.0,0,0,0,0,0.0,0.0,0.0,0,0,False,0.1154237911105156,8.098039027011901e-05,0.000242941170810357,12640,0
1581,581,supervised,0.25018658488988876,0.018034406937658787,0.0,0.0,0,0,0,0,0.0,0.0,0.0,0,0,False,0.11542785912752151,8.095469746549172e-05,0.0002428640923964751,12648,0
1582,582,supervised,0.2495778128504753,0.014850690495222807,0.0,0.0,0,0,0,0,0.0,0.0,0.0,0,0,False,0.11543203145265579,8.09289914008554e-05,0.00024278697420256615,12656,0
1583,583,supervised,0.23908396437764168,0.017120108474045992,0.0,0.0,0,0,0,0,0.0,0.0,0.0,0,0,False,0.11543668061494827,8.090327208722175e-05,0.00024270981626166522,12664,0
1584,584,supervised,0.20399504899978638,0.014699028339236975,0.0,0.0,0,0,0,0,0.0,0.0,0.0,0,0,False,0.11544105410575867,8.087753953560808e-05,0.00024263261860682422,12672,0
1585,585,supervised,0.09193496406078339,0.018643155694007874,0.0,0.0,0,0,0,0,0.0,0.0,0.0,0,0,False,0.11544527113437653,8.085179375703744e-05,0.0002425553812711123,12680,0
1586,586,supervised,0.19719748198986053,0.015577364712953568,0.0,0.0,0,0,0,0,0.0,0.0,0.0,0,0,False,0.11544986814260483,8.082603476253847e-05,0.00024247810428761537,12688,0
1587,587,supervised,0.14891361445188522,0.014471090864390135,0.0,0.0,0,0,0,0,0.0,0.0,0.0,0,0,False,0.11545447260141373,8.08002625631455e-05,0.00024240078768943647,12696,0
1588,588,supervised,0.15493393689393997,0.0169075820595026,0.0,0.0,0,0,0,0,0.0,0.0,0.0,0,0,False,0.1154591292142868,8.077447716989855e-05,0.0002423234315096956,12704,0
1589,589,supervised,0.17160897701978683,0.019444803707301617,0.0,0.0,0,0,0,0,0.0,0.0,0.0,0,0,False,0.11546341329813004,8.074867859384322e-05,0.00024224603578152962,12712,0
1590,590,supervised,0.24280254542827606,0.01482270983979106,0.0,0.0,0,0,0,0,0.0,0.0,0.0,0,0,False,0.11547143757343292,8.072286684603085e-05,0.0002421686005380925,12720,0
1591,591,supervised,0.09408171847462654,0.01802414795383811,0.0,0.0,0,0,0,0,0.0,0.0,0.0,0,0,False,0.11547916382551193,8.069704193751832e-05,0.00024209112581255495,12728,0
1592,592,supervised,0.2959289848804474,0.014982049353420734,0.0,0.0,0,0,0,0,0.0,0.0,0.0,0,0,False,0.11548664420843124,8.067120387936826e-05,0.00024201361163810476,12736,0
1593,593,supervised,0.184573482722044,0.017712649889290333,0.0,0.0,0,0,0,0,0.0,0.0,0.0,0,0,False,0.11549335718154907,8.064535268264883e-05,0.00024193605804794646,12744,0
1594,594,supervised,0.2549211084842682,0.015721984673291445,0.0,0.0,0,0,0,0,0.0,0.0,0.0,0,0,False,0.11550040543079376,8.061948835843387e-05,0.00024185846507530158,12752,0
1595,595,supervised,0.14502768218517303,0.01928010955452919,0.0,0.0,0,0,0,0,0.0,0.0,0.0,0,0,False,0.11550723016262054,8.059361091780286e-05,0.00024178083275340853,12760,0
1596,596,supervised,0.24634400010108948,0.018886789679527283,0.0,0.0,0,0,0,0,0.0,0.0,0.0,0,0,False,0.11551352590322495,8.056772037184082e-05,0.00024170316111552244,12768,0
1597,597,supervised,0.2634832412004471,0.014452319592237473,0.0,0.0,0,0,0,0,0.0,0.0,0.0,0,0,False,0.11552010476589203,8.05418167316385e-05,0.00024162545019491545,12776,0
1598,598,supervised,0.16793229430913925,0.01720210025086999,0.0,0.0,0,0,0,0,0.0,0.0,0.0,0,0,False,0.11552698165178299,8.051590000829216e-05,0.00024154770002487644,12784,0
1599,599,supervised,0.19363875687122345,0.017891093157231808,0.0,0.0,0,0,0,0,0.0,0.0,0.0,0,0,False,0.11553377658128738,8.04899702129037e-05,0.00024146991063871107,12792,0
1600,600,supervised,0.2659919410943985,0.017233912833034992,0.0,0.0,0,0,0,0,0.0,0.0,0.0,0,0,False,0.11554024368524551,8.046402735658063e-05,0.00024139208206974187,12800,0
1601,601,supervised,0.21491234377026558,0.014748834073543549,0.0,0.0,0,0,0,0,0.0,0.0,0.0,0,0,False,0.1155460774898529,8.043807145043604e-05,0.00024131421435130807,12808,0
1602,602,supervised,0.30064380168914795,0.01950655272230506,0.0,0.0,0,0,0,0,0.0,0.0,0.0,0,0,False,0.11555134505033493,8.041210250558861e-05,0.0002412363075167658,12816,0
1603,603,supervised,0.21805299073457718,0.020057966001331806,0.0,0.0,0,0,0,0,0.0,0.0,0.0,0,0,False,0.1155562624335289,8.038612053316265e-05,0.0002411583615994879,12824,0
1604,604,supervised,0.14522750675678253,0.01832168735563755,0.0,0.0,0,0,0,0,0.0,0.0,0.0,0,0,False,0.11556100100278854,8.036012554428796e-05,0.00024108037663286383,12832,0
1605,605,supervised,0.2986840307712555,0.015006381552666426,0.0,0.0,0,0,0,0,0.0,0.0,0.0,0,0,False,0.11556562036275864,8.033411755009999e-05,0.00024100235265029992,12840,0
1606,606,supervised,0.1401299610733986,0.015882863197475672,0.0,0.0,0,0,0,0,0.0,0.0,0.0,0,0,False,0.1155707836151123,8.030809656173974e-05,0.0002409242896852192,12848,0
1607,607,supervised,0.26655180752277374,0.015857229474931955,0.0,0.0,0,0,0,0,0.0,0.0,0.0,0,0,False,0.11557602882385254,8.028206259035377e-05,0.0002408461877710613,12856,0
1608,608,supervised,0.23207368701696396,0.01635699812322855,0.0,0.0,0,0,0,0,0.0,0.0,0.0,0,0,False,0.11558092385530472,8.025601564709421e-05,0.00024076804694128263,12864,0
1609,609,supervised,0.19171591848134995,0.016027821227908134,0.0,0.0,0,0,0,0,0.0,0.0,0.0,0,0,False,0.11558611690998077,8.022995574311876e-05,0.00024068986722935624,12872,0
1610,610,supervised,0.1822829693555832,0.018599364906549454,0.0,0.0,0,0,0,0,0.0,0.0,0.0,0,0,False,0.1155908852815628,8.020388288959061e-05,0.0002406116486687718,12880,0
1611,611,supervised,0.1202428862452507,0.01599432434886694,0.0,0.0,0,0,0,0,0.0,0.0,0.0,0,0,False,0.1155964806675911,8.017779709767858e-05,0.0002405333912930357,12888,0
1612,612,supervised,0.26499059796333313,0.0160846970975399,0.0,0.0,0,0,0,0,0.0,0.0,0.0,0,0,False,0.11560195684432983,8.015169837855698e-05,0.00024045509513567092,12896,0
1613,613,supervised,0.2860508859157562,0.020286306738853455,0.0,0.0,0,0,0,0,0.0,0.0,0.0,0,0,False,0.11560724675655365,8.012558674340566e-05,0.00024037676023021696,12904,0
1614,614,supervised,0.14903009310364723,0.018121646717190742,0.0,0.0,0,0,0,0,0.0,0.0,0.0,0,0,False,0.11561242491006851,8.009946220341007e-05,0.00024029838661023017,12912,0
1615,615,supervised,0.1892784684896469,0.018007173668593168,0.0,0.0,0,0,0,0,0.0,0.0,0.0,0,0,False,0.11561737209558487,8.007332476976106e-05,0.00024021997430928314,12920,0
1616,616,supervised,0.17223528027534485,0.01745415572077036,0.0,0.0,0,0,0,0,0.0,0.0,0.0,0,0,False,0.11562241613864899,8.004717445365512e-05,0.00024014152336096535,12928,0
1617,617,supervised,0.15135632827877998,0.01708576176315546,0.0,0.0,0,0,0,0,0.0,0.0,0.0,0,0,False,0.11562728881835938,8.002101126629421e-05,0.0002400630337988826,12936,0
1618,618,supervised,0.16206524521112442,0.018088940531015396,0.0,0.0,0,0,0,0,0.0,0.0,0.0,0,0,False,0.11563201993703842,7.99948352188858e-05,0.00023998450565665736,12944,0
1619,619,supervised,0.20122316479682922,0.017356419004499912,0.0,0.0,0,0,0,0,0.0,0.0,0.0,0,0,False,0.11563657969236374,7.996864632264287e-05,0.00023990593896792858,12952,0
1620,620,supervised,0.23167242854833603,0.015239773783832788,0.0,0.0,0,0,0,0,0.0,0.0,0.0,0,0,False,0.11564182490110397,7.994244458878392e-05,0.00023982733376635173,12960,0
1621,621,supervised,0.1629246398806572,0.018355971202254295,0.0,0.0,0,0,0,0,0.0,0.0,0.0,0,0,False,0.11564682424068451,7.991623002853296e-05,0.00023974869008559885,12968,0
1622,622,supervised,0.1552063599228859,0.016880580224096775,0.0,0.0,0,0,0,0,0.0,0.0,0.0,0,0,False,0.11565135419368744,7.989000265311945e-05,0.0002396700079593583,12976,0
1623,623,supervised,0.10725656896829605,0.01981213502585888,0.0,0.0,0,0,0,0,0.0,0.0,0.0,0,0,False,0.1156557947397232,7.986376247377836e-05,0.00023959128742133504,12984,0
1624,624,supervised,0.2842446565628052,0.015951302833855152,0.0,0.0,0,0,0,0,0.0,0.0,0.0,0,0,False,0.11565988510847092,7.983750950175016e-05,0.00023951252850525046,12992,0
1625,625,supervised,0.08730244264006615,0.01959800161421299,0.0,0.0,0,0,0,0,0.0,0.0,0.0,0,0,False,0.11566402018070221,7.98112437482808e-05,0.00023943373124484234,13000,0
1626,626,supervised,0.21566128730773926,0.014573079533874989,0.0,0.0,0,0,0,0,0.0,0.0,0.0,0,0,False,0.11566884070634842,7.978496522462167e-05,0.000239354895673865,13008,0
1627,627,supervised,0.08923103287816048,0.020153414458036423,0.0,0.0,0,0,0,0,0.0,0.0,0.0,0,0,False,0.11567340791225433,7.975867394202968e-05,0.00023927602182608902,13016,0
1628,628,supervised,0.2664716839790344,0.014803396537899971,0.0,0.0,0,0,0,0,0.0,0.0,0.0,0,0,False,0.11567825824022293,7.973236991176715e-05,0.00023919710973530143,13024,0
1629,629,supervised,0.10585270076990128,0.02038400759920478,0.0,0.0,0,0,0,0,0.0,0.0,0.0,0,0,False,0.11568298190832138,7.970605314510194e-05,0.00023911815943530577,13032,0
1630,630,supervised,0.24252520501613617,0.016879023052752018,0.0,0.0,0,0,0,0,0.0,0.0,0.0,0,0,False,0.115687295794487,7.967972365330725e-05,0.0002390391709599217,13040,0
1631,631,supervised,0.2019781768321991,0.015182943549007177,0.0,0.0,0,0,0,0,0.0,0.0,0.0,0,0,False,0.11569176614284515,7.965338144766186e-05,0.00023896014434298554,13048,0
1632,632,supervised,0.14608118683099747,0.021292507648468018,0.0,0.0,0,0,0,0,0.0,0.0,0.0,0,0,False,0.11569586396217346,7.96270265394499e-05,0.00023888107961834968,13056,0
1633,633,supervised,0.16594519838690758,0.01686037750914693,0.0,0.0,0,0,0,0,0.0,0.0,0.0,0,0,False,0.11570032685995102,7.960065893996098e-05,0.00023880197681988292,13064,0
1634,634,supervised,0.09321950003504753,0.016746628563851118,0.0,0.0,0,0,0,0,0.0,0.0,0.0,0,0,False,0.11570515483617783,7.957427866049014e-05,0.0002387228359814704,13072,0
1635,635,supervised,0.15911924839019775,0.017055530101060867,0.0,0.0,0,0,0,0,0.0,0.0,0.0,0,0,False,0.11570991575717926,7.954788571233787e-05,0.00023864365713701356,13080,0
1636,636,supervised,0.31792864203453064,0.02069395687431097,0.0,0.0,0,0,0,0,0.0,0.0,0.0,0,0,False,0.1157141849398613,7.952148010681006e-05,0.00023856444032043016,13088,0
1637,637,supervised,0.11982239410281181,0.018483412452042103,0.0,0.0,0,0,0,0,0.0,0.0,0.0,0,0,False,0.11571860313415527,7.949506185521802e-05,0.00023848518556565405,13096,0
1638,638,supervised,0.1084538921713829,0.022010212764143944,0.0,0.0,0,0,0,0,0.0,0.0,0.0,0,0,False,0.11572293937206268,7.946863096887851e-05,0.0002384058929066355,13104,0
1639,639,supervised,0.19125687330961227,0.022764393128454685,0.0,0.0,0,0,0,0,0.0,0.0,0.0,0,0,False,0.11572685092687607,7.944218745911366e-05,0.00023832656237734098,13112,0
1640,640,supervised,0.25208282470703125,0.017371869646012783,0.0,0.0,0,0,0,0,0.0,0.0,0.0,0,0,False,0.11573058366775513,7.941573133725106e-05,0.00023824719401175317,13120,0
1641,641,supervised,0.14239687472581863,0.02092486061155796,0.0,0.0,0,0,0,0,0.0,0.0,0.0,0,0,False,0.11573398113250732,7.938926261462366e-05,0.00023816778784387094,13128,0
1642,642,supervised,0.21110116690397263,0.015490741934627295,0.0,0.0,0,0,0,0,0.0,0.0,0.0,0,0,False,0.115737684071064,7.93627813025698e-05,0.00023808834390770937,13136,0
1643,643,supervised,0.16258478164672852,0.016292191110551357,0.0,0.0,0,0,0,0,0.0,0.0,0.0,0,0,False,0.11574117094278336,7.933628741243326e-05,0.00023800886223729976,13144,0
1644,644,supervised,0.2140369415283203,0.013868474867194891,0.0,0.0,0,0,0,0,0.0,0.0,0.0,0,0,False,0.11574570834636688,7.930978095556317e-05,0.00023792934286668945,13152,0
1645,645,supervised,0.13643786311149597,0.020505649968981743,0.0,0.0,0,0,0,0,0.0,0.0,0.0,0,0,False,0.11574994772672653,7.928326194331404e-05,0.00023784978582994207,13160,0
1646,646,supervised,0.160450991243124,0.015377782750874758,0.0,0.0,0,0,0,0,0.0,0.0,0.0,0,0,False,0.11575430631637573,7.92567303870458e-05,0.00023777019116113737,13168,0
1647,647,supervised,0.19715626537799835,0.017153234221041203,0.0,0.0,0,0,0,0,0.0,0.0,0.0,0,0,False,0.11575852334499359,7.923018629812368e-05,0.00023769055889437103,13176,0
1648,648,supervised,0.11567925661802292,0.01837704610079527,0.0,0.0,0,0,0,0,0.0,0.0,0.0,0,0,False,0.11576323956251144,7.920362968791839e-05,0.00023761088906375515,13184,0
1649,649,supervised,0.21077477931976318,0.0194621654227376,0.0,0.0,0,0,0,0,0.0,0.0,0.0,0,0,False,0.11576847732067108,7.917706056780587e-05,0.00023753118170341758,13192,0
1650,650,supervised,0.23623129725456238,0.017502729780972004,0.0,0.0,0,0,0,0,0.0,0.0,0.0,0,0,False,0.1157732605934143,7.915047894916756e-05,0.00023745143684750263,13200,0
1651,651,supervised,0.2914977967739105,0.01792416675016284,0.0,0.0,0,0,0,0,0.0,0.0,0.0,0,0,False,0.1157778725028038,7.912388484339012e-05,0.00023737165453017033,13208,0
1652,652,supervised,0.12496748194098473,0.018117019906640053,0.0,0.0,0,0,0,0,0.0,0.0,0.0,0,0,False,0.11578243970870972,7.909727826186564e-05,0.0002372918347855969,13216,0
1653,653,supervised,0.2150273472070694,0.01498104864731431,0.0,0.0,0,0,0,0,0.0,0.0,0.0,0,0,False,0.11578719317913055,7.907065921599154e-05,0.0002372119776479746,13224,0
1654,654,supervised,0.10003746300935745,0.018145066685974598,0.0,0.0,0,0,0,0,0.0,0.0,0.0,0,0,False,0.11579174548387527,7.904402771717057e-05,0.00023713208315151167,13232,0
1655,655,supervised,0.20059272646903992,0.016053047496825457,0.0,0.0,0,0,0,0,0.0,0.0,0.0,0,0,False,0.11579637229442596,7.90173837768108e-05,0.0002370521513304324,13240,0
1656,656,supervised,0.1850537657737732,0.018511313013732433,0.0,0.0,0,0,0,0,0.0,0.0,0.0,0,0,False,0.11580056697130203,7.89907274063257e-05,0.00023697218221897706,13248,0
1657,657,supervised,0.2788671776652336,0.014857038855552673,0.0,0.0,0,0,0,0,0.0,0.0,0.0,0,0,False,0.11580481380224228,7.896405861713394e-05,0.0002368921758514018,13256,0
1658,658,supervised,0.07320813834667206,0.015189914964139462,0.0,0.0,0,0,0,0,0.0,0.0,0.0,0,0,False,0.11580921709537506,7.893737742065965e-05,0.00023681213226197894,13264,0
1659,659,supervised,0.1955357864499092,0.02019481174647808,0.0,0.0,0,0,0,0,0.0,0.0,0.0,0,0,False,0.11581330746412277,7.891068382833215e-05,0.00023673205148499644,13272,0
1660,660,supervised,0.16767514497041702,0.01564643858000636,0.0,0.0,0,0,0,0,0.0,0.0,0.0,0,0,False,0.1158171072602272,7.888397785158617e-05,0.0002366519335547585,13280,0
1661,661,supervised,0.11142857372760773,0.0204741139896214,0.0,0.0,0,0,0,0,0.0,0.0,0.0,0,0,False,0.11582095921039581,7.88572595018617e-05,0.00023657177850558504,13288,0
1662,662,supervised,0.1993534155189991,0.017829973716288805,0.0,0.0,0,0,0,0,0.0,0.0,0.0,0,0,False,0.11582476645708084,7.883052879060399e-05,0.00023649158637181191,13296,0
1663,663,supervised,0.2636740207672119,0.017566604539752007,0.0,0.0,0,0,0,0,0.0,0.0,0.0,0,0,False,0.1158282607793808,7.880378572926366e-05,0.00023641135718779094,13304,0
1664,664,supervised,0.1828516162931919,0.01706136018037796,0.0,0.0,0,0,0,0,0.0,0.0,0.0,0,0,False,0.11583150178194046,7.877703032929659e-05,0.00023633109098788972,13312,0
1665,665,supervised,0.14376916736364365,0.016720046289265156,0.0,0.0,0,0,0,0,0.0,0.0,0.0,0,0,False,0.1158350333571434,7.875026260216393e-05,0.00023625078780649178,13320,0
1666,666,supervised,0.19686491414904594,0.016531969886273146,0.0,0.0,0,0,0,0,0.0,0.0,0.0,0,0,False,0.11583853513002396,7.872348255933213e-05,0.00023617044767799636,13328,0
1667,667,supervised,0.2615644857287407,0.016316781751811504,0.0,0.0,0,0,0,0,0.0,0.0,0.0,0,0,False,0.11584191769361496,7.869669021227292e-05,0.00023609007063681874,13336,0
1668,668,supervised,0.2035861313343048,0.016303028911352158,0.0,0.0,0,0,0,0,0.0,0.0,0.0,0,0,False,0.11584498733282089,7.866988557246329e-05,0.00023600965671738983,13344,0
1669,669,supervised,0.19669073820114136,0.01844877190887928,0.0,0.0,0,0,0,0,0.0,0.0,0.0,0,0,False,0.11584782600402832,7.864306865138545e-05,0.00023592920595415633,13352,0
1670,670,supervised,0.26421210169792175,0.0169339831918478,0.0,0.0,0,0,0,0,0.0,0.0,0.0,0,0,False,0.11585035920143127,7.861623946052699e-05,0.00023584871838158093,13360,0
1671,671,supervised,0.13279041647911072,0.016701272688806057,0.0,0.0,0,0,0,0,0.0,0.0,0.0,0,0,False,0.1158531904220581,7.858939801138061e-05,0.0002357681940341418,13368,0
1672,672,supervised,0.2032085843384266,0.016809567343443632,0.0,0.0,0,0,0,0,0.0,0.0,0.0,0,0,False,0.11585584282875061,7.856254431544441e-05,0.0002356876329463332,13376,0
1673,673,supervised,0.21592595428228378,0.014496908988803625,0.0,0.0,0,0,0,0,0.0,0.0,0.0,0,0,False,0.11585862189531326,7.85356783842216e-05,0.00023560703515266478,13384,0
1674,674,supervised,0.21550428867340088,0.015043064951896667,0.0,0.0,0,0,0,0,0.0,0.0,0.0,0,0,False,0.11586311459541321,7.85088002292207e-05,0.00023552640068766207,13392,0
1675,675,supervised,0.152445450425148,0.01483195275068283,0.0,0.0,0,0,0,0,0.0,0.0,0.0,0,0,False,0.11586739122867584,7.84819098619555e-05,0.00023544572958586645,13400,0
1676,676,supervised,0.21591312438249588,0.015711649786680937,0.0,0.0,0,0,0,0,0.0,0.0,0.0,0,0,False,0.11587151139974594,7.845500729394491e-05,0.00023536502188183472,13408,0
1677,677,supervised,0.1727675423026085,0.016959904693067074,0.0,0.0,0,0,0,0,0.0,0.0,0.0,0,0,False,0.11587539315223694,7.84280925367132e-05,0.0002352842776101396,13416,0
1678,678,supervised,0.16333764046430588,0.016417119186371565,0.0,0.0,0,0,0,0,0.0,0.0,0.0,0,0,False,0.11587955057621002,7.840116560178978e-05,0.0002352034968053693,13424,0
1679,679,supervised,0.2554064840078354,0.01508545596152544,0.0,0.0,0,0,0,0,0.0,0.0,0.0,0,0,False,0.11588380485773087,7.837422650070927e-05,0.00023512267950212779,13432,0
1680,680,supervised,0.17690838873386383,0.02682469505816698,0.0,0.0,0,0,0,0,0.0,0.0,0.0,0,0,False,0.11588744074106216,7.834727524501153e-05,0.00023504182573503456,13440,0
1681,681,supervised,0.23934120684862137,0.01626201020553708,0.0,0.0,0,0,0,0,0.0,0.0,0.0,0,0,False,0.11589068174362183,7.832031184624164e-05,0.0002349609355387249,13448,0
1682,682,supervised,0.2013055831193924,0.015110016334801912,0.0,0.0,0,0,0,0,0.0,0.0,0.0,0,0,False,0.11589369177818298,7.829333631594987e-05,0.00023488000894784954,13456,0
1683,683,supervised,0.2584565132856369,0.015104472637176514,0.0,0.0,0,0,0,0,0.0,0.0,0.0,0,0,False,0.11589609831571579,7.826634866569164e-05,0.0002347990459970749,13464,0
1684,684,supervised,0.19791606813669205,0.019199232570827007,0.0,0.0,0,0,0,0,0.0,0.0,0.0,0,0,False,0.11589854955673218,7.823934890702764e-05,0.0002347180467210829,13472,0
1685,685,supervised,0.2907344400882721,0.016100830864161253,0.0,0.0,0,0,0,0,0.0,0.0,0.0,0,0,False,0.115900918841362,7.821233705152371e-05,0.0002346370111545711,13480,0
1686,686,supervised,0.24408075585961342,0.016217476688325405,0.0,0.0,0,0,0,0,0.0,0.0,0.0,0,0,False,0.11590325832366943,7.818531311075084e-05,0.00023455593933225248,13488,0
1687,687,supervised,0.2188647836446762,0.015542743261903524,0.0,0.0,0,0,0,0,0.0,0.0,0.0,0,0,False,0.11590563505887985,7.815827709628525e-05,0.0002344748312888557,13496,0
1688,688,supervised,0.1494663879275322,0.017480644397437572,0.0,0.0,0,0,0,0,0.0,0.0,0.0,0,0,False,0.11590813100337982,7.81312290197083e-05,0.00023439368705912485,13504,0
1689,689,supervised,0.18585580587387085,0.018948969431221485,0.0,0.0,0,0,0,0,0.0,0.0,0.0,0,0,False,0.11591088771820068,7.810416889260653e-05,0.00023431250667781958,13512,0
1690,690,supervised,0.1428886465728283,0.01570442784577608,0.0,0.0,0,0,0,0,0.0,0.0,0.0,0,0,False,0.11591372638940811,7.807709672657165e-05,0.00023423129017971492,13520,0
1691,691,supervised,0.142595112323761,0.01736496202647686,0.0,0.0,0,0,0,0,0.0,0.0,0.0,0,0,False,0.11591704934835434,7.80500125332005e-05,0.00023415003759960146,13528,0
1692,692,supervised,0.18541457504034042,0.01436511892825365,0.0,0.0,0,0,0,0,0.0,0.0,0.0,0,0,False,0.11592044681310654,7.80229163240951e-05,0.00023406874897228527,13536,0
1693,693,supervised,0.2253248170018196,0.01758610177785158,0.0,0.0,0,0,0,0,0.0,0.0,0.0,0,0,False,0.11592356860637665,7.799580811086258e-05,0.0002339874243325877,13544,0
1694,694,supervised,0.2702768072485924,0.01598413847386837,0.0,0.0,0,0,0,0,0.0,0.0,0.0,0,0,False,0.1159268245100975,7.796868790511527e-05,0.00023390606371534578,13552,0
1695,695,supervised,0.2030634880065918,0.015799312852323055,0.0,0.0,0,0,0,0,0.0,0.0,0.0,0,0,False,0.11593036353588104,7.794155571847058e-05,0.00023382466715541172,13560,0
1696,696,supervised,0.15496155619621277,0.019453536719083786,0.0,0.0,0,0,0,0,0.0,0.0,0.0,0,0,False,0.11593359708786011,7.79144115625511e-05,0.00023374323468765328,13568,0
1697,697,supervised,0.25475746393203735,0.01586597366258502,0.0,0.0,0,0,0,0,0.0,0.0,0.0,0,0,False,0.1159367710351944,7.788725544898452e-05,0.00023366176634695353,13576,0
1698,698,supervised,0.1146642193198204,0.016067343298345804,0.0,0.0,0,0,0,0,0.0,0.0,0.0,0,0,False,0.11594074964523315,7.786008738940362e-05,0.00023358026216821083,13584,0
1699,699,supervised,0.1588154211640358,0.01612613955512643,0.0,0.0,0,0,0,0,0.0,0.0,0.0,0,0,False,0.11594520509243011,7.783290739544639e-05,0.00023349872218633914,13592,0
1700,700,supervised,0.22252218425273895,0.01675519160926342,0.0,0.0,0,0,0,0,0.0,0.0,0.0,0,0,False,0.11594942957162857,7.780571547875584e-05,0.00023341714643626747,13600,0
1701,701,supervised,0.08752845600247383,0.021187537349760532,0.0,0.0,0,0,0,0,0.0,0.0,0.0,0,0,False,0.1159532368183136,7.777851165098012e-05,0.0002333355349529403,13608,0
1702,702,supervised,0.13153241574764252,0.017412320245057344,0.0,0.0,0,0,0,0,0.0,0.0,0.0,0,0,False,0.11595731228590012,7.77512959237725e-05,0.00023325388777131748,13616,0
1703,703,supervised,0.20411726832389832,0.024188791401684284,0.0,0.0,0,0,0,0,0.0,0.0,0.0,0,0,False,0.11596108227968216,7.772406830879133e-05,0.00023317220492637396,13624,0
1704,704,supervised,0.2500956729054451,0.01694737747311592,0.0,0.0,0,0,0,0,0.0,0.0,0.0,0,0,False,0.11596474796533585,7.769682881770007e-05,0.00023309048645310017,13632,0
1705,705,supervised,0.09110337495803833,0.016353776678442955,0.0,0.0,0,0,0,0,0.0,0.0,0.0,0,0,False,0.11596844345331192,7.766957746216721e-05,0.00023300873238650159,13640,0
1706,706,supervised,0.13636092469096184,0.018209923058748245,0.0,0.0,0,0,0,0,0.0,0.0,0.0,0,0,False,0.11597234010696411,7.76423142538664e-05,0.0002329269427615992,13648,0
1707,707,supervised,0.11195051670074463,0.021852659061551094,0.0,0.0,0,0,0,0,0.0,0.0,0.0,0,0,False,0.11597643792629242,7.761503920447634e-05,0.000232845117613429,13656,0
1708,708,supervised,0.2803764119744301,0.015324636362493038,0.0,0.0,0,0,0,0,0.0,0.0,0.0,0,0,False,0.1159806177020073,7.758775232568076e-05,0.00023276325697704225,13664,0
1709,709,supervised,0.09824559465050697,0.01782108936458826,0.0,0.0,0,0,0,0,0.0,0.0,0.0,0,0,False,0.11598465591669083,7.756045362916853e-05,0.00023268136088750555,13672,0
1710,710,supervised,0.1889878511428833,0.016946351155638695,0.0,0.0,0,0,0,0,0.0,0.0,0.0,0,0,False,0.11598843336105347,7.753314312663352e-05,0.0002325994293799005,13680,0
1711,711,supervised,0.1379452981054783,0.016770335845649242,0.0,0.0,0,0,0,0,0.0,0.0,0.0,0,0,False,0.11599254608154297,7.750582082977467e-05,0.000232517462489324,13688,0
1712,712,supervised,0.167399100959301,0.01678918767720461,0.0,0.0,0,0,0,0,0.0,0.0,0.0,0,0,False,0.1159963309764862,7.747848675029601e-05,0.00023243546025088799,13696,0
1713,713,supervised,0.14135385304689407,0.01895782444626093,0.0,0.0,0,0,0,0,0.0,0.0,0.0,0,0,False,0.11599982529878616,7.74511408999066e-05,0.00023235342269971974,13704,0
1714,714,supervised,0.18811821192502975,0.017732812091708183,0.0,0.0,0,0,0,0,0.0,0.0,0.0,0,0,False,0.1160031333565712,7.74237832903205e-05,0.00023227134987096145,13712,0
1715,715,supervised,0.09591057896614075,0.018170688301324844,0.0,0.0,0,0,0,0,0.0,0.0,0.0,0,0,False,0.11600635945796967,7.739641393325685e-05,0.00023218924179977052,13720,0
1716,716,supervised,0.2868668735027313,0.018797787837684155,0.0,0.0,0,0,0,0,0.0,0.0,0.0,0,0,False,0.116009421646595,7.736903284043984e-05,0.00023210709852131947,13728,0
1717,717,supervised,0.2482498586177826,0.015562486369162798,0.0,0.0,0,0,0,0,0.0,0.0,0.0,0,0,False,0.11601254343986511,7.734164002359863e-05,0.00023202492007079584,13736,0
1718,718,supervised,0.1553012579679489,0.016084566246718168,0.0,0.0,0,0,0,0,0.0,0.0,0.0,0,0,False,0.11601581424474716,7.731423549446743e-05,0.00023194270648340228,13744,0
1719,719,supervised,0.15467751771211624,0.025518789887428284,0.0,0.0,0,0,0,0,0.0,0.0,0.0,0,0,False,0.11601899564266205,7.72868192647855e-05,0.00023186045779435648,13752,0
1720,720,supervised,0.18772201985120773,0.016600259579718113,0.0,0.0,0,0,0,0,0.0,0.0,0.0,0,0,False,0.116022028028965,7.725939134629704e-05,0.00023177817403889113,13760,0
1721,721,supervised,0.20802127569913864,0.018798070959746838,0.0,0.0,0,0,0,0,0.0,0.0,0.0,0,0,False,0.11602497100830078,7.723195175075136e-05,0.00023169585525225405,13768,0
1722,722,supervised,0.20801524817943573,0.015476031694561243,0.0,0.0,0,0,0,0,0.0,0.0,0.0,0,0,False,0.11602757126092911,7.720450048990266e-05,0.00023161350146970794,13776,0
1723,723,supervised,0.12921502068638802,0.020094990730285645,0.0,0.0,0,0,0,0,0.0,0.0,0.0,0,0,False,0.11603007465600967,7.717703757551019e-05,0.00023153111272653055,13784,0
1724,724,supervised,0.2732076942920685,0.014897124841809273,0.0,0.0,0,0,0,0,0.0,0.0,0.0,0,0,False,0.11603418737649918,7.714956301933821e-05,0.0002314486890580146,13792,0
1725,725,supervised,0.2055416703224182,0.017701517790555954,0.0,0.0,0,0,0,0,0.0,0.0,0.0,0,0,False,0.11603789776563644,7.712207683315594e-05,0.00023136623049946779,13800,0
1726,726,supervised,0.09253378584980965,0.02194523811340332,0.0,0.0,0,0,0,0,0.0,0.0,0.0,0,0,False,0.11604154855012894,7.709457902873759e-05,0.00023128373708621275,13808,0
1727,727,supervised,0.1673045288771391,0.016593846958130598,0.0,0.0,0,0,0,0,0.0,0.0,0.0,0,0,False,0.11604496091604233,7.706706961786234e-05,0.00023120120885358698,13816,0
1728,728,supervised,0.17982681095600128,0.01567526627331972,0.0,0.0,0,0,0,0,0.0,0.0,0.0,0,0,False,0.11604836583137512,7.703954861231436e-05,0.00023111864583694303,13824,0
1729,729,supervised,0.18493113666772842,0.017355527263134718,0.0,0.0,0,0,0,0,0.0,0.0,0.0,0,0,False,0.1160520389676094,7.701201602388276e-05,0.00023103604807164825,13832,0
1730,730,supervised,0.2614562585949898,0.01868222188204527,0.0,0.0,0,0,0,0,0.0,0.0,0.0,0,0,False,0.11605574935674667,7.698447186436164e-05,0.0002309534155930849,13840,0
1731,731,supervised,0.19420244544744492,0.019980606622993946,0.0,0.0,0,0,0,0,0.0,0.0,0.0,0,0,False,0.11605919152498245,7.695691614555003e-05,0.00023087074843665005,13848,0
1732,732,supervised,0.10068251565098763,0.017163020558655262,0.0,0.0,0,0,0,0,0.0,0.0,0.0,0,0,False,0.11606261134147644,7.692934887925191e-05,0.00023078804663775572,13856,0
1733,733,supervised,0.24930792674422264,0.014243368525058031,0.0,0.0,0,0,0,0,0.0,0.0,0.0,0,0,False,0.11606639623641968,7.690177007727625e-05,0.00023070531023182875,13864,0
1734,734,supervised,0.1991220936179161,0.01501064607873559,0.0,0.0,0,0,0,0,0.0,0.0,0.0,0,0,False,0.11606986820697784,7.687417975143694e-05,0.00023062253925431082,13872,0
1735,735,supervised,0.15493374317884445,0.02032325230538845,0.0,0.0,0,0,0,0,0.0,0.0,0.0,0,0,False,0.11607302725315094,7.684657791355279e-05,0.00023053973374065833,13880,0
1736,736,supervised,0.2447728030383587,0.016950078308582306,0.0,0.0,0,0,0,0,0.0,0.0,0.0,0,0,False,0.1160760223865509,7.681896457544753e-05,0.00023045689372634256,13888,0
1737,737,supervised,0.2175188511610031,0.01603057561442256,0.0,0.0,0,0,0,0,0.0,0.0,0.0,0,0,False,0.11607912927865982,7.679133974894983e-05,0.00023037401924684946,13896,0
1738,738,supervised,0.1847160905599594,0.015538481064140797,0.0,0.0,0,0,0,0,0.0,0.0,0.0,0,0,False,0.11608234792947769,7.676370344589333e-05,0.00023029111033767997,13904,0
1739,739,supervised,0.16836094111204147,0.017404578626155853,0.0,0.0,0,0,0,0,0.0,0.0,0.0,0,0,False,0.11608576029539108,7.673605567811653e-05,0.00023020816703434954,13912,0
1740,740,supervised,0.23763742297887802,0.014471856877207756,0.0,0.0,0,0,0,0,0.0,0.0,0.0,0,0,False,0.11608979851007462,7.670839645746283e-05,0.00023012518937238845,13920,0
1741,741,supervised,0.17711654864251614,0.017140871845185757,0.0,0.0,0,0,0,0,0.0,0.0,0.0,0,0,False,0.1160934716463089,7.668072579578058e-05,0.00023004217738734173,13928,0
1742,742,supervised,0.1859692707657814,0.018333653919398785,0.0,0.0,0,0,0,0,0.0,0.0,0.0,0,0,False,0.11609692126512527,7.665304370492301e-05,0.000229959131114769,13936,0
1743,743,supervised,0.19823678582906723,0.02327801939100027,0.0,0.0,0,0,0,0,0.0,0.0,0.0,0,0,False,0.11609988659620285,7.662535019674827e-05,0.00022987605059024478,13944,0
1744,744,supervised,0.09363511204719543,0.020235564559698105,0.0,0.0,0,0,0,0,0.0,0.0,0.0,0,0,False,0.11610265076160431,7.659764528311935e-05,0.000229792935849358,13952,0
1745,745,supervised,0.1257103942334652,0.01732508884742856,0.0,0.0,0,0,0,0,0.0,0.0,0.0,0,0,False,0.1161060705780983,7.656992897590414e-05,0.00022970978692771242,13960,0
1746,746,supervised,0.1243729442358017,0.01851594541221857,0.0,0.0,0,0,0,0,0.0,0.0,0.0,0,0,False,0.11610934883356094,7.654220128697546e-05,0.00022962660386092638,13968,0
1747,747,supervised,0.15232117474079132,0.019122743979096413,0.0,0.0,0,0,0,0,0.0,0.0,0.0,0,0,False,0.11611304432153702,7.6514462228211e-05,0.00022954338668463296,13976,0
1748,748,supervised,0.07326779514551163,0.01667111925780773,0.0,0.0,0,0,0,0,0.0,0.0,0.0,0,0,False,0.11611666530370712,7.648671181149321e-05,0.0002294601354344796,13984,0
1749,749,supervised,0.2995162606239319,0.017584986053407192,0.0,0.0,0,0,0,0,0.0,0.0,0.0,0,0,False,0.11612029373645782,7.645895004870954e-05,0.00022937685014612856,13992,0
1750,750,supervised,0.26640619337558746,0.0241136671975255,0.0,0.0,0,0,0,0,0.0,0.0,0.0,0,0,False,0.11612369120121002,7.643117695175224e-05,0.0002292935308552567,14000,0
1751,751,supervised,0.2566997706890106,0.018282204866409302,0.0,0.0,0,0,0,0,0.0,0.0,0.0,0,0,False,0.1161268800497055,7.64033925325184e-05,0.0002292101775975552,14008,0
1752,752,supervised,0.24354823678731918,0.014871460851281881,0.0,0.0,0,0,0,0,0.0,0.0,0.0,0,0,False,0.11613012850284576,7.637559680291002e-05,0.00022912679040873005,14016,0
1753,753,supervised,0.192169651389122,0.017280773259699345,0.0,0.0,0,0,0,0,0.0,0.0,0.0,0,0,False,0.11613322049379349,7.634778977483389e-05,0.00022904336932450163,14024,0
1754,754,supervised,0.19408639520406723,0.015419007278978825,0.0,0.0,0,0,0,0,0.0,0.0,0.0,0,0,False,0.11613621562719345,7.631997146020164e-05,0.0002289599143806049,14032,0
1755,755,supervised,0.2492542304098606,0.01591745112091303,0.0,0.0,0,0,0,0,0.0,0.0,0.0,0,0,False,0.11613915860652924,7.629214187092978e-05,0.0002288764256127893,14040,0
1756,756,supervised,0.13263479247689247,0.02021568827331066,0.0,0.0,0,0,0,0,0.0,0.0,0.0,0,0,False,0.11614205688238144,7.62643010189396e-05,0.0002287929030568188,14048,0
1757,757,supervised,0.1480582095682621,0.019915787503123283,0.0,0.0,0,0,0,0,0.0,0.0,0.0,0,0,False,0.11614474654197693,7.623644891615727e-05,0.00022870934674847177,14056,0
1758,758,supervised,0.2483406513929367,0.015502912923693657,0.0,0.0,0,0,0,0,0.0,0.0,0.0,0,0,False,0.1161472424864769,7.62085855745137e-05,0.00022862575672354105,14064,0
1759,759,supervised,0.19943276047706604,0.018501650542020798,0.0,0.0,0,0,0,0,0.0,0.0,0.0,0,0,False,0.11614974588155746,7.618071100594468e-05,0.000228542133017834,14072,0
1760,760,supervised,0.1921650618314743,0.01518889982253313,0.0,0.0,0,0,0,0,0.0,0.0,0.0,0,0,False,0.11615227162837982,7.61528252223908e-05,0.00022845847566717236,14080,0
1761,761,supervised,0.10090810060501099,0.019580939784646034,0.0,0.0,0,0,0,0,0.0,0.0,0.0,0,0,False,0.11615478992462158,7.612492823579745e-05,0.0002283747847073923,14088,0
1762,762,supervised,0.13529213145375252,0.01621721824631095,0.0,0.0,0,0,0,0,0.0,0.0,0.0,0,0,False,0.11615818738937378,7.609702005811478e-05,0.00022829106017434434,14096,0
1763,763,supervised,0.155037060379982,0.020049111917614937,0.0,0.0,0,0,0,0,0.0,0.0,0.0,0,0,False,0.11616158485412598,7.60691007012978e-05,0.00022820730210389338,14104,0
1764,764,supervised,0.15762671828269958,0.01942694280296564,0.0,0.0,0,0,0,0,0.0,0.0,0.0,0,0,False,0.116164930164814,7.604117017730626e-05,0.00022812351053191874,14112,0
1765,765,supervised,0.24065764248371124,0.016280525363981724,0.0,0.0,0,0,0,0,0.0,0.0,0.0,0,0,False,0.11616821587085724,7.60132284981047e-05,0.0002280396854943141,14120,0
1766,766,supervised,0.14909455180168152,0.018732763826847076,0.0,0.0,0,0,0,0,0.0,0.0,0.0,0,0,False,0.11617133766412735,7.598527567566247e-05,0.00022795582702698738,14128,0
1767,767,supervised,0.24877625703811646,0.017854729667305946,0.0,0.0,0,0,0,0,0.0,0.0,0.0,0,0,False,0.11617425084114075,7.595731172195365e-05,0.00022787193516586091,14136,0
1768,768,supervised,0.18435606360435486,0.01541965827345848,0.0,0.0,0,0,0,0,0.0,0.0,0.0,0,0,False,0.11617759615182877,7.592933664895712e-05,0.00022778800994687132,14144,0
1769,769,supervised,0.15241868793964386,0.014803838916122913,0.0,0.0,0,0,0,0,0.0,0.0,0.0,0,0,False,0.11618158966302872,7.590135046865651e-05,0.00022770405140596953,14152,0
1770,770,supervised,0.22866706550121307,0.016399170272052288,0.0,0.0,0,0,0,0,0.0,0.0,0.0,0,0,False,0.11618534475564957,7.587335319304021e-05,0.00022762005957912063,14160,0
1771,771,supervised,0.3167876601219177,0.01406442979350686,0.0,0.0,0,0,0,0,0.0,0.0,0.0,0,0,False,0.11618897318840027,7.584534483410137e-05,0.0002275360345023041,14168,0
1772,772,supervised,0.10341335088014603,0.02195113990455866,0.0,0.0,0,0,0,0,0.0,0.0,0.0,0,0,False,0.1161922961473465,7.581732540383789e-05,0.00022745197621151363,14176,0
1773,773,supervised,0.1844787672162056,0.016945505514740944,0.0,0.0,0,0,0,0,0.0,0.0,0.0,0,0,False,0.11619602143764496,7.578929491425238e-05,0.00022736788474275708,14184,0
1774,774,supervised,0.08946356549859047,0.018976664170622826,0.0,0.0,0,0,0,0,0.0,0.0,0.0,0,0,False,0.1162000522017479,7.576125337735223e-05,0.00022728376013205664,14192,0
1775,775,supervised,0.22244154661893845,0.01576316822320223,0.0,0.0,0,0,0,0,0.0,0.0,0.0,0,0,False,0.11620403081178665,7.57332008051495e-05,0.0002271996024154485,14200,0
1776,776,supervised,0.20169686898589134,0.015651885885745287,0.0,0.0,0,0,0,0,0.0,0.0,0.0,0,0,False,0.11620817333459854,7.570513720966108e-05,0.00022711541162898321,14208,0
1777,777,supervised,0.13460484892129898,0.01564912497997284,0.0,0.0,0,0,0,0,0.0,0.0,0.0,0,0,False,0.11621220409870148,7.567706260290851e-05,0.0002270311878087255,14216,0
1778,778,supervised,0.18226786702871323,0.015606645960360765,0.0,0.0,0,0,0,0,0.0,0.0,0.0,0,0,False,0.11621595174074173,7.564897699691804e-05,0.00022694693099075409,14224,0
1779,779,supervised,0.20756293088197708,0.015486171469092369,0.0,0.0,0,0,0,0,0.0,0.0,0.0,0,0,False,0.11621934175491333,7.562088040372067e-05,0.00022686264121116195,14232,0
1780,780,supervised,0.24459464848041534,0.01761129219084978,0.0,0.0,0,0,0,0,0.0,0.0,0.0,0,0,False,0.11622253805398941,7.559277283535205e-05,0.0002267783185060561,14240,0
1781,781,supervised,0.16477883607149124,0.021174653433263302,0.0,0.0,0,0,0,0,0.0,0.0,0.0,0,0,False,0.11622550338506699,7.55646543038526e-05,0.00022669396291155776,14248,0
1782,782,supervised,0.25641029328107834,0.014778754208236933,0.0,0.0,0,0,0,0,0.0,0.0,0.0,0,0,False,0.11622872203588486,7.553652482126743e-05,0.00022660957446380225,14256,0
1783,783,supervised,0.3236535042524338,0.015053244307637215,0.0,0.0,0,0,0,0,0.0,0.0,0.0,0,0,False,0.11623165756464005,7.550838439964627e-05,0.00022652515319893877,14264,0
1784,784,supervised,0.19103316962718964,0.017366690561175346,0.0,0.0,0,0,0,0,0.0,0.0,0.0,0,0,False,0.11623446643352509,7.548023305104361e-05,0.00022644069915313077,14272,0
1785,785,supervised,0.1394679807126522,0.017772790044546127,0.0,0.0,0,0,0,0,0.0,0.0,0.0,0,0,False,0.11623727530241013,7.545207078751857e-05,0.00022635621236255567,14280,0
1786,786,supervised,0.13271424174308777,0.019860774278640747,0.0,0.0,0,0,0,0,0.0,0.0,0.0,0,0,False,0.11624011397361755,7.5423897621135e-05,0.00022627169286340497,14288,0
1787,787,supervised,0.08377761021256447,0.018183515407145023,0.0,0.0,0,0,0,0,0.0,0.0,0.0,0,0,False,0.11624281853437424,7.539571356396136e-05,0.00022618714069188404,14296,0
1788,788,supervised,0.15367655456066132,0.022396257147192955,0.0,0.0,0,0,0,0,0.0,0.0,0.0,0,0,False,0.11624547094106674,7.536751862807083e-05,0.00022610255588421247,14304,0
1789,789,supervised,0.10523900762200356,0.018198156729340553,0.0,0.0,0,0,0,0,0.0,0.0,0.0,0,0,False,0.11624838411808014,7.53393128255412e-05,0.0002260179384766236,14312,0
1790,790,supervised,0.2020404264330864,0.016059454530477524,0.0,0.0,0,0,0,0,0.0,0.0,0.0,0,0,False,0.11625124514102936,7.531109616845498e-05,0.00022593328850536488,14320,0
1791,791,supervised,0.20867011696100235,0.01738153863698244,0.0,0.0,0,0,0,0,0.0,0.0,0.0,0,0,False,0.1162540391087532,7.528286866889924e-05,0.0002258486060066977,14328,0
1792,792,supervised,0.15831918641924858,0.017425398342311382,0.0,0.0,0,0,0,0,0.0,0.0,0.0,0,0,False,0.11625689268112183,7.525463033896576e-05,0.00022576389101689725,14336,0
1793,793,supervised,0.11037513613700867,0.019619508646428585,0.0,0.0,0,0,0,0,0.0,0.0,0.0,0,0,False,0.11625957489013672,7.522638119075096e-05,0.00022567914357225286,14344,0
1794,794,supervised,0.2051803655922413,0.02351698186248541,0.0,0.0,0,0,0,0,0.0,0.0,0.0,0,0,False,0.11626192927360535,7.519812123635588e-05,0.0002255943637090676,14352,0
1795,795,supervised,0.21712587773799896,0.01956718973815441,0.0,0.0,0,0,0,0,0.0,0.0,0.0,0,0,False,0.11626386642456055,7.516985048788616e-05,0.00022550955146365847,14360,0
1796,796,supervised,0.13944252580404282,0.01571118598803878,0.0,0.0,0,0,0,0,0.0,0.0,0.0,0,0,False,0.1162656918168068,7.514156895745212e-05,0.0002254247068723563,14368,0
1797,797,supervised,0.21223152428865433,0.014288029633462429,0.0,0.0,0,0,0,0,0.0,0.0,0.0,0,0,False,0.11626957356929779,7.511327665716863e-05,0.00022533982997150585,14376,0
1798,798,supervised,0.14383440092206,0.016823886428028345,0.0,0.0,0,0,0,0,0.0,0.0,0.0,0,0,False,0.11627303063869476,7.508497359915525e-05,0.0002252549207974657,14384,0
1799,799,supervised,0.18788006156682968,0.016320153139531612,0.0,0.0,0,0,0,0,0.0,0.0,0.0,0,0,False,0.11627620458602905,7.505665979553609e-05,0.00022516997938660824,14392,0
1800,800,supervised,0.08460431918501854,0.01661459542810917,0.0,0.0,0,0,0,0,0.0,0.0,0.0,0,0,False,0.11627963185310364,7.50283352584399e-05,0.0002250850057753197,14400,0
1801,801,supervised,0.24495897442102432,0.016137070022523403,0.0,0.0,0,0,0,0,0.0,0.0,0.0,0,0,False,0.11628298461437225,7.500000000000001e-05,0.000225,14408,0
1802,802,supervised,0.3433414697647095,0.016263803467154503,0.0,0.0,0,0,0,0,0.0,0.0,0.0,0,0,False,0.11628615856170654,7.497165403235433e-05,0.00022491496209706293,14416,0
1803,803,supervised,0.20518628507852554,0.015928853768855333,0.0,0.0,0,0,0,0,0.0,0.0,0.0,0,0,False,0.11628948152065277,7.494329736764538e-05,0.00022482989210293608,14424,0
1804,804,supervised,0.29281391203403473,0.01823672093451023,0.0,0.0,0,0,0,0,0.0,0.0,0.0,0,0,False,0.11629267036914825,7.491493001802025e-05,0.0002247447900540607,14432,0
1805,805,supervised,0.25034017115831375,0.015023172367364168,0.0,0.0,0,0,0,0,0.0,0.0,0.0,0,0,False,0.11629612743854523,7.488655199563062e-05,0.0002246596559868918,14440,0
1806,806,supervised,0.1485109031200409,0.02095178235322237,0.0,0.0,0,0,0,0,0.0,0.0,0.0,0,0,False,0.1163000836968422,7.485816331263273e-05,0.00022457448993789815,14448,0
1807,807,supervised,0.14488182216882706,0.01689198613166809,0.0,0.0,0,0,0,0,0.0,0.0,0.0,0,0,False,0.11630409955978394,7.482976398118738e-05,0.0002244892919435621,14456,0
1808,808,supervised,0.21327289938926697,0.02070124540477991,0.0,0.0,0,0,0,0,0.0,0.0,0.0,0,0,False,0.1163075715303421,7.480135401345996e-05,0.00022440406204037985,14464,0
1809,809,supervised,0.26708900183439255,0.020901779644191265,0.0,0.0,0,0,0,0,0.0,0.0,0.0,0,0,False,0.11631069332361221,7.477293342162039e-05,0.00022431880026486112,14472,0
1810,810,supervised,0.15661729872226715,0.014326045755296946,0.0,0.0,0,0,0,0,0.0,0.0,0.0,0,0,False,0.11631394177675247,7.474450221784313e-05,0.00022423350665352936,14480,0
1811,811,supervised,0.19081034511327744,0.015265334863215685,0.0,0.0,0,0,0,0,0.0,0.0,0.0,0,0,False,0.11631719022989273,7.471606041430723e-05,0.00022414818124292165,14488,0
1812,812,supervised,0.09848184883594513,0.018616093322634697,0.0,0.0,0,0,0,0,0.0,0.0,0.0,0,0,False,0.11632053554058075,7.468760802319626e-05,0.00022406282406958874,14496,0
1813,813,supervised,0.1557634025812149,0.020903843455016613,0.0,0.0,0,0,0,0,0.0,0.0,0.0,0,0,False,0.11632358282804489,7.465914505669829e-05,0.00022397743517009482,14504,0
1814,814,supervised,0.11952345818281174,0.01807457208633423,0.0,0.0,0,0,0,0,0.0,0.0,0.0,0,0,False,0.11632723361253738,7.463067152700597e-05,0.00022389201458101787,14512,0
1815,815,supervised,0.0776049979031086,0.01689890678972006,0.0,0.0,0,0,0,0,0.0,0.0,0.0,0,0,False,0.11633100360631943,7.460218744631645e-05,0.00022380656233894934,14520,0
1816,816,supervised,0.18782225251197815,0.02101035788655281,0.0,0.0,0,0,0,0,0.0,0.0,0.0,0,0,False,0.11633443087339401,7.457369282683142e-05,0.00022372107848049423,14528,0
1817,817,supervised,0.22201277315616608,0.014716098085045815,0.0,0.0,0,0,0,0,0.0,0.0,0.0,0,0,False,0.11633900552988052,7.454518768075704e-05,0.00022363556304227111,14536,0
1818,818,supervised,0.31439585983753204,0.0162880327552557,0.0,0.0,0,0,0,0,0.0,0.0,0.0,0,0,False,0.11634335666894913,7.451667202030404e-05,0.0002235500160609121,14544,0
1819,819,supervised,0.13294684141874313,0.015873563941568136,0.0,0.0,0,0,0,0,0.0,0.0,0.0,0,0,False,0.11634813994169235,7.44881458576876e-05,0.00022346443757306279,14552,0
1820,820,supervised,0.1655999980866909,0.014484365936368704,0.0,0.0,0,0,0,0,0.0,0.0,0.0,0,0,False,0.11635298281908035,7.445960920512745e-05,0.0002233788276153823,14560,0
1821,821,supervised,0.11880428344011307,0.019177164882421494,0.0,0.0,0,0,0,0,0.0,0.0,0.0,0,0,False,0.11635749042034149,7.443106207484776e-05,0.00022329318622454325,14568,0
1822,822,supervised,0.19458548724651337,0.02032470516860485,0.0,0.0,0,0,0,0,0.0,0.0,0.0,0,0,False,0.11636171489953995,7.44025044790772e-05,0.0002232075134372316,14576,0
1823,823,supervised,0.1560416743159294,0.018064158502966166,0.0,0.0,0,0,0,0,0.0,0.0,0.0,0,0,False,0.11636541783809662,7.437393643004898e-05,0.00022312180929014692,14584,0
1824,824,supervised,0.22395822778344154,0.014598208479583263,0.0,0.0,0,0,0,0,0.0,0.0,0.0,0,0,False,0.11636890470981598,7.434535794000071e-05,0.0002230360738200021,14592,0
1825,825,supervised,0.24771009385585785,0.01705882605165243,0.0,0.0,0,0,0,0,0.0,0.0,0.0,0,0,False,0.11637216061353683,7.431676902117452e-05,0.00022295030706352356,14600,0
1826,826,supervised,0.14889253303408623,0.019796178210526705,0.0,0.0,0,0,0,0,0.0,0.0,0.0,0,0,False,0.11637519299983978,7.428816968581701e-05,0.000222864509057451,14608,0
1827,827,supervised,0.13779137283563614,0.015968071296811104,0.0,0.0,0,0,0,0,0.0,0.0,0.0,0,0,False,0.11637812852859497,7.42595599461792e-05,0.00022277867983853754,14616,0
1828,828,supervised,0.1555476039648056,0.015552848111838102,0.0,0.0,0,0,0,0,0.0,0.0,0.0,0,0,False,0.11638130247592926,7.423093981451661e-05,0.0002226928194435498,14624,0
1829,829,supervised,0.2560986056923866,0.018033191096037626,0.0,0.0,0,0,0,0,0.0,0.0,0.0,0,0,False,0.1163843646645546,7.420230930308917e-05,0.00022260692790926747,14632,0
1830,830,supervised,0.18522457033395767,0.021962178871035576,0.0,0.0,0,0,0,0,0.0,0.0,0.0,0,0,False,0.11638735234737396,7.417366842416133e-05,0.00022252100527248394,14640,0
1831,831,supervised,0.14346054196357727,0.017275373451411724,0.0,0.0,0,0,0,0,0.0,0.0,0.0,0,0,False,0.1163911372423172,7.414501719000187e-05,0.00022243505157000556,14648,0
1832,832,supervised,0.17299826070666313,0.02086513489484787,0.0,0.0,0,0,0,0,0.0,0.0,0.0,0,0,False,0.11639490723609924,7.411635561288413e-05,0.00022234906683865234,14656,0
1833,833,supervised,0.18946214765310287,0.014888005796819925,0.0,0.0,0,0,0,0,0.0,0.0,0.0,0,0,False,0.1163991317152977,7.408768370508576e-05,0.00022226305111525726,14664,0
1834,834,supervised,0.14714477583765984,0.019043458625674248,0.0,0.0,0,0,0,0,0.0,0.0,0.0,0,0,False,0.11640370637178421,7.405900147888896e-05,0.00022217700443666685,14672,0
1835,835,supervised,0.08798376098275185,0.01668571215122938,0.0,0.0,0,0,0,0,0.0,0.0,0.0,0,0,False,0.11640805006027222,7.403030894658023e-05,0.00022209092683974065,14680,0
1836,836,supervised,0.11790303140878677,0.024958367459475994,0.0,0.0,0,0,0,0,0.0,0.0,0.0,0,0,False,0.1164122000336647,7.400160612045057e-05,0.00022200481836135165,14688,0
1837,837,supervised,0.10018950328230858,0.018263944890350103,0.0,0.0,0,0,0,0,0.0,0.0,0.0,0,0,False,0.11641621589660645,7.397289301279533e-05,0.00022191867903838597,14696,0
1838,838,supervised,0.34303396940231323,0.01591484062373638,0.0,0.0,0,0,0,0,0.0,0.0,0.0,0,0,False,0.11642006784677505,7.394416963591433e-05,0.00022183250890774295,14704,0
1839,839,supervised,0.2408790960907936,0.018099667504429817,0.0,0.0,0,0,0,0,0.0,0.0,0.0,0,0,False,0.11642374098300934,7.391543600211172e-05,0.00022174630800633516,14712,0
1840,840,supervised,0.1855989545583725,0.016379361040890217,0.0,0.0,0,0,0,0,0.0,0.0,0.0,0,0,False,0.116426482796669,7.388669212369611e-05,0.00022166007637108832,14720,0
1841,841,supervised,0.18189477175474167,0.019555544015020132,0.0,0.0,0,0,0,0,0.0,0.0,0.0,0,0,False,0.1164296343922615,7.385793801298042e-05,0.00022157381403894124,14728,0
1842,842,supervised,0.09866157546639442,0.019272008910775185,0.0,0.0,0,0,0,0,0.0,0.0,0.0,0,0,False,0.1164328008890152,7.382917368228204e-05,0.00022148752104684608,14736,0
1843,843,supervised,0.15557771176099777,0.01961333490908146,0.0,0.0,0,0,0,0,0.0,0.0,0.0,0,0,False,0.11643584072589874,7.380039914392267e-05,0.00022140119743176799,14744,0
1844,844,supervised,0.15399330109357834,0.015448188874870539,0.0,0.0,0,0,0,0,0.0,0.0,0.0,0,0,False,0.11643900722265244,7.377161441022842e-05,0.00022131484323068522,14752,0
1845,845,supervised,0.13407768309116364,0.019589398056268692,0.0,0.0,0,0,0,0,0.0,0.0,0.0,0,0,False,0.11644187569618225,7.374281949352973e-05,0.00022122845848058915,14760,0
1846,846,supervised,0.16120237484574318,0.017517637461423874,0.0,0.0,0,0,0,0,0.0,0.0,0.0,0,0,False,0.11644452810287476,7.371401440616146e-05,0.00022114204321848434,14768,0
1847,847,supervised,0.20739715546369553,0.015749157406389713,0.0,0.0,0,0,0,0,0.0,0.0,0.0,0,0,False,0.11644716560840607,7.368519916046279e-05,0.00022105559748138834,14776,0
1848,848,supervised,0.13067413866519928,0.017009107396006584,0.0,0.0,0,0,0,0,0.0,0.0,0.0,0,0,False,0.11645002663135529,7.365637376877724e-05,0.0002209691213063317,14784,0
1849,849,supervised,0.29317254573106766,0.013922050595283508,0.0,0.0,0,0,0,0,0.0,0.0,0.0,0,0,False,0.11645282059907913,7.362753824345272e-05,0.0002208826147303581,14792,0
1850,850,supervised,0.11975288763642311,0.01674894569441676,0.0,0.0,0,0,0,0,0.0,0.0,0.0,0,0,False,0.11645596474409103,7.35986925968414e-05,0.00022079607779052418,14800,0
1851,851,supervised,0.1905612125992775,0.01636388571932912,0.0,0.0,0,0,0,0,0.0,0.0,0.0,0,0,False,0.11645904183387756,7.35698368412999e-05,0.00022070951052389966,14808,0
1852,852,supervised,0.07637578994035721,0.020288768224418163,0.0,0.0,0,0,0,0,0.0,0.0,0.0,0,0,False,0.11646211892366409,7.354097098918907e-05,0.00022062291296756715,14816,0
1853,853,supervised,0.09036897867918015,0.0175161249935627,0.0,0.0,0,0,0,0,0.0,0.0,0.0,0,0,False,0.11646535247564316,7.351209505287412e-05,0.00022053628515862232,14824,0
1854,854,supervised,0.3036854714155197,0.015529085882008076,0.0,0.0,0,0,0,0,0.0,0.0,0.0,0,0,False,0.11646835505962372,7.34832090447246e-05,0.0002204496271341738,14832,0
1855,855,supervised,0.13963822647929192,0.015804581344127655,0.0,0.0,0,0,0,0,0.0,0.0,0.0,0,0,False,0.1164712905883789,7.345431297711436e-05,0.0002203629389313431,14840,0
1856,856,supervised,0.13937748223543167,0.016982525121420622,0.0,0.0,0,0,0,0,0.0,0.0,0.0,0,0,False,0.11647413671016693,7.342540686242158e-05,0.00022027622058726473,14848,0
1857,857,supervised,0.3407529443502426,0.015562071464955807,0.0,0.0,0,0,0,0,0.0,0.0,0.0,0,0,False,0.1164768636226654,7.339649071302867e-05,0.000220189472139086,14856,0
1858,858,supervised,0.17004921287298203,0.014653941616415977,0.0,0.0,0,0,0,0,0.0,0.0,0.0,0,0,False,0.11648014932870865,7.336756454132243e-05,0.00022010269362396722,14864,0
1859,859,supervised,0.15953605622053146,0.026689556427299976,0.0,0.0,0,0,0,0,0.0,0.0,0.0,0,0,False,0.11648302525281906,7.333862835969389e-05,0.0002200158850790816,14872,0
1860,860,supervised,0.06930887699127197,0.015967202838510275,0.0,0.0,0,0,0,0,0.0,0.0,0.0,0,0,False,0.11648615449666977,7.33096821805384e-05,0.00021992904654161515,14880,0
1861,861,supervised,0.07300830632448196,0.016824834048748016,0.0,0.0,0,0,0,0,0.0,0.0,0.0,0,0,False,0.11648913472890854,7.328072601625557e-05,0.0002198421780487667,14888,0
1862,862,supervised,0.09338858723640442,0.017117371782660484,0.0,0.0,0,0,0,0,0.0,0.0,0.0,0,0,False,0.11649219691753387,7.325175987924932e-05,0.00021975527963774796,14896,0
1863,863,supervised,0.08452404290437698,0.017493505030870438,0.0,0.0,0,0,0,0,0.0,0.0,0.0,0,0,False,0.11649521440267563,7.322278378192783e-05,0.00021966835134578345,14904,0
1864,864,supervised,0.24147779494524002,0.016336973756551743,0.0,0.0,0,0,0,0,0.0,0.0,0.0,0,0,False,0.11649803817272186,7.319379773670352e-05,0.00021958139321011052,14912,0
1865,865,supervised,0.17180058732628822,0.01692050090059638,0.0,0.0,0,0,0,0,0.0,0.0,0.0,0,0,False,0.11650088429450989,7.316480175599309e-05,0.00021949440526797926,14920,0
1866,866,supervised,0.17546048760414124,0.017321758903563023,0.0,0.0,0,0,0,0,0.0,0.0,0.0,0,0,False,0.11650357395410538,7.313579585221751e-05,0.0002194073875566525,14928,0
1867,867,supervised,0.2528716027736664,0.015483532100915909,0.0,0.0,0,0,0,0,0.0,0.0,0.0,0,0,False,0.1165061816573143,7.310678003780197e-05,0.00021932034011340587,14936,0
1868,868,supervised,0.1512540876865387,0.019140404649078846,0.0,0.0,0,0,0,0,0.0,0.0,0.0,0,0,False,0.11650880426168442,7.307775432517595e-05,0.00021923326297552782,14944,0
1869,869,supervised,0.24621987342834473,0.01772705279290676,0.0,0.0,0,0,0,0,0.0,0.0,0.0,0,0,False,0.11651135981082916,7.304871872677312e-05,0.00021914615618031933,14952,0
1870,870,supervised,0.25228355824947357,0.013914311770349741,0.0,0.0,0,0,0,0,0.0,0.0,0.0,0,0,False,0.11651481688022614,7.301967325503142e-05,0.00021905901976509423,14960,0
1871,871,supervised,0.2519017234444618,0.017298031132668257,0.0,0.0,0,0,0,0,0.0,0.0,0.0,0,0,False,0.116518035531044,7.2990617922393e-05,0.00021897185376717899,14968,0
1872,872,supervised,0.11691035702824593,0.017964168451726437,0.0,0.0,0,0,0,0,0.0,0.0,0.0,0,0,False,0.11652127653360367,7.296155274130425e-05,0.00021888465822391269,14976,0
1873,873,supervised,0.18126916699111462,0.014996476471424103,0.0,0.0,0,0,0,0,0.0,0.0,0.0,0,0,False,0.11652454733848572,7.293247772421576e-05,0.00021879743317264726,14984,0
1874,874,supervised,0.2601715922355652,0.01497726934030652,0.0,0.0,0,0,0,0,0.0,0.0,0.0,0,0,False,0.11652824282646179,7.290339288358233e-05,0.00021871017865074697,14992,0
1875,875,supervised,0.18979725241661072,0.014884998090565205,0.0,0.0,0,0,0,0,0.0,0.0,0.0,0,0,False,0.11653219163417816,7.287429823186303e-05,0.00021862289469558904,15000,0
1876,876,supervised,0.15268997475504875,0.01678436901420355,0.0,0.0,0,0,0,0,0.0,0.0,0.0,0,0,False,0.11653625965118408,7.284519378152103e-05,0.00021853558134456307,15008,0
1877,877,supervised,0.30263376235961914,0.020406597293913364,0.0,0.0,0,0,0,0,0.0,0.0,0.0,0,0,False,0.11653991043567657,7.28160795450238e-05,0.00021844823863507136,15016,0
1878,878,supervised,0.25300145149230957,0.016884510405361652,0.0,0.0,0,0,0,0,0.0,0.0,0.0,0,0,False,0.11654329299926758,7.278695553484292e-05,0.00021836086660452871,15024,0
1879,879,supervised,0.14899888634681702,0.019231710582971573,0.0,0.0,0,0,0,0,0.0,0.0,0.0,0,0,False,0.11654657125473022,7.27578217634542e-05,0.00021827346529036256,15032,0
1880,880,supervised,0.11350927501916885,0.017847146838903427,0.0,0.0,0,0,0,0,0.0,0.0,0.0,0,0,False,0.11654949933290482,7.272867824333762e-05,0.00021818603473001283,15040,0
1881,881,supervised,0.09305128455162048,0.019815572537481785,0.0,0.0,0,0,0,0,0.0,0.0,0.0,0,0,False,0.11655252426862717,7.269952498697734e-05,0.00021809857496093199,15048,0
1882,882,supervised,0.21167106926441193,0.015226360876113176,0.0,0.0,0,0,0,0,0.0,0.0,0.0,0,0,False,0.1165556013584137,7.267036200686171e-05,0.00021801108602058507,15056,0
1883,883,supervised,0.35713259875774384,0.014041222631931305,0.0,0.0,0,0,0,0,0.0,0.0,0.0,0,0,False,0.11655839532613754,7.264118931548318e-05,0.00021792356794644952,15064,0
1884,884,supervised,0.09168640524148941,0.01618181448429823,0.0,0.0,0,0,0,0,0.0,0.0,0.0,0,0,False,0.11656155437231064,7.261200692533844e-05,0.00021783602077601527,15072,0
1885,885,supervised,0.13961052522063255,0.01568954950198531,0.0,0.0,0,0,0,0,0.0,0.0,0.0,0,0,False,0.1165645495057106,7.258281484892829e-05,0.00021774844454678483,15080,0
1886,886,supervised,0.16147977486252785,0.01732294959947467,0.0,0.0,0,0,0,0,0.0,0.0,0.0,0,0,False,0.11656808853149414,7.255361309875768e-05,0.000217660839296273,15088,0
1887,887,supervised,0.13975881412625313,0.01503720786422491,0.0,0.0,0,0,0,0,0.0,0.0,0.0,0,0,False,0.11657187342643738,7.252440168733572e-05,0.00021757320506200713,15096,0
1888,888,supervised,0.15610887110233307,0.015849228482693434,0.0,0.0,0,0,0,0,0.0,0.0,0.0,0,0,False,0.11657527834177017,7.249518062717565e-05,0.00021748554188152694,15104,0
1889,889,supervised,0.2616557702422142,0.02362478617578745,0.0,0.0,0,0,0,0,0.0,0.0,0.0,0,0,False,0.11657823622226715,7.246594993079482e-05,0.00021739784979238447,15112,0
1890,890,supervised,0.23087279498577118,0.017691566608846188,0.0,0.0,0,0,0,0,0.0,0.0,0.0,0,0,False,0.11658093333244324,7.243670961071478e-05,0.00021731012883214433,15120,0
1891,891,supervised,0.2431163191795349,0.018639092333614826,0.0,0.0,0,0,0,0,0.0,0.0,0.0,0,0,False,0.11658348888158798,7.240745967946113e-05,0.00021722237903838338,15128,0
1892,892,supervised,0.21010519564151764,0.014462839812040329,0.0,0.0,0,0,0,0,0.0,0.0,0.0,0,0,False,0.11658642441034317,7.237820014956361e-05,0.00021713460044869078,15136,0
1893,893,supervised,0.15332286804914474,0.01657455414533615,0.0,0.0,0,0,0,0,0.0,0.0,0.0,0,0,False,0.11658952385187149,7.234893103355607e-05,0.00021704679310066818,15144,0
1894,894,supervised,0.19484379142522812,0.016070465557277203,0.0,0.0,0,0,0,0,0.0,0.0,0.0,0,0,False,0.11659269034862518,7.231965234397645e-05,0.00021695895703192932,15152,0
1895,895,supervised,0.23689302802085876,0.015619557816535234,0.0,0.0,0,0,0,0,0.0,0.0,0.0,0,0,False,0.11659559607505798,7.229036409336687e-05,0.00021687109228010057,15160,0
1896,896,supervised,0.148613091558218,0.019127856008708477,0.0,0.0,0,0,0,0,0.0,0.0,0.0,0,0,False,0.11659834533929825,7.226106629427342e-05,0.00021678319888282022,15168,0
1897,897,supervised,0.28377143293619156,0.015688858926296234,0.0,0.0,0,0,0,0,0.0,0.0,0.0,0,0,False,0.11660084128379822,7.223175895924638e-05,0.0002166952768777391,15176,0
1898,898,supervised,0.14287571609020233,0.016621239483356476,0.0,0.0,0,0,0,0,0.0,0.0,0.0,0,0,False,0.11660323292016983,7.220244210084008e-05,0.00021660732630252022,15184,0
1899,899,supervised,0.18205926939845085,0.01613430865108967,0.0,0.0,0,0,0,0,0.0,0.0,0.0,0,0,False,0.1166054829955101,7.217311573161293e-05,0.00021651934719483875,15192,0
1900,900,supervised,0.3013644516468048,0.01587929902598262,0.0,0.0,0,0,0,0,0.0,0.0,0.0,0,0,False,0.11660774052143097,7.214377986412741e-05,0.0002164313395923822,15200,0
1901,901,supervised,0.13844621554017067,0.015330913942307234,0.0,0.0,0,0,0,0,0.0,0.0,0.0,0,0,False,0.1166100800037384,7.211443451095007e-05,0.00021634330353285017,15208,0
1902,902,supervised,0.1588284820318222,0.018527209758758545,0.0,0.0,0,0,0,0,0.0,0.0,0.0,0,0,False,0.11661253869533539,7.208507968465154e-05,0.00021625523905395458,15216,0
1903,903,supervised,0.18408674001693726,0.015016039367765188,0.0,0.0,0,0,0,0,0.0,0.0,0.0,0,0,False,0.116614930331707,7.205571539780648e-05,0.0002161671461934194,15224,0
1904,904,supervised,0.15312905609607697,0.014806532301008701,0.0,0.0,0,0,0,0,0.0,0.0,0.0,0,0,False,0.1166178435087204,7.202634166299364e-05,0.00021607902498898087,15232,0
1905,905,supervised,0.15697069838643074,0.01624870114028454,0.0,0.0,0,0,0,0,0.0,0.0,0.0,0,0,False,0.11662089079618454,7.199695849279576e-05,0.00021599087547838727,15240,0
1906,906,supervised,0.12425865419209003,0.01709374040365219,0.0,0.0,0,0,0,0,0.0,0.0,0.0,0,0,False,0.1166238859295845,7.196756589979969e-05,0.000215902697699399,15248,0
1907,907,supervised,0.10215260088443756,0.0215627895668149,0.0,0.0,0,0,0,0,0.0,0.0,0.0,0,0,False,0.11662670224905014,7.193816389659626e-05,0.00021581449168978878,15256,0
1908,908,supervised,0.37060198187828064,0.016819815151393414,0.0,0.0,0,0,0,0,0.0,0.0,0.0,0,0,False,0.11662974208593369,7.190875249578037e-05,0.0002157262574873411,15264,0
1909,909,supervised,0.2317875474691391,0.015955652110278606,0.0,0.0,0,0,0,0,0.0,0.0,0.0,0,0,False,0.11663199961185455,7.187933170995094e-05,0.00021563799512985278,15272,0
1910,910,supervised,0.10733235627412796,0.01686507649719715,0.0,0.0,0,0,0,0,0.0,0.0,0.0,0,0,False,0.11663445830345154,7.184990155171086e-05,0.00021554970465513255,15280,0
1911,911,supervised,0.24529510736465454,0.017065412364900112,0.0,0.0,0,0,0,0,0.0,0.0,0.0,0,0,False,0.11663690209388733,7.18204620336671e-05,0.00021546138610100128,15288,0
1912,912,supervised,0.1887640282511711,0.014482139144092798,0.0,0.0,0,0,0,0,0.0,0.0,0.0,0,0,False,0.11663982272148132,7.179101316843062e-05,0.00021537303950529185,15296,0
1913,913,supervised,0.18419570103287697,0.01622017240151763,0.0,0.0,0,0,0,0,0.0,0.0,0.0,0,0,False,0.11664269864559174,7.176155496861638e-05,0.00021528466490584912,15304,0
1914,914,supervised,0.17987677454948425,0.0162523677572608,0.0,0.0,0,0,0,0,0.0,0.0,0.0,0,0,False,0.11664717644453049,7.173208744684332e-05,0.00021519626234052993,15312,0
1915,915,supervised,0.17737160623073578,0.01708005229011178,0.0,0.0,0,0,0,0,0.0,0.0,0.0,0,0,False,0.11665182560682297,7.17026106157344e-05,0.00021510783184720318,15320,0
1916,916,supervised,0.30399613082408905,0.014761148020625114,0.0,0.0,0,0,0,0,0.0,0.0,0.0,0,0,False,0.1166563406586647,7.167312448791655e-05,0.0002150193734637496,15328,0
1917,917,supervised,0.15072118490934372,0.01897988561540842,0.0,0.0,0,0,0,0,0.0,0.0,0.0,0,0,False,0.1166602298617363,7.164362907602072e-05,0.0002149308872280621,15336,0
1918,918,supervised,0.14717689901590347,0.015419224742799997,0.0,0.0,0,0,0,0,0.0,0.0,0.0,0,0,False,0.1166640967130661,7.161412439268175e-05,0.00021484237317804522,15344,0
1919,919,supervised,0.10082099214196205,0.016253216192126274,0.0,0.0,0,0,0,0,0.0,0.0,0.0,0,0,False,0.11666790395975113,7.158461045053856e-05,0.00021475383135161565,15352,0
1920,920,supervised,0.24165217578411102,0.015548071824014187,0.0,0.0,0,0,0,0,0.0,0.0,0.0,0,0,False,0.11667139828205109,7.155508726223395e-05,0.00021466526178670183,15360,0
1921,921,supervised,0.17381761968135834,0.01983793918043375,0.0,0.0,0,0,0,0,0.0,0.0,0.0,0,0,False,0.11667505651712418,7.152555484041476e-05,0.00021457666452124428,15368,0
1922,922,supervised,0.17886827141046524,0.014641689136624336,0.0,0.0,0,0,0,0,0.0,0.0,0.0,0,0,False,0.11667844653129578,7.149601319773172e-05,0.0002144880395931951,15376,0
1923,923,supervised,0.24277648329734802,0.016379470471292734,0.0,0.0,0,0,0,0,0.0,0.0,0.0,0,0,False,0.11668191105127335,7.146646234683951e-05,0.00021439938704051847,15384,0
1924,924,supervised,0.23334799706935883,0.014918416738510132,0.0,0.0,0,0,0,0,0.0,0.0,0.0,0,0,False,0.1166854053735733,7.143690230039679e-05,0.00021431070690119033,15392,0
1925,925,supervised,0.26135294139385223,0.020318500697612762,0.0,0.0,0,0,0,0,0.0,0.0,0.0,0,0,False,0.11668860167264938,7.140733307106615e-05,0.00021422199921319844,15400,0
1926,926,supervised,0.2590646520256996,0.017213234212249517,0.0,0.0,0,0,0,0,0.0,0.0,0.0,0,0,False,0.11669126152992249,7.137775467151411e-05,0.0002141332640145423,15408,0
1927,927,supervised,0.18127216026186943,0.016123948618769646,0.0,0.0,0,0,0,0,0.0,0.0,0.0,0,0,False,0.11669383198022842,7.134816711441112e-05,0.0002140445013432333,15416,0
1928,928,supervised,0.16011592000722885,0.017946481704711914,0.0,0.0,0,0,0,0,0.0,0.0,0.0,0,0,False,0.11669666320085526,7.131857041243152e-05,0.00021395571123729453,15424,0
1929,929,supervised,0.12998174875974655,0.021479830145835876,0.0,0.0,0,0,0,0,0.0,0.0,0.0,0,0,False,0.11669958382844925,7.128896457825364e-05,0.00021386689373476087,15432,0
1930,930,supervised,0.1069699227809906,0.02134193480014801,0.0,0.0,0,0,0,0,0.0,0.0,0.0,0,0,False,0.11670245230197906,7.125934962455964e-05,0.00021377804887367892,15440,0
1931,931,supervised,0.13823768496513367,0.018378841690719128,0.0,0.0,0,0,0,0,0.0,0.0,0.0,0,0,False,0.11670536547899246,7.122972556403567e-05,0.00021368917669210697,15448,0
1932,932,supervised,0.1949782632291317,0.019700354896485806,0.0,0.0,0,0,0,0,0.0,0.0,0.0,0,0,False,0.11670824885368347,7.120009240937168e-05,0.00021360027722811505,15456,0
1933,933,supervised,0.25854872912168503,0.02138123009353876,0.0,0.0,0,0,0,0,0.0,0.0,0.0,0,0,False,0.11671080440282822,7.117045017326162e-05,0.00021351135051978482,15464,0
1934,934,supervised,0.1546713039278984,0.021671761758625507,0.0,0.0,0,0,0,0,0.0,0.0,0.0,0,0,False,0.11671310663223267,7.114079886840326e-05,0.00021342239660520975,15472,0
1935,935,supervised,0.1393851898610592,0.018303662538528442,0.0,0.0,0,0,0,0,0.0,0.0,0.0,0,0,False,0.11671536415815353,7.111113850749828e-05,0.0002133334155224948,15480,0
1936,936,supervised,0.25693799555301666,0.015320176724344492,0.0,0.0,0,0,0,0,0.0,0.0,0.0,0,0,False,0.11671757698059082,7.108146910325223e-05,0.00021324440730975666,15488,0
1937,937,supervised,0.1589416265487671,0.020733658224344254,0.0,0.0,0,0,0,0,0.0,0.0,0.0,0,0,False,0.11671976000070572,7.105179066837456e-05,0.00021315537200512362,15496,0
1938,938,supervised,0.1985170543193817,0.0152376564219594,0.0,0.0,0,0,0,0,0.0,0.0,0.0,0,0,False,0.11672187596559525,7.102210321557855e-05,0.00021306630964673562,15504,0
1939,939,supervised,0.08619564399123192,0.015832058619707823,0.0,0.0,0,0,0,0,0.0,0.0,0.0,0,0,False,0.11672452837228775,7.099240675758137e-05,0.00021297722027274407,15512,0
1940,940,supervised,0.19130666553974152,0.014914630446583033,0.0,0.0,0,0,0,0,0.0,0.0,0.0,0,0,False,0.11672734469175339,7.096270130710403e-05,0.00021288810392131207,15520,0
1941,941,supervised,0.25322800874710083,0.018800142221152782,0.0,0.0,0,0,0,0,0.0,0.0,0.0,0,0,False,0.11672990769147873,7.09329868768714e-05,0.0002127989606306142,15528,0
1942,942,supervised,0.19781935960054398,0.015060412231832743,0.0,0.0,0,0,0,0,0.0,0.0,0.0,0,0,False,0.11673241853713989,7.090326347961223e-05,0.00021270979043883664,15536,0
1943,943,supervised,0.21084455773234367,0.016751127783209085,0.0,0.0,0,0,0,0,0.0,0.0,0.0,0,0,False,0.11673501133918762,7.087353112805905e-05,0.00021262059338417712,15544,0
1944,944,supervised,0.24993203580379486,0.014772537630051374,0.0,0.0,0,0,0,0,0.0,0.0,0.0,0,0,False,0.11673764884471893,7.084378983494824e-05,0.0002125313695048447,15552,0
1945,945,supervised,0.19365429878234863,0.014404764864593744,0.0,0.0,0,0,0,0,0.0,0.0,0.0,0,0,False,0.11674085259437561,7.081403961302006e-05,0.00021244211883906017,15560,0
1946,946,supervised,0.2554347515106201,0.01721305213868618,0.0,0.0,0,0,0,0,0.0,0.0,0.0,0,0,False,0.1167437732219696,7.078428047501855e-05,0.00021235284142505562,15568,0
1947,947,supervised,0.09083220362663269,0.014543131459504366,0.0,0.0,0,0,0,0,0.0,0.0,0.0,0,0,False,0.11674689501523972,7.075451243369157e-05,0.00021226353730107467,15576,0
1948,948,supervised,0.14112232252955437,0.014814046211540699,0.0,0.0,0,0,0,0,0.0,0.0,0.0,0,0,False,0.11675019562244415,7.07247355017908e-05,0.00021217420650537238,15584,0
1949,949,supervised,0.20836002379655838,0.019004658795893192,0.0,0.0,0,0,0,0,0.0,0.0,0.0,0,0,False,0.11675342172384262,7.069494969207174e-05,0.0002120848490762152,15592,0
1950,950,supervised,0.12421267479658127,0.016416113823652267,0.0,0.0,0,0,0,0,0.0,0.0,0.0,0,0,False,0.11675651371479034,7.06651550172937e-05,0.00021199546505188104,15600,0
1951,951,supervised,0.1908511444926262,0.016079655848443508,0.0,0.0,0,0,0,0,0.0,0.0,0.0,0,0,False,0.11675944179296494,7.063535149021973e-05,0.00021190605447065917,15608,0
1952,952,supervised,0.13086643815040588,0.01676295790821314,0.0,0.0,0,0,0,0,0.0,0.0,0.0,0,0,False,0.11676209419965744,7.060553912361677e-05,0.00021181661737085028,15616,0
1953,953,supervised,0.15520502626895905,0.0230758273974061,0.0,0.0,0,0,0,0,0.0,0.0,0.0,0,0,False,0.11676478385925293,7.057571793025544e-05,0.00021172715379076632,15624,0
1954,954,supervised,0.0771649032831192,0.019496210385113955,0.0,0.0,0,0,0,0,0.0,0.0,0.0,0,0,False,0.11676735430955887,7.054588792291022e-05,0.0002116376637687306,15632,0
1955,955,supervised,0.18997391313314438,0.018314040265977383,0.0,0.0,0,0,0,0,0.0,0.0,0.0,0,0,False,0.11676985025405884,7.051604911435932e-05,0.00021154814734307797,15640,0
1956,956,supervised,0.0771968699991703,0.015330941416323185,0.0,0.0,0,0,0,0,0.0,0.0,0.0,0,0,False,0.11677276343107224,7.048620151738477e-05,0.0002114586045521543,15648,0
1957,957,supervised,0.20138925313949585,0.022305679507553577,0.0,0.0,0,0,0,0,0.0,0.0,0.0,0,0,False,0.11677536368370056,7.045634514477229e-05,0.00021136903543431685,15656,0
1958,958,supervised,0.248368501663208,0.013996823690831661,0.0,0.0,0,0,0,0,0.0,0.0,0.0,0,0,False,0.11677776277065277,7.042648000931144e-05,0.00021127944002793426,15664,0
1959,959,supervised,0.2658471614122391,0.021857112646102905,0.0,0.0,0,0,0,0,0.0,0.0,0.0,0,0,False,0.1167798638343811,7.039660612379546e-05,0.00021118981837138636,15672,0
1960,960,supervised,0.17886589467525482,0.014201715122908354,0.0,0.0,0,0,0,0,0.0,0.0,0.0,0,0,False,0.11678285896778107,7.03667235010214e-05,0.00021110017050306418,15680,0
1961,961,supervised,0.18692969530820847,0.01841634465381503,0.0,0.0,0,0,0,0,0.0,0.0,0.0,0,0,False,0.11678565293550491,7.033683215379002e-05,0.00021101049646137003,15688,0
1962,962,supervised,0.2513495832681656,0.015364744234830141,0.0,0.0,0,0,0,0,0.0,0.0,0.0,0,0,False,0.11678837239742279,7.03069320949058e-05,0.0002109207962847174,15696,0
1963,963,supervised,0.10537459328770638,0.02085166983306408,0.0,0.0,0,0,0,0,0.0,0.0,0.0,0,0,False,0.11679098755121231,7.027702333717702e-05,0.00021083107001153102,15704,0
1964,964,supervised,0.10483917966485023,0.016539735719561577,0.0,0.0,0,0,0,0,0.0,0.0,0.0,0,0,False,0.11679358780384064,7.024710589341561e-05,0.0002107413176802468,15712,0
1965,965,supervised,0.13179204240441322,0.018422240391373634,0.0,0.0,0,0,0,0,0.0,0.0,0.0,0,0,False,0.11679618060588837,7.021717977643726e-05,0.00021065153932931175,15720,0
1966,966,supervised,0.20413457602262497,0.015292542520910501,0.0,0.0,0,0,0,0,0.0,0.0,0.0,0,0,False,0.11679919809103012,7.018724499906135e-05,0.00021056173499718402,15728,0
1967,967,supervised,0.19601396471261978,0.02396294567734003,0.0,0.0,0,0,0,0,0.0,0.0,0.0,0,0,False,0.11680185049772263,7.015730157411102e-05,0.00021047190472233305,15736,0
1968,968,supervised,0.265656441450119,0.014055920299142599,0.0,0.0,0,0,0,0,0.0,0.0,0.0,0,0,False,0.11680474132299423,7.012734951441307e-05,0.0002103820485432392,15744,0
1969,969,supervised,0.1705806776881218,0.01709333062171936,0.0,0.0,0,0,0,0,0.0,0.0,0.0,0,0,False,0.11680788546800613,7.009738883279802e-05,0.000210292166498394,15752,0
1970,970,supervised,0.14258421584963799,0.016558866947889328,0.0,0.0,0,0,0,0,0.0,0.0,0.0,0,0,False,0.11681098490953445,7.006741954210004e-05,0.0002102022586263001,15760,0
1971,971,supervised,0.17556525021791458,0.015825537499040365,0.0,0.0,0,0,0,0,0.0,0.0,0.0,0,0,False,0.11681408435106277,7.003744165515705e-05,0.0002101123249654711,15768,0
1972,972,supervised,0.10731025040149689,0.016160331666469574,0.0,0.0,0,0,0,0,0.0,0.0,0.0,0,0,False,0.11681689321994781,7.000745518481062e-05,0.00021002236555443183,15776,0
1973,973,supervised,0.21193458884954453,0.015079427510499954,0.0,0.0,0,0,0,0,0.0,0.0,0.0,0,0,False,0.1168195903301239,6.997746014390601e-05,0.000209932380431718,15784,0
1974,974,supervised,0.24655689299106598,0.014880095608532429,0.0,0.0,0,0,0,0,0.0,0.0,0.0,0,0,False,0.11682230979204178,6.994745654529212e-05,0.00020984236963587634,15792,0
1975,975,supervised,0.1458263397216797,0.017759421840310097,0.0,0.0,0,0,0,0,0.0,0.0,0.0,0,0,False,0.11682463437318802,6.991744440182155e-05,0.00020975233320546464,15800,0
1976,976,supervised,0.11965488642454147,0.017720024101436138,0.0,0.0,0,0,0,0,0.0,0.0,0.0,0,0,False,0.11682738363742828,6.988742372635056e-05,0.00020966227117905163,15808,0
1977,977,supervised,0.24016455560922623,0.016586434096097946,0.0,0.0,0,0,0,0,0.0,0.0,0.0,0,0,False,0.11682989448308945,6.985739453173903e-05,0.00020957218359521706,15816,0
1978,978,supervised,0.1403094306588173,0.016819453798234463,0.0,0.0,0,0,0,0,0.0,0.0,0.0,0,0,False,0.11683245748281479,6.982735683085056e-05,0.00020948207049255164,15824,0
1979,979,supervised,0.2174389697611332,0.014078269712626934,0.0,0.0,0,0,0,0,0.0,0.0,0.0,0,0,False,0.11683501303195953,6.979731063655227e-05,0.0002093919319096568,15832,0
1980,980,supervised,0.1920301467180252,0.017838910222053528,0.0,0.0,0,0,0,0,0.0,0.0,0.0,0,0,False,0.11683766543865204,6.976725596171505e-05,0.00020930176788514513,15840,0
1981,981,supervised,0.24802657961845398,0.01476196525618434,0.0,0.0,0,0,0,0,0.0,0.0,0.0,0,0,False,0.11684029549360275,6.973719281921335e-05,0.00020921157845764005,15848,0
1982,982,supervised,0.08489466086030006,0.022036492824554443,0.0,0.0,0,0,0,0,0.0,0.0,0.0,0,0,False,0.1168428584933281,6.970712122192531e-05,0.0002091213636657759,15856,0
1983,983,supervised,0.206503015011549,0.014568996615707874,0.0,0.0,0,0,0,0,0.0,0.0,0.0,0,0,False,0.1168457642197609,6.967704118273258e-05,0.0002090311235481977,15864,0
1984,984,supervised,0.3094969540834427,0.01565165212377906,0.0,0.0,0,0,0,0,0.0,0.0,0.0,0,0,False,0.11684855073690414,6.964695271452052e-05,0.00020894085814356152,15872,0
1985,985,supervised,0.13815904408693314,0.02037159912288189,0.0,0.0,0,0,0,0,0.0,0.0,0.0,0,0,False,0.11685112863779068,6.961685583017808e-05,0.0002088505674905342,15880,0
1986,986,supervised,0.09596582129597664,0.01734348712489009,0.0,0.0,0,0,0,0,0.0,0.0,0.0,0,0,False,0.11685381084680557,6.95867505425978e-05,0.00020876025162779336,15888,0
1987,987,supervised,0.24360592663288116,0.014756296295672655,0.0,0.0,0,0,0,0,0.0,0.0,0.0,0,0,False,0.11685644090175629,6.955663686467585e-05,0.0002086699105940275,15896,0
1988,988,supervised,0.16200564801692963,0.017881869338452816,0.0,0.0,0,0,0,0,0.0,0.0,0.0,0,0,False,0.11685892939567566,6.952651480931193e-05,0.00020857954442793578,15904,0
1989,989,supervised,0.10151160135865211,0.021563532762229443,0.0,0.0,0,0,0,0,0.0,0.0,0.0,0,0,False,0.11686139553785324,6.949638438940942e-05,0.00020848915316822823,15912,0
1990,990,supervised,0.195153146982193,0.015075526665896177,0.0,0.0,0,0,0,0,0.0,0.0,0.0,0,0,False,0.1168641522526741,6.94662456178752e-05,0.00020839873685362558,15920,0
1991,991,supervised,0.13283942267298698,0.014857103582471609,0.0,0.0,0,0,0,0,0.0,0.0,0.0,0,0,False,0.11686699092388153,6.943609850761979e-05,0.00020830829552285932,15928,0
1992,992,supervised,0.18036922812461853,0.017503639217466116,0.0,0.0,0,0,0,0,0.0,0.0,0.0,0,0,False,0.11686967313289642,6.940594307155724e-05,0.00020821782921467166,15936,0
1993,993,supervised,0.20598088949918747,0.016577839851379395,0.0,0.0,0,0,0,0,0.0,0.0,0.0,0,0,False,0.11687234789133072,6.937577932260515e-05,0.00020812733796781542,15944,0
1994,994,supervised,0.09099704772233963,0.020784880965948105,0.0,0.0,0,0,0,0,0.0,0.0,0.0,0,0,False,0.11687483638525009,6.934560727368477e-05,0.00020803682182105425,15952,0
1995,995,supervised,0.14728771895170212,0.020390736870467663,0.0,0.0,0,0,0,0,0.0,0.0,0.0,0,0,False,0.11687707155942917,6.931542693772081e-05,0.0002079462808131624,15960,0
1996,996,supervised,0.1930919662117958,0.014600368216633797,0.0,0.0,0,0,0,0,0.0,0.0,0.0,0,0,False,0.11687960475683212,6.928523832764158e-05,0.0002078557149829247,15968,0
1997,997,supervised,0.18511971831321716,0.017441837582737207,0.0,0.0,0,0,0,0,0.0,0.0,0.0,0,0,False,0.11688220500946045,6.925504145637891e-05,0.0002077651243691367,15976,0
1998,998,supervised,0.13033754006028175,0.01595940161496401,0.0,0.0,0,0,0,0,0.0,0.0,0.0,0,0,False,0.11688484251499176,6.922483633686818e-05,0.00020767450901060453,15984,0
1999,999,supervised,0.1388641521334648,0.017596116289496422,0.0,0.0,0,0,0,0,0.0,0.0,0.0,0,0,False,0.11688754707574844,6.919462298204834e-05,0.000207583868946145,15992,0
2000,1000,supervised,0.29406915977597237,0.013958577532321215,0.0,0.0,0,0,0,0,0.0,0.0,0.0,0,0,False,0.116890549659729,6.916440140486177e-05,0.00020749320421458532,16000,0
2001,1001,supervised,0.16511709243059158,0.014781097881495953,0.0,0.0,0,0,0,0,0.0,0.0,0.0,0,0,False,0.1168941929936409,6.91341716182545e-05,0.00020740251485476345,16008,0
2002,1002,supervised,0.2901275083422661,0.015498320572078228,0.0,0.0,0,0,0,0,0.0,0.0,0.0,0,0,False,0.11689766496419907,6.910393363517596e-05,0.00020731180090552783,16016,0
2003,1003,supervised,0.23558811843395233,0.015137122478336096,0.0,0.0,0,0,0,0,0.0,0.0,0.0,0,0,False,0.11690093576908112,6.907368746857914e-05,0.0002072210624057374,16024,0
2004,1004,supervised,0.10613441467285156,0.015242970548570156,0.0,0.0,0,0,0,0,0.0,0.0,0.0,0,0,False,0.11690455675125122,6.904343313142059e-05,0.00020713029939426175,16032,0
2005,1005,supervised,0.1163286492228508,0.015406482852995396,0.0,0.0,0,0,0,0,0.0,0.0,0.0,0,0,False,0.1169084906578064,6.901317063666025e-05,0.00020703951190998072,16040,0
2006,1006,supervised,0.2751222550868988,0.01414362620562315,0.0,0.0,0,0,0,0,0.0,0.0,0.0,0,0,False,0.1169128566980362,6.898289999726164e-05,0.0002069486999917849,16048,0
2007,1007,supervised,0.2740200236439705,0.015950997825711966,0.0,0.0,0,0,0,0,0.0,0.0,0.0,0,0,False,0.11691679805517197,6.895262122619174e-05,0.00020685786367857518,16056,0
2008,1008,supervised,0.18712475895881653,0.016437161713838577,0.0,0.0,0,0,0,0,0.0,0.0,0.0,0,0,False,0.11692050099372864,6.892233433642099e-05,0.00020676700300926293,16064,0
2009,1009,supervised,0.15165331214666367,0.0183707345277071,0.0,0.0,0,0,0,0,0.0,0.0,0.0,0,0,False,0.11692392826080322,6.889203934092336e-05,0.00020667611802277006,16072,0
2010,1010,supervised,0.0997905358672142,0.014619413763284683,0.0,0.0,0,0,0,0,0.0,0.0,0.0,0,0,False,0.11692744493484497,6.886173625267625e-05,0.0002065852087580287,16080,0
2011,1011,supervised,0.10469323769211769,0.017166594974696636,0.0,0.0,0,0,0,0,0.0,0.0,0.0,0,0,False,0.11693090200424194,6.883142508466054e-05,0.0002064942752539816,16088,0
2012,1012,supervised,0.09753294661641121,0.01940074097365141,0.0,0.0,0,0,0,0,0.0,0.0,0.0,0,0,False,0.1169343963265419,6.880110584986058e-05,0.0002064033175495817,16096,0
2013,1013,supervised,0.14826050400733948,0.01556434016674757,0.0,0.0,0,0,0,0,0.0,0.0,0.0,0,0,False,0.11693812906742096,6.877077856126416e-05,0.00020631233568379245,16104,0
2014,1014,supervised,0.1890915185213089,0.016095010098069906,0.0,0.0,0,0,0,0,0.0,0.0,0.0,0,0,False,0.11694175004959106,6.874044323186253e-05,0.00020622132969558757,16112,0
2015,1015,supervised,0.14804746955633163,0.01696657482534647,0.0,0.0,0,0,0,0,0.0,0.0,0.0,0,0,False,0.1169452965259552,6.871009987465036e-05,0.0002061302996239511,16120,0
2016,1016,supervised,0.1733241118490696,0.016322536394000053,0.0,0.0,0,0,0,0,0.0,0.0,0.0,0,0,False,0.11694854497909546,6.867974850262582e-05,0.00020603924550787744,16128,0
2017,1017,supervised,0.16869203746318817,0.02210565935820341,0.0,0.0,0,0,0,0,0.0,0.0,0.0,0,0,False,0.11695166677236557,6.864938912879046e-05,0.00020594816738637133,16136,0
2018,1018,supervised,0.2359825223684311,0.01625801157206297,0.0,0.0,0,0,0,0,0.0,0.0,0.0,0,0,False,0.11695455759763718,6.861902176614926e-05,0.0002058570652984477,16144,0
2019,1019,supervised,0.15195737034082413,0.017230757512152195,0.0,0.0,0,0,0,0,0.0,0.0,0.0,0,0,False,0.11695797741413116,6.858864642771061e-05,0.0002057659392831318,16152,0
2020,1020,supervised,0.1594211459159851,0.014613789040595293,0.0,0.0,0,0,0,0,0.0,0.0,0.0,0,0,False,0.11696150153875351,6.855826312648638e-05,0.00020567478937945913,16160,0
2021,1021,supervised,0.21313506364822388,0.016463769134134054,0.0,0.0,0,0,0,0,0.0,0.0,0.0,0,0,False,0.11696518212556839,6.852787187549182e-05,0.00020558361562647543,16168,0
2022,1022,supervised,0.21097896993160248,0.015785763505846262,0.0,0.0,0,0,0,0,0.0,0.0,0.0,0,0,False,0.11696863919496536,6.849747268774553e-05,0.00020549241806323658,16176,0
2023,1023,supervised,0.19883236289024353,0.014703886583447456,0.0,0.0,0,0,0,0,0.0,0.0,0.0,0,0,False,0.11697190999984741,6.84670655762696e-05,0.0002054011967288088,16184,0
2024,1024,supervised,0.09529365971684456,0.020053382962942123,0.0,0.0,0,0,0,0,0.0,0.0,0.0,0,0,False,0.11697517335414886,6.843665055408943e-05,0.00020530995166226826,16192,0
2025,1025,supervised,0.10609450936317444,0.01605891901999712,0.0,0.0,0,0,0,0,0.0,0.0,0.0,0,0,False,0.11697810143232346,6.840622763423391e-05,0.0002052186829027017,16200,0
2026,1026,supervised,0.24668103456497192,0.015087109990417957,0.0,0.0,0,0,0,0,0.0,0.0,0.0,0,0,False,0.11698095500469208,6.837579682973518e-05,0.00020512739048920552,16208,0
2027,1027,supervised,0.1440964788198471,0.01755982358008623,0.0,0.0,0,0,0,0,0.0,0.0,0.0,0,0,False,0.11698351800441742,6.834535815362888e-05,0.00020503607446088661,16216,0
2028,1028,supervised,0.25167813152074814,0.013747644145041704,0.0,0.0,0,0,0,0,0.0,0.0,0.0,0,0,False,0.11698634922504425,6.831491161895395e-05,0.0002049447348568618,16224,0
2029,1029,supervised,0.19267959892749786,0.019611984957009554,0.0,0.0,0,0,0,0,0.0,0.0,0.0,0,0,False,0.11698918044567108,6.828445723875272e-05,0.00020485337171625813,16232,0
2030,1030,supervised,0.21311288326978683,0.016395017970353365,0.0,0.0,0,0,0,0,0.0,0.0,0.0,0,0,False,0.11699242889881134,6.825399502607088e-05,0.00020476198507821263,16240,0
2031,1031,supervised,0.15106959268450737,0.018017593771219254,0.0,0.0,0,0,0,0,0.0,0.0,0.0,0,0,False,0.11699624359607697,6.82235249939575e-05,0.00020467057498187248,16248,0
2032,1032,supervised,0.36750468611717224,0.016213957220315933,0.0,0.0,0,0,0,0,0.0,0.0,0.0,0,0,False,0.11699976772069931,6.819304715546492e-05,0.00020457914146639473,16256,0
2033,1033,supervised,0.1905374452471733,0.017581886611878872,0.0,0.0,0,0,0,0,0.0,0.0,0.0,0,0,False,0.11700304597616196,6.816256152364892e-05,0.00020448768457094675,16264,0
2034,1034,supervised,0.20291665941476822,0.015792605467140675,0.0,0.0,0,0,0,0,0.0,0.0,0.0,0,0,False,0.11700624227523804,6.813206811156857e-05,0.00020439620433470568,16272,0
2035,1035,supervised,0.16068574041128159,0.023371119052171707,0.0,0.0,0,0,0,0,0.0,0.0,0.0,0,0,False,0.11700903624296188,6.810156693228626e-05,0.00020430470079685876,16280,0
2036,1036,supervised,0.19807123392820358,0.014700344763696194,0.0,0.0,0,0,0,0,0.0,0.0,0.0,0,0,False,0.1170119047164917,6.807105799886776e-05,0.00020421317399660325,16288,0
2037,1037,supervised,0.2027837261557579,0.01707932073622942,0.0,0.0,0,0,0,0,0.0,0.0,0.0,0,0,False,0.1170145720243454,6.80405413243821e-05,0.00020412162397314624,16296,0
2038,1038,supervised,0.23367290198802948,0.014648908283561468,0.0,0.0,0,0,0,0,0.0,0.0,0.0,0,0,False,0.11701706796884537,6.801001692190166e-05,0.00020403005076570494,16304,0
2039,1039,supervised,0.11487195268273354,0.01867217104882002,0.0,0.0,0,0,0,0,0.0,0.0,0.0,0,0,False,0.11701861768960953,6.797948480450212e-05,0.0002039384544135063,16312,0
2040,1040,supervised,0.2839719355106354,0.014413059689104557,0.0,0.0,0,0,0,0,0.0,0.0,0.0,0,0,False,0.11701998859643936,6.794894498526248e-05,0.00020384683495578738,16320,0
2041,1041,supervised,0.20518042147159576,0.01583613222464919,0.0,0.0,0,0,0,0,0.0,0.0,0.0,0,0,False,0.11702162027359009,6.7918397477265e-05,0.000203755192431795,16328,0
2042,1042,supervised,0.17863290384411812,0.018247180618345737,0.0,0.0,0,0,0,0,0.0,0.0,0.0,0,0,False,0.11702366173267365,6.788784229359533e-05,0.00020366352688078597,16336,0
2043,1043,supervised,0.23052984476089478,0.014798848889768124,0.0,0.0,0,0,0,0,0.0,0.0,0.0,0,0,False,0.11702574044466019,6.785727944734228e-05,0.00020357183834202681,16344,0
2044,1044,supervised,0.26325060427188873,0.02120152208954096,0.0,0.0,0,0,0,0,0.0,0.0,0.0,0,0,False,0.11702790856361389,6.7826708951598e-05,0.00020348012685479395,16352,0
2045,1045,supervised,0.19101113826036453,0.01844192761927843,0.0,0.0,0,0,0,0,0.0,0.0,0.0,0,0,False,0.11703021824359894,6.779613081945795e-05,0.0002033883924583738,16360,0
2046,1046,supervised,0.15012532100081444,0.021303027868270874,0.0,0.0,0,0,0,0,0.0,0.0,0.0,0,0,False,0.11703277379274368,6.776554506402081e-05,0.0002032966351920624,16368,0
2047,1047,supervised,0.29671192169189453,0.015177062712609768,0.0,0.0,0,0,0,0,0.0,0.0,0.0,0,0,False,0.11703526228666306,6.773495169838857e-05,0.00020320485509516564,16376,0
2048,1048,supervised,0.20353620499372482,0.016197436023503542,0.0,0.0,0,0,0,0,0.0,0.0,0.0,0,0,False,0.11703795194625854,6.770435073566642e-05,0.00020311305220699924,16384,0
2049,1049,supervised,0.09988460689783096,0.014388112351298332,0.0,0.0,0,0,0,0,0.0,0.0,0.0,0,0,False,0.11704090237617493,6.767374218896286e-05,0.00020302122656688858,16392,0
2050,1050,supervised,0.09919887036085129,0.01799987629055977,0.0,0.0,0,0,0,0,0.0,0.0,0.0,0,0,False,0.11704400926828384,6.764312607138963e-05,0.00020292937821416885,16400,0
2051,1051,supervised,0.1500341296195984,0.015825834590941668,0.0,0.0,0,0,0,0,0.0,0.0,0.0,0,0,False,0.11704728752374649,6.761250239606169e-05,0.00020283750718818501,16408,0
2052,1052,supervised,0.08744968473911285,0.017187634482979774,0.0,0.0,0,0,0,0,0.0,0.0,0.0,0,0,False,0.11705029755830765,6.758187117609725e-05,0.0002027456135282917,16416,0
2053,1053,supervised,0.24839841574430466,0.01472552865743637,0.0,0.0,0,0,0,0,0.0,0.0,0.0,0,0,False,0.1170533299446106,6.755123242461774e-05,0.0002026536972738532,16424,0
2054,1054,supervised,0.21815574914216995,0.02028022427111864,0.0,0.0,0,0,0,0,0.0,0.0,0.0,0,0,False,0.11705608665943146,6.752058615474783e-05,0.00020256175846424348,16432,0
2055,1055,supervised,0.14863765239715576,0.014998317696154118,0.0,0.0,0,0,0,0,0.0,0.0,0.0,0,0,False,0.11705919355154037,6.748993237961544e-05,0.0002024697971388463,16440,0
2056,1056,supervised,0.24745671451091766,0.016313037369400263,0.0,0.0,0,0,0,0,0.0,0.0,0.0,0,0,False,0.11706230789422989,6.745927111235165e-05,0.00020237781333705494,16448,0
2057,1057,supervised,0.20415771752595901,0.01987252291291952,0.0,0.0,0,0,0,0,0.0,0.0,0.0,0,0,False,0.11706501245498657,6.742860236609077e-05,0.00020228580709827227,16456,0
2058,1058,supervised,0.18744751065969467,0.016079651191830635,0.0,0.0,0,0,0,0,0.0,0.0,0.0,0,0,False,0.11706742644309998,6.739792615397032e-05,0.0002021937784619109,16464,0
2059,1059,supervised,0.13268059492111206,0.01589208235964179,0.0,0.0,0,0,0,0,0.0,0.0,0.0,0,0,False,0.11706971377134323,6.736724248913101e-05,0.00020210172746739301,16472,0
2060,1060,supervised,0.15089069306850433,0.017634009942412376,0.0,0.0,0,0,0,0,0.0,0.0,0.0,0,0,False,0.11707185953855515,6.733655138471677e-05,0.00020200965415415026,16480,0
2061,1061,supervised,0.23446162045001984,0.016577295027673244,0.0,0.0,0,0,0,0,0.0,0.0,0.0,0,0,False,0.1170739233493805,6.730585285387465e-05,0.00020191755856162393,16488,0
2062,1062,supervised,0.1465059109032154,0.01666276017203927,0.0,0.0,0,0,0,0,0.0,0.0,0.0,0,0,False,0.11707659065723419,6.727514690975497e-05,0.0002018254407292649,16496,0
2063,1063,supervised,0.16116053983569145,0.0211503179743886,0.0,0.0,0,0,0,0,0.0,0.0,0.0,0,0,False,0.11707915365695953,6.724443356551115e-05,0.00020173330069653343,16504,0
2064,1064,supervised,0.24431052803993225,0.015818430576473475,0.0,0.0,0,0,0,0,0.0,0.0,0.0,0,0,False,0.11708182096481323,6.721371283429984e-05,0.00020164113850289951,16512,0
2065,1065,supervised,0.1821693331003189,0.013938235118985176,0.0,0.0,0,0,0,0,0.0,0.0,0.0,0,0,False,0.11708460748195648,6.718298472928082e-05,0.00020154895418784242,16520,0
2066,1066,supervised,0.30049727112054825,0.015747724566608667,0.0,0.0,0,0,0,0,0.0,0.0,0.0,0,0,False,0.11708738654851913,6.7152249263617e-05,0.00020145674779085095,16528,0
2067,1067,supervised,0.1751188188791275,0.016313754953444004,0.0,0.0,0,0,0,0,0.0,0.0,0.0,0,0,False,0.1170901209115982,6.71215064504745e-05,0.00020136451935142349,16536,0
2068,1068,supervised,0.1407342627644539,0.017161726020276546,0.0,0.0,0,0,0,0,0.0,0.0,0.0,0,0,False,0.11709287762641907,6.709075630302258e-05,0.00020127226890906768,16544,0
2069,1069,supervised,0.16733774542808533,0.017174729146063328,0.0,0.0,0,0,0,0,0.0,0.0,0.0,0,0,False,0.11709566414356232,6.70599988344336e-05,0.00020117999650330078,16552,0
2070,1070,supervised,0.2928507328033447,0.014995669480413198,0.0,0.0,0,0,0,0,0.0,0.0,0.0,0,0,False,0.11709825694561005,6.70292340578831e-05,0.00020108770217364924,16560,0
2071,1071,supervised,0.17903977632522583,0.015425848308950663,0.0,0.0,0,0,0,0,0.0,0.0,0.0,0,0,False,0.11710037291049957,6.699846198654971e-05,0.0002009953859596491,16568,0
2072,1072,supervised,0.16644186526536942,0.019633685238659382,0.0,0.0,0,0,0,0,0.0,0.0,0.0,0,0,False,0.11710228025913239,6.696768263361524e-05,0.00020090304790084572,16576,0
2073,1073,supervised,0.14388426765799522,0.014285382349044085,0.0,0.0,0,0,0,0,0.0,0.0,0.0,0,0,False,0.11710479110479355,6.693689601226458e-05,0.00020081068803679371,16584,0
2074,1074,supervised,0.18270548433065414,0.014868812635540962,0.0,0.0,0,0,0,0,0.0,0.0,0.0,0,0,False,0.11710722744464874,6.690610213568572e-05,0.00020071830640705713,16592,0
2075,1075,supervised,0.1853991523385048,0.01588902808725834,0.0,0.0,0,0,0,0,0.0,0.0,0.0,0,0,False,0.11710939556360245,6.687530101706978e-05,0.00020062590305120932,16600,0
2076,1076,supervised,0.15370849706232548,0.015183641109615564,0.0,0.0,0,0,0,0,0.0,0.0,0.0,0,0,False,0.1171121671795845,6.6844492669611e-05,0.00020053347800883298,16608,0
2077,1077,supervised,0.3059101849794388,0.016233833506703377,0.0,0.0,0,0,0,0,0.0,0.0,0.0,0,0,False,0.11711470782756805,6.68136771065067e-05,0.00020044103131952007,16616,0
2078,1078,supervised,0.24332863092422485,0.013967686798423529,0.0,0.0,0,0,0,0,0.0,0.0,0.0,0,0,False,0.11711740493774414,6.678285434095727e-05,0.00020034856302287177,16624,0
2079,1079,supervised,0.1933605670928955,0.015584035776555538,0.0,0.0,0,0,0,0,0.0,0.0,0.0,0,0,False,0.11711999028921127,6.67520243861662e-05,0.00020025607315849858,16632,0
2080,1080,supervised,0.2380460947751999,0.016146997921168804,0.0,0.0,0,0,0,0,0.0,0.0,0.0,0,0,False,0.1171223446726799,6.672118725534007e-05,0.0002001635617660202,16640,0
2081,1081,supervised,0.17641112953424454,0.015573704149574041,0.0,0.0,0,0,0,0,0.0,0.0,0.0,0,0,False,0.117125004529953,6.669034296168855e-05,0.0002000710288850656,16648,0
2082,1082,supervised,0.20045359432697296,0.014334502164274454,0.0,0.0,0,0,0,0,0.0,0.0,0.0,0,0,False,0.11712867766618729,6.665949151842435e-05,0.000199978474555273,16656,0
2083,1083,supervised,0.11249486729502678,0.016870560124516487,0.0,0.0,0,0,0,0,0.0,0.0,0.0,0,0,False,0.11713220179080963,6.66286329387632e-05,0.00019988589881628956,16664,0
2084,1084,supervised,0.20627668499946594,0.01657919492572546,0.0,0.0,0,0,0,0,0.0,0.0,0.0,0,0,False,0.11713553965091705,6.659776723592396e-05,0.0001997933017077719,16672,0
2085,1085,supervised,0.26500653475522995,0.015758002176880836,0.0,0.0,0,0,0,0,0.0,0.0,0.0,0,0,False,0.11713865399360657,6.656689442312855e-05,0.0001997006832693856,16680,0
2086,1086,supervised,0.08119023218750954,0.015218165703117847,0.0,0.0,0,0,0,0,0.0,0.0,0.0,0,0,False,0.11714189499616623,6.653601451360188e-05,0.00019960804354080564,16688,0
2087,1087,supervised,0.18188690394163132,0.016564832534641027,0.0,0.0,0,0,0,0,0.0,0.0,0.0,0,0,False,0.11714474856853485,6.65051275205719e-05,0.0001995153825617157,16696,0
2088,1088,supervised,0.2484666109085083,0.014046568423509598,0.0,0.0,0,0,0,0,0.0,0.0,0.0,0,0,False,0.11714770644903183,6.647423345726966e-05,0.00019942270037180896,16704,0
2089,1089,supervised,0.1500929594039917,0.01458947267383337,0.0,0.0,0,0,0,0,0.0,0.0,0.0,0,0,False,0.11715109646320343,6.644333233692916e-05,0.00019932999701078748,16712,0
2090,1090,supervised,0.15364809334278107,0.015414000023156404,0.0,0.0,0,0,0,0,0.0,0.0,0.0,0,0,False,0.11715436726808548,6.641242417278748e-05,0.0001992372725183624,16720,0
2091,1091,supervised,0.17924657464027405,0.016949906945228577,0.0,0.0,0,0,0,0,0.0,0.0,0.0,0,0,False,0.1171574741601944,6.638150897808468e-05,0.00019914452693425402,16728,0
2092,1092,supervised,0.19196867942810059,0.014641735702753067,0.0,0.0,0,0,0,0,0.0,0.0,0.0,0,0,False,0.11716058850288391,6.635058676606385e-05,0.0001990517602981915,16736,0
2093,1093,supervised,0.1296379454433918,0.016875731758773327,0.0,0.0,0,0,0,0,0.0,0.0,0.0,0,0,False,0.11716349422931671,6.63196575499711e-05,0.00019895897264991325,16744,0
2094,1094,supervised,0.18929529935121536,0.015279355924576521,0.0,0.0,0,0,0,0,0.0,0.0,0.0,0,0,False,0.11716625839471817,6.628872134305549e-05,0.00019886616402916646,16752,0
2095,1095,supervised,0.12083812057971954,0.018103132024407387,0.0,0.0,0,0,0,0,0.0,0.0,0.0,0,0,False,0.11716878414154053,6.625777815856916e-05,0.00019877333447570743,16760,0
2096,1096,supervised,0.18460479378700256,0.021596270613372326,0.0,0.0,0,0,0,0,0.0,0.0,0.0,0,0,False,0.11717092990875244,6.622682800976711e-05,0.00019868048402930133,16768,0
2097,1097,supervised,0.13831227272748947,0.014620674308389425,0.0,0.0,0,0,0,0,0.0,0.0,0.0,0,0,False,0.11717294156551361,6.619587090990748e-05,0.0001985876127297224,16776,0
2098,1098,supervised,0.2554229870438576,0.016008722130209208,0.0,0.0,0,0,0,0,0.0,0.0,0.0,0,0,False,0.11717488616704941,6.616490687225126e-05,0.00019849472061675373,16784,0
2099,1099,supervised,0.18765494972467422,0.015606336761265993,0.0,0.0,0,0,0,0,0.0,0.0,0.0,0,0,False,0.11717674136161804,6.613393591006247e-05,0.00019840180773018738,16792,0
2100,1100,supervised,0.19767430424690247,0.01687133125960827,0.0,0.0,0,0,0,0,0.0,0.0,0.0,0,0,False,0.11717841774225235,6.61029580366081e-05,0.0001983088741098243,16800,0
2101,1101,supervised,0.13060997426509857,0.015733099076896906,0.0,0.0,0,0,0,0,0.0,0.0,0.0,0,0,False,0.11718054115772247,6.607197326515808e-05,0.00019821591979547423,16808,0
2102,1102,supervised,0.12022067606449127,0.015192522201687098,0.0,0.0,0,0,0,0,0.0,0.0,0.0,0,0,False,0.11718273907899857,6.60409816089853e-05,0.00019812294482695586,16816,0
2103,1103,supervised,0.22139117866754532,0.01783065078780055,0.0,0.0,0,0,0,0,0.0,0.0,0.0,0,0,False,0.11718536168336868,6.600998308136559e-05,0.00019802994924409675,16824,0
2104,1104,supervised,0.09851370751857758,0.01658575050532818,0.0,0.0,0,0,0,0,0.0,0.0,0.0,0,0,False,0.11718826740980148,6.597897769557775e-05,0.00019793693308673322,16832,0
2105,1105,supervised,0.23905393481254578,0.014854824170470238,0.0,0.0,0,0,0,0,0.0,0.0,0.0,0,0,False,0.11719106882810593,6.594796546490351e-05,0.00019784389639471048,16840,0
2106,1106,supervised,0.2359841763973236,0.01600121706724167,0.0,0.0,0,0,0,0,0.0,0.0,0.0,0,0,False,0.11719395220279694,6.591694640262749e-05,0.00019775083920788245,16848,0
2107,1107,supervised,0.2024271860718727,0.02024715207517147,0.0,0.0,0,0,0,0,0.0,0.0,0.0,0,0,False,0.11719661951065063,6.588592052203731e-05,0.00019765776156611189,16856,0
2108,1108,supervised,0.16941574960947037,0.01627543242648244,0.0,0.0,0,0,0,0,0.0,0.0,0.0,0,0,False,0.11719953268766403,6.585488783642344e-05,0.0001975646635092703,16864,0
2109,1109,supervised,0.1645931378006935,0.017011938616633415,0.0,0.0,0,0,0,0,0.0,0.0,0.0,0,0,False,0.11720236390829086,6.582384835907931e-05,0.0001974715450772379,16872,0
2110,1110,supervised,0.12907420098781586,0.015671625267714262,0.0,0.0,0,0,0,0,0.0,0.0,0.0,0,0,False,0.11720513552427292,6.579280210330126e-05,0.00019737840630990372,16880,0
2111,1111,supervised,0.19790653884410858,0.016846468672156334,0.0,0.0,0,0,0,0,0.0,0.0,0.0,0,0,False,0.1172081008553505,6.57617490823885e-05,0.00019728524724716546,16888,0
2112,1112,supervised,0.19527792930603027,0.018480642698705196,0.0,0.0,0,0,0,0,0.0,0.0,0.0,0,0,False,0.11721070855855942,6.573068930964316e-05,0.00019719206792892944,16896,0
2113,1113,supervised,0.21610980480909348,0.019255535677075386,0.0,0.0,0,0,0,0,0.0,0.0,0.0,0,0,False,0.11721299588680267,6.569962279837026e-05,0.00019709886839511072,16904,0
2114,1114,supervised,0.2620293200016022,0.014998619444668293,0.0,0.0,0,0,0,0,0.0,0.0,0.0,0,0,False,0.11721483618021011,6.56685495618777e-05,0.00019700564868563308,16912,0
2115,1115,supervised,0.07657638937234879,0.018478122074157,0.0,0.0,0,0,0,0,0.0,0.0,0.0,0,0,False,0.11721651256084442,6.56374696134763e-05,0.00019691240884042887,16920,0
2116,1116,supervised,0.21357201784849167,0.016330566722899675,0.0,0.0,0,0,0,0,0.0,0.0,0.0,0,0,False,0.11721868813037872,6.560638296647969e-05,0.00019681914889943907,16928,0
2117,1117,supervised,0.2509441673755646,0.01701131835579872,0.0,0.0,0,0,0,0,0.0,0.0,0.0,0,0,False,0.11722049117088318,6.557528963420442e-05,0.00019672586890261322,16936,0
2118,1118,supervised,0.1814274787902832,0.02048099134117365,0.0,0.0,0,0,0,0,0.0,0.0,0.0,0,0,False,0.11722216755151749,6.554418962996987e-05,0.00019663256888990957,16944,0
2119,1119,supervised,0.14693334698677063,0.01544467406347394,0.0,0.0,0,0,0,0,0.0,0.0,0.0,0,0,False,0.11722409725189209,6.551308296709829e-05,0.00019653924890129486,16952,0
2120,1120,supervised,0.1945708990097046,0.01789893303066492,0.0,0.0,0,0,0,0,0.0,0.0,0.0,0,0,False,0.11722613126039505,6.548196965891481e-05,0.0001964459089767444,16960,0
2121,1121,supervised,0.09164366871118546,0.015303060412406921,0.0,0.0,0,0,0,0,0.0,0.0,0.0,0,0,False,0.11722876131534576,6.545084971874738e-05,0.0001963525491562421,16968,0
2122,1122,supervised,0.2958156168460846,0.0169797926209867,0.0,0.0,0,0,0,0,0.0,0.0,0.0,0,0,False,0.11723122745752335,6.541972315992678e-05,0.00019625916947978029,16976,0
2123,1123,supervised,0.20564071834087372,0.014663795940577984,0.0,0.0,0,0,0,0,0.0,0.0,0.0,0,0,False,0.11723430454730988,6.538858999578663e-05,0.00019616576998735986,16984,0
2124,1124,supervised,0.19173705577850342,0.014765135012567043,0.0,0.0,0,0,0,0,0.0,0.0,0.0,0,0,False,0.11723726987838745,6.53574502396634e-05,0.00019607235071899016,16992,0
2125,1125,supervised,0.1478642374277115,0.016265148296952248,0.0,0.0,0,0,0,0,0.0,0.0,0.0,0,0,False,0.11724092811346054,6.53263039048964e-05,0.00019597891171468915,17000,0
2126,1126,supervised,0.09744993597269058,0.024737948551774025,0.0,0.0,0,0,0,0,0.0,0.0,0.0,0,0,False,0.11724390089511871,6.529515100482768e-05,0.00019588545301448302,17008,0
2127,1127,supervised,0.08756515383720398,0.01773607823997736,0.0,0.0,0,0,0,0,0.0,0.0,0.0,0,0,False,0.11724648624658585,6.526399155280219e-05,0.00019579197465840654,17016,0
2128,1128,supervised,0.19385803490877151,0.01561060268431902,0.0,0.0,0,0,0,0,0.0,0.0,0.0,0,0,False,0.11724884808063507,6.523282556216763e-05,0.00019569847668650286,17024,0
2129,1129,supervised,0.2180941328406334,0.014349694363772869,0.0,0.0,0,0,0,0,0.0,0.0,0.0,0,0,False,0.11725124716758728,6.520165304627452e-05,0.0001956049591388235,17032,0
2130,1130,supervised,0.2530800998210907,0.01596033200621605,0.0,0.0,0,0,0,0,0.0,0.0,0.0,0,0,False,0.11725368350744247,6.51704740184762e-05,0.00019551142205542858,17040,0
2131,1131,supervised,0.20228850841522217,0.01611243048682809,0.0,0.0,0,0,0,0,0.0,0.0,0.0,0,0,False,0.11725585907697678,6.513928849212873e-05,0.00019541786547638617,17048,0
2132,1132,supervised,0.14932040311396122,0.014148754999041557,0.0,0.0,0,0,0,0,0.0,0.0,0.0,0,0,False,0.11725853383541107,6.510809648059104e-05,0.0001953242894417731,17056,0
2133,1133,supervised,0.14751700684428215,0.014930822420865297,0.0,0.0,0,0,0,0,0.0,0.0,0.0,0,0,False,0.11726182699203491,6.507689799722478e-05,0.00019523069399167433,17064,0
2134,1134,supervised,0.2539176568388939,0.01805258821696043,0.0,0.0,0,0,0,0,0.0,0.0,0.0,0,0,False,0.11726488173007965,6.50456930553944e-05,0.0001951370791661832,17072,0
2135,1135,supervised,0.18567778542637825,0.014465506188571453,0.0,0.0,0,0,0,0,0.0,0.0,0.0,0,0,False,0.11726795136928558,6.501448166846711e-05,0.0001950434450054013,17080,0
2136,1136,supervised,0.08423122018575668,0.01610331516712904,0.0,0.0,0,0,0,0,0.0,0.0,0.0,0,0,False,0.11727093905210495,6.498326384981283e-05,0.0001949497915494385,17088,0
2137,1137,supervised,0.2020898461341858,0.020037729293107986,0.0,0.0,0,0,0,0,0.0,0.0,0.0,0,0,False,0.11727377027273178,6.495203961280434e-05,0.000194856118838413,17096,0
2138,1138,supervised,0.13863388821482658,0.01699956599622965,0.0,0.0,0,0,0,0,0.0,0.0,0.0,0,0,False,0.11727666109800339,6.492080897081709e-05,0.0001947624269124512,17104,0
2139,1139,supervised,0.08361197263002396,0.014848072547465563,0.0,0.0,0,0,0,0,0.0,0.0,0.0,0,0,False,0.11727973073720932,6.488957193722927e-05,0.0001946687158116878,17112,0
2140,1140,supervised,0.16048432514071465,0.019287639763206244,0.0,0.0,0,0,0,0,0.0,0.0,0.0,0,0,False,0.11728315055370331,6.485832852542187e-05,0.0001945749855762656,17120,0
2141,1141,supervised,0.13194501399993896,0.01680482132360339,0.0,0.0,0,0,0,0,0.0,0.0,0.0,0,0,False,0.11728647351264954,6.482707874877854e-05,0.0001944812362463356,17128,0
2142,1142,supervised,0.22317761182785034,0.016861768439412117,0.0,0.0,0,0,0,0,0.0,0.0,0.0,0,0,False,0.11728961765766144,6.479582262068574e-05,0.0001943874678620572,17136,0
2143,1143,supervised,0.21259276568889618,0.02209874987602234,0.0,0.0,0,0,0,0,0.0,0.0,0.0,0,0,False,0.11729250848293304,6.476456015453256e-05,0.00019429368046359766,17144,0
2144,1144,supervised,0.1557774655520916,0.018491273280233145,0.0,0.0,0,0,0,0,0.0,0.0,0.0,0,0,False,0.11729519814252853,6.473329136371087e-05,0.00019419987409113258,17152,0
2145,1145,supervised,0.09816258400678635,0.01793118752539158,0.0,0.0,0,0,0,0,0.0,0.0,0.0,0,0,False,0.11729838699102402,6.47020162616152e-05,0.00019410604878484556,17160,0
2146,1146,supervised,0.1579195261001587,0.015466527547687292,0.0,0.0,0,0,0,0,0.0,0.0,0.0,0,0,False,0.11730095744132996,6.467073486164284e-05,0.00019401220458492848,17168,0
2147,1147,supervised,0.12227180227637291,0.016510281711816788,0.0,0.0,0,0,0,0,0.0,0.0,0.0,0,0,False,0.11730323731899261,6.463944717719374e-05,0.0001939183415315812,17176,0
2148,1148,supervised,0.14230170100927353,0.015450096689164639,0.0,0.0,0,0,0,0,0.0,0.0,0.0,0,0,False,0.11730549484491348,6.460815322167053e-05,0.00019382445966501156,17184,0
2149,1149,supervised,0.19060556590557098,0.01514497771859169,0.0,0.0,0,0,0,0,0.0,0.0,0.0,0,0,False,0.11730771511793137,6.457685300847858e-05,0.0001937305590254357,17192,0
2150,1150,supervised,0.27098242938518524,0.01660163188353181,0.0,0.0,0,0,0,0,0.0,0.0,0.0,0,0,False,0.11730993539094925,6.454554655102587e-05,0.0001936366396530776,17200,0
2151,1151,supervised,0.3023468255996704,0.014593709260225296,0.0,0.0,0,0,0,0,0.0,0.0,0.0,0,0,False,0.1173122450709343,6.451423386272312e-05,0.0001935427015881693,17208,0
2152,1152,supervised,0.12594784423708916,0.01776350662112236,0.0,0.0,0,0,0,0,0.0,0.0,0.0,0,0,False,0.11731435358524323,6.44829149569837e-05,0.00019344874487095106,17216,0
2153,1153,supervised,0.18192341178655624,0.016068246215581894,0.0,0.0,0,0,0,0,0.0,0.0,0.0,0,0,False,0.11731641739606857,6.445158984722358e-05,0.00019335476954167072,17224,0
2154,1154,supervised,0.19926299527287483,0.017414123751223087,0.0,0.0,0,0,0,0,0.0,0.0,0.0,0,0,False,0.11731835454702377,6.44202585468615e-05,0.00019326077564058448,17232,0
2155,1155,supervised,0.22249338030815125,0.01383987907320261,0.0,0.0,0,0,0,0,0.0,0.0,0.0,0,0,False,0.11732108891010284,6.438892106931876e-05,0.00019316676320795627,17240,0
2156,1156,supervised,0.197636216878891,0.01923835137858987,0.0,0.0,0,0,0,0,0.0,0.0,0.0,0,0,False,0.11732388287782669,6.435757742801937e-05,0.0001930727322840581,17248,0
2157,1157,supervised,0.13512719795107841,0.014554867055267096,0.0,0.0,0,0,0,0,0.0,0.0,0.0,0,0,False,0.11732694506645203,6.432622763638993e-05,0.00019297868290916973,17256,0
2158,1158,supervised,0.2803239971399307,0.016481311060488224,0.0,0.0,0,0,0,0,0.0,0.0,0.0,0,0,False,0.1173296645283699,6.429487170785968e-05,0.00019288461512357902,17264,0
2159,1159,supervised,0.2330400049686432,0.015483944211155176,0.0,0.0,0,0,0,0,0.0,0.0,0.0,0,0,False,0.11733192950487137,6.426350965586051e-05,0.00019279052896758154,17272,0
2160,1160,supervised,0.13492604717612267,0.0174757931381464,0.0,0.0,0,0,0,0,0.0,0.0,0.0,0,0,False,0.11733413487672806,6.423214149382697e-05,0.00019269642448148088,17280,0
2161,1161,supervised,0.10054291039705276,0.014717258978635073,0.0,0.0,0,0,0,0,0.0,0.0,0.0,0,0,False,0.11733677983283997,6.420076723519614e-05,0.0001926023017055884,17288,0
2162,1162,supervised,0.1427708901464939,0.02217296790331602,0.0,0.0,0,0,0,0,0.0,0.0,0.0,0,0,False,0.1173391044139862,6.416938689340776e-05,0.00019250816068022326,17296,0
2163,1163,supervised,0.14494097605347633,0.014502698555588722,0.0,0.0,0,0,0,0,0.0,0.0,0.0,0,0,False,0.1173415407538414,6.413800048190416e-05,0.0001924140014457125,17304,0
2164,1164,supervised,0.09519390761852264,0.0205976739525795,0.0,0.0,0,0,0,0,0.0,0.0,0.0,0,0,False,0.11734393239021301,6.410660801413033e-05,0.00019231982404239098,17312,0
2165,1165,supervised,0.18662600219249725,0.014534343965351582,0.0,0.0,0,0,0,0,0.0,0.0,0.0,0,0,False,0.11734628677368164,6.407520950353377e-05,0.00019222562851060128,17320,0
2166,1166,supervised,0.20522695034742355,0.014094032347202301,0.0,0.0,0,0,0,0,0.0,0.0,0.0,0,0,False,0.11734959483146667,6.404380496356462e-05,0.0001921314148906938,17328,0
2167,1167,supervised,0.12371966987848282,0.018530857283622026,0.0,0.0,0,0,0,0,0.0,0.0,0.0,0,0,False,0.11735288798809052,6.401239440767554e-05,0.0001920371832230266,17336,0
2168,1168,supervised,0.22034187614917755,0.016061654780060053,0.0,0.0,0,0,0,0,0.0,0.0,0.0,0,0,False,0.11735624074935913,6.39809778493219e-05,0.00019194293354796564,17344,0
2169,1169,supervised,0.25590285658836365,0.014775477349758148,0.0,0.0,0,0,0,0,0.0,0.0,0.0,0,0,False,0.11735940724611282,6.394955530196147e-05,0.00019184866590588439,17352,0
2170,1170,supervised,0.2719793766736984,0.01695832796394825,0.0,0.0,0,0,0,0,0.0,0.0,0.0,0,0,False,0.11736273765563965,6.391812677905472e-05,0.00019175438033716414,17360,0
2171,1171,supervised,0.1663902923464775,0.014181804843246937,0.0,0.0,0,0,0,0,0.0,0.0,0.0,0,0,False,0.11736781150102615,6.388669229406462e-05,0.00019166007688219383,17368,0
2172,1172,supervised,0.12042660266160965,0.01767831016331911,0.0,0.0,0,0,0,0,0.0,0.0,0.0,0,0,False,0.11737264692783356,6.385525186045669e-05,0.00019156575558137003,17376,0
2173,1173,supervised,0.1966654323041439,0.01632056711241603,0.0,0.0,0,0,0,0,0.0,0.0,0.0,0,0,False,0.11737703531980515,6.382380549169905e-05,0.00019147141647509714,17384,0
2174,1174,supervised,0.2019464522600174,0.021980992518365383,0.0,0.0,0,0,0,0,0.0,0.0,0.0,0,0,False,0.1173810288310051,6.379235320126229e-05,0.00019137705960378684,17392,0
2175,1175,supervised,0.2015283778309822,0.016567761078476906,0.0,0.0,0,0,0,0,0.0,0.0,0.0,0,0,False,0.11738455295562744,6.376089500261958e-05,0.0001912826850078587,17400,0
2176,1176,supervised,0.18036991357803345,0.014978532213717699,0.0,0.0,0,0,0,0,0.0,0.0,0.0,0,0,False,0.11738775670528412,6.372943090924662e-05,0.00019118829272773985,17408,0
2177,1177,supervised,0.23712469637393951,0.015054510440677404,0.0,0.0,0,0,0,0,0.0,0.0,0.0,0,0,False,0.11739067733287811,6.369796093462164e-05,0.00019109388280386488,17416,0
2178,1178,supervised,0.15925799310207367,0.013824699446558952,0.0,0.0,0,0,0,0,0.0,0.0,0.0,0,0,False,0.11739374697208405,6.366648509222535e-05,0.00019099945527667602,17424,0
2179,1179,supervised,0.19044623896479607,0.014384224079549313,0.0,0.0,0,0,0,0,0.0,0.0,0.0,0,0,False,0.1173965260386467,6.363500339554099e-05,0.00019090501018662295,17432,0
2180,1180,supervised,0.07237872295081615,0.01726179476827383,0.0,0.0,0,0,0,0,0.0,0.0,0.0,0,0,False,0.11739938706159592,6.360351585805437e-05,0.0001908105475741631,17440,0
2181,1181,supervised,0.3035500794649124,0.014444752130657434,0.0,0.0,0,0,0,0,0.0,0.0,0.0,0,0,False,0.11740224063396454,6.357202249325371e-05,0.00019071606747976113,17448,0
2182,1182,supervised,0.15112776309251785,0.019814979285001755,0.0,0.0,0,0,0,0,0.0,0.0,0.0,0,0,False,0.11740509420633316,6.35405233146298e-05,0.00019062156994388937,17456,0
2183,1183,supervised,0.17469702288508415,0.014092039316892624,0.0,0.0,0,0,0,0,0.0,0.0,0.0,0,0,False,0.11740788072347641,6.350901833567585e-05,0.00019052705500702754,17464,0
2184,1184,supervised,0.1462581306695938,0.016386937350034714,0.0,0.0,0,0,0,0,0.0,0.0,0.0,0,0,False,0.11741078644990921,6.347750756988761e-05,0.00019043252270966278,17472,0
2185,1185,supervised,0.1847001239657402,0.017346782609820366,0.0,0.0,0,0,0,0,0.0,0.0,0.0,0,0,False,0.11741362512111664,6.344599103076329e-05,0.00019033797309228983,17480,0
2186,1186,supervised,0.20244503021240234,0.01601168280467391,0.0,0.0,0,0,0,0,0.0,0.0,0.0,0,0,False,0.1174163892865181,6.341446873180357e-05,0.0001902434061954107,17488,0
2187,1187,supervised,0.20238567888736725,0.016362585127353668,0.0,0.0,0,0,0,0,0.0,0.0,0.0,0,0,False,0.11741948872804642,6.338294068651163e-05,0.00019014882205953485,17496,0
2188,1188,supervised,0.1453554816544056,0.014700904488563538,0.0,0.0,0,0,0,0,0.0,0.0,0.0,0,0,False,0.11742264777421951,6.335140690839303e-05,0.00019005422072517907,17504,0
2189,1189,supervised,0.09670978412032127,0.017470751889050007,0.0,0.0,0,0,0,0,0.0,0.0,0.0,0,0,False,0.11742555350065231,6.331986741095588e-05,0.00018995960223286762,17512,0
2190,1190,supervised,0.26967963576316833,0.015574219636619091,0.0,0.0,0,0,0,0,0.0,0.0,0.0,0,0,False,0.11742841452360153,6.328832220771069e-05,0.00018986496662313202,17520,0
2191,1191,supervised,0.10262226685881615,0.016231433488428593,0.0,0.0,0,0,0,0,0.0,0.0,0.0,0,0,False,0.1174311637878418,6.32567713121704e-05,0.0001897703139365112,17528,0
2192,1192,supervised,0.08626812696456909,0.017642252147197723,0.0,0.0,0,0,0,0,0.0,0.0,0.0,0,0,False,0.11743366718292236,6.322521473785046e-05,0.00018967564421355134,17536,0
2193,1193,supervised,0.14655102044343948,0.017717488575726748,0.0,0.0,0,0,0,0,0.0,0.0,0.0,0,0,False,0.11743617802858353,6.319365249826865e-05,0.00018958095749480592,17544,0
2194,1194,supervised,0.19599871337413788,0.016539113130420446,0.0,0.0,0,0,0,0,0.0,0.0,0.0,0,0,False,0.11743856966495514,6.316208460694526e-05,0.00018948625382083576,17552,0
2195,1195,supervised,0.18781162053346634,0.015647253021597862,0.0,0.0,0,0,0,0,0.0,0.0,0.0,0,0,False,0.11744071543216705,6.313051107740297e-05,0.0001893915332322089,17560,0
2196,1196,supervised,0.19211263582110405,0.020130315329879522,0.0,0.0,0,0,0,0,0.0,0.0,0.0,0,0,False,0.11744264513254166,6.309893192316688e-05,0.0001892967957695006,17568,0
2197,1197,supervised,0.24010177701711655,0.015216682106256485,0.0,0.0,0,0,0,0,0.0,0.0,0.0,0,0,False,0.11744435876607895,6.306734715776447e-05,0.0001892020414732934,17576,0
2198,1198,supervised,0.15338192507624626,0.015194800216704607,0.0,0.0,0,0,0,0,0.0,0.0,0.0,0,0,False,0.11744600534439087,6.303575679472569e-05,0.00018910727038417706,17584,0
2199,1199,supervised,0.20043373107910156,0.01619536755606532,0.0,0.0,0,0,0,0,0.0,0.0,0.0,0,0,False,0.11744764447212219,6.300416084758283e-05,0.0001890124825427485,17592,0
2200,1200,supervised,0.19785309582948685,0.01612171344459057,0.0,0.0,0,0,0,0,0.0,0.0,0.0,0,0,False,0.11744922399520874,6.29725593298706e-05,0.00018891767798961175,17600,0
2201,1201,supervised,0.159669928252697,0.01774466037750244,0.0,0.0,0,0,0,0,0.0,0.0,0.0,0,0,False,0.11745110899209976,6.294095225512603e-05,0.0001888228567653781,17608,0
2202,1202,supervised,0.20654496550559998,0.01432050671428442,0.0,0.0,0,0,0,0,0.0,0.0,0.0,0,0,False,0.11745332926511765,6.290933963688867e-05,0.000188728018910666,17616,0
2203,1203,supervised,0.18709803372621536,0.01641408633440733,0.0,0.0,0,0,0,0,0.0,0.0,0.0,0,0,False,0.11745552718639374,6.287772148870031e-05,0.00018863316446610093,17624,0
2204,1204,supervised,0.1340402327477932,0.017151429317891598,0.0,0.0,0,0,0,0,0.0,0.0,0.0,0,0,False,0.11745758354663849,6.284609782410518e-05,0.00018853829347231552,17632,0
2205,1205,supervised,0.19759655743837357,0.015154846478253603,0.0,0.0,0,0,0,0,0.0,0.0,0.0,0,0,False,0.11745968461036682,6.281446865664984e-05,0.0001884434059699495,17640,0
2206,1206,supervised,0.1370423212647438,0.016079118475317955,0.0,0.0,0,0,0,0,0.0,0.0,0.0,0,0,False,0.11746202409267426,6.278283399988322e-05,0.00018834850199964963,17648,0
2207,1207,supervised,0.1970806047320366,0.017186876386404037,0.0,0.0,0,0,0,0,0.0,0.0,0.0,0,0,False,0.11746422201395035,6.275119386735661e-05,0.00018825358160206982,17656,0
2208,1208,supervised,0.1709093376994133,0.018668171018362045,0.0,0.0,0,0,0,0,0.0,0.0,0.0,0,0,False,0.11746629327535629,6.271954827262365e-05,0.00018815864481787093,17664,0
2209,1209,supervised,0.19737492129206657,0.01481202058494091,0.0,0.0,0,0,0,0,0.0,0.0,0.0,0,0,False,0.11746830493211746,6.268789722924029e-05,0.00018806369168772083,17672,0
2210,1210,supervised,0.13816699385643005,0.019217241555452347,0.0,0.0,0,0,0,0,0.0,0.0,0.0,0,0,False,0.11747021228075027,6.265624075076483e-05,0.00018796872225229446,17680,0
2211,1211,supervised,0.18757285922765732,0.017686617095023394,0.0,0.0,0,0,0,0,0.0,0.0,0.0,0,0,False,0.1174721047282219,6.26245788507579e-05,0.00018787373655227368,17688,0
2212,1212,supervised,0.08708866685628891,0.015563118271529675,0.0,0.0,0,0,0,0,0.0,0.0,0.0,0,0,False,0.11747405678033829,6.259291154278246e-05,0.00018777873462834735,17696,0
2213,1213,supervised,0.12497709691524506,0.016269927378743887,0.0,0.0,0,0,0,0,0.0,0.0,0.0,0,0,False,0.11747584491968155,6.256123884040378e-05,0.00018768371652121133,17704,0
2214,1214,supervised,0.21950150281190872,0.015232020989060402,0.0,0.0,0,0,0,0,0.0,0.0,0.0,0,0,False,0.11747758090496063,6.252956075718945e-05,0.0001875886822715683,17712,0
2215,1215,supervised,0.19857438653707504,0.015730845741927624,0.0,0.0,0,0,0,0,0.0,0.0,0.0,0,0,False,0.11747989803552628,6.249787730670932e-05,0.00018749363192012793,17720,0
2216,1216,supervised,0.1298145055770874,0.01535174110904336,0.0,0.0,0,0,0,0,0.0,0.0,0.0,0,0,False,0.11748231947422028,6.246618850253558e-05,0.00018739856550760672,17728,0
2217,1217,supervised,0.1459343358874321,0.01903490163385868,0.0,0.0,0,0,0,0,0.0,0.0,0.0,0,0,False,0.1174846664071083,6.243449435824276e-05,0.00018730348307472824,17736,0
2218,1218,supervised,0.24947984516620636,0.016390030272305012,0.0,0.0,0,0,0,0,0.0,0.0,0.0,0,0,False,0.11748745292425156,6.240279488740754e-05,0.0001872083846622226,17744,0
2219,1219,supervised,0.23950695991516113,0.01377300126478076,0.0,0.0,0,0,0,0,0.0,0.0,0.0,0,0,False,0.11749040335416794,6.237109010360904e-05,0.0001871132703108271,17752,0
2220,1220,supervised,0.11615301668643951,0.015792866703122854,0.0,0.0,0,0,0,0,0.0,0.0,0.0,0,0,False,0.11749342828989029,6.233938002042854e-05,0.0001870181400612856,17760,0
2221,1221,supervised,0.13841380178928375,0.01420554332435131,0.0,0.0,0,0,0,0,0.0,0.0,0.0,0,0,False,0.11749637871980667,6.230766465144967e-05,0.00018692299395434896,17768,0
2222,1222,supervised,0.15960514545440674,0.025105508975684643,0.0,0.0,0,0,0,0,0.0,0.0,0.0,0,0,False,0.11749885231256485,6.227594401025824e-05,0.0001868278320307747,17776,0
2223,1223,supervised,0.10574991255998611,0.017931805923581123,0.0,0.0,0,0,0,0,0.0,0.0,0.0,0,0,False,0.11750110983848572,6.224421811044238e-05,0.0001867326543313271,17784,0
2224,1224,supervised,0.19199780374765396,0.01573610818013549,0.0,0.0,0,0,0,0,0.0,0.0,0.0,0,0,False,0.11750354617834091,6.221248696559248e-05,0.0001866374608967774,17792,0
2225,1225,supervised,0.29337209463119507,0.015445466618984938,0.0,0.0,0,0,0,0,0.0,0.0,0.0,0,0,False,0.11750567704439163,6.218075058930113e-05,0.00018654225176790336,17800,0
2226,1226,supervised,0.1549694612622261,0.015453043393790722,0.0,0.0,0,0,0,0,0.0,0.0,0.0,0,0,False,0.11750788986682892,6.21490089951632e-05,0.0001864470269854896,17808,0
2227,1227,supervised,0.23703832179307938,0.014791330322623253,0.0,0.0,0,0,0,0,0.0,0.0,0.0,0,0,False,0.11751005053520203,6.211726219677578e-05,0.00018635178659032732,17816,0
2228,1228,supervised,0.18216414749622345,0.014752910938113928,0.0,0.0,0,0,0,0,0.0,0.0,0.0,0,0,False,0.11751241981983185,6.208551020773816e-05,0.00018625653062321446,17824,0
2229,1229,supervised,0.2027938961982727,0.015794449020177126,0.0,0.0,0,0,0,0,0.0,0.0,0.0,0,0,False,0.1175152137875557,6.205375304165194e-05,0.0001861612591249558,17832,0
2230,1230,supervised,0.10783901065587997,0.01720988191664219,0.0,0.0,0,0,0,0,0.0,0.0,0.0,0,0,False,0.11751765012741089,6.202199071212084e-05,0.00018606597213636247,17840,0
2231,1231,supervised,0.24563348293304443,0.015010320115834475,0.0,0.0,0,0,0,0,0.0,0.0,0.0,0,0,False,0.11752007156610489,6.199022323275083e-05,0.00018597066969825248,17848,0
2232,1232,supervised,0.0846301019191742,0.015450168866664171,0.0,0.0,0,0,0,0,0.0,0.0,0.0,0,0,False,0.117522694170475,6.195845061715011e-05,0.0001858753518514503,17856,0
2233,1233,supervised,0.12648959457874298,0.014959785155951977,0.0,0.0,0,0,0,0,0.0,0.0,0.0,0,0,False,0.11752556264400482,6.192667287892905e-05,0.00018578001863678713,17864,0
2234,1234,supervised,0.18767175823450089,0.014076883904635906,0.0,0.0,0,0,0,0,0.0,0.0,0.0,0,0,False,0.1175282746553421,6.189489003170022e-05,0.00018568467009510064,17872,0
2235,1235,supervised,0.15748192369937897,0.01591903856024146,0.0,0.0,0,0,0,0,0.0,0.0,0.0,0,0,False,0.1175309345126152,6.186310208907839e-05,0.00018558930626723515,17880,0
2236,1236,supervised,0.1930752620100975,0.016353496350347996,0.0,0.0,0,0,0,0,0.0,0.0,0.0,0,0,False,0.117533378303051,6.18313090646805e-05,0.00018549392719404147,17888,0
2237,1237,supervised,0.19946464896202087,0.020413484424352646,0.0,0.0,0,0,0,0,0.0,0.0,0.0,0,0,False,0.11753547936677933,6.179951097212566e-05,0.00018539853291637696,17896,0
2238,1238,supervised,0.11522624641656876,0.018315494060516357,0.0,0.0,0,0,0,0,0.0,0.0,0.0,0,0,False,0.1175377368927002,6.17677078250352e-05,0.0001853031234751056,17904,0
2239,1239,supervised,0.1300501972436905,0.014933761674910784,0.0,0.0,0,0,0,0,0.0,0.0,0.0,0,0,False,0.11754018813371658,6.173589963703254e-05,0.00018520769891109762,17912,0
2240,1240,supervised,0.14787106588482857,0.015213694423437119,0.0,0.0,0,0,0,0,0.0,0.0,0.0,0,0,False,0.11754260957241058,6.17040864217433e-05,0.0001851122592652299,17920,0
2241,1241,supervised,0.25847114622592926,0.015359435696154833,0.0,0.0,0,0,0,0,0.0,0.0,0.0,0,0,False,0.11754495650529861,6.167226819279528e-05,0.0001850168045783858,17928,0
2242,1242,supervised,0.20874907821416855,0.02116910321637988,0.0,0.0,0,0,0,0,0.0,0.0,0.0,0,0,False,0.11754715442657471,6.164044496381837e-05,0.00018492133489145506,17936,0
2243,1243,supervised,0.20323120802640915,0.015527881681919098,0.0,0.0,0,0,0,0,0.0,0.0,0.0,0,0,False,0.11754947900772095,6.160861674844463e-05,0.0001848258502453339,17944,0
2244,1244,supervised,0.23081571608781815,0.014077743981033564,0.0,0.0,0,0,0,0,0.0,0.0,0.0,0,0,False,0.11755159497261047,6.157678356030828e-05,0.0001847303506809248,17952,0
2245,1245,supervised,0.1971137374639511,0.016400795429944992,0.0,0.0,0,0,0,0,0.0,0.0,0.0,0,0,False,0.1175541803240776,6.154494541304561e-05,0.00018463483623913684,17960,0
2246,1246,supervised,0.13266044110059738,0.015347083564847708,0.0,0.0,0,0,0,0,0.0,0.0,0.0,0,0,False,0.11755673587322235,6.151310232029512e-05,0.00018453930696088534,17968,0
2247,1247,supervised,0.24647637456655502,0.014070716686546803,0.0,0.0,0,0,0,0,0.0,0.0,0.0,0,0,False,0.11755916476249695,6.148125429569735e-05,0.000184443762887092,17976,0
2248,1248,supervised,0.15317204594612122,0.01553321909159422,0.0,0.0,0,0,0,0,0.0,0.0,0.0,0,0,False,0.11756182461977005,6.144940135289497e-05,0.0001843482040586849,17984,0
2249,1249,supervised,0.14990216121077538,0.01799789536744356,0.0,0.0,0,0,0,0,0.0,0.0,0.0,0,0,False,0.11756423860788345,6.141754350553279e-05,0.00018425263051659836,17992,0
2250,1250,supervised,0.09394016116857529,0.01562657905742526,0.0,0.0,0,0,0,0,0.0,0.0,0.0,0,0,False,0.1175665408372879,6.138568076725769e-05,0.00018415704230177304,18000,0
2251,1251,supervised,0.0751222800463438,0.015186924487352371,0.0,0.0,0,0,0,0,0.0,0.0,0.0,0,0,False,0.11756900697946548,6.135381315171867e-05,0.00018406143945515598,18008,0
2252,1252,supervised,0.19618239998817444,0.016687378752976656,0.0,0.0,0,0,0,0,0.0,0.0,0.0,0,0,False,0.11757215857505798,6.132194067256678e-05,0.00018396582201770032,18016,0
2253,1253,supervised,0.21373045444488525,0.014370982069522142,0.0,0.0,0,0,0,0,0.0,0.0,0.0,0,0,False,0.11757542937994003,6.12900633434552e-05,0.00018387019003036556,18024,0
2254,1254,supervised,0.26048024743795395,0.01731591997668147,0.0,0.0,0,0,0,0,0.0,0.0,0.0,0,0,False,0.11757853627204895,6.125818117803913e-05,0.00018377454353411736,18032,0
2255,1255,supervised,0.26377004384994507,0.014398171100765467,0.0,0.0,0,0,0,0,0.0,0.0,0.0,0,0,False,0.11758191138505936,6.122629418997591e-05,0.00018367888256992773,18040,0
2256,1256,supervised,0.13082138448953629,0.015432096552103758,0.0,0.0,0,0,0,0,0.0,0.0,0.0,0,0,False,0.11758534610271454,6.119440239292493e-05,0.00018358320717877478,18048,0
2257,1257,supervised,0.19502058625221252,0.019956900738179684,0.0,0.0,0,0,0,0,0.0,0.0,0.0,0,0,False,0.11758850514888763,6.116250580054757e-05,0.00018348751740164272,18056,0
2258,1258,supervised,0.1974734663963318,0.01592238526791334,0.0,0.0,0,0,0,0,0.0,0.0,0.0,0,0,False,0.11759167164564133,6.113060442650736e-05,0.00018339181327952205,18064,0
2259,1259,supervised,0.14440768957138062,0.01600805204361677,0.0,0.0,0,0,0,0,0.0,0.0,0.0,0,0,False,0.11759466677904129,6.10986982844698e-05,0.0001832960948534094,18072,0
2260,1260,supervised,0.1938721314072609,0.017009202390909195,0.0,0.0,0,0,0,0,0.0,0.0,0.0,0,0,False,0.11759750545024872,6.106678738810251e-05,0.0001832003621643075,18080,0
2261,1261,supervised,0.15183395892381668,0.013963900040835142,0.0,0.0,0,0,0,0,0.0,0.0,0.0,0,0,False,0.11760065704584122,6.103487175107507e-05,0.0001831046152532252,18088,0
2262,1262,supervised,0.1494758203625679,0.014615332242101431,0.0,0.0,0,0,0,0,0.0,0.0,0.0,0,0,False,0.11760350316762924,6.1002951387059116e-05,0.00018300885416117733,18096,0
2263,1263,supervised,0.15152817964553833,0.017007438000291586,0.0,0.0,0,0,0,0,0.0,0.0,0.0,0,0,False,0.11760636419057846,6.0971026309728365e-05,0.00018291307892918506,18104,0
2264,1264,supervised,0.13862087577581406,0.01394241163507104,0.0,0.0,0,0,0,0,0.0,0.0,0.0,0,0,False,0.11760932952165604,6.0939096532758465e-05,0.00018281728959827537,18112,0
2265,1265,supervised,0.1384112685918808,0.0187138170003891,0.0,0.0,0,0,0,0,0.0,0.0,0.0,0,0,False,0.11761223524808884,6.090716206982714e-05,0.0001827214862094814,18120,0
2266,1266,supervised,0.1621757373213768,0.014917835593223572,0.0,0.0,0,0,0,0,0.0,0.0,0.0,0,0,False,0.1176154688000679,6.087522293461408e-05,0.0001826256688038422,18128,0
2267,1267,supervised,0.16023828089237213,0.018609777092933655,0.0,0.0,0,0,0,0,0.0,0.0,0.0,0,0,False,0.11761873960494995,6.084327914080101e-05,0.000182529837422403,18136,0
2268,1268,supervised,0.09667951241135597,0.016204071696847677,0.0,0.0,0,0,0,0,0.0,0.0,0.0,0,0,False,0.11762178689241409,6.0811330702071634e-05,0.00018243399210621488,18144,0
2269,1269,supervised,0.14699558168649673,0.020936602726578712,0.0,0.0,0,0,0,0,0.0,0.0,0.0,0,0,False,0.1176244392991066,6.077937763211166e-05,0.00018233813289633496,18152,0
2270,1270,supervised,0.23253077268600464,0.014557933434844017,0.0,0.0,0,0,0,0,0.0,0.0,0.0,0,0,False,0.11762693524360657,6.074741994460873e-05,0.00018224225983382616,18160,0
2271,1271,supervised,0.07623158395290375,0.015824676025658846,0.0,0.0,0,0,0,0,0.0,0.0,0.0,0,0,False,0.11762942373752594,6.071545765325254e-05,0.0001821463729597576,18168,0
2272,1272,supervised,0.2928135395050049,0.015309805050492287,0.0,0.0,0,0,0,0,0.0,0.0,0.0,0,0,False,0.11763173341751099,6.068349077173471e-05,0.0001820504723152041,18176,0
2273,1273,supervised,0.13820314407348633,0.016917495988309383,0.0,0.0,0,0,0,0,0.0,0.0,0.0,0,0,False,0.11763400584459305,6.0651519313748836e-05,0.0001819545579412465,18184,0
2274,1274,supervised,0.1406024694442749,0.021141880191862583,0.0,0.0,0,0,0,0,0.0,0.0,0.0,0,0,False,0.1176362857222557,6.061954329299047e-05,0.00018185862987897137,18192,0
2275,1275,supervised,0.21819652244448662,0.014796700328588486,0.0,0.0,0,0,0,0,0.0,0.0,0.0,0,0,False,0.11763912439346313,6.0587562723157135e-05,0.00018176268816947136,18200,0
2276,1276,supervised,0.13299374841153622,0.018522384576499462,0.0,0.0,0,0,0,0,0.0,0.0,0.0,0,0,False,0.11764182895421982,6.0555577617948256e-05,0.00018166673285384475,18208,0
2277,1277,supervised,0.2465994469821453,0.017831547185778618,0.0,0.0,0,0,0,0,0.0,0.0,0.0,0,0,False,0.11764432489871979,6.052358799106528e-05,0.0001815707639731958,18216,0
2278,1278,supervised,0.2107148990035057,0.015720302239060402,0.0,0.0,0,0,0,0,0.0,0.0,0.0,0,0,False,0.11764690279960632,6.049159385621155e-05,0.00018147478156863462,18224,0
2279,1279,supervised,0.2001613788306713,0.017013006377965212,0.0,0.0,0,0,0,0,0.0,0.0,0.0,0,0,False,0.1176491305232048,6.0459595227092284e-05,0.00018137878568127682,18232,0
2280,1280,supervised,0.19174709916114807,0.015233598183840513,0.0,0.0,0,0,0,0,0.0,0.0,0.0,0,0,False,0.11765136569738388,6.042759211741472e-05,0.00018128277635224413,18240,0
2281,1281,supervised,0.14223786443471909,0.01991503406316042,0.0,0.0,0,0,0,0,0.0,0.0,0.0,0,0,False,0.1176535114645958,6.0395584540887963e-05,0.00018118675362266385,18248,0
2282,1282,supervised,0.09511964023113251,0.01666712248697877,0.0,0.0,0,0,0,0,0.0,0.0,0.0,0,0,False,0.11765600740909576,6.0363572511223065e-05,0.00018109071753366916,18256,0
2283,1283,supervised,0.13550402224063873,0.015248628333210945,0.0,0.0,0,0,0,0,0.0,0.0,0.0,0,0,False,0.11765836179256439,6.0331556042132906e-05,0.0001809946681263987,18264,0
2284,1284,supervised,0.14642811566591263,0.02074042707681656,0.0,0.0,0,0,0,0,0.0,0.0,0.0,0,0,False,0.1176605075597763,6.0299535147332386e-05,0.00018089860544199713,18272,0
2285,1285,supervised,0.23756210133433342,0.014625126495957375,0.0,0.0,0,0,0,0,0.0,0.0,0.0,0,0,False,0.117662712931633,6.026750984053821e-05,0.00018080252952161458,18280,0
2286,1286,supervised,0.1561032235622406,0.01842268370091915,0.0,0.0,0,0,0,0,0.0,0.0,0.0,0,0,False,0.11766506731510162,6.023548013546899e-05,0.00018070644040640694,18288,0
2287,1287,supervised,0.0842156708240509,0.017161399126052856,0.0,0.0,0,0,0,0,0.0,0.0,0.0,0,0,False,0.11766751855611801,6.020344604584526e-05,0.00018061033813753576,18296,0
2288,1288,supervised,0.1329699382185936,0.016546173952519894,0.0,0.0,0,0,0,0,0.0,0.0,0.0,0,0,False,0.1176699548959732,6.017140758538937e-05,0.00018051422275616808,18304,0
2289,1289,supervised,0.29478538036346436,0.014929955825209618,0.0,0.0,0,0,0,0,0.0,0.0,0.0,0,0,False,0.11767216771841049,6.0139364767825626e-05,0.00018041809430347684,18312,0
2290,1290,supervised,0.19971532374620438,0.014451317954808474,0.0,0.0,0,0,0,0,0.0,0.0,0.0,0,0,False,0.1176745742559433,6.010731760688013e-05,0.00018032195282064036,18320,0
2291,1291,supervised,0.06936927512288094,0.016735215671360493,0.0,0.0,0,0,0,0,0.0,0.0,0.0,0,0,False,0.11767692118883133,6.007526611628086e-05,0.00018022579834884255,18328,0
2292,1292,supervised,0.19088033586740494,0.017267234157770872,0.0,0.0,0,0,0,0,0.0,0.0,0.0,0,0,False,0.1176791787147522,6.004321030975767e-05,0.00018012963092927297,18336,0
2293,1293,supervised,0.2513967826962471,0.018284793011844158,0.0,0.0,0,0,0,0,0.0,0.0,0.0,0,0,False,0.11768127977848053,6.0011150201042236e-05,0.00018003345060312666,18344,0
2294,1294,supervised,0.20050889998674393,0.014415743295103312,0.0,0.0,0,0,0,0,0.0,0.0,0.0,0,0,False,0.1176832914352417,5.997908580386811e-05,0.0001799372574116043,18352,0
2295,1295,supervised,0.2064354419708252,0.017243159003555775,0.0,0.0,0,0,0,0,0.0,0.0,0.0,0,0,False,0.11768532544374466,5.994701713197063e-05,0.00017984105139591186,18360,0
2296,1296,supervised,0.1520904079079628,0.016524360980838537,0.0,0.0,0,0,0,0,0.0,0.0,0.0,0,0,False,0.11768754571676254,5.991494419908703e-05,0.00017974483259726107,18368,0
2297,1297,supervised,0.07887762039899826,0.014683082234114408,0.0,0.0,0,0,0,0,0.0,0.0,0.0,0,0,False,0.11768980324268341,5.988286701895631e-05,0.0001796486010568689,18376,0
2298,1298,supervised,0.18758779764175415,0.016937699168920517,0.0,0.0,0,0,0,0,0.0,0.0,0.0,0,0,False,0.1176920086145401,5.985078560531933e-05,0.00017955235681595794,18384,0
2299,1299,supervised,0.19186705350875854,0.014659840613603592,0.0,0.0,0,0,0,0,0.0,0.0,0.0,0,0,False,0.11769433319568634,5.9818699971918754e-05,0.00017945609991575624,18392,0
2300,1300,supervised,0.3403238207101822,0.01454949053004384,0.0,0.0,0,0,0,0,0.0,0.0,0.0,0,0,False,0.11769610643386841,5.978661013249902e-05,0.00017935983039749705,18400,0
2301,1301,supervised,0.13850044459104538,0.01518676895648241,0.0,0.0,0,0,0,0,0.0,0.0,0.0,0,0,False,0.11769784986972809,5.9754516100806423e-05,0.00017926354830241924,18408,0
2302,1302,supervised,0.20397592335939407,0.02004854753613472,0.0,0.0,0,0,0,0,0.0,0.0,0.0,0,0,False,0.11769896000623703,5.972241789058901e-05,0.000179167253671767,18416,0
2303,1303,supervised,0.25321710109710693,0.014572946354746819,0.0,0.0,0,0,0,0,0.0,0.0,0.0,0,0,False,0.11770022660493851,5.969031551559664e-05,0.0001790709465467899,18424,0
2304,1304,supervised,0.31146764755249023,0.015743850264698267,0.0,0.0,0,0,0,0,0.0,0.0,0.0,0,0,False,0.1177014634013176,5.965820898958097e-05,0.00017897462696874288,18432,0
2305,1305,supervised,0.14826511964201927,0.01715034246444702,0.0,0.0,0,0,0,0,0.0,0.0,0.0,0,0,False,0.11770294606685638,5.9626098326295376e-05,0.00017887829497888612,18440,0
2306,1306,supervised,0.17115087062120438,0.018752083647996187,0.0,0.0,0,0,0,0,0.0,0.0,0.0,0,0,False,0.11770405620336533,5.959398353949508e-05,0.00017878195061848522,18448,0
2307,1307,supervised,0.141852468252182,0.014204812701791525,0.0,0.0,0,0,0,0,0.0,0.0,0.0,0,0,False,0.11770585179328918,5.956186464293703e-05,0.00017868559392881107,18456,0
2308,1308,supervised,0.07104692049324512,0.015597451478242874,0.0,0.0,0,0,0,0,0.0,0.0,0.0,0,0,False,0.11770793050527573,5.952974165037992e-05,0.00017858922495113974,18464,0
2309,1309,supervised,0.14535625278949738,0.01698428951203823,0.0,0.0,0,0,0,0,0.0,0.0,0.0,0,0,False,0.11771034449338913,5.949761457558424e-05,0.0001784928437267527,18472,0
2310,1310,supervised,0.24656949937343597,0.014434791170060635,0.0,0.0,0,0,0,0,0.0,0.0,0.0,0,0,False,0.11771285533905029,5.9465483432312194e-05,0.00017839645029693656,18480,0
2311,1311,supervised,0.09721499308943748,0.021602016873657703,0.0,0.0,0,0,0,0,0.0,0.0,0.0,0,0,False,0.11771570891141891,5.9433348234327765e-05,0.00017830004470298328,18488,0
2312,1312,supervised,0.20456449314951897,0.018787816166877747,0.0,0.0,0,0,0,0,0.0,0.0,0.0,0,0,False,0.11771838366985321,5.940120899539664e-05,0.0001782036269861899,18496,0
2313,1313,supervised,0.15324803814291954,0.018431682139635086,0.0,0.0,0,0,0,0,0.0,0.0,0.0,0,0,False,0.11772077530622482,5.9369065729286245e-05,0.0001781071971878587,18504,0
2314,1314,supervised,0.2104550004005432,0.01864799903705716,0.0,0.0,0,0,0,0,0.0,0.0,0.0,0,0,False,0.11772313714027405,5.933691844976572e-05,0.00017801075534929715,18512,0
2315,1315,supervised,0.25414130836725235,0.01570906536653638,0.0,0.0,0,0,0,0,0.0,0.0,0.0,0,0,False,0.11772609502077103,5.930476717060596e-05,0.00017791430151181784,18520,0
2316,1316,supervised,0.09185195341706276,0.0217526750639081,0.0,0.0,0,0,0,0,0.0,0.0,0.0,0,0,False,0.11772887408733368,5.927261190557954e-05,0.0001778178357167386,18528,0
2317,1317,supervised,0.20514550060033798,0.016232953406870365,0.0,0.0,0,0,0,0,0.0,0.0,0.0,0,0,False,0.11773170530796051,5.9240452668460775e-05,0.0001777213580053823,18536,0
2318,1318,supervised,0.1780564934015274,0.017200355418026447,0.0,0.0,0,0,0,0,0.0,0.0,0.0,0,0,False,0.11773469299077988,5.9208289473025634e-05,0.0001776248684190769,18544,0
2319,1319,supervised,0.19621533155441284,0.01479210052639246,0.0,0.0,0,0,0,0,0.0,0.0,0.0,0,0,False,0.11773756891489029,5.917612233305183e-05,0.00017752836699915547,18552,0
2320,1320,supervised,0.14905716478824615,0.019251296296715736,0.0,0.0,0,0,0,0,0.0,0.0,0.0,0,0,False,0.1177401915192604,5.914395126231871e-05,0.0001774318537869561,18560,0
2321,1321,supervised,0.32436253130435944,0.014779141638427973,0.0,0.0,0,0,0,0,0.0,0.0,0.0,0,0,False,0.11774280667304993,5.911177627460739e-05,0.00017733532882382213,18568,0
2322,1322,supervised,0.16076389700174332,0.015596170909702778,0.0,0.0,0,0,0,0,0.0,0.0,0.0,0,0,False,0.11774705350399017,5.9079597383700546e-05,0.0001772387921511016,18576,0
2323,1323,supervised,0.09273547306656837,0.01776381302624941,0.0,0.0,0,0,0,0,0.0,0.0,0.0,0,0,False,0.1177511140704155,5.904741460338266e-05,0.00017714224381014794,18584,0
2324,1324,supervised,0.1937272697687149,0.016421755775809288,0.0,0.0,0,0,0,0,0.0,0.0,0.0,0,0,False,0.11775468289852142,5.901522794743977e-05,0.00017704568384231927,18592,0
2325,1325,supervised,0.18095245957374573,0.015455029904842377,0.0,0.0,0,0,0,0,0.0,0.0,0.0,0,0,False,0.11775799840688705,5.898303742965964e-05,0.0001769491122889789,18600,0
2326,1326,supervised,0.27038828283548355,0.016648396849632263,0.0,0.0,0,0,0,0,0.0,0.0,0.0,0,0,False,0.11776100099086761,5.895084306383165e-05,0.00017685252919149493,18608,0
2327,1327,supervised,0.1940208151936531,0.015389966778457165,0.0,0.0,0,0,0,0,0.0,0.0,0.0,0,0,False,0.11776389926671982,5.891864486374683e-05,0.00017675593459124045,18616,0
2328,1328,supervised,0.09880117699503899,0.01547203166410327,0.0,0.0,0,0,0,0,0.0,0.0,0.0,0,0,False,0.11776676774024963,5.888644284319791e-05,0.0001766593285295937,18624,0
2329,1329,supervised,0.09628491476178169,0.015296016819775105,0.0,0.0,0,0,0,0,0.0,0.0,0.0,0,0,False,0.1177704706788063,5.885423701597917e-05,0.0001765627110479375,18632,0
2330,1330,supervised,0.2374945506453514,0.014440899714827538,0.0,0.0,0,0,0,0,0.0,0.0,0.0,0,0,False,0.1177743598818779,5.882202739588659e-05,0.00017646608218765974,18640,0
2331,1331,supervised,0.14124710485339165,0.014738618396222591,0.0,0.0,0,0,0,0,0.0,0.0,0.0,0,0,False,0.11777809262275696,5.8789813996717736e-05,0.0001763694419901532,18648,0
2332,1332,supervised,0.22390451282262802,0.019419897347688675,0.0,0.0,0,0,0,0,0.0,0.0,0.0,0,0,False,0.11778155714273453,5.87575968322718e-05,0.00017627279049681538,18656,0
2333,1333,supervised,0.2751327008008957,0.016224806662648916,0.0,0.0,0,0,0,0,0.0,0.0,0.0,0,0,False,0.11778482794761658,5.87253759163496e-05,0.00017617612774904878,18664,0
2334,1334,supervised,0.14905665069818497,0.017860627733170986,0.0,0.0,0,0,0,0,0.0,0.0,0.0,0,0,False,0.1177883967757225,5.8693151262753566e-05,0.00017607945378826068,18672,0
2335,1335,supervised,0.14389709383249283,0.023194804787635803,0.0,0.0,0,0,0,0,0.0,0.0,0.0,0,0,False,0.11779168993234634,5.8660922885287686e-05,0.00017598276865586304,18680,0
2336,1336,supervised,0.2390306517481804,0.014461072627454996,0.0,0.0,0,0,0,0,0.0,0.0,0.0,0,0,False,0.11779481917619705,5.862869079775759e-05,0.00017588607239327274,18688,0
2337,1337,supervised,0.1646753028035164,0.015914987307041883,0.0,0.0,0,0,0,0,0.0,0.0,0.0,0,0,False,0.1177985742688179,5.859645501397048e-05,0.0001757893650419114,18696,0
2338,1338,supervised,0.23893523216247559,0.016052512917667627,0.0,0.0,0,0,0,0,0.0,0.0,0.0,0,0,False,0.11780212074518204,5.856421554773515e-05,0.00017569264664320542,18704,0
2339,1339,supervised,0.25975263118743896,0.018492968752980232,0.0,0.0,0,0,0,0,0.0,0.0,0.0,0,0,False,0.11780551075935364,5.853197241286195e-05,0.00017559591723858583,18712,0
2340,1340,supervised,0.14165572822093964,0.0178232928737998,0.0,0.0,0,0,0,0,0.0,0.0,0.0,0,0,False,0.11780871450901031,5.8499725623162803e-05,0.0001754991768694884,18720,0
2341,1341,supervised,0.21046700701117516,0.017746235243976116,0.0,0.0,0,0,0,0,0.0,0.0,0.0,0,0,False,0.11781180649995804,5.8467475192451226e-05,0.00017540242557735364,18728,0
2342,1342,supervised,0.10752205178141594,0.017094015143811703,0.0,0.0,0,0,0,0,0.0,0.0,0.0,0,0,False,0.11781510710716248,5.8435221134542297e-05,0.00017530566340362685,18736,0
2343,1343,supervised,0.2265143021941185,0.016697007231414318,0.0,0.0,0,0,0,0,0.0,0.0,0.0,0,0,False,0.11781832575798035,5.84029634632526e-05,0.0001752088903897578,18744,0
2344,1344,supervised,0.2907031327486038,0.01542027946561575,0.0,0.0,0,0,0,0,0.0,0.0,0.0,0,0,False,0.11782136559486389,5.837070219240031e-05,0.0001751121065772009,18752,0
2345,1345,supervised,0.1985689327120781,0.01678153220564127,0.0,0.0,0,0,0,0,0.0,0.0,0.0,0,0,False,0.11782414466142654,5.833843733580512e-05,0.00017501531200741534,18760,0
2346,1346,supervised,0.17968353629112244,0.016534716356545687,0.0,0.0,0,0,0,0,0.0,0.0,0.0,0,0,False,0.11782684922218323,5.830616890728827e-05,0.00017491850672186478,18768,0
2347,1347,supervised,0.149851456284523,0.017582053784281015,0.0,0.0,0,0,0,0,0.0,0.0,0.0,0,0,False,0.11782942712306976,5.8273896920672555e-05,0.00017482169076201765,18776,0
2348,1348,supervised,0.24770432710647583,0.019548573531210423,0.0,0.0,0,0,0,0,0.0,0.0,0.0,0,0,False,0.11783180385828018,5.8241621389782254e-05,0.00017472486416934675,18784,0
2349,1349,supervised,0.14303125068545341,0.01684977114200592,0.0,0.0,0,0,0,0,0.0,0.0,0.0,0,0,False,0.11783403903245926,5.820934232844315e-05,0.00017462802698532944,18792,0
2350,1350,supervised,0.183906652033329,0.015135160181671381,0.0,0.0,0,0,0,0,0.0,0.0,0.0,0,0,False,0.11783614009618759,5.817705975048261e-05,0.00017453117925144782,18800,0
2351,1351,supervised,0.15327699482440948,0.016846085898578167,0.0,0.0,0,0,0,0,0.0,0.0,0.0,0,0,False,0.11783847212791443,5.814477366972945e-05,0.0001744343210091883,18808,0
2352,1352,supervised,0.12585557997226715,0.015963624697178602,0.0,0.0,0,0,0,0,0.0,0.0,0.0,0,0,False,0.11784090846776962,5.8112484100013984e-05,0.00017433745230004192,18816,0
2353,1353,supervised,0.08431515097618103,0.01612140703946352,0.0,0.0,0,0,0,0,0.0,0.0,0.0,0,0,False,0.11784324049949646,5.8080191055168064e-05,0.00017424057316550417,18824,0
2354,1354,supervised,0.19732100889086723,0.015023700892925262,0.0,0.0,0,0,0,0,0.0,0.0,0.0,0,0,False,0.11784566193819046,5.8047894549024985e-05,0.00017414368364707493,18832,0
2355,1355,supervised,0.13577472418546677,0.017779724206775427,0.0,0.0,0,0,0,0,0.0,0.0,0.0,0,0,False,0.11784794181585312,5.8015594595419565e-05,0.00017404678378625868,18840,0
2356,1356,supervised,0.18754445016384125,0.0150880366563797,0.0,0.0,0,0,0,0,0.0,0.0,0.0,0,0,False,0.11785044521093369,5.798329120818806e-05,0.00017394987362456417,18848,0
2357,1357,supervised,0.08142228797078133,0.015520269516855478,0.0,0.0,0,0,0,0,0.0,0.0,0.0,0,0,False,0.1178528442978859,5.795098440116822e-05,0.00017385295320350463,18856,0
2358,1358,supervised,0.3502280116081238,0.013698269613087177,0.0,0.0,0,0,0,0,0.0,0.0,0.0,0,0,False,0.11785495281219482,5.791867418819924e-05,0.0001737560225645977,18864,0
2359,1359,supervised,0.24348728358745575,0.01965645421296358,0.0,0.0,0,0,0,0,0.0,0.0,0.0,0,0,False,0.11785681545734406,5.788636058312182e-05,0.00017365908174936544,18872,0
2360,1360,supervised,0.30098992586135864,0.016695857513695955,0.0,0.0,0,0,0,0,0.0,0.0,0.0,0,0,False,0.11785849928855896,5.785404359977806e-05,0.00017356213079933416,18880,0
2361,1361,supervised,0.21057714521884918,0.019850367680191994,0.0,0.0,0,0,0,0,0.0,0.0,0.0,0,0,False,0.11785998195409775,5.782172325201155e-05,0.00017346516975603462,18888,0
2362,1362,supervised,0.19889099150896072,0.016833859495818615,0.0,0.0,0,0,0,0,0.0,0.0,0.0,0,0,False,0.11786137521266937,5.778939955366728e-05,0.00017336819866100182,18896,0
2363,1363,supervised,0.09086908400058746,0.017136554699391127,0.0,0.0,0,0,0,0,0.0,0.0,0.0,0,0,False,0.11786273866891861,5.775707251859168e-05,0.00017327121755577503,18904,0
2364,1364,supervised,0.1784699149429798,0.018902248702943325,0.0,0.0,0,0,0,0,0.0,0.0,0.0,0,0,False,0.11786411702632904,5.7724742160632664e-05,0.00017317422648189797,18912,0
2365,1365,supervised,0.24217049032449722,0.014933822676539421,0.0,0.0,0,0,0,0,0.0,0.0,0.0,0,0,False,0.11786549538373947,5.769240849363952e-05,0.00017307722548091852,18920,0
2366,1366,supervised,0.1678200513124466,0.014483064878731966,0.0,0.0,0,0,0,0,0.0,0.0,0.0,0,0,False,0.11786708235740662,5.7660071531462936e-05,0.00017298021459438877,18928,0
2367,1367,supervised,0.10332240164279938,0.01547995489090681,0.0,0.0,0,0,0,0,0.0,0.0,0.0,0,0,False,0.11786910891532898,5.762773128795505e-05,0.00017288319386386515,18936,0
2368,1368,supervised,0.10159932076931,0.017824171110987663,0.0,0.0,0,0,0,0,0.0,0.0,0.0,0,0,False,0.11787150800228119,5.759538777696942e-05,0.00017278616333090826,18944,0
2369,1369,supervised,0.1594066470861435,0.017225688323378563,0.0,0.0,0,0,0,0,0.0,0.0,0.0,0,0,False,0.11787384003400803,5.756304101236097e-05,0.0001726891230370829,18952,0
2370,1370,supervised,0.18507805466651917,0.014370962977409363,0.0,0.0,0,0,0,0,0.0,0.0,0.0,0,0,False,0.11787625402212143,5.7530691007986006e-05,0.00017259207302395798,18960,0
2371,1371,supervised,0.14636367559432983,0.014160276856273413,0.0,0.0,0,0,0,0,0.0,0.0,0.0,0,0,False,0.11787953972816467,5.749833777770225e-05,0.00017249501333310672,18968,0
2372,1372,supervised,0.2596041224896908,0.014365763869136572,0.0,0.0,0,0,0,0,0.0,0.0,0.0,0,0,False,0.11788325011730194,5.7465981335368814e-05,0.0001723979440061064,18976,0
2373,1373,supervised,0.133411705493927,0.017667736392468214,0.0,0.0,0,0,0,0,0.0,0.0,0.0,0,0,False,0.11788676679134369,5.743362169484616e-05,0.00017230086508453847,18984,0
2374,1374,supervised,0.09745702892541885,0.01924626063555479,0.0,0.0,0,0,0,0,0.0,0.0,0.0,0,0,False,0.11789027601480484,5.740125886999612e-05,0.00017220377660998834,18992,0
2375,1375,supervised,0.3454299718141556,0.01580106047913432,0.0,0.0,0,0,0,0,0.0,0.0,0.0,0,0,False,0.1178935095667839,5.73688928746819e-05,0.00017210667862404568,19000,0
2376,1376,supervised,0.1269361414015293,0.014504926279187202,0.0,0.0,0,0,0,0,0.0,0.0,0.0,0,0,False,0.11789655685424805,5.733652372276809e-05,0.00017200957116830423,19008,0
2377,1377,supervised,0.18794748932123184,0.014759154058992863,0.0,0.0,0,0,0,0,0.0,0.0,0.0,0,0,False,0.11789938062429428,5.730415142812059e-05,0.00017191245428436173,19016,0
2378,1378,supervised,0.256966769695282,0.014788154046982527,0.0,0.0,0,0,0,0,0.0,0.0,0.0,0,0,False,0.1179020032286644,5.727177600460665e-05,0.00017181532801381993,19024,0
2379,1379,supervised,0.1403094381093979,0.018126809038221836,0.0,0.0,0,0,0,0,0.0,0.0,0.0,0,0,False,0.11790461838245392,5.723939746609489e-05,0.00017171819239828465,19032,0
2380,1380,supervised,0.24122785031795502,0.015448484104126692,0.0,0.0,0,0,0,0,0.0,0.0,0.0,0,0,False,0.11790716648101807,5.7207015826455235e-05,0.00017162104747936568,19040,0
2381,1381,supervised,0.20694786310195923,0.01869326177984476,0.0,0.0,0,0,0,0,0.0,0.0,0.0,0,0,False,0.11790931224822998,5.717463109955896e-05,0.00017152389329867687,19048,0
2382,1382,supervised,0.2325669825077057,0.015973677393049,0.0,0.0,0,0,0,0,0.0,0.0,0.0,0,0,False,0.11791140586137772,5.7142243299278676e-05,0.00017142672989783601,19056,0
2383,1383,supervised,0.18264036253094673,0.017081571277230978,0.0,0.0,0,0,0,0,0.0,0.0,0.0,0,0,False,0.11791349202394485,5.710985243948823e-05,0.00017132955731846467,19064,0
2384,1384,supervised,0.1724332869052887,0.015232473611831665,0.0,0.0,0,0,0,0,0.0,0.0,0.0,0,0,False,0.11791559308767319,5.707745853406289e-05,0.00017123237560218865,19072,0
2385,1385,supervised,0.26106586307287216,0.01675029145553708,0.0,0.0,0,0,0,0,0.0,0.0,0.0,0,0,False,0.1179177463054657,5.7045061596879134e-05,0.00017113518479063738,19080,0
2386,1386,supervised,0.10358926653862,0.020796447061002254,0.0,0.0,0,0,0,0,0.0,0.0,0.0,0,0,False,0.11791975796222687,5.7012661641814825e-05,0.00017103798492544445,19088,0
2387,1387,supervised,0.18776828050613403,0.01588610140606761,0.0,0.0,0,0,0,0,0.0,0.0,0.0,0,0,False,0.11792174726724625,5.6980258682749036e-05,0.00017094077604824708,19096,0
2388,1388,supervised,0.14674660190939903,0.016614789608865976,0.0,0.0,0,0,0,0,0.0,0.0,0.0,0,0,False,0.117923803627491,5.694785273356219e-05,0.00017084355820068655,19104,0
2389,1389,supervised,0.23251134157180786,0.017069317400455475,0.0,0.0,0,0,0,0,0.0,0.0,0.0,0,0,False,0.11792575567960739,5.691544380813596e-05,0.00017074633142440785,19112,0
2390,1390,supervised,0.24061699211597443,0.014243693556636572,0.0,0.0,0,0,0,0,0.0,0.0,0.0,0,0,False,0.11792784929275513,5.6883031920353294e-05,0.00017064909576105985,19120,0
2391,1391,supervised,0.07172253169119358,0.015566459856927395,0.0,0.0,0,0,0,0,0.0,0.0,0.0,0,0,False,0.11792990565299988,5.685061708409841e-05,0.0001705518512522952,19128,0
2392,1392,supervised,0.13962294161319733,0.01752379909157753,0.0,0.0,0,0,0,0,0.0,0.0,0.0,0,0,False,0.11793189495801926,5.68181993132568e-05,0.00017045459793977037,19136,0
2393,1393,supervised,0.19543392956256866,0.015819533728063107,0.0,0.0,0,0,0,0,0.0,0.0,0.0,0,0,False,0.11793389916419983,5.6785778621715225e-05,0.00017035733586514564,19144,0
2394,1394,supervised,0.13859663903713226,0.01708807982504368,0.0,0.0,0,0,0,0,0.0,0.0,0.0,0,0,False,0.11793600767850876,5.675335502336165e-05,0.00017026006507008494,19152,0
2395,1395,supervised,0.23381372541189194,0.014182589948177338,0.0,0.0,0,0,0,0,0.0,0.0,0.0,0,0,False,0.11793811619281769,5.6720928532085346e-05,0.00017016278559625603,19160,0
2396,1396,supervised,0.27247728407382965,0.014252917375415564,0.0,0.0,0,0,0,0,0.0,0.0,0.0,0,0,False,0.11794010549783707,5.668849916177676e-05,0.00017006549748533028,19168,0
2397,1397,supervised,0.14191875606775284,0.016458120197057724,0.0,0.0,0,0,0,0,0.0,0.0,0.0,0,0,False,0.11794207245111465,5.665606692632762e-05,0.00016996820077898285,19176,0
2398,1398,supervised,0.2053493931889534,0.01518843974918127,0.0,0.0,0,0,0,0,0.0,0.0,0.0,0,0,False,0.11794397979974747,5.6623631839630864e-05,0.00016987089551889257,19184,0
2399,1399,supervised,0.2523750141263008,0.015337815508246422,0.0,0.0,0,0,0,0,0.0,0.0,0.0,0,0,False,0.11794581264257431,5.6591193915580656e-05,0.00016977358174674194,19192,0
2400,1400,supervised,0.07724490948021412,0.01578212808817625,0.0,0.0,0,0,0,0,0.0,0.0,0.0,0,0,False,0.11794782429933548,5.655875316807237e-05,0.0001696762595042171,19200,0
2401,1401,supervised,0.1939559392631054,0.01444184873253107,0.0,0.0,0,0,0,0,0.0,0.0,0.0,0,0,False,0.11795005947351456,5.6526309611002594e-05,0.00016957892883300775,19208,0
2402,1402,supervised,0.22693966329097748,0.014191517140716314,0.0,0.0,0,0,0,0,0.0,0.0,0.0,0,0,False,0.11795225739479065,5.6493863258269084e-05,0.00016948158977480722,19216,0
2403,1403,supervised,0.19622331857681274,0.0178866321220994,0.0,0.0,0,0,0,0,0.0,0.0,0.0,0,0,False,0.11795435845851898,5.6461414123770886e-05,0.00016938424237131263,19224,0
2404,1404,supervised,0.23575177788734436,0.014927686657756567,0.0,0.0,0,0,0,0,0.0,0.0,0.0,0,0,False,0.11795667558908463,5.6428962221408145e-05,0.0001692868866642244,19232,0
2405,1405,supervised,0.18718015402555466,0.014426228124648333,0.0,0.0,0,0,0,0,0.0,0.0,0.0,0,0,False,0.11795897036790848,5.639650756508222e-05,0.00016918952269524666,19240,0
2406,1406,supervised,0.08897093683481216,0.016214681789278984,0.0,0.0,0,0,0,0,0.0,0.0,0.0,0,0,False,0.11796136200428009,5.636405016869567e-05,0.00016909215050608698,19248,0
2407,1407,supervised,0.38963082432746887,0.014389300718903542,0.0,0.0,0,0,0,0,0.0,0.0,0.0,0,0,False,0.11796353757381439,5.6331590046152197e-05,0.00016899477013845656,19256,0
2408,1408,supervised,0.12291807495057583,0.015935163479298353,0.0,0.0,0,0,0,0,0.0,0.0,0.0,0,0,False,0.1179656982421875,5.629912721135671e-05,0.0001688973816340701,19264,0
2409,1409,supervised,0.12237728014588356,0.016602233983576298,0.0,0.0,0,0,0,0,0.0,0.0,0.0,0,0,False,0.11796781420707703,5.6266661678215216e-05,0.00016879998503464561,19272,0
2410,1410,supervised,0.14451221749186516,0.01859213598072529,0.0,0.0,0,0,0,0,0.0,0.0,0.0,0,0,False,0.11796949803829193,5.6234193460634953e-05,0.00016870258038190485,19280,0
2411,1411,supervised,0.3039991855621338,0.014776372816413641,0.0,0.0,0,0,0,0,0.0,0.0,0.0,0,0,False,0.1179715245962143,5.6201722572524275e-05,0.0001686051677175728,19288,0
2412,1412,supervised,0.14435512572526932,0.01628822972998023,0.0,0.0,0,0,0,0,0.0,0.0,0.0,0,0,False,0.11797364056110382,5.616924902779266e-05,0.00016850774708337794,19296,0
2413,1413,supervised,0.25596002489328384,0.015735267661511898,0.0,0.0,0,0,0,0,0.0,0.0,0.0,0,0,False,0.11797571927309036,5.613677284035075e-05,0.00016841031852105222,19304,0
2414,1414,supervised,0.2772967293858528,0.0194841418415308,0.0,0.0,0,0,0,0,0.0,0.0,0.0,0,0,False,0.11797729134559631,5.6104294024110306e-05,0.0001683128820723309,19312,0
2415,1415,supervised,0.1451452448964119,0.01523438561707735,0.0,0.0,0,0,0,0,0.0,0.0,0.0,0,0,False,0.11797882616519928,5.607181259298424e-05,0.0001682154377789527,19320,0
2416,1416,supervised,0.18336931243538857,0.01538475463166833,0.0,0.0,0,0,0,0,0.0,0.0,0.0,0,0,False,0.11798028647899628,5.603932856088655e-05,0.00016811798568265961,19328,0
2417,1417,supervised,0.2745927646756172,0.014217471703886986,0.0,0.0,0,0,0,0,0.0,0.0,0.0,0,0,False,0.11798227578401566,5.6006841941732355e-05,0.00016802052582519706,19336,0
2418,1418,supervised,0.20669841766357422,0.015576590318232775,0.0,0.0,0,0,0,0,0.0,0.0,0.0,0,0,False,0.11798461526632309,5.597435274943792e-05,0.00016792305824831372,19344,0
2419,1419,supervised,0.08331719785928726,0.017910609021782875,0.0,0.0,0,0,0,0,0.0,0.0,0.0,0,0,False,0.11798693984746933,5.594186099792055e-05,0.0001678255829937616,19352,0
2420,1420,supervised,0.1294414959847927,0.015282666310667992,0.0,0.0,0,0,0,0,0.0,0.0,0.0,0,0,False,0.11798974126577377,5.5909366701098695e-05,0.00016772810010329606,19360,0
2421,1421,supervised,0.13693039864301682,0.01592384558171034,0.0,0.0,0,0,0,0,0.0,0.0,0.0,0,0,False,0.11799244582653046,5.587686987289189e-05,0.00016763060961867566,19368,0
2422,1422,supervised,0.19807758927345276,0.014085577335208654,0.0,0.0,0,0,0,0,0.0,0.0,0.0,0,0,False,0.11799493432044983,5.5844370527220725e-05,0.00016753311158166216,19376,0
2423,1423,supervised,0.18499646335840225,0.014408036135137081,0.0,0.0,0,0,0,0,0.0,0.0,0.0,0,0,False,0.11799753457307816,5.58118686780069e-05,0.00016743560603402067,19384,0
2424,1424,supervised,0.1931805983185768,0.0146312708966434,0.0,0.0,0,0,0,0,0.0,0.0,0.0,0,0,False,0.11799988150596619,5.5779364339173146e-05,0.00016733809301751942,19392,0
2425,1425,supervised,0.1400417983531952,0.0165361687541008,0.0,0.0,0,0,0,0,0.0,0.0,0.0,0,0,False,0.11800210177898407,5.574685752464334e-05,0.00016724057257392998,19400,0
2426,1426,supervised,0.34513604640960693,0.014041177462786436,0.0,0.0,0,0,0,0,0.0,0.0,0.0,0,0,False,0.11800410598516464,5.571434824834233e-05,0.00016714304474502696,19408,0
2427,1427,supervised,0.14301549643278122,0.01942657306790352,0.0,0.0,0,0,0,0,0.0,0.0,0.0,0,0,False,0.11800596863031387,5.568183652419606e-05,0.00016704550957258817,19416,0
2428,1428,supervised,0.12926487997174263,0.015456259716302156,0.0,0.0,0,0,0,0,0.0,0.0,0.0,0,0,False,0.11800787597894669,5.564932236613154e-05,0.00016694796709839458,19424,0
2429,1429,supervised,0.09402063488960266,0.01759768556803465,0.0,0.0,0,0,0,0,0.0,0.0,0.0,0,0,False,0.118010014295578,5.561680578807678e-05,0.0001668504173642303,19432,0
2430,1430,supervised,0.08133794739842415,0.019471514970064163,0.0,0.0,0,0,0,0,0.0,0.0,0.0,0,0,False,0.11801207810640335,5.558428680396087e-05,0.0001667528604118826,19440,0
2431,1431,supervised,0.17818494886159897,0.015528429765254259,0.0,0.0,0,0,0,0,0.0,0.0,0.0,0,0,False,0.11801398545503616,5.5551765427713884e-05,0.00016665529628314164,19448,0
2432,1432,supervised,0.10533344000577927,0.01569786947220564,0.0,0.0,0,0,0,0,0.0,0.0,0.0,0,0,False,0.11801605671644211,5.551924167326698e-05,0.0001665577250198009,19456,0
2433,1433,supervised,0.07494152709841728,0.016872750595211983,0.0,0.0,0,0,0,0,0.0,0.0,0.0,0,0,False,0.11801842600107193,5.548671555455226e-05,0.00016646014666365675,19464,0
2434,1434,supervised,0.141781784594059,0.014769073110073805,0.0,0.0,0,0,0,0,0.0,0.0,0.0,0,0,False,0.11802102625370026,5.545418708550293e-05,0.00016636256125650877,19472,0
2435,1435,supervised,0.13885273784399033,0.0171401584520936,0.0,0.0,0,0,0,0,0.0,0.0,0.0,0,0,False,0.11802365630865097,5.542165628005311e-05,0.0001662649688401593,19480,0
2436,1436,supervised,0.19144561141729355,0.01675208704546094,0.0,0.0,0,0,0,0,0.0,0.0,0.0,0,0,False,0.11802621185779572,5.538912315213797e-05,0.0001661673694564139,19488,0
2437,1437,supervised,0.23729857802391052,0.015600313432514668,0.0,0.0,0,0,0,0,0.0,0.0,0.0,0,0,False,0.11802855879068375,5.535658771569369e-05,0.00016606976314708104,19496,0
2438,1438,supervised,0.13278859108686447,0.01685110665857792,0.0,0.0,0,0,0,0,0.0,0.0,0.0,0,0,False,0.11803105473518372,5.53240499846574e-05,0.0001659721499539722,19504,0
2439,1439,supervised,0.08083444274961948,0.01606848044320941,0.0,0.0,0,0,0,0,0.0,0.0,0.0,0,0,False,0.11803332716226578,5.529150997296724e-05,0.0001658745299189017,19512,0
2440,1440,supervised,0.10317612439393997,0.016226019710302353,0.0,0.0,0,0,0,0,0.0,0.0,0.0,0,0,False,0.118035227060318,5.5258967694562304e-05,0.00016577690308368687,19520,0
2441,1441,supervised,0.19526119530200958,0.0158729562535882,0.0,0.0,0,0,0,0,0.0,0.0,0.0,0,0,False,0.11803726106882095,5.522642316338268e-05,0.000165679269490148,19528,0
2442,1442,supervised,0.14318318665027618,0.015486885327845812,0.0,0.0,0,0,0,0,0.0,0.0,0.0,0,0,False,0.11803928017616272,5.519387639336941e-05,0.0001655816291801082,19536,0
2443,1443,supervised,0.1916191279888153,0.014959474094212055,0.0,0.0,0,0,0,0,0.0,0.0,0.0,0,0,False,0.11804135888814926,5.51613273984645e-05,0.00016548398219539347,19544,0
2444,1444,supervised,0.19832895696163177,0.018272866029292345,0.0,0.0,0,0,0,0,0.0,0.0,0.0,0,0,False,0.1180434301495552,5.5128776192610895e-05,0.00016538632857783267,19552,0
2445,1445,supervised,0.08550310507416725,0.015107626561075449,0.0,0.0,0,0,0,0,0.0,0.0,0.0,0,0,False,0.11804580688476562,5.50962227897525e-05,0.0001652886683692575,19560,0
2446,1446,supervised,0.21908465027809143,0.014160337392240763,0.0,0.0,0,0,0,0,0.0,0.0,0.0,0,0,False,0.11804807931184769,5.506366720383417e-05,0.0001651910016115025,19568,0
2447,1447,supervised,0.2472531944513321,0.01589177781715989,0.0,0.0,0,0,0,0,0.0,0.0,0.0,0,0,False,0.11805012822151184,5.503110944880169e-05,0.00016509332834640505,19576,0
2448,1448,supervised,0.18530047312378883,0.017884508706629276,0.0,0.0,0,0,0,0,0.0,0.0,0.0,0,0,False,0.11805209517478943,5.499854953860173e-05,0.00016499564861580516,19584,0
2449,1449,supervised,0.24470208585262299,0.01476859301328659,0.0,0.0,0,0,0,0,0.0,0.0,0.0,0,0,False,0.11805516481399536,5.4965987487181957e-05,0.00016489796246154585,19592,0
2450,1450,supervised,0.10433193296194077,0.01593208499252796,0.0,0.0,0,0,0,0,0.0,0.0,0.0,0,0,False,0.11805836856365204,5.493342330849089e-05,0.00016480026992547267,19600,0
2451,1451,supervised,0.15388215333223343,0.01619296846911311,0.0,0.0,0,0,0,0,0.0,0.0,0.0,0,0,False,0.11806191504001617,5.490085701647805e-05,0.0001647025710494341,19608,0
2452,1452,supervised,0.11256208270788193,0.01527098473161459,0.0,0.0,0,0,0,0,0.0,0.0,0.0,0,0,False,0.11806540936231613,5.4868288625093725e-05,0.00016460486587528114,19616,0
2453,1453,supervised,0.1406514123082161,0.017698305658996105,0.0,0.0,0,0,0,0,0.0,0.0,0.0,0,0,False,0.11806860566139221,5.483571814828921e-05,0.00016450715444486758,19624,0
2454,1454,supervised,0.19449102878570557,0.014678626786917448,0.0,0.0,0,0,0,0,0.0,0.0,0.0,0,0,False,0.11807150393724442,5.480314560001667e-05,0.00016440943680004998,19632,0
2455,1455,supervised,0.13588375598192215,0.021153388544917107,0.0,0.0,0,0,0,0,0.0,0.0,0.0,0,0,False,0.11807410418987274,5.477057099422913e-05,0.00016431171298268737,19640,0
2456,1456,supervised,0.23153240978717804,0.014620699919760227,0.0,0.0,0,0,0,0,0.0,0.0,0.0,0,0,False,0.11807651072740555,5.4737994344880564e-05,0.00016421398303464167,19648,0
2457,1457,supervised,0.17939525097608566,0.015326806344091892,0.0,0.0,0,0,0,0,0.0,0.0,0.0,0,0,False,0.1180790364742279,5.470541566592573e-05,0.00016411624699777717,19656,0
2458,1458,supervised,0.10363977774977684,0.017358806915581226,0.0,0.0,0,0,0,0,0.0,0.0,0.0,0,0,False,0.11808128654956818,5.4672834971320296e-05,0.00016401850491396086,19664,0
2459,1459,supervised,0.1960829272866249,0.016840479336678982,0.0,0.0,0,0,0,0,0.0,0.0,0.0,0,0,False,0.11808378994464874,5.464025227502082e-05,0.00016392075682506243,19672,0
2460,1460,supervised,0.17293576896190643,0.01563584106042981,0.0,0.0,0,0,0,0,0.0,0.0,0.0,0,0,False,0.11808618158102036,5.460766759098468e-05,0.00016382300277295402,19680,0
2461,1461,supervised,0.086140226572752,0.015431313309818506,0.0,0.0,0,0,0,0,0.0,0.0,0.0,0,0,False,0.11808833479881287,5.457508093317013e-05,0.00016372524279951038,19688,0
2462,1462,supervised,0.19107995927333832,0.01892390800639987,0.0,0.0,0,0,0,0,0.0,0.0,0.0,0,0,False,0.11809030175209045,5.454249231553624e-05,0.0001636274769466087,19696,0
2463,1463,supervised,0.08067844063043594,0.0167512740008533,0.0,0.0,0,0,0,0,0.0,0.0,0.0,0,0,False,0.11809229850769043,5.450990175204296e-05,0.00016352970525612885,19704,0
2464,1464,supervised,0.13568591326475143,0.014718999620527029,0.0,0.0,0,0,0,0,0.0,0.0,0.0,0,0,False,0.11809436976909637,5.447730925665104e-05,0.0001634319277699531,19712,0
2465,1465,supervised,0.19994720816612244,0.019223849289119244,0.0,0.0,0,0,0,0,0.0,0.0,0.0,0,0,False,0.11809641867876053,5.4444714843322085e-05,0.00016333414452996623,19720,0
2466,1466,supervised,0.19745048135519028,0.017909289337694645,0.0,0.0,0,0,0,0,0.0,0.0,0.0,0,0,False,0.11809831112623215,5.441211852601849e-05,0.00016323635557805542,19728,0
2467,1467,supervised,0.14662456139922142,0.017788803670555353,0.0,0.0,0,0,0,0,0.0,0.0,0.0,0,0,False,0.11810027807950974,5.437952031870347e-05,0.00016313856095611037,19736,0
2468,1468,supervised,0.13577047735452652,0.018455850426107645,0.0,0.0,0,0,0,0,0.0,0.0,0.0,0,0,False,0.11810219287872314,5.434692023534108e-05,0.00016304076070602322,19744,0
2469,1469,supervised,0.16173871606588364,0.018642039969563484,0.0,0.0,0,0,0,0,0.0,0.0,0.0,0,0,False,0.11810439079999924,5.4314318289896185e-05,0.0001629429548696885,19752,0
2470,1470,supervised,0.1446170099079609,0.015484415926039219,0.0,0.0,0,0,0,0,0.0,0.0,0.0,0,0,False,0.11810671538114548,5.428171449633437e-05,0.00016284514348900307,19760,0
2471,1471,supervised,0.13834289833903313,0.0210687848739326,0.0,0.0,0,0,0,0,0.0,0.0,0.0,0,0,False,0.11810871213674545,5.4249108868622086e-05,0.00016274732660586625,19768,0
2472,1472,supervised,0.19682767987251282,0.017786280252039433,0.0,0.0,0,0,0,0,0.0,0.0,0.0,0,0,False,0.11811062693595886,5.421650142072655e-05,0.00016264950426217963,19776,0
2473,1473,supervised,0.17759928107261658,0.015130188781768084,0.0,0.0,0,0,0,0,0.0,0.0,0.0,0,0,False,0.11811240762472153,5.418389216661579e-05,0.00016255167649984736,19784,0
2474,1474,supervised,0.11906844191253185,0.016825899947434664,0.0,0.0,0,0,0,0,0.0,0.0,0.0,0,0,False,0.11811411380767822,5.415128112025851e-05,0.00016245384336077551,19792,0
2475,1475,supervised,0.09864120930433273,0.014433575794100761,0.0,0.0,0,0,0,0,0.0,0.0,0.0,0,0,False,0.11811626702547073,5.4118668295624283e-05,0.00016235600488687284,19800,0
2476,1476,supervised,0.1140320785343647,0.020210692659020424,0.0,0.0,0,0,0,0,0.0,0.0,0.0,0,0,False,0.118118055164814,5.408605370668342e-05,0.00016225816112005022,19808,0
2477,1477,supervised,0.12276167050004005,0.014596430584788322,0.0,0.0,0,0,0,0,0.0,0.0,0.0,0,0,False,0.1181197315454483,5.4053437367406946e-05,0.0001621603121022208,19816,0
2478,1478,supervised,0.18051616102457047,0.016320562921464443,0.0,0.0,0,0,0,0,0.0,0.0,0.0,0,0,False,0.11812137812376022,5.402081929176668e-05,0.00016206245787530002,19824,0
2479,1479,supervised,0.25006242096424103,0.01573353912681341,0.0,0.0,0,0,0,0,0.0,0.0,0.0,0,0,False,0.11812300235033035,5.3988199493735156e-05,0.00016196459848120547,19832,0
2480,1480,supervised,0.24118387326598167,0.019040043465793133,0.0,0.0,0,0,0,0,0.0,0.0,0.0,0,0,False,0.11812441051006317,5.395557798728568e-05,0.00016186673396185701,19840,0
2481,1481,supervised,0.2360278144478798,0.01756764017045498,0.0,0.0,0,0,0,0,0.0,0.0,0.0,0,0,False,0.11812575906515121,5.392295478639225e-05,0.00016176886435917675,19848,0
2482,1482,supervised,0.08628194406628609,0.015989397652447224,0.0,0.0,0,0,0,0,0.0,0.0,0.0,0,0,False,0.11812739074230194,5.3890329905029626e-05,0.00016167098971508884,19856,0
2483,1483,supervised,0.08706184104084969,0.018447373993694782,0.0,0.0,0,0,0,0,0.0,0.0,0.0,0,0,False,0.11812925338745117,5.385770335717326e-05,0.00016157311007151975,19864,0
2484,1484,supervised,0.13692815229296684,0.015551620163023472,0.0,0.0,0,0,0,0,0.0,0.0,0.0,0,0,False,0.11813125014305115,5.382507515679931e-05,0.0001614752254703979,19872,0
2485,1485,supervised,0.20042940229177475,0.019293297082185745,0.0,0.0,0,0,0,0,0.0,0.0,0.0,0,0,False,0.11813315749168396,5.3792445317884696e-05,0.00016137733595365407,19880,0
2486,1486,supervised,0.1093798466026783,0.018569943495094776,0.0,0.0,0,0,0,0,0.0,0.0,0.0,0,0,False,0.11813540756702423,5.3759813854407e-05,0.00016127944156322098,19888,0
2487,1487,supervised,0.23646681010723114,0.015472655184566975,0.0,0.0,0,0,0,0,0.0,0.0,0.0,0,0,False,0.11813757568597794,5.3727180780344486e-05,0.00016118154234103345,19896,0
2488,1488,supervised,0.08846727013587952,0.014932137448340654,0.0,0.0,0,0,0,0,0.0,0.0,0.0,0,0,False,0.11813975870609283,5.3694546109676135e-05,0.00016108363832902838,19904,0
2489,1489,supervised,0.24102184176445007,0.014597831759601831,0.0,0.0,0,0,0,0,0.0,0.0,0.0,0,0,False,0.11814184486865997,5.366190985638159e-05,0.00016098572956914473,19912,0
2490,1490,supervised,0.14534109830856323,0.013819216284900904,0.0,0.0,0,0,0,0,0.0,0.0,0.0,0,0,False,0.11814451217651367,5.36292720344412e-05,0.00016088781610332358,19920,0
2491,1491,supervised,0.1415816992521286,0.018841654062271118,0.0,0.0,0,0,0,0,0.0,0.0,0.0,0,0,False,0.11814695596694946,5.359663265783598e-05,0.0001607898979735079,19928,0
2492,1492,supervised,0.25419674813747406,0.01483916211873293,0.0,0.0,0,0,0,0,0.0,0.0,0.0,0,0,False,0.11814945936203003,5.356399174054758e-05,0.00016069197522164272,19936,0
2493,1493,supervised,0.12989089265465736,0.01641240483149886,0.0,0.0,0,0,0,0,0.0,0.0,0.0,0,0,False,0.1181519404053688,5.3531349296558345e-05,0.00016059404788967501,19944,0
2494,1494,supervised,0.2586785703897476,0.015186094678938389,0.0,0.0,0,0,0,0,0.0,0.0,0.0,0,0,False,0.11815417557954788,5.349870533985124e-05,0.0001604961160195537,19952,0
2495,1495,supervised,0.19704246520996094,0.016230035573244095,0.0,0.0,0,0,0,0,0.0,0.0,0.0,0,0,False,0.11815622448921204,5.3466059884409944e-05,0.0001603981796532298,19960,0
2496,1496,supervised,0.26505887508392334,0.014283990487456322,0.0,0.0,0,0,0,0,0.0,0.0,0.0,0,0,False,0.1181582510471344,5.3433412944218684e-05,0.00016030023883265604,19968,0
2497,1497,supervised,0.18603326380252838,0.013697944581508636,0.0,0.0,0,0,0,0,0.0,0.0,0.0,0,0,False,0.11816000938415527,5.340076453326241e-05,0.00016020229359978722,19976,0
2498,1498,supervised,0.1200781911611557,0.015710605308413506,0.0,0.0,0,0,0,0,0.0,0.0,0.0,0,0,False,0.11816175282001495,5.336811466552665e-05,0.00016010434399657992,19984,0
2499,1499,supervised,0.13853266835212708,0.015212689526379108,0.0,0.0,0,0,0,0,0.0,0.0,0.0,0,0,False,0.11816328018903732,5.333546335499756e-05,0.00016000639006499267,19992,0
2500,1500,supervised,0.2563391625881195,0.016294714994728565,0.0,0.0,0,0,0,0,0.0,0.0,0.0,0,0,False,0.11816474795341492,5.3302810615661935e-05,0.0001599084318469858,20000,0
2501,1501,supervised,0.19004396349191666,0.01604798063635826,0.0,0.0,0,0,0,0,0.0,0.0,0.0,0,0,False,0.11816618591547012,5.327015646150716e-05,0.00015981046938452146,20008,0
2502,1502,supervised,0.07792431861162186,0.014428861439228058,0.0,0.0,0,0,0,0,0.0,0.0,0.0,0,0,False,0.11816826462745667,5.323750090652124e-05,0.0001597125027195637,20016,0
2503,1503,supervised,0.09138762205839157,0.015488464385271072,0.0,0.0,0,0,0,0,0.0,0.0,0.0,0,0,False,0.11817076802253723,5.320484396469281e-05,0.0001596145318940784,20024,0
2504,1504,supervised,0.1433410383760929,0.018871067091822624,0.0,0.0,0,0,0,0,0.0,0.0,0.0,0,0,False,0.11817315220832825,5.317218565001102e-05,0.00015951655695003303,20032,0
2505,1505,supervised,0.1251467913389206,0.014139562379568815,0.0,0.0,0,0,0,0,0.0,0.0,0.0,0,0,False,0.11817564070224762,5.313952597646568e-05,0.000159418577929397,20040,0
2506,1506,supervised,0.13510126248002052,0.01696012308821082,0.0,0.0,0,0,0,0,0.0,0.0,0.0,0,0,False,0.11817824840545654,5.3106864958047145e-05,0.00015932059487414141,20048,0
2507,1507,supervised,0.16515275090932846,0.018389717675745487,0.0,0.0,0,0,0,0,0.0,0.0,0.0,0,0,False,0.11818075180053711,5.3074202608746356e-05,0.00015922260782623906,20056,0
2508,1508,supervised,0.13070572912693024,0.014860812108963728,0.0,0.0,0,0,0,0,0.0,0.0,0.0,0,0,False,0.11818336695432663,5.3041538942554846e-05,0.0001591246168276645,20064,0
2509,1509,supervised,0.20809491723775864,0.014034890104085207,0.0,0.0,0,0,0,0,0.0,0.0,0.0,0,0,False,0.11818592250347137,5.3008873973464676e-05,0.00015902662192039403,20072,0
2510,1510,supervised,0.19989477843046188,0.016951176803559065,0.0,0.0,0,0,0,0,0.0,0.0,0.0,0,0,False,0.11818830668926239,5.2976207715468485e-05,0.00015892862314640543,20080,0
2511,1511,supervised,0.07341963052749634,0.01651910413056612,0.0,0.0,0,0,0,0,0.0,0.0,0.0,0,0,False,0.11819058656692505,5.294354018255945e-05,0.00015883062054767832,20088,0
2512,1512,supervised,0.11354798451066017,0.020975230261683464,0.0,0.0,0,0,0,0,0.0,0.0,0.0,0,0,False,0.11819273233413696,5.291087138873132e-05,0.00015873261416619395,20096,0
2513,1513,supervised,0.14962199330329895,0.01925143087282777,0.0,0.0,0,0,0,0,0.0,0.0,0.0,0,0,False,0.11819474399089813,5.2878201347978374e-05,0.0001586346040439351,20104,0
2514,1514,supervised,0.14603477716445923,0.01779711153358221,0.0,0.0,0,0,0,0,0.0,0.0,0.0,0,0,False,0.11819689720869064,5.284553007429539e-05,0.00015853659022288614,20112,0
2515,1515,supervised,0.2849700003862381,0.016261755488812923,0.0,0.0,0,0,0,0,0.0,0.0,0.0,0,0,False,0.11819946020841599,5.281285758167773e-05,0.00015843857274503318,20120,0
2516,1516,supervised,0.26034121215343475,0.013931750319898129,0.0,0.0,0,0,0,0,0.0,0.0,0.0,0,0,False,0.11820191144943237,5.278018388412123e-05,0.00015834055165236366,20128,0
2517,1517,supervised,0.15036267787218094,0.015362926758825779,0.0,0.0,0,0,0,0,0.0,0.0,0.0,0,0,False,0.11820446699857712,5.27475089956223e-05,0.00015824252698686686,20136,0
2518,1518,supervised,0.3077963888645172,0.016760175582021475,0.0,0.0,0,0,0,0,0.0,0.0,0.0,0,0,False,0.11820673197507858,5.271483293017778e-05,0.00015814449879053333,20144,0
2519,1519,supervised,0.08192595839500427,0.016903663519769907,0.0,0.0,0,0,0,0,0.0,0.0,0.0,0,0,False,0.11820873618125916,5.2682155701785085e-05,0.00015804646710535525,20152,0
2520,1520,supervised,0.1995965652167797,0.01599223492667079,0.0,0.0,0,0,0,0,0.0,0.0,0.0,0,0,False,0.118210569024086,5.264947732444209e-05,0.00015794843197332624,20160,0
2521,1521,supervised,0.20327076315879822,0.01688044425100088,0.0,0.0,0,0,0,0,0.0,0.0,0.0,0,0,False,0.11821223795413971,5.26167978121472e-05,0.0001578503934364416,20168,0
2522,1522,supervised,0.12981778010725975,0.01717408373951912,0.0,0.0,0,0,0,0,0.0,0.0,0.0,0,0,False,0.11821363866329193,5.258411717889925e-05,0.00015775235153669772,20176,0
2523,1523,supervised,0.1143459603190422,0.018414918333292007,0.0,0.0,0,0,0,0,0.0,0.0,0.0,0,0,False,0.11821494251489639,5.255143543869758e-05,0.00015765430631609274,20184,0
2524,1524,supervised,0.23642411082983017,0.015743786469101906,0.0,0.0,0,0,0,0,0.0,0.0,0.0,0,0,False,0.11821632832288742,5.251875260554204e-05,0.00015755625781662611,20192,0
2525,1525,supervised,0.1778484284877777,0.01428139302879572,0.0,0.0,0,0,0,0,0.0,0.0,0.0,0,0,False,0.11821776628494263,5.24860686934329e-05,0.00015745820608029868,20200,0
2526,1526,supervised,0.243083655834198,0.013959151227027178,0.0,0.0,0,0,0,0,0.0,0.0,0.0,0,0,False,0.11821920424699783,5.245338371637091e-05,0.0001573601511491127,20208,0
2527,1527,supervised,0.1885007992386818,0.016955294646322727,0.0,0.0,0,0,0,0,0.0,0.0,0.0,0,0,False,0.11822065711021423,5.242069768835728e-05,0.00015726209306507182,20216,0
2528,1528,supervised,0.1169017143547535,0.014616514090448618,0.0,0.0,0,0,0,0,0.0,0.0,0.0,0,0,False,0.11822240799665451,5.2388010623393645e-05,0.00015716403187018092,20224,0
2529,1529,supervised,0.14095229655504227,0.017309825867414474,0.0,0.0,0,0,0,0,0.0,0.0,0.0,0,0,False,0.11822431534528732,5.235532253548213e-05,0.00015706596760644637,20232,0
2530,1530,supervised,0.15301378816366196,0.017197624780237675,0.0,0.0,0,0,0,0,0.0,0.0,0.0,0,0,False,0.11822627484798431,5.232263343862528e-05,0.00015696790031587582,20240,0
2531,1531,supervised,0.06653165817260742,0.018686827272176743,0.0,0.0,0,0,0,0,0.0,0.0,0.0,0,0,False,0.11822835355997086,5.228994334682604e-05,0.0001568698300404781,20248,0
2532,1532,supervised,0.13894781097769737,0.018892107531428337,0.0,0.0,0,0,0,0,0.0,0.0,0.0,0,0,False,0.11823058128356934,5.2257252274087834e-05,0.00015677175682226346,20256,0
2533,1533,supervised,0.0972575694322586,0.016518007032573223,0.0,0.0,0,0,0,0,0.0,0.0,0.0,0,0,False,0.11823306977748871,5.222456023441444e-05,0.0001566736807032433,20264,0
2534,1534,supervised,0.20635215193033218,0.015279872808605433,0.0,0.0,0,0,0,0,0.0,0.0,0.0,0,0,False,0.11823563277721405,5.219186724181013e-05,0.00015657560172543039,20272,0
2535,1535,supervised,0.11299765482544899,0.024539539590477943,0.0,0.0,0,0,0,0,0.0,0.0,0.0,0,0,False,0.1182379201054573,5.215917331027952e-05,0.00015647751993083854,20280,0
2536,1536,supervised,0.2549833655357361,0.01547544403001666,0.0,0.0,0,0,0,0,0.0,0.0,0.0,0,0,False,0.11823972314596176,5.2126478453827666e-05,0.00015637943536148298,20288,0
2537,1537,supervised,0.1397731937468052,0.015566668938845396,0.0,0.0,0,0,0,0,0.0,0.0,0.0,0,0,False,0.11824152618646622,5.209378268645998e-05,0.0001562813480593799,20296,0
2538,1538,supervised,0.09953603148460388,0.01738039869815111,0.0,0.0,0,0,0,0,0.0,0.0,0.0,0,0,False,0.11824323236942291,5.206108602218234e-05,0.00015618325806654698,20304,0
2539,1539,supervised,0.2133273407816887,0.02023457922041416,0.0,0.0,0,0,0,0,0.0,0.0,0.0,0,0,False,0.11824477463960648,5.2028388475000897e-05,0.00015608516542500267,20312,0
2540,1540,supervised,0.22050036117434502,0.016191763803362846,0.0,0.0,0,0,0,0,0.0,0.0,0.0,0,0,False,0.11824637651443481,5.1995690058922275e-05,0.0001559870701767668,20320,0
2541,1541,supervised,0.1928204745054245,0.01916023390367627,0.0,0.0,0,0,0,0,0.0,0.0,0.0,0,0,False,0.11824797838926315,5.196299078795344e-05,0.0001558889723638603,20328,0
2542,1542,supervised,0.19141312688589096,0.014965304173529148,0.0,0.0,0,0,0,0,0.0,0.0,0.0,0,0,False,0.11824973672628403,5.193029067610171e-05,0.0001557908720283051,20336,0
2543,1543,supervised,0.15528732538223267,0.015963442157953978,0.0,0.0,0,0,0,0,0.0,0.0,0.0,0,0,False,0.11825208365917206,5.1897589737374774e-05,0.0001556927692121243,20344,0
2544,1544,supervised,0.2081606239080429,0.018224626779556274,0.0,0.0,0,0,0,0,0.0,0.0,0.0,0,0,False,0.11825422197580338,5.186488798578069e-05,0.00015559466395734204,20352,0
2545,1545,supervised,0.22095486521720886,0.017288419418036938,0.0,0.0,0,0,0,0,0.0,0.0,0.0,0,0,False,0.1182565689086914,5.183218543532782e-05,0.00015549655630598343,20360,0
2546,1546,supervised,0.1062481477856636,0.015712231397628784,0.0,0.0,0,0,0,0,0.0,0.0,0.0,0,0,False,0.11825887113809586,5.179948210002492e-05,0.00015539844630007473,20368,0
2547,1547,supervised,0.24362128973007202,0.014699237421154976,0.0,0.0,0,0,0,0,0.0,0.0,0.0,0,0,False,0.11826121062040329,5.176677799388107e-05,0.00015530033398164318,20376,0
2548,1548,supervised,0.20282118767499924,0.02236274303868413,0.0,0.0,0,0,0,0,0.0,0.0,0.0,0,0,False,0.1182631179690361,5.1734073130905645e-05,0.00015520221939271692,20384,0
2549,1549,supervised,0.18616381660103798,0.01790641527622938,0.0,0.0,0,0,0,0,0.0,0.0,0.0,0,0,False,0.1182650476694107,5.170136752510837e-05,0.0001551041025753251,20392,0
2550,1550,supervised,0.07221583649516106,0.01662830449640751,0.0,0.0,0,0,0,0,0.0,0.0,0.0,0,0,False,0.11826712638139725,5.166866119049931e-05,0.00015500598357149793,20400,0
2551,1551,supervised,0.13549615070223808,0.018219455610960722,0.0,0.0,0,0,0,0,0.0,0.0,0.0,0,0,False,0.11826914548873901,5.1635954141088813e-05,0.00015490786242326643,20408,0
2552,1552,supervised,0.19928420335054398,0.014866652432829142,0.0,0.0,0,0,0,0,0.0,0.0,0.0,0,0,False,0.11827122420072556,5.1603246390887524e-05,0.00015480973917266256,20416,0
2553,1553,supervised,0.13619676232337952,0.014427244663238525,0.0,0.0,0,0,0,0,0.0,0.0,0.0,0,0,False,0.11827348917722702,5.157053795390642e-05,0.00015471161386171922,20424,0
2554,1554,supervised,0.13353348895907402,0.014734268188476562,0.0,0.0,0,0,0,0,0.0,0.0,0.0,0,0,False,0.11827569454908371,5.1537828844156745e-05,0.00015461348653247021,20432,0
2555,1555,supervised,0.18116815388202667,0.0156354121863842,0.0,0.0,0,0,0,0,0.0,0.0,0.0,0,0,False,0.11827801167964935,5.150511907565005e-05,0.00015451535722695015,20440,0
2556,1556,supervised,0.21038080006837845,0.017713758163154125,0.0,0.0,0,0,0,0,0.0,0.0,0.0,0,0,False,0.11828029900789261,5.1472408662398176e-05,0.00015441722598719452,20448,0
2557,1557,supervised,0.14114701747894287,0.014915951993316412,0.0,0.0,0,0,0,0,0.0,0.0,0.0,0,0,False,0.11828239262104034,5.143969761841317e-05,0.0001543190928552395,20456,0
2558,1558,supervised,0.13885916024446487,0.014964322559535503,0.0,0.0,0,0,0,0,0.0,0.0,0.0,0,0,False,0.11828463524580002,5.1406985957707475e-05,0.0001542209578731224,20464,0
2559,1559,supervised,0.3507320284843445,0.01404207618907094,0.0,0.0,0,0,0,0,0.0,0.0,0.0,0,0,False,0.1182866320014,5.1374273694293676e-05,0.000154122821082881,20472,0
2560,1560,supervised,0.24608825147151947,0.014563477598130703,0.0,0.0,0,0,0,0,0.0,0.0,0.0,0,0,False,0.11828947812318802,5.13415608421847e-05,0.00015402468252655407,20480,0
2561,1561,supervised,0.20269151031970978,0.016754159703850746,0.0,0.0,0,0,0,0,0.0,0.0,0.0,0,0,False,0.11829192191362381,5.1308847415393666e-05,0.00015392654224618098,20488,0
2562,1562,supervised,0.23248066008090973,0.015004714019596577,0.0,0.0,0,0,0,0,0.0,0.0,0.0,0,0,False,0.11829425394535065,5.127613342793398e-05,0.00015382840028380193,20496,0
2563,1563,supervised,0.20319675654172897,0.01411123713478446,0.0,0.0,0,0,0,0,0.0,0.0,0.0,0,0,False,0.11829713732004166,5.124341889381929e-05,0.00015373025668145783,20504,0
2564,1564,supervised,0.2519206032156944,0.014960682485252619,0.0,0.0,0,0,0,0,0.0,0.0,0.0,0,0,False,0.11829964816570282,5.121070382706342e-05,0.00015363211148119025,20512,0
2565,1565,supervised,0.15670746937394142,0.016430911608040333,0.0,0.0,0,0,0,0,0.0,0.0,0.0,0,0,False,0.11830238252878189,5.117798824168052e-05,0.00015353396472504155,20520,0
2566,1566,supervised,0.17373575270175934,0.014057564549148083,0.0,0.0,0,0,0,0,0.0,0.0,0.0,0,0,False,0.1183050274848938,5.1145272151684854e-05,0.00015343581645505455,20528,0
2567,1567,supervised,0.09991568326950073,0.015128119848668575,0.0,0.0,0,0,0,0,0.0,0.0,0.0,0,0,False,0.1183086410164833,5.1112555571091005e-05,0.000153337666713273,20536,0
2568,1568,supervised,0.20791791379451752,0.014078852254897356,0.0,0.0,0,0,0,0,0.0,0.0,0.0,0,0,False,0.11831220239400864,5.107983851391369e-05,0.00015323951554174105,20544,0
2569,1569,supervised,0.2543499618768692,0.019966968335211277,0.0,0.0,0,0,0,0,0.0,0.0,0.0,0,0,False,0.11831548810005188,5.104712099416785e-05,0.00015314136298250354,20552,0
2570,1570,supervised,0.08978685736656189,0.022017755545675755,0.0,0.0,0,0,0,0,0.0,0.0,0.0,0,0,False,0.11831855028867722,5.101440302586865e-05,0.00015304320907760593,20560,0
2571,1571,supervised,0.24550090730190277,0.014820996671915054,0.0,0.0,0,0,0,0,0.0,0.0,0.0,0,0,False,0.11832144111394882,5.0981684623031415e-05,0.00015294505386909422,20568,0
2572,1572,supervised,0.31734509766101837,0.015794871374964714,0.0,0.0,0,0,0,0,0.0,0.0,0.0,0,0,False,0.11832413822412491,5.0948965799671677e-05,0.000152846897399015,20576,0
2573,1573,supervised,0.19059710949659348,0.016765274107456207,0.0,0.0,0,0,0,0,0.0,0.0,0.0,0,0,False,0.11832662671804428,5.091624656980515e-05,0.00015274873970941543,20584,0
2574,1574,supervised,0.10130403935909271,0.015301501378417015,0.0,0.0,0,0,0,0,0.0,0.0,0.0,0,0,False,0.11832940578460693,5.088352694744769e-05,0.00015265058084234305,20592,0
2575,1575,supervised,0.09604324027895927,0.017254984471946955,0.0,0.0,0,0,0,0,0.0,0.0,0.0,0,0,False,0.11833229660987854,5.0850806946615346e-05,0.00015255242083984602,20600,0
2576,1576,supervised,0.09318099915981293,0.016994966194033623,0.0,0.0,0,0,0,0,0.0,0.0,0.0,0,0,False,0.1183352917432785,5.0818086581324345e-05,0.000152454259743973,20608,0
2577,1577,supervised,0.1361767277121544,0.01568912435323,0.0,0.0,0,0,0,0,0.0,0.0,0.0,0,0,False,0.11833827197551727,5.078536586559104e-05,0.0001523560975967731,20616,0
2578,1578,supervised,0.18426980450749397,0.015342718455940485,0.0,0.0,0,0,0,0,0.0,0.0,0.0,0,0,False,0.1183413416147232,5.075264481343196e-05,0.00015225793444029586,20624,0
2579,1579,supervised,0.12592273950576782,0.018861405551433563,0.0,0.0,0,0,0,0,0.0,0.0,0.0,0,0,False,0.11834409087896347,5.0719923438863726e-05,0.00015215977031659116,20632,0
2580,1580,supervised,0.24153272062540054,0.015224419999867678,0.0,0.0,0,0,0,0,0.0,0.0,0.0,0,0,False,0.11834671348333359,5.068720175590318e-05,0.0001520616052677095,20640,0
2581,1581,supervised,0.19421358406543732,0.01574877416715026,0.0,0.0,0,0,0,0,0.0,0.0,0.0,0,0,False,0.11834931373596191,5.0654479778567223e-05,0.00015196343933570163,20648,0
2582,1582,supervised,0.18109804764389992,0.014122405089437962,0.0,0.0,0,0,0,0,0.0,0.0,0.0,0,0,False,0.1183522418141365,5.0621757520872936e-05,0.0001518652725626188,20656,0
2583,1583,supervised,0.13491162285208702,0.017614054959267378,0.0,0.0,0,0,0,0,0.0,0.0,0.0,0,0,False,0.11835488677024841,5.058903499683746e-05,0.00015176710499051235,20664,0
2584,1584,supervised,0.1602560058236122,0.01801003934815526,0.0,0.0,0,0,0,0,0.0,0.0,0.0,0,0,False,0.11835747957229614,5.055631222047812e-05,0.00015166893666143433,20672,0
2585,1585,supervised,0.18869445472955704,0.01658657845109701,0.0,0.0,0,0,0,0,0.0,0.0,0.0,0,0,False,0.11835993826389313,5.052358920581229e-05,0.00015157076761743686,20680,0
2586,1586,supervised,0.18262100219726562,0.016444357112050056,0.0,0.0,0,0,0,0,0.0,0.0,0.0,0,0,False,0.11836226284503937,5.049086596685749e-05,0.00015147259790057247,20688,0
2587,1587,supervised,0.20133265852928162,0.014751249458640814,0.0,0.0,0,0,0,0,0.0,0.0,0.0,0,0,False,0.11836517602205276,5.04581425176313e-05,0.00015137442755289388,20696,0
2588,1588,supervised,0.13692310452461243,0.016182050574570894,0.0,0.0,0,0,0,0,0.0,0.0,0.0,0,0,False,0.11836802959442139,5.04254188721514e-05,0.00015127625661645418,20704,0
2589,1589,supervised,0.18511534482240677,0.017271059565246105,0.0,0.0,0,0,0,0,0.0,0.0,0.0,0,0,False,0.11837083846330643,5.039269504443557e-05,0.00015117808513330668,20712,0
2590,1590,supervised,0.2371760904788971,0.014206912368535995,0.0,0.0,0,0,0,0,0.0,0.0,0.0,0,0,False,0.11837351322174072,5.035997104850166e-05,0.00015107991314550497,20720,0
2591,1591,supervised,0.2537798210978508,0.013953994028270245,0.0,0.0,0,0,0,0,0.0,0.0,0.0,0,0,False,0.11837603896856308,5.0327246898367597e-05,0.00015098174069510278,20728,0
2592,1592,supervised,0.27232785522937775,0.016563717275857925,0.0,0.0,0,0,0,0,0.0,0.0,0.0,0,0,False,0.11837843060493469,5.029452260805137e-05,0.00015088356782415408,20736,0
2593,1593,supervised,0.1269136480987072,0.016384463291615248,0.0,0.0,0,0,0,0,0.0,0.0,0.0,0,0,False,0.11838067322969437,5.026179819157098e-05,0.0001507853945747129,20744,0
2594,1594,supervised,0.23235350847244263,0.015333842020481825,0.0,0.0,0,0,0,0,0.0,0.0,0.0,0,0,False,0.11838286370038986,5.022907366294458e-05,0.00015068722098883372,20752,0
2595,1595,supervised,0.0687522143125534,0.01810192782431841,0.0,0.0,0,0,0,0,0.0,0.0,0.0,0,0,False,0.11838492751121521,5.01963490361903e-05,0.0001505890471085709,20760,0
2596,1596,supervised,0.14540355280041695,0.014140816871076822,0.0,0.0,0,0,0,0,0.0,0.0,0.0,0,0,False,0.11838725209236145,5.016362432532634e-05,0.000150490872975979,20768,0
2597,1597,supervised,0.4080658107995987,0.014249790459871292,0.0,0.0,0,0,0,0,0.0,0.0,0.0,0,0,False,0.11838947236537933,5.013089954437091e-05,0.0001503926986331127,20776,0
2598,1598,supervised,0.091703612357378,0.017307637259364128,0.0,0.0,0,0,0,0,0.0,0.0,0.0,0,0,False,0.11839171499013901,5.009817470734226e-05,0.00015029452412202677,20784,0
2599,1599,supervised,0.19755229353904724,0.014745567925274372,0.0,0.0,0,0,0,0,0.0,0.0,0.0,0,0,False,0.11839405447244644,5.006544982825872e-05,0.00015019634948477612,20792,0
2600,1600,supervised,0.11297276616096497,0.020216014236211777,0.0,0.0,0,0,0,0,0.0,0.0,0.0,0,0,False,0.11839655041694641,5.003272492113851e-05,0.0001500981747634155,20800,0
2601,1601,supervised,0.18893475085496902,0.014408343005925417,0.0,0.0,0,0,0,0,0.0,0.0,0.0,0,0,False,0.11839940398931503,5e-05,0.00015,20808,0
2602,1602,supervised,0.1345091611146927,0.01703076995909214,0.0,0.0,0,0,0,0,0.0,0.0,0.0,0,0,False,0.11840206384658813,4.996727507886149e-05,0.00014990182523658444,20816,0
2603,1603,supervised,0.12471593171358109,0.01617927709594369,0.0,0.0,0,0,0,0,0.0,0.0,0.0,0,0,False,0.11840494722127914,4.9934550171741315e-05,0.0001498036505152239,20824,0
2604,1604,supervised,0.20077314972877502,0.016927911899983883,0.0,0.0,0,0,0,0,0.0,0.0,0.0,0,0,False,0.11840766668319702,4.990182529265775e-05,0.00014970547587797323,20832,0
2605,1605,supervised,0.14413726329803467,0.01418993342667818,0.0,0.0,0,0,0,0,0.0,0.0,0.0,0,0,False,0.11841083317995071,4.9869100455629105e-05,0.0001496073013668873,20840,0
2606,1606,supervised,0.09104952216148376,0.020905685611069202,0.0,0.0,0,0,0,0,0.0,0.0,0.0,0,0,False,0.11841384321451187,4.983637567467366e-05,0.00014950912702402098,20848,0
2607,1607,supervised,0.3319412171840668,0.014189692214131355,0.0,0.0,0,0,0,0,0.0,0.0,0.0,0,0,False,0.11841663718223572,4.980365096380971e-05,0.0001494109528914291,20856,0
2608,1608,supervised,0.18986379727721214,0.01536395214498043,0.0,0.0,0,0,0,0,0.0,0.0,0.0,0,0,False,0.11841921508312225,4.977092633705543e-05,0.00014931277901116628,20864,0
2609,1609,supervised,0.3083461597561836,0.01447272626683116,0.0,0.0,0,0,0,0,0.0,0.0,0.0,0,0,False,0.11842148005962372,4.973820180842902e-05,0.00014921460542528705,20872,0
2610,1610,supervised,0.19733913242816925,0.015361015684902668,0.0,0.0,0,0,0,0,0.0,0.0,0.0,0,0,False,0.1184237003326416,4.9705477391948664e-05,0.00014911643217584597,20880,0
2611,1611,supervised,0.11034907400608063,0.02073737420141697,0.0,0.0,0,0,0,0,0.0,0.0,0.0,0,0,False,0.11842567473649979,4.9672753101632415e-05,0.00014901825930489722,20888,0
2612,1612,supervised,0.10505051538348198,0.01610535243526101,0.0,0.0,0,0,0,0,0.0,0.0,0.0,0,0,False,0.11842768639326096,4.964002895149834e-05,0.000148920086854495,20896,0
2613,1613,supervised,0.14628950878977776,0.022072485648095608,0.0,0.0,0,0,0,0,0.0,0.0,0.0,0,0,False,0.11842934042215347,4.960730495556446e-05,0.00014882191486669335,20904,0
2614,1614,supervised,0.13133542612195015,0.018558046780526638,0.0,0.0,0,0,0,0,0.0,0.0,0.0,0,0,False,0.11843089014291763,4.957458112784862e-05,0.00014872374338354585,20912,0
2615,1615,supervised,0.24302233755588531,0.01540393102914095,0.0,0.0,0,0,0,0,0.0,0.0,0.0,0,0,False,0.11843239516019821,4.954185748236871e-05,0.00014862557244710612,20920,0
2616,1616,supervised,0.18891044706106186,0.01958651654422283,0.0,0.0,0,0,0,0,0.0,0.0,0.0,0,0,False,0.11843378096818924,4.9509134033142525e-05,0.00014852740209942756,20928,0
2617,1617,supervised,0.1956346109509468,0.01646645274013281,0.0,0.0,0,0,0,0,0.0,0.0,0.0,0,0,False,0.11843527108430862,4.947641079418773e-05,0.00014842923238256317,20936,0
2618,1618,supervised,0.2543362230062485,0.01614133920520544,0.0,0.0,0,0,0,0,0.0,0.0,0.0,0,0,False,0.11843672394752502,4.9443687779521894e-05,0.00014833106333856565,20944,0
2619,1619,supervised,0.3315979987382889,0.015172898303717375,0.0,0.0,0,0,0,0,0.0,0.0,0.0,0,0,False,0.11843815445899963,4.941096500316253e-05,0.0001482328950094876,20952,0
2620,1620,supervised,0.13329100236296654,0.01695289835333824,0.0,0.0,0,0,0,0,0.0,0.0,0.0,0,0,False,0.11843964457511902,4.937824247912708e-05,0.00014813472743738123,20960,0
2621,1621,supervised,0.1356368400156498,0.015174899250268936,0.0,0.0,0,0,0,0,0.0,0.0,0.0,0,0,False,0.11844104528427124,4.934552022143279e-05,0.00014803656066429834,20968,0
2622,1622,supervised,0.30183710157871246,0.01727682026103139,0.0,0.0,0,0,0,0,0.0,0.0,0.0,0,0,False,0.11844249069690704,4.931279824409683e-05,0.00014793839473229047,20976,0
2623,1623,supervised,0.11435172706842422,0.01834376435726881,0.0,0.0,0,0,0,0,0.0,0.0,0.0,0,0,False,0.11844408512115479,4.928007656113627e-05,0.0001478402296834088,20984,0
2624,1624,supervised,0.24344298243522644,0.014795646071434021,0.0,0.0,0,0,0,0,0.0,0.0,0.0,0,0,False,0.11844568699598312,4.924735518656807e-05,0.00014774206555970417,20992,0
2625,1625,supervised,0.1914651170372963,0.01628898549824953,0.0,0.0,0,0,0,0,0.0,0.0,0.0,0,0,False,0.11844734847545624,4.921463413440898e-05,0.00014764390240322691,21000,0
2626,1626,supervised,0.291014164686203,0.014631770085543394,0.0,0.0,0,0,0,0,0.0,0.0,0.0,0,0,False,0.1184488981962204,4.918191341867566e-05,0.00014754574025602698,21008,0
2627,1627,supervised,0.1427736021578312,0.016865111887454987,0.0,0.0,0,0,0,0,0.0,0.0,0.0,0,0,False,0.11845020949840546,4.914919305338467e-05,0.000147447579160154,21016,0
2628,1628,supervised,0.2296147346496582,0.0156699251383543,0.0,0.0,0,0,0,0,0.0,0.0,0.0,0,0,False,0.11845134943723679,4.9116473052552325e-05,0.00014734941915765695,21024,0
2629,1629,supervised,0.1976242959499359,0.015143658500164747,0.0,0.0,0,0,0,0,0.0,0.0,0.0,0,0,False,0.1184525266289711,4.9083753430194865e-05,0.0001472512602905846,21032,0
2630,1630,supervised,0.18128236383199692,0.014718039892613888,0.0,0.0,0,0,0,0,0.0,0.0,0.0,0,0,False,0.11845414340496063,4.9051034200328335e-05,0.000147153102600985,21040,0
2631,1631,supervised,0.10855691879987717,0.01822823053225875,0.0,0.0,0,0,0,0,0.0,0.0,0.0,0,0,False,0.11845583468675613,4.901831537696859e-05,0.00014705494613090575,21048,0
2632,1632,supervised,0.19796790927648544,0.016204409766942263,0.0,0.0,0,0,0,0,0.0,0.0,0.0,0,0,False,0.1184573695063591,4.8985596974131355e-05,0.00014695679092239405,21056,0
2633,1633,supervised,0.2345481514930725,0.01748400693759322,0.0,0.0,0,0,0,0,0.0,0.0,0.0,0,0,False,0.11845888197422028,4.895287900583216e-05,0.00014685863701749646,21064,0
2634,1634,supervised,0.18957679718732834,0.015404047444462776,0.0,0.0,0,0,0,0,0.0,0.0,0.0,0,0,False,0.11846024543046951,4.892016148608632e-05,0.00014676048445825895,21072,0
2635,1635,supervised,0.22485339641571045,0.013909646309912205,0.0,0.0,0,0,0,0,0.0,0.0,0.0,0,0,False,0.11846096813678741,4.8887444428909006e-05,0.000146662333286727,21080,0
2636,1636,supervised,0.14507807791233063,0.014009882230311632,0.0,0.0,0,0,0,0,0.0,0.0,0.0,0,0,False,0.11846175044775009,4.885472784831514e-05,0.0001465641835449454,21088,0
2637,1637,supervised,0.12760306894779205,0.0148855852894485,0.0,0.0,0,0,0,0,0.0,0.0,0.0,0,0,False,0.11846279352903366,4.8822011758319505e-05,0.00014646603527495848,21096,0
2638,1638,supervised,0.18797624111175537,0.01570367207750678,0.0,0.0,0,0,0,0,0.0,0.0,0.0,0,0,False,0.11846397072076797,4.878929617293658e-05,0.00014636788851880972,21104,0
2639,1639,supervised,0.15894081071019173,0.01490519754588604,0.0,0.0,0,0,0,0,0.0,0.0,0.0,0,0,False,0.11846541613340378,4.875658110618073e-05,0.00014626974331854217,21112,0
2640,1640,supervised,0.09345610812306404,0.018464690074324608,0.0,0.0,0,0,0,0,0.0,0.0,0.0,0,0,False,0.1184670478105545,4.8723866572066025e-05,0.00014617159971619804,21120,0
2641,1641,supervised,0.28974412754178047,0.014783233404159546,0.0,0.0,0,0,0,0,0.0,0.0,0.0,0,0,False,0.11846878379583359,4.869115258460635e-05,0.00014607345775381904,21128,0
2642,1642,supervised,0.18417220562696457,0.01884757075458765,0.0,0.0,0,0,0,0,0.0,0.0,0.0,0,0,False,0.11847055703401566,4.865843915781531e-05,0.00014597531747344593,21136,0
2643,1643,supervised,0.1906776800751686,0.016044567339122295,0.0,0.0,0,0,0,0,0.0,0.0,0.0,0,0,False,0.11847232282161713,4.862572630570633e-05,0.00014587717891711898,21144,0
2644,1644,supervised,0.305326484143734,0.01464423630386591,0.0,0.0,0,0,0,0,0.0,0.0,0.0,0,0,False,0.11847397685050964,4.859301404229255e-05,0.00014577904212687763,21152,0
2645,1645,supervised,0.13387861847877502,0.0166454347781837,0.0,0.0,0,0,0,0,0.0,0.0,0.0,0,0,False,0.11847582459449768,4.8560302381586834e-05,0.00014568090714476046,21160,0
2646,1646,supervised,0.06929166987538338,0.016943299677222967,0.0,0.0,0,0,0,0,0.0,0.0,0.0,0,0,False,0.11847756803035736,4.852759133760184e-05,0.0001455827740128055,21168,0
2647,1647,supervised,0.17491361498832703,0.0148267294280231,0.0,0.0,0,0,0,0,0.0,0.0,0.0,0,0,False,0.11847926676273346,4.849488092434995e-05,0.00014548464277304982,21176,0
2648,1648,supervised,0.11968081071972847,0.014372174628078938,0.0,0.0,0,0,0,0,0.0,0.0,0.0,0,0,False,0.11848094314336777,4.8462171155843273e-05,0.00014538651346752979,21184,0
2649,1649,supervised,0.13972826674580574,0.015944440849125385,0.0,0.0,0,0,0,0,0.0,0.0,0.0,0,0,False,0.11848244071006775,4.8429462046093585e-05,0.00014528838613828076,21192,0
2650,1650,supervised,0.12340854853391647,0.016356317326426506,0.0,0.0,0,0,0,0,0.0,0.0,0.0,0,0,False,0.11848380416631699,4.8396753609112474e-05,0.0001451902608273374,21200,0
2651,1651,supervised,0.25551874190568924,0.015941673889756203,0.0,0.0,0,0,0,0,0.0,0.0,0.0,0,0,False,0.11848489195108414,4.83640458589112e-05,0.00014509213757673357,21208,0
2652,1652,supervised,0.2426339089870453,0.015090122353285551,0.0,0.0,0,0,0,0,0.0,0.0,0.0,0,0,False,0.11848601698875427,4.83313388095007e-05,0.00014499401642850207,21216,0
2653,1653,supervised,0.15192675217986107,0.015405109152197838,0.0,0.0,0,0,0,0,0.0,0.0,0.0,0,0,False,0.11848747730255127,4.8298632474891624e-05,0.00014489589742467486,21224,0
2654,1654,supervised,0.21090617775917053,0.015439954120665789,0.0,0.0,0,0,0,0,0.0,0.0,0.0,0,0,False,0.11848880350589752,4.826592686909438e-05,0.0001447977806072831,21232,0
2655,1655,supervised,0.2508820444345474,0.014831282664090395,0.0,0.0,0,0,0,0,0.0,0.0,0.0,0,0,False,0.11848992854356766,4.8233222006118943e-05,0.00014469966601835682,21240,0
2656,1656,supervised,0.1486532837152481,0.01854828093200922,0.0,0.0,0,0,0,0,0.0,0.0,0.0,0,0,False,0.11849119514226913,4.820051789997509e-05,0.00014460155369992525,21248,0
2657,1657,supervised,0.18835042417049408,0.0188640714623034,0.0,0.0,0,0,0,0,0.0,0.0,0.0,0,0,False,0.11849234998226166,4.816781456467218e-05,0.00014450344369401651,21256,0
2658,1658,supervised,0.2326686829328537,0.014465394895523787,0.0,0.0,0,0,0,0,0.0,0.0,0.0,0,0,False,0.11849355697631836,4.813511201421934e-05,0.00014440533604265799,21264,0
2659,1659,supervised,0.13568150997161865,0.01596710318699479,0.0,0.0,0,0,0,0,0.0,0.0,0.0,0,0,False,0.1184949055314064,4.810241026262524e-05,0.0001443072307878757,21272,0
2660,1660,supervised,0.1908773109316826,0.017517388332635164,0.0,0.0,0,0,0,0,0.0,0.0,0.0,0,0,False,0.11849614977836609,4.806970932389831e-05,0.0001442091279716949,21280,0
2661,1661,supervised,0.29818183928728104,0.01564329955726862,0.0,0.0,0,0,0,0,0.0,0.0,0.0,0,0,False,0.11849735677242279,4.8037009212046586e-05,0.00014411102763613973,21288,0
2662,1662,supervised,0.09245982021093369,0.01974968332797289,0.0,0.0,0,0,0,0,0.0,0.0,0.0,0,0,False,0.11849837750196457,4.800430994107774e-05,0.0001440129298232332,21296,0
2663,1663,supervised,0.12536602839827538,0.01634954707697034,0.0,0.0,0,0,0,0,0.0,0.0,0.0,0,0,False,0.11850046366453171,4.797161152499911e-05,0.0001439148345749973,21304,0
2664,1664,supervised,0.19082343578338623,0.016005835961550474,0.0,0.0,0,0,0,0,0.0,0.0,0.0,0,0,False,0.11850239336490631,4.793891397781768e-05,0.00014381674193345302,21312,0
2665,1665,supervised,0.133774995803833,0.014353853184729815,0.0,0.0,0,0,0,0,0.0,0.0,0.0,0,0,False,0.11850432306528091,4.790621731354003e-05,0.00014371865194062007,21320,0
2666,1666,supervised,0.19751205295324326,0.014663133304566145,0.0,0.0,0,0,0,0,0.0,0.0,0.0,0,0,False,0.11850611865520477,4.787352154617235e-05,0.00014362056463851702,21328,0
2667,1667,supervised,0.13298938795924187,0.015671649482101202,0.0,0.0,0,0,0,0,0.0,0.0,0.0,0,0,False,0.1185077503323555,4.784082668972048e-05,0.0001435224800691614,21336,0
2668,1668,supervised,0.188214011490345,0.015091019682586193,0.0,0.0,0,0,0,0,0.0,0.0,0.0,0,0,False,0.11850936710834503,4.7808132758189885e-05,0.00014342439827456964,21344,0
2669,1669,supervised,0.14833074063062668,0.015843633096665144,0.0,0.0,0,0,0,0,0.0,0.0,0.0,0,0,False,0.11851111054420471,4.777543976558557e-05,0.0001433263192967567,21352,0
2670,1670,supervised,0.10538429766893387,0.016063169576227665,0.0,0.0,0,0,0,0,0.0,0.0,0.0,0,0,False,0.11851267516613007,4.774274772591218e-05,0.0001432282431777365,21360,0
2671,1671,supervised,0.20597225427627563,0.015491897705942392,0.0,0.0,0,0,0,0,0.0,0.0,0.0,0,0,False,0.11851440370082855,4.7710056653173976e-05,0.0001431301699595219,21368,0
2672,1672,supervised,0.14588238298892975,0.01514005335047841,0.0,0.0,0,0,0,0,0.0,0.0,0.0,0,0,False,0.1185164526104927,4.767736656137473e-05,0.00014303209968412418,21376,0
2673,1673,supervised,0.15278911590576172,0.016732605174183846,0.0,0.0,0,0,0,0,0.0,0.0,0.0,0,0,False,0.11851843446493149,4.7644677464517874e-05,0.0001429340323935536,21384,0
2674,1674,supervised,0.149539265781641,0.015913744922727346,0.0,0.0,0,0,0,0,0.0,0.0,0.0,0,0,False,0.1185205802321434,4.761198937660636e-05,0.00014283596812981905,21392,0
2675,1675,supervised,0.07334332540631294,0.019733386114239693,0.0,0.0,0,0,0,0,0.0,0.0,0.0,0,0,False,0.11852254718542099,4.7579302311642746e-05,0.00014273790693492824,21400,0
2676,1676,supervised,0.2101936712861061,0.019142392091453075,0.0,0.0,0,0,0,0,0.0,0.0,0.0,0,0,False,0.11852427572011948,4.7546616283629105e-05,0.0001426398488508873,21408,0
2677,1677,supervised,0.08347658812999725,0.01538769155740738,0.0,0.0,0,0,0,0,0.0,0.0,0.0,0,0,False,0.11852643638849258,4.751393130656711e-05,0.00014254179391970132,21416,0
2678,1678,supervised,0.19207878410816193,0.01532786339521408,0.0,0.0,0,0,0,0,0.0,0.0,0.0,0,0,False,0.11852850019931793,4.748124739445798e-05,0.00014244374218337394,21424,0
2679,1679,supervised,0.1914224699139595,0.016359463334083557,0.0,0.0,0,0,0,0,0.0,0.0,0.0,0,0,False,0.11853046715259552,4.744856456130243e-05,0.00014234569368390727,21432,0
2680,1680,supervised,0.19252851605415344,0.019698173739016056,0.0,0.0,0,0,0,0,0.0,0.0,0.0,0,0,False,0.11853229254484177,4.741588282110076e-05,0.00014224764846330226,21440,0
2681,1681,supervised,0.1817365139722824,0.014432108495384455,0.0,0.0,0,0,0,0,0.0,0.0,0.0,0,0,False,0.11853405833244324,4.738320218785281e-05,0.0001421496065635584,21448,0
2682,1682,supervised,0.23991944640874863,0.014580055605620146,0.0,0.0,0,0,0,0,0.0,0.0,0.0,0,0,False,0.11853589862585068,4.735052267555792e-05,0.00014205156802667374,21456,0
2683,1683,supervised,0.19320613890886307,0.014013268053531647,0.0,0.0,0,0,0,0,0.0,0.0,0.0,0,0,False,0.11853774636983871,4.731784429821493e-05,0.00014195353289464475,21464,0
2684,1684,supervised,0.1854318045079708,0.01849681418389082,0.0,0.0,0,0,0,0,0.0,0.0,0.0,0,0,False,0.11853957921266556,4.728516706982222e-05,0.00014185550120946665,21472,0
2685,1685,supervised,0.19006206095218658,0.018723797984421253,0.0,0.0,0,0,0,0,0.0,0.0,0.0,0,0,False,0.11854135245084763,4.725249100437773e-05,0.00014175747301313314,21480,0
2686,1686,supervised,0.2653992027044296,0.01419065473601222,0.0,0.0,0,0,0,0,0.0,0.0,0.0,0,0,False,0.1185433566570282,4.721981611587878e-05,0.0001416594483476363,21488,0
2687,1687,supervised,0.12631794810295105,0.014325292780995369,0.0,0.0,0,0,0,0,0.0,0.0,0.0,0,0,False,0.11854539811611176,4.718714241832228e-05,0.00014156142725496682,21496,0
2688,1688,supervised,0.28800999373197556,0.01471017301082611,0.0,0.0,0,0,0,0,0.0,0.0,0.0,0,0,False,0.11854735016822815,4.715446992570463e-05,0.00014146340977711386,21504,0
2689,1689,supervised,0.1410060152411461,0.013720615301281214,0.0,0.0,0,0,0,0,0.0,0.0,0.0,0,0,False,0.11854984611272812,4.7121798652021644e-05,0.0001413653959560649,21512,0
2690,1690,supervised,0.17761855572462082,0.013706155586987734,0.0,0.0,0,0,0,0,0.0,0.0,0.0,0,0,False,0.11855239421129227,4.7089128611268685e-05,0.00014126738583380603,21520,0
2691,1691,supervised,0.18428423255681992,0.01544878352433443,0.0,0.0,0,0,0,0,0.0,0.0,0.0,0,0,False,0.11855468153953552,4.7056459817440544e-05,0.00014116937945232163,21528,0
2692,1692,supervised,0.29324667155742645,0.015186724718660116,0.0,0.0,0,0,0,0,0.0,0.0,0.0,0,0,False,0.11855680495500565,4.702379228453153e-05,0.00014107137685359457,21536,0
2693,1693,supervised,0.24122698605060577,0.015675544273108244,0.0,0.0,0,0,0,0,0.0,0.0,0.0,0,0,False,0.1185586228966713,4.699112602653533e-05,0.00014097337807960597,21544,0
2694,1694,supervised,0.17664959281682968,0.018384357914328575,0.0,0.0,0,0,0,0,0.0,0.0,0.0,0,0,False,0.11856027692556381,4.6958461057445166e-05,0.00014087538317233546,21552,0
2695,1695,supervised,0.1268089897930622,0.015221052803099155,0.0,0.0,0,0,0,0,0.0,0.0,0.0,0,0,False,0.11856170743703842,4.692579739125365e-05,0.00014077739217376094,21560,0
2696,1696,supervised,0.12575287744402885,0.01764995325356722,0.0,0.0,0,0,0,0,0.0,0.0,0.0,0,0,False,0.1185629591345787,4.6893135041952873e-05,0.00014067940512585861,21568,0
2697,1697,supervised,0.2991171032190323,0.013587533496320248,0.0,0.0,0,0,0,0,0.0,0.0,0.0,0,0,False,0.11856480687856674,4.6860474023534335e-05,0.000140581422070603,21576,0
2698,1698,supervised,0.13865932822227478,0.017152138985693455,0.0,0.0,0,0,0,0,0.0,0.0,0.0,0,0,False,0.11856649816036224,4.682781434998899e-05,0.00014048344304996694,21584,0
2699,1699,supervised,0.1366332843899727,0.015049571171402931,0.0,0.0,0,0,0,0,0.0,0.0,0.0,0,0,False,0.11856876313686371,4.679515603530721e-05,0.0001403854681059216,21592,0
2700,1700,supervised,0.18710345402359962,0.015805200673639774,0.0,0.0,0,0,0,0,0.0,0.0,0.0,0,0,False,0.11857093125581741,4.676249909347876e-05,0.00014028749728043626,21600,0
2701,1701,supervised,0.1781664490699768,0.014820905402302742,0.0,0.0,0,0,0,0,0.0,0.0,0.0,0,0,False,0.11857309192419052,4.6729843538492847e-05,0.0001401895306154785,21608,0
2702,1702,supervised,0.1972130760550499,0.014252064283937216,0.0,0.0,0,0,0,0,0.0,0.0,0.0,0,0,False,0.11857523769140244,4.669718938433809e-05,0.00014009156815301426,21616,0
2703,1703,supervised,0.1424340195953846,0.016231056302785873,0.0,0.0,0,0,0,0,0.0,0.0,0.0,0,0,False,0.11857718229293823,4.6664536645002456e-05,0.00013999360993500735,21624,0
2704,1704,supervised,0.12288505584001541,0.017155330628156662,0.0,0.0,0,0,0,0,0.0,0.0,0.0,0,0,False,0.11857897788286209,4.6631885334473364e-05,0.00013989565600342006,21632,0
2705,1705,supervised,0.15778648853302002,0.01730341464281082,0.0,0.0,0,0,0,0,0.0,0.0,0.0,0,0,False,0.1185806542634964,4.659923546673761e-05,0.0001397977064002128,21640,0
2706,1706,supervised,0.1378934681415558,0.01621831115335226,0.0,0.0,0,0,0,0,0.0,0.0,0.0,0,0,False,0.11858226358890533,4.656658705578132e-05,0.00013969976116734394,21648,0
2707,1707,supervised,0.1318650282919407,0.014839918818324804,0.0,0.0,0,0,0,0,0.0,0.0,0.0,0,0,False,0.1185840368270874,4.653394011559006e-05,0.00013960182034677016,21656,0
2708,1708,supervised,0.12313200905919075,0.014979186467826366,0.0,0.0,0,0,0,0,0.0,0.0,0.0,0,0,False,0.11858578026294708,4.650129466014875e-05,0.00013950388398044624,21664,0
2709,1709,supervised,0.18089134246110916,0.014250125270336866,0.0,0.0,0,0,0,0,0.0,0.0,0.0,0,0,False,0.11858770996332169,4.646865070344168e-05,0.000139405952110325,21672,0
2710,1710,supervised,0.1796478033065796,0.016523324884474277,0.0,0.0,0,0,0,0,0.0,0.0,0.0,0,0,False,0.11858950555324554,4.6436008259452435e-05,0.00013930802477835728,21680,0
2711,1711,supervised,0.2147546410560608,0.014966486487537622,0.0,0.0,0,0,0,0,0.0,0.0,0.0,0,0,False,0.11859163641929626,4.640336734216403e-05,0.00013921010202649206,21688,0
2712,1712,supervised,0.13402210175991058,0.014789543580263853,0.0,0.0,0,0,0,0,0.0,0.0,0.0,0,0,False,0.11859361082315445,4.637072796555882e-05,0.00013911218389667642,21696,0
2713,1713,supervised,0.24071621149778366,0.013999647460877895,0.0,0.0,0,0,0,0,0.0,0.0,0.0,0,0,False,0.1185954213142395,4.633809014361843e-05,0.00013901427043085527,21704,0
2714,1714,supervised,0.13812831044197083,0.016561847180128098,0.0,0.0,0,0,0,0,0.0,0.0,0.0,0,0,False,0.11859741806983948,4.630545389032388e-05,0.00013891636167097162,21712,0
2715,1715,supervised,0.12718186527490616,0.017358170822262764,0.0,0.0,0,0,0,0,0.0,0.0,0.0,0,0,False,0.11859921365976334,4.627281921965552e-05,0.00013881845765896652,21720,0
2716,1716,supervised,0.18005948141217232,0.015327510889619589,0.0,0.0,0,0,0,0,0.0,0.0,0.0,0,0,False,0.1186012253165245,4.624018614559301e-05,0.00013872055843677902,21728,0
2717,1717,supervised,0.1517961397767067,0.015252767130732536,0.0,0.0,0,0,0,0,0.0,0.0,0.0,0,0,False,0.1186036691069603,4.620755468211531e-05,0.0001386226640463459,21736,0
2718,1718,supervised,0.11676695942878723,0.014992659911513329,0.0,0.0,0,0,0,0,0.0,0.0,0.0,0,0,False,0.1186060830950737,4.617492484320068e-05,0.00013852477452960203,21744,0
2719,1719,supervised,0.1849328726530075,0.015520072542130947,0.0,0.0,0,0,0,0,0.0,0.0,0.0,0,0,False,0.11860847473144531,4.6142296642826764e-05,0.00013842688992848028,21752,0
2720,1720,supervised,0.07661253586411476,0.018413426354527473,0.0,0.0,0,0,0,0,0.0,0.0,0.0,0,0,False,0.11861080676317215,4.6109670094970386e-05,0.00013832901028491113,21760,0
2721,1721,supervised,0.2398325279355049,0.01425996795296669,0.0,0.0,0,0,0,0,0.0,0.0,0.0,0,0,False,0.11861322075128555,4.607704521360776e-05,0.00013823113564082325,21768,0
2722,1722,supervised,0.19826091080904007,0.014928269200026989,0.0,0.0,0,0,0,0,0.0,0.0,0.0,0,0,False,0.11861558258533478,4.604442201271432e-05,0.00013813326603814296,21776,0
2723,1723,supervised,0.09744628891348839,0.01838464755564928,0.0,0.0,0,0,0,0,0.0,0.0,0.0,0,0,False,0.11861821264028549,4.6011800506264856e-05,0.00013803540151879456,21784,0
2724,1724,supervised,0.14636550098657608,0.01564321806654334,0.0,0.0,0,0,0,0,0.0,0.0,0.0,0,0,False,0.11862154304981232,4.597918070823333e-05,0.00013793754212469998,21792,0
2725,1725,supervised,0.24250387772917747,0.016710541676729918,0.0,0.0,0,0,0,0,0.0,0.0,0.0,0,0,False,0.11862465739250183,4.5946562632593066e-05,0.00013783968789777916,21800,0
2726,1726,supervised,0.2380308285355568,0.015889384783804417,0.0,0.0,0,0,0,0,0.0,0.0,0.0,0,0,False,0.11862752586603165,4.591394629331661e-05,0.0001377418388799498,21808,0
2727,1727,supervised,0.18226993829011917,0.016899537295103073,0.0,0.0,0,0,0,0,0.0,0.0,0.0,0,0,False,0.11863020807504654,4.588133170437572e-05,0.00013764399511312716,21816,0
2728,1728,supervised,0.1264990121126175,0.015462141018360853,0.0,0.0,0,0,0,0,0.0,0.0,0.0,0,0,False,0.1186327114701271,4.584871887974149e-05,0.00013754615663922446,21824,0
2729,1729,supervised,0.1634867638349533,0.0151756233535707,0.0,0.0,0,0,0,0,0.0,0.0,0.0,0,0,False,0.11863502860069275,4.5816107833384234e-05,0.0001374483235001527,21832,0
2730,1730,supervised,0.18891345709562302,0.017732780426740646,0.0,0.0,0,0,0,0,0.0,0.0,0.0,0,0,False,0.11863697320222855,4.578349857927345e-05,0.00013735049573782035,21840,0
2731,1731,supervised,0.0974850244820118,0.01491429703310132,0.0,0.0,0,0,0,0,0.0,0.0,0.0,0,0,False,0.11863939464092255,4.575089113137792e-05,0.00013725267339413376,21848,0
2732,1732,supervised,0.07790454477071762,0.01623370498418808,0.0,0.0,0,0,0,0,0.0,0.0,0.0,0,0,False,0.11864186078310013,4.5718285503665636e-05,0.0001371548565109969,21856,0
2733,1733,supervised,0.14298411458730698,0.020629676058888435,0.0,0.0,0,0,0,0,0.0,0.0,0.0,0,0,False,0.11864417046308517,4.568568171010384e-05,0.0001370570451303115,21864,0
2734,1734,supervised,0.14426404982805252,0.016341099981218576,0.0,0.0,0,0,0,0,0.0,0.0,0.0,0,0,False,0.11864649504423141,4.5653079764658926e-05,0.00013695923929397675,21872,0
2735,1735,supervised,0.1367034837603569,0.016551554203033447,0.0,0.0,0,0,0,0,0.0,0.0,0.0,0,0,False,0.11864881962537766,4.5620479681296535e-05,0.0001368614390438896,21880,0
2736,1736,supervised,0.1775159016251564,0.014156837947666645,0.0,0.0,0,0,0,0,0.0,0.0,0.0,0,0,False,0.11865098774433136,4.558788147398154e-05,0.00013676364442194458,21888,0
2737,1737,supervised,0.09772106632590294,0.01580690313130617,0.0,0.0,0,0,0,0,0.0,0.0,0.0,0,0,False,0.11865394562482834,4.555528515667793e-05,0.00013666585547003377,21896,0
2738,1738,supervised,0.24830911308526993,0.01588727068156004,0.0,0.0,0,0,0,0,0.0,0.0,0.0,0,0,False,0.11865687370300293,4.552269074334897e-05,0.0001365680722300469,21904,0
2739,1739,supervised,0.13043755292892456,0.017202432733029127,0.0,0.0,0,0,0,0,0.0,0.0,0.0,0,0,False,0.11865971982479095,4.549009824795704e-05,0.0001364702947438711,21912,0
2740,1740,supervised,0.14058734104037285,0.020115362480282784,0.0,0.0,0,0,0,0,0.0,0.0,0.0,0,0,False,0.11866225302219391,4.545750768446377e-05,0.0001363725230533913,21920,0
2741,1741,supervised,0.1366189643740654,0.016100789420306683,0.0,0.0,0,0,0,0,0.0,0.0,0.0,0,0,False,0.11866472661495209,4.542491906682989e-05,0.00013627475720048965,21928,0
2742,1742,supervised,0.19481301307678223,0.01452451478689909,0.0,0.0,0,0,0,0,0.0,0.0,0.0,0,0,False,0.11866743862628937,4.5392332409015334e-05,0.00013617699722704598,21936,0
2743,1743,supervised,0.19537882134318352,0.015964381396770477,0.0,0.0,0,0,0,0,0.0,0.0,0.0,0,0,False,0.11866997927427292,4.535974772497921e-05,0.0001360792431749376,21944,0
2744,1744,supervised,0.14710133522748947,0.016649168450385332,0.0,0.0,0,0,0,0,0.0,0.0,0.0,0,0,False,0.11867258697748184,4.532716502867972e-05,0.00013598149508603914,21952,0
2745,1745,supervised,0.07539626210927963,0.015463730785995722,0.0,0.0,0,0,0,0,0.0,0.0,0.0,0,0,False,0.11867529898881912,4.529458433407429e-05,0.00013588375300222283,21960,0
2746,1746,supervised,0.1334979310631752,0.015130832325667143,0.0,0.0,0,0,0,0,0.0,0.0,0.0,0,0,False,0.11867791414260864,4.5262005655119454e-05,0.00013578601696535833,21968,0
2747,1747,supervised,0.196378193795681,0.014831945765763521,0.0,0.0,0,0,0,0,0.0,0.0,0.0,0,0,False,0.1186804547905922,4.522942900577087e-05,0.0001356882870173126,21976,0
2748,1748,supervised,0.13968700170516968,0.01457704184576869,0.0,0.0,0,0,0,0,0.0,0.0,0.0,0,0,False,0.1186828464269638,4.519685439998334e-05,0.00013559056319995,21984,0
2749,1749,supervised,0.1952531933784485,0.019223786890506744,0.0,0.0,0,0,0,0,0.0,0.0,0.0,0,0,False,0.11868510395288467,4.516428185171079e-05,0.00013549284555513236,21992,0
2750,1750,supervised,0.13151664286851883,0.014562054071575403,0.0,0.0,0,0,0,0,0.0,0.0,0.0,0,0,False,0.11868789792060852,4.51317113749063e-05,0.0001353951341247189,22000,0
2751,1751,supervised,0.24394969642162323,0.013581572100520134,0.0,0.0,0,0,0,0,0.0,0.0,0.0,0,0,False,0.11869044601917267,4.509914298352197e-05,0.0001352974289505659,22008,0
2752,1752,supervised,0.20068226009607315,0.01822525868192315,0.0,0.0,0,0,0,0,0.0,0.0,0.0,0,0,False,0.11869273334741592,4.506657669150911e-05,0.0001351997300745273,22016,0
2753,1753,supervised,0.14900008589029312,0.015428962651640177,0.0,0.0,0,0,0,0,0.0,0.0,0.0,0,0,False,0.11869515478610992,4.503401251281806e-05,0.00013510203753845418,22024,0
2754,1754,supervised,0.1840863823890686,0.01601753942668438,0.0,0.0,0,0,0,0,0.0,0.0,0.0,0,0,False,0.11869733035564423,4.500145046139828e-05,0.00013500435138419484,22032,0
2755,1755,supervised,0.18990793079137802,0.01446588709950447,0.0,0.0,0,0,0,0,0.0,0.0,0.0,0,0,False,0.11869952082633972,4.496889055119832e-05,0.00013490667165359492,22040,0
2756,1756,supervised,0.14042241498827934,0.015560961328446865,0.0,0.0,0,0,0,0,0.0,0.0,0.0,0,0,False,0.11870157718658447,4.4936332796165827e-05,0.00013480899838849746,22048,0
2757,1757,supervised,0.23957927525043488,0.015688135754317045,0.0,0.0,0,0,0,0,0.0,0.0,0.0,0,0,False,0.11870353668928146,4.490377721024751e-05,0.0001347113316307425,22056,0
2758,1758,supervised,0.11991414427757263,0.014670598320662975,0.0,0.0,0,0,0,0,0.0,0.0,0.0,0,0,False,0.11870557814836502,4.487122380738911e-05,0.00013461367142216733,22064,0
2759,1759,supervised,0.12925149872899055,0.014524589292705059,0.0,0.0,0,0,0,0,0.0,0.0,0.0,0,0,False,0.11870764940977097,4.48386726015355e-05,0.0001345160178046065,22072,0
2760,1760,supervised,0.19676128774881363,0.01602344447746873,0.0,0.0,0,0,0,0,0.0,0.0,0.0,0,0,False,0.11870966106653214,4.48061236066306e-05,0.00013441837081989177,22080,0
2761,1761,supervised,0.13115642964839935,0.018203483428806067,0.0,0.0,0,0,0,0,0.0,0.0,0.0,0,0,False,0.11871151626110077,4.477357683661734e-05,0.000134320730509852,22088,0
2762,1762,supervised,0.14722266793251038,0.01750873029232025,0.0,0.0,0,0,0,0,0.0,0.0,0.0,0,0,False,0.11871323734521866,4.47410323054377e-05,0.0001342230969163131,22096,0
2763,1763,supervised,0.14292224496603012,0.015315417665988207,0.0,0.0,0,0,0,0,0.0,0.0,0.0,0,0,False,0.11871498823165894,4.4708490027032785e-05,0.00013412547008109834,22104,0
2764,1764,supervised,0.13931173086166382,0.014662552624940872,0.0,0.0,0,0,0,0,0.0,0.0,0.0,0,0,False,0.118716761469841,4.467595001534261e-05,0.0001340278500460278,22112,0
2765,1765,supervised,0.1390879973769188,0.01963583193719387,0.0,0.0,0,0,0,0,0.0,0.0,0.0,0,0,False,0.11871843039989471,4.4643412284306324e-05,0.00013393023685291896,22120,0
2766,1766,supervised,0.12969200313091278,0.013939190190285444,0.0,0.0,0,0,0,0,0.0,0.0,0.0,0,0,False,0.1187201738357544,4.4610876847862034e-05,0.00013383263054358608,22128,0
2767,1767,supervised,0.2165742665529251,0.015496382489800453,0.0,0.0,0,0,0,0,0.0,0.0,0.0,0,0,False,0.1187216117978096,4.457834371994691e-05,0.00013373503115984072,22136,0
2768,1768,supervised,0.27927354723215103,0.015430900733917952,0.0,0.0,0,0,0,0,0.0,0.0,0.0,0,0,False,0.11872303485870361,4.4545812914497084e-05,0.00013363743874349123,22144,0
2769,1769,supervised,0.11107190325856209,0.018131212331354618,0.0,0.0,0,0,0,0,0.0,0.0,0.0,0,0,False,0.11872478574514389,4.451328444544774e-05,0.0001335398533363432,22152,0
2770,1770,supervised,0.13807518407702446,0.015253710560500622,0.0,0.0,0,0,0,0,0.0,0.0,0.0,0,0,False,0.11872676014900208,4.448075832673305e-05,0.00013344227498019912,22160,0
2771,1771,supervised,0.24116258323192596,0.014300268609076738,0.0,0.0,0,0,0,0,0.0,0.0,0.0,0,0,False,0.11872856318950653,4.444823457228612e-05,0.00013334470371685836,22168,0
2772,1772,supervised,0.24217301607131958,0.015069719403982162,0.0,0.0,0,0,0,0,0.0,0.0,0.0,0,0,False,0.11873028427362442,4.441571319603914e-05,0.0001332471395881174,22176,0
2773,1773,supervised,0.09321476519107819,0.018292909488081932,0.0,0.0,0,0,0,0,0.0,0.0,0.0,0,0,False,0.11873197555541992,4.438319421192322e-05,0.00013314958263576965,22184,0
2774,1774,supervised,0.0915016382932663,0.015518969856202602,0.0,0.0,0,0,0,0,0.0,0.0,0.0,0,0,False,0.11873345822095871,4.435067763386848e-05,0.00013305203290160542,22192,0
2775,1775,supervised,0.10485215485095978,0.01480941753834486,0.0,0.0,0,0,0,0,0.0,0.0,0.0,0,0,False,0.11873593181371689,4.431816347580395e-05,0.00013295449042741183,22200,0
2776,1776,supervised,0.18785227090120316,0.01814612979069352,0.0,0.0,0,0,0,0,0.0,0.0,0.0,0,0,False,0.11873787641525269,4.4285651751657676e-05,0.000132856955254973,22208,0
2777,1777,supervised,0.08910742029547691,0.015863740351051092,0.0,0.0,0,0,0,0,0.0,0.0,0.0,0,0,False,0.11873982846736908,4.425314247535668e-05,0.00013275942742607002,22216,0
2778,1778,supervised,0.19626110792160034,0.017413480672985315,0.0,0.0,0,0,0,0,0.0,0.0,0.0,0,0,False,0.11874206364154816,4.4220635660826866e-05,0.00013266190698248058,22224,0
2779,1779,supervised,0.1137938667088747,0.014875702559947968,0.0,0.0,0,0,0,0,0.0,0.0,0.0,0,0,False,0.11874423921108246,4.418813132199311e-05,0.00013256439396597933,22232,0
2780,1780,supervised,0.17448513209819794,0.014737418852746487,0.0,0.0,0,0,0,0,0.0,0.0,0.0,0,0,False,0.11874622851610184,4.41556294727793e-05,0.00013246688841833787,22240,0
2781,1781,supervised,0.1382231041789055,0.017168561927974224,0.0,0.0,0,0,0,0,0.0,0.0,0.0,0,0,False,0.11874803155660629,4.412313012710813e-05,0.00013236939038132435,22248,0
2782,1782,supervised,0.09002823755145073,0.016507793683558702,0.0,0.0,0,0,0,0,0.0,0.0,0.0,0,0,False,0.1187499538064003,4.409063329890131e-05,0.00013227189989670392,22256,0
2783,1783,supervised,0.21761807054281235,0.014715356286615133,0.0,0.0,0,0,0,0,0.0,0.0,0.0,0,0,False,0.118752121925354,4.405813900207945e-05,0.00013217441700623834,22264,0
2784,1784,supervised,0.1452307626605034,0.018469536677002907,0.0,0.0,0,0,0,0,0.0,0.0,0.0,0,0,False,0.11875440925359726,4.40256472505621e-05,0.00013207694175168628,22272,0
2785,1785,supervised,0.26105907559394836,0.014223029371351004,0.0,0.0,0,0,0,0,0.0,0.0,0.0,0,0,False,0.11875731498003006,4.399315805826765e-05,0.00013197947417480292,22280,0
2786,1786,supervised,0.14746128767728806,0.014569506514817476,0.0,0.0,0,0,0,0,0.0,0.0,0.0,0,0,False,0.11876005679368973,4.396067143911347e-05,0.00013188201431734039,22288,0
2787,1787,supervised,0.19623570144176483,0.01495398674160242,0.0,0.0,0,0,0,0,0.0,0.0,0.0,0,0,False,0.1187627986073494,4.3928187407015786e-05,0.00013178456222104733,22296,0
2788,1788,supervised,0.08433820307254791,0.017903603613376617,0.0,0.0,0,0,0,0,0.0,0.0,0.0,0,0,False,0.11876551806926727,4.38957059758897e-05,0.00013168711792766908,22304,0
2789,1789,supervised,0.09132196009159088,0.019878809340298176,0.0,0.0,0,0,0,0,0.0,0.0,0.0,0,0,False,0.11876776069402695,4.3863227159649255e-05,0.00013158968147894775,22312,0
2790,1790,supervised,0.13064369559288025,0.014305625576525927,0.0,0.0,0,0,0,0,0.0,0.0,0.0,0,0,False,0.11876976490020752,4.383075097220735e-05,0.00013149225291662203,22320,0
2791,1791,supervised,0.07180962711572647,0.01875725295394659,0.0,0.0,0,0,0,0,0.0,0.0,0.0,0,0,False,0.11877162754535675,4.379827742747575e-05,0.00013139483228242723,22328,0
2792,1792,supervised,0.1519995480775833,0.015261616092175245,0.0,0.0,0,0,0,0,0.0,0.0,0.0,0,0,False,0.11877396702766418,4.376580653936505e-05,0.00013129741961809513,22336,0
2793,1793,supervised,0.12055829167366028,0.015985584817826748,0.0,0.0,0,0,0,0,0.0,0.0,0.0,0,0,False,0.11877613514661789,4.373333832178478e-05,0.00013120001496535433,22344,0
2794,1794,supervised,0.23258893191814423,0.015461281407624483,0.0,0.0,0,0,0,0,0.0,0.0,0.0,0,0,False,0.11877819150686264,4.370087278864332e-05,0.00013110261836592993,22352,0
2795,1795,supervised,0.17830227315425873,0.013830744195729494,0.0,0.0,0,0,0,0,0.0,0.0,0.0,0,0,False,0.11878058314323425,4.366840995384782e-05,0.00013100522986154344,22360,0
2796,1796,supervised,0.14484566450119019,0.015035472344607115,0.0,0.0,0,0,0,0,0.0,0.0,0.0,0,0,False,0.11878273636102676,4.3635949831304346e-05,0.00013090784949391302,22368,0
2797,1797,supervised,0.2506314218044281,0.018508256413042545,0.0,0.0,0,0,0,0,0.0,0.0,0.0,0,0,False,0.11878475546836853,4.360349243491778e-05,0.00013081047730475331,22376,0
2798,1798,supervised,0.1284732148051262,0.016386084258556366,0.0,0.0,0,0,0,0,0.0,0.0,0.0,0,0,False,0.11878704279661179,4.357103777859187e-05,0.0001307131133357756,22384,0
2799,1799,supervised,0.1458442397415638,0.014634037856012583,0.0,0.0,0,0,0,0,0.0,0.0,0.0,0,0,False,0.11878933012485504,4.3538585876229125e-05,0.00013061575762868738,22392,0
2800,1800,supervised,0.1478385105729103,0.017005175352096558,0.0,0.0,0,0,0,0,0.0,0.0,0.0,0,0,False,0.11879149824380875,4.350613674173091e-05,0.0001305184102251927,22400,0
2801,1801,supervised,0.29056698083877563,0.014297738671302795,0.0,0.0,0,0,0,0,0.0,0.0,0.0,0,0,False,0.11879350244998932,4.347369038899744e-05,0.00013042107116699228,22408,0
2802,1802,supervised,0.14537323266267776,0.01757905539125204,0.0,0.0,0,0,0,0,0.0,0.0,0.0,0,0,False,0.11879552155733109,4.344124683192764e-05,0.00013032374049578292,22416,0
2803,1803,supervised,0.2542611286044121,0.014820165000855923,0.0,0.0,0,0,0,0,0.0,0.0,0.0,0,0,False,0.11879713833332062,4.340880608441935e-05,0.00013022641825325803,22424,0
2804,1804,supervised,0.1860339753329754,0.01597731141373515,0.0,0.0,0,0,0,0,0.0,0.0,0.0,0,0,False,0.11879856139421463,4.337636816036915e-05,0.00013012910448110743,22432,0
2805,1805,supervised,0.20026405155658722,0.02053344715386629,0.0,0.0,0,0,0,0,0.0,0.0,0.0,0,0,False,0.11879990994930267,4.334393307367239e-05,0.00013003179922101716,22440,0
2806,1806,supervised,0.24815160781145096,0.015944359824061394,0.0,0.0,0,0,0,0,0.0,0.0,0.0,0,0,False,0.11880122870206833,4.331150083822324e-05,0.00012993450251466972,22448,0
2807,1807,supervised,0.22759444266557693,0.015405945014208555,0.0,0.0,0,0,0,0,0.0,0.0,0.0,0,0,False,0.118802510201931,4.3279071467914665e-05,0.000129837214403744,22456,0
2808,1808,supervised,0.18628441914916039,0.01579594798386097,0.0,0.0,0,0,0,0,0.0,0.0,0.0,0,0,False,0.11880376189947128,4.3246644976638354e-05,0.00012973993492991503,22464,0
2809,1809,supervised,0.08951504155993462,0.020394761115312576,0.0,0.0,0,0,0,0,0.0,0.0,0.0,0,0,False,0.11880513280630112,4.321422137828479e-05,0.00012964266413485433,22472,0
2810,1810,supervised,0.17933427542448044,0.015279501210898161,0.0,0.0,0,0,0,0,0.0,0.0,0.0,0,0,False,0.1188066229224205,4.31818006867432e-05,0.00012954540206022957,22480,0
2811,1811,supervised,0.06900773383677006,0.015075690113008022,0.0,0.0,0,0,0,0,0.0,0.0,0.0,0,0,False,0.11880812048912048,4.3149382915901606e-05,0.0001294481487477048,22488,0
2812,1812,supervised,0.13718175888061523,0.01641886029392481,0.0,0.0,0,0,0,0,0.0,0.0,0.0,0,0,False,0.11880973726511002,4.3116968079646725e-05,0.00012935090423894015,22496,0
2813,1813,supervised,0.1051245704293251,0.01756134070456028,0.0,0.0,0,0,0,0,0.0,0.0,0.0,0,0,False,0.11881157010793686,4.308455619186406e-05,0.00012925366857559215,22504,0
2814,1814,supervised,0.14302612468600273,0.014835931826382875,0.0,0.0,0,0,0,0,0.0,0.0,0.0,0,0,False,0.11881334334611893,4.3052147266437814e-05,0.00012915644179931342,22512,0
2815,1815,supervised,0.13532551378011703,0.021846759133040905,0.0,0.0,0,0,0,0,0.0,0.0,0.0,0,0,False,0.11881512403488159,4.3019741317250976e-05,0.00012905922395175292,22520,0
2816,1816,supervised,0.18289510905742645,0.015772031154483557,0.0,0.0,0,0,0,0,0.0,0.0,0.0,0,0,False,0.11881676316261292,4.2987338358185186e-05,0.00012896201507455555,22528,0
2817,1817,supervised,0.18939955532550812,0.01603679871186614,0.0,0.0,0,0,0,0,0.0,0.0,0.0,0,0,False,0.1188182458281517,4.295493840312087e-05,0.0001288648152093626,22536,0
2818,1818,supervised,0.2324375957250595,0.014826035127043724,0.0,0.0,0,0,0,0,0.0,0.0,0.0,0,0,False,0.11881966143846512,4.292254146593714e-05,0.0001287676243978114,22544,0
2819,1819,supervised,0.19351433590054512,0.016153218690305948,0.0,0.0,0,0,0,0,0.0,0.0,0.0,0,0,False,0.11882120370864868,4.289014756051178e-05,0.0001286704426815353,22552,0
2820,1820,supervised,0.15484286099672318,0.015086546074599028,0.0,0.0,0,0,0,0,0.0,0.0,0.0,0,0,False,0.11882298439741135,4.2857756700721336e-05,0.000128573270102164,22560,0
2821,1821,supervised,0.2068769745528698,0.014405449386686087,0.0,0.0,0,0,0,0,0.0,0.0,0.0,0,0,False,0.11882570385932922,4.282536890044104e-05,0.0001284761067013231,22568,0
2822,1822,supervised,0.14638807252049446,0.016402224078774452,0.0,0.0,0,0,0,0,0.0,0.0,0.0,0,0,False,0.11882852017879486,4.279298417354478e-05,0.00012837895252063432,22576,0
2823,1823,supervised,0.1797572709619999,0.014394285622984171,0.0,0.0,0,0,0,0,0.0,0.0,0.0,0,0,False,0.11883123964071274,4.276060253390511e-05,0.00012828180760171532,22584,0
2824,1824,supervised,0.08499805629253387,0.017334521282464266,0.0,0.0,0,0,0,0,0.0,0.0,0.0,0,0,False,0.11883410811424255,4.272822399539335e-05,0.00012818467198618002,22592,0
2825,1825,supervised,0.24714434146881104,0.016496253199875355,0.0,0.0,0,0,0,0,0.0,0.0,0.0,0,0,False,0.11883664131164551,4.269584857187943e-05,0.00012808754571563827,22600,0
2826,1826,supervised,0.1540195420384407,0.015318845864385366,0.0,0.0,0,0,0,0,0.0,0.0,0.0,0,0,False,0.11883945763111115,4.2663476277231915e-05,0.00012799042883169574,22608,0
2827,1827,supervised,0.15030210465192795,0.01718594366684556,0.0,0.0,0,0,0,0,0.0,0.0,0.0,0,0,False,0.1188419759273529,4.2631107125318096e-05,0.00012789332137595427,22616,0
2828,1828,supervised,0.18261545151472092,0.013986390549689531,0.0,0.0,0,0,0,0,0.0,0.0,0.0,0,0,False,0.11884458363056183,4.25987411300039e-05,0.00012779622339001168,22624,0
2829,1829,supervised,0.19842765480279922,0.018907290883362293,0.0,0.0,0,0,0,0,0.0,0.0,0.0,0,0,False,0.11884687840938568,4.256637830515385e-05,0.00012769913491546153,22632,0
2830,1830,supervised,0.1395300179719925,0.01390495477244258,0.0,0.0,0,0,0,0,0.0,0.0,0.0,0,0,False,0.11884906142950058,4.25340186646312e-05,0.00012760205599389357,22640,0
2831,1831,supervised,0.09063449501991272,0.0176801523193717,0.0,0.0,0,0,0,0,0.0,0.0,0.0,0,0,False,0.11885101348161697,4.250166222229774e-05,0.00012750498666689323,22648,0
2832,1832,supervised,0.25875919312238693,0.017054916359484196,0.0,0.0,0,0,0,0,0.0,0.0,0.0,0,0,False,0.11885273456573486,4.246930899201401e-05,0.00012740792697604202,22656,0
2833,1833,supervised,0.351877823472023,0.013341644313186407,0.0,0.0,0,0,0,0,0.0,0.0,0.0,0,0,False,0.11885468661785126,4.243695898763904e-05,0.0001273108769629171,22664,0
2834,1834,supervised,0.07329554297029972,0.017177755013108253,0.0,0.0,0,0,0,0,0.0,0.0,0.0,0,0,False,0.1188565343618393,4.240461222303058e-05,0.00012721383666909172,22672,0
2835,1835,supervised,0.09916172921657562,0.015656407456845045,0.0,0.0,0,0,0,0,0.0,0.0,0.0,0,0,False,0.11885856837034225,4.237226871204496e-05,0.00012711680613613488,22680,0
2836,1836,supervised,0.3281875401735306,0.01415932597592473,0.0,0.0,0,0,0,0,0.0,0.0,0.0,0,0,False,0.11886080354452133,4.233992846853708e-05,0.00012701978540561123,22688,0
2837,1837,supervised,0.09680458158254623,0.016523315105587244,0.0,0.0,0,0,0,0,0.0,0.0,0.0,0,0,False,0.11886294931173325,4.2307591506360494e-05,0.00012692277451908145,22696,0
2838,1838,supervised,0.19085976108908653,0.01630734745413065,0.0,0.0,0,0,0,0,0.0,0.0,0.0,0,0,False,0.11886496841907501,4.227525783936735e-05,0.00012682577351810203,22704,0
2839,1839,supervised,0.22414298355579376,0.016433448065072298,0.0,0.0,0,0,0,0,0.0,0.0,0.0,0,0,False,0.11886635422706604,4.224292748140833e-05,0.000126728782444225,22712,0
2840,1840,supervised,0.23948396742343903,0.014753012917935848,0.0,0.0,0,0,0,0,0.0,0.0,0.0,0,0,False,0.11886768788099289,4.2210600446332735e-05,0.00012663180133899818,22720,0
2841,1841,supervised,0.187745600938797,0.015016325749456882,0.0,0.0,0,0,0,0,0.0,0.0,0.0,0,0,False,0.11886918544769287,4.2178276747988446e-05,0.00012653483024396533,22728,0
2842,1842,supervised,0.1830538660287857,0.016062753275036812,0.0,0.0,0,0,0,0,0.0,0.0,0.0,0,0,False,0.1188705638051033,4.214595640022194e-05,0.0001264378692006658,22736,0
2843,1843,supervised,0.18994386866688728,0.014778728131204844,0.0,0.0,0,0,0,0,0.0,0.0,0.0,0,0,False,0.1188720166683197,4.2113639416878184e-05,0.00012634091825063453,22744,0
2844,1844,supervised,0.20380689203739166,0.01691613905131817,0.0,0.0,0,0,0,0,0.0,0.0,0.0,0,0,False,0.11887344717979431,4.2081325811800756e-05,0.00012624397743540223,22752,0
2845,1845,supervised,0.140117809176445,0.016937316861003637,0.0,0.0,0,0,0,0,0.0,0.0,0.0,0,0,False,0.1188749298453331,4.204901559883181e-05,0.0001261470467964954,22760,0
2846,1846,supervised,0.15099065750837326,0.016032665967941284,0.0,0.0,0,0,0,0,0.0,0.0,0.0,0,0,False,0.11887656152248383,4.201670879181195e-05,0.00012605012637543583,22768,0
2847,1847,supervised,0.15453937649726868,0.019233972765505314,0.0,0.0,0,0,0,0,0.0,0.0,0.0,0,0,False,0.11887828260660172,4.1984405404580453e-05,0.00012595321621374135,22776,0
2848,1848,supervised,0.07048632204532623,0.015502574853599072,0.0,0.0,0,0,0,0,0.0,0.0,0.0,0,0,False,0.1188800185918808,4.195210545097501e-05,0.00012585631635292504,22784,0
2849,1849,supervised,0.08115698397159576,0.016446841415017843,0.0,0.0,0,0,0,0,0.0,0.0,0.0,0,0,False,0.11888166517019272,4.1919808944831954e-05,0.00012575942683449583,22792,0
2850,1850,supervised,0.20782367140054703,0.014387492090463638,0.0,0.0,0,0,0,0,0.0,0.0,0.0,0,0,False,0.11888349801301956,4.188751589998602e-05,0.00012566254769995805,22800,0
2851,1851,supervised,0.2086619883775711,0.016182873398065567,0.0,0.0,0,0,0,0,0.0,0.0,0.0,0,0,False,0.11888519674539566,4.185522633027057e-05,0.0001255656789908117,22808,0
2852,1852,supervised,0.1326727420091629,0.016144925728440285,0.0,0.0,0,0,0,0,0.0,0.0,0.0,0,0,False,0.11888672411441803,4.182294024951741e-05,0.0001254688207485522,22816,0
2853,1853,supervised,0.1536538265645504,0.014677478931844234,0.0,0.0,0,0,0,0,0.0,0.0,0.0,0,0,False,0.1188884899020195,4.179065767155686e-05,0.00012537197301467056,22824,0
2854,1854,supervised,0.1852312535047531,0.01449272083118558,0.0,0.0,0,0,0,0,0.0,0.0,0.0,0,0,False,0.11889029294252396,4.1758378610217765e-05,0.00012527513583065328,22832,0
2855,1855,supervised,0.07686056196689606,0.01504484936594963,0.0,0.0,0,0,0,0,0.0,0.0,0.0,0,0,False,0.11889222264289856,4.172610307932746e-05,0.00012517830923798238,22840,0
2856,1856,supervised,0.1780700832605362,0.01813899166882038,0.0,0.0,0,0,0,0,0.0,0.0,0.0,0,0,False,0.11889383941888809,4.1693831092711736e-05,0.0001250814932781352,22848,0
2857,1857,supervised,0.2729434072971344,0.016144296620041132,0.0,0.0,0,0,0,0,0.0,0.0,0.0,0,0,False,0.11889547109603882,4.166156266419489e-05,0.00012498468799258466,22856,0
2858,1858,supervised,0.11627217009663582,0.015137451235204935,0.0,0.0,0,0,0,0,0.0,0.0,0.0,0,0,False,0.11889714002609253,4.16292978075997e-05,0.00012488789342279908,22864,0
2859,1859,supervised,0.24300578609108925,0.015064820181578398,0.0,0.0,0,0,0,0,0.0,0.0,0.0,0,0,False,0.11889880895614624,4.159703653674741e-05,0.00012479110961024223,22872,0
2860,1860,supervised,0.138558030128479,0.019426102750003338,0.0,0.0,0,0,0,0,0.0,0.0,0.0,0,0,False,0.11890053749084473,4.156477886545772e-05,0.00012469433659637315,22880,0
2861,1861,supervised,0.12639184296131134,0.015771429054439068,0.0,0.0,0,0,0,0,0.0,0.0,0.0,0,0,False,0.11890213191509247,4.153252480754877e-05,0.0001245975744226463,22888,0
2862,1862,supervised,0.24010653793811798,0.015278245322406292,0.0,0.0,0,0,0,0,0.0,0.0,0.0,0,0,False,0.11890385299921036,4.1500274376837215e-05,0.00012450082313051163,22896,0
2863,1863,supervised,0.07204016111791134,0.015479796100407839,0.0,0.0,0,0,0,0,0.0,0.0,0.0,0,0,False,0.11890563368797302,4.146802758713807e-05,0.0001244040827614142,22904,0
2864,1864,supervised,0.23320572823286057,0.015305348671972752,0.0,0.0,0,0,0,0,0.0,0.0,0.0,0,0,False,0.11890734732151031,4.143578445226487e-05,0.0001243073533567946,22912,0
2865,1865,supervised,0.06872761622071266,0.01644288282841444,0.0,0.0,0,0,0,0,0.0,0.0,0.0,0,0,False,0.11890897899866104,4.140354498602952e-05,0.00012421063495808853,22920,0
2866,1866,supervised,0.2180168703198433,0.014323427807539701,0.0,0.0,0,0,0,0,0.0,0.0,0.0,0,0,False,0.11891067773103714,4.1371309202242424e-05,0.00012411392760672727,22928,0
2867,1867,supervised,0.14610540121793747,0.016625776421278715,0.0,0.0,0,0,0,0,0.0,0.0,0.0,0,0,False,0.11891242861747742,4.133907711471232e-05,0.00012401723134413694,22936,0
2868,1868,supervised,0.20219798386096954,0.01563421869650483,0.0,0.0,0,0,0,0,0.0,0.0,0.0,0,0,False,0.11891429126262665,4.130684873724645e-05,0.00012392054621173932,22944,0
2869,1869,supervised,0.16847796738147736,0.015091734938323498,0.0,0.0,0,0,0,0,0.0,0.0,0.0,0,0,False,0.11891617625951767,4.127462408365041e-05,0.00012382387225095122,22952,0
2870,1870,supervised,0.23204536736011505,0.015162809751927853,0.0,0.0,0,0,0,0,0.0,0.0,0.0,0,0,False,0.11891794949769974,4.1242403167728216e-05,0.00012372720950318462,22960,0
2871,1871,supervised,0.2910449802875519,0.015465013682842255,0.0,0.0,0,0,0,0,0.0,0.0,0.0,0,0,False,0.11891961842775345,4.1210186003282275e-05,0.0001236305580098468,22968,0
2872,1872,supervised,0.23808949440717697,0.018543538637459278,0.0,0.0,0,0,0,0,0.0,0.0,0.0,0,0,False,0.11892107874155045,4.117797260411343e-05,0.00012353391781234026,22976,0
2873,1873,supervised,0.1923765279352665,0.015960098709911108,0.0,0.0,0,0,0,0,0.0,0.0,0.0,0,0,False,0.11892236769199371,4.114576298402084e-05,0.0001234372889520625,22984,0
2874,1874,supervised,0.25047533214092255,0.016041699331253767,0.0,0.0,0,0,0,0,0.0,0.0,0.0,0,0,False,0.11892354488372803,4.111355715680211e-05,0.00012334067147040632,22992,0
2875,1875,supervised,0.14553172886371613,0.018072432838380337,0.0,0.0,0,0,0,0,0.0,0.0,0.0,0,0,False,0.11892451345920563,4.108135513625317e-05,0.0001232440654087595,23000,0
2876,1876,supervised,0.18104736506938934,0.021133799105882645,0.0,0.0,0,0,0,0,0.0,0.0,0.0,0,0,False,0.11892521381378174,4.104915693616838e-05,0.0001231474708085051,23008,0
2877,1877,supervised,0.13945645838975906,0.015638811513781548,0.0,0.0,0,0,0,0,0.0,0.0,0.0,0,0,False,0.11892606317996979,4.101696257034037e-05,0.0001230508877110211,23016,0
2878,1878,supervised,0.22802068293094635,0.01487613283097744,0.0,0.0,0,0,0,0,0.0,0.0,0.0,0,0,False,0.11892691254615784,4.0984772052560235e-05,0.0001229543161576807,23024,0
2879,1879,supervised,0.18918053805828094,0.013564425520598888,0.0,0.0,0,0,0,0,0.0,0.0,0.0,0,0,False,0.11892805248498917,4.095258539661736e-05,0.00012285775618985206,23032,0
2880,1880,supervised,0.1267409659922123,0.01574754621833563,0.0,0.0,0,0,0,0,0.0,0.0,0.0,0,0,False,0.11892911791801453,4.092040261629946e-05,0.00012276120784889837,23040,0
2881,1881,supervised,0.14838335290551186,0.016441818326711655,0.0,0.0,0,0,0,0,0.0,0.0,0.0,0,0,False,0.11893018335103989,4.088822372539263e-05,0.00012266467117617787,23048,0
2882,1882,supervised,0.1584145575761795,0.019933572970330715,0.0,0.0,0,0,0,0,0.0,0.0,0.0,0,0,False,0.11893109977245331,4.085604873768129e-05,0.00012256814621304385,23056,0
2883,1883,supervised,0.2406313195824623,0.014201888348907232,0.0,0.0,0,0,0,0,0.0,0.0,0.0,0,0,False,0.11893198639154434,4.08238776669482e-05,0.00012247163300084456,23064,0
2884,1884,supervised,0.1901858225464821,0.013787948526442051,0.0,0.0,0,0,0,0,0.0,0.0,0.0,0,0,False,0.11893308162689209,4.079171052697437e-05,0.00012237513158092308,23072,0
2885,1885,supervised,0.33469006419181824,0.013985993340611458,0.0,0.0,0,0,0,0,0.0,0.0,0.0,0,0,False,0.11893411725759506,4.075954733153922e-05,0.00012227864199461765,23080,0
2886,1886,supervised,0.171736478805542,0.01883550640195608,0.0,0.0,0,0,0,0,0.0,0.0,0.0,0,0,False,0.11893509328365326,4.072738809442046e-05,0.00012218216428326137,23088,0
2887,1887,supervised,0.16440371051430702,0.021345602348446846,0.0,0.0,0,0,0,0,0.0,0.0,0.0,0,0,False,0.11893609166145325,4.0695232829394046e-05,0.00012208569848818214,23096,0
2888,1888,supervised,0.15619518607854843,0.017325762659311295,0.0,0.0,0,0,0,0,0.0,0.0,0.0,0,0,False,0.11893706023693085,4.0663081550234285e-05,0.00012198924465070283,23104,0
2889,1889,supervised,0.1918194741010666,0.014396460726857185,0.0,0.0,0,0,0,0,0.0,0.0,0.0,0,0,False,0.11893817782402039,4.063093427071376e-05,0.00012189280281214126,23112,0
2890,1890,supervised,0.14833471179008484,0.01648771483451128,0.0,0.0,0,0,0,0,0.0,0.0,0.0,0,0,False,0.11893952637910843,4.059879100460338e-05,0.00012179637301381012,23120,0
2891,1891,supervised,0.19855844974517822,0.016965072136372328,0.0,0.0,0,0,0,0,0.0,0.0,0.0,0,0,False,0.11894083768129349,4.0566651765672246e-05,0.00012169995529701673,23128,0
2892,1892,supervised,0.07286081835627556,0.013875189237296581,0.0,0.0,0,0,0,0,0.0,0.0,0.0,0,0,False,0.11894229799509048,4.0534516567687804e-05,0.00012160354970306339,23136,0
2893,1893,supervised,0.20351769030094147,0.014676000457257032,0.0,0.0,0,0,0,0,0.0,0.0,0.0,0,0,False,0.11894401907920837,4.050238542441578e-05,0.00012150715627324731,23144,0
2894,1894,supervised,0.196416437625885,0.01716398075222969,0.0,0.0,0,0,0,0,0.0,0.0,0.0,0,0,False,0.11894557625055313,4.0470258349620096e-05,0.00012141077504886026,23152,0
2895,1895,supervised,0.12179459258913994,0.01710794772952795,0.0,0.0,0,0,0,0,0.0,0.0,0.0,0,0,False,0.11894697695970535,4.043813535706299e-05,0.00012131440607118895,23160,0
2896,1896,supervised,0.14369500428438187,0.01605707872658968,0.0,0.0,0,0,0,0,0.0,0.0,0.0,0,0,False,0.1189483106136322,4.040601646050495e-05,0.00012121804938151483,23168,0
2897,1897,supervised,0.12885360419750214,0.018783277831971645,0.0,0.0,0,0,0,0,0.0,0.0,0.0,0,0,False,0.11894944310188293,4.037390167370464e-05,0.0001211217050211139,23176,0
2898,1898,supervised,0.1601800099015236,0.014626258984208107,0.0,0.0,0,0,0,0,0.0,0.0,0.0,0,0,False,0.11895063519477844,4.034179101041904e-05,0.00012102537303125712,23184,0
2899,1899,supervised,0.08702855557203293,0.014976364560425282,0.0,0.0,0,0,0,0,0.0,0.0,0.0,0,0,False,0.11895203590393066,4.0309684484403364e-05,0.00012092905345321007,23192,0
2900,1900,supervised,0.07293056324124336,0.017157134599983692,0.0,0.0,0,0,0,0,0.0,0.0,0.0,0,0,False,0.11895319819450378,4.027758210941101e-05,0.00012083274632823302,23200,0
2901,1901,supervised,0.09674539044499397,0.01613021455705166,0.0,0.0,0,0,0,0,0.0,0.0,0.0,0,0,False,0.11895443499088287,4.0245483899193595e-05,0.00012073645169758076,23208,0
2902,1902,supervised,0.14204780757427216,0.014188345056027174,0.0,0.0,0,0,0,0,0.0,0.0,0.0,0,0,False,0.11895539611577988,4.0213389867500984e-05,0.00012064016960250294,23216,0
2903,1903,supervised,0.13530636206269264,0.01439393125474453,0.0,0.0,0,0,0,0,0.0,0.0,0.0,0,0,False,0.1189560741186142,4.018130002808127e-05,0.00012054390008424379,23224,0
2904,1904,supervised,0.13183285295963287,0.014440082013607025,0.0,0.0,0,0,0,0,0.0,0.0,0.0,0,0,False,0.11895700544118881,4.0149214394680684e-05,0.00012044764318404203,23232,0
2905,1905,supervised,0.20969632267951965,0.016336469911038876,0.0,0.0,0,0,0,0,0.0,0.0,0.0,0,0,False,0.11895821988582611,4.0117132981043693e-05,0.00012035139894313107,23240,0
2906,1906,supervised,0.1299886554479599,0.018327350728213787,0.0,0.0,0,0,0,0,0.0,0.0,0.0,0,0,False,0.11895932257175446,4.008505580091297e-05,0.0001202551674027389,23248,0
2907,1907,supervised,0.06182822771370411,0.01473556598648429,0.0,0.0,0,0,0,0,0.0,0.0,0.0,0,0,False,0.11896070092916489,4.005298286802938e-05,0.00012015894860408811,23256,0
2908,1908,supervised,0.12913210690021515,0.01519802026450634,0.0,0.0,0,0,0,0,0.0,0.0,0.0,0,0,False,0.11896208673715591,4.002091419613191e-05,0.00012006274258839571,23264,0
2909,1909,supervised,0.124964639544487,0.014925980009138584,0.0,0.0,0,0,0,0,0.0,0.0,0.0,0,0,False,0.11896352469921112,3.998884979895777e-05,0.00011996654939687329,23272,0
2910,1910,supervised,0.23747269064188004,0.014906704425811768,0.0,0.0,0,0,0,0,0.0,0.0,0.0,0,0,False,0.11896487325429916,3.9956789690242344e-05,0.00011987036907072703,23280,0
2911,1911,supervised,0.20361681282520294,0.01704888604581356,0.0,0.0,0,0,0,0,0.0,0.0,0.0,0,0,False,0.11896628886461258,3.992473388371915e-05,0.00011977420165115742,23288,0
2912,1912,supervised,0.08396236971020699,0.015883758664131165,0.0,0.0,0,0,0,0,0.0,0.0,0.0,0,0,False,0.11896783858537674,3.9892682393119886e-05,0.00011967804717935964,23296,0
2913,1913,supervised,0.12635616585612297,0.014830991625785828,0.0,0.0,0,0,0,0,0.0,0.0,0.0,0,0,False,0.11896971613168716,3.986063523217439e-05,0.00011958190569652316,23304,0
2914,1914,supervised,0.24811557680368423,0.01939596701413393,0.0,0.0,0,0,0,0,0.0,0.0,0.0,0,0,False,0.11897151172161102,3.982859241461064e-05,0.0001194857772438319,23312,0
2915,1915,supervised,0.14135918766260147,0.016677089501172304,0.0,0.0,0,0,0,0,0.0,0.0,0.0,0,0,False,0.11897347122430801,3.979655395415476e-05,0.00011938966186246425,23320,0
2916,1916,supervised,0.19224996119737625,0.01497866166755557,0.0,0.0,0,0,0,0,0.0,0.0,0.0,0,0,False,0.11897549033164978,3.976451986453102e-05,0.00011929355959359306,23328,0
2917,1917,supervised,0.24356605112552643,0.014914176892489195,0.0,0.0,0,0,0,0,0.0,0.0,0.0,0,0,False,0.11897723376750946,3.973249015946182e-05,0.00011919747047838545,23336,0
2918,1918,supervised,0.08713524416089058,0.015247799456119537,0.0,0.0,0,0,0,0,0.0,0.0,0.0,0,0,False,0.1189790591597557,3.9700464852667626e-05,0.00011910139455800287,23344,0
2919,1919,supervised,0.1401195451617241,0.017340997233986855,0.0,0.0,0,0,0,0,0.0,0.0,0.0,0,0,False,0.11898070573806763,3.9668443957867085e-05,0.00011900533187360124,23352,0
2920,1920,supervised,0.1436474248766899,0.014321782160550356,0.0,0.0,0,0,0,0,0.0,0.0,0.0,0,0,False,0.11898260563611984,3.963642748877696e-05,0.00011890928246633087,23360,0
2921,1921,supervised,0.12905867770314217,0.016366545110940933,0.0,0.0,0,0,0,0,0.0,0.0,0.0,0,0,False,0.11898437887430191,3.960441545911204e-05,0.00011881324637733611,23368,0
2922,1922,supervised,0.09813114255666733,0.01689275586977601,0.0,0.0,0,0,0,0,0.0,0.0,0.0,0,0,False,0.11898615956306458,3.9572407882585285e-05,0.00011871722364775583,23376,0
2923,1923,supervised,0.16126243770122528,0.015798895619809628,0.0,0.0,0,0,0,0,0.0,0.0,0.0,0,0,False,0.11898770928382874,3.9540404772907714e-05,0.00011862121431872313,23384,0
2924,1924,supervised,0.11612051166594028,0.01605712389573455,0.0,0.0,0,0,0,0,0.0,0.0,0.0,0,0,False,0.1189892366528511,3.950840614378847e-05,0.00011852521843136541,23392,0
2925,1925,supervised,0.2437407374382019,0.01510721305385232,0.0,0.0,0,0,0,0,0.0,0.0,0.0,0,0,False,0.11899072676897049,3.947641200893473e-05,0.00011842923602680417,23400,0
2926,1926,supervised,0.2572077438235283,0.01430536387488246,0.0,0.0,0,0,0,0,0.0,0.0,0.0,0,0,False,0.11899258941411972,3.944442238205174e-05,0.00011833326714615522,23408,0
2927,1927,supervised,0.19957102835178375,0.014788929838687181,0.0,0.0,0,0,0,0,0.0,0.0,0.0,0,0,False,0.11899490654468536,3.94124372768429e-05,0.00011823731183052867,23416,0
2928,1928,supervised,0.1346159279346466,0.015242552850395441,0.0,0.0,0,0,0,0,0.0,0.0,0.0,0,0,False,0.11899711191654205,3.938045670700954e-05,0.0001181413701210286,23424,0
2929,1929,supervised,0.1930455043911934,0.0167324161157012,0.0,0.0,0,0,0,0,0.0,0.0,0.0,0,0,False,0.11899928748607635,3.9348480686251176e-05,0.00011804544205875352,23432,0
2930,1930,supervised,0.20088207721710205,0.01888833288103342,0.0,0.0,0,0,0,0,0.0,0.0,0.0,0,0,False,0.11900125443935394,3.93165092282653e-05,0.00011794952768479589,23440,0
2931,1931,supervised,0.18847432732582092,0.013886723201721907,0.0,0.0,0,0,0,0,0.0,0.0,0.0,0,0,False,0.11900319904088974,3.928454234674747e-05,0.0001178536270402424,23448,0
2932,1932,supervised,0.15377094969153404,0.014799395576119423,0.0,0.0,0,0,0,0,0.0,0.0,0.0,0,0,False,0.11900563538074493,3.9252580055391275e-05,0.00011775774016617381,23456,0
2933,1933,supervised,0.14242803305387497,0.01753862202167511,0.0,0.0,0,0,0,0,0.0,0.0,0.0,0,0,False,0.11900798231363297,3.922062236788836e-05,0.00011766186710366506,23464,0
2934,1934,supervised,0.18760841339826584,0.01789023308083415,0.0,0.0,0,0,0,0,0.0,0.0,0.0,0,0,False,0.11901018768548965,3.918866929792838e-05,0.00011756600789378512,23472,0
2935,1935,supervised,0.1937357783317566,0.016329179517924786,0.0,0.0,0,0,0,0,0.0,0.0,0.0,0,0,False,0.11901215463876724,3.9156720859199e-05,0.000117470162577597,23480,0
2936,1936,supervised,0.12240597419440746,0.014009290840476751,0.0,0.0,0,0,0,0,0.0,0.0,0.0,0,0,False,0.1190141960978508,3.912477706538593e-05,0.00011737433119615776,23488,0
2937,1937,supervised,0.18441559374332428,0.0145385367795825,0.0,0.0,0,0,0,0,0.0,0.0,0.0,0,0,False,0.11901585757732391,3.9092837930172884e-05,0.00011727851379051865,23496,0
2938,1938,supervised,0.23673458397388458,0.016930165234953165,0.0,0.0,0,0,0,0,0.0,0.0,0.0,0,0,False,0.11901738494634628,3.9060903467241547e-05,0.00011718271040172462,23504,0
2939,1939,supervised,0.1419336199760437,0.018667567521333694,0.0,0.0,0,0,0,0,0.0,0.0,0.0,0,0,False,0.11901877820491791,3.9028973690271646e-05,0.00011708692107081493,23512,0
2940,1940,supervised,0.16651345789432526,0.014898562803864479,0.0,0.0,0,0,0,0,0.0,0.0,0.0,0,0,False,0.11902015656232834,3.899704861294088e-05,0.00011699114583882262,23520,0
2941,1941,supervised,0.15446609631180763,0.019945052452385426,0.0,0.0,0,0,0,0,0.0,0.0,0.0,0,0,False,0.11902155727148056,3.896512824892495e-05,0.00011689538474677484,23528,0
2942,1942,supervised,0.34968292713165283,0.01477062376216054,0.0,0.0,0,0,0,0,0.0,0.0,0.0,0,0,False,0.11902288347482681,3.8933212611897504e-05,0.00011679963783569248,23536,0
2943,1943,supervised,0.1483393982052803,0.015676469542086124,0.0,0.0,0,0,0,0,0.0,0.0,0.0,0,0,False,0.11902470886707306,3.8901301715530204e-05,0.0001167039051465906,23544,0
2944,1944,supervised,0.13422851264476776,0.017260489985346794,0.0,0.0,0,0,0,0,0.0,0.0,0.0,0,0,False,0.11902645975351334,3.886939557349266e-05,0.00011660818672047797,23552,0
2945,1945,supervised,0.08465378731489182,0.022504568099975586,0.0,0.0,0,0,0,0,0.0,0.0,0.0,0,0,False,0.1190280020236969,3.883749419945244e-05,0.0001165124825983573,23560,0
2946,1946,supervised,0.18083121627569199,0.014078028965741396,0.0,0.0,0,0,0,0,0.0,0.0,0.0,0,0,False,0.11902986466884613,3.880559760707508e-05,0.00011641679282122522,23568,0
2947,1947,supervised,0.2508431226015091,0.017161707393825054,0.0,0.0,0,0,0,0,0.0,0.0,0.0,0,0,False,0.11903152614831924,3.877370581002408e-05,0.00011632111743007223,23576,0
2948,1948,supervised,0.14089763164520264,0.013563111890107393,0.0,0.0,0,0,0,0,0.0,0.0,0.0,0,0,False,0.11903311312198639,3.874181882196088e-05,0.00011622545646588262,23584,0
2949,1949,supervised,0.10383854806423187,0.021332433447241783,0.0,0.0,0,0,0,0,0.0,0.0,0.0,0,0,False,0.11903455853462219,3.870993665654482e-05,0.00011612980996963445,23592,0
2950,1950,supervised,0.17632844299077988,0.015819384716451168,0.0,0.0,0,0,0,0,0.0,0.0,0.0,0,0,False,0.11903605610132217,3.867805932743322e-05,0.00011603417798229966,23600,0
2951,1951,supervised,0.23337814211845398,0.014824095647782087,0.0,0.0,0,0,0,0,0.0,0.0,0.0,0,0,False,0.1190374344587326,3.864618684828134e-05,0.00011593856054484402,23608,0
2952,1952,supervised,0.13841676712036133,0.014855326618999243,0.0,0.0,0,0,0,0,0.0,0.0,0.0,0,0,False,0.11903899908065796,3.861431923274232e-05,0.00011584295769822694,23616,0
2953,1953,supervised,0.15809931606054306,0.01510425703600049,0.0,0.0,0,0,0,0,0.0,0.0,0.0,0,0,False,0.11904110759496689,3.858245649446721e-05,0.00011574736948340163,23624,0
2954,1954,supervised,0.33810773491859436,0.013500215020030737,0.0,0.0,0,0,0,0,0.0,0.0,0.0,0,0,False,0.11904291063547134,3.855059864710505e-05,0.00011565179594131512,23632,0
2955,1955,supervised,0.23275074362754822,0.014335617888718843,0.0,0.0,0,0,0,0,0.0,0.0,0.0,0,0,False,0.11904457211494446,3.851874570430266e-05,0.00011555623711290797,23640,0
2956,1956,supervised,0.09415284171700478,0.016670162323862314,0.0,0.0,0,0,0,0,0.0,0.0,0.0,0,0,False,0.11904635280370712,3.8486897679704886e-05,0.00011546069303911464,23648,0
2957,1957,supervised,0.14766161888837814,0.014612155966460705,0.0,0.0,0,0,0,0,0.0,0.0,0.0,0,0,False,0.119048111140728,3.845505458695437e-05,0.00011536516376086311,23656,0
2958,1958,supervised,0.113728828728199,0.01614414621144533,0.0,0.0,0,0,0,0,0.0,0.0,0.0,0,0,False,0.11904985457658768,3.842321643969174e-05,0.0001152696493190752,23664,0
2959,1959,supervised,0.18516787886619568,0.0156002352014184,0.0,0.0,0,0,0,0,0.0,0.0,0.0,0,0,False,0.11905143409967422,3.8391383251555375e-05,0.00011517414975466611,23672,0
2960,1960,supervised,0.10191008076071739,0.01716056652367115,0.0,0.0,0,0,0,0,0.0,0.0,0.0,0,0,False,0.11905302852392197,3.8359555036181644e-05,0.00011507866510854491,23680,0
2961,1961,supervised,0.08484327420592308,0.018812858499586582,0.0,0.0,0,0,0,0,0.0,0.0,0.0,0,0,False,0.11905454844236374,3.832773180720475e-05,0.00011498319542161423,23688,0
2962,1962,supervised,0.2003638632595539,0.016621853224933147,0.0,0.0,0,0,0,0,0.0,0.0,0.0,0,0,False,0.11905600130558014,3.8295913578256704e-05,0.0001148877407347701,23696,0
2963,1963,supervised,0.19078877568244934,0.015741777140647173,0.0,0.0,0,0,0,0,0.0,0.0,0.0,0,0,False,0.11905752867460251,3.826410036296747e-05,0.0001147923010889024,23704,0
2964,1964,supervised,0.1860044077038765,0.01624054415151477,0.0,0.0,0,0,0,0,0.0,0.0,0.0,0,0,False,0.11905906349420547,3.823229217496481e-05,0.0001146968765248944,23712,0
2965,1965,supervised,0.09100954979658127,0.01815485255792737,0.0,0.0,0,0,0,0,0.0,0.0,0.0,0,0,False,0.11906073987483978,3.820048902787435e-05,0.00011460146708362302,23720,0
2966,1966,supervised,0.09213628992438316,0.01830119453370571,0.0,0.0,0,0,0,0,0.0,0.0,0.0,0,0,False,0.11906233429908752,3.816869093531951e-05,0.0001145060728059585,23728,0
2967,1967,supervised,0.17975537478923798,0.015674761962145567,0.0,0.0,0,0,0,0,0.0,0.0,0.0,0,0,False,0.11906388401985168,3.813689791092161e-05,0.00011441069373276481,23736,0
2968,1968,supervised,0.1531512662768364,0.015174489468336105,0.0,0.0,0,0,0,0,0.0,0.0,0.0,0,0,False,0.11906587332487106,3.810510996829979e-05,0.00011431532990489936,23744,0
2969,1969,supervised,0.1256481409072876,0.015373765956610441,0.0,0.0,0,0,0,0,0.0,0.0,0.0,0,0,False,0.11906776577234268,3.807332712107097e-05,0.00011421998136321289,23752,0
2970,1970,supervised,0.22774509340524673,0.015297510661184788,0.0,0.0,0,0,0,0,0.0,0.0,0.0,0,0,False,0.11906963586807251,3.804154938284989e-05,0.00011412464814854966,23760,0
2971,1971,supervised,0.19740461185574532,0.017143115401268005,0.0,0.0,0,0,0,0,0.0,0.0,0.0,0,0,False,0.11907149851322174,3.800977676724919e-05,0.00011402933030174756,23768,0
2972,1972,supervised,0.19186432659626007,0.014591634273529053,0.0,0.0,0,0,0,0,0.0,0.0,0.0,0,0,False,0.11907342076301575,3.7978009287879176e-05,0.00011393402786363753,23776,0
2973,1973,supervised,0.19164346903562546,0.016449378337711096,0.0,0.0,0,0,0,0,0.0,0.0,0.0,0,0,False,0.11907476931810379,3.794624695834808e-05,0.0001138387408750442,23784,0
2974,1974,supervised,0.2482420951128006,0.015208194497972727,0.0,0.0,0,0,0,0,0.0,0.0,0.0,0,0,False,0.11907591670751572,3.791448979226183e-05,0.00011374346937678548,23792,0
2975,1975,supervised,0.24115578830242157,0.013869381044059992,0.0,0.0,0,0,0,0,0.0,0.0,0.0,0,0,False,0.11907707154750824,3.7882737803224244e-05,0.00011364821340967271,23800,0
2976,1976,supervised,0.2004677765071392,0.018686350900679827,0.0,0.0,0,0,0,0,0.0,0.0,0.0,0,0,False,0.11907816678285599,3.785099100483681e-05,0.00011355297301451042,23808,0
2977,1977,supervised,0.12567416578531265,0.015494301915168762,0.0,0.0,0,0,0,0,0.0,0.0,0.0,0,0,False,0.11907966434955597,3.781924941069888e-05,0.00011345774823209661,23816,0
2978,1978,supervised,0.1958848163485527,0.014931273646652699,0.0,0.0,0,0,0,0,0.0,0.0,0.0,0,0,False,0.11908125877380371,3.778751303440755e-05,0.00011336253910322262,23824,0
2979,1979,supervised,0.19089049845933914,0.016980945598334074,0.0,0.0,0,0,0,0,0.0,0.0,0.0,0,0,False,0.11908271908760071,3.775578188955763e-05,0.00011326734566867287,23832,0
2980,1980,supervised,0.2398068606853485,0.01633649505674839,0.0,0.0,0,0,0,0,0.0,0.0,0.0,0,0,False,0.1190839633345604,3.7724055989741774e-05,0.00011317216796922531,23840,0
2981,1981,supervised,0.08906033262610435,0.01899576745927334,0.0,0.0,0,0,0,0,0.0,0.0,0.0,0,0,False,0.1190851703286171,3.769233534855035e-05,0.00011307700604565104,23848,0
2982,1982,supervised,0.13046946376562119,0.015062713529914618,0.0,0.0,0,0,0,0,0.0,0.0,0.0,0,0,False,0.11908641457557678,3.7660619979571474e-05,0.00011298185993871442,23856,0
2983,1983,supervised,0.18515992909669876,0.017005855217576027,0.0,0.0,0,0,0,0,0.0,0.0,0.0,0,0,False,0.11908794194459915,3.762890989639097e-05,0.00011288672968917291,23864,0
2984,1984,supervised,0.19099974632263184,0.015548311173915863,0.0,0.0,0,0,0,0,0.0,0.0,0.0,0,0,False,0.11908961832523346,3.759720511259245e-05,0.00011279161533777735,23872,0
2985,1985,supervised,0.1921548880636692,0.02185915969312191,0.0,0.0,0,0,0,0,0.0,0.0,0.0,0,0,False,0.11909086257219315,3.756550564175727e-05,0.0001126965169252718,23880,0
2986,1986,supervised,0.2301730141043663,0.015229545533657074,0.0,0.0,0,0,0,0,0.0,0.0,0.0,0,0,False,0.11909205466508865,3.753381149746443e-05,0.00011260143449239326,23888,0
2987,1987,supervised,0.08693691343069077,0.0162110747769475,0.0,0.0,0,0,0,0,0.0,0.0,0.0,0,0,False,0.11909335106611252,3.7502122693290695e-05,0.00011250636807987208,23896,0
2988,1988,supervised,0.1462131254374981,0.018985611386597157,0.0,0.0,0,0,0,0,0.0,0.0,0.0,0,0,False,0.11909449100494385,3.7470439242810586e-05,0.00011241131772843173,23904,0
2989,1989,supervised,0.0734405629336834,0.01449141651391983,0.0,0.0,0,0,0,0,0.0,0.0,0.0,0,0,False,0.11909601837396622,3.7438761159596225e-05,0.00011231628347878866,23912,0
2990,1990,supervised,0.24668407440185547,0.015236936509609222,0.0,0.0,0,0,0,0,0.0,0.0,0.0,0,0,False,0.11909759789705276,3.7407088457217546e-05,0.00011222126537165263,23920,0
2991,1991,supervised,0.1419098861515522,0.016296626534312963,0.0,0.0,0,0,0,0,0.0,0.0,0.0,0,0,False,0.1190991923213005,3.73754211492421e-05,0.00011212626344772628,23928,0
2992,1992,supervised,0.1796344369649887,0.01452370872721076,0.0,0.0,0,0,0,0,0.0,0.0,0.0,0,0,False,0.11910165846347809,3.734375924923519e-05,0.00011203127774770554,23936,0
2993,1993,supervised,0.2480328381061554,0.015806566458195448,0.0,0.0,0,0,0,0,0.0,0.0,0.0,0,0,False,0.11910401284694672,3.731210277075972e-05,0.00011193630831227914,23944,0
2994,1994,supervised,0.1689027026295662,0.014823774807155132,0.0,0.0,0,0,0,0,0.0,0.0,0.0,0,0,False,0.11910635232925415,3.728045172737636e-05,0.00011184135518212906,23952,0
2995,1995,supervised,0.18237971514463425,0.014742106664925814,0.0,0.0,0,0,0,0,0.0,0.0,0.0,0,0,False,0.11910843849182129,3.724880613264339e-05,0.00011174641839793016,23960,0
2996,1996,supervised,0.08661764860153198,0.019158602692186832,0.0,0.0,0,0,0,0,0.0,0.0,0.0,0,0,False,0.11911047995090485,3.721716600011679e-05,0.00011165149800035035,23968,0
2997,1997,supervised,0.16597285121679306,0.014132831245660782,0.0,0.0,0,0,0,0,0.0,0.0,0.0,0,0,False,0.11911256611347198,3.718553134335017e-05,0.00011155659403005048,23976,0
2998,1998,supervised,0.11162780970335007,0.017406737431883812,0.0,0.0,0,0,0,0,0.0,0.0,0.0,0,0,False,0.11911418288946152,3.715390217589483e-05,0.00011146170652768447,23984,0
2999,1999,supervised,0.12297762930393219,0.01719033345580101,0.0,0.0,0,0,0,0,0.0,0.0,0.0,0,0,False,0.11911573261022568,3.71222785112997e-05,0.00011136683553389907,23992,0
3000,2000,supervised,0.16998226568102837,0.01788324397057295,0.0,0.0,0,0,0,0,0.0,0.0,0.0,0,0,False,0.11911678314208984,3.709066036311134e-05,0.000111271981089334,24000,0
3001,2001,supervised,0.1718154102563858,0.015912299044430256,0.0,0.0,0,0,0,0,0.0,0.0,0.0,0,0,False,0.1191181093454361,3.705904774487396e-05,0.00011117714323462186,24008,0
3002,2002,supervised,0.09635085240006447,0.014822343364357948,0.0,0.0,0,0,0,0,0.0,0.0,0.0,0,0,False,0.11911946535110474,3.702744067012943e-05,0.00011108232201038828,24016,0
3003,2003,supervised,0.19365207850933075,0.01635516108945012,0.0,0.0,0,0,0,0,0.0,0.0,0.0,0,0,False,0.11912084370851517,3.699583915241717e-05,0.0001109875174572515,24024,0
3004,2004,supervised,0.16282667219638824,0.014815240167081356,0.0,0.0,0,0,0,0,0.0,0.0,0.0,0,0,False,0.11912279576063156,3.6964243205274307e-05,0.00011089272961582291,24032,0
3005,2005,supervised,0.07500246539711952,0.016675878316164017,0.0,0.0,0,0,0,0,0.0,0.0,0.0,0,0,False,0.11912460625171661,3.693265284223554e-05,0.0001107979585267066,24040,0
3006,2006,supervised,0.14365844056010246,0.01422622986137867,0.0,0.0,0,0,0,0,0.0,0.0,0.0,0,0,False,0.11912671476602554,3.6901068076833136e-05,0.00011070320423049939,24048,0
3007,2007,supervised,0.14302615821361542,0.015723953023552895,0.0,0.0,0,0,0,0,0.0,0.0,0.0,0,0,False,0.11912871897220612,3.686948892259703e-05,0.00011060846676779107,24056,0
3008,2008,supervised,0.11915300600230694,0.014732482377439737,0.0,0.0,0,0,0,0,0.0,0.0,0.0,0,0,False,0.11913082003593445,3.6837915393054746e-05,0.00011051374617916422,24064,0
3009,2009,supervised,0.13854074478149414,0.017932599410414696,0.0,0.0,0,0,0,0,0.0,0.0,0.0,0,0,False,0.11913284659385681,3.680634750173137e-05,0.0001104190425051941,24072,0
3010,2010,supervised,0.15104662626981735,0.016408950090408325,0.0,0.0,0,0,0,0,0.0,0.0,0.0,0,0,False,0.11913489550352097,3.677478526214956e-05,0.00011032435578644867,24080,0
3011,2011,supervised,0.0787491537630558,0.015150366816669703,0.0,0.0,0,0,0,0,0.0,0.0,0.0,0,0,False,0.11913695186376572,3.6743228687829595e-05,0.00011022968606348877,24088,0
3012,2012,supervised,0.16765573993325233,0.013961657416075468,0.0,0.0,0,0,0,0,0.0,0.0,0.0,0,0,False,0.11913903802633286,3.6711677792289337e-05,0.00011013503337686799,24096,0
3013,2013,supervised,0.23126769065856934,0.014531191904097795,0.0,0.0,0,0,0,0,0.0,0.0,0.0,0,0,False,0.11914104968309402,3.6680132589044136e-05,0.00011004039776713239,24104,0
3014,2014,supervised,0.1535896584391594,0.01758467871695757,0.0,0.0,0,0,0,0,0.0,0.0,0.0,0,0,False,0.1191428005695343,3.664859309160697e-05,0.0001099457792748209,24112,0
3015,2015,supervised,0.2504667341709137,0.016523205675184727,0.0,0.0,0,0,0,0,0.0,0.0,0.0,0,0,False,0.11914440989494324,3.661705931348838e-05,0.00010985117794046511,24120,0
3016,2016,supervised,0.23664110153913498,0.016680964268743992,0.0,0.0,0,0,0,0,0.0,0.0,0.0,0,0,False,0.11914591491222382,3.658553126819644e-05,0.0001097565938045893,24128,0
3017,2017,supervised,0.10549429059028625,0.016471445094794035,0.0,0.0,0,0,0,0,0.0,0.0,0.0,0,0,False,0.11914747953414917,3.655400896923672e-05,0.00010966202690771014,24136,0
3018,2018,supervised,0.12397783249616623,0.01509492052718997,0.0,0.0,0,0,0,0,0.0,0.0,0.0,0,0,False,0.11914894729852676,3.65224924301124e-05,0.00010956747729033718,24144,0
3019,2019,supervised,0.0992782786488533,0.01572120189666748,0.0,0.0,0,0,0,0,0.0,0.0,0.0,0,0,False,0.11915040761232376,3.649098166432417e-05,0.00010947294499297249,24152,0
3020,2020,supervised,0.1918085664510727,0.014622376766055822,0.0,0.0,0,0,0,0,0.0,0.0,0.0,0,0,False,0.1191520169377327,3.645947668537022e-05,0.00010937843005611063,24160,0
3021,2021,supervised,0.1401536464691162,0.01470343628898263,0.0,0.0,0,0,0,0,0.0,0.0,0.0,0,0,False,0.11915384232997894,3.642797750674629e-05,0.00010928393252023886,24168,0
3022,2022,supervised,0.24061210453510284,0.015174738131463528,0.0,0.0,0,0,0,0,0.0,0.0,0.0,0,0,False,0.11915557831525803,3.639648414194563e-05,0.00010918945242583688,24176,0
3023,2023,supervised,0.15016033127903938,0.016146745067089796,0.0,0.0,0,0,0,0,0.0,0.0,0.0,0,0,False,0.11915724724531174,3.636499660445902e-05,0.00010909498981337704,24184,0
3024,2024,supervised,0.18831834942102432,0.016569609753787518,0.0,0.0,0,0,0,0,0.0,0.0,0.0,0,0,False,0.11915887892246246,3.633351490777467e-05,0.00010900054472332399,24192,0
3025,2025,supervised,0.25174690783023834,0.01591536169871688,0.0,0.0,0,0,0,0,0.0,0.0,0.0,0,0,False,0.11916036903858185,3.630203906537838e-05,0.00010890611719613512,24200,0
3026,2026,supervised,0.1476215161383152,0.01476694829761982,0.0,0.0,0,0,0,0,0.0,0.0,0.0,0,0,False,0.11916191875934601,3.62705690907534e-05,0.00010881170727226018,24208,0
3027,2027,supervised,0.11073428392410278,0.01703055016696453,0.0,0.0,0,0,0,0,0.0,0.0,0.0,0,0,False,0.11916349828243256,3.623910499738043e-05,0.00010871731499214128,24216,0
3028,2028,supervised,0.1936582624912262,0.0156884896568954,0.0,0.0,0,0,0,0,0.0,0.0,0.0,0,0,False,0.11916497349739075,3.620764679873772e-05,0.00010862294039621313,24224,0
3029,2029,supervised,0.16542263701558113,0.015614616218954325,0.0,0.0,0,0,0,0,0.0,0.0,0.0,0,0,False,0.11916697770357132,3.617619450830097e-05,0.00010852858352490289,24232,0
3030,2030,supervised,0.12613174319267273,0.015783436596393585,0.0,0.0,0,0,0,0,0.0,0.0,0.0,0,0,False,0.11916904151439667,3.6144748139543316e-05,0.00010843424441862993,24240,0
3031,2031,supervised,0.23731736093759537,0.014226589351892471,0.0,0.0,0,0,0,0,0.0,0.0,0.0,0,0,False,0.11917108297348022,3.6113307705935396e-05,0.00010833992311780617,24248,0
3032,2032,supervised,0.12792090699076653,0.017165137454867363,0.0,0.0,0,0,0,0,0.0,0.0,0.0,0,0,False,0.11917302012443542,3.608187322094528e-05,0.00010824561966283583,24256,0
3033,2033,supervised,0.29845793545246124,0.015850817319005728,0.0,0.0,0,0,0,0,0.0,0.0,0.0,0,0,False,0.11917474120855331,3.605044469803854e-05,0.00010815133409411562,24264,0
3034,2034,supervised,0.18384210765361786,0.015833080280572176,0.0,0.0,0,0,0,0,0.0,0.0,0.0,0,0,False,0.11917641013860703,3.601902215067813e-05,0.00010805706645203437,24272,0
3035,2035,supervised,0.14543084800243378,0.013802844099700451,0.0,0.0,0,0,0,0,0.0,0.0,0.0,0,0,False,0.11917804926633835,3.5987605592324456e-05,0.00010796281677697335,24280,0
3036,2036,supervised,0.13646719977259636,0.01551384013146162,0.0,0.0,0,0,0,0,0.0,0.0,0.0,0,0,False,0.11917971074581146,3.5956195036435406e-05,0.00010786858510930621,24288,0
3037,2037,supervised,0.2301219031214714,0.016257528215646744,0.0,0.0,0,0,0,0,0.0,0.0,0.0,0,0,False,0.1191810667514801,3.592479049646623e-05,0.00010777437148939868,24296,0
3038,2038,supervised,0.12484147399663925,0.015265742782503366,0.0,0.0,0,0,0,0,0.0,0.0,0.0,0,0,False,0.11918231099843979,3.589339198586967e-05,0.00010768017595760901,24304,0
3039,2039,supervised,0.18960461765527725,0.016388215590268373,0.0,0.0,0,0,0,0,0.0,0.0,0.0,0,0,False,0.1191835030913353,3.586199951809582e-05,0.00010758599855428746,24312,0
3040,2040,supervised,0.06217009946703911,0.014916977845132351,0.0,0.0,0,0,0,0,0.0,0.0,0.0,0,0,False,0.11918464303016663,3.583061310659226e-05,0.00010749183931977676,24320,0
3041,2041,supervised,0.11478180438280106,0.01640936639159918,0.0,0.0,0,0,0,0,0.0,0.0,0.0,0,0,False,0.11918580532073975,3.579923276480387e-05,0.0001073976982944116,24328,0
3042,2042,supervised,0.24234729260206223,0.015063515864312649,0.0,0.0,0,0,0,0,0.0,0.0,0.0,0,0,False,0.11918684840202332,3.576785850617304e-05,0.0001073035755185191,24336,0
3043,2043,supervised,0.1324290707707405,0.017312318086624146,0.0,0.0,0,0,0,0,0.0,0.0,0.0,0,0,False,0.11918780207633972,3.57364903441395e-05,0.00010720947103241847,24344,0
3044,2044,supervised,0.11048326268792152,0.0156277222558856,0.0,0.0,0,0,0,0,0.0,0.0,0.0,0,0,False,0.11918918043375015,3.570512829214033e-05,0.00010711538487642098,24352,0
3045,2045,supervised,0.13009020686149597,0.014668329618871212,0.0,0.0,0,0,0,0,0.0,0.0,0.0,0,0,False,0.11919071525335312,3.567377236361008e-05,0.00010702131709083023,24360,0
3046,2046,supervised,0.0950554721057415,0.016193974763154984,0.0,0.0,0,0,0,0,0.0,0.0,0.0,0,0,False,0.11919205635786057,3.564242257198065e-05,0.00010692726771594193,24368,0
3047,2047,supervised,0.06507827527821064,0.016121359076350927,0.0,0.0,0,0,0,0,0.0,0.0,0.0,0,0,False,0.1191934198141098,3.5611078930681254e-05,0.00010683323679204374,24376,0
3048,2048,supervised,0.12166515737771988,0.017730734776705503,0.0,0.0,0,0,0,0,0.0,0.0,0.0,0,0,False,0.11919406056404114,3.557974145313851e-05,0.00010673922435941551,24384,0
3049,2049,supervised,0.11715981364250183,0.0165996584109962,0.0,0.0,0,0,0,0,0.0,0.0,0.0,0,0,False,0.11919475346803665,3.554841015277641e-05,0.00010664523045832922,24392,0
3050,2050,supervised,0.24068475514650345,0.015126937534660101,0.0,0.0,0,0,0,0,0.0,0.0,0.0,0,0,False,0.11919576674699783,3.551708504301633e-05,0.00010655125512904897,24400,0
3051,2051,supervised,0.2702139765024185,0.015207294840365648,0.0,0.0,0,0,0,0,0.0,0.0,0.0,0,0,False,0.1191965639591217,3.5485766137276894e-05,0.00010645729841183066,24408,0
3052,2052,supervised,0.1858484335243702,0.017838001251220703,0.0,0.0,0,0,0,0,0.0,0.0,0.0,0,0,False,0.11919740587472916,3.545445344897413e-05,0.00010636336034692238,24416,0
3053,2053,supervised,0.23296664655208588,0.01432980876415968,0.0,0.0,0,0,0,0,0.0,0.0,0.0,0,0,False,0.11919831484556198,3.542314699152145e-05,0.00010626944097456434,24424,0
3054,2054,supervised,0.1220009345561266,0.015134354587644339,0.0,0.0,0,0,0,0,0.0,0.0,0.0,0,0,False,0.1191992461681366,3.5391846778329476e-05,0.00010617554033498843,24432,0
3055,2055,supervised,0.11944372951984406,0.015186840668320656,0.0,0.0,0,0,0,0,0.0,0.0,0.0,0,0,False,0.11920014023780823,3.536055282280627e-05,0.00010608165846841879,24440,0
3056,2056,supervised,0.13510780781507492,0.01611984008923173,0.0,0.0,0,0,0,0,0.0,0.0,0.0,0,0,False,0.11920122802257538,3.5329265138357165e-05,0.00010598779541507148,24448,0
3057,2057,supervised,0.14547186717391014,0.016387030016630888,0.0,0.0,0,0,0,0,0.0,0.0,0.0,0,0,False,0.119202621281147,3.529798373838481e-05,0.00010589395121515441,24456,0
3058,2058,supervised,0.17843734845519066,0.015361785888671875,0.0,0.0,0,0,0,0,0.0,0.0,0.0,0,0,False,0.11920396238565445,3.5266708636289145e-05,0.00010580012590886742,24464,0
3059,2059,supervised,0.13673878088593483,0.015156075358390808,0.0,0.0,0,0,0,0,0.0,0.0,0.0,0,0,False,0.11920545250177383,3.523543984546744e-05,0.0001057063195364023,24472,0
3060,2060,supervised,0.12485295906662941,0.01646109577268362,0.0,0.0,0,0,0,0,0.0,0.0,0.0,0,0,False,0.11920685321092606,3.520417737931427e-05,0.0001056125321379428,24480,0
3061,2061,supervised,0.18030205741524696,0.015076563227921724,0.0,0.0,0,0,0,0,0.0,0.0,0.0,0,0,False,0.1192084327340126,3.5172921251221455e-05,0.00010551876375366436,24488,0
3062,2062,supervised,0.4133196324110031,0.013365968596190214,0.0,0.0,0,0,0,0,0.0,0.0,0.0,0,0,False,0.11921008676290512,3.5141671474578144e-05,0.00010542501442373441,24496,0
3063,2063,supervised,0.17477045208215714,0.014670919626951218,0.0,0.0,0,0,0,0,0.0,0.0,0.0,0,0,False,0.11921152472496033,3.511042806277075e-05,0.00010533128418831223,24504,0
3064,2064,supervised,0.3092452585697174,0.014036341570317745,0.0,0.0,0,0,0,0,0.0,0.0,0.0,0,0,False,0.11921277642250061,3.507919102918293e-05,0.00010523757308754879,24512,0
3065,2065,supervised,0.15802648663520813,0.019646707456558943,0.0,0.0,0,0,0,0,0.0,0.0,0.0,0,0,False,0.11921399086713791,3.504796038719567e-05,0.00010514388116158701,24520,0
3066,2066,supervised,0.19161349534988403,0.014497141819447279,0.0,0.0,0,0,0,0,0.0,0.0,0.0,0,0,False,0.11921529471874237,3.5016736150187166e-05,0.00010505020845056149,24528,0
3067,2067,supervised,0.13878409564495087,0.014272197615355253,0.0,0.0,0,0,0,0,0.0,0.0,0.0,0,0,False,0.11921671777963638,3.498551833153292e-05,0.00010495655499459874,24536,0
3068,2068,supervised,0.17227418720722198,0.018456939607858658,0.0,0.0,0,0,0,0,0.0,0.0,0.0,0,0,False,0.1192178800702095,3.4954306944605595e-05,0.00010486292083381678,24544,0
3069,2069,supervised,0.07774373888969421,0.020446613430976868,0.0,0.0,0,0,0,0,0.0,0.0,0.0,0,0,False,0.11921922117471695,3.492310200277522e-05,0.00010476930600832565,24552,0
3070,2070,supervised,0.12838707864284515,0.01952263619750738,0.0,0.0,0,0,0,0,0.0,0.0,0.0,0,0,False,0.11922045797109604,3.489190351940898e-05,0.0001046757105582269,24560,0
3071,2071,supervised,0.29900315403938293,0.014139987993985415,0.0,0.0,0,0,0,0,0.0,0.0,0.0,0,0,False,0.11922163516283035,3.486071150787128e-05,0.00010458213452361383,24568,0
3072,2072,supervised,0.18768910318613052,0.01632961956784129,0.0,0.0,0,0,0,0,0.0,0.0,0.0,0,0,False,0.11922275274991989,3.482952598152381e-05,0.00010448857794457143,24576,0
3073,2073,supervised,0.17591741681098938,0.0142357861623168,0.0,0.0,0,0,0,0,0.0,0.0,0.0,0,0,False,0.11922378093004227,3.479834695372548e-05,0.00010439504086117644,24584,0
3074,2074,supervised,0.1520846076309681,0.019003947265446186,0.0,0.0,0,0,0,0,0.0,0.0,0.0,0,0,False,0.11922482401132584,3.47671744378324e-05,0.00010430152331349717,24592,0
3075,2075,supervised,0.08380169793963432,0.015960476361215115,0.0,0.0,0,0,0,0,0.0,0.0,0.0,0,0,False,0.11922600120306015,3.4736008447197823e-05,0.00010420802534159346,24600,0
3076,2076,supervised,0.14151089824736118,0.0154747418127954,0.0,0.0,0,0,0,0,0.0,0.0,0.0,0,0,False,0.11922715604305267,3.4704848995172326e-05,0.00010411454698551695,24608,0
3077,2077,supervised,0.18558555841445923,0.015024472028017044,0.0,0.0,0,0,0,0,0.0,0.0,0.0,0,0,False,0.11922849714756012,3.467369609510363e-05,0.00010402108828531086,24616,0
3078,2078,supervised,0.08019959554076195,0.017815638799220324,0.0,0.0,0,0,0,0,0.0,0.0,0.0,0,0,False,0.11922988295555115,3.4642549760336604e-05,0.00010392764928100981,24624,0
3079,2079,supervised,0.13350503146648407,0.0157462852075696,0.0,0.0,0,0,0,0,0.0,0.0,0.0,0,0,False,0.11923129111528397,3.461141000421337e-05,0.0001038342300126401,24632,0
3080,2080,supervised,0.09414850920438766,0.015666591934859753,0.0,0.0,0,0,0,0,0.0,0.0,0.0,0,0,False,0.11923302710056305,3.458027684007324e-05,0.00010374083052021971,24640,0
3081,2081,supervised,0.23246844857931137,0.01588140521198511,0.0,0.0,0,0,0,0,0.0,0.0,0.0,0,0,False,0.11923456937074661,3.4549150281252636e-05,0.0001036474508437579,24648,0
3082,2082,supervised,0.12017926573753357,0.014717459212988615,0.0,0.0,0,0,0,0,0.0,0.0,0.0,0,0,False,0.11923610419034958,3.451803034108519e-05,0.00010355409102325557,24656,0
3083,2083,supervised,0.13477101922035217,0.015291386283934116,0.0,0.0,0,0,0,0,0.0,0.0,0.0,0,0,False,0.11923756450414658,3.448691703290171e-05,0.00010346075109870513,24664,0
3084,2084,supervised,0.11669327318668365,0.014232121407985687,0.0,0.0,0,0,0,0,0.0,0.0,0.0,0,0,False,0.11923954635858536,3.445581037003015e-05,0.00010336743111009043,24672,0
3085,2085,supervised,0.13720208406448364,0.01681643771007657,0.0,0.0,0,0,0,0,0.0,0.0,0.0,0,0,False,0.11924140155315399,3.44247103657956e-05,0.00010327413109738679,24680,0
3086,2086,supervised,0.21003885567188263,0.015778918284922838,0.0,0.0,0,0,0,0,0.0,0.0,0.0,0,0,False,0.11924296617507935,3.439361703352032e-05,0.00010318085110056094,24688,0
3087,2087,supervised,0.1892094761133194,0.015299212653189898,0.0,0.0,0,0,0,0,0.0,0.0,0.0,0,0,False,0.11924444139003754,3.436253038652373e-05,0.00010308759115957118,24696,0
3088,2088,supervised,0.23646394908428192,0.017623296007514,0.0,0.0,0,0,0,0,0.0,0.0,0.0,0,0,False,0.11924578249454498,3.43314504381223e-05,0.00010299435131436689,24704,0
3089,2089,supervised,0.07635697349905968,0.01540031423792243,0.0,0.0,0,0,0,0,0.0,0.0,0.0,0,0,False,0.11924723535776138,3.4300377201629754e-05,0.00010290113160488924,24712,0
3090,2090,supervised,0.13409855216741562,0.015395188238471746,0.0,0.0,0,0,0,0,0.0,0.0,0.0,0,0,False,0.11924862861633301,3.426931069035686e-05,0.00010280793207107056,24720,0
3091,2091,supervised,0.1763262152671814,0.015315540600568056,0.0,0.0,0,0,0,0,0.0,0.0,0.0,0,0,False,0.11924994736909866,3.423825091761153e-05,0.00010271475275283457,24728,0
3092,2092,supervised,0.3503473103046417,0.014636153355240822,0.0,0.0,0,0,0,0,0.0,0.0,0.0,0,0,False,0.11925126612186432,3.420719789669876e-05,0.00010262159369009628,24736,0
3093,2093,supervised,0.18202024698257446,0.015589382499456406,0.0,0.0,0,0,0,0,0.0,0.0,0.0,0,0,False,0.11925262957811356,3.417615164092069e-05,0.00010252845492276208,24744,0
3094,2094,supervised,0.13958967477083206,0.01607169397175312,0.0,0.0,0,0,0,0,0.0,0.0,0.0,0,0,False,0.11925406754016876,3.4145112163576576e-05,0.00010243533649072971,24752,0
3095,2095,supervised,0.12367147207260132,0.016773386392742395,0.0,0.0,0,0,0,0,0.0,0.0,0.0,0,0,False,0.11925555020570755,3.411407947796271e-05,0.00010234223843388813,24760,0
3096,2096,supervised,0.1775377094745636,0.015368243679404259,0.0,0.0,0,0,0,0,0.0,0.0,0.0,0,0,False,0.11925700306892395,3.408305359737252e-05,0.00010224916079211754,24768,0
3097,2097,supervised,0.20731764286756516,0.014818145893514156,0.0,0.0,0,0,0,0,0.0,0.0,0.0,0,0,False,0.11925824731588364,3.40520345350965e-05,0.00010215610360528948,24776,0
3098,2098,supervised,0.29969821870326996,0.01452181302011013,0.0,0.0,0,0,0,0,0.0,0.0,0.0,0,0,False,0.11925943940877914,3.402102230442226e-05,0.00010206306691326676,24784,0
3099,2099,supervised,0.22939448058605194,0.013510563876479864,0.0,0.0,0,0,0,0,0.0,0.0,0.0,0,0,False,0.1192605271935463,3.399001691863441e-05,0.00010197005075590324,24792,0
3100,2100,supervised,0.23523938655853271,0.014147772453725338,0.0,0.0,0,0,0,0,0.0,0.0,0.0,0,0,False,0.11926153302192688,3.395901839101471e-05,0.00010187705517304411,24800,0
3101,2101,supervised,0.18875567987561226,0.013550614472478628,0.0,0.0,0,0,0,0,0.0,0.0,0.0,0,0,False,0.11926267296075821,3.392802673484193e-05,0.00010178408020452579,24808,0
3102,2102,supervised,0.25307324528694153,0.014999783597886562,0.0,0.0,0,0,0,0,0.0,0.0,0.0,0,0,False,0.1192636713385582,3.38970419633919e-05,0.00010169112589017568,24816,0
3103,2103,supervised,0.22419261932373047,0.013613616582006216,0.0,0.0,0,0,0,0,0.0,0.0,0.0,0,0,False,0.11926454305648804,3.386606408993753e-05,0.00010159819226981258,24824,0
3104,2104,supervised,0.1531493291258812,0.017437878530472517,0.0,0.0,0,0,0,0,0.0,0.0,0.0,0,0,False,0.1192653700709343,3.383509312774875e-05,0.00010150527938324624,24832,0
3105,2105,supervised,0.24477483332157135,0.018512350041419268,0.0,0.0,0,0,0,0,0.0,0.0,0.0,0,0,False,0.11926611512899399,3.380412909009254e-05,0.00010141238727027761,24840,0
3106,2106,supervised,0.186338409781456,0.013825911562889814,0.0,0.0,0,0,0,0,0.0,0.0,0.0,0,0,False,0.11926700919866562,3.377317199023289e-05,0.00010131951597069865,24848,0
3107,2107,supervised,0.2574920952320099,0.01516852481290698,0.0,0.0,0,0,0,0,0.0,0.0,0.0,0,0,False,0.11926823109388351,3.374222184143086e-05,0.00010122666552429259,24856,0
3108,2108,supervised,0.18752146512269974,0.013744567055255175,0.0,0.0,0,0,0,0,0.0,0.0,0.0,0,0,False,0.11926950514316559,3.371127865694452e-05,0.00010113383597083354,24864,0
3109,2109,supervised,0.24064141511917114,0.01363452710211277,0.0,0.0,0,0,0,0,0.0,0.0,0.0,0,0,False,0.11927080899477005,3.3680342450028915e-05,0.00010104102735008674,24872,0
3110,2110,supervised,0.19702136516571045,0.017108445055782795,0.0,0.0,0,0,0,0,0.0,0.0,0.0,0,0,False,0.11927200108766556,3.364941323393615e-05,0.00010094823970180843,24880,0
3111,2111,supervised,0.14076345413923264,0.014856998808681965,0.0,0.0,0,0,0,0,0.0,0.0,0.0,0,0,False,0.11927342414855957,3.361849102191533e-05,0.00010085547306574598,24888,0
3112,2112,supervised,0.22768940776586533,0.014478947501629591,0.0,0.0,0,0,0,0,0.0,0.0,0.0,0,0,False,0.11927477270364761,3.358757582721253e-05,0.00010076272748163756,24896,0
3113,2113,supervised,0.12256100215017796,0.014916985761374235,0.0,0.0,0,0,0,0,0.0,0.0,0.0,0,0,False,0.11927611380815506,3.355666766307084e-05,0.00010067000298921251,24904,0
3114,2114,supervised,0.18250679597258568,0.016959444154053926,0.0,0.0,0,0,0,0,0.0,0.0,0.0,0,0,False,0.11927733570337296,3.3525766542730334e-05,0.00010057729962819099,24912,0
3115,2115,supervised,0.14946674555540085,0.015950171276926994,0.0,0.0,0,0,0,0,0.0,0.0,0.0,0,0,False,0.11927865445613861,3.3494872479428095e-05,0.00010048461743828428,24920,0
3116,2116,supervised,0.13640456274151802,0.01881828997284174,0.0,0.0,0,0,0,0,0.0,0.0,0.0,0,0,False,0.11927994340658188,3.346398548639812e-05,0.00010039195645919437,24928,0
3117,2117,supervised,0.07051431946456432,0.015811064280569553,0.0,0.0,0,0,0,0,0.0,0.0,0.0,0,0,False,0.11928136646747589,3.343310557687145e-05,0.00010029931673061433,24936,0
3118,2118,supervised,0.3403327912092209,0.013651887886226177,0.0,0.0,0,0,0,0,0.0,0.0,0.0,0,0,False,0.11928269267082214,3.340223276407605e-05,0.00010020669829222813,24944,0
3119,2119,supervised,0.19790488481521606,0.01659979298710823,0.0,0.0,0,0,0,0,0.0,0.0,0.0,0,0,False,0.11928407847881317,3.337136706123682e-05,0.00010011410118371046,24952,0
3120,2120,supervised,0.14293667674064636,0.01704988442361355,0.0,0.0,0,0,0,0,0.0,0.0,0.0,0,0,False,0.1192861795425415,3.3340508481575675e-05,0.000100021525444727,24960,0
3121,2121,supervised,0.09567474946379662,0.013681365642696619,0.0,0.0,0,0,0,0,0.0,0.0,0.0,0,0,False,0.11928866803646088,3.330965703831146e-05,9.992897111493437e-05,24968,0
3122,2122,supervised,0.19847148656845093,0.013922438956797123,0.0,0.0,0,0,0,0,0.0,0.0,0.0,0,0,False,0.11929129809141159,3.327881274465994e-05,9.98364382339798e-05,24976,0
3123,2123,supervised,0.1879299432039261,0.0162932388484478,0.0,0.0,0,0,0,0,0.0,0.0,0.0,0,0,False,0.11929379403591156,3.32479756138338e-05,9.97439268415014e-05,24984,0
3124,2124,supervised,0.18576068431138992,0.0151907317340374,0.0,0.0,0,0,0,0,0.0,0.0,0.0,0,0,False,0.119296133518219,3.321714565904273e-05,9.96514369771282e-05,24992,0
3125,2125,supervised,0.09500254318118095,0.020621038042008877,0.0,0.0,0,0,0,0,0.0,0.0,0.0,0,0,False,0.11929815262556076,3.318632289349332e-05,9.955896868047993e-05,25000,0
3126,2126,supervised,0.09786303341388702,0.01675525587052107,0.0,0.0,0,0,0,0,0.0,0.0,0.0,0,0,False,0.11930001527070999,3.3155507330389e-05,9.946652199116699e-05,25008,0
3127,2127,supervised,0.13331352174282074,0.015440717339515686,0.0,0.0,0,0,0,0,0.0,0.0,0.0,0,0,False,0.11930172145366669,3.312469898293022e-05,9.937409694879064e-05,25016,0
3128,2128,supervised,0.12346342951059341,0.01550122071057558,0.0,0.0,0,0,0,0,0.0,0.0,0.0,0,0,False,0.11930324137210846,3.309389786431431e-05,9.92816935929429e-05,25024,0
3129,2129,supervised,0.23255901038646698,0.013485900592058897,0.0,0.0,0,0,0,0,0.0,0.0,0.0,0,0,False,0.11930464208126068,3.3063103987735433e-05,9.918931196320629e-05,25032,0
3130,2130,supervised,0.20264671742916107,0.01753584621474147,0.0,0.0,0,0,0,0,0.0,0.0,0.0,0,0,False,0.11930576711893082,3.303231736638477e-05,9.909695209915429e-05,25040,0
3131,2131,supervised,0.16600514203310013,0.015513642691075802,0.0,0.0,0,0,0,0,0.0,0.0,0.0,0,0,False,0.11930647492408752,3.300153801345028e-05,9.900461404035084e-05,25048,0
3132,2132,supervised,0.12341812625527382,0.014900421258062124,0.0,0.0,0,0,0,0,0.0,0.0,0.0,0,0,False,0.11930723488330841,3.297076594211692e-05,9.891229782635074e-05,25056,0
3133,2133,supervised,0.13984820246696472,0.016238585114479065,0.0,0.0,0,0,0,0,0.0,0.0,0.0,0,0,False,0.11930793523788452,3.294000116556641e-05,9.88200034966992e-05,25064,0
3134,2134,supervised,0.17243434488773346,0.01476454921066761,0.0,0.0,0,0,0,0,0.0,0.0,0.0,0,0,False,0.11930859088897705,3.290924369697743e-05,9.872773109093228e-05,25072,0
3135,2135,supervised,0.20132827013731003,0.014580450020730495,0.0,0.0,0,0,0,0,0.0,0.0,0.0,0,0,False,0.11930936574935913,3.287849354952552e-05,9.863548064857654e-05,25080,0
3136,2136,supervised,0.10647483915090561,0.015581512823700905,0.0,0.0,0,0,0,0,0.0,0.0,0.0,0,0,False,0.11931027472019196,3.284775073638302e-05,9.854325220914903e-05,25088,0
3137,2137,supervised,0.1475531905889511,0.014637084677815437,0.0,0.0,0,0,0,0,0.0,0.0,0.0,0,0,False,0.11931119859218597,3.28170152707192e-05,9.845104581215758e-05,25096,0
3138,2138,supervised,0.12740468233823776,0.01641048863530159,0.0,0.0,0,0,0,0,0.0,0.0,0.0,0,0,False,0.11931228637695312,3.278628716570017e-05,9.83588614971005e-05,25104,0
3139,2139,supervised,0.24185896664857864,0.014345990493893623,0.0,0.0,0,0,0,0,0.0,0.0,0.0,0,0,False,0.11931338161230087,3.275556643448885e-05,9.826669930346654e-05,25112,0
3140,2140,supervised,0.17883377149701118,0.015103976242244244,0.0,0.0,0,0,0,0,0.0,0.0,0.0,0,0,False,0.11931458860635757,3.272485309024503e-05,9.817455927073508e-05,25120,0
3141,2141,supervised,0.25044873356819153,0.018131273798644543,0.0,0.0,0,0,0,0,0.0,0.0,0.0,0,0,False,0.11931578814983368,3.2694147146125345e-05,9.808244143837602e-05,25128,0
3142,2142,supervised,0.2856576442718506,0.01397606311365962,0.0,0.0,0,0,0,0,0.0,0.0,0.0,0,0,False,0.11931702494621277,3.266344861528326e-05,9.799034584584975e-05,25136,0
3143,2143,supervised,0.19790920615196228,0.01629244675859809,0.0,0.0,0,0,0,0,0.0,0.0,0.0,0,0,False,0.11931833624839783,3.2632757510869e-05,9.7898272532607e-05,25144,0
3144,2144,supervised,0.15095343068242073,0.01678449846804142,0.0,0.0,0,0,0,0,0.0,0.0,0.0,0,0,False,0.11931996792554855,3.260207384602969e-05,9.780622153808905e-05,25152,0
3145,2145,supervised,0.14535874500870705,0.02027711970731616,0.0,0.0,0,0,0,0,0.0,0.0,0.0,0,0,False,0.11932147294282913,3.257139763390925e-05,9.771419290172773e-05,25160,0
3146,2146,supervised,0.23745465278625488,0.015320626087486744,0.0,0.0,0,0,0,0,0.0,0.0,0.0,0,0,False,0.11932292580604553,3.254072888764836e-05,9.762218666294508e-05,25168,0
3147,2147,supervised,0.15510257333517075,0.015135171357542276,0.0,0.0,0,0,0,0,0.0,0.0,0.0,0,0,False,0.11932450532913208,3.2510067620384564e-05,9.753020286115368e-05,25176,0
3148,2148,supervised,0.16231489926576614,0.014129326678812504,0.0,0.0,0,0,0,0,0.0,0.0,0.0,0,0,False,0.119326651096344,3.247941384525217e-05,9.743824153575648e-05,25184,0
3149,2149,supervised,0.07454070821404457,0.015497982036322355,0.0,0.0,0,0,0,0,0.0,0.0,0.0,0,0,False,0.11932878196239471,3.244876757538228e-05,9.734630272614683e-05,25192,0
3150,2150,supervised,0.1915314570069313,0.016133468598127365,0.0,0.0,0,0,0,0,0.0,0.0,0.0,0,0,False,0.11933088302612305,3.241812882390277e-05,9.72543864717083e-05,25200,0
3151,2151,supervised,0.07821623235940933,0.017835207749158144,0.0,0.0,0,0,0,0,0.0,0.0,0.0,0,0,False,0.11933286488056183,3.2387497603938326e-05,9.716249281181497e-05,25208,0
3152,2152,supervised,0.18334611505270004,0.015334035269916058,0.0,0.0,0,0,0,0,0.0,0.0,0.0,0,0,False,0.11933469027280807,3.23568739286104e-05,9.707062178583119e-05,25216,0
3153,2153,supervised,0.19489967823028564,0.018912948202341795,0.0,0.0,0,0,0,0,0.0,0.0,0.0,0,0,False,0.11933639645576477,3.2326257811037155e-05,9.697877343311144e-05,25224,0
3154,2154,supervised,0.18677031993865967,0.016177718993276358,0.0,0.0,0,0,0,0,0.0,0.0,0.0,0,0,False,0.11933787912130356,3.229564926433359e-05,9.688694779300075e-05,25232,0
3155,2155,supervised,0.2160845473408699,0.015086979605257511,0.0,0.0,0,0,0,0,0.0,0.0,0.0,0,0,False,0.11933979392051697,3.226504830161145e-05,9.679514490483436e-05,25240,0
3156,2156,supervised,0.12658189982175827,0.014881111681461334,0.0,0.0,0,0,0,0,0.0,0.0,0.0,0,0,False,0.11934196949005127,3.2234454935979205e-05,9.670336480793761e-05,25248,0
3157,2157,supervised,0.1284874826669693,0.0152381700463593,0.0,0.0,0,0,0,0,0.0,0.0,0.0,0,0,False,0.11934419721364975,3.2203869180542064e-05,9.661160754162618e-05,25256,0
3158,2158,supervised,0.08496733009815216,0.016525275073945522,0.0,0.0,0,0,0,0,0.0,0.0,0.0,0,0,False,0.11934631317853928,3.2173291048402e-05,9.651987314520599e-05,25264,0
3159,2159,supervised,0.19078436493873596,0.015018046833574772,0.0,0.0,0,0,0,0,0.0,0.0,0.0,0,0,False,0.11934821307659149,3.214272055265775e-05,9.642816165797323e-05,25272,0
3160,2160,supervised,0.14685602858662605,0.014874604530632496,0.0,0.0,0,0,0,0,0.0,0.0,0.0,0,0,False,0.1193501278758049,3.211215770640469e-05,9.633647311921405e-05,25280,0
3161,2161,supervised,0.1779126226902008,0.01410035789012909,0.0,0.0,0,0,0,0,0.0,0.0,0.0,0,0,False,0.11935212463140488,3.2081602522734986e-05,9.624480756820496e-05,25288,0
3162,2162,supervised,0.1436263471841812,0.014621601905673742,0.0,0.0,0,0,0,0,0.0,0.0,0.0,0,0,False,0.11935408413410187,3.205105501473754e-05,9.615316504421262e-05,25296,0
3163,2163,supervised,0.08618134260177612,0.015693527180701494,0.0,0.0,0,0,0,0,0.0,0.0,0.0,0,0,False,0.11935591697692871,3.202051519549789e-05,9.606154558649365e-05,25304,0
3164,2164,supervised,0.09226420521736145,0.017098603770136833,0.0,0.0,0,0,0,0,0.0,0.0,0.0,0,0,False,0.11935805529356003,3.198998307809836e-05,9.596994923429508e-05,25312,0
3165,2165,supervised,0.07067606598138809,0.015526733361184597,0.0,0.0,0,0,0,0,0.0,0.0,0.0,0,0,False,0.11936003714799881,3.195945867561791e-05,9.587837602685372e-05,25320,0
3166,2166,supervised,0.2134849578142166,0.016670831944793463,0.0,0.0,0,0,0,0,0.0,0.0,0.0,0,0,False,0.1193617731332779,3.192894200113225e-05,9.578682600339675e-05,25328,0
3167,2167,supervised,0.24543023109436035,0.014699408318847418,0.0,0.0,0,0,0,0,0.0,0.0,0.0,0,0,False,0.11936359852552414,3.189843306771374e-05,9.569529920314121e-05,25336,0
3168,2168,supervised,0.18672001361846924,0.018714080564677715,0.0,0.0,0,0,0,0,0.0,0.0,0.0,0,0,False,0.11936555057764053,3.1867931888431444e-05,9.560379566529431e-05,25344,0
3169,2169,supervised,0.1281007155776024,0.01673414185643196,0.0,0.0,0,0,0,0,0.0,0.0,0.0,0,0,False,0.11936749517917633,3.183743847635109e-05,9.551231542905325e-05,25352,0
3170,2170,supervised,0.28169485926628113,0.014116758480668068,0.0,0.0,0,0,0,0,0.0,0.0,0.0,0,0,False,0.11936932802200317,3.180695284453509e-05,9.542085853360527e-05,25360,0
3171,2171,supervised,0.15951351448893547,0.0223410502076149,0.0,0.0,0,0,0,0,0.0,0.0,0.0,0,0,False,0.11937082558870316,3.177647500604252e-05,9.532942501812754e-05,25368,0
3172,2172,supervised,0.13249043747782707,0.01588069787248969,0.0,0.0,0,0,0,0,0.0,0.0,0.0,0,0,False,0.11937204748392105,3.174600497392912e-05,9.523801492178736e-05,25376,0
3173,2173,supervised,0.13399909436702728,0.01490098051726818,0.0,0.0,0,0,0,0,0.0,0.0,0.0,0,0,False,0.11937309056520462,3.1715542761247286e-05,9.514662828374185e-05,25384,0
3174,2174,supervised,0.1422833651304245,0.01731121027842164,0.0,0.0,0,0,0,0,0.0,0.0,0.0,0,0,False,0.11937402933835983,3.1685088381046065e-05,9.505526514313818e-05,25392,0
3175,2175,supervised,0.190011166036129,0.016550427302718163,0.0,0.0,0,0,0,0,0.0,0.0,0.0,0,0,False,0.11937518417835236,3.165464184637112e-05,9.496392553911336e-05,25400,0
3176,2176,supervised,0.10538068413734436,0.021036366932094097,0.0,0.0,0,0,0,0,0.0,0.0,0.0,0,0,False,0.1193760558962822,3.162420317026483e-05,9.487260951079448e-05,25408,0
3177,2177,supervised,0.12413661181926727,0.014505496248602867,0.0,0.0,0,0,0,0,0.0,0.0,0.0,0,0,False,0.11937694251537323,3.1593772365766105e-05,9.47813170972983e-05,25416,0
3178,2178,supervised,0.17938441783189774,0.016375163570046425,0.0,0.0,0,0,0,0,0.0,0.0,0.0,0,0,False,0.11937788873910904,3.1563349445910565e-05,9.469004833773167e-05,25424,0
3179,2179,supervised,0.13869700580835342,0.014597613364458084,0.0,0.0,0,0,0,0,0.0,0.0,0.0,0,0,False,0.11937889456748962,3.153293442373042e-05,9.459880327119125e-05,25432,0
3180,2180,supervised,0.23489326238632202,0.016401566099375486,0.0,0.0,0,0,0,0,0.0,0.0,0.0,0,0,False,0.11937990039587021,3.1502527312254474e-05,9.45075819367634e-05,25440,0
3181,2181,supervised,0.12859783321619034,0.016270301304757595,0.0,0.0,0,0,0,0,0.0,0.0,0.0,0,0,False,0.1193809062242508,3.147212812450819e-05,9.441638437352454e-05,25448,0
3182,2182,supervised,0.06812498718500137,0.016378700733184814,0.0,0.0,0,0,0,0,0.0,0.0,0.0,0,0,False,0.11938188970088959,3.1441736873513616e-05,9.432521062054084e-05,25456,0
3183,2183,supervised,0.1149805597960949,0.01583560137078166,0.0,0.0,0,0,0,0,0.0,0.0,0.0,0,0,False,0.11938299983739853,3.14113535722894e-05,9.42340607168682e-05,25464,0
3184,2184,supervised,0.19355713576078415,0.014891579281538725,0.0,0.0,0,0,0,0,0.0,0.0,0.0,0,0,False,0.11938416957855225,3.138097823385076e-05,9.414293470155229e-05,25472,0
3185,2185,supervised,0.11756638251245022,0.01629881141707301,0.0,0.0,0,0,0,0,0.0,0.0,0.0,0,0,False,0.11938533931970596,3.135061087120955e-05,9.405183261362863e-05,25480,0
3186,2186,supervised,0.16864538192749023,0.014466800261288881,0.0,0.0,0,0,0,0,0.0,0.0,0.0,0,0,False,0.11938688904047012,3.132025149737419e-05,9.396075449212255e-05,25488,0
3187,2187,supervised,0.2678300589323044,0.013930140063166618,0.0,0.0,0,0,0,0,0.0,0.0,0.0,0,0,False,0.11938849091529846,3.128990012534965e-05,9.386970037604892e-05,25496,0
3188,2188,supervised,0.15584857016801834,0.016787896864116192,0.0,0.0,0,0,0,0,0.0,0.0,0.0,0,0,False,0.11938993632793427,3.125955676813748e-05,9.377867030441244e-05,25504,0
3189,2189,supervised,0.19186440855264664,0.01790899783372879,0.0,0.0,0,0,0,0,0.0,0.0,0.0,0,0,False,0.11939124017953873,3.122922143873584e-05,9.368766431620751e-05,25512,0
3190,2190,supervised,0.09017806872725487,0.018184368032962084,0.0,0.0,0,0,0,0,0.0,0.0,0.0,0,0,False,0.11939257383346558,3.119889415013943e-05,9.359668245041827e-05,25520,0
3191,2191,supervised,0.14674434065818787,0.014557303860783577,0.0,0.0,0,0,0,0,0.0,0.0,0.0,0,0,False,0.11939404159784317,3.116857491533947e-05,9.350572474601839e-05,25528,0
3192,2192,supervised,0.1503526084125042,0.014388475567102432,0.0,0.0,0,0,0,0,0.0,0.0,0.0,0,0,False,0.11939553171396255,3.113826374732375e-05,9.341479124197123e-05,25536,0
3193,2193,supervised,0.21773985028266907,0.013925817795097828,0.0,0.0,0,0,0,0,0.0,0.0,0.0,0,0,False,0.11939739435911179,3.110796065907665e-05,9.332388197722994e-05,25544,0
3194,2194,supervised,0.18444473296403885,0.014777130912989378,0.0,0.0,0,0,0,0,0.0,0.0,0.0,0,0,False,0.11939912289381027,3.1077665663579014e-05,9.323299699073703e-05,25552,0
3195,2195,supervised,0.08733807131648064,0.01626185141503811,0.0,0.0,0,0,0,0,0.0,0.0,0.0,0,0,False,0.119400754570961,3.104737877380828e-05,9.314213632142482e-05,25560,0
3196,2196,supervised,0.20457050204277039,0.01511712372303009,0.0,0.0,0,0,0,0,0.0,0.0,0.0,0,0,False,0.11940235644578934,3.101710000273838e-05,9.305130000821513e-05,25568,0
3197,2197,supervised,0.13625133782625198,0.015146024525165558,0.0,0.0,0,0,0,0,0.0,0.0,0.0,0,0,False,0.11940393596887589,3.098682936333976e-05,9.296048809001928e-05,25576,0
3198,2198,supervised,0.24933839589357376,0.015964398626238108,0.0,0.0,0,0,0,0,0.0,0.0,0.0,0,0,False,0.11940544843673706,3.095656686857942e-05,9.286970060573824e-05,25584,0
3199,2199,supervised,0.19680026918649673,0.01949445065110922,0.0,0.0,0,0,0,0,0.0,0.0,0.0,0,0,False,0.11940665543079376,3.0926312531420856e-05,9.277893759426255e-05,25592,0
3200,2200,supervised,0.2632007598876953,0.013847340364009142,0.0,0.0,0,0,0,0,0.0,0.0,0.0,0,0,False,0.11940755695104599,3.089606636482406e-05,9.268819909447217e-05,25600,0
3201,2201,supervised,0.10748574137687683,0.014380858279764652,0.0,0.0,0,0,0,0,0.0,0.0,0.0,0,0,False,0.11940891295671463,3.086582838174551e-05,9.259748514523653e-05,25608,0
3202,2202,supervised,0.13325564563274384,0.017932039685547352,0.0,0.0,0,0,0,0,0.0,0.0,0.0,0,0,False,0.11941041052341461,3.083559859513822e-05,9.250679578541465e-05,25616,0
3203,2203,supervised,0.20380625873804092,0.017188606783747673,0.0,0.0,0,0,0,0,0.0,0.0,0.0,0,0,False,0.1194118782877922,3.080537701795168e-05,9.241613105385503e-05,25624,0
3204,2204,supervised,0.24519656598567963,0.014115041121840477,0.0,0.0,0,0,0,0,0.0,0.0,0.0,0,0,False,0.11941323429346085,3.0775163663131823e-05,9.232549098939546e-05,25632,0
3205,2205,supervised,0.2506822943687439,0.014639112632721663,0.0,0.0,0,0,0,0,0.0,0.0,0.0,0,0,False,0.11941440403461456,3.07449585436211e-05,9.223487563086328e-05,25640,0
3206,2206,supervised,0.1875581294298172,0.017579097766429186,0.0,0.0,0,0,0,0,0.0,0.0,0.0,0,0,False,0.1194155365228653,3.071476167235843e-05,9.214428501707527e-05,25648,0
3207,2207,supervised,0.11855394020676613,0.01412619138136506,0.0,0.0,0,0,0,0,0.0,0.0,0.0,0,0,False,0.11941680312156677,3.068457306227921e-05,9.205371918683761e-05,25656,0
3208,2208,supervised,0.30429841578006744,0.01424387376755476,0.0,0.0,0,0,0,0,0.0,0.0,0.0,0,0,False,0.11941799521446228,3.065439272631525e-05,9.196317817894575e-05,25664,0
3209,2209,supervised,0.29796934127807617,0.014814695343375206,0.0,0.0,0,0,0,0,0.0,0.0,0.0,0,0,False,0.1194191426038742,3.062422067739485e-05,9.187266203218456e-05,25672,0
3210,2210,supervised,0.2252720594406128,0.014933080412447453,0.0,0.0,0,0,0,0,0.0,0.0,0.0,0,0,False,0.11942025274038315,3.0594056928442794e-05,9.178217078532837e-05,25680,0
3211,2211,supervised,0.1551753543317318,0.016548830084502697,0.0,0.0,0,0,0,0,0.0,0.0,0.0,0,0,False,0.1194215714931488,3.056390149238022e-05,9.169170447714064e-05,25688,0
3212,2212,supervised,0.1448056325316429,0.01567723462358117,0.0,0.0,0,0,0,0,0.0,0.0,0.0,0,0,False,0.11942292004823685,3.05337543821248e-05,9.16012631463744e-05,25696,0
3213,2213,supervised,0.11939507909119129,0.014312997926026583,0.0,0.0,0,0,0,0,0.0,0.0,0.0,0,0,False,0.11942433565855026,3.0503615610590603e-05,9.151084683177179e-05,25704,0
3214,2214,supervised,0.09015069156885147,0.015645520761609077,0.0,0.0,0,0,0,0,0.0,0.0,0.0,0,0,False,0.11942575126886368,3.0473485190688077e-05,9.142045557206422e-05,25712,0
3215,2215,supervised,0.2319629117846489,0.016067735850811005,0.0,0.0,0,0,0,0,0.0,0.0,0.0,0,0,False,0.11942710727453232,3.0443363135324165e-05,9.133008940597249e-05,25720,0
3216,2216,supervised,0.17992404848337173,0.013870342634618282,0.0,0.0,0,0,0,0,0.0,0.0,0.0,0,0,False,0.11942850053310394,3.0413249457402206e-05,9.12397483722066e-05,25728,0
3217,2217,supervised,0.06971882283687592,0.01798778399825096,0.0,0.0,0,0,0,0,0.0,0.0,0.0,0,0,False,0.11942991614341736,3.038314416982194e-05,9.114943250946581e-05,25736,0
3218,2218,supervised,0.1843634843826294,0.016050118952989578,0.0,0.0,0,0,0,0,0.0,0.0,0.0,0,0,False,0.11943119019269943,3.0353047285479493e-05,9.105914185643846e-05,25744,0
3219,2219,supervised,0.12690235674381256,0.014902143273502588,0.0,0.0,0,0,0,0,0.0,0.0,0.0,0,0,False,0.1194324940443039,3.0322958817267426e-05,9.096887645180228e-05,25752,0
3220,2220,supervised,0.18132127821445465,0.014230018481612206,0.0,0.0,0,0,0,0,0.0,0.0,0.0,0,0,False,0.11943426728248596,3.0292878778074713e-05,9.087863633422413e-05,25760,0
3221,2221,supervised,0.12932232022285461,0.020075728185474873,0.0,0.0,0,0,0,0,0.0,0.0,0.0,0,0,False,0.11943584680557251,3.0262807180786647e-05,9.078842154235992e-05,25768,0
3222,2222,supervised,0.23324428871273994,0.015184617135673761,0.0,0.0,0,0,0,0,0.0,0.0,0.0,0,0,False,0.11943728476762772,3.0232744038284954e-05,9.069823211485485e-05,25776,0
3223,2223,supervised,0.0996742881834507,0.017957881093025208,0.0,0.0,0,0,0,0,0.0,0.0,0.0,0,0,False,0.11943873018026352,3.0202689363447734e-05,9.060806809034319e-05,25784,0
3224,2224,supervised,0.16262901201844215,0.01607341133058071,0.0,0.0,0,0,0,0,0.0,0.0,0.0,0,0,False,0.11944054812192917,3.017264316914947e-05,9.05179295074484e-05,25792,0
3225,2225,supervised,0.1543896719813347,0.014290004968643188,0.0,0.0,0,0,0,0,0.0,0.0,0.0,0,0,False,0.11944229155778885,3.0142605468260978e-05,9.042781640478291e-05,25800,0
3226,2226,supervised,0.08009152114391327,0.014866950921714306,0.0,0.0,0,0,0,0,0.0,0.0,0.0,0,0,False,0.11944390088319778,3.011257627364945e-05,9.033772882094833e-05,25808,0
3227,2227,supervised,0.1381932534277439,0.014567426405847073,0.0,0.0,0,0,0,0,0.0,0.0,0.0,0,0,False,0.11944548785686493,3.0082555598178465e-05,9.024766679453538e-05,25816,0
3228,2228,supervised,0.18754460662603378,0.01484127901494503,0.0,0.0,0,0,0,0,0.0,0.0,0.0,0,0,False,0.11944697052240372,3.0052543454707894e-05,9.015763036412366e-05,25824,0
3229,2229,supervised,0.2527799531817436,0.017830586060881615,0.0,0.0,0,0,0,0,0.0,0.0,0.0,0,0,False,0.11944838613271713,3.0022539856094007e-05,9.0067619568282e-05,25832,0
3230,2230,supervised,0.13857845216989517,0.01662182668223977,0.0,0.0,0,0,0,0,0.0,0.0,0.0,0,0,False,0.11944993585348129,2.999254481518939e-05,8.997763444556815e-05,25840,0
3231,2231,supervised,0.167471282184124,0.014001957140862942,0.0,0.0,0,0,0,0,0.0,0.0,0.0,0,0,False,0.11945144832134247,2.996255834484296e-05,8.988767503452887e-05,25848,0
3232,2232,supervised,0.14050986245274544,0.01544623589143157,0.0,0.0,0,0,0,0,0.0,0.0,0.0,0,0,False,0.1194533109664917,2.9932580457899968e-05,8.979774137369989e-05,25856,0
3233,2233,supervised,0.13362596184015274,0.01606689440086484,0.0,0.0,0,0,0,0,0.0,0.0,0.0,0,0,False,0.11945515125989914,2.9902611167202e-05,8.970783350160599e-05,25864,0
3234,2234,supervised,0.24206452071666718,0.014631658792495728,0.0,0.0,0,0,0,0,0.0,0.0,0.0,0,0,False,0.11945699900388718,2.9872650485586932e-05,8.961795145676078e-05,25872,0
3235,2235,supervised,0.12395884469151497,0.014914162922650576,0.0,0.0,0,0,0,0,0.0,0.0,0.0,0,0,False,0.11945875734090805,2.984269842588898e-05,8.952809527766693e-05,25880,0
3236,2236,supervised,0.15311072766780853,0.016302037052810192,0.0,0.0,0,0,0,0,0.0,0.0,0.0,0,0,False,0.11946066468954086,2.9812755000938642e-05,8.943826500281591e-05,25888,0
3237,2237,supervised,0.1542612425982952,0.014627804048359394,0.0,0.0,0,0,0,0,0.0,0.0,0.0,0,0,False,0.11946237832307816,2.9782820223562756e-05,8.934846067068825e-05,25896,0
3238,2238,supervised,0.12998546659946442,0.01574045978486538,0.0,0.0,0,0,0,0,0.0,0.0,0.0,0,0,False,0.11946403980255127,2.97528941065844e-05,8.925868231975319e-05,25904,0
3239,2239,supervised,0.13865037262439728,0.015737613663077354,0.0,0.0,0,0,0,0,0.0,0.0,0.0,0,0,False,0.11946555227041245,2.9722976662822987e-05,8.916892998846895e-05,25912,0
3240,2240,supervised,0.23782718181610107,0.014172797556966543,0.0,0.0,0,0,0,0,0.0,0.0,0.0,0,0,False,0.11946699023246765,2.969306790509419e-05,8.907920371528256e-05,25920,0
3241,2241,supervised,0.17971504479646683,0.014676173217594624,0.0,0.0,0,0,0,0,0.0,0.0,0.0,0,0,False,0.1194683387875557,2.9663167846209998e-05,8.898950353862998e-05,25928,0
3242,2242,supervised,0.13514083251357079,0.016885302029550076,0.0,0.0,0,0,0,0,0.0,0.0,0.0,0,0,False,0.11946959048509598,2.9633276498978602e-05,8.88998294969358e-05,25936,0
3243,2243,supervised,0.18042218685150146,0.015536135993897915,0.0,0.0,0,0,0,0,0.0,0.0,0.0,0,0,False,0.1194707602262497,2.9603393876204544e-05,8.881018162861362e-05,25944,0
3244,2244,supervised,0.19391143321990967,0.014955085702240467,0.0,0.0,0,0,0,0,0.0,0.0,0.0,0,0,False,0.11947166174650192,2.957351999068858e-05,8.872055997206572e-05,25952,0
3245,2245,supervised,0.2966809421777725,0.016021112445741892,0.0,0.0,0,0,0,0,0.0,0.0,0.0,0,0,False,0.11947255581617355,2.954365485522771e-05,8.863096456568311e-05,25960,0
3246,2246,supervised,0.1581839583814144,0.01990222930908203,0.0,0.0,0,0,0,0,0.0,0.0,0.0,0,0,False,0.11947348713874817,2.951379848261523e-05,8.854139544784567e-05,25968,0
3247,2247,supervised,0.1036842055618763,0.01619260897859931,0.0,0.0,0,0,0,0,0.0,0.0,0.0,0,0,False,0.1194746270775795,2.9483950885640673e-05,8.845185265692201e-05,25976,0
3248,2248,supervised,0.13520588353276253,0.015750613063573837,0.0,0.0,0,0,0,0,0.0,0.0,0.0,0,0,False,0.11947589367628098,2.945411207708979e-05,8.836233623126935e-05,25984,0
3249,2249,supervised,0.16933421045541763,0.014936734922230244,0.0,0.0,0,0,0,0,0.0,0.0,0.0,0,0,False,0.1194775253534317,2.9424282069744564e-05,8.827284620923368e-05,25992,0
3250,2250,supervised,0.15132173150777817,0.01580411335453391,0.0,0.0,0,0,0,0,0.0,0.0,0.0,0,0,False,0.11947951465845108,2.9394460876383234e-05,8.818338262914968e-05,26000,0
3251,2251,supervised,0.2489302158355713,0.01580668007954955,0.0,0.0,0,0,0,0,0.0,0.0,0.0,0,0,False,0.11948150396347046,2.936464850978027e-05,8.809394552934079e-05,26008,0
3252,2252,supervised,0.2857121601700783,0.01400683168321848,0.0,0.0,0,0,0,0,0.0,0.0,0.0,0,0,False,0.11948339641094208,2.9334844982706317e-05,8.800453494811894e-05,26016,0
3253,2253,supervised,0.10359686985611916,0.01754473987966776,0.0,0.0,0,0,0,0,0.0,0.0,0.0,0,0,False,0.11948540806770325,2.9305050307928262e-05,8.791515092378477e-05,26024,0
3254,2254,supervised,0.11283781751990318,0.015646259300410748,0.0,0.0,0,0,0,0,0.0,0.0,0.0,0,0,False,0.11948731541633606,2.9275264498209213e-05,8.782579349462764e-05,26032,0
3255,2255,supervised,0.12942945957183838,0.015878788195550442,0.0,0.0,0,0,0,0,0.0,0.0,0.0,0,0,False,0.11949014663696289,2.9245487566308445e-05,8.773646269892532e-05,26040,0
3256,2256,supervised,0.07381882332265377,0.015386742539703846,0.0,0.0,0,0,0,0,0.0,0.0,0.0,0,0,False,0.11949291080236435,2.9215719524981467e-05,8.764715857494439e-05,26048,0
3257,2257,supervised,0.13931482285261154,0.015556278638541698,0.0,0.0,0,0,0,0,0.0,0.0,0.0,0,0,False,0.11949548870325089,2.918596038697995e-05,8.755788116093983e-05,26056,0
3258,2258,supervised,0.10972604528069496,0.020170705392956734,0.0,0.0,0,0,0,0,0.0,0.0,0.0,0,0,False,0.1194978579878807,2.9156210165051757e-05,8.746863049515525e-05,26064,0
3259,2259,supervised,0.19556427001953125,0.014001735486090183,0.0,0.0,0,0,0,0,0.0,0.0,0.0,0,0,False,0.11950019747018814,2.9126468871940977e-05,8.737940661582291e-05,26072,0
3260,2260,supervised,0.1731087490916252,0.01420484995469451,0.0,0.0,0,0,0,0,0.0,0.0,0.0,0,0,False,0.11950243264436722,2.909673652038778e-05,8.729020956116333e-05,26080,0
3261,2261,supervised,0.18987956643104553,0.016646256670355797,0.0,0.0,0,0,0,0,0.0,0.0,0.0,0,0,False,0.11950458586215973,2.9067013123128613e-05,8.720103936938582e-05,26088,0
3262,2262,supervised,0.12395094707608223,0.016437632963061333,0.0,0.0,0,0,0,0,0.0,0.0,0.0,0,0,False,0.11950673907995224,2.9037298692895985e-05,8.711189607868795e-05,26096,0
3263,2263,supervised,0.242105633020401,0.013549537863582373,0.0,0.0,0,0,0,0,0.0,0.0,0.0,0,0,False,0.11950883269309998,2.900759324241864e-05,8.702277972725591e-05,26104,0
3264,2264,supervised,0.34540560841560364,0.016160874161869287,0.0,0.0,0,0,0,0,0.0,0.0,0.0,0,0,False,0.11951068788766861,2.897789678442145e-05,8.693369035326433e-05,26112,0
3265,2265,supervised,0.232105053961277,0.014155860524624586,0.0,0.0,0,0,0,0,0.0,0.0,0.0,0,0,False,0.11951246857643127,2.8948209331625454e-05,8.684462799487635e-05,26120,0
3266,2266,supervised,0.22572463005781174,0.013834359124302864,0.0,0.0,0,0,0,0,0.0,0.0,0.0,0,0,False,0.11951425671577454,2.8918530896747764e-05,8.675559269024328e-05,26128,0
3267,2267,supervised,0.15046506375074387,0.016012536361813545,0.0,0.0,0,0,0,0,0.0,0.0,0.0,0,0,False,0.11951595544815063,2.8888861492501734e-05,8.666658447750519e-05,26136,0
3268,2268,supervised,0.18452566862106323,0.016642626840621233,0.0,0.0,0,0,0,0,0.0,0.0,0.0,0,0,False,0.11951744556427002,2.885920113159677e-05,8.657760339479029e-05,26144,0
3269,2269,supervised,0.1746925413608551,0.0139765664935112,0.0,0.0,0,0,0,0,0.0,0.0,0.0,0,0,False,0.11951899528503418,2.88295498267384e-05,8.648864948021519e-05,26152,0
3270,2270,supervised,0.08035615459084511,0.014758266042917967,0.0,0.0,0,0,0,0,0.0,0.0,0.0,0,0,False,0.11952070891857147,2.8799907590628323e-05,8.639972277188496e-05,26160,0
3271,2271,supervised,0.3483756333589554,0.015721049159765244,0.0,0.0,0,0,0,0,0.0,0.0,0.0,0,0,False,0.11952237039804459,2.8770274435964355e-05,8.631082330789306e-05,26168,0
3272,2272,supervised,0.11357896402478218,0.017514651641249657,0.0,0.0,0,0,0,0,0.0,0.0,0.0,0,0,False,0.11952389776706696,2.8740650375440358e-05,8.622195112632107e-05,26176,0
3273,2273,supervised,0.15021638572216034,0.014448311179876328,0.0,0.0,0,0,0,0,0.0,0.0,0.0,0,0,False,0.11952584981918335,2.8711035421746367e-05,8.613310626523909e-05,26184,0
3274,2274,supervised,0.1809466853737831,0.016378154046833515,0.0,0.0,0,0,0,0,0.0,0.0,0.0,0,0,False,0.11952777206897736,2.8681429587568465e-05,8.604428876270539e-05,26192,0
3275,2275,supervised,0.11965560913085938,0.015053203329443932,0.0,0.0,0,0,0,0,0.0,0.0,0.0,0,0,False,0.11952971667051315,2.865183288558889e-05,8.595549865676666e-05,26200,0
3276,2276,supervised,0.19945143163204193,0.015341232996433973,0.0,0.0,0,0,0,0,0.0,0.0,0.0,0,0,False,0.11953142285346985,2.8622245328485907e-05,8.586673598545771e-05,26208,0
3277,2277,supervised,0.15366841480135918,0.01592912757769227,0.0,0.0,0,0,0,0,0.0,0.0,0.0,0,0,False,0.11953306943178177,2.859266692893386e-05,8.577800078680156e-05,26216,0
3278,2278,supervised,0.12068714946508408,0.01797420810908079,0.0,0.0,0,0,0,0,0.0,0.0,0.0,0,0,False,0.11953435093164444,2.8563097699603237e-05,8.56892930988097e-05,26224,0
3279,2279,supervised,0.09514427930116653,0.01832834631204605,0.0,0.0,0,0,0,0,0.0,0.0,0.0,0,0,False,0.1195356696844101,2.8533537653160514e-05,8.560061295948153e-05,26232,0
3280,2280,supervised,0.15743497386574745,0.015544284600764513,0.0,0.0,0,0,0,0,0.0,0.0,0.0,0,0,False,0.11953675001859665,2.8503986802268295e-05,8.551196040680488e-05,26240,0
3281,2281,supervised,0.13640298321843147,0.019781865179538727,0.0,0.0,0,0,0,0,0.0,0.0,0.0,0,0,False,0.11953780800104141,2.8474445159585235e-05,8.54233354787557e-05,26248,0
3282,2282,supervised,0.09537443518638611,0.020346594974398613,0.0,0.0,0,0,0,0,0.0,0.0,0.0,0,0,False,0.11953908205032349,2.8444912737766048e-05,8.533473821329814e-05,26256,0
3283,2283,supervised,0.23727156221866608,0.01725498028099537,0.0,0.0,0,0,0,0,0.0,0.0,0.0,0,0,False,0.1195402517914772,2.8415389549461446e-05,8.524616864838432e-05,26264,0
3284,2284,supervised,0.1719579454511404,0.01402879087254405,0.0,0.0,0,0,0,0,0.0,0.0,0.0,0,0,False,0.1195414736866951,2.838587560731827e-05,8.51576268219548e-05,26272,0
3285,2285,supervised,0.23393815755844116,0.014732994139194489,0.0,0.0,0,0,0,0,0.0,0.0,0.0,0,0,False,0.11954273283481598,2.8356370923979324e-05,8.506911277193797e-05,26280,0
3286,2286,supervised,0.1918838769197464,0.01548017468303442,0.0,0.0,0,0,0,0,0.0,0.0,0.0,0,0,False,0.119544118642807,2.832687551208346e-05,8.498062653625037e-05,26288,0
3287,2287,supervised,0.18009210377931595,0.014962100889533758,0.0,0.0,0,0,0,0,0.0,0.0,0.0,0,0,False,0.11954545974731445,2.829738938426561e-05,8.489216815279682e-05,26296,0
3288,2288,supervised,0.12316247075796127,0.01601117616519332,0.0,0.0,0,0,0,0,0.0,0.0,0.0,0,0,False,0.11954682320356369,2.82679125531567e-05,8.48037376594701e-05,26304,0
3289,2289,supervised,0.07270396128296852,0.01733208680525422,0.0,0.0,0,0,0,0,0.0,0.0,0.0,0,0,False,0.1195482388138771,2.823844503138363e-05,8.471533509415088e-05,26312,0
3290,2290,supervised,0.11908271163702011,0.015168975573033094,0.0,0.0,0,0,0,0,0.0,0.0,0.0,0,0,False,0.11954966932535172,2.8208986831569374e-05,8.46269604947081e-05,26320,0
3291,2291,supervised,0.10962000489234924,0.015486104879528284,0.0,0.0,0,0,0,0,0.0,0.0,0.0,0,0,False,0.11955118179321289,2.8179537966332887e-05,8.453861389899865e-05,26328,0
3292,2292,supervised,0.11829348653554916,0.016224378254264593,0.0,0.0,0,0,0,0,0.0,0.0,0.0,0,0,False,0.11955221742391586,2.8150098448289143e-05,8.445029534486741e-05,26336,0
3293,2293,supervised,0.23109819740056992,0.016357567626982927,0.0,0.0,0,0,0,0,0.0,0.0,0.0,0,0,False,0.11955320090055466,2.8120668290049085e-05,8.436200487014724e-05,26344,0
3294,2294,supervised,0.13594457507133484,0.014459439553320408,0.0,0.0,0,0,0,0,0.0,0.0,0.0,0,0,False,0.11955409497022629,2.809124750421963e-05,8.427374251265889e-05,26352,0
3295,2295,supervised,0.11995872855186462,0.01488328818231821,0.0,0.0,0,0,0,0,0.0,0.0,0.0,0,0,False,0.11955499649047852,2.8061836103403754e-05,8.418550831021126e-05,26360,0
3296,2296,supervised,0.1682230830192566,0.014716439880430698,0.0,0.0,0,0,0,0,0.0,0.0,0.0,0,0,False,0.11955588310956955,2.803243410020032e-05,8.409730230060095e-05,26368,0
3297,2297,supervised,0.27697470784187317,0.013613156042993069,0.0,0.0,0,0,0,0,0.0,0.0,0.0,0,0,False,0.1195567399263382,2.8003041507204242e-05,8.400912452161271e-05,26376,0
3298,2298,supervised,0.06806639581918716,0.016847076825797558,0.0,0.0,0,0,0,0,0.0,0.0,0.0,0,0,False,0.11955758929252625,2.797365833700637e-05,8.39209750110191e-05,26384,0
3299,2299,supervised,0.11689001321792603,0.01664692210033536,0.0,0.0,0,0,0,0,0.0,0.0,0.0,0,0,False,0.11955851316452026,2.7944284602193526e-05,8.383285380658056e-05,26392,0
3300,2300,supervised,0.18520860001444817,0.013872205279767513,0.0,0.0,0,0,0,0,0.0,0.0,0.0,0,0,False,0.11955944448709488,2.7914920315348463e-05,8.374476094604538e-05,26400,0
3301,2301,supervised,0.07551949471235275,0.01445893757045269,0.0,0.0,0,0,0,0,0.0,0.0,0.0,0,0,False,0.11956053227186203,2.7885565489049946e-05,8.365669646714983e-05,26408,0
3302,2302,supervised,0.17962224781513214,0.01506558945402503,0.0,0.0,0,0,0,0,0.0,0.0,0.0,0,0,False,0.11956147104501724,2.7856220135872624e-05,8.356866040761786e-05,26416,0
3303,2303,supervised,0.1386331543326378,0.016181357204914093,0.0,0.0,0,0,0,0,0.0,0.0,0.0,0,0,False,0.11956252157688141,2.7826884268387088e-05,8.348065280516125e-05,26424,0
3304,2304,supervised,0.12910031527280807,0.014986378140747547,0.0,0.0,0,0,0,0,0.0,0.0,0.0,0,0,False,0.11956370621919632,2.7797557899159933e-05,8.339267369747978e-05,26432,0
3305,2305,supervised,0.10573766380548477,0.015595222357660532,0.0,0.0,0,0,0,0,0.0,0.0,0.0,0,0,False,0.11956503242254257,2.776824104075364e-05,8.330472312226091e-05,26440,0
3306,2306,supervised,0.09263302758336067,0.016993906814604998,0.0,0.0,0,0,0,0,0.0,0.0,0.0,0,0,False,0.1195666640996933,2.77389337057266e-05,8.32168011171798e-05,26448,0
3307,2307,supervised,0.12934352457523346,0.01608279999345541,0.0,0.0,0,0,0,0,0.0,0.0,0.0,0,0,False,0.11956808716058731,2.7709635906633145e-05,8.312890771989943e-05,26456,0
3308,2308,supervised,0.17830628156661987,0.014078900218009949,0.0,0.0,0,0,0,0,0.0,0.0,0.0,0,0,False,0.11956953257322311,2.7680347656023543e-05,8.304104296807061e-05,26464,0
3309,2309,supervised,0.15997004136443138,0.014399615582078695,0.0,0.0,0,0,0,0,0.0,0.0,0.0,0,0,False,0.11957089602947235,2.765106896644395e-05,8.295320689933183e-05,26472,0
3310,2310,supervised,0.2257465422153473,0.015376491472125053,0.0,0.0,0,0,0,0,0.0,0.0,0.0,0,0,False,0.11957214772701263,2.7621799850436415e-05,8.286539955130923e-05,26480,0
3311,2311,supervised,0.14805993065238,0.014263081829994917,0.0,0.0,0,0,0,0,0.0,0.0,0.0,0,0,False,0.11957366019487381,2.759254032053888e-05,8.277762096161662e-05,26488,0
3312,2312,supervised,0.12569985911250114,0.01586464699357748,0.0,0.0,0,0,0,0,0.0,0.0,0.0,0,0,False,0.11957500129938126,2.7563290389285233e-05,8.268987116785569e-05,26496,0
3313,2313,supervised,0.1949470341205597,0.01434347266331315,0.0,0.0,0,0,0,0,0.0,0.0,0.0,0,0,False,0.11957632005214691,2.753405006920518e-05,8.260215020761553e-05,26504,0
3314,2314,supervised,0.2847135663032532,0.01417043711990118,0.0,0.0,0,0,0,0,0.0,0.0,0.0,0,0,False,0.11957760155200958,2.7504819372824364e-05,8.251445811847308e-05,26512,0
3315,2315,supervised,0.0766710713505745,0.0195059422403574,0.0,0.0,0,0,0,0,0.0,0.0,0.0,0,0,False,0.11957880109548569,2.7475598312664285e-05,8.242679493799285e-05,26520,0
3316,2316,supervised,0.13007501512765884,0.014936354011297226,0.0,0.0,0,0,0,0,0.0,0.0,0.0,0,0,False,0.11958000063896179,2.7446386901242338e-05,8.2339160703727e-05,26528,0
3317,2317,supervised,0.29159015417099,0.014555636793375015,0.0,0.0,0,0,0,0,0.0,0.0,0.0,0,0,False,0.11958111077547073,2.7417185151071716e-05,8.225155545321514e-05,26536,0
3318,2318,supervised,0.08761268109083176,0.013968908227980137,0.0,0.0,0,0,0,0,0.0,0.0,0.0,0,0,False,0.11958248168230057,2.7387993074661577e-05,8.216397922398473e-05,26544,0
3319,2319,supervised,0.15560207143425941,0.014752877876162529,0.0,0.0,0,0,0,0,0.0,0.0,0.0,0,0,False,0.11958388984203339,2.735881068451683e-05,8.207643205355047e-05,26552,0
3320,2320,supervised,0.1474037729203701,0.019094910938292742,0.0,0.0,0,0,0,0,0.0,0.0,0.0,0,0,False,0.11958502233028412,2.732963799313832e-05,8.198891397941494e-05,26560,0
3321,2321,supervised,0.29060813784599304,0.013774084858596325,0.0,0.0,0,0,0,0,0.0,0.0,0.0,0,0,False,0.11958610266447067,2.7300475013022663e-05,8.190142503906798e-05,26568,0
3322,2322,supervised,0.08021790534257889,0.015153141226619482,0.0,0.0,0,0,0,0,0.0,0.0,0.0,0,0,False,0.11958722770214081,2.7271321756662384e-05,8.181396526998713e-05,26576,0
3323,2323,supervised,0.13184436038136482,0.014325044117867947,0.0,0.0,0,0,0,0,0.0,0.0,0.0,0,0,False,0.11958853900432587,2.7242178236545817e-05,8.172653470963744e-05,26584,0
3324,2324,supervised,0.13139095902442932,0.014766147825866938,0.0,0.0,0,0,0,0,0.0,0.0,0.0,0,0,False,0.11958985030651093,2.721304446515709e-05,8.163913339547126e-05,26592,0
3325,2325,supervised,0.0983901396393776,0.01656118454411626,0.0,0.0,0,0,0,0,0.0,0.0,0.0,0,0,False,0.11959126591682434,2.7183920454976196e-05,8.155176136492857e-05,26600,0
3326,2326,supervised,0.15302615240216255,0.014915148727595806,0.0,0.0,0,0,0,0,0.0,0.0,0.0,0,0,False,0.11959268897771835,2.7154806218478968e-05,8.146441865543689e-05,26608,0
3327,2327,supervised,0.13100719079375267,0.01695587718859315,0.0,0.0,0,0,0,0,0.0,0.0,0.0,0,0,False,0.1195940375328064,2.7125701768136974e-05,8.13771053044109e-05,26616,0
3328,2328,supervised,0.23257708549499512,0.01457404438406229,0.0,0.0,0,0,0,0,0.0,0.0,0.0,0,0,False,0.1195952519774437,2.7096607116417672e-05,8.1289821349253e-05,26624,0
3329,2329,supervised,0.20507124066352844,0.017108927480876446,0.0,0.0,0,0,0,0,0.0,0.0,0.0,0,0,False,0.1195962056517601,2.7067522275784273e-05,8.120256682735281e-05,26632,0
3330,2330,supervised,0.17872319370508194,0.016268775798380375,0.0,0.0,0,0,0,0,0.0,0.0,0.0,0,0,False,0.11959705501794815,2.7038447258695775e-05,8.111534177608732e-05,26640,0
3331,2331,supervised,0.12592201679944992,0.016101323068141937,0.0,0.0,0,0,0,0,0.0,0.0,0.0,0,0,False,0.11959784477949142,2.700938207760701e-05,8.102814623282102e-05,26648,0
3332,2332,supervised,0.09981139376759529,0.018206567503511906,0.0,0.0,0,0,0,0,0.0,0.0,0.0,0,0,False,0.11959847062826157,2.698032674496858e-05,8.094098023490573e-05,26656,0
3333,2333,supervised,0.12458551675081253,0.01571298250928521,0.0,0.0,0,0,0,0,0.0,0.0,0.0,0,0,False,0.11959901452064514,2.695128127322689e-05,8.085384381968067e-05,26664,0
3334,2334,supervised,0.0907677598297596,0.014806627295911312,0.0,0.0,0,0,0,0,0.0,0.0,0.0,0,0,False,0.11959967017173767,2.6922245674824055e-05,8.076673702447215e-05,26672,0
3335,2335,supervised,0.17571073025465012,0.014226093888282776,0.0,0.0,0,0,0,0,0.0,0.0,0.0,0,0,False,0.11960035562515259,2.6893219962198017e-05,8.067965988659405e-05,26680,0
3336,2336,supervised,0.12572072446346283,0.015040961094200611,0.0,0.0,0,0,0,0,0.0,0.0,0.0,0,0,False,0.11960114538669586,2.6864204147782503e-05,8.059261244334749e-05,26688,0
3337,2337,supervised,0.13136719167232513,0.01540273753926158,0.0,0.0,0,0,0,0,0.0,0.0,0.0,0,0,False,0.11960190534591675,2.6835198244006927e-05,8.050559473202077e-05,26696,0
3338,2338,supervised,0.1290164552628994,0.014727800153195858,0.0,0.0,0,0,0,0,0.0,0.0,0.0,0,0,False,0.11960267275571823,2.680620226329649e-05,8.041860678988947e-05,26704,0
3339,2339,supervised,0.19411686807870865,0.013585381675511599,0.0,0.0,0,0,0,0,0.0,0.0,0.0,0,0,False,0.11960369348526001,2.677721621807217e-05,8.033164865421651e-05,26712,0
3340,2340,supervised,0.11934866011142731,0.013591005466878414,0.0,0.0,0,0,0,0,0.0,0.0,0.0,0,0,False,0.11960496008396149,2.6748240120750684e-05,8.024472036225204e-05,26720,0
3341,2341,supervised,0.14425822347402573,0.015394879505038261,0.0,0.0,0,0,0,0,0.0,0.0,0.0,0,0,False,0.11960628628730774,2.671927398374443e-05,8.015782195123328e-05,26728,0
3342,2342,supervised,0.175764761865139,0.014337524771690369,0.0,0.0,0,0,0,0,0.0,0.0,0.0,0,0,False,0.11960748583078384,2.669031781946161e-05,8.00709534583848e-05,26736,0
3343,2343,supervised,0.13520102575421333,0.020461589097976685,0.0,0.0,0,0,0,0,0.0,0.0,0.0,0,0,False,0.11960859596729279,2.666137164030612e-05,7.998411492091835e-05,26744,0
3344,2344,supervised,0.23349110782146454,0.014341648668050766,0.0,0.0,0,0,0,0,0.0,0.0,0.0,0,0,False,0.11960963159799576,2.6632435458677575e-05,7.989730637603271e-05,26752,0
3345,2345,supervised,0.08241499215364456,0.016975311562418938,0.0,0.0,0,0,0,0,0.0,0.0,0.0,0,0,False,0.11961062252521515,2.660350928697134e-05,7.9810527860914e-05,26760,0
3346,2346,supervised,0.08993571996688843,0.015350213274359703,0.0,0.0,0,0,0,0,0.0,0.0,0.0,0,0,False,0.11961188167333603,2.657459313757845e-05,7.972377941273534e-05,26768,0
3347,2347,supervised,0.1234909575432539,0.01600949512794614,0.0,0.0,0,0,0,0,0.0,0.0,0.0,0,0,False,0.11961304396390915,2.6545687022885644e-05,7.963706106865692e-05,26776,0
3348,2348,supervised,0.29322224855422974,0.014372960664331913,0.0,0.0,0,0,0,0,0.0,0.0,0.0,0,0,False,0.11961404979228973,2.65167909552754e-05,7.95503728658262e-05,26784,0
3349,2349,supervised,0.09774453565478325,0.015918942168354988,0.0,0.0,0,0,0,0,0.0,0.0,0.0,0,0,False,0.11961522698402405,2.6487904947125884e-05,7.946371484137764e-05,26792,0
3350,2350,supervised,0.09217628464102745,0.016116317361593246,0.0,0.0,0,0,0,0,0.0,0.0,0.0,0,0,False,0.1196163147687912,2.6459029010810954e-05,7.937708703243285e-05,26800,0
3351,2351,supervised,0.11810854449868202,0.014969428535550833,0.0,0.0,0,0,0,0,0.0,0.0,0.0,0,0,False,0.11961725354194641,2.6430163158700115e-05,7.929048947610034e-05,26808,0
3352,2352,supervised,0.07879166677594185,0.015611384995281696,0.0,0.0,0,0,0,0,0.0,0.0,0.0,0,0,False,0.11961833387613297,2.6401307403158592e-05,7.920392220947577e-05,26816,0
3353,2353,supervised,0.18223468214273453,0.01774361077696085,0.0,0.0,0,0,0,0,0.0,0.0,0.0,0,0,False,0.11961925029754639,2.6372461756547306e-05,7.911738526964191e-05,26824,0
3354,2354,supervised,0.1678948774933815,0.014612975530326366,0.0,0.0,0,0,0,0,0.0,0.0,0.0,0,0,False,0.11962009221315384,2.6343626231222774e-05,7.90308786936683e-05,26832,0
3355,2355,supervised,0.11103961244225502,0.014859250281006098,0.0,0.0,0,0,0,0,0.0,0.0,0.0,0,0,False,0.11962033063173294,2.6314800839537225e-05,7.894440251861166e-05,26840,0
3356,2356,supervised,0.1298644244670868,0.01706476602703333,0.0,0.0,0,0,0,0,0.0,0.0,0.0,0,0,False,0.11962054669857025,2.6285985593838537e-05,7.88579567815156e-05,26848,0
3357,2357,supervised,0.140866257250309,0.016125697176903486,0.0,0.0,0,0,0,0,0.0,0.0,0.0,0,0,False,0.11962080746889114,2.625718050647028e-05,7.877154151941082e-05,26856,0
3358,2358,supervised,0.09723596647381783,0.015478053595870733,0.0,0.0,0,0,0,0,0.0,0.0,0.0,0,0,False,0.11962120234966278,2.62283855897716e-05,7.868515676931478e-05,26864,0
3359,2359,supervised,0.19278834760189056,0.01981744822114706,0.0,0.0,0,0,0,0,0.0,0.0,0.0,0,0,False,0.11962151527404785,2.6199600856077334e-05,7.859880256823199e-05,26872,0
3360,2360,supervised,0.0794537290930748,0.01595629518851638,0.0,0.0,0,0,0,0,0.0,0.0,0.0,0,0,False,0.11962185800075531,2.6170826317717974e-05,7.851247895315391e-05,26880,0
3361,2361,supervised,0.0772339329123497,0.014580538962036371,0.0,0.0,0,0,0,0,0.0,0.0,0.0,0,0,False,0.11962218582630157,2.6142061987019577e-05,7.842618596105872e-05,26888,0
3362,2362,supervised,0.09149976819753647,0.017309795133769512,0.0,0.0,0,0,0,0,0.0,0.0,0.0,0,0,False,0.11962264776229858,2.611330787630391e-05,7.833992362891173e-05,26896,0
3363,2363,supervised,0.13237722218036652,0.015063007827848196,0.0,0.0,0,0,0,0,0.0,0.0,0.0,0,0,False,0.11962338536977768,2.6084563997888302e-05,7.82536919936649e-05,26904,0
3364,2364,supervised,0.07698159664869308,0.015450136736035347,0.0,0.0,0,0,0,0,0.0,0.0,0.0,0,0,False,0.11962433904409409,2.605583036408569e-05,7.816749109225706e-05,26912,0
3365,2365,supervised,0.06287050247192383,0.01612008363008499,0.0,0.0,0,0,0,0,0.0,0.0,0.0,0,0,False,0.11962532252073288,2.6027106987204676e-05,7.808132096161402e-05,26920,0
3366,2366,supervised,0.26039735972881317,0.013562062755227089,0.0,0.0,0,0,0,0,0.0,0.0,0.0,0,0,False,0.11962632834911346,2.5998393879549443e-05,7.799518163864832e-05,26928,0
3367,2367,supervised,0.08845541626214981,0.0157177047803998,0.0,0.0,0,0,0,0,0.0,0.0,0.0,0,0,False,0.11962761729955673,2.5969691053419788e-05,7.790907316025935e-05,26936,0
3368,2368,supervised,0.2983248755335808,0.01549519645050168,0.0,0.0,0,0,0,0,0.0,0.0,0.0,0,0,False,0.1196288987994194,2.594099852111105e-05,7.782299556333314e-05,26944,0
3369,2369,supervised,0.24295684695243835,0.013656667433679104,0.0,0.0,0,0,0,0,0.0,0.0,0.0,0,0,False,0.11963008344173431,2.591231629491423e-05,7.773694888474267e-05,26952,0
3370,2370,supervised,0.2314225658774376,0.015578701626509428,0.0,0.0,0,0,0,0,0.0,0.0,0.0,0,0,False,0.11963119357824326,2.588364438711589e-05,7.765093316134766e-05,26960,0
3371,2371,supervised,0.1400987170636654,0.013939478900283575,0.0,0.0,0,0,0,0,0.0,0.0,0.0,0,0,False,0.11963269114494324,2.5854982809998153e-05,7.756494842999444e-05,26968,0
3372,2372,supervised,0.24074816703796387,0.015731113497167826,0.0,0.0,0,0,0,0,0.0,0.0,0.0,0,0,False,0.1196339875459671,2.5826331575838702e-05,7.74789947275161e-05,26976,0
3373,2373,supervised,0.25118641555309296,0.014443295542150736,0.0,0.0,0,0,0,0,0.0,0.0,0.0,0,0,False,0.11963514983654022,2.5797690696910836e-05,7.73930720907325e-05,26984,0
3374,2374,supervised,0.19364801049232483,0.016011427622288465,0.0,0.0,0,0,0,0,0.0,0.0,0.0,0,0,False,0.11963621526956558,2.5769060185483418e-05,7.730718055645024e-05,26992,0
3375,2375,supervised,0.13874083012342453,0.01383938267827034,0.0,0.0,0,0,0,0,0.0,0.0,0.0,0,0,False,0.11963752657175064,2.5740440053820813e-05,7.722132016146243e-05,27000,0
3376,2376,supervised,0.13274778425693512,0.017218029126524925,0.0,0.0,0,0,0,0,0.0,0.0,0.0,0,0,False,0.11963875591754913,2.5711830314182994e-05,7.713549094254897e-05,27008,0
3377,2377,supervised,0.1846144124865532,0.017303008120507002,0.0,0.0,0,0,0,0,0.0,0.0,0.0,0,0,False,0.11963995546102524,2.5683230978825477e-05,7.704969293647643e-05,27016,0
3378,2378,supervised,0.13950025290250778,0.017119180876761675,0.0,0.0,0,0,0,0,0.0,0.0,0.0,0,0,False,0.11964105814695358,2.565464205999929e-05,7.696392617999786e-05,27024,0
3379,2379,supervised,0.2021542191505432,0.015580692328512669,0.0,0.0,0,0,0,0,0.0,0.0,0.0,0,0,False,0.1196422204375267,2.5626063569951036e-05,7.687819070985309e-05,27032,0
3380,2380,supervised,0.19124571606516838,0.016952918842434883,0.0,0.0,0,0,0,0,0.0,0.0,0.0,0,0,False,0.11964317411184311,2.55974955209228e-05,7.679248656276838e-05,27040,0
3381,2381,supervised,0.24550950527191162,0.01621783385053277,0.0,0.0,0,0,0,0,0.0,0.0,0.0,0,0,False,0.11964426934719086,2.556893792515227e-05,7.67068137754568e-05,27048,0
3382,2382,supervised,0.14653072878718376,0.015718825161457062,0.0,0.0,0,0,0,0,0.0,0.0,0.0,0,0,False,0.11964508891105652,2.5540390794872566e-05,7.662117238461769e-05,27056,0
3383,2383,supervised,0.16203299164772034,0.01927863573655486,0.0,0.0,0,0,0,0,0.0,0.0,0.0,0,0,False,0.11964607983827591,2.5511854142312397e-05,7.653556242693717e-05,27064,0
3384,2384,supervised,0.1491801217198372,0.01599637884646654,0.0,0.0,0,0,0,0,0.0,0.0,0.0,0,0,False,0.1196468323469162,2.548332797969597e-05,7.64499839390879e-05,27072,0
3385,2385,supervised,0.1227455846965313,0.014671708922833204,0.0,0.0,0,0,0,0,0.0,0.0,0.0,0,0,False,0.1196475699543953,2.545481231924296e-05,7.636443695772887e-05,27080,0
3386,2386,supervised,0.18497521430253983,0.018592356704175472,0.0,0.0,0,0,0,0,0.0,0.0,0.0,0,0,False,0.119648277759552,2.5426307173168585e-05,7.627892151950574e-05,27088,0
3387,2387,supervised,0.14923233538866043,0.01729790773242712,0.0,0.0,0,0,0,0,0.0,0.0,0.0,0,0,False,0.11964879930019379,2.5397812553683552e-05,7.619343766105065e-05,27096,0
3388,2388,supervised,0.1687106341123581,0.014979897998273373,0.0,0.0,0,0,0,0,0.0,0.0,0.0,0,0,False,0.11964935809373856,2.5369328472994038e-05,7.61079854189821e-05,27104,0
3389,2389,supervised,0.11763284541666508,0.014679769985377789,0.0,0.0,0,0,0,0,0.0,0.0,0.0,0,0,False,0.11965005844831467,2.534085494330173e-05,7.602256482990518e-05,27112,0
3390,2390,supervised,0.13134810328483582,0.0210665101185441,0.0,0.0,0,0,0,0,0.0,0.0,0.0,0,0,False,0.1196507140994072,2.5312391976803752e-05,7.593717593041125e-05,27120,0
3391,2391,supervised,0.21515313535928726,0.01383060310035944,0.0,0.0,0,0,0,0,0.0,0.0,0.0,0,0,False,0.11965219676494598,2.5283939585692783e-05,7.585181875707835e-05,27128,0
3392,2392,supervised,0.1451127976179123,0.016832930967211723,0.0,0.0,0,0,0,0,0.0,0.0,0.0,0,0,False,0.11965368688106537,2.525549778215688e-05,7.576649334647063e-05,27136,0
3393,2393,supervised,0.22641684859991074,0.014929052907973528,0.0,0.0,0,0,0,0,0.0,0.0,0.0,0,0,False,0.1196550503373146,2.522706657837962e-05,7.568119973513885e-05,27144,0
3394,2394,supervised,0.25256654620170593,0.015170992352068424,0.0,0.0,0,0,0,0,0.0,0.0,0.0,0,0,False,0.11965632438659668,2.519864598654006e-05,7.559593795962017e-05,27152,0
3395,2395,supervised,0.08888280391693115,0.018889373168349266,0.0,0.0,0,0,0,0,0.0,0.0,0.0,0,0,False,0.11965753883123398,2.5170236018812626e-05,7.551070805643786e-05,27160,0
3396,2396,supervised,0.18610892072319984,0.020472734235227108,0.0,0.0,0,0,0,0,0.0,0.0,0.0,0,0,False,0.11965865641832352,2.514183668736727e-05,7.54255100621018e-05,27168,0
3397,2397,supervised,0.07042193599045277,0.0161849120631814,0.0,0.0,0,0,0,0,0.0,0.0,0.0,0,0,False,0.11965975165367126,2.5113448004369393e-05,7.534034401310817e-05,27176,0
3398,2398,supervised,0.06306965090334415,0.014733777847141027,0.0,0.0,0,0,0,0,0.0,0.0,0.0,0,0,False,0.119660884141922,2.508506998197977e-05,7.525520994593929e-05,27184,0
3399,2399,supervised,0.14711543172597885,0.015744096133857965,0.0,0.0,0,0,0,0,0.0,0.0,0.0,0,0,False,0.11966201663017273,2.5056702632354638e-05,7.517010789706391e-05,27192,0
3400,2400,supervised,0.13578131422400475,0.015151613391935825,0.0,0.0,0,0,0,0,0.0,0.0,0.0,0,0,False,0.11966326087713242,2.5028345967645684e-05,7.508503790293705e-05,27200,0
3401,2401,supervised,0.1905589997768402,0.016962243244051933,0.0,0.0,0,0,0,0,0.0,0.0,0.0,0,0,False,0.11966429650783539,2.500000000000001e-05,7.500000000000002e-05,27208,0
3402,2402,supervised,0.21198255568742752,0.014493617694824934,0.0,0.0,0,0,0,0,0.0,0.0,0.0,0,0,False,0.11966533213853836,2.49716647415601e-05,7.49149942246803e-05,27216,0
3403,2403,supervised,0.23187417536973953,0.013914939947426319,0.0,0.0,0,0,0,0,0.0,0.0,0.0,0,0,False,0.11966627836227417,2.4943340204463906e-05,7.48300206133917e-05,27224,0
3404,2404,supervised,0.1199752613902092,0.014201187994331121,0.0,0.0,0,0,0,0,0.0,0.0,0.0,0,0,False,0.11966760456562042,2.4915026400844758e-05,7.474507920253426e-05,27232,0
3405,2405,supervised,0.14053025096654892,0.0157787105999887,0.0,0.0,0,0,0,0,0.0,0.0,0.0,0,0,False,0.1196691170334816,2.4886723342831374e-05,7.466017002849411e-05,27240,0
3406,2406,supervised,0.2191493958234787,0.014698465820401907,0.0,0.0,0,0,0,0,0.0,0.0,0.0,0,0,False,0.11967016011476517,2.485843104254791e-05,7.457529312764371e-05,27248,0
3407,2407,supervised,0.1807371824979782,0.014364997390657663,0.0,0.0,0,0,0,0,0.0,0.0,0.0,0,0,False,0.11967111378908157,2.483014951211385e-05,7.449044853634153e-05,27256,0
3408,2408,supervised,0.28741395473480225,0.013733396772295237,0.0,0.0,0,0,0,0,0.0,0.0,0.0,0,0,False,0.11967214941978455,2.4801878763644143e-05,7.440563629093242e-05,27264,0
3409,2409,supervised,0.16647052019834518,0.014611209277063608,0.0,0.0,0,0,0,0,0.0,0.0,0.0,0,0,False,0.11967340856790543,2.4773618809249042e-05,7.432085642774713e-05,27272,0
3410,2410,supervised,0.11407598480582237,0.013802626170217991,0.0,0.0,0,0,0,0,0.0,0.0,0.0,0,0,False,0.11967460811138153,2.4745369661034233e-05,7.423610898310269e-05,27280,0
3411,2411,supervised,0.22598722577095032,0.014124160166829824,0.0,0.0,0,0,0,0,0.0,0.0,0.0,0,0,False,0.11967574059963226,2.471713133110078e-05,7.415139399330233e-05,27288,0
3412,2412,supervised,0.08710828423500061,0.015200849622488022,0.0,0.0,0,0,0,0,0.0,0.0,0.0,0,0,False,0.11967690289020538,2.4688903831545036e-05,7.406671149463509e-05,27296,0
3413,2413,supervised,0.12686510756611824,0.014125281013548374,0.0,0.0,0,0,0,0,0.0,0.0,0.0,0,0,False,0.11967834085226059,2.4660687174458792e-05,7.398206152337636e-05,27304,0
3414,2414,supervised,0.23840656876564026,0.013816684018820524,0.0,0.0,0,0,0,0,0.0,0.0,0.0,0,0,False,0.11967982351779938,2.4632481371929182e-05,7.389744411578754e-05,27312,0
3415,2415,supervised,0.18351351469755173,0.01591921504586935,0.0,0.0,0,0,0,0,0.0,0.0,0.0,0,0,False,0.11968119442462921,2.460428643603866e-05,7.381285930811597e-05,27320,0
3416,2416,supervised,0.2760574519634247,0.01517839077860117,0.0,0.0,0,0,0,0,0.0,0.0,0.0,0,0,False,0.11968296766281128,2.457610237886502e-05,7.372830713659504e-05,27328,0
3417,2417,supervised,0.24233876541256905,0.01376104075461626,0.0,0.0,0,0,0,0,0.0,0.0,0.0,0,0,False,0.11968501657247543,2.4547929212481435e-05,7.364378763744429e-05,27336,0
3418,2418,supervised,0.2568928822875023,0.019537173211574554,0.0,0.0,0,0,0,0,0.0,0.0,0.0,0,0,False,0.11968684941530228,2.4519766948956417e-05,7.355930084686925e-05,27344,0
3419,2419,supervised,0.15511032938957214,0.013918614014983177,0.0,0.0,0,0,0,0,0.0,0.0,0.0,0,0,False,0.11969012767076492,2.4491615600353746e-05,7.347484680106123e-05,27352,0
3420,2420,supervised,0.07873222976922989,0.014383670873939991,0.0,0.0,0,0,0,0,0.0,0.0,0.0,0,0,False,0.11969327181577682,2.446347517873258e-05,7.339042553619774e-05,27360,0
3421,2421,supervised,0.16757596284151077,0.017529020085930824,0.0,0.0,0,0,0,0,0.0,0.0,0.0,0,0,False,0.11969581246376038,2.4435345696147403e-05,7.33060370884422e-05,27368,0
3422,2422,supervised,0.20420882105827332,0.014192297123372555,0.0,0.0,0,0,0,0,0.0,0.0,0.0,0,0,False,0.11969802528619766,2.4407227164647955e-05,7.322168149394386e-05,27376,0
3423,2423,supervised,0.08829782903194427,0.014649776741862297,0.0,0.0,0,0,0,0,0.0,0.0,0.0,0,0,False,0.11970023810863495,2.4379119596279364e-05,7.313735878883809e-05,27384,0
3424,2424,supervised,0.22313689440488815,0.014484901912510395,0.0,0.0,0,0,0,0,0.0,0.0,0.0,0,0,False,0.1197022870182991,2.4351023003081967e-05,7.30530690092459e-05,27392,0
3425,2425,supervised,0.19408489763736725,0.015378728043287992,0.0,0.0,0,0,0,0,0.0,0.0,0.0,0,0,False,0.11970417201519012,2.432293739709151e-05,7.296881219127452e-05,27400,0
3426,2426,supervised,0.192258320748806,0.01992243155837059,0.0,0.0,0,0,0,0,0.0,0.0,0.0,0,0,False,0.11970600485801697,2.4294862790338917e-05,7.288458837101675e-05,27408,0
3427,2427,supervised,0.07945213466882706,0.01628020405769348,0.0,0.0,0,0,0,0,0.0,0.0,0.0,0,0,False,0.1197076141834259,2.4266799194850494e-05,7.280039758455147e-05,27416,0
3428,2428,supervised,0.18165968358516693,0.01604705723002553,0.0,0.0,0,0,0,0,0.0,0.0,0.0,0,0,False,0.11970926076173782,2.4238746622647802e-05,7.271623986794339e-05,27424,0
3429,2429,supervised,0.08005668222904205,0.019684094935655594,0.0,0.0,0,0,0,0,0.0,0.0,0.0,0,0,False,0.11971084028482437,2.421070508574763e-05,7.263211525724288e-05,27432,0
3430,2430,supervised,0.08110631257295609,0.016939496621489525,0.0,0.0,0,0,0,0,0.0,0.0,0.0,0,0,False,0.11971249431371689,2.4182674596162107e-05,7.254802378848631e-05,27440,0
3431,2431,supervised,0.16898057609796524,0.014846336096525192,0.0,0.0,0,0,0,0,0.0,0.0,0.0,0,0,False,0.11971412599086761,2.4154655165898627e-05,7.246396549769587e-05,27448,0
3432,2432,supervised,0.06758430600166321,0.01509650656953454,0.0,0.0,0,0,0,0,0.0,0.0,0.0,0,0,False,0.1197158470749855,2.41266468069598e-05,7.23799404208794e-05,27456,0
3433,2433,supervised,0.17043035477399826,0.015788794495165348,0.0,0.0,0,0,0,0,0.0,0.0,0.0,0,0,False,0.11971745640039444,2.4098649531343497e-05,7.229594859403049e-05,27464,0
3434,2434,supervised,0.18856938928365707,0.016839548479765654,0.0,0.0,0,0,0,0,0.0,0.0,0.0,0,0,False,0.11971896141767502,2.4070663351042883e-05,7.221199005312864e-05,27472,0
3435,2435,supervised,0.06641767919063568,0.01592503860592842,0.0,0.0,0,0,0,0,0.0,0.0,0.0,0,0,False,0.11972043663263321,2.404268827804637e-05,7.21280648341391e-05,27480,0
3436,2436,supervised,0.2383052408695221,0.016394149977713823,0.0,0.0,0,0,0,0,0.0,0.0,0.0,0,0,False,0.11972180753946304,2.4014724324337546e-05,7.204417297301263e-05,27488,0
3437,2437,supervised,0.18913192301988602,0.016757219564169645,0.0,0.0,0,0,0,0,0.0,0.0,0.0,0,0,False,0.11972322314977646,2.39867715018953e-05,7.19603145056859e-05,27496,0
3438,2438,supervised,0.12918203324079514,0.015654864721000195,0.0,0.0,0,0,0,0,0.0,0.0,0.0,0,0,False,0.11972451210021973,2.3958829822693758e-05,7.187648946808126e-05,27504,0
3439,2439,supervised,0.1331629939377308,0.014985340647399426,0.0,0.0,0,0,0,0,0.0,0.0,0.0,0,0,False,0.11972575634717941,2.3930899298702207e-05,7.179269789610662e-05,27512,0
3440,2440,supervised,0.18586359173059464,0.01418497646227479,0.0,0.0,0,0,0,0,0.0,0.0,0.0,0,0,False,0.11972702294588089,2.390297994188523e-05,7.170893982565568e-05,27520,0
3441,2441,supervised,0.24353845417499542,0.016202404629439116,0.0,0.0,0,0,0,0,0.0,0.0,0.0,0,0,False,0.1197282001376152,2.3875071764202563e-05,7.162521529260767e-05,27528,0
3442,2442,supervised,0.1427515558898449,0.014914735686033964,0.0,0.0,0,0,0,0,0.0,0.0,0.0,0,0,False,0.11972934752702713,2.3847174777609212e-05,7.154152433282762e-05,27536,0
3443,2443,supervised,0.18906528502702713,0.015343907754868269,0.0,0.0,0,0,0,0,0.0,0.0,0.0,0,0,False,0.11973048746585846,2.3819288994055327e-05,7.145786698216597e-05,27544,0
3444,2444,supervised,0.13527386635541916,0.01813548617064953,0.0,0.0,0,0,0,0,0.0,0.0,0.0,0,0,False,0.11973161995410919,2.379141442548631e-05,7.137424327645891e-05,27552,0
3445,2445,supervised,0.06924406066536903,0.017565114423632622,0.0,0.0,0,0,0,0,0.0,0.0,0.0,0,0,False,0.11973270028829575,2.3763551083842757e-05,7.129065325152826e-05,27560,0
3446,2446,supervised,0.2939451187849045,0.013704908546060324,0.0,0.0,0,0,0,0,0.0,0.0,0.0,0,0,False,0.11973364651203156,2.37356989810604e-05,7.12070969431812e-05,27568,0
3447,2447,supervised,0.18673833459615707,0.013822156470268965,0.0,0.0,0,0,0,0,0.0,0.0,0.0,0,0,False,0.1197347342967987,2.3707858129070222e-05,7.112357438721065e-05,27576,0
3448,2448,supervised,0.18530597537755966,0.015297624748200178,0.0,0.0,0,0,0,0,0.0,0.0,0.0,0,0,False,0.11973563581705093,2.368002853979837e-05,7.10400856193951e-05,27584,0
3449,2449,supervised,0.18358659371733665,0.015581672079861164,0.0,0.0,0,0,0,0,0.0,0.0,0.0,0,0,False,0.11973647028207779,2.3652210225166122e-05,7.095663067549836e-05,27592,0
3450,2450,supervised,0.09784809499979019,0.020378466695547104,0.0,0.0,0,0,0,0,0.0,0.0,0.0,0,0,False,0.11973731964826584,2.3624403197089996e-05,7.087320959126997e-05,27600,0
3451,2451,supervised,0.2188604772090912,0.014233300928026438,0.0,0.0,0,0,0,0,0.0,0.0,0.0,0,0,False,0.11973842978477478,2.3596607467481603e-05,7.07898224024448e-05,27608,0
3452,2452,supervised,0.24401499330997467,0.014150021132081747,0.0,0.0,0,0,0,0,0.0,0.0,0.0,0,0,False,0.11973948031663895,2.356882304824779e-05,7.070646914474335e-05,27616,0
3453,2453,supervised,0.13444213569164276,0.017046750523149967,0.0,0.0,0,0,0,0,0.0,0.0,0.0,0,0,False,0.11974050849676132,2.3541049951290476e-05,7.062314985387142e-05,27624,0
3454,2454,supervised,0.23680995777249336,0.01402145391330123,0.0,0.0,0,0,0,0,0.0,0.0,0.0,0,0,False,0.11974150687456131,2.3513288188506797e-05,7.053986456552038e-05,27632,0
3455,2455,supervised,0.2433238923549652,0.017007014248520136,0.0,0.0,0,0,0,0,0.0,0.0,0.0,0,0,False,0.11974242329597473,2.348553777178903e-05,7.045661331536707e-05,27640,0
3456,2456,supervised,0.13340524584054947,0.014926727861166,0.0,0.0,0,0,0,0,0.0,0.0,0.0,0,0,False,0.11974337697029114,2.345779871302453e-05,7.037339613907358e-05,27648,0
3457,2457,supervised,0.23558129370212555,0.014317347668111324,0.0,0.0,0,0,0,0,0.0,0.0,0.0,0,0,False,0.11974422633647919,2.343007102409585e-05,7.029021307228755e-05,27656,0
3458,2458,supervised,0.14878058433532715,0.02170657180249691,0.0,0.0,0,0,0,0,0.0,0.0,0.0,0,0,False,0.11974507570266724,2.340235471688067e-05,7.0207064150642e-05,27664,0
3459,2459,supervised,0.19331306219100952,0.01573553727939725,0.0,0.0,0,0,0,0,0.0,0.0,0.0,0,0,False,0.11974594742059708,2.3374649803251758e-05,7.012394940975526e-05,27672,0
3460,2460,supervised,0.10196720063686371,0.016551241744309664,0.0,0.0,0,0,0,0,0.0,0.0,0.0,0,0,False,0.11974712461233139,2.3346956295076993e-05,7.004086888523098e-05,27680,0
3461,2461,supervised,0.20832116901874542,0.014825853984802961,0.0,0.0,0,0,0,0,0.0,0.0,0.0,0,0,False,0.11974819004535675,2.3319274204219428e-05,6.995782261265827e-05,27688,0
3462,2462,supervised,0.2343490943312645,0.014774333219975233,0.0,0.0,0,0,0,0,0.0,0.0,0.0,0,0,False,0.11974917352199554,2.3291603542537194e-05,6.987481062761157e-05,27696,0
3463,2463,supervised,0.19524145126342773,0.01707880711182952,0.0,0.0,0,0,0,0,0.0,0.0,0.0,0,0,False,0.11975014954805374,2.326394432188349e-05,6.979183296565046e-05,27704,0
3464,2464,supervised,0.22847826778888702,0.014462684281170368,0.0,0.0,0,0,0,0,0.0,0.0,0.0,0,0,False,0.11975111812353134,2.323629655410667e-05,6.970888966232e-05,27712,0
3465,2465,supervised,0.1437656432390213,0.014167555142194033,0.0,0.0,0,0,0,0,0.0,0.0,0.0,0,0,False,0.11975224316120148,2.3208660251050158e-05,6.962598075315046e-05,27720,0
3466,2466,supervised,0.2895542308688164,0.014602947980165482,0.0,0.0,0,0,0,0,0.0,0.0,0.0,0,0,False,0.11975326389074326,2.318103542455249e-05,6.954310627365746e-05,27728,0
3467,2467,supervised,0.3026145249605179,0.013677292969077826,0.0,0.0,0,0,0,0,0.0,0.0,0.0,0,0,False,0.11975429207086563,2.3153422086447235e-05,6.94602662593417e-05,27736,0
3468,2468,supervised,0.20202404260635376,0.01342387031763792,0.0,0.0,0,0,0,0,0.0,0.0,0.0,0,0,False,0.11975576728582382,2.312582024856306e-05,6.937746074568918e-05,27744,0
3469,2469,supervised,0.3418935686349869,0.014644502196460962,0.0,0.0,0,0,0,0,0.0,0.0,0.0,0,0,False,0.11975712329149246,2.309822992272376e-05,6.929468976817127e-05,27752,0
3470,2470,supervised,0.2808215245604515,0.013758729211986065,0.0,0.0,0,0,0,0,0.0,0.0,0.0,0,0,False,0.11975841969251633,2.30706511207481e-05,6.921195336224429e-05,27760,0
3471,2471,supervised,0.16390498355031013,0.014672156423330307,0.0,0.0,0,0,0,0,0.0,0.0,0.0,0,0,False,0.11975962668657303,2.3043083854449988e-05,6.912925156334995e-05,27768,0
3472,2472,supervised,0.1866692528128624,0.014809895772486925,0.0,0.0,0,0,0,0,0.0,0.0,0.0,0,0,False,0.11976074427366257,2.301552813563837e-05,6.90465844069151e-05,27776,0
3473,2473,supervised,0.24879322201013565,0.01410442590713501,0.0,0.0,0,0,0,0,0.0,0.0,0.0,0,0,False,0.11976192146539688,2.298798397611725e-05,6.896395192835173e-05,27784,0
3474,2474,supervised,0.0643489919602871,0.016516748815774918,0.0,0.0,0,0,0,0,0.0,0.0,0.0,0,0,False,0.11976306885480881,2.2960451387685646e-05,6.888135416305692e-05,27792,0
3475,2475,supervised,0.06799584813416004,0.01562036108225584,0.0,0.0,0,0,0,0,0.0,0.0,0.0,0,0,False,0.11976417899131775,2.2932930382137668e-05,6.879879114641299e-05,27800,0
3476,2476,supervised,0.17908340692520142,0.01696743257343769,0.0,0.0,0,0,0,0,0.0,0.0,0.0,0,0,False,0.11976534128189087,2.2905420971262432e-05,6.871626291378728e-05,27808,0
3477,2477,supervised,0.15919487550854683,0.015689631924033165,0.0,0.0,0,0,0,0,0.0,0.0,0.0,0,0,False,0.11976656317710876,2.2877923166844074e-05,6.863376950053221e-05,27816,0
3478,2478,supervised,0.199633426964283,0.01410627644509077,0.0,0.0,0,0,0,0,0.0,0.0,0.0,0,0,False,0.11976774781942368,2.2850436980661792e-05,6.855131094198538e-05,27824,0
3479,2479,supervised,0.12556595727801323,0.01602402701973915,0.0,0.0,0,0,0,0,0.0,0.0,0.0,0,0,False,0.11976893991231918,2.2822962424489824e-05,6.846888727346947e-05,27832,0
3480,2480,supervised,0.19000255316495895,0.017745566554367542,0.0,0.0,0,0,0,0,0.0,0.0,0.0,0,0,False,0.11977005004882812,2.2795499510097355e-05,6.838649853029206e-05,27840,0
3481,2481,supervised,0.13058244809508324,0.015826674178242683,0.0,0.0,0,0,0,0,0.0,0.0,0.0,0,0,False,0.11977116763591766,2.2768048249248648e-05,6.830414474774594e-05,27848,0
3482,2482,supervised,0.16333594173192978,0.015046949032694101,0.0,0.0,0,0,0,0,0.0,0.0,0.0,0,0,False,0.11977241933345795,2.2740608653702938e-05,6.82218259611088e-05,27856,0
3483,2483,supervised,0.232443667948246,0.017025957815349102,0.0,0.0,0,0,0,0,0.0,0.0,0.0,0,0,False,0.1197735071182251,2.2713180735214505e-05,6.813954220564351e-05,27864,0
3484,2484,supervised,0.19261392205953598,0.016266604885458946,0.0,0.0,0,0,0,0,0.0,0.0,0.0,0,0,False,0.1197744831442833,2.268576450553258e-05,6.805729351659773e-05,27872,0
3485,2485,supervised,0.25041067600250244,0.017396809998899698,0.0,0.0,0,0,0,0,0.0,0.0,0.0,0,0,False,0.11977530270814896,2.2658359976401388e-05,6.797507992920415e-05,27880,0
3486,2486,supervised,0.18075498938560486,0.016231324523687363,0.0,0.0,0,0,0,0,0.0,0.0,0.0,0,0,False,0.11977604031562805,2.263096715956019e-05,6.789290147868056e-05,27888,0
3487,2487,supervised,0.1825152114033699,0.014004185795783997,0.0,0.0,0,0,0,0,0.0,0.0,0.0,0,0,False,0.11977684497833252,2.260358606674316e-05,6.781075820022946e-05,27896,0
3488,2488,supervised,0.13569259643554688,0.014106961898505688,0.0,0.0,0,0,0,0,0.0,0.0,0.0,0,0,False,0.11977820098400116,2.257621670967951e-05,6.772865012903852e-05,27904,0
3489,2489,supervised,0.1813717931509018,0.01349216653034091,0.0,0.0,0,0,0,0,0.0,0.0,0.0,0,0,False,0.11977946013212204,2.2548859100093407e-05,6.764657730028021e-05,27912,0
3490,2490,supervised,0.20171193405985832,0.01644276548177004,0.0,0.0,0,0,0,0,0.0,0.0,0.0,0,0,False,0.11978083103895187,2.2521513249703995e-05,6.756453974911197e-05,27920,0
3491,2491,supervised,0.3087896555662155,0.01457506138831377,0.0,0.0,0,0,0,0,0.0,0.0,0.0,0,0,False,0.1197822242975235,2.2494179170225333e-05,6.748253751067599e-05,27928,0
3492,2492,supervised,0.19361864030361176,0.015318760648369789,0.0,0.0,0,0,0,0,0.0,0.0,0.0,0,0,False,0.11978359520435333,2.2466856873366503e-05,6.740057062009951e-05,27936,0
3493,2493,supervised,0.13181212916970253,0.015279223211109638,0.0,0.0,0,0,0,0,0.0,0.0,0.0,0,0,False,0.11978510022163391,2.24395463708315e-05,6.731863911249449e-05,27944,0
3494,2494,supervised,0.2272837534546852,0.01540497038513422,0.0,0.0,0,0,0,0,0.0,0.0,0.0,0,0,False,0.11978655308485031,2.2412247674319254e-05,6.723674302295775e-05,27952,0
3495,2495,supervised,0.12527510896325111,0.016176882665604353,0.0,0.0,0,0,0,0,0.0,0.0,0.0,0,0,False,0.1197880282998085,2.2384960795523675e-05,6.715488238657101e-05,27960,0
3496,2496,supervised,0.24012967199087143,0.014193459413945675,0.0,0.0,0,0,0,0,0.0,0.0,0.0,0,0,False,0.1197894811630249,2.2357685746133617e-05,6.707305723840084e-05,27968,0
3497,2497,supervised,0.19104024022817612,0.017747853882610798,0.0,0.0,0,0,0,0,0.0,0.0,0.0,0,0,False,0.1197907105088234,2.23304225378328e-05,6.69912676134984e-05,27976,0
3498,2498,supervised,0.18984214216470718,0.013696102425456047,0.0,0.0,0,0,0,0,0.0,0.0,0.0,0,0,False,0.11979199945926666,2.2303171182299946e-05,6.690951354689984e-05,27984,0
3499,2499,supervised,0.06959441304206848,0.01478814147412777,0.0,0.0,0,0,0,0,0.0,0.0,0.0,0,0,False,0.11979342252016068,2.227593169120867e-05,6.6827795073626e-05,27992,0
3500,2500,supervised,0.13310511782765388,0.014951590914279222,0.0,0.0,0,0,0,0,0.0,0.0,0.0,0,0,False,0.11979473382234573,2.224870407622751e-05,6.674611222868252e-05,28000,0
3501,2501,supervised,0.13479268550872803,0.017983881756663322,0.0,0.0,0,0,0,0,0.0,0.0,0.0,0,0,False,0.11979594081640244,2.2221488349019903e-05,6.66644650470597e-05,28008,0
3502,2502,supervised,0.11908594891428947,0.017162082716822624,0.0,0.0,0,0,0,0,0.0,0.0,0.0,0,0,False,0.11979705840349197,2.219428452124418e-05,6.658285356373253e-05,28016,0
3503,2503,supervised,0.15790486708283424,0.015598907601088285,0.0,0.0,0,0,0,0,0.0,0.0,0.0,0,0,False,0.11979829519987106,2.2167092604553637e-05,6.65012778136609e-05,28024,0
3504,2504,supervised,0.08185013756155968,0.015151854138821363,0.0,0.0,0,0,0,0,0.0,0.0,0.0,0,0,False,0.11979974061250687,2.2139912610596386e-05,6.641973783178914e-05,28032,0
3505,2505,supervised,0.135706327855587,0.013980507384985685,0.0,0.0,0,0,0,0,0.0,0.0,0.0,0,0,False,0.11980119347572327,2.2112744551015498e-05,6.633823365304648e-05,28040,0
3506,2506,supervised,0.13030675426125526,0.015824429225176573,0.0,0.0,0,0,0,0,0.0,0.0,0.0,0,0,False,0.11980258673429489,2.2085588437448896e-05,6.625676531234668e-05,28048,0
3507,2507,supervised,0.2297777161002159,0.01424841396510601,0.0,0.0,0,0,0,0,0.0,0.0,0.0,0,0,False,0.11980392038822174,2.2058444281529424e-05,6.617533284458826e-05,28056,0
3508,2508,supervised,0.1475868597626686,0.014675979036837816,0.0,0.0,0,0,0,0,0.0,0.0,0.0,0,0,False,0.1198052316904068,2.2031312094884732e-05,6.609393628465418e-05,28064,0
3509,2509,supervised,0.2331666722893715,0.0146769261918962,0.0,0.0,0,0,0,0,0.0,0.0,0.0,0,0,False,0.11980642378330231,2.2004191889137414e-05,6.601257566741224e-05,28072,0
3510,2510,supervised,0.12648404389619827,0.014801835175603628,0.0,0.0,0,0,0,0,0.0,0.0,0.0,0,0,False,0.11980753391981125,2.1977083675904913e-05,6.593125102771473e-05,28080,0
3511,2511,supervised,0.14117864146828651,0.01588594587519765,0.0,0.0,0,0,0,0,0.0,0.0,0.0,0,0,False,0.11980874836444855,2.194998746679952e-05,6.584996240039855e-05,28088,0
3512,2512,supervised,0.137240968644619,0.01658249832689762,0.0,0.0,0,0,0,0,0.0,0.0,0.0,0,0,False,0.11980988830327988,2.1922903273428362e-05,6.576870982028508e-05,28096,0
3513,2513,supervised,0.23590455949306488,0.01667972281575203,0.0,0.0,0,0,0,0,0.0,0.0,0.0,0,0,False,0.11981093883514404,2.1895831107393484e-05,6.568749332218044e-05,28104,0
3514,2514,supervised,0.1885540708899498,0.015987273305654526,0.0,0.0,0,0,0,0,0.0,0.0,0.0,0,0,False,0.11981178820133209,2.1868770980291716e-05,6.560631294087514e-05,28112,0
3515,2515,supervised,0.14655620977282524,0.015934903640300035,0.0,0.0,0,0,0,0,0.0,0.0,0.0,0,0,False,0.1198125034570694,2.1841722903714757e-05,6.552516871114426e-05,28120,0
3516,2516,supervised,0.1755799874663353,0.015483486466109753,0.0,0.0,0,0,0,0,0.0,0.0,0.0,0,0,False,0.11981315910816193,2.181468688924916e-05,6.544406066774747e-05,28128,0
3517,2517,supervised,0.1691884994506836,0.015797694213688374,0.0,0.0,0,0,0,0,0.0,0.0,0.0,0,0,False,0.11981381475925446,2.17876629484763e-05,6.53629888454289e-05,28136,0
3518,2518,supervised,0.07268716022372246,0.014659766107797623,0.0,0.0,0,0,0,0,0.0,0.0,0.0,0,0,False,0.1198146641254425,2.176065109297235e-05,6.528195327891704e-05,28144,0
3519,2519,supervised,0.13194480165839195,0.015510465018451214,0.0,0.0,0,0,0,0,0.0,0.0,0.0,0,0,False,0.11981551349163055,2.1733651334308364e-05,6.520095400292508e-05,28152,0
3520,2520,supervised,0.19491835683584213,0.013648077845573425,0.0,0.0,0,0,0,0,0.0,0.0,0.0,0,0,False,0.11981657892465591,2.170666368405016e-05,6.511999105215047e-05,28160,0
3521,2521,supervised,0.1400388777256012,0.015547353308647871,0.0,0.0,0,0,0,0,0.0,0.0,0.0,0,0,False,0.11981751024723053,2.167968815375837e-05,6.50390644612751e-05,28168,0
3522,2522,supervised,0.12190590240061283,0.014666648581624031,0.0,0.0,0,0,0,0,0.0,0.0,0.0,0,0,False,0.11981865018606186,2.1652724754988475e-05,6.495817426496541e-05,28176,0
3523,2523,supervised,0.0668084118515253,0.014955964405089617,0.0,0.0,0,0,0,0,0.0,0.0,0.0,0,0,False,0.11981993168592453,2.1625773499290742e-05,6.487732049787222e-05,28184,0
3524,2524,supervised,0.33027611672878265,0.015108083374798298,0.0,0.0,0,0,0,0,0.0,0.0,0.0,0,0,False,0.11982112377882004,2.1598834398210243e-05,6.479650319463072e-05,28192,0
3525,2525,supervised,0.1362501047551632,0.014939237851649523,0.0,0.0,0,0,0,0,0.0,0.0,0.0,0,0,False,0.11982249468564987,2.15719074632868e-05,6.47157223898604e-05,28200,0
3526,2526,supervised,0.13667963445186615,0.016696942038834095,0.0,0.0,0,0,0,0,0.0,0.0,0.0,0,0,False,0.11982375383377075,2.1544992706055077e-05,6.463497811816523e-05,28208,0
3527,2527,supervised,0.1313549056649208,0.015675450675189495,0.0,0.0,0,0,0,0,0.0,0.0,0.0,0,0,False,0.11982499808073044,2.1518090138044523e-05,6.455427041413356e-05,28216,0
3528,2528,supervised,0.18006953597068787,0.015390543732792139,0.0,0.0,0,0,0,0,0.0,0.0,0.0,0,0,False,0.11982616782188416,2.1491199770779313e-05,6.447359931233793e-05,28224,0
3529,2529,supervised,0.24138414859771729,0.014978194143623114,0.0,0.0,0,0,0,0,0.0,0.0,0.0,0,0,False,0.11982731521129608,2.1464321615778422e-05,6.439296484733525e-05,28232,0
3530,2530,supervised,0.258993998169899,0.017000198364257812,0.0,0.0,0,0,0,0,0.0,0.0,0.0,0,0,False,0.11982857435941696,2.1437455684555626e-05,6.431236705366687e-05,28240,0
3531,2531,supervised,0.13463470712304115,0.014341500587761402,0.0,0.0,0,0,0,0,0.0,0.0,0.0,0,0,False,0.1198301762342453,2.1410601988619394e-05,6.423180596585817e-05,28248,0
3532,2532,supervised,0.17756838351488113,0.015408105682581663,0.0,0.0,0,0,0,0,0.0,0.0,0.0,0,0,False,0.11983166635036469,2.1383760539473032e-05,6.415128161841909e-05,28256,0
3533,2533,supervised,0.1476566568017006,0.017611573450267315,0.0,0.0,0,0,0,0,0.0,0.0,0.0,0,0,False,0.1198330670595169,2.1356931348614546e-05,6.407079404584363e-05,28264,0
3534,2534,supervised,0.06986932829022408,0.015688960440456867,0.0,0.0,0,0,0,0,0.0,0.0,0.0,0,0,False,0.11983440816402435,2.1330114427536735e-05,6.39903432826102e-05,28272,0
3535,2535,supervised,0.22293151915073395,0.0143184345215559,0.0,0.0,0,0,0,0,0.0,0.0,0.0,0,0,False,0.11983571201562881,2.1303309787727083e-05,6.390992936318123e-05,28280,0
3536,2536,supervised,0.28514352440834045,0.013577255886048079,0.0,0.0,0,0,0,0,0.0,0.0,0.0,0,0,False,0.11983692646026611,2.1276517440667876e-05,6.382955232200362e-05,28288,0
3537,2537,supervised,0.07208631932735443,0.016159863211214542,0.0,0.0,0,0,0,0,0.0,0.0,0.0,0,0,False,0.11983795464038849,2.124973739783609e-05,6.374921219350826e-05,28296,0
3538,2538,supervised,0.19214746356010437,0.015337600838392973,0.0,0.0,0,0,0,0,0.0,0.0,0.0,0,0,False,0.1198388859629631,2.122296967070343e-05,6.366890901211028e-05,28304,0
3539,2539,supervised,0.2724100202322006,0.014620292000472546,0.0,0.0,0,0,0,0,0.0,0.0,0.0,0,0,False,0.11983976513147354,2.119621427073635e-05,6.358864281220904e-05,28312,0
3540,2540,supervised,0.08920911327004433,0.01564800227060914,0.0,0.0,0,0,0,0,0.0,0.0,0.0,0,0,False,0.11984053254127502,2.1169471209396013e-05,6.350841362818803e-05,28320,0
3541,2541,supervised,0.13879628479480743,0.014945858623832464,0.0,0.0,0,0,0,0,0.0,0.0,0.0,0,0,False,0.11984114348888397,2.1142740498138324e-05,6.342822149441496e-05,28328,0
3542,2542,supervised,0.13372838869690895,0.01571270963177085,0.0,0.0,0,0,0,0,0.0,0.0,0.0,0,0,False,0.11984185874462128,2.111602214841383e-05,6.334806644524147e-05,28336,0
3543,2543,supervised,0.1351080685853958,0.01620850246399641,0.0,0.0,0,0,0,0,0.0,0.0,0.0,0,0,False,0.11984244734048843,2.1089316171667837e-05,6.326794851500351e-05,28344,0
3544,2544,supervised,0.1802433580160141,0.015411809552460909,0.0,0.0,0,0,0,0,0.0,0.0,0.0,0,0,False,0.11984308809041977,2.1062622579340362e-05,6.318786773802108e-05,28352,0
3545,2545,supervised,0.2801918163895607,0.015393133740872145,0.0,0.0,0,0,0,0,0.0,0.0,0.0,0,0,False,0.11984372138977051,2.103594138286607e-05,6.31078241485982e-05,28360,0
3546,2546,supervised,0.2367267683148384,0.01521400734782219,0.0,0.0,0,0,0,0,0.0,0.0,0.0,0,0,False,0.11984436213970184,2.1009272593674323e-05,6.302781778102296e-05,28368,0
3547,2547,supervised,0.08930337801575661,0.013682624325156212,0.0,0.0,0,0,0,0,0.0,0.0,0.0,0,0,False,0.11984502524137497,2.0982616223189196e-05,6.294784866956757e-05,28376,0
3548,2548,supervised,0.2028893679380417,0.014013654086738825,0.0,0.0,0,0,0,0,0.0,0.0,0.0,0,0,False,0.11984569579362869,2.0955972282829452e-05,6.286791684848835e-05,28384,0
3549,2549,supervised,0.14103413373231888,0.015625271946191788,0.0,0.0,0,0,0,0,0.0,0.0,0.0,0,0,False,0.11984643340110779,2.092934078400847e-05,6.27880223520254e-05,28392,0
3550,2550,supervised,0.14168209582567215,0.014628719538450241,0.0,0.0,0,0,0,0,0.0,0.0,0.0,0,0,False,0.11984725296497345,2.0902721738134366e-05,6.27081652144031e-05,28400,0
3551,2551,supervised,0.1824229508638382,0.015534299425780773,0.0,0.0,0,0,0,0,0.0,0.0,0.0,0,0,False,0.11984795331954956,2.08761151566099e-05,6.262834546982969e-05,28408,0
3552,2552,supervised,0.22403675317764282,0.014084544498473406,0.0,0.0,0,0,0,0,0.0,0.0,0.0,0,0,False,0.1198485866189003,2.0849521050832455e-05,6.254856315249736e-05,28416,0
3553,2553,supervised,0.14731358736753464,0.01374558312818408,0.0,0.0,0,0,0,0,0.0,0.0,0.0,0,0,False,0.11984933912754059,2.0822939432194133e-05,6.246881829658239e-05,28424,0
3554,2554,supervised,0.1274729035794735,0.014779653865844011,0.0,0.0,0,0,0,0,0.0,0.0,0.0,0,0,False,0.11985022574663162,2.0796370312081626e-05,6.238911093624487e-05,28432,0
3555,2555,supervised,0.09416170045733452,0.014819232281297445,0.0,0.0,0,0,0,0,0.0,0.0,0.0,0,0,False,0.11985161155462265,2.0769813701876333e-05,6.2309441105629e-05,28440,0
3556,2556,supervised,0.28492216020822525,0.01395053043961525,0.0,0.0,0,0,0,0,0.0,0.0,0.0,0,0,False,0.1198529377579689,2.0743269612954224e-05,6.222980883886267e-05,28448,0
3557,2557,supervised,0.1923709213733673,0.013462565373629332,0.0,0.0,0,0,0,0,0.0,0.0,0.0,0,0,False,0.11985424160957336,2.071673805668597e-05,6.21502141700579e-05,28456,0
3558,2558,supervised,0.25497302412986755,0.013739924412220716,0.0,0.0,0,0,0,0,0.0,0.0,0.0,0,0,False,0.11985553056001663,2.0690219044436855e-05,6.207065713331056e-05,28464,0
3559,2559,supervised,0.17554765567183495,0.014122302178293467,0.0,0.0,0,0,0,0,0.0,0.0,0.0,0,0,False,0.11985675990581512,2.0663712587566748e-05,6.199113776270024e-05,28472,0
3560,2560,supervised,0.2316950559616089,0.015065849293023348,0.0,0.0,0,0,0,0,0.0,0.0,0.0,0,0,False,0.11985786259174347,2.0637218697430194e-05,6.191165609229057e-05,28480,0
3561,2561,supervised,0.1933717057108879,0.014626254793256521,0.0,0.0,0,0,0,0,0.0,0.0,0.0,0,0,False,0.11985903978347778,2.061073738537635e-05,6.183221215612904e-05,28488,0
3562,2562,supervised,0.10128192603588104,0.01666136970743537,0.0,0.0,0,0,0,0,0.0,0.0,0.0,0,0,False,0.11985988914966583,2.058426866274893e-05,6.175280598824678e-05,28496,0
3563,2563,supervised,0.12975840643048286,0.01572836935520172,0.0,0.0,0,0,0,0,0.0,0.0,0.0,0,0,False,0.11986087262630463,2.0557812540886334e-05,6.1673437622659e-05,28504,0
3564,2564,supervised,0.13572364300489426,0.014934605918824673,0.0,0.0,0,0,0,0,0.0,0.0,0.0,0,0,False,0.11986183375120163,2.0531369031121488e-05,6.159410709336446e-05,28512,0
3565,2565,supervised,0.14085905253887177,0.01700514229014516,0.0,0.0,0,0,0,0,0.0,0.0,0.0,0,0,False,0.11986260116100311,2.0504938144781988e-05,6.151481443434595e-05,28520,0
3566,2566,supervised,0.1798555552959442,0.014061262365430593,0.0,0.0,0,0,0,0,0.0,0.0,0.0,0,0,False,0.11986328661441803,2.047851989318995e-05,6.143555967956984e-05,28528,0
3567,2567,supervised,0.2574838921427727,0.013869590125977993,0.0,0.0,0,0,0,0,0.0,0.0,0.0,0,0,False,0.11986397206783295,2.0452114287662128e-05,6.135634286298637e-05,28536,0
3568,2568,supervised,0.1257641315460205,0.015297546051442623,0.0,0.0,0,0,0,0,0.0,0.0,0.0,0,0,False,0.11986467987298965,2.042572133950986e-05,6.127716401852958e-05,28544,0
3569,2569,supervised,0.28620535135269165,0.013463519979268312,0.0,0.0,0,0,0,0,0.0,0.0,0.0,0,0,False,0.119865283370018,2.0399341060039022e-05,6.119802318011707e-05,28552,0
3570,2570,supervised,0.1779753975570202,0.013650891371071339,0.0,0.0,0,0,0,0,0.0,0.0,0.0,0,0,False,0.11986599862575531,2.0372973460550098e-05,6.11189203816503e-05,28560,0
3571,2571,supervised,0.11906295642256737,0.016546970698982477,0.0,0.0,0,0,0,0,0.0,0.0,0.0,0,0,False,0.11986666917800903,2.034661855233815e-05,6.103985565701444e-05,28568,0
3572,2572,supervised,0.15149668976664543,0.0158956041559577,0.0,0.0,0,0,0,0,0.0,0.0,0.0,0,0,False,0.11986736953258514,2.0320276346692757e-05,6.0960829040078265e-05,28576,0
3573,2573,supervised,0.19597990810871124,0.013858151622116566,0.0,0.0,0,0,0,0,0.0,0.0,0.0,0,0,False,0.11986807733774185,2.0293946854898077e-05,6.0881840564694226e-05,28584,0
3574,2574,supervised,0.24181562662124634,0.014822667464613914,0.0,0.0,0,0,0,0,0.0,0.0,0.0,0,0,False,0.11986876279115677,2.026763008823284e-05,6.080289026469852e-05,28592,0
3575,2575,supervised,0.1839892491698265,0.017434763722121716,0.0,0.0,0,0,0,0,0.0,0.0,0.0,0,0,False,0.11986944824457169,2.024132605797034e-05,6.0723978173911005e-05,28600,0
3576,2576,supervised,0.1321410872042179,0.018046576529741287,0.0,0.0,0,0,0,0,0.0,0.0,0.0,0,0,False,0.11987021565437317,2.0215034775378332e-05,6.064510432613499e-05,28608,0
3577,2577,supervised,0.12842226773500443,0.019412661902606487,0.0,0.0,0,0,0,0,0.0,0.0,0.0,0,0,False,0.11987098306417465,2.0188756251719203e-05,6.05662687551576e-05,28616,0
3578,2578,supervised,0.24263767898082733,0.015425348188728094,0.0,0.0,0,0,0,0,0.0,0.0,0.0,0,0,False,0.11987178027629852,2.0162490498249846e-05,6.048747149474953e-05,28624,0
3579,2579,supervised,0.07583726197481155,0.015267829410731792,0.0,0.0,0,0,0,0,0.0,0.0,0.0,0,0,False,0.11987268179655075,2.0136237526221648e-05,6.040871257866493e-05,28632,0
3580,2580,supervised,0.1350124552845955,0.0192519910633564,0.0,0.0,0,0,0,0,0.0,0.0,0.0,0,0,False,0.1198735311627388,2.0109997346880572e-05,6.03299920406417e-05,28640,0
3581,2581,supervised,0.17284075915813446,0.014937934000045061,0.0,0.0,0,0,0,0,0.0,0.0,0.0,0,0,False,0.11987445503473282,2.008376997146705e-05,6.025130991440114e-05,28648,0
3582,2582,supervised,0.08489968255162239,0.015884052962064743,0.0,0.0,0,0,0,0,0.0,0.0,0.0,0,0,False,0.11987550556659698,2.0057555411216088e-05,6.017266623364826e-05,28656,0
3583,2583,supervised,0.1687515676021576,0.013930074404925108,0.0,0.0,0,0,0,0,0.0,0.0,0.0,0,0,False,0.11987701803445816,2.003135367735714e-05,6.009406103207141e-05,28664,0
3584,2584,supervised,0.14373818039894104,0.018316131085157394,0.0,0.0,0,0,0,0,0.0,0.0,0.0,0,0,False,0.11987847089767456,2.0005164781114212e-05,6.001549434334262e-05,28672,0
3585,2585,supervised,0.27870090305805206,0.013995154295116663,0.0,0.0,0,0,0,0,0.0,0.0,0.0,0,0,False,0.11987979710102081,1.9978988733705807e-05,5.993696620111741e-05,28680,0
3586,2586,supervised,0.19445904344320297,0.015824735164642334,0.0,0.0,0,0,0,0,0.0,0.0,0.0,0,0,False,0.11988107115030289,1.9952825546344882e-05,5.985847663903464e-05,28688,0
3587,2587,supervised,0.1445024535059929,0.01594306482002139,0.0,0.0,0,0,0,0,0.0,0.0,0.0,0,0,False,0.11988222599029541,1.9926675230238932e-05,5.978002569071679e-05,28696,0
3588,2588,supervised,0.07398458197712898,0.01535231014713645,0.0,0.0,0,0,0,0,0.0,0.0,0.0,0,0,False,0.11988332122564316,1.9900537796589948e-05,5.9701613389769834e-05,28704,0
3589,2589,supervised,0.18912874162197113,0.015301029663532972,0.0,0.0,0,0,0,0,0.0,0.0,0.0,0,0,False,0.11988430470228195,1.9874413256594343e-05,5.962323976978302e-05,28712,0
3590,2590,supervised,0.13926882669329643,0.016848258674144745,0.0,0.0,0,0,0,0,0.0,0.0,0.0,0,0,False,0.11988513916730881,1.9848301621443032e-05,5.954490486432909e-05,28720,0
3591,2591,supervised,0.23329925537109375,0.01507946103811264,0.0,0.0,0,0,0,0,0.0,0.0,0.0,0,0,False,0.11988583952188492,1.982220290232143e-05,5.946660870696428e-05,28728,0
3592,2592,supervised,0.18842903524637222,0.01640639780089259,0.0,0.0,0,0,0,0,0.0,0.0,0.0,0,0,False,0.11988650262355804,1.9796117110409408e-05,5.938835133122821e-05,28736,0
3593,2593,supervised,0.1886456236243248,0.01672661304473877,0.0,0.0,0,0,0,0,0.0,0.0,0.0,0,0,False,0.11988712847232819,1.977004425688126e-05,5.931013277064377e-05,28744,0
3594,2594,supervised,0.23031755536794662,0.01583721535280347,0.0,0.0,0,0,0,0,0.0,0.0,0.0,0,0,False,0.11988773196935654,1.9743984352905787e-05,5.923195305871735e-05,28752,0
3595,2595,supervised,0.24101047962903976,0.014858557842671871,0.0,0.0,0,0,0,0,0.0,0.0,0.0,0,0,False,0.11988833546638489,1.9717937409646236e-05,5.91538122289387e-05,28760,0
3596,2596,supervised,0.12808729708194733,0.013802644331008196,0.0,0.0,0,0,0,0,0.0,0.0,0.0,0,0,False,0.11988896876573563,1.9691903438260263e-05,5.9075710314780775e-05,28768,0
3597,2597,supervised,0.1780181359499693,0.015293482691049576,0.0,0.0,0,0,0,0,0.0,0.0,0.0,0,0,False,0.11988962441682816,1.9665882449900024e-05,5.899764734970007e-05,28776,0
3598,2598,supervised,0.25778402388095856,0.01679398026317358,0.0,0.0,0,0,0,0,0.0,0.0,0.0,0,0,False,0.1198902428150177,1.9639874455712054e-05,5.891962336713615e-05,28784,0
3599,2599,supervised,0.0781087651848793,0.014371880330145359,0.0,0.0,0,0,0,0,0.0,0.0,0.0,0,0,False,0.119890958070755,1.9613879466837375e-05,5.884163840051212e-05,28792,0
3600,2600,supervised,0.1251467727124691,0.015598346944898367,0.0,0.0,0,0,0,0,0.0,0.0,0.0,0,0,False,0.11989165097475052,1.9587897494411388e-05,5.876369248323416e-05,28800,0
3601,2601,supervised,0.17762774415314198,0.013693260960280895,0.0,0.0,0,0,0,0,0.0,0.0,0.0,0,0,False,0.11989251524209976,1.9561928549563968e-05,5.8685785648691894e-05,28808,0
3602,2602,supervised,0.19785521179437637,0.014879246708005667,0.0,0.0,0,0,0,0,0.0,0.0,0.0,0,0,False,0.11989357322454453,1.9535972643419394e-05,5.860791793025817e-05,28816,0
3603,2603,supervised,0.12498215585947037,0.014810881577432156,0.0,0.0,0,0,0,0,0.0,0.0,0.0,0,0,False,0.11989465355873108,1.9510029787096314e-05,5.853008936128893e-05,28824,0
3604,2604,supervised,0.20278851687908173,0.015866358764469624,0.0,0.0,0,0,0,0,0.0,0.0,0.0,0,0,False,0.11989574134349823,1.9484099991707848e-05,5.845229997512354e-05,28832,0
3605,2605,supervised,0.12369823455810547,0.01534856902435422,0.0,0.0,0,0,0,0,0.0,0.0,0.0,0,0,False,0.11989683657884598,1.945818326836151e-05,5.837454980508453e-05,28840,0
3606,2606,supervised,0.23415304720401764,0.016016210429370403,0.0,0.0,0,0,0,0,0.0,0.0,0.0,0,0,False,0.11989786475896835,1.943227962815919e-05,5.829683888447756e-05,28848,0
3607,2607,supervised,0.14844676107168198,0.014671050943434238,0.0,0.0,0,0,0,0,0.0,0.0,0.0,0,0,False,0.11989889293909073,1.9406389082197162e-05,5.821916724659148e-05,28856,0
3608,2608,supervised,0.2397993877530098,0.016358125023543835,0.0,0.0,0,0,0,0,0.0,0.0,0.0,0,0,False,0.11989979445934296,1.9380511641566128e-05,5.814153492469838e-05,28864,0
3609,2609,supervised,0.2349172681570053,0.014412471558898687,0.0,0.0,0,0,0,0,0.0,0.0,0.0,0,0,False,0.119900643825531,1.9354647317351188e-05,5.806394195205356e-05,28872,0
3610,2610,supervised,0.2088247686624527,0.01849854364991188,0.0,0.0,0,0,0,0,0.0,0.0,0.0,0,0,False,0.11990135908126831,1.9328796120631755e-05,5.798638836189525e-05,28880,0
3611,2611,supervised,0.13566847890615463,0.015711759217083454,0.0,0.0,0,0,0,0,0.0,0.0,0.0,0,0,False,0.1199020966887474,1.9302958062481673e-05,5.7908874187445016e-05,28888,0
3612,2612,supervised,0.18956491351127625,0.016757523640990257,0.0,0.0,0,0,0,0,0.0,0.0,0.0,0,0,False,0.11990278214216232,1.9277133153969172e-05,5.783139946190751e-05,28896,0
3613,2613,supervised,0.2135772705078125,0.015222776681184769,0.0,0.0,0,0,0,0,0.0,0.0,0.0,0,0,False,0.11990329623222351,1.9251321406156785e-05,5.775396421847035e-05,28904,0
3614,2614,supervised,0.1394066885113716,0.016161066945642233,0.0,0.0,0,0,0,0,0.0,0.0,0.0,0,0,False,0.11990382522344589,1.9225522830101485e-05,5.767656849030444e-05,28912,0
3615,2615,supervised,0.1873498111963272,0.016510053537786007,0.0,0.0,0,0,0,0,0.0,0.0,0.0,0,0,False,0.11990434676408768,1.9199737436854515e-05,5.7599212310563534e-05,28920,0
3616,2616,supervised,0.18023491837084293,0.014672431629151106,0.0,0.0,0,0,0,0,0.0,0.0,0.0,0,0,False,0.11990489810705185,1.9173965237461554e-05,5.7521895712384655e-05,28928,0
3617,2617,supervised,0.12733513116836548,0.01582590164616704,0.0,0.0,0,0,0,0,0.0,0.0,0.0,0,0,False,0.11990544199943542,1.9148206242962575e-05,5.744461872888771e-05,28936,0
3618,2618,supervised,0.14543338865041733,0.015939839649945498,0.0,0.0,0,0,0,0,0.0,0.0,0.0,0,0,False,0.11990602314472198,1.9122460464391918e-05,5.7367381393175744e-05,28944,0
3619,2619,supervised,0.13467411696910858,0.014051899779587984,0.0,0.0,0,0,0,0,0.0,0.0,0.0,0,0,False,0.11990669369697571,1.9096727912778266e-05,5.729018373833479e-05,28952,0
3620,2620,supervised,0.14171277731657028,0.013995046261698008,0.0,0.0,0,0,0,0,0.0,0.0,0.0,0,0,False,0.11990750581026077,1.9071008599144614e-05,5.721302579743383e-05,28960,0
3621,2621,supervised,0.07542001828551292,0.013518455903977156,0.0,0.0,0,0,0,0,0.0,0.0,0.0,0,0,False,0.11990862339735031,1.9045302534508297e-05,5.713590760352488e-05,28968,0
3622,2622,supervised,0.13829869031906128,0.01530164759606123,0.0,0.0,0,0,0,0,0.0,0.0,0.0,0,0,False,0.11990966647863388,1.9019609729881e-05,5.705882918964299e-05,28976,0
3623,2623,supervised,0.24713707715272903,0.016340465750545263,0.0,0.0,0,0,0,0,0.0,0.0,0.0,0,0,False,0.1199105978012085,1.899393019626867e-05,5.698179058880601e-05,28984,0
3624,2624,supervised,0.08237003535032272,0.016857978887856007,0.0,0.0,0,0,0,0,0.0,0.0,0.0,0,0,False,0.11991153657436371,1.8968263944671643e-05,5.6904791834014925e-05,28992,0
3625,2625,supervised,0.15847249329090118,0.016893379390239716,0.0,0.0,0,0,0,0,0.0,0.0,0.0,0,0,False,0.11991249024868011,1.8942610986084486e-05,5.682783295825345e-05,29000,0
3626,2626,supervised,0.10542481020092964,0.01493349066004157,0.0,0.0,0,0,0,0,0.0,0.0,0.0,0,0,False,0.11991336941719055,1.891697133149614e-05,5.6750913994488415e-05,29008,0
3627,2627,supervised,0.15061940625309944,0.01662004366517067,0.0,0.0,0,0,0,0,0.0,0.0,0.0,0,0,False,0.11991403251886368,1.8891344991889798e-05,5.667403497566939e-05,29016,0
3628,2628,supervised,0.11016931757330894,0.014359467662870884,0.0,0.0,0,0,0,0,0.0,0.0,0.0,0,0,False,0.11991474032402039,1.886573197824297e-05,5.659719593472891e-05,29024,0
3629,2629,supervised,0.12442149966955185,0.014325933996587992,0.0,0.0,0,0,0,0,0.0,0.0,0.0,0,0,False,0.11991550773382187,1.8840132301527497e-05,5.6520396904582484e-05,29032,0
3630,2630,supervised,0.18857064843177795,0.015060094650834799,0.0,0.0,0,0,0,0,0.0,0.0,0.0,0,0,False,0.11991630494594574,1.8814545972709408e-05,5.6443637918128215e-05,29040,0
3631,2631,supervised,0.23376614600419998,0.015221405308693647,0.0,0.0,0,0,0,0,0.0,0.0,0.0,0,0,False,0.11991710215806961,1.8788973002749112e-05,5.6366919008247325e-05,29048,0
3632,2632,supervised,0.13546981289982796,0.016789388842880726,0.0,0.0,0,0,0,0,0.0,0.0,0.0,0,0,False,0.11991781741380692,1.8763413402601254e-05,5.629024020780375e-05,29056,0
3633,2633,supervised,0.1866624802350998,0.014035673812031746,0.0,0.0,0,0,0,0,0.0,0.0,0.0,0,0,False,0.11991874873638153,1.8737867183214757e-05,5.621360154964426e-05,29064,0
3634,2634,supervised,0.1762467324733734,0.01428649015724659,0.0,0.0,0,0,0,0,0.0,0.0,0.0,0,0,False,0.11991969496011734,1.871233435553278e-05,5.613700306659833e-05,29072,0
3635,2635,supervised,0.09170429781079292,0.016652455553412437,0.0,0.0,0,0,0,0,0.0,0.0,0.0,0,0,False,0.11992062628269196,1.8686814930492798e-05,5.6060444791478384e-05,29080,0
3636,2636,supervised,0.13695190101861954,0.01546591566875577,0.0,0.0,0,0,0,0,0.0,0.0,0.0,0,0,False,0.11992154270410538,1.8661308919026532e-05,5.598392675707959e-05,29088,0
3637,2637,supervised,0.24485476315021515,0.01370220584794879,0.0,0.0,0,0,0,0,0.0,0.0,0.0,0,0,False,0.11992247402667999,1.8635816332059923e-05,5.5907448996179766e-05,29096,0
3638,2638,supervised,0.34803280234336853,0.014991756062954664,0.0,0.0,0,0,0,0,0.0,0.0,0.0,0,0,False,0.11992333084344864,1.86103371805132e-05,5.583101154153959e-05,29104,0
3639,2639,supervised,0.2046155110001564,0.015059801284223795,0.0,0.0,0,0,0,0,0.0,0.0,0.0,0,0,False,0.11992420256137848,1.8584871475300815e-05,5.575461442590243e-05,29112,0
3640,2640,supervised,0.26042939722537994,0.014861677307635546,0.0,0.0,0,0,0,0,0.0,0.0,0.0,0,0,False,0.11992520838975906,1.8559419227331486e-05,5.5678257681994453e-05,29120,0
3641,2641,supervised,0.18591568619012833,0.015179779846221209,0.0,0.0,0,0,0,0,0.0,0.0,0.0,0,0,False,0.11992626637220383,1.8533980447508137e-05,5.56019413425244e-05,29128,0
3642,2642,supervised,0.13023971766233444,0.015003068838268518,0.0,0.0,0,0,0,0,0.0,0.0,0.0,0,0,False,0.1199273020029068,1.8508555146727914e-05,5.552566544018373e-05,29136,0
3643,2643,supervised,0.4064497947692871,0.01543661393225193,0.0,0.0,0,0,0,0,0.0,0.0,0.0,0,0,False,0.11992824077606201,1.8483143335882235e-05,5.54494300076467e-05,29144,0
3644,2644,supervised,0.23773647099733353,0.01528485119342804,0.0,0.0,0,0,0,0,0.0,0.0,0.0,0,0,False,0.11992909014225006,1.8457745025856688e-05,5.5373235077570054e-05,29152,0
3645,2645,supervised,0.09197619557380676,0.018512646667659283,0.0,0.0,0,0,0,0,0.0,0.0,0.0,0,0,False,0.11992985755205154,1.8432360227531116e-05,5.5297080682593333e-05,29160,0
3646,2646,supervised,0.12739496305584908,0.015345428138971329,0.0,0.0,0,0,0,0,0.0,0.0,0.0,0,0,False,0.11993057280778885,1.8406988951779575e-05,5.5220966855338714e-05,29168,0
3647,2647,supervised,0.18304456397891045,0.018764358945190907,0.0,0.0,0,0,0,0,0.0,0.0,0.0,0,0,False,0.11993114650249481,1.838163120947028e-05,5.514489362841083e-05,29176,0
3648,2648,supervised,0.0785725861787796,0.01589310262352228,0.0,0.0,0,0,0,0,0.0,0.0,0.0,0,0,False,0.11993176490068436,1.8356287011465696e-05,5.506886103439708e-05,29184,0
3649,2649,supervised,0.20942067354917526,0.01523170666769147,0.0,0.0,0,0,0,0,0.0,0.0,0.0,0,0,False,0.11993248760700226,1.83309563686225e-05,5.4992869105867485e-05,29192,0
3650,2650,supervised,0.14206818491220474,0.01798535417765379,0.0,0.0,0,0,0,0,0.0,0.0,0.0,0,0,False,0.1199333444237709,1.8305639291791503e-05,5.49169178753745e-05,29200,0
3651,2651,supervised,0.1284160017967224,0.014622028451412916,0.0,0.0,0,0,0,0,0.0,0.0,0.0,0,0,False,0.11993413418531418,1.8280335791817733e-05,5.4841007375453186e-05,29208,0
3652,2652,supervised,0.09256985411047935,0.014400920830667019,0.0,0.0,0,0,0,0,0.0,0.0,0.0,0,0,False,0.1199348121881485,1.8255045879540415e-05,5.4765137638621246e-05,29216,0
3653,2653,supervised,0.09684139490127563,0.01603936403989792,0.0,0.0,0,0,0,0,0.0,0.0,0.0,0,0,False,0.11993557959794998,1.8229769565792965e-05,5.468930869737889e-05,29224,0
3654,2654,supervised,0.1637753564864397,0.013871863018721342,0.0,0.0,0,0,0,0,0.0,0.0,0.0,0,0,False,0.11993641406297684,1.8204506861402913e-05,5.461352058420874e-05,29232,0
3655,2655,supervised,0.17161312885582447,0.014268804341554642,0.0,0.0,0,0,0,0,0.0,0.0,0.0,0,0,False,0.11993721127510071,1.817925777719202e-05,5.453777333157606e-05,29240,0
3656,2656,supervised,0.06928220205008984,0.014753482304513454,0.0,0.0,0,0,0,0,0.0,0.0,0.0,0,0,False,0.11993803083896637,1.8154022323976194e-05,5.4462066971928574e-05,29248,0
3657,2657,supervised,0.14046264439821243,0.014834505040198565,0.0,0.0,0,0,0,0,0.0,0.0,0.0,0,0,False,0.11993888020515442,1.8128800512565513e-05,5.4386401537696536e-05,29256,0
3658,2658,supervised,0.1801833212375641,0.014489221386611462,0.0,0.0,0,0,0,0,0.0,0.0,0.0,0,0,False,0.1199396401643753,1.8103592353764187e-05,5.4310777061292557e-05,29264,0
3659,2659,supervised,0.24795201420783997,0.015092507470399141,0.0,0.0,0,0,0,0,0.0,0.0,0.0,0,0,False,0.11994040757417679,1.8078397858370573e-05,5.423519357511171e-05,29272,0
3660,2660,supervised,0.11508037149906158,0.014050574041903019,0.0,0.0,0,0,0,0,0.0,0.0,0.0,0,0,False,0.11994127184152603,1.8053217037177223e-05,5.415965111153166e-05,29280,0
3661,2661,supervised,0.12773404642939568,0.016298615373671055,0.0,0.0,0,0,0,0,0.0,0.0,0.0,0,0,False,0.11994220316410065,1.8028049900970767e-05,5.40841497029123e-05,29288,0
3662,2662,supervised,0.1281365416944027,0.016247587744146585,0.0,0.0,0,0,0,0,0.0,0.0,0.0,0,0,False,0.11994316428899765,1.8002896460532033e-05,5.400868938159609e-05,29296,0
3663,2663,supervised,0.13572487980127335,0.015188522636890411,0.0,0.0,0,0,0,0,0.0,0.0,0.0,0,0,False,0.11994412541389465,1.7977756726635957e-05,5.3933270179907865e-05,29304,0
3664,2664,supervised,0.12332996726036072,0.014069350901991129,0.0,0.0,0,0,0,0,0.0,0.0,0.0,0,0,False,0.11994513869285583,1.7952630710051582e-05,5.385789213015474e-05,29312,0
3665,2665,supervised,0.1455458402633667,0.013299103360623121,0.0,0.0,0,0,0,0,0.0,0.0,0.0,0,0,False,0.11994608491659164,1.7927518421542104e-05,5.378255526462631e-05,29320,0
3666,2666,supervised,0.1950705349445343,0.01688004331663251,0.0,0.0,0,0,0,0,0.0,0.0,0.0,0,0,False,0.11994700878858566,1.790241987186485e-05,5.3707259615594545e-05,29328,0
3667,2667,supervised,0.16711311787366867,0.015803611371666193,0.0,0.0,0,0,0,0,0.0,0.0,0.0,0,0,False,0.11994791030883789,1.7877335071771224e-05,5.363200521531366e-05,29336,0
3668,2668,supervised,0.23700489103794098,0.016884278040379286,0.0,0.0,0,0,0,0,0.0,0.0,0.0,0,0,False,0.11994881927967072,1.7852264032006743e-05,5.3556792096020224e-05,29344,0
3669,2669,supervised,0.1333906278014183,0.014555785339325666,0.0,0.0,0,0,0,0,0.0,0.0,0.0,0,0,False,0.11994975060224533,1.7827206763311056e-05,5.348162028993316e-05,29352,0
3670,2670,supervised,0.12790324911475182,0.014890093356370926,0.0,0.0,0,0,0,0,0.0,0.0,0.0,0,0,False,0.11995062977075577,1.7802163276417922e-05,5.3406489829253754e-05,29360,0
3671,2671,supervised,0.29863230884075165,0.013783320784568787,0.0,0.0,0,0,0,0,0.0,0.0,0.0,0,0,False,0.11995144933462143,1.777713358205514e-05,5.333140074616541e-05,29368,0
3672,2672,supervised,0.14585107192397118,0.014854728244245052,0.0,0.0,0,0,0,0,0.0,0.0,0.0,0,0,False,0.11995235830545425,1.775211769094465e-05,5.3256353072833936e-05,29376,0
3673,2673,supervised,0.22998589277267456,0.014884669333696365,0.0,0.0,0,0,0,0,0.0,0.0,0.0,0,0,False,0.11995317786931992,1.7727115613802465e-05,5.3181346841407386e-05,29384,0
3674,2674,supervised,0.1851550117135048,0.014240542892366648,0.0,0.0,0,0,0,0,0.0,0.0,0.0,0,0,False,0.11995396018028259,1.77021273613387e-05,5.3106382084016095e-05,29392,0
3675,2675,supervised,0.12655586376786232,0.013997001107782125,0.0,0.0,0,0,0,0,0.0,0.0,0.0,0,0,False,0.11995488405227661,1.7677152944257513e-05,5.303145883277253e-05,29400,0
3676,2676,supervised,0.11868345737457275,0.01420311676338315,0.0,0.0,0,0,0,0,0.0,0.0,0.0,0,0,False,0.11995581537485123,1.765219237325714e-05,5.2956577119771405e-05,29408,0
3677,2677,supervised,0.23748289048671722,0.014392422046512365,0.0,0.0,0,0,0,0,0.0,0.0,0.0,0,0,False,0.11995677649974823,1.762724565902991e-05,5.288173697708973e-05,29416,0
3678,2678,supervised,0.1773177832365036,0.01573583111166954,0.0,0.0,0,0,0,0,0.0,0.0,0.0,0,0,False,0.11995765566825867,1.760231281226219e-05,5.280693843678656e-05,29424,0
3679,2679,supervised,0.1733851283788681,0.016977952793240547,0.0,0.0,0,0,0,0,0.0,0.0,0.0,0,0,False,0.11995850503444672,1.7577393843634427e-05,5.2732181530903275e-05,29432,0
3680,2680,supervised,0.19080780446529388,0.0179838459007442,0.0,0.0,0,0,0,0,0.0,0.0,0.0,0,0,False,0.11995930224657059,1.7552488763821134e-05,5.2657466291463396e-05,29440,0
3681,2681,supervised,0.19752618670463562,0.017622542567551136,0.0,0.0,0,0,0,0,0.0,0.0,0.0,0,0,False,0.1199599876999855,1.7527597583490822e-05,5.2582792750472464e-05,29448,0
3682,2682,supervised,0.0743664912879467,0.01610001130029559,0.0,0.0,0,0,0,0,0.0,0.0,0.0,0,0,False,0.11996070295572281,1.75027203133061e-05,5.2508160939918286e-05,29456,0
3683,2683,supervised,0.25812358409166336,0.013967704027891159,0.0,0.0,0,0,0,0,0.0,0.0,0.0,0,0,False,0.11996138840913773,1.747785696392361e-05,5.2433570891770826e-05,29464,0
3684,2684,supervised,0.26480668038129807,0.014177546836435795,0.0,0.0,0,0,0,0,0.0,0.0,0.0,0,0,False,0.11996152251958847,1.7453007545994e-05,5.235902263798199e-05,29472,0
3685,2685,supervised,0.0709262415766716,0.014768534805625677,0.0,0.0,0,0,0,0,0.0,0.0,0.0,0,0,False,0.11996176838874817,1.7428172070161992e-05,5.228451621048597e-05,29480,0
3686,2686,supervised,0.1360657773911953,0.015584750566631556,0.0,0.0,0,0,0,0,0.0,0.0,0.0,0,0,False,0.11996207386255264,1.740335054706629e-05,5.2210051641198855e-05,29488,0
3687,2687,supervised,0.24774229526519775,0.016253023874014616,0.0,0.0,0,0,0,0,0.0,0.0,0.0,0,0,False,0.1199624165892601,1.7378542987339674e-05,5.213562896201902e-05,29496,0
3688,2688,supervised,0.07612815499305725,0.017423524521291256,0.0,0.0,0,0,0,0,0.0,0.0,0.0,0,0,False,0.11996275931596756,1.7353749401608888e-05,5.2061248204826655e-05,29504,0
3689,2689,supervised,0.13233944028615952,0.014477549120783806,0.0,0.0,0,0,0,0,0.0,0.0,0.0,0,0,False,0.11996333301067352,1.7328969800494726e-05,5.198690940148417e-05,29512,0
3690,2690,supervised,0.13627250492572784,0.015167153906077147,0.0,0.0,0,0,0,0,0.0,0.0,0.0,0,0,False,0.11996391415596008,1.730420419461199e-05,5.191261258383596e-05,29520,0
3691,2691,supervised,0.2308913916349411,0.01508657494559884,0.0,0.0,0,0,0,0,0.0,0.0,0.0,0,0,False,0.11996451765298843,1.7279452594569483e-05,5.183835778370844e-05,29528,0
3692,2692,supervised,0.13041533902287483,0.014504185877740383,0.0,0.0,0,0,0,0,0.0,0.0,0.0,0,0,False,0.11996520310640335,1.7254715010969978e-05,5.176414503290993e-05,29536,0
3693,2693,supervised,0.1919437199831009,0.01588621037080884,0.0,0.0,0,0,0,0,0.0,0.0,0.0,0,0,False,0.11996588855981827,1.722999145441031e-05,5.168997436323093e-05,29544,0
3694,2694,supervised,0.25416436046361923,0.01375860907137394,0.0,0.0,0,0,0,0,0.0,0.0,0.0,0,0,False,0.1199665442109108,1.7205281935481236e-05,5.161584580644371e-05,29552,0
3695,2695,supervised,0.2843029499053955,0.013937020674347878,0.0,0.0,0,0,0,0,0.0,0.0,0.0,0,0,False,0.11996720731258392,1.718058646476752e-05,5.154175939430256e-05,29560,0
3696,2696,supervised,0.14464931935071945,0.0176831241697073,0.0,0.0,0,0,0,0,0.0,0.0,0.0,0,0,False,0.11996790766716003,1.7155905052847937e-05,5.14677151585438e-05,29568,0
3697,2697,supervised,0.18575121462345123,0.01705370144918561,0.0,0.0,0,0,0,0,0.0,0.0,0.0,0,0,False,0.11996854841709137,1.7131237710295206e-05,5.139371313088561e-05,29576,0
3698,2698,supervised,0.12950366735458374,0.017168475780636072,0.0,0.0,0,0,0,0,0.0,0.0,0.0,0,0,False,0.1199692115187645,1.7106584447676065e-05,5.131975334302819e-05,29584,0
3699,2699,supervised,0.07644113153219223,0.017136183101683855,0.0,0.0,0,0,0,0,0.0,0.0,0.0,0,0,False,0.11996978521347046,1.7081945275551144e-05,5.124583582665342e-05,29592,0
3700,2700,supervised,0.1826043277978897,0.016111951787024736,0.0,0.0,0,0,0,0,0.0,0.0,0.0,0,0,False,0.11997035145759583,1.7057320204475103e-05,5.11719606134253e-05,29600,0
3701,2701,supervised,0.24216853454709053,0.015075164381414652,0.0,0.0,0,0,0,0,0.0,0.0,0.0,0,0,False,0.11997107416391373,1.703270924499656e-05,5.109812773498967e-05,29608,0
3702,2702,supervised,0.24103859066963196,0.014706706162542105,0.0,0.0,0,0,0,0,0.0,0.0,0.0,0,0,False,0.1199718564748764,1.7008112407658045e-05,5.1024337222974125e-05,29616,0
3703,2703,supervised,0.19262320548295975,0.014985690359026194,0.0,0.0,0,0,0,0,0.0,0.0,0.0,0,0,False,0.11997262388467789,1.698352970299605e-05,5.095058910898814e-05,29624,0
3704,2704,supervised,0.07711227610707283,0.01688536535948515,0.0,0.0,0,0,0,0,0.0,0.0,0.0,0,0,False,0.11997350305318832,1.6958961141541053e-05,5.087688342462315e-05,29632,0
3705,2705,supervised,0.169425867497921,0.0179762477055192,0.0,0.0,0,0,0,0,0.0,0.0,0.0,0,0,False,0.11997434496879578,1.6934406733817414e-05,5.080322020145224e-05,29640,0
3706,2706,supervised,0.12685103714466095,0.01353188743814826,0.0,0.0,0,0,0,0,0.0,0.0,0.0,0,0,False,0.11997532844543457,1.690986649034348e-05,5.072959947103043e-05,29648,0
3707,2707,supervised,0.20195414870977402,0.016844927798956633,0.0,0.0,0,0,0,0,0.0,0.0,0.0,0,0,False,0.11997620761394501,1.6885340421631512e-05,5.065602126489453e-05,29656,0
3708,2708,supervised,0.33844299614429474,0.013895486481487751,0.0,0.0,0,0,0,0,0.0,0.0,0.0,0,0,False,0.11997700482606888,1.6860828538187712e-05,5.0582485614563126e-05,29664,0
3709,2709,supervised,0.19324058294296265,0.013878528960049152,0.0,0.0,0,0,0,0,0.0,0.0,0.0,0,0,False,0.11997786909341812,1.683633085051216e-05,5.0508992551536476e-05,29672,0
3710,2710,supervised,0.12178301624953747,0.013889160472899675,0.0,0.0,0,0,0,0,0.0,0.0,0.0,0,0,False,0.1199786365032196,1.6811847369098926e-05,5.043554210729677e-05,29680,0
3711,2711,supervised,0.12759584560990334,0.01723771821707487,0.0,0.0,0,0,0,0,0.0,0.0,0.0,0,0,False,0.11997941881418228,1.678737810443593e-05,5.036213431330779e-05,29688,0
3712,2712,supervised,0.07489297166466713,0.0166294164955616,0.0,0.0,0,0,0,0,0.0,0.0,0.0,0,0,False,0.11998024582862854,1.6762923067005014e-05,5.028876920101504e-05,29696,0
3713,2713,supervised,0.1896064281463623,0.014664221554994583,0.0,0.0,0,0,0,0,0.0,0.0,0.0,0,0,False,0.1199810802936554,1.6738482267281965e-05,5.021544680184588e-05,29704,0
3714,2714,supervised,0.1366194561123848,0.016204518266022205,0.0,0.0,0,0,0,0,0.0,0.0,0.0,0,0,False,0.11998182535171509,1.6714055715736427e-05,5.014216714720927e-05,29712,0
3715,2715,supervised,0.18424753099679947,0.019317233003675938,0.0,0.0,0,0,0,0,0.0,0.0,0.0,0,0,False,0.11998255550861359,1.668964342283199e-05,5.0068930268495966e-05,29720,0
3716,2716,supervised,0.1177305169403553,0.014980938285589218,0.0,0.0,0,0,0,0,0.0,0.0,0.0,0,0,False,0.11998327821493149,1.6665245399026065e-05,4.9995736197078185e-05,29728,0
3717,2717,supervised,0.13764409720897675,0.015684143640100956,0.0,0.0,0,0,0,0,0.0,0.0,0.0,0,0,False,0.1199839785695076,1.6640861654770006e-05,4.992258496431002e-05,29736,0
3718,2718,supervised,0.08759123831987381,0.0186016745865345,0.0,0.0,0,0,0,0,0.0,0.0,0.0,0,0,False,0.11998466402292252,1.661649220050906e-05,4.9849476601527175e-05,29744,0
3719,2719,supervised,0.1317245364189148,0.015628556720912457,0.0,0.0,0,0,0,0,0.0,0.0,0.0,0,0,False,0.11998536437749863,1.6592137046682304e-05,4.9776411140046906e-05,29752,0
3720,2720,supervised,0.2375066764652729,0.014760006684809923,0.0,0.0,0,0,0,0,0.0,0.0,0.0,0,0,False,0.11998604238033295,1.656779620372269e-05,4.970338861116807e-05,29760,0
3721,2721,supervised,0.1114301010966301,0.014171464834362268,0.0,0.0,0,0,0,0,0.0,0.0,0.0,0,0,False,0.119986891746521,1.6543469682057106e-05,4.963040904617131e-05,29768,0
3722,2722,supervised,0.20627517253160477,0.014513044152408838,0.0,0.0,0,0,0,0,0.0,0.0,0.0,0,0,False,0.11998777091503143,1.651915749210622e-05,4.955747247631865e-05,29776,0
3723,2723,supervised,0.06919421255588531,0.014269259292632341,0.0,0.0,0,0,0,0,0.0,0.0,0.0,0,0,False,0.11998868733644485,1.649485964428462e-05,4.9484578932853855e-05,29784,0
3724,2724,supervised,0.0831688642501831,0.019180800765752792,0.0,0.0,0,0,0,0,0.0,0.0,0.0,0,0,False,0.11998958140611649,1.647057614900073e-05,4.941172844700219e-05,29792,0
3725,2725,supervised,0.16512425243854523,0.01732016447931528,0.0,0.0,0,0,0,0,0.0,0.0,0.0,0,0,False,0.1199905127286911,1.644630701665686e-05,4.933892104997057e-05,29800,0
3726,2726,supervised,0.11567899212241173,0.01789602404460311,0.0,0.0,0,0,0,0,0.0,0.0,0.0,0,0,False,0.11999136954545975,1.6422052257649078e-05,4.926615677294723e-05,29808,0
3727,2727,supervised,0.09586822241544724,0.017404399812221527,0.0,0.0,0,0,0,0,0.0,0.0,0.0,0,0,False,0.11999227106571198,1.6397811882367402e-05,4.91934356471022e-05,29816,0
3728,2728,supervised,0.13812371343374252,0.01672657486051321,0.0,0.0,0,0,0,0,0.0,0.0,0.0,0,0,False,0.1199931651353836,1.6373585901195616e-05,4.912075770358684e-05,29824,0
3729,2729,supervised,0.19522492587566376,0.016038439702242613,0.0,0.0,0,0,0,0,0.0,0.0,0.0,0,0,False,0.1199939101934433,1.6349374324511345e-05,4.9048122973534034e-05,29832,0
3730,2730,supervised,0.14566345140337944,0.016167774330824614,0.0,0.0,0,0,0,0,0.0,0.0,0.0,0,0,False,0.11999452859163284,1.6325177162686072e-05,4.897553148805821e-05,29840,0
3731,2731,supervised,0.1899766530841589,0.016420851461589336,0.0,0.0,0,0,0,0,0.0,0.0,0.0,0,0,False,0.1199951022863388,1.6300994426085103e-05,4.8902983278255306e-05,29848,0
3732,2732,supervised,0.13514284044504166,0.01465796958655119,0.0,0.0,0,0,0,0,0.0,0.0,0.0,0,0,False,0.11999581754207611,1.6276826125067563e-05,4.883047837520268e-05,29856,0
3733,2733,supervised,0.20152884721755981,0.013711768668144941,0.0,0.0,0,0,0,0,0.0,0.0,0.0,0,0,False,0.11999674886465073,1.6252672269986352e-05,4.875801680995905e-05,29864,0
3734,2734,supervised,0.21824324131011963,0.013472936116158962,0.0,0.0,0,0,0,0,0.0,0.0,0.0,0,0,False,0.11999762803316116,1.6228532871188236e-05,4.8685598613564695e-05,29872,0
3735,2735,supervised,0.23588842153549194,0.017009926959872246,0.0,0.0,0,0,0,0,0.0,0.0,0.0,0,0,False,0.11999845504760742,1.6204407939013772e-05,4.8613223817041307e-05,29880,0
3736,2736,supervised,0.06739095225930214,0.014860013034194708,0.0,0.0,0,0,0,0,0.0,0.0,0.0,0,0,False,0.11999925971031189,1.61802974837973e-05,4.85408924513919e-05,29888,0
3737,2737,supervised,0.15112129598855972,0.016843348275870085,0.0,0.0,0,0,0,0,0.0,0.0,0.0,0,0,False,0.12000001966953278,1.615620151586697e-05,4.84686045476009e-05,29896,0
3738,2738,supervised,0.2525588199496269,0.014899871312081814,0.0,0.0,0,0,0,0,0.0,0.0,0.0,0,0,False,0.12000078707933426,1.613212004554475e-05,4.839636013663425e-05,29904,0
3739,2739,supervised,0.13197457045316696,0.016631034668534994,0.0,0.0,0,0,0,0,0.0,0.0,0.0,0,0,False,0.12000180035829544,1.6108053083146347e-05,4.8324159249439035e-05,29912,0
3740,2740,supervised,0.12042108923196793,0.01709943637251854,0.0,0.0,0,0,0,0,0.0,0.0,0.0,0,0,False,0.12000282108783722,1.60840006389813e-05,4.82520019169439e-05,29920,0
3741,2741,supervised,0.09643229469656944,0.0166956577450037,0.0,0.0,0,0,0,0,0.0,0.0,0.0,0,0,False,0.12000378221273422,1.605996272335291e-05,4.817988817005873e-05,29928,0
3742,2742,supervised,0.14426947385072708,0.015592739451676607,0.0,0.0,0,0,0,0,0.0,0.0,0.0,0,0,False,0.1200047954916954,1.6035939346558275e-05,4.810781803967482e-05,29936,0
3743,2743,supervised,0.07232365384697914,0.014128577429801226,0.0,0.0,0,0,0,0,0.0,0.0,0.0,0,0,False,0.12000586837530136,1.6011930518888213e-05,4.803579155666463e-05,29944,0
3744,2744,supervised,0.18882668763399124,0.013834742363542318,0.0,0.0,0,0,0,0,0.0,0.0,0.0,0,0,False,0.1200069710612297,1.598793625062737e-05,4.796380875188211e-05,29952,0
3745,2745,supervised,0.1379704847931862,0.014733034186065197,0.0,0.0,0,0,0,0,0.0,0.0,0.0,0,0,False,0.12000808119773865,1.596395655205411e-05,4.789186965616232e-05,29960,0
3746,2746,supervised,0.20591503381729126,0.015316879842430353,0.0,0.0,0,0,0,0,0.0,0.0,0.0,0,0,False,0.12000922113656998,1.5939991433440598e-05,4.781997430032179e-05,29968,0
3747,2747,supervised,0.12990953773260117,0.014967592898756266,0.0,0.0,0,0,0,0,0.0,0.0,0.0,0,0,False,0.12001045793294907,1.5916040905052692e-05,4.7748122715158074e-05,29976,0
3748,2748,supervised,0.1770525649189949,0.015024647116661072,0.0,0.0,0,0,0,0,0.0,0.0,0.0,0,0,False,0.12001165002584457,1.5892104977150063e-05,4.767631493145018e-05,29984,0
3749,2749,supervised,0.08868562802672386,0.01431143144145608,0.0,0.0,0,0,0,0,0.0,0.0,0.0,0,0,False,0.12001290172338486,1.586818365998611e-05,4.7604550979958314e-05,29992,0
3750,2750,supervised,0.12823285534977913,0.014207398984581232,0.0,0.0,0,0,0,0,0.0,0.0,0.0,0,0,False,0.12001407146453857,1.5844276963807936e-05,4.75328308914238e-05,30000,0
3751,2751,supervised,0.23725395649671555,0.01430065743625164,0.0,0.0,0,0,0,0,0.0,0.0,0.0,0,0,False,0.12001515179872513,1.5820384898856434e-05,4.7461154696569294e-05,30008,0
3752,2752,supervised,0.08448594436049461,0.015964546240866184,0.0,0.0,0,0,0,0,0.0,0.0,0.0,0,0,False,0.12001622468233109,1.5796507475366206e-05,4.7389522426098614e-05,30016,0
3753,2753,supervised,0.13055963814258575,0.015095985028892756,0.0,0.0,0,0,0,0,0.0,0.0,0.0,0,0,False,0.12001718580722809,1.5772644703565565e-05,4.7317934110696685e-05,30024,0
3754,2754,supervised,0.2284983992576599,0.014466685242950916,0.0,0.0,0,0,0,0,0.0,0.0,0.0,0,0,False,0.12001806497573853,1.5748796593676583e-05,4.724638978102975e-05,30032,0
3755,2755,supervised,0.16712617129087448,0.015131085645407438,0.0,0.0,0,0,0,0,0.0,0.0,0.0,0,0,False,0.12001883238554001,1.5724963155915033e-05,4.7174889467745096e-05,30040,0
3756,2756,supervised,0.1766040176153183,0.014795767143368721,0.0,0.0,0,0,0,0,0.0,0.0,0.0,0,0,False,0.12001962959766388,1.570114440049037e-05,4.71034332014711e-05,30048,0
3757,2757,supervised,0.09554385766386986,0.020589289255440235,0.0,0.0,0,0,0,0,0.0,0.0,0.0,0,0,False,0.1200203225016594,1.5677340337605817e-05,4.703202101281744e-05,30056,0
3758,2758,supervised,0.20731429755687714,0.016522145830094814,0.0,0.0,0,0,0,0,0.0,0.0,0.0,0,0,False,0.12002100795507431,1.5653550977458283e-05,4.696065293237484e-05,30064,0
3759,2759,supervised,0.12163133919239044,0.016440387349575758,0.0,0.0,0,0,0,0,0.0,0.0,0.0,0,0,False,0.12002166360616684,1.562977633023837e-05,4.688932899071511e-05,30072,0
3760,2760,supervised,0.19547820091247559,0.014418844599276781,0.0,0.0,0,0,0,0,0.0,0.0,0.0,0,0,False,0.12002254277467728,1.5606016406130373e-05,4.681804921839112e-05,30080,0
3761,2761,supervised,0.18551916629076004,0.013796578627079725,0.0,0.0,0,0,0,0,0.0,0.0,0.0,0,0,False,0.12002340704202652,1.5582271215312294e-05,4.6746813645936877e-05,30088,0
3762,2762,supervised,0.2345283031463623,0.014357502106577158,0.0,0.0,0,0,0,0,0.0,0.0,0.0,0,0,False,0.12002438306808472,1.555854076795583e-05,4.667562230386749e-05,30096,0
3763,2763,supervised,0.18664057552814484,0.01627465710043907,0.0,0.0,0,0,0,0,0.0,0.0,0.0,0,0,False,0.12002524733543396,1.5534825074226352e-05,4.660447522267904e-05,30104,0
3764,2764,supervised,0.17231900990009308,0.01442795479670167,0.0,0.0,0,0,0,0,0.0,0.0,0.0,0,0,False,0.12002608925104141,1.5511124144282867e-05,4.6533372432848596e-05,30112,0
3765,2765,supervised,0.14075585827231407,0.014142035506665707,0.0,0.0,0,0,0,0,0.0,0.0,0.0,0,0,False,0.12002675980329514,1.5487437988278142e-05,4.646231396483442e-05,30120,0
3766,2766,supervised,0.1250133216381073,0.01553004514425993,0.0,0.0,0,0,0,0,0.0,0.0,0.0,0,0,False,0.12002745270729065,1.5463766616358577e-05,4.639129984907573e-05,30128,0
3767,2767,supervised,0.13393011689186096,0.01537608914077282,0.0,0.0,0,0,0,0,0.0,0.0,0.0,0,0,False,0.12002820521593094,1.54401100386642e-05,4.63203301159926e-05,30136,0
3768,2768,supervised,0.11183356679975986,0.014321656432002783,0.0,0.0,0,0,0,0,0.0,0.0,0.0,0,0,False,0.12002895027399063,1.5416468265328764e-05,4.624940479598629e-05,30144,0
3769,2769,supervised,0.13002955168485641,0.014956137631088495,0.0,0.0,0,0,0,0,0.0,0.0,0.0,0,0,False,0.12002968788146973,1.5392841306479666e-05,4.617852391943899e-05,30152,0
3770,2770,supervised,0.1322180349379778,0.015910114627331495,0.0,0.0,0,0,0,0,0.0,0.0,0.0,0,0,False,0.12003035098314285,1.536922917223791e-05,4.6107687516713723e-05,30160,0
3771,2771,supervised,0.13757061213254929,0.013410614337772131,0.0,0.0,0,0,0,0,0.0,0.0,0.0,0,0,False,0.12003099173307419,1.5345631872718214e-05,4.6036895618154636e-05,30168,0
3772,2772,supervised,0.13007280603051186,0.015756905544549227,0.0,0.0,0,0,0,0,0.0,0.0,0.0,0,0,False,0.12003175169229507,1.532204941802889e-05,4.596614825408666e-05,30176,0
3773,2773,supervised,0.14284715428948402,0.0166805787011981,0.0,0.0,0,0,0,0,0.0,0.0,0.0,0,0,False,0.12003258615732193,1.529848181827193e-05,4.589544545481579e-05,30184,0
3774,2774,supervised,0.061135243624448776,0.01342417486011982,0.0,0.0,0,0,0,0,0.0,0.0,0.0,0,0,False,0.12003349512815475,1.527492908354292e-05,4.582478725062876e-05,30192,0
3775,2775,supervised,0.1785399168729782,0.013933577109128237,0.0,0.0,0,0,0,0,0.0,0.0,0.0,0,0,False,0.12003441900014877,1.5251391223931127e-05,4.575417367179337e-05,30200,0
3776,2776,supervised,0.13561207056045532,0.01508027222007513,0.0,0.0,0,0,0,0,0.0,0.0,0.0,0,0,False,0.12003540247678757,1.5227868249519422e-05,4.568360474855826e-05,30208,0
3777,2777,supervised,0.11871543899178505,0.014712265692651272,0.0,0.0,0,0,0,0,0.0,0.0,0.0,0,0,False,0.12003639340400696,1.5204360170384286e-05,4.561308051115285e-05,30216,0
3778,2778,supervised,0.0926419235765934,0.013996668625622988,0.0,0.0,0,0,0,0,0.0,0.0,0.0,0,0,False,0.12003738433122635,1.5180866996595833e-05,4.554260098978749e-05,30224,0
3779,2779,supervised,0.20808476954698563,0.01529995072633028,0.0,0.0,0,0,0,0,0.0,0.0,0.0,0,0,False,0.12003836035728455,1.515738873821782e-05,4.547216621465346e-05,30232,0
3780,2780,supervised,0.0871315486729145,0.01679227128624916,0.0,0.0,0,0,0,0,0.0,0.0,0.0,0,0,False,0.12003925442695618,1.5133925405307563e-05,4.540177621592269e-05,30240,0
3781,2781,supervised,0.29853227734565735,0.013835803605616093,0.0,0.0,0,0,0,0,0.0,0.0,0.0,0,0,False,0.12004010379314423,1.5110477007916001e-05,4.5331431023748e-05,30248,0
3782,2782,supervised,0.23664645105600357,0.017326390836387873,0.0,0.0,0,0,0,0,0.0,0.0,0.0,0,0,False,0.12004091590642929,1.5087043556087688e-05,4.5261130668263054e-05,30256,0
3783,2783,supervised,0.12920153886079788,0.015610390342772007,0.0,0.0,0,0,0,0,0.0,0.0,0.0,0,0,False,0.12004182487726212,1.5063625059860797e-05,4.519087517958239e-05,30264,0
3784,2784,supervised,0.13590481132268906,0.013314393348991871,0.0,0.0,0,0,0,0,0.0,0.0,0.0,0,0,False,0.12004280090332031,1.5040221529267024e-05,4.5120664587801066e-05,30272,0
3785,2785,supervised,0.08720876649022102,0.01588064106181264,0.0,0.0,0,0,0,0,0.0,0.0,0.0,0,0,False,0.12004376202821732,1.5016832974331724e-05,4.5050498922995166e-05,30280,0
3786,2786,supervised,0.22895318269729614,0.01351680001243949,0.0,0.0,0,0,0,0,0.0,0.0,0.0,0,0,False,0.12004485726356506,1.4993459405073823e-05,4.4980378215221463e-05,30288,0
3787,2787,supervised,0.20949841290712357,0.01435808977112174,0.0,0.0,0,0,0,0,0.0,0.0,0.0,0,0,False,0.1200459897518158,1.4970100831505784e-05,4.4910302494517345e-05,30296,0
3788,2788,supervised,0.15195748209953308,0.015050149988383055,0.0,0.0,0,0,0,0,0.0,0.0,0.0,0,0,False,0.1200471818447113,1.4946757263633716e-05,4.484027179090114e-05,30304,0
3789,2789,supervised,0.27966704964637756,0.014310772996395826,0.0,0.0,0,0,0,0,0.0,0.0,0.0,0,0,False,0.12004826962947845,1.4923428711457216e-05,4.477028613437164e-05,30312,0
3790,2790,supervised,0.10259949415922165,0.015542199835181236,0.0,0.0,0,0,0,0,0.0,0.0,0.0,0,0,False,0.12004914879798889,1.4900115184969537e-05,4.47003455549086e-05,30320,0
3791,2791,supervised,0.13963734358549118,0.019203019328415394,0.0,0.0,0,0,0,0,0.0,0.0,0.0,0,0,False,0.120049849152565,1.4876816694157419e-05,4.463045008247225e-05,30328,0
3792,2792,supervised,0.13278761506080627,0.016303833108395338,0.0,0.0,0,0,0,0,0.0,0.0,0.0,0,0,False,0.12005045264959335,1.4853533249001206e-05,4.456059974700361e-05,30336,0
3793,2793,supervised,0.17210371792316437,0.016833600588142872,0.0,0.0,0,0,0,0,0.0,0.0,0.0,0,0,False,0.12005095928907394,1.4830264859474813e-05,4.4490794578424435e-05,30344,0
3794,2794,supervised,0.2511208727955818,0.014555150177329779,0.0,0.0,0,0,0,0,0.0,0.0,0.0,0,0,False,0.12005139887332916,1.480701153554564e-05,4.442103460663691e-05,30352,0
3795,2795,supervised,0.2847154885530472,0.01534908264875412,0.0,0.0,0,0,0,0,0.0,0.0,0.0,0,0,False,0.12005183845758438,1.4783773287174684e-05,4.435131986152405e-05,30360,0
3796,2796,supervised,0.13112270832061768,0.014849072322249413,0.0,0.0,0,0,0,0,0.0,0.0,0.0,0,0,False,0.12005232274532318,1.4760550124316502e-05,4.42816503729495e-05,30368,0
3797,2797,supervised,0.2221081703901291,0.014212269335985184,0.0,0.0,0,0,0,0,0.0,0.0,0.0,0,0,False,0.1200527623295784,1.4737342056919129e-05,4.4212026170757384e-05,30376,0
3798,2798,supervised,0.17330559343099594,0.01597018353641033,0.0,0.0,0,0,0,0,0.0,0.0,0.0,0,0,False,0.12005318701267242,1.4714149094924151e-05,4.4142447284772444e-05,30384,0
3799,2799,supervised,0.18824468925595284,0.0136994537897408,0.0,0.0,0,0,0,0,0.0,0.0,0.0,0,0,False,0.12005368620157242,1.4690971248266722e-05,4.407291374480016e-05,30392,0
3800,2800,supervised,0.18519598245620728,0.01581678306683898,0.0,0.0,0,0,0,0,0.0,0.0,0.0,0,0,False,0.12005428969860077,1.4667808526875499e-05,4.400342558062649e-05,30400,0
3801,2801,supervised,0.23516131937503815,0.01588010462000966,0.0,0.0,0,0,0,0,0.0,0.0,0.0,0,0,False,0.12005487829446793,1.4644660940672627e-05,4.3933982822017876e-05,30408,0
3802,2802,supervised,0.12647505849599838,0.014075371902436018,0.0,0.0,0,0,0,0,0.0,0.0,0.0,0,0,False,0.12005574256181717,1.4621528499573817e-05,4.3864585498721445e-05,30416,0
3803,2803,supervised,0.1918441355228424,0.015520907007157803,0.0,0.0,0,0,0,0,0.0,0.0,0.0,0,0,False,0.12005659937858582,1.4598411213488284e-05,4.379523364046484e-05,30424,0
3804,2804,supervised,0.1256012488156557,0.016162293497473,0.0,0.0,0,0,0,0,0.0,0.0,0.0,0,0,False,0.12005747854709625,1.4575309092318713e-05,4.372592727695613e-05,30432,0
3805,2805,supervised,0.18975456058979034,0.01618053950369358,0.0,0.0,0,0,0,0,0.0,0.0,0.0,0,0,False,0.12005838751792908,1.4552222145961325e-05,4.365666643788397e-05,30440,0
3806,2806,supervised,0.06852483190596104,0.015180849470198154,0.0,0.0,0,0,0,0,0.0,0.0,0.0,0,0,False,0.1200593039393425,1.4529150384305851e-05,4.358745115291754e-05,30448,0
3807,2807,supervised,0.19222847744822502,0.014816694892942905,0.0,0.0,0,0,0,0,0.0,0.0,0.0,0,0,False,0.12006014585494995,1.4506093817235494e-05,4.3518281451706477e-05,30456,0
3808,2808,supervised,0.14130721241235733,0.01636952254921198,0.0,0.0,0,0,0,0,0.0,0.0,0.0,0,0,False,0.12006094306707382,1.4483052454626939e-05,4.344915736388081e-05,30464,0
3809,2809,supervised,0.18561024218797684,0.013987707439810038,0.0,0.0,0,0,0,0,0.0,0.0,0.0,0,0,False,0.12006184458732605,1.4460026306350377e-05,4.3380078919051125e-05,30472,0
3810,2810,supervised,0.11504705250263214,0.015809269156306982,0.0,0.0,0,0,0,0,0.0,0.0,0.0,0,0,False,0.12006273120641708,1.4437015382269503e-05,4.33110461468085e-05,30480,0
3811,2811,supervised,0.13648377358913422,0.014753001742064953,0.0,0.0,0,0,0,0,0.0,0.0,0.0,0,0,False,0.12006363272666931,1.4414019692241437e-05,4.3242059076724304e-05,30488,0
3812,2812,supervised,0.1952550932765007,0.020806957967579365,0.0,0.0,0,0,0,0,0.0,0.0,0.0,0,0,False,0.12006440758705139,1.439103924611681e-05,4.317311773835043e-05,30496,0
3813,2813,supervised,0.2918504402041435,0.014555689878761768,0.0,0.0,0,0,0,0,0.0,0.0,0.0,0,0,False,0.12006514519453049,1.4368074053739734e-05,4.3104222161219196e-05,30504,0
3814,2814,supervised,0.1920824758708477,0.015029367990791798,0.0,0.0,0,0,0,0,0.0,0.0,0.0,0,0,False,0.12006577849388123,1.434512412494774e-05,4.303537237484321e-05,30512,0
3815,2815,supervised,0.13227979838848114,0.014014926739037037,0.0,0.0,0,0,0,0,0.0,0.0,0.0,0,0,False,0.12006641179323196,1.4322189469571879e-05,4.296656840871563e-05,30520,0
3816,2816,supervised,0.24597002565860748,0.01609790977090597,0.0,0.0,0,0,0,0,0.0,0.0,0.0,0,0,False,0.12006691098213196,1.429927009743659e-05,4.2897810292309764e-05,30528,0
3817,2817,supervised,0.13488147035241127,0.01725782034918666,0.0,0.0,0,0,0,0,0.0,0.0,0.0,0,0,False,0.12006740272045135,1.4276366018359844e-05,4.2829098055079524e-05,30536,0
3818,2818,supervised,0.12587232887744904,0.016146309673786163,0.0,0.0,0,0,0,0,0.0,0.0,0.0,0,0,False,0.12006793916225433,1.4253477242152985e-05,4.276043172645895e-05,30544,0
3819,2819,supervised,0.13829685747623444,0.015932932496070862,0.0,0.0,0,0,0,0,0.0,0.0,0.0,0,0,False,0.12006842344999313,1.4230603778620855e-05,4.269181133586256e-05,30552,0
3820,2820,supervised,0.1802447810769081,0.013590631075203419,0.0,0.0,0,0,0,0,0.0,0.0,0.0,0,0,False,0.12006894499063492,1.4207745637561731e-05,4.262323691268519e-05,30560,0
3821,2821,supervised,0.17450246214866638,0.014352151658385992,0.0,0.0,0,0,0,0,0.0,0.0,0.0,0,0,False,0.1200694814324379,1.4184902828767287e-05,4.255470848630186e-05,30568,0
3822,2822,supervised,0.22925115376710892,0.015262271277606487,0.0,0.0,0,0,0,0,0.0,0.0,0.0,0,0,False,0.1200699731707573,1.4162075362022676e-05,4.248622608606802e-05,30576,0
3823,2823,supervised,0.23783909529447556,0.014568866230547428,0.0,0.0,0,0,0,0,0.0,0.0,0.0,0,0,False,0.12007050961256027,1.4139263247106466e-05,4.241778974131939e-05,30584,0
3824,2824,supervised,0.28454796969890594,0.014767340384423733,0.0,0.0,0,0,0,0,0.0,0.0,0.0,0,0,False,0.12007099390029907,1.4116466493790631e-05,4.234939948137189e-05,30592,0
3825,2825,supervised,0.17875267565250397,0.015050101093947887,0.0,0.0,0,0,0,0,0.0,0.0,0.0,0,0,False,0.12007161229848862,1.4093685111840566e-05,4.228105533552169e-05,30600,0
3826,2826,supervised,0.14054911583662033,0.020095220766961575,0.0,0.0,0,0,0,0,0.0,0.0,0.0,0,0,False,0.12007218599319458,1.4070919111015096e-05,4.2212757333045283e-05,30608,0
3827,2827,supervised,0.12431074678897858,0.015105917118489742,0.0,0.0,0,0,0,0,0.0,0.0,0.0,0,0,False,0.1200728490948677,1.4048168501066478e-05,4.214450550319943e-05,30616,0
3828,2828,supervised,0.1312439888715744,0.015956321731209755,0.0,0.0,0,0,0,0,0.0,0.0,0.0,0,0,False,0.12007342278957367,1.4025433291740314e-05,4.2076299875220936e-05,30624,0
3829,2829,supervised,0.17597337067127228,0.015531071927398443,0.0,0.0,0,0,0,0,0.0,0.0,0.0,0,0,False,0.1200740709900856,1.400271349277566e-05,4.200814047832697e-05,30632,0
3830,2830,supervised,0.13007188588380814,0.014539187774062157,0.0,0.0,0,0,0,0,0.0,0.0,0.0,0,0,False,0.12007485330104828,1.3980009113904974e-05,4.194002734171491e-05,30640,0
3831,2831,supervised,0.23928308486938477,0.014889865648001432,0.0,0.0,0,0,0,0,0.0,0.0,0.0,0,0,False,0.12007562071084976,1.3957320164854059e-05,4.1871960494562174e-05,30648,0
3832,2832,supervised,0.19296278804540634,0.014171076472848654,0.0,0.0,0,0,0,0,0.0,0.0,0.0,0,0,False,0.12007639557123184,1.393464665534217e-05,4.180393996602651e-05,30656,0
3833,2833,supervised,0.17847660183906555,0.01496967626735568,0.0,0.0,0,0,0,0,0.0,0.0,0.0,0,0,False,0.12007714062929153,1.3911988595081893e-05,4.1735965785245674e-05,30664,0
3834,2834,supervised,0.2401653304696083,0.014332312159240246,0.0,0.0,0,0,0,0,0.0,0.0,0.0,0,0,False,0.1200779601931572,1.3889345993779246e-05,4.1668037981337735e-05,30672,0
3835,2835,supervised,0.13508771359920502,0.014201312325894833,0.0,0.0,0,0,0,0,0.0,0.0,0.0,0,0,False,0.12007870525121689,1.386671886113357e-05,4.160015658340071e-05,30680,0
3836,2836,supervised,0.19561709463596344,0.013679122552275658,0.0,0.0,0,0,0,0,0.0,0.0,0.0,0,0,False,0.1200794205069542,1.3844107206837625e-05,4.153232162051287e-05,30688,0
3837,2837,supervised,0.1336609348654747,0.01565530803054571,0.0,0.0,0,0,0,0,0.0,0.0,0.0,0,0,False,0.12008015066385269,1.382151104057754e-05,4.1464533121732613e-05,30696,0
3838,2838,supervised,0.13495708256959915,0.01659807236865163,0.0,0.0,0,0,0,0,0.0,0.0,0.0,0,0,False,0.12008076906204224,1.379893037203277e-05,4.1396791116098305e-05,30704,0
3839,2839,supervised,0.2863086834549904,0.013783738482743502,0.0,0.0,0,0,0,0,0.0,0.0,0.0,0,0,False,0.12008140236139297,1.3776365210876164e-05,4.132909563262848e-05,30712,0
3840,2840,supervised,0.2924179285764694,0.01377218309789896,0.0,0.0,0,0,0,0,0.0,0.0,0.0,0,0,False,0.12008197605609894,1.3753815566773943e-05,4.126144670032182e-05,30720,0
3841,2841,supervised,0.07946674898266792,0.014368144329637289,0.0,0.0,0,0,0,0,0.0,0.0,0.0,0,0,False,0.12008277326822281,1.373128144938563e-05,4.1193844348156886e-05,30728,0
3842,2842,supervised,0.18564330786466599,0.013855405151844025,0.0,0.0,0,0,0,0,0.0,0.0,0.0,0,0,False,0.12008354812860489,1.3708762868364128e-05,4.112628860509238e-05,30736,0
3843,2843,supervised,0.17277149111032486,0.015617066528648138,0.0,0.0,0,0,0,0,0.0,0.0,0.0,0,0,False,0.12008428573608398,1.368625983335568e-05,4.105877950006703e-05,30744,0
3844,2844,supervised,0.12989086285233498,0.016838485840708017,0.0,0.0,0,0,0,0,0.0,0.0,0.0,0,0,False,0.12008506059646606,1.3663772353999893e-05,4.0991317061999676e-05,30752,0
3845,2845,supervised,0.13120418787002563,0.014725361950695515,0.0,0.0,0,0,0,0,0.0,0.0,0.0,0,0,False,0.12008578330278397,1.3641300439929666e-05,4.0923901319788994e-05,30760,0
3846,2846,supervised,0.23293106257915497,0.01452535530552268,0.0,0.0,0,0,0,0,0.0,0.0,0.0,0,0,False,0.12008649110794067,1.3618844100771255e-05,4.085653230231376e-05,30768,0
3847,2847,supervised,0.13429192081093788,0.01615447085350752,0.0,0.0,0,0,0,0,0.0,0.0,0.0,0,0,False,0.12008712440729141,1.3596403346144255e-05,4.078921003843276e-05,30776,0
3848,2848,supervised,0.1498126983642578,0.014522864948958158,0.0,0.0,0,0,0,0,0.0,0.0,0.0,0,0,False,0.12008794397115707,1.3573978185661572e-05,4.0721934556984716e-05,30784,0
3849,2849,supervised,0.08413327112793922,0.013681669253855944,0.0,0.0,0,0,0,0,0.0,0.0,0.0,0,0,False,0.12008889764547348,1.3551568628929434e-05,4.06547058867883e-05,30792,0
3850,2850,supervised,0.2503645569086075,0.014614892192184925,0.0,0.0,0,0,0,0,0.0,0.0,0.0,0,0,False,0.1200898140668869,1.3529174685547357e-05,4.0587524056642065e-05,30800,0
3851,2851,supervised,0.17455053329467773,0.014530320651829243,0.0,0.0,0,0,0,0,0.0,0.0,0.0,0,0,False,0.12009072303771973,1.3506796365108232e-05,4.052038909532469e-05,30808,0
3852,2852,supervised,0.16979050636291504,0.014405688270926476,0.0,0.0,0,0,0,0,0.0,0.0,0.0,0,0,False,0.12009156495332718,1.3484433677198182e-05,4.045330103159454e-05,30816,0
3853,2853,supervised,0.19491133838891983,0.024270333349704742,0.0,0.0,0,0,0,0,0.0,0.0,0.0,0,0,False,0.12009226530790329,1.3462086631396692e-05,4.038625989419007e-05,30824,0
3854,2854,supervised,0.17542016506195068,0.01375124091282487,0.0,0.0,0,0,0,0,0.0,0.0,0.0,0,0,False,0.12009292840957642,1.3439755237276548e-05,4.031926571182963e-05,30832,0
3855,2855,supervised,0.13736765459179878,0.015022349543869495,0.0,0.0,0,0,0,0,0.0,0.0,0.0,0,0,False,0.12009399384260178,1.3417439504403768e-05,4.0252318513211296e-05,30840,0
3856,2856,supervised,0.23306743055582047,0.015639166347682476,0.0,0.0,0,0,0,0,0.0,0.0,0.0,0,0,False,0.12009494751691818,1.3395139442337723e-05,4.018541832701316e-05,30848,0
3857,2857,supervised,0.17760903388261795,0.01468097185716033,0.0,0.0,0,0,0,0,0.0,0.0,0.0,0,0,False,0.12009592354297638,1.3372855060631068e-05,4.01185651818932e-05,30856,0
3858,2858,supervised,0.08214541524648666,0.014380542561411858,0.0,0.0,0,0,0,0,0.0,0.0,0.0,0,0,False,0.12009686976671219,1.3350586368829693e-05,4.005175910648907e-05,30864,0
3859,2859,supervised,0.14036555960774422,0.015705600380897522,0.0,0.0,0,0,0,0,0.0,0.0,0.0,0,0,False,0.12009768187999725,1.3328333376472824e-05,3.9985000129418466e-05,30872,0
3860,2860,supervised,0.13569023460149765,0.015882703009992838,0.0,0.0,0,0,0,0,0.0,0.0,0.0,0,0,False,0.12009835988283157,1.3306096093092912e-05,3.991828827927873e-05,30880,0
3861,2861,supervised,0.12314050644636154,0.015134850051254034,0.0,0.0,0,0,0,0,0.0,0.0,0.0,0,0,False,0.12009907513856888,1.3283874528215733e-05,3.98516235846472e-05,30888,0
3862,2862,supervised,0.27001548558473587,0.01442032866179943,0.0,0.0,0,0,0,0,0.0,0.0,0.0,0,0,False,0.12009977549314499,1.3261668691360268e-05,3.97850060740808e-05,30896,0
3863,2863,supervised,0.1894032210111618,0.018731785006821156,0.0,0.0,0,0,0,0,0.0,0.0,0.0,0,0,False,0.12010039389133453,1.32394785920388e-05,3.97184357761164e-05,30904,0
3864,2864,supervised,0.13686494156718254,0.014827276580035686,0.0,0.0,0,0,0,0,0.0,0.0,0.0,0,0,False,0.1201009601354599,1.3217304239756873e-05,3.965191271927061e-05,30912,0
3865,2865,supervised,0.07068557664752007,0.016025768592953682,0.0,0.0,0,0,0,0,0.0,0.0,0.0,0,0,False,0.12010156363248825,1.3195145644013285e-05,3.9585436932039846e-05,30920,0
3866,2866,supervised,0.18253398314118385,0.014485656749457121,0.0,0.0,0,0,0,0,0.0,0.0,0.0,0,0,False,0.12010237574577332,1.3173002814300045e-05,3.951900844290013e-05,30928,0
3867,2867,supervised,0.23894090950489044,0.015740770380944014,0.0,0.0,0,0,0,0,0.0,0.0,0.0,0,0,False,0.12010318785905838,1.3150875760102465e-05,3.945262728030739e-05,30936,0
3868,2868,supervised,0.12386571988463402,0.018396828789263964,0.0,0.0,0,0,0,0,0.0,0.0,0.0,0,0,False,0.1201040968298912,1.3128764490899065e-05,3.938629347269719e-05,30944,0
3869,2869,supervised,0.2569832280278206,0.013997508212924004,0.0,0.0,0,0,0,0,0.0,0.0,0.0,0,0,False,0.12010489404201508,1.3106669016161588e-05,3.932000704848476e-05,30952,0
3870,2870,supervised,0.13760554045438766,0.015200779773294926,0.0,0.0,0,0,0,0,0.0,0.0,0.0,0,0,False,0.12010572850704193,1.3084589345355053e-05,3.925376803606515e-05,30960,0
3871,2871,supervised,0.1972409188747406,0.013997578527778387,0.0,0.0,0,0,0,0,0.0,0.0,0.0,0,0,False,0.12010661512613297,1.3062525487937699e-05,3.918757646381309e-05,30968,0
3872,2872,supervised,0.13716232404112816,0.0170661979354918,0.0,0.0,0,0,0,0,0.0,0.0,0.0,0,0,False,0.12010753154754639,1.3040477453360955e-05,3.912143236008286e-05,30976,0
3873,2873,supervised,0.13239531964063644,0.014480459038168192,0.0,0.0,0,0,0,0,0.0,0.0,0.0,0,0,False,0.12010841071605682,1.301844525106951e-05,3.9055335753208525e-05,30984,0
3874,2874,supervised,0.18189744651317596,0.014447997324168682,0.0,0.0,0,0,0,0,0.0,0.0,0.0,0,0,False,0.12010929733514786,1.2996428890501272e-05,3.898928667150381e-05,30992,0
3875,2875,supervised,0.08524737507104874,0.01797839906066656,0.0,0.0,0,0,0,0,0.0,0.0,0.0,0,0,False,0.12011009454727173,1.297442838108735e-05,3.892328514326204e-05,31000,0
3876,2876,supervised,0.07565503939986229,0.014128666371107101,0.0,0.0,0,0,0,0,0.0,0.0,0.0,0,0,False,0.12011086195707321,1.2952443732252057e-05,3.885733119675616e-05,31008,0
3877,2877,supervised,0.14623696357011795,0.016261860262602568,0.0,0.0,0,0,0,0,0.0,0.0,0.0,0,0,False,0.12011168897151947,1.2930474953412897e-05,3.879142486023869e-05,31016,0
3878,2878,supervised,0.18475272506475449,0.015135151334106922,0.0,0.0,0,0,0,0,0.0,0.0,0.0,0,0,False,0.12011247128248215,1.2908522053980632e-05,3.872556616194189e-05,31024,0
3879,2879,supervised,0.10905329696834087,0.014345234259963036,0.0,0.0,0,0,0,0,0.0,0.0,0.0,0,0,False,0.1201133131980896,1.2886585043359156e-05,3.865975513007746e-05,31032,0
3880,2880,supervised,0.24859289079904556,0.014467093162238598,0.0,0.0,0,0,0,0,0.0,0.0,0.0,0,0,False,0.12011414021253586,1.2864663930945602e-05,3.85939917928368e-05,31040,0
3881,2881,supervised,0.08341092988848686,0.01739625632762909,0.0,0.0,0,0,0,0,0.0,0.0,0.0,0,0,False,0.12011492252349854,1.2842758726130283e-05,3.852827617839084e-05,31048,0
3882,2882,supervised,0.21831998974084854,0.013451711274683475,0.0,0.0,0,0,0,0,0.0,0.0,0.0,0,0,False,0.12011565268039703,1.2820869438296695e-05,3.8462608314890084e-05,31056,0
3883,2883,supervised,0.2988753318786621,0.014728992246091366,0.0,0.0,0,0,0,0,0.0,0.0,0.0,0,0,False,0.12011636793613434,1.2798996076821495e-05,3.8396988230464484e-05,31064,0
3884,2884,supervised,0.12982457876205444,0.01789115648716688,0.0,0.0,0,0,0,0,0.0,0.0,0.0,0,0,False,0.12011700123548508,1.2777138651074566e-05,3.833141595322369e-05,31072,0
3885,2885,supervised,0.14054905623197556,0.01393649261444807,0.0,0.0,0,0,0,0,0.0,0.0,0.0,0,0,False,0.1201176866889,1.2755297170418912e-05,3.826589151125673e-05,31080,0
3886,2886,supervised,0.12537173926830292,0.013395598623901606,0.0,0.0,0,0,0,0,0.0,0.0,0.0,0,0,False,0.12011841684579849,1.273347164421072e-05,3.820041493263216e-05,31088,0
3887,2887,supervised,0.1434023529291153,0.015583282336592674,0.0,0.0,0,0,0,0,0.0,0.0,0.0,0,0,False,0.12011928111314774,1.2711662081799364e-05,3.8134986245398084e-05,31096,0
3888,2888,supervised,0.2337108552455902,0.01632176898419857,0.0,0.0,0,0,0,0,0.0,0.0,0.0,0,0,False,0.12012005597352982,1.2689868492527385e-05,3.806960547758215e-05,31104,0
3889,2889,supervised,0.16409465670585632,0.01695397775620222,0.0,0.0,0,0,0,0,0.0,0.0,0.0,0,0,False,0.12012096494436264,1.2668090885730438e-05,3.800427265719131e-05,31112,0
3890,2890,supervised,0.22867006063461304,0.015315816272050142,0.0,0.0,0,0,0,0,0.0,0.0,0.0,0,0,False,0.12012176215648651,1.2646329270737362e-05,3.793898781221208e-05,31120,0
3891,2891,supervised,0.25320614129304886,0.014253368601202965,0.0,0.0,0,0,0,0,0.0,0.0,0.0,0,0,False,0.120122529566288,1.2624583656870154e-05,3.787375097061045e-05,31128,0
3892,2892,supervised,0.07589314132928848,0.019925985485315323,0.0,0.0,0,0,0,0,0.0,0.0,0.0,0,0,False,0.12012327462434769,1.2602854053443952e-05,3.780856216033185e-05,31136,0
3893,2893,supervised,0.24277911335229874,0.01607619598507881,0.0,0.0,0,0,0,0,0.0,0.0,0.0,0,0,False,0.1201239600777626,1.258114046976701e-05,3.774342140930103e-05,31144,0
3894,2894,supervised,0.1349756345152855,0.014489248860627413,0.0,0.0,0,0,0,0,0.0,0.0,0.0,0,0,False,0.12012457847595215,1.2559442915140734e-05,3.7678328745422195e-05,31152,0
3895,2895,supervised,0.17450617998838425,0.015391796827316284,0.0,0.0,0,0,0,0,0.0,0.0,0.0,0,0,False,0.12012512981891632,1.2537761398859682e-05,3.761328419657904e-05,31160,0
3896,2896,supervised,0.18736886978149414,0.015548653434962034,0.0,0.0,0,0,0,0,0.0,0.0,0.0,0,0,False,0.1201256513595581,1.2516095930211508e-05,3.754828779063452e-05,31168,0
3897,2897,supervised,0.29637372493743896,0.013766708318144083,0.0,0.0,0,0,0,0,0.0,0.0,0.0,0,0,False,0.12012637406587601,1.2494446518477022e-05,3.7483339555431055e-05,31176,0
3898,2898,supervised,0.2458365112543106,0.015993182081729174,0.0,0.0,0,0,0,0,0.0,0.0,0.0,0,0,False,0.12012699246406555,1.2472813172930147e-05,3.7418439518790435e-05,31184,0
3899,2899,supervised,0.18851643800735474,0.016776341013610363,0.0,0.0,0,0,0,0,0.0,0.0,0.0,0,0,False,0.12012748420238495,1.245119590283793e-05,3.7353587708513786e-05,31192,0
3900,2900,supervised,0.08066406846046448,0.016644424758851528,0.0,0.0,0,0,0,0,0.0,0.0,0.0,0,0,False,0.12012802064418793,1.2429594717460497e-05,3.728878415238148e-05,31200,0
3901,2901,supervised,0.17116862908005714,0.015498403925448656,0.0,0.0,0,0,0,0,0.0,0.0,0.0,0,0,False,0.1201285570859909,1.2408009626051137e-05,3.72240288781534e-05,31208,0
3902,2902,supervised,0.1181800626218319,0.014804389327764511,0.0,0.0,0,0,0,0,0.0,0.0,0.0,0,0,False,0.12012909352779388,1.2386440637856206e-05,3.715932191356861e-05,31216,0
3903,2903,supervised,0.19523970037698746,0.01760274125263095,0.0,0.0,0,0,0,0,0.0,0.0,0.0,0,0,False,0.12012965977191925,1.2364887762115152e-05,3.709466328634545e-05,31224,0
3904,2904,supervised,0.30168531835079193,0.01433133753016591,0.0,0.0,0,0,0,0,0.0,0.0,0.0,0,0,False,0.12013024091720581,1.2343351008060566e-05,3.7030053024181694e-05,31232,0
3905,2905,supervised,0.172093341127038,0.015486577525734901,0.0,0.0,0,0,0,0,0.0,0.0,0.0,0,0,False,0.12013082951307297,1.2321830384918116e-05,3.696549115475434e-05,31240,0
3906,2906,supervised,0.19295741617679596,0.014118758961558342,0.0,0.0,0,0,0,0,0.0,0.0,0.0,0,0,False,0.12013141810894012,1.2300325901906528e-05,3.690097770571958e-05,31248,0
3907,2907,supervised,0.24013157933950424,0.01599944196641445,0.0,0.0,0,0,0,0,0.0,0.0,0.0,0,0,False,0.1201319545507431,1.2278837568237656e-05,3.683651270471296e-05,31256,0
3908,2908,supervised,0.20343239977955818,0.015298597048968077,0.0,0.0,0,0,0,0,0.0,0.0,0.0,0,0,False,0.12013274431228638,1.2257365393116415e-05,3.677209617934924e-05,31264,0
3909,2909,supervised,0.19660329818725586,0.014938898384571075,0.0,0.0,0,0,0,0,0.0,0.0,0.0,0,0,False,0.12013351172208786,1.2235909385740824e-05,3.6707728157222465e-05,31272,0
3910,2910,supervised,0.23728681355714798,0.014826804399490356,0.0,0.0,0,0,0,0,0.0,0.0,0.0,0,0,False,0.12013418972492218,1.2214469555301927e-05,3.664340866590578e-05,31280,0
3911,2911,supervised,0.14447519928216934,0.013366831932216883,0.0,0.0,0,0,0,0,0.0,0.0,0.0,0,0,False,0.12013480812311172,1.2193045910983863e-05,3.657913773295159e-05,31288,0
3912,2912,supervised,0.14689579606056213,0.015273706056177616,0.0,0.0,0,0,0,0,0.0,0.0,0.0,0,0,False,0.12013552337884903,1.217163846196387e-05,3.65149153858916e-05,31296,0
3913,2913,supervised,0.18720918521285057,0.018078075721859932,0.0,0.0,0,0,0,0,0.0,0.0,0.0,0,0,False,0.12013618648052216,1.2150247217412186e-05,3.645074165223655e-05,31304,0
3914,2914,supervised,0.18576575815677643,0.016293522901833057,0.0,0.0,0,0,0,0,0.0,0.0,0.0,0,0,False,0.12013690173625946,1.2128872186492157e-05,3.638661655947647e-05,31312,0
3915,2915,supervised,0.14115755259990692,0.01655872631818056,0.0,0.0,0,0,0,0,0.0,0.0,0.0,0,0,False,0.12013758718967438,1.2107513378360164e-05,3.6322540135080484e-05,31320,0
3916,2916,supervised,0.19611916691064835,0.015046314336359501,0.0,0.0,0,0,0,0,0.0,0.0,0.0,0,0,False,0.12013830244541168,1.2086170802165659e-05,3.625851240649697e-05,31328,0
3917,2917,supervised,0.14472372457385063,0.01457558199763298,0.0,0.0,0,0,0,0,0.0,0.0,0.0,0,0,False,0.12013912945985794,1.206484446705109e-05,3.619453340115326e-05,31336,0
3918,2918,supervised,0.19881898164749146,0.01846716506406665,0.0,0.0,0,0,0,0,0.0,0.0,0.0,0,0,False,0.12013985961675644,1.2043534382152022e-05,3.613060314645606e-05,31344,0
3919,2919,supervised,0.05660943500697613,0.014094361569732428,0.0,0.0,0,0,0,0,0.0,0.0,0.0,0,0,False,0.12014065682888031,1.2022240556596975e-05,3.606672166979092e-05,31352,0
3920,2920,supervised,0.2672988176345825,0.014310450293123722,0.0,0.0,0,0,0,0,0.0,0.0,0.0,0,0,False,0.12014153599739075,1.2000962999507587e-05,3.600288899852276e-05,31360,0
3921,2921,supervised,0.13081607222557068,0.017282563727349043,0.0,0.0,0,0,0,0,0.0,0.0,0.0,0,0,False,0.12014232575893402,1.1979701719998453e-05,3.593910515999536e-05,31368,0
3922,2922,supervised,0.15629766136407852,0.016390028409659863,0.0,0.0,0,0,0,0,0.0,0.0,0.0,0,0,False,0.12014299631118774,1.1958456727177254e-05,3.5875370181531754e-05,31376,0
3923,2923,supervised,0.0893898569047451,0.018212304916232824,0.0,0.0,0,0,0,0,0.0,0.0,0.0,0,0,False,0.12014375627040863,1.193722803014467e-05,3.5811684090434005e-05,31384,0
3924,2924,supervised,0.125777930021286,0.016085727605968714,0.0,0.0,0,0,0,0,0.0,0.0,0.0,0,0,False,0.12014449387788773,1.1916015637994376e-05,3.5748046913983126e-05,31392,0
3925,2925,supervised,0.1355264037847519,0.013773525133728981,0.0,0.0,0,0,0,0,0.0,0.0,0.0,0,0,False,0.12014532089233398,1.1894819559813108e-05,3.568445867943932e-05,31400,0
3926,2926,supervised,0.18704428523778915,0.014801548793911934,0.0,0.0,0,0,0,0,0.0,0.0,0.0,0,0,False,0.12014606595039368,1.1873639804680598e-05,3.562091941404179e-05,31408,0
3927,2927,supervised,0.1449154168367386,0.014487283304333687,0.0,0.0,0,0,0,0,0.0,0.0,0.0,0,0,False,0.12014694511890411,1.1852476381669558e-05,3.555742914500867e-05,31416,0
3928,2928,supervised,0.17835046350955963,0.015031674411147833,0.0,0.0,0,0,0,0,0.0,0.0,0.0,0,0,False,0.1201477199792862,1.183132929984575e-05,3.549398789953725e-05,31424,0
3929,2929,supervised,0.13230271637439728,0.014554479159414768,0.0,0.0,0,0,0,0,0.0,0.0,0.0,0,0,False,0.12014853209257126,1.1810198568267905e-05,3.5430595704803714e-05,31432,0
3930,2930,supervised,0.12419521808624268,0.013613711576908827,0.0,0.0,0,0,0,0,0.0,0.0,0.0,0,0,False,0.12014937400817871,1.1789084195987737e-05,3.536725258796321e-05,31440,0
3931,2931,supervised,0.24202144145965576,0.01612168364226818,0.0,0.0,0,0,0,0,0.0,0.0,0.0,0,0,False,0.1201501116156578,1.1767986192049984e-05,3.530395857614995e-05,31448,0
3932,2932,supervised,0.1224273219704628,0.014730973169207573,0.0,0.0,0,0,0,0,0.0,0.0,0.0,0,0,False,0.12015074491500854,1.1746904565492367e-05,3.5240713696477095e-05,31456,0
3933,2933,supervised,0.1239732950925827,0.01438383525237441,0.0,0.0,0,0,0,0,0.0,0.0,0.0,0,0,False,0.12015142291784286,1.17258393253456e-05,3.51775179760368e-05,31464,0
3934,2934,supervised,0.18540969491004944,0.014515039045363665,0.0,0.0,0,0,0,0,0.0,0.0,0.0,0,0,False,0.12015209347009659,1.1704790480633326e-05,3.511437144189997e-05,31472,0
3935,2935,supervised,0.14843680709600449,0.015859117731451988,0.0,0.0,0,0,0,0,0.0,0.0,0.0,0,0,False,0.1201527863740921,1.1683758040372223e-05,3.505127412111666e-05,31480,0
3936,2936,supervised,0.14761583879590034,0.015399874653667212,0.0,0.0,0,0,0,0,0.0,0.0,0.0,0,0,False,0.12015338987112045,1.1662742013571925e-05,3.498822604071577e-05,31488,0
3937,2937,supervised,0.12946368381381035,0.015609491150826216,0.0,0.0,0,0,0,0,0.0,0.0,0.0,0,0,False,0.12015397101640701,1.164174240923503e-05,3.4925227227705085e-05,31496,0
3938,2938,supervised,0.10147571749985218,0.01444212719798088,0.0,0.0,0,0,0,0,0.0,0.0,0.0,0,0,False,0.12015465646982193,1.1620759236357082e-05,3.486227770907124e-05,31504,0
3939,2939,supervised,0.12610063329339027,0.01571063045412302,0.0,0.0,0,0,0,0,0.0,0.0,0.0,0,0,False,0.12015525996685028,1.1599792503926609e-05,3.479937751177982e-05,31512,0
3940,2940,supervised,0.08145730197429657,0.01743272040039301,0.0,0.0,0,0,0,0,0.0,0.0,0.0,0,0,False,0.12015590816736221,1.1578842220925124e-05,3.473652666277536e-05,31520,0
3941,2941,supervised,0.17549967020750046,0.016112210229039192,0.0,0.0,0,0,0,0,0.0,0.0,0.0,0,0,False,0.12015651911497116,1.1557908396327028e-05,3.4673725188981075e-05,31528,0
3942,2942,supervised,0.1407051905989647,0.016342917922884226,0.0,0.0,0,0,0,0,0.0,0.0,0.0,0,0,False,0.1201571598649025,1.1536991039099715e-05,3.461097311729914e-05,31536,0
3943,2943,supervised,0.1828329637646675,0.0146989650093019,0.0,0.0,0,0,0,0,0.0,0.0,0.0,0,0,False,0.12015780061483383,1.1516090158203529e-05,3.4548270474610586e-05,31544,0
3944,2944,supervised,0.17246081307530403,0.016668167430907488,0.0,0.0,0,0,0,0,0.0,0.0,0.0,0,0,False,0.12015843391418457,1.1495205762591731e-05,3.448561728777519e-05,31552,0
3945,2945,supervised,0.2921861559152603,0.016156544908881187,0.0,0.0,0,0,0,0,0.0,0.0,0.0,0,0,False,0.12015899270772934,1.1474337861210543e-05,3.442301358363163e-05,31560,0
3946,2946,supervised,0.14107371121644974,0.018312939442694187,0.0,0.0,0,0,0,0,0.0,0.0,0.0,0,0,False,0.12015964090824127,1.1453486462999108e-05,3.436045938899732e-05,31568,0
3947,2947,supervised,0.1803070232272148,0.014811191707849503,0.0,0.0,0,0,0,0,0.0,0.0,0.0,0,0,False,0.12016024440526962,1.1432651576889486e-05,3.429795473066845e-05,31576,0
3948,2948,supervised,0.1817498505115509,0.014924645889550447,0.0,0.0,0,0,0,0,0.0,0.0,0.0,0,0,False,0.120160773396492,1.1411833211806694e-05,3.423549963542008e-05,31584,0
3949,2949,supervised,0.11863422766327858,0.015309683047235012,0.0,0.0,0,0,0,0,0.0,0.0,0.0,0,0,False,0.12016129493713379,1.1391031376668653e-05,3.4173094130005954e-05,31592,0
3950,2950,supervised,0.10804075002670288,0.017771906685084105,0.0,0.0,0,0,0,0,0.0,0.0,0.0,0,0,False,0.12016180157661438,1.1370246080386226e-05,3.411073824115867e-05,31600,0
3951,2951,supervised,0.16783246397972107,0.016369884833693504,0.0,0.0,0,0,0,0,0.0,0.0,0.0,0,0,False,0.1201624944806099,1.134947733186315e-05,3.404843199558945e-05,31608,0
3952,2952,supervised,0.23132383823394775,0.01585502875968814,0.0,0.0,0,0,0,0,0.0,0.0,0.0,0,0,False,0.12016316503286362,1.132872513999611e-05,3.3986175419988326e-05,31616,0
3953,2953,supervised,0.18312159925699234,0.014392091426998377,0.0,0.0,0,0,0,0,0.0,0.0,0.0,0,0,False,0.12016379833221436,1.1307989513674693e-05,3.3923968541024075e-05,31624,0
3954,2954,supervised,0.24523388594388962,0.013947151601314545,0.0,0.0,0,0,0,0,0.0,0.0,0.0,0,0,False,0.12016447633504868,1.1287270461781374e-05,3.386181138534412e-05,31632,0
3955,2955,supervised,0.12768280133605003,0.01448461227118969,0.0,0.0,0,0,0,0,0.0,0.0,0.0,0,0,False,0.1201651394367218,1.1266567993191524e-05,3.3799703979574565e-05,31640,0
3956,2956,supervised,0.17163880914449692,0.013941071927547455,0.0,0.0,0,0,0,0,0.0,0.0,0.0,0,0,False,0.12016580998897552,1.1245882116773432e-05,3.373764635032029e-05,31648,0
3957,2957,supervised,0.19426971673965454,0.0163890584371984,0.0,0.0,0,0,0,0,0.0,0.0,0.0,0,0,False,0.12016668170690536,1.1225212841388282e-05,3.367563852416484e-05,31656,0
3958,2958,supervised,0.18325261026620865,0.017045109998434782,0.0,0.0,0,0,0,0,0.0,0.0,0.0,0,0,False,0.12016746401786804,1.1204560175890117e-05,3.361368052767035e-05,31664,0
3959,2959,supervised,0.13203375786542892,0.015163688454777002,0.0,0.0,0,0,0,0,0.0,0.0,0.0,0,0,False,0.12016823142766953,1.1183924129125889e-05,3.355177238737766e-05,31672,0
3960,2960,supervised,0.1441168636083603,0.015486516989767551,0.0,0.0,0,0,0,0,0.0,0.0,0.0,0,0,False,0.12016892433166504,1.1163304709935447e-05,3.348991412980633e-05,31680,0
3961,2961,supervised,0.13014590740203857,0.016797103453427553,0.0,0.0,0,0,0,0,0.0,0.0,0.0,0,0,False,0.12016960978507996,1.1142701927151456e-05,3.342810578145436e-05,31688,0
3962,2962,supervised,0.11580187454819679,0.014403644017875195,0.0,0.0,0,0,0,0,0.0,0.0,0.0,0,0,False,0.1201702281832695,1.1122115789599525e-05,3.336634736879857e-05,31696,0
3963,2963,supervised,0.3078986331820488,0.014126833062618971,0.0,0.0,0,0,0,0,0.0,0.0,0.0,0,0,False,0.12017066031694412,1.1101546306098093e-05,3.330463891829427e-05,31704,0
3964,2964,supervised,0.2310322094708681,0.014724697452038527,0.0,0.0,0,0,0,0,0.0,0.0,0.0,0,0,False,0.12017112970352173,1.1080993485458457e-05,3.324298045637537e-05,31712,0
3965,2965,supervised,0.12895017117261887,0.016956145875155926,0.0,0.0,0,0,0,0,0.0,0.0,0.0,0,0,False,0.12017155438661575,1.1060457336484803e-05,3.31813720094544e-05,31720,0
3966,2966,supervised,0.19011089205741882,0.015726231038570404,0.0,0.0,0,0,0,0,0.0,0.0,0.0,0,0,False,0.1201719269156456,1.1039937867974165e-05,3.311981360392249e-05,31728,0
3967,2967,supervised,0.1885976940393448,0.016046269796788692,0.0,0.0,0,0,0,0,0.0,0.0,0.0,0,0,False,0.1201723963022232,1.1019435088716446e-05,3.3058305266149335e-05,31736,0
3968,2968,supervised,0.07464517839252949,0.01704343594610691,0.0,0.0,0,0,0,0,0.0,0.0,0.0,0,0,False,0.12017286568880081,1.0998949007494364e-05,3.2996847022483084e-05,31744,0
3969,2969,supervised,0.10845812782645226,0.015096991788595915,0.0,0.0,0,0,0,0,0.0,0.0,0.0,0,0,False,0.12017334252595901,1.097847963308351e-05,3.293543889925053e-05,31752,0
3970,2970,supervised,0.05827649310231209,0.014540106989443302,0.0,0.0,0,0,0,0,0.0,0.0,0.0,0,0,False,0.1201738566160202,1.0958026974252327e-05,3.287408092275698e-05,31760,0
3971,2971,supervised,0.1234307624399662,0.015293384436517954,0.0,0.0,0,0,0,0,0.0,0.0,0.0,0,0,False,0.12017439305782318,1.0937591039762085e-05,3.281277311928625e-05,31768,0
3972,2972,supervised,0.16480185836553574,0.013637380208820105,0.0,0.0,0,0,0,0,0.0,0.0,0.0,0,0,False,0.12017489969730377,1.0917171838366857e-05,3.275151551510057e-05,31776,0
3973,2973,supervised,0.07172748073935509,0.01556034991517663,0.0,0.0,0,0,0,0,0.0,0.0,0.0,0,0,False,0.12017541378736496,1.0896769378813609e-05,3.269030813644082e-05,31784,0
3974,2974,supervised,0.1307479925453663,0.013727308716624975,0.0,0.0,0,0,0,0,0.0,0.0,0.0,0,0,False,0.12017598748207092,1.0876383669842105e-05,3.262915100952631e-05,31792,0
3975,2975,supervised,0.24303925037384033,0.016047690995037556,0.0,0.0,0,0,0,0,0.0,0.0,0.0,0,0,False,0.12017650157213211,1.0856014720184926e-05,3.2568044160554774e-05,31800,0
3976,2976,supervised,0.13696716725826263,0.014733981341123581,0.0,0.0,0,0,0,0,0.0,0.0,0.0,0,0,False,0.12017706036567688,1.0835662538567481e-05,3.250698761570244e-05,31808,0
3977,2977,supervised,0.13142719492316246,0.016997097991406918,0.0,0.0,0,0,0,0,0.0,0.0,0.0,0,0,False,0.12017751485109329,1.0815327133708015e-05,3.2445981401124035e-05,31816,0
3978,2978,supervised,0.19172979146242142,0.014490890316665173,0.0,0.0,0,0,0,0,0.0,0.0,0.0,0,0,False,0.12017804384231567,1.0795008514317551e-05,3.238502554295265e-05,31824,0
3979,2979,supervised,0.19457140937447548,0.014206394087523222,0.0,0.0,0,0,0,0,0.0,0.0,0.0,0,0,False,0.12017863243818283,1.0774706689099956e-05,3.2324120067299864e-05,31832,0
3980,2980,supervised,0.2361304834485054,0.013596493750810623,0.0,0.0,0,0,0,0,0.0,0.0,0.0,0,0,False,0.1201791986823082,1.0754421666751863e-05,3.2263265000255585e-05,31840,0
3981,2981,supervised,0.06126653775572777,0.01619928888976574,0.0,0.0,0,0,0,0,0.0,0.0,0.0,0,0,False,0.12017972022294998,1.0734153455962765e-05,3.220246036788829e-05,31848,0
3982,2982,supervised,0.15049267560243607,0.01511504128575325,0.0,0.0,0,0,0,0,0.0,0.0,0.0,0,0,False,0.12018030136823654,1.0713902065414882e-05,3.2141706196244646e-05,31856,0
3983,2983,supervised,0.1920122355222702,0.01572465756908059,0.0,0.0,0,0,0,0,0.0,0.0,0.0,0,0,False,0.1201808750629425,1.069366750378329e-05,3.2081002511349866e-05,31864,0
3984,2984,supervised,0.08104397729039192,0.01790229883044958,0.0,0.0,0,0,0,0,0.0,0.0,0.0,0,0,False,0.12018145620822906,1.0673449779735838e-05,3.202034933920751e-05,31872,0
3985,2985,supervised,0.21926596760749817,0.014503088779747486,0.0,0.0,0,0,0,0,0.0,0.0,0.0,0,0,False,0.12018200755119324,1.0653248901933138e-05,3.195974670579941e-05,31880,0
3986,2986,supervised,0.13292259350419044,0.01515564089640975,0.0,0.0,0,0,0,0,0.0,0.0,0.0,0,0,False,0.12018252909183502,1.0633064879028609e-05,3.189919463708582e-05,31888,0
3987,2987,supervised,0.18028110265731812,0.014095634687691927,0.0,0.0,0,0,0,0,0.0,0.0,0.0,0,0,False,0.12018302828073502,1.0612897719668457e-05,3.183869315900537e-05,31896,0
3988,2988,supervised,0.24626745283603668,0.016360580921173096,0.0,0.0,0,0,0,0,0.0,0.0,0.0,0,0,False,0.12018346786499023,1.059274743249164e-05,3.177824229747492e-05,31904,0
3989,2989,supervised,0.14339787513017654,0.019396677147597075,0.0,0.0,0,0,0,0,0.0,0.0,0.0,0,0,False,0.12018387764692307,1.0572614026129912e-05,3.171784207838973e-05,31912,0
3990,2990,supervised,0.11907526850700378,0.015678214840590954,0.0,0.0,0,0,0,0,0.0,0.0,0.0,0,0,False,0.12018432468175888,1.055249750920777e-05,3.1657492527623306e-05,31920,0
3991,2991,supervised,0.04967949725687504,0.014407515060156584,0.0,0.0,0,0,0,0,0.0,0.0,0.0,0,0,False,0.12018481642007828,1.0532397890342505e-05,3.159719367102751e-05,31928,0
3992,2992,supervised,0.19886639714241028,0.014742978382855654,0.0,0.0,0,0,0,0,0.0,0.0,0.0,0,0,False,0.12018535286188126,1.051231517814414e-05,3.153694553443241e-05,31936,0
3993,2993,supervised,0.14102837070822716,0.013469618745148182,0.0,0.0,0,0,0,0,0.0,0.0,0.0,0,0,False,0.1201859787106514,1.049224938121548e-05,3.1476748143646435e-05,31944,0
3994,2994,supervised,0.2845682203769684,0.017011544201523066,0.0,0.0,0,0,0,0,0.0,0.0,0.0,0,0,False,0.12018656730651855,1.0472200508152086e-05,3.1416601524456254e-05,31952,0
3995,2995,supervised,0.3368304371833801,0.013851743657141924,0.0,0.0,0,0,0,0,0.0,0.0,0.0,0,0,False,0.12018711864948273,1.0452168567542236e-05,3.13565057026267e-05,31960,0
3996,2996,supervised,0.188326857984066,0.014959502965211868,0.0,0.0,0,0,0,0,0.0,0.0,0.0,0,0,False,0.1201876848936081,1.0432153567966985e-05,3.129646070390095e-05,31968,0
3997,2997,supervised,0.07106250524520874,0.01694041071459651,0.0,0.0,0,0,0,0,0.0,0.0,0.0,0,0,False,0.12018817663192749,1.0412155518000138e-05,3.1236466554000414e-05,31976,0
3998,2998,supervised,0.17574486136436462,0.013475965242832899,0.0,0.0,0,0,0,0,0.0,0.0,0.0,0,0,False,0.12018871307373047,1.0392174426208218e-05,3.117652327862465e-05,31984,0
3999,2999,supervised,0.23540203273296356,0.014878941234201193,0.0,0.0,0,0,0,0,0.0,0.0,0.0,0,0,False,0.12018922716379166,1.0372210301150465e-05,3.111663090345139e-05,31992,0
4000,3000,supervised,0.24176398664712906,0.015161599032580853,0.0,0.0,0,0,0,0,0.0,0.0,0.0,0,0,False,0.12018971145153046,1.0352263151378894e-05,3.1056789454136674e-05,32000,0
4001,3001,supervised,0.12364978343248367,0.016606835648417473,0.0,0.0,0,0,0,0,0.0,0.0,0.0,0,0,False,0.1201901063323021,1.0332332985438248e-05,3.099699895631474e-05,32008,0
4002,3002,supervised,0.22378715872764587,0.014363029971718788,0.0,0.0,0,0,0,0,0.0,0.0,0.0,0,0,False,0.12019054591655731,1.0312419811865947e-05,3.093725943559784e-05,32016,0
4003,3003,supervised,0.1735033243894577,0.01446004118770361,0.0,0.0,0,0,0,0,0.0,0.0,0.0,0,0,False,0.12019099295139313,1.0292523639192175e-05,3.087757091757652e-05,32024,0
4004,3004,supervised,0.0990663468837738,0.01521376334130764,0.0,0.0,0,0,0,0,0.0,0.0,0.0,0,0,False,0.12019138783216476,1.0272644475939835e-05,3.08179334278195e-05,32032,0
4005,3005,supervised,0.13857122883200645,0.013661826495081186,0.0,0.0,0,0,0,0,0.0,0.0,0.0,0,0,False,0.12019195407629013,1.02527823306245e-05,3.075834699187349e-05,32040,0
4006,3006,supervised,0.24351704120635986,0.016692145261913538,0.0,0.0,0,0,0,0,0.0,0.0,0.0,0,0,False,0.12019240856170654,1.0232937211754506e-05,3.069881163526352e-05,32048,0
4007,3007,supervised,0.18805567920207977,0.015013381838798523,0.0,0.0,0,0,0,0,0.0,0.0,0.0,0,0,False,0.12019293010234833,1.021310912783085e-05,3.0639327383492544e-05,32056,0
4008,3008,supervised,0.13250136747956276,0.014937605243176222,0.0,0.0,0,0,0,0,0.0,0.0,0.0,0,0,False,0.1201934665441513,1.019329808734728e-05,3.057989426204184e-05,32064,0
4009,3009,supervised,0.11936169490218163,0.014996329322457314,0.0,0.0,0,0,0,0,0.0,0.0,0.0,0,0,False,0.1201939806342125,1.0173504098790187e-05,3.052051229637056e-05,32072,0
4010,3010,supervised,0.3002510070800781,0.013687136583030224,0.0,0.0,0,0,0,0,0.0,0.0,0.0,0,0,False,0.1201944649219513,1.0153727170638705e-05,3.0461181511916112e-05,32080,0
4011,3011,supervised,0.1338694505393505,0.01384920533746481,0.0,0.0,0,0,0,0,0.0,0.0,0.0,0,0,False,0.12019485980272293,1.013396731136465e-05,3.040190193409395e-05,32088,0
4012,3012,supervised,0.15935255587100983,0.013890027068555355,0.0,0.0,0,0,0,0,0.0,0.0,0.0,0,0,False,0.12019526213407516,1.0114224529432492e-05,3.0342673588297473e-05,32096,0
4013,3013,supervised,0.2933655083179474,0.013858145102858543,0.0,0.0,0,0,0,0,0.0,0.0,0.0,0,0,False,0.12019563466310501,1.0094498833299427e-05,3.0283496499898274e-05,32104,0
4014,3014,supervised,0.13808517903089523,0.015185799449682236,0.0,0.0,0,0,0,0,0.0,0.0,0.0,0,0,False,0.12019611150026321,1.0074790231415327e-05,3.0224370694245974e-05,32112,0
4015,3015,supervised,0.2317831665277481,0.014475582633167505,0.0,0.0,0,0,0,0,0.0,0.0,0.0,0,0,False,0.12019654363393784,1.0055098732222718e-05,3.0165296196668148e-05,32120,0
4016,3016,supervised,0.06997027806937695,0.017929124645888805,0.0,0.0,0,0,0,0,0.0,0.0,0.0,0,0,False,0.12019693851470947,1.0035424344156803e-05,3.01062730324704e-05,32128,0
4017,3017,supervised,0.1942000761628151,0.018634573556482792,0.0,0.0,0,0,0,0,0.0,0.0,0.0,0,0,False,0.12019732594490051,1.0015767075645471e-05,3.004730122693641e-05,32136,0
4018,3018,supervised,0.19804657250642776,0.017516941763460636,0.0,0.0,0,0,0,0,0.0,0.0,0.0,0,0,False,0.12019776552915573,9.996126935109295e-06,2.9988380805327882e-05,32144,0
4019,3019,supervised,0.15489832311868668,0.014753668569028378,0.0,0.0,0,0,0,0,0.0,0.0,0.0,0,0,False,0.1201983317732811,9.976503930961456e-06,2.9929511792884366e-05,32152,0
4020,3020,supervised,0.1309412121772766,0.014401990454643965,0.0,0.0,0,0,0,0,0.0,0.0,0.0,0,0,False,0.12019889801740646,9.956898071607834e-06,2.98706942148235e-05,32160,0
4021,3021,supervised,0.19342971593141556,0.015151683706790209,0.0,0.0,0,0,0,0,0.0,0.0,0.0,0,0,False,0.12019947916269302,9.937309365446973e-06,2.9811928096340916e-05,32168,0
4022,3022,supervised,0.11585388146340847,0.016262181103229523,0.0,0.0,0,0,0,0,0.0,0.0,0.0,0,0,False,0.1202000305056572,9.917737820870027e-06,2.9753213462610077e-05,32176,0
4023,3023,supervised,0.2406800389289856,0.013474680949002504,0.0,0.0,0,0,0,0,0.0,0.0,0.0,0,0,False,0.12020056694746017,9.89818344626085e-06,2.9694550338782545e-05,32184,0
4024,3024,supervised,0.1747613176703453,0.016508838161826134,0.0,0.0,0,0,0,0,0.0,0.0,0.0,0,0,False,0.12020113319158554,9.878646249995887e-06,2.963593874998766e-05,32192,0
4025,3025,supervised,0.24087092280387878,0.014673509169369936,0.0,0.0,0,0,0,0,0.0,0.0,0.0,0,0,False,0.12020173668861389,9.859126240444283e-06,2.9577378721332843e-05,32200,0
4026,3026,supervised,0.1504858396947384,0.01858846005052328,0.0,0.0,0,0,0,0,0.0,0.0,0.0,0,0,False,0.12020228803157806,9.83962342596776e-06,2.9518870277903274e-05,32208,0
4027,3027,supervised,0.13716697692871094,0.014387221541255713,0.0,0.0,0,0,0,0,0.0,0.0,0.0,0,0,False,0.12020280957221985,9.820137814920716e-06,2.9460413444762143e-05,32216,0
4028,3028,supervised,0.10446678847074509,0.016313097439706326,0.0,0.0,0,0,0,0,0.0,0.0,0.0,0,0,False,0.12020322680473328,9.800669415650181e-06,2.9402008246950544e-05,32224,0
4029,3029,supervised,0.1310981959104538,0.015017610508948565,0.0,0.0,0,0,0,0,0.0,0.0,0.0,0,0,False,0.12020363658666611,9.781218236495776e-06,2.9343654709487325e-05,32232,0
4030,3030,supervised,0.18995710462331772,0.014019688125699759,0.0,0.0,0,0,0,0,0.0,0.0,0.0,0,0,False,0.12020412087440491,9.761784285789782e-06,2.9285352857369342e-05,32240,0
4031,3031,supervised,0.2337172031402588,0.014180788304656744,0.0,0.0,0,0,0,0,0.0,0.0,0.0,0,0,False,0.12020457535982132,9.742367571857091e-06,2.922710271557127e-05,32248,0
4032,3032,supervised,0.19028614461421967,0.01439079875126481,0.0,0.0,0,0,0,0,0.0,0.0,0.0,0,0,False,0.1202051118016243,9.722968103015206e-06,2.9168904309045614e-05,32256,0
4033,3033,supervised,0.18141822516918182,0.014472967945039272,0.0,0.0,0,0,0,0,0.0,0.0,0.0,0,0,False,0.1202055960893631,9.703585887574218e-06,2.911075766272265e-05,32264,0
4034,3034,supervised,0.27117500454187393,0.013834001030772924,0.0,0.0,0,0,0,0,0.0,0.0,0.0,0,0,False,0.12020605057477951,9.684220933836868e-06,2.90526628015106e-05,32272,0
4035,3035,supervised,0.22605458460748196,0.013466193806380033,0.0,0.0,0,0,0,0,0.0,0.0,0.0,0,0,False,0.12020647525787354,9.664873250098511e-06,2.8994619750295527e-05,32280,0
4036,3036,supervised,0.13464302197098732,0.014242591336369514,0.0,0.0,0,0,0,0,0.0,0.0,0.0,0,0,False,0.12020694464445114,9.645542844647038e-06,2.893662853394111e-05,32288,0
4037,3037,supervised,0.13453331217169762,0.016115874983370304,0.0,0.0,0,0,0,0,0.0,0.0,0.0,0,0,False,0.12020746618509293,9.626229725763003e-06,2.8878689177289005e-05,32296,0
4038,3038,supervised,0.15429697185754776,0.014498721808195114,0.0,0.0,0,0,0,0,0.0,0.0,0.0,0,0,False,0.12020821124315262,9.606933901719546e-06,2.882080170515863e-05,32304,0
4039,3039,supervised,0.05985218100249767,0.014882846269756556,0.0,0.0,0,0,0,0,0.0,0.0,0.0,0,0,False,0.1202089861035347,9.587655380782352e-06,2.876296614234705e-05,32312,0
4040,3040,supervised,0.11881791800260544,0.017674933187663555,0.0,0.0,0,0,0,0,0.0,0.0,0.0,0,0,False,0.12020967155694962,9.56839417120976e-06,2.8705182513629278e-05,32320,0
4041,3041,supervised,0.18990378826856613,0.015643754974007607,0.0,0.0,0,0,0,0,0.0,0.0,0.0,0,0,False,0.12021033465862274,9.549150281252633e-06,2.8647450843757897e-05,32328,0
4042,3042,supervised,0.15167507529258728,0.017743910662829876,0.0,0.0,0,0,0,0,0.0,0.0,0.0,0,0,False,0.12021099776029587,9.529923719154465e-06,2.8589771157463394e-05,32336,0
4043,3043,supervised,0.1547737792134285,0.014553437009453773,0.0,0.0,0,0,0,0,0.0,0.0,0.0,0,0,False,0.1202116310596466,9.51071449315128e-06,2.8532143479453833e-05,32344,0
4044,3044,supervised,0.1251552775502205,0.014438286423683167,0.0,0.0,0,0,0,0,0.0,0.0,0.0,0,0,False,0.12021221220493317,9.491522611471715e-06,2.847456783441514e-05,32352,0
4045,3045,supervised,0.1982632353901863,0.013793084304779768,0.0,0.0,0,0,0,0,0.0,0.0,0.0,0,0,False,0.1202128455042839,9.472348082336973e-06,2.8417044247010917e-05,32360,0
4046,3046,supervised,0.12314147688448429,0.0175216905772686,0.0,0.0,0,0,0,0,0.0,0.0,0.0,0,0,False,0.12021339684724808,9.45319091396079e-06,2.835957274188237e-05,32368,0
4047,3047,supervised,0.12868382409214973,0.01400640606880188,0.0,0.0,0,0,0,0,0.0,0.0,0.0,0,0,False,0.12021400034427643,9.434051114549498e-06,2.8302153343648486e-05,32376,0
4048,3048,supervised,0.18853715807199478,0.01612335490062833,0.0,0.0,0,0,0,0,0.0,0.0,0.0,0,0,False,0.12021460384130478,9.414928692301995e-06,2.824478607690598e-05,32384,0
4049,3049,supervised,0.20163524895906448,0.01886051334440708,0.0,0.0,0,0,0,0,0.0,0.0,0.0,0,0,False,0.12021513283252716,9.395823655409685e-06,2.8187470966229052e-05,32392,0
4050,3050,supervised,0.1328556053340435,0.014168055262416601,0.0,0.0,0,0,0,0,0.0,0.0,0.0,0,0,False,0.12021562457084656,9.376736012056597e-06,2.8130208036169786e-05,32400,0
4051,3051,supervised,0.12554647400975227,0.013943831901997328,0.0,0.0,0,0,0,0,0.0,0.0,0.0,0,0,False,0.12021612375974655,9.357665770419244e-06,2.807299731125773e-05,32408,0
4052,3052,supervised,0.28772008419036865,0.0169449495151639,0.0,0.0,0,0,0,0,0.0,0.0,0.0,0,0,False,0.12021659314632416,9.338612938666725e-06,2.8015838816000168e-05,32416,0
4053,3053,supervised,0.13151025213301182,0.015959556214511395,0.0,0.0,0,0,0,0,0.0,0.0,0.0,0,0,False,0.12021700292825699,9.319577524960655e-06,2.795873257488196e-05,32424,0
4054,3054,supervised,0.14593064039945602,0.01665814407169819,0.0,0.0,0,0,0,0,0.0,0.0,0.0,0,0,False,0.12021736055612564,9.300559537455205e-06,2.7901678612365614e-05,32432,0
4055,3055,supervised,0.12880133464932442,0.014540898613631725,0.0,0.0,0,0,0,0,0.0,0.0,0.0,0,0,False,0.12021784484386444,9.281558984297096e-06,2.7844676952891282e-05,32440,0
4056,3056,supervised,0.14350690692663193,0.015424884390085936,0.0,0.0,0,0,0,0,0.0,0.0,0.0,0,0,False,0.12021849304437637,9.262575873625528e-06,2.7787727620876582e-05,32448,0
4057,3057,supervised,0.17383325099945068,0.014088657218962908,0.0,0.0,0,0,0,0,0.0,0.0,0.0,0,0,False,0.12021918594837189,9.243610213572285e-06,2.773083064071685e-05,32456,0
4058,3058,supervised,0.13832950964570045,0.014511382672935724,0.0,0.0,0,0,0,0,0.0,0.0,0.0,0,0,False,0.12021984159946442,9.224662012261658e-06,2.7673986036784972e-05,32464,0
4059,3059,supervised,0.2938540354371071,0.01489742798730731,0.0,0.0,0,0,0,0,0.0,0.0,0.0,0,0,False,0.12022040784358978,9.205731277810448e-06,2.7617193833431338e-05,32472,0
4060,3060,supervised,0.11537289619445801,0.01572789018973708,0.0,0.0,0,0,0,0,0.0,0.0,0.0,0,0,False,0.12022092193365097,9.186818018327964e-06,2.756045405498389e-05,32480,0
4061,3061,supervised,0.14150720089673996,0.013728538993746042,0.0,0.0,0,0,0,0,0.0,0.0,0.0,0,0,False,0.12022147327661514,9.167922241916055e-06,2.7503766725748162e-05,32488,0
4062,3062,supervised,0.280023530125618,0.01432721596211195,0.0,0.0,0,0,0,0,0.0,0.0,0.0,0,0,False,0.12022196501493454,9.14904395666909e-06,2.7447131870007268e-05,32496,0
4063,3063,supervised,0.12428023293614388,0.01610847283154726,0.0,0.0,0,0,0,0,0.0,0.0,0.0,0,0,False,0.12022241950035095,9.130183170673901e-06,2.7390549512021698e-05,32504,0
4064,3064,supervised,0.13889383524656296,0.014667611569166183,0.0,0.0,0,0,0,0,0.0,0.0,0.0,0,0,False,0.12022286653518677,9.111339892009857e-06,2.7334019676029567e-05,32512,0
4065,3065,supervised,0.17978812009096146,0.014430934563279152,0.0,0.0,0,0,0,0,0.0,0.0,0.0,0,0,False,0.12022330611944199,9.09251412874882e-06,2.7277542386246454e-05,32520,0
4066,3066,supervised,0.2027229480445385,0.015618016012012959,0.0,0.0,0,0,0,0,0.0,0.0,0.0,0,0,False,0.1202237606048584,9.073705888955169e-06,2.7221117666865505e-05,32528,0
4067,3067,supervised,0.12348245084285736,0.015994905028492212,0.0,0.0,0,0,0,0,0.0,0.0,0.0,0,0,False,0.12022428214550018,9.054915180685741e-06,2.716474554205722e-05,32536,0
4068,3068,supervised,0.13143795728683472,0.015156425070017576,0.0,0.0,0,0,0,0,0.0,0.0,0.0,0,0,False,0.12022480368614197,9.036142011989863e-06,2.7108426035969583e-05,32544,0
4069,3069,supervised,0.1838291436433792,0.01404515327885747,0.0,0.0,0,0,0,0,0.0,0.0,0.0,0,0,False,0.12022530287504196,9.017386390909388e-06,2.705215917272816e-05,32552,0
4070,3070,supervised,0.1290310174226761,0.017267107032239437,0.0,0.0,0,0,0,0,0.0,0.0,0.0,0,0,False,0.12022574245929718,8.998648325478604e-06,2.6995944976435808e-05,32560,0
4071,3071,supervised,0.1894170641899109,0.013748438097536564,0.0,0.0,0,0,0,0,0.0,0.0,0.0,0,0,False,0.12022615969181061,8.97992782372432e-06,2.693978347117296e-05,32568,0
4072,3072,supervised,0.12714523077011108,0.015101725235581398,0.0,0.0,0,0,0,0,0.0,0.0,0.0,0,0,False,0.12022655457258224,8.961224893665798e-06,2.688367468099739e-05,32576,0
4073,3073,supervised,0.19033409655094147,0.01597179751843214,0.0,0.0,0,0,0,0,0.0,0.0,0.0,0,0,False,0.12022698670625687,8.9425395433148e-06,2.6827618629944393e-05,32584,0
4074,3074,supervised,0.17877979576587677,0.01657305471599102,0.0,0.0,0,0,0,0,0.0,0.0,0.0,0,0,False,0.12022744119167328,8.923871780675502e-06,2.6771615342026504e-05,32592,0
4075,3075,supervised,0.19119025766849518,0.01636518258601427,0.0,0.0,0,0,0,0,0.0,0.0,0.0,0,0,False,0.12022792547941208,8.905221613744613e-06,2.6715664841233835e-05,32600,0
4076,3076,supervised,0.1719203107059002,0.014942872803658247,0.0,0.0,0,0,0,0,0.0,0.0,0.0,0,0,False,0.12022838741540909,8.886589050511257e-06,2.665976715153377e-05,32608,0
4077,3077,supervised,0.1367296352982521,0.014660086948424578,0.0,0.0,0,0,0,0,0.0,0.0,0.0,0,0,False,0.12022887170314789,8.867974098957015e-06,2.6603922296871043e-05,32616,0
4078,3078,supervised,0.25093217194080353,0.015946945175528526,0.0,0.0,0,0,0,0,0.0,0.0,0.0,0,0,False,0.1202293410897255,8.84937676705596e-06,2.654813030116788e-05,32624,0
4079,3079,supervised,0.13792496919631958,0.016172852832823992,0.0,0.0,0,0,0,0,0.0,0.0,0.0,0,0,False,0.1202298253774643,8.83079706277461e-06,2.6492391188323826e-05,32632,0
4080,3080,supervised,0.07383207231760025,0.01744935382157564,0.0,0.0,0,0,0,0,0.0,0.0,0.0,0,0,False,0.1202302947640419,8.812234994071888e-06,2.6436704982215663e-05,32640,0
4081,3081,supervised,0.13584039360284805,0.017541248351335526,0.0,0.0,0,0,0,0,0.0,0.0,0.0,0,0,False,0.1202307865023613,8.793690568899216e-06,2.6381071706697644e-05,32648,0
4082,3082,supervised,0.24110464751720428,0.01644823793321848,0.0,0.0,0,0,0,0,0.0,0.0,0.0,0,0,False,0.1202312558889389,8.77516379520043e-06,2.632549138560129e-05,32656,0
4083,3083,supervised,0.17910972237586975,0.014015667606145144,0.0,0.0,0,0,0,0,0.0,0.0,0.0,0,0,False,0.1202317550778389,8.75665468091183e-06,2.6269964042735488e-05,32664,0
4084,3084,supervised,0.12014187127351761,0.016906800214201212,0.0,0.0,0,0,0,0,0.0,0.0,0.0,0,0,False,0.12023219466209412,8.738163233962115e-06,2.6214489701886345e-05,32672,0
4085,3085,supervised,0.07594428956508636,0.01698651909828186,0.0,0.0,0,0,0,0,0.0,0.0,0.0,0,0,False,0.12023279070854187,8.719689462272417e-06,2.615906838681725e-05,32680,0
4086,3086,supervised,0.12574275955557823,0.01419313345104456,0.0,0.0,0,0,0,0,0.0,0.0,0.0,0,0,False,0.12023334205150604,8.701233373756352e-06,2.610370012126905e-05,32688,0
4087,3087,supervised,0.12745261564850807,0.014444576110690832,0.0,0.0,0,0,0,0,0.0,0.0,0.0,0,0,False,0.12023382633924484,8.682794976319885e-06,2.6048384928959653e-05,32696,0
4088,3088,supervised,0.14095725119113922,0.015457852277904749,0.0,0.0,0,0,0,0,0.0,0.0,0.0,0,0,False,0.12023436278104782,8.664374277861454e-06,2.5993122833584358e-05,32704,0
4089,3089,supervised,0.1759759485721588,0.015538707375526428,0.0,0.0,0,0,0,0,0.0,0.0,0.0,0,0,False,0.12023483961820602,8.645971286271904e-06,2.5937913858815708e-05,32712,0
4090,3090,supervised,0.10484524443745613,0.016425077337771654,0.0,0.0,0,0,0,0,0.0,0.0,0.0,0,0,False,0.12023545056581497,8.627586009434502e-06,2.58827580283035e-05,32720,0
4091,3091,supervised,0.2297687530517578,0.01580899301916361,0.0,0.0,0,0,0,0,0.0,0.0,0.0,0,0,False,0.12023603171110153,8.609218455224893e-06,2.5827655365674678e-05,32728,0
4092,3092,supervised,0.0787075124680996,0.015275644138455391,0.0,0.0,0,0,0,0,0.0,0.0,0.0,0,0,False,0.12023668736219406,8.590868631511179e-06,2.5772605894533533e-05,32736,0
4093,3093,supervised,0.17684536427259445,0.01509255962446332,0.0,0.0,0,0,0,0,0.0,0.0,0.0,0,0,False,0.12023729830980301,8.57253654615383e-06,2.571760963846149e-05,32744,0
4094,3094,supervised,0.17689891159534454,0.015468311961740255,0.0,0.0,0,0,0,0,0.0,0.0,0.0,0,0,False,0.12023784965276718,8.554222207005713e-06,2.5662666621017135e-05,32752,0
4095,3095,supervised,0.18627922236919403,0.013693063519895077,0.0,0.0,0,0,0,0,0.0,0.0,0.0,0,0,False,0.12023840099573135,8.535925621912123e-06,2.5607776865736363e-05,32760,0
4096,3096,supervised,0.21672331541776657,0.014187503606081009,0.0,0.0,0,0,0,0,0.0,0.0,0.0,0,0,False,0.12023908644914627,8.51764679871075e-06,2.5552940396132244e-05,32768,0
4097,3097,supervised,0.22165460884571075,0.015024453867226839,0.0,0.0,0,0,0,0,0.0,0.0,0.0,0,0,False,0.1202397271990776,8.499385745231631e-06,2.5498157235694888e-05,32776,0
4098,3098,supervised,0.1271819770336151,0.016447080299258232,0.0,0.0,0,0,0,0,0.0,0.0,0.0,0,0,False,0.12024036049842834,8.481142469297243e-06,2.5443427407891726e-05,32784,0
4099,3099,supervised,0.19512253999710083,0.015742131043225527,0.0,0.0,0,0,0,0,0.0,0.0,0.0,0,0,False,0.12024085223674774,8.462916978722414e-06,2.5388750936167234e-05,32792,0
4100,3100,supervised,0.13801872730255127,0.015462414361536503,0.0,0.0,0,0,0,0,0.0,0.0,0.0,0,0,False,0.12024128437042236,8.444709281314389e-06,2.5334127843943163e-05,32800,0
4101,3101,supervised,0.07047202251851559,0.016362096183001995,0.0,0.0,0,0,0,0,0.0,0.0,0.0,0,0,False,0.12024170905351639,8.426519384872733e-06,2.5279558154618197e-05,32808,0
4102,3102,supervised,0.19380814209580421,0.014139703940600157,0.0,0.0,0,0,0,0,0.0,0.0,0.0,0,0,False,0.12024206668138504,8.408347297189455e-06,2.5225041891568366e-05,32816,0
4103,3103,supervised,0.20026711374521255,0.01693588402122259,0.0,0.0,0,0,0,0,0.0,0.0,0.0,0,0,False,0.12024248391389847,8.390193026048876e-06,2.5170579078146625e-05,32824,0
4104,3104,supervised,0.18146835267543793,0.01458965428173542,0.0,0.0,0,0,0,0,0.0,0.0,0.0,0,0,False,0.12024290859699249,8.372056579227704e-06,2.5116169737683112e-05,32832,0
4105,3105,supervised,0.12191306054592133,0.015456222463399172,0.0,0.0,0,0,0,0,0.0,0.0,0.0,0,0,False,0.1202433630824089,8.353937964495029e-06,2.5061813893485085e-05,32840,0
4106,3106,supervised,0.1363668255507946,0.017023438587784767,0.0,0.0,0,0,0,0,0.0,0.0,0.0,0,0,False,0.12024375051259995,8.335837189612283e-06,2.5007511568836845e-05,32848,0
4107,3107,supervised,0.19286227971315384,0.016163247637450695,0.0,0.0,0,0,0,0,0.0,0.0,0.0,0,0,False,0.12024413794279099,8.317754262333283e-06,2.4953262786999846e-05,32856,0
4108,3108,supervised,0.11796588078141212,0.013761118985712528,0.0,0.0,0,0,0,0,0.0,0.0,0.0,0,0,False,0.12024449557065964,8.299689190404153e-06,2.4899067571212457e-05,32864,0
4109,3109,supervised,0.23737411946058273,0.014889262616634369,0.0,0.0,0,0,0,0,0.0,0.0,0.0,0,0,False,0.12024488300085068,8.28164198156341e-06,2.4844925944690223e-05,32872,0
4110,3110,supervised,0.07556578516960144,0.015422928147017956,0.0,0.0,0,0,0,0,0.0,0.0,0.0,0,0,False,0.12024529278278351,8.263612643541917e-06,2.4790837930625752e-05,32880,0
4111,3111,supervised,0.13002054765820503,0.015166148077696562,0.0,0.0,0,0,0,0,0.0,0.0,0.0,0,0,False,0.12024571001529694,8.245601184062852e-06,2.473680355218855e-05,32888,0
4112,3112,supervised,0.13392849266529083,0.015966379083693027,0.0,0.0,0,0,0,0,0.0,0.0,0.0,0,0,False,0.12024609744548798,8.227607610841748e-06,2.468282283252524e-05,32896,0
4113,3113,supervised,0.07855474948883057,0.017329734284430742,0.0,0.0,0,0,0,0,0.0,0.0,0.0,0,0,False,0.12024655938148499,8.209631931586498e-06,2.462889579475949e-05,32904,0
4114,3114,supervised,0.2333199307322502,0.013864405918866396,0.0,0.0,0,0,0,0,0.0,0.0,0.0,0,0,False,0.12024705857038498,8.191674153997292e-06,2.4575022461991872e-05,32912,0
4115,3115,supervised,0.1281590312719345,0.01597065944224596,0.0,0.0,0,0,0,0,0.0,0.0,0.0,0,0,False,0.12024755775928497,8.173734285766676e-06,2.4521202857300027e-05,32920,0
4116,3116,supervised,0.11508636362850666,0.014946951996535063,0.0,0.0,0,0,0,0,0.0,0.0,0.0,0,0,False,0.12024802714586258,8.155812334579532e-06,2.4467437003738593e-05,32928,0
4117,3117,supervised,0.1415667161345482,0.015662806574255228,0.0,0.0,0,0,0,0,0.0,0.0,0.0,0,0,False,0.12024851888418198,8.137908308113057e-06,2.4413724924339166e-05,32936,0
4118,3118,supervised,0.08265544474124908,0.01663428172469139,0.0,0.0,0,0,0,0,0.0,0.0,0.0,0,0,False,0.12024900317192078,8.120022214036744e-06,2.4360066642110227e-05,32944,0
4119,3119,supervised,0.1797122061252594,0.015194534324109554,0.0,0.0,0,0,0,0,0.0,0.0,0.0,0,0,False,0.12024945765733719,8.102154060012456e-06,2.4306462180037366e-05,32952,0
4120,3120,supervised,0.18101759999990463,0.01394160883501172,0.0,0.0,0,0,0,0,0.0,0.0,0.0,0,0,False,0.12024994194507599,8.084303853694326e-06,2.4252911561082972e-05,32960,0
4121,3121,supervised,0.2574848383665085,0.014891575090587139,0.0,0.0,0,0,0,0,0.0,0.0,0.0,0,0,False,0.1202503964304924,8.066471602728803e-06,2.4199414808186406e-05,32968,0
4122,3122,supervised,0.13522332534193993,0.01394638977944851,0.0,0.0,0,0,0,0,0.0,0.0,0.0,0,0,False,0.12025083601474762,8.048657314754676e-06,2.4145971944264025e-05,32976,0
4123,3123,supervised,0.0831342563033104,0.014751221518963575,0.0,0.0,0,0,0,0,0.0,0.0,0.0,0,0,False,0.12025127559900284,8.030860997403012e-06,2.4092582992209032e-05,32984,0
4124,3124,supervised,0.2246837168931961,0.014651729725301266,0.0,0.0,0,0,0,0,0.0,0.0,0.0,0,0,False,0.12025172263383865,8.013082658297205e-06,2.4039247974891612e-05,32992,0
4125,3125,supervised,0.07534052804112434,0.015513247810304165,0.0,0.0,0,0,0,0,0.0,0.0,0.0,0,0,False,0.12025213241577148,7.995322305052905e-06,2.398596691515871e-05,33000,0
4126,3126,supervised,0.08055140636861324,0.014004854951053858,0.0,0.0,0,0,0,0,0.0,0.0,0.0,0,0,False,0.12025260180234909,7.97757994527809e-06,2.393273983583427e-05,33008,0
4127,3127,supervised,0.18257425725460052,0.01356567069888115,0.0,0.0,0,0,0,0,0.0,0.0,0.0,0,0,False,0.12025301903486252,7.959855586573045e-06,2.3879566759719132e-05,33016,0
4128,3128,supervised,0.12515774369239807,0.014396473299711943,0.0,0.0,0,0,0,0,0.0,0.0,0.0,0,0,False,0.12025348842144012,7.942149236530305e-06,2.3826447709590913e-05,33024,0
4129,3129,supervised,0.2328811138868332,0.013968904502689838,0.0,0.0,0,0,0,0,0.0,0.0,0.0,0,0,False,0.12025395780801773,7.924460902734699e-06,2.377338270820409e-05,33032,0
4130,3130,supervised,0.19306037575006485,0.014641211833804846,0.0,0.0,0,0,0,0,0.0,0.0,0.0,0,0,False,0.12025441974401474,7.906790592763363e-06,2.3720371778290086e-05,33040,0
4131,3131,supervised,0.19018352031707764,0.01551466854289174,0.0,0.0,0,0,0,0,0.0,0.0,0.0,0,0,False,0.1202547550201416,7.889138314185678e-06,2.3667414942557035e-05,33048,0
4132,3132,supervised,0.08168917894363403,0.016933529637753963,0.0,0.0,0,0,0,0,0.0,0.0,0.0,0,0,False,0.12025511264801025,7.871504074563335e-06,2.3614512223690002e-05,33056,0
4133,3133,supervised,0.14120686054229736,0.014363741036504507,0.0,0.0,0,0,0,0,0.0,0.0,0.0,0,0,False,0.1202554702758789,7.853887881450273e-06,2.3561663644350815e-05,33064,0
4134,3134,supervised,0.1918489933013916,0.017531978897750378,0.0,0.0,0,0,0,0,0.0,0.0,0.0,0,0,False,0.12025582790374756,7.836289742392733e-06,2.3508869227178197e-05,33072,0
4135,3135,supervised,0.20549390465021133,0.015726401936262846,0.0,0.0,0,0,0,0,0.0,0.0,0.0,0,0,False,0.12025624513626099,7.818709664929164e-06,2.3456128994787488e-05,33080,0
4136,3136,supervised,0.12656089663505554,0.015804640017449856,0.0,0.0,0,0,0,0,0.0,0.0,0.0,0,0,False,0.1202566847205162,7.801147656590341e-06,2.3403442969771018e-05,33088,0
4137,3137,supervised,0.1385538950562477,0.018173981457948685,0.0,0.0,0,0,0,0,0.0,0.0,0.0,0,0,False,0.12025710195302963,7.783603724899257e-06,2.335081117469777e-05,33096,0
4138,3138,supervised,0.23782630264759064,0.014251450542360544,0.0,0.0,0,0,0,0,0.0,0.0,0.0,0,0,False,0.12025747448205948,7.76607787737117e-06,2.3298233632113506e-05,33104,0
4139,3139,supervised,0.22771534509956837,0.0140569768846035,0.0,0.0,0,0,0,0,0.0,0.0,0.0,0,0,False,0.12025783210992813,7.748570121513599e-06,2.3245710364540792e-05,33112,0
4140,3140,supervised,0.13238371163606644,0.014104279689490795,0.0,0.0,0,0,0,0,0.0,0.0,0.0,0,0,False,0.12025828659534454,7.731080464826313e-06,2.3193241394478933e-05,33120,0
4141,3141,supervised,0.12125034257769585,0.015709639992564917,0.0,0.0,0,0,0,0,0.0,0.0,0.0,0,0,False,0.12025875598192215,7.71360891480134e-06,2.3140826744404018e-05,33128,0
4142,3142,supervised,0.18377723544836044,0.014892729930579662,0.0,0.0,0,0,0,0,0.0,0.0,0.0,0,0,False,0.12025918066501617,7.696155478922918e-06,2.308846643676875e-05,33136,0
4143,3143,supervised,0.16635720431804657,0.014515988994389772,0.0,0.0,0,0,0,0,0.0,0.0,0.0,0,0,False,0.12025958299636841,7.678720164667541e-06,2.303616049400262e-05,33144,0
4144,3144,supervised,0.3385934382677078,0.014127889648079872,0.0,0.0,0,0,0,0,0.0,0.0,0.0,0,0,False,0.12025994062423706,7.66130297950397e-06,2.2983908938511906e-05,33152,0
4145,3145,supervised,0.19484108686447144,0.01705093588680029,0.0,0.0,0,0,0,0,0.0,0.0,0.0,0,0,False,0.1202603131532669,7.643903930893154e-06,2.293171179267946e-05,33160,0
4146,3146,supervised,0.11886114627122879,0.015550327952951193,0.0,0.0,0,0,0,0,0.0,0.0,0.0,0,0,False,0.12026065587997437,7.626523026288279e-06,2.2879569078864834e-05,33168,0
4147,3147,supervised,0.13093464449048042,0.01580452360212803,0.0,0.0,0,0,0,0,0.0,0.0,0.0,0,0,False,0.12026099115610123,7.609160273134797e-06,2.2827480819404386e-05,33176,0
4148,3148,supervised,0.0781509131193161,0.015250436030328274,0.0,0.0,0,0,0,0,0.0,0.0,0.0,0,0,False,0.12026140093803406,7.591815678870356e-06,2.2775447036611065e-05,33184,0
4149,3149,supervised,0.287969172000885,0.014876805245876312,0.0,0.0,0,0,0,0,0.0,0.0,0.0,0,0,False,0.1202617734670639,7.574489250924821e-06,2.272346775277446e-05,33192,0
4150,3150,supervised,0.20134097337722778,0.01678161881864071,0.0,0.0,0,0,0,0,0.0,0.0,0.0,0,0,False,0.12026210874319077,7.557180996720281e-06,2.267154299016084e-05,33200,0
4151,3151,supervised,0.2320743277668953,0.01433570310473442,0.0,0.0,0,0,0,0,0.0,0.0,0.0,0,0,False,0.12026239186525345,7.539890923671062e-06,2.261967277101318e-05,33208,0
4152,3152,supervised,0.29525741934776306,0.013535684905946255,0.0,0.0,0,0,0,0,0.0,0.0,0.0,0,0,False,0.12026266753673553,7.522619039183654e-06,2.2567857117550958e-05,33216,0
4153,3153,supervised,0.12788694724440575,0.015180462971329689,0.0,0.0,0,0,0,0,0.0,0.0,0.0,0,0,False,0.12026301771402359,7.505365350656812e-06,2.2516096051970433e-05,33224,0
4154,3154,supervised,0.17459392547607422,0.014108945615589619,0.0,0.0,0,0,0,0,0.0,0.0,0.0,0,0,False,0.12026336044073105,7.488129865481441e-06,2.2464389596444323e-05,33232,0
4155,3155,supervised,0.1815022937953472,0.014531895983964205,0.0,0.0,0,0,0,0,0.0,0.0,0.0,0,0,False,0.12026370316743851,7.470912591040696e-06,2.2412737773122087e-05,33240,0
4156,3156,supervised,0.2873728722333908,0.014336867723613977,0.0,0.0,0,0,0,0,0.0,0.0,0.0,0,0,False,0.12026405334472656,7.453713534709894e-06,2.236114060412968e-05,33248,0
4157,3157,supervised,0.13392409682273865,0.01353743253275752,0.0,0.0,0,0,0,0,0.0,0.0,0.0,0,0,False,0.12026438117027283,7.436532703856574e-06,2.230959811156972e-05,33256,0
4158,3158,supervised,0.13511423766613007,0.014134159311652184,0.0,0.0,0,0,0,0,0.0,0.0,0.0,0,0,False,0.12026470899581909,7.4193701058404675e-06,2.22581103175214e-05,33264,0
4159,3159,supervised,0.09218203276395798,0.016168188769370317,0.0,0.0,0,0,0,0,0.0,0.0,0.0,0,0,False,0.12026507407426834,7.4022257480134634e-06,2.220667724404039e-05,33272,0
4160,3160,supervised,0.29376955330371857,0.01420835917815566,0.0,0.0,0,0,0,0,0.0,0.0,0.0,0,0,False,0.12026544660329819,7.385099637719678e-06,2.215529891315903e-05,33280,0
4161,3161,supervised,0.08262338116765022,0.013905099127441645,0.0,0.0,0,0,0,0,0.0,0.0,0.0,0,0,False,0.12026581913232803,7.367991782295391e-06,2.210397534688617e-05,33288,0
4162,3162,supervised,0.22350400872528553,0.01338132657110691,0.0,0.0,0,0,0,0,0.0,0.0,0.0,0,0,False,0.12026621401309967,7.350902189069053e-06,2.2052706567207156e-05,33296,0
4163,3163,supervised,0.18442131578922272,0.01996377855539322,0.0,0.0,0,0,0,0,0.0,0.0,0.0,0,0,False,0.12026658654212952,7.3338308653613185e-06,2.2001492596083954e-05,33304,0
4164,3164,supervised,0.16070060431957245,0.014907855540513992,0.0,0.0,0,0,0,0,0.0,0.0,0.0,0,0,False,0.12026697397232056,7.316777818484982e-06,2.1950333455454944e-05,33312,0
4165,3165,supervised,0.07195890694856644,0.016386803705245256,0.0,0.0,0,0,0,0,0.0,0.0,0.0,0,0,False,0.12026739865541458,7.299743055745051e-06,2.189922916723515e-05,33320,0
4166,3166,supervised,0.12547556310892105,0.015181660652160645,0.0,0.0,0,0,0,0,0.0,0.0,0.0,0,0,False,0.1202678456902504,7.282726584438648e-06,2.1848179753315942e-05,33328,0
4167,3167,supervised,0.18151987716555595,0.014657031744718552,0.0,0.0,0,0,0,0,0.0,0.0,0.0,0,0,False,0.12026827037334442,7.265728411855105e-06,2.179718523556531e-05,33336,0
4168,3168,supervised,0.18737959116697311,0.014294203836470842,0.0,0.0,0,0,0,0,0.0,0.0,0.0,0,0,False,0.12026867270469666,7.248748545275907e-06,2.174624563582772e-05,33344,0
4169,3169,supervised,0.22477620840072632,0.015754385385662317,0.0,0.0,0,0,0,0,0.0,0.0,0.0,0,0,False,0.1202690601348877,7.2317869919746705e-06,2.169536097592401e-05,33352,0
4170,3170,supervised,0.14592623710632324,0.014900741633027792,0.0,0.0,0,0,0,0,0.0,0.0,0.0,0,0,False,0.12026940286159515,7.214843759217194e-06,2.1644531277651577e-05,33360,0
4171,3171,supervised,0.18653888627886772,0.015287779737263918,0.0,0.0,0,0,0,0,0.0,0.0,0.0,0,0,False,0.12026980519294739,7.197918854261432e-06,2.1593756562784292e-05,33368,0
4172,3172,supervised,0.08163889870047569,0.016684588976204395,0.0,0.0,0,0,0,0,0.0,0.0,0.0,0,0,False,0.12027020007371902,7.181012284357464e-06,2.1543036853072386e-05,33376,0
4173,3173,supervised,0.29554277658462524,0.014361156616359949,0.0,0.0,0,0,0,0,0.0,0.0,0.0,0,0,False,0.12027058750391006,7.164124056747523e-06,2.1492372170242568e-05,33384,0
4174,3174,supervised,0.239838644862175,0.016705636400729418,0.0,0.0,0,0,0,0,0.0,0.0,0.0,0,0,False,0.12027092278003693,7.14725417866599e-06,2.1441762535997968e-05,33392,0
4175,3175,supervised,0.13901229947805405,0.013541027903556824,0.0,0.0,0,0,0,0,0.0,0.0,0.0,0,0,False,0.12027130275964737,7.130402657339408e-06,2.139120797201822e-05,33400,0
4176,3176,supervised,0.23941496014595032,0.016014834865927696,0.0,0.0,0,0,0,0,0.0,0.0,0.0,0,0,False,0.12027166783809662,7.1135694999864e-06,2.1340708499959197e-05,33408,0
4177,3177,supervised,0.12349702417850494,0.016265448182821274,0.0,0.0,0,0,0,0,0.0,0.0,0.0,0,0,False,0.12027204781770706,7.096754713817771e-06,2.1290264141453313e-05,33416,0
4178,3178,supervised,0.15723413974046707,0.015292392112314701,0.0,0.0,0,0,0,0,0.0,0.0,0.0,0,0,False,0.12027253210544586,7.079958306036455e-06,2.123987491810936e-05,33424,0
4179,3179,supervised,0.2361457794904709,0.015514682047069073,0.0,0.0,0,0,0,0,0.0,0.0,0.0,0,0,False,0.12027296423912048,7.063180283837473e-06,2.1189540851512417e-05,33432,0
4180,3180,supervised,0.18180708214640617,0.013731101993471384,0.0,0.0,0,0,0,0,0.0,0.0,0.0,0,0,False,0.1202734187245369,7.046420654408021e-06,2.1139261963224058e-05,33440,0
4181,3181,supervised,0.18825377523899078,0.015063581056892872,0.0,0.0,0,0,0,0,0.0,0.0,0.0,0,0,False,0.12027385830879211,7.029679424927365e-06,2.1089038274782094e-05,33448,0
4182,3182,supervised,0.1986207440495491,0.01536339009180665,0.0,0.0,0,0,0,0,0.0,0.0,0.0,0,0,False,0.12027439475059509,7.01295660256695e-06,2.103886980770085e-05,33456,0
4183,3183,supervised,0.0790720134973526,0.015607607550919056,0.0,0.0,0,0,0,0,0.0,0.0,0.0,0,0,False,0.12027493119239807,6.996252194490271e-06,2.098875658347081e-05,33464,0
4184,3184,supervised,0.22990088909864426,0.014398617669939995,0.0,0.0,0,0,0,0,0.0,0.0,0.0,0,0,False,0.12027541548013687,6.979566207852972e-06,2.0938698623558914e-05,33472,0
4185,3185,supervised,0.0847233347594738,0.016347121447324753,0.0,0.0,0,0,0,0,0.0,0.0,0.0,0,0,False,0.12027585506439209,6.962898649802823e-06,2.0888695949408468e-05,33480,0
4186,3186,supervised,0.08693528920412064,0.01561648864299059,0.0,0.0,0,0,0,0,0.0,0.0,0.0,0,0,False,0.12027627229690552,6.946249527479648e-06,2.0838748582438942e-05,33488,0
4187,3187,supervised,0.18610354512929916,0.01486445963382721,0.0,0.0,0,0,0,0,0.0,0.0,0.0,0,0,False,0.12027667462825775,6.929618848015407e-06,2.0788856544046216e-05,33496,0
4188,3188,supervised,0.12604758515954018,0.017600510269403458,0.0,0.0,0,0,0,0,0.0,0.0,0.0,0,0,False,0.12027706950902939,6.9130066185341794e-06,2.0739019855602533e-05,33504,0
4189,3189,supervised,0.07292435318231583,0.014220244716852903,0.0,0.0,0,0,0,0,0.0,0.0,0.0,0,0,False,0.12027745693922043,6.896412846152095e-06,2.0689238538456282e-05,33512,0
4190,3190,supervised,0.11256732419133186,0.014707592781633139,0.0,0.0,0,0,0,0,0.0,0.0,0.0,0,0,False,0.12027782946825027,6.87983753797739e-06,2.0639512613932168e-05,33520,0
4191,3191,supervised,0.11541851237416267,0.014346783980727196,0.0,0.0,0,0,0,0,0.0,0.0,0.0,0,0,False,0.1202782467007637,6.863280701110408e-06,2.0589842103331222e-05,33528,0
4192,3192,supervised,0.12270118296146393,0.018215783406049013,0.0,0.0,0,0,0,0,0.0,0.0,0.0,0,0,False,0.12027864903211594,6.846742342643591e-06,2.0540227027930773e-05,33536,0
4193,3193,supervised,0.075204037129879,0.017140516079962254,0.0,0.0,0,0,0,0,0.0,0.0,0.0,0,0,False,0.12027902156114578,6.830222469661418e-06,2.049066740898425e-05,33544,0
4194,3194,supervised,0.06305415742099285,0.014315052889287472,0.0,0.0,0,0,0,0,0.0,0.0,0.0,0,0,False,0.12027943134307861,6.813721089240493e-06,2.044116326772148e-05,33552,0
4195,3195,supervised,0.11199102364480495,0.014780407771468163,0.0,0.0,0,0,0,0,0.0,0.0,0.0,0,0,False,0.12027980387210846,6.797238208449491e-06,2.0391714625348472e-05,33560,0
4196,3196,supervised,0.17234980314970016,0.013614404946565628,0.0,0.0,0,0,0,0,0.0,0.0,0.0,0,0,False,0.12028014659881592,6.78077383434913e-06,2.0342321503047386e-05,33568,0
4197,3197,supervised,0.07384363561868668,0.016808205749839544,0.0,0.0,0,0,0,0,0.0,0.0,0.0,0,0,False,0.12028053402900696,6.764327973992252e-06,2.0292983921976753e-05,33576,0
4198,3198,supervised,0.22417598962783813,0.01608159113675356,0.0,0.0,0,0,0,0,0.0,0.0,0.0,0,0,False,0.1202809065580368,6.747900634423715e-06,2.024370190327114e-05,33584,0
4199,3199,supervised,0.1785382330417633,0.014922644011676311,0.0,0.0,0,0,0,0,0.0,0.0,0.0,0,0,False,0.12028124183416367,6.731491822680497e-06,2.019447546804149e-05,33592,0
4200,3200,supervised,0.09708285331726074,0.019411413930356503,0.0,0.0,0,0,0,0,0.0,0.0,0.0,0,0,False,0.12028153985738754,6.715101545791586e-06,2.0145304637374755e-05,33600,0
4201,3201,supervised,0.10667053982615471,0.017934531904757023,0.0,0.0,0,0,0,0,0.0,0.0,0.0,0,0,False,0.12028181552886963,6.698729810778065e-06,2.009618943233419e-05,33608,0
4202,3202,supervised,0.07038873061537743,0.015324699226766825,0.0,0.0,0,0,0,0,0.0,0.0,0.0,0,0,False,0.1202821359038353,6.682376624653081e-06,2.004712987395924e-05,33616,0
4203,3203,supervised,0.1335986703634262,0.015526754315942526,0.0,0.0,0,0,0,0,0.0,0.0,0.0,0,0,False,0.12028247863054276,6.666041994421795e-06,1.9998125983265386e-05,33624,0
4204,3204,supervised,0.13142568245530128,0.0167337441816926,0.0,0.0,0,0,0,0,0.0,0.0,0.0,0,0,False,0.12028288096189499,6.649725927081451e-06,1.994917778124435e-05,33632,0
4205,3205,supervised,0.15903154760599136,0.017183146439492702,0.0,0.0,0,0,0,0,0.0,0.0,0.0,0,0,False,0.12028328329324722,6.6334284296213524e-06,1.9900285288864055e-05,33640,0
4206,3206,supervised,0.1742865014821291,0.014344497118145227,0.0,0.0,0,0,0,0,0.0,0.0,0.0,0,0,False,0.12028367817401886,6.617149509022808e-06,1.985144852706842e-05,33648,0
4207,3207,supervised,0.1196642741560936,0.01380082918331027,0.0,0.0,0,0,0,0,0.0,0.0,0.0,0,0,False,0.1202840805053711,6.600889172259189e-06,1.9802667516777565e-05,33656,0
4208,3208,supervised,0.18934904783964157,0.017338816076517105,0.0,0.0,0,0,0,0,0.0,0.0,0.0,0,0,False,0.12028448283672333,6.584647426295915e-06,1.975394227888774e-05,33664,0
4209,3209,supervised,0.18842171132564545,0.015606575179845095,0.0,0.0,0,0,0,0,0.0,0.0,0.0,0,0,False,0.12028488516807556,6.568424278090446e-06,1.9705272834271335e-05,33672,0
4210,3210,supervised,0.13687609508633614,0.01701505482196808,0.0,0.0,0,0,0,0,0.0,0.0,0.0,0,0,False,0.120285265147686,6.552219734592236e-06,1.9656659203776702e-05,33680,0
4211,3211,supervised,0.20875800400972366,0.0158975962549448,0.0,0.0,0,0,0,0,0.0,0.0,0.0,0,0,False,0.12028557062149048,6.536033802742813e-06,1.960810140822844e-05,33688,0
4212,3212,supervised,0.13056157529354095,0.014147506561130285,0.0,0.0,0,0,0,0,0.0,0.0,0.0,0,0,False,0.12028592824935913,6.519866489475729e-06,1.9559599468427183e-05,33696,0
4213,3213,supervised,0.1240035891532898,0.014569696504622698,0.0,0.0,0,0,0,0,0.0,0.0,0.0,0,0,False,0.12028631567955017,6.503717801716519e-06,1.9511153405149555e-05,33704,0
4214,3214,supervised,0.17603306472301483,0.014132697135210037,0.0,0.0,0,0,0,0,0.0,0.0,0.0,0,0,False,0.12028665840625763,6.487587746382789e-06,1.9462763239148367e-05,33712,0
4215,3215,supervised,0.19025006145238876,0.017152936197817326,0.0,0.0,0,0,0,0,0.0,0.0,0.0,0,0,False,0.1202869638800621,6.4714763303841296e-06,1.9414428991152386e-05,33720,0
4216,3216,supervised,0.1895948424935341,0.015900928061455488,0.0,0.0,0,0,0,0,0.0,0.0,0.0,0,0,False,0.12028728425502777,6.455383560622175e-06,1.936615068186652e-05,33728,0
4217,3217,supervised,0.18021703511476517,0.013943919911980629,0.0,0.0,0,0,0,0,0.0,0.0,0.0,0,0,False,0.12028761208057404,6.439309443990532e-06,1.9317928331971592e-05,33736,0
4218,3218,supervised,0.08545936644077301,0.017637350596487522,0.0,0.0,0,0,0,0,0.0,0.0,0.0,0,0,False,0.1202879324555397,6.423253987374861e-06,1.926976196212458e-05,33744,0
4219,3219,supervised,0.23412175476551056,0.014175182674080133,0.0,0.0,0,0,0,0,0.0,0.0,0.0,0,0,False,0.12028822302818298,6.40721719765281e-06,1.9221651592958427e-05,33752,0
4220,3220,supervised,0.20306524634361267,0.013709837570786476,0.0,0.0,0,0,0,0,0.0,0.0,0.0,0,0,False,0.12028824537992477,6.391199081694016e-06,1.9173597245082045e-05,33760,0
4221,3221,supervised,0.1918717548251152,0.013725153170526028,0.0,0.0,0,0,0,0,0.0,0.0,0.0,0,0,False,0.12028838694095612,6.375199646360142e-06,1.912559893908042e-05,33768,0
4222,3222,supervised,0.237766832113266,0.01834699185565114,0.0,0.0,0,0,0,0,0.0,0.0,0.0,0,0,False,0.12028846889734268,6.359218898504843e-06,1.9077656695514526e-05,33776,0
4223,3223,supervised,0.2283838391304016,0.0146254301071167,0.0,0.0,0,0,0,0,0.0,0.0,0.0,0,0,False,0.12028858065605164,6.3432568449737496e-06,1.9029770534921245e-05,33784,0
4224,3224,supervised,0.14375827461481094,0.020457305945456028,0.0,0.0,0,0,0,0,0.0,0.0,0.0,0,0,False,0.12028863281011581,6.3273134926045145e-06,1.898194047781354e-05,33792,0
4225,3225,supervised,0.20428146421909332,0.013451399747282267,0.0,0.0,0,0,0,0,0.0,0.0,0.0,0,0,False,0.12028869241476059,6.31138884822674e-06,1.893416654468022e-05,33800,0
4226,3226,supervised,0.17440056800842285,0.01470483560115099,0.0,0.0,0,0,0,0,0.0,0.0,0.0,0,0,False,0.12028880417346954,6.295482918662066e-06,1.8886448755986193e-05,33808,0
4227,3227,supervised,0.1724201813340187,0.015214518178254366,0.0,0.0,0,0,0,0,0.0,0.0,0.0,0,0,False,0.1202889084815979,6.279595710724062e-06,1.8838787132172184e-05,33816,0
4228,3228,supervised,0.19512194395065308,0.01563189784064889,0.0,0.0,0,0,0,0,0.0,0.0,0.0,0,0,False,0.12028913199901581,6.2637272312183135e-06,1.8791181693654937e-05,33824,0
4229,3229,supervised,0.22429118677973747,0.015007763635367155,0.0,0.0,0,0,0,0,0.0,0.0,0.0,0,0,False,0.12028931081295013,6.247877486942383e-06,1.8743632460827145e-05,33832,0
4230,3230,supervised,0.18293577805161476,0.01569636818021536,0.0,0.0,0,0,0,0,0.0,0.0,0.0,0,0,False,0.12028957158327103,6.232046484685778e-06,1.869613945405733e-05,33840,0
4231,3231,supervised,0.07528997585177422,0.016154949087649584,0.0,0.0,0,0,0,0,0.0,0.0,0.0,0,0,False,0.12028982490301132,6.216234231230012e-06,1.864870269369003e-05,33848,0
4232,3232,supervised,0.17649058997631073,0.01470957463607192,0.0,0.0,0,0,0,0,0.0,0.0,0.0,0,0,False,0.12029007077217102,6.20044073334855e-06,1.860132220004565e-05,33856,0
4233,3233,supervised,0.14034628495573997,0.017052747309207916,0.0,0.0,0,0,0,0,0.0,0.0,0.0,0,0,False,0.12029031664133072,6.184665997806832e-06,1.8553997993420495e-05,33864,0
4234,3234,supervised,0.13514591753482819,0.018406705930829048,0.0,0.0,0,0,0,0,0.0,0.0,0.0,0,0,False,0.12029057741165161,6.168910031362224e-06,1.850673009408667e-05,33872,0
4235,3235,supervised,0.1877545416355133,0.015315196942538023,0.0,0.0,0,0,0,0,0.0,0.0,0.0,0,0,False,0.1202908456325531,6.1531728407641046e-06,1.845951852229231e-05,33880,0
4236,3236,supervised,0.2528858482837677,0.013857483398169279,0.0,0.0,0,0,0,0,0.0,0.0,0.0,0,0,False,0.12029112130403519,6.1374544327537975e-06,1.841236329826139e-05,33888,0
4237,3237,supervised,0.1946675255894661,0.016091334633529186,0.0,0.0,0,0,0,0,0.0,0.0,0.0,0,0,False,0.12029141932725906,6.12175481406454e-06,1.8365264442193618e-05,33896,0
4238,3238,supervised,0.13242227584123611,0.013577531557530165,0.0,0.0,0,0,0,0,0.0,0.0,0.0,0,0,False,0.12029179185628891,6.1060739914215624e-06,1.8318221974264686e-05,33904,0
4239,3239,supervised,0.18460207805037498,0.014982573222368956,0.0,0.0,0,0,0,0,0.0,0.0,0.0,0,0,False,0.12029222398996353,6.090411971542037e-06,1.827123591462611e-05,33912,0
4240,3240,supervised,0.19217466562986374,0.013684939127415419,0.0,0.0,0,0,0,0,0.0,0.0,0.0,0,0,False,0.12029263377189636,6.07476876113508e-06,1.8224306283405238e-05,33920,0
4241,3241,supervised,0.10027556121349335,0.01585635496303439,0.0,0.0,0,0,0,0,0.0,0.0,0.0,0,0,False,0.12029305100440979,6.059144366901736e-06,1.8177433100705207e-05,33928,0
4242,3242,supervised,0.12089480832219124,0.015636618714779615,0.0,0.0,0,0,0,0,0.0,0.0,0.0,0,0,False,0.12029345333576202,6.043538795534992e-06,1.8130616386604973e-05,33936,0
4243,3243,supervised,0.18145902454853058,0.01597282476723194,0.0,0.0,0,0,0,0,0.0,0.0,0.0,0,0,False,0.12029382586479187,6.027952053719799e-06,1.8083856161159393e-05,33944,0
4244,3244,supervised,0.20994484424591064,0.013848043978214264,0.0,0.0,0,0,0,0,0.0,0.0,0.0,0,0,False,0.1202942356467247,6.012384148132999e-06,1.8037152444398993e-05,33952,0
4245,3245,supervised,0.07321949675679207,0.014847247395664454,0.0,0.0,0,0,0,0,0.0,0.0,0.0,0,0,False,0.12029470503330231,5.996835085443403e-06,1.7990505256330205e-05,33960,0
4246,3246,supervised,0.23454076796770096,0.014414425007998943,0.0,0.0,0,0,0,0,0.0,0.0,0.0,0,0,False,0.12029513716697693,5.981304872311738e-06,1.794391461693521e-05,33968,0
4247,3247,supervised,0.13109416887164116,0.014523116406053305,0.0,0.0,0,0,0,0,0.0,0.0,0.0,0,0,False,0.12029556185007095,5.965793515390644e-06,1.789738054617193e-05,33976,0
4248,3248,supervised,0.22877424955368042,0.0157848852686584,0.0,0.0,0,0,0,0,0.0,0.0,0.0,0,0,False,0.12029597908258438,5.950301021324695e-06,1.785090306397408e-05,33984,0
4249,3249,supervised,0.13591903448104858,0.02049846574664116,0.0,0.0,0,0,0,0,0.0,0.0,0.0,0,0,False,0.12029630690813065,5.934827396750392e-06,1.7804482190251175e-05,33992,0
4250,3250,supervised,0.1865798756480217,0.016503063961863518,0.0,0.0,0,0,0,0,0.0,0.0,0.0,0,0,False,0.12029662728309631,5.91937264829614e-06,1.7758117944888416e-05,34000,0
