step,precision,loss,dice_loss,bce_loss,gradient_norm,encoder_lr_used,decoder_lr_used,encoder_lr_next,decoder_lr_next,images_seen
1,FP32,0.8230903595685959,0.9695528000593185,0.6766279488801956,1.6289484767387148,5.000000000000001e-07,1.4999999999999998e-06,1.0000000000000002e-06,2.9999999999999997e-06,16
2,FP32,0.822759672999382,0.9773663580417633,0.6681529879570007,1.5074267572295046,1.0000000000000002e-06,2.9999999999999997e-06,1.5e-06,4.499999999999999e-06,32
3,FP32,0.8208191245794296,0.9703051000833511,0.6713331043720245,1.4814257275586387,1.5e-06,4.499999999999999e-06,2.0000000000000003e-06,5.999999999999999e-06,48
4,FP32,0.8244393020868301,0.984600767493248,0.6642778366804123,1.4998932886613225,2.0000000000000003e-06,5.999999999999999e-06,2.5e-06,7.499999999999999e-06,64
5,FP32,0.8212420046329498,0.979661226272583,0.6628228574991226,1.5022876946761634,2.5e-06,7.499999999999999e-06,3e-06,8.999999999999999e-06,80
6,FP32,0.8261678367853165,0.9835263341665268,0.668809324502945,1.4591006553522714,3e-06,8.999999999999999e-06,3.5000000000000004e-06,1.05e-05,96
7,FP32,0.8175197094678879,0.9724767953157425,0.6625626385211945,1.4954545629634066,3.5000000000000004e-06,1.05e-05,4.000000000000001e-06,1.1999999999999999e-05,112
8,FP32,0.8237787932157516,0.9868769645690918,0.6606806367635727,1.493340814488704,4.000000000000001e-06,1.1999999999999999e-05,4.5e-06,1.3499999999999998e-05,128
9,FP32,0.8195512890815735,0.9867279380559921,0.6523745954036713,1.5125259784500056,4.5e-06,1.3499999999999998e-05,5e-06,1.4999999999999999e-05,144
10,FP32,0.8135052621364594,0.9725834131240845,0.654427096247673,1.4680284983660863,5e-06,1.4999999999999999e-05,5.500000000000001e-06,1.6499999999999998e-05,160
11,FP32,0.8167789429426193,0.9804898798465729,0.6530680656433105,1.4815625548490423,5.500000000000001e-06,1.6499999999999998e-05,6e-06,1.7999999999999997e-05,176
12,FP32,0.8108662664890289,0.976296916604042,0.645435556769371,1.4699420476522693,6e-06,1.7999999999999997e-05,6.5000000000000004e-06,1.95e-05,192
13,FP32,0.8210747092962265,0.9921532422304153,0.6499961465597153,1.535122229913364,6.5000000000000004e-06,1.95e-05,7.000000000000001e-06,2.1e-05,208
14,FP32,0.81260946393013,0.987208366394043,0.6380105465650558,1.4972314241043392,7.000000000000001e-06,2.1e-05,7.5e-06,2.2499999999999998e-05,224
15,FP32,0.8081535249948502,0.9860418438911438,0.6302652209997177,1.5208067049819092,7.5e-06,2.2499999999999998e-05,8.000000000000001e-06,2.3999999999999997e-05,240
16,FP32,0.8050159811973572,0.9778251200914383,0.6322068572044373,1.4530144778513145,8.000000000000001e-06,2.3999999999999997e-05,8.500000000000002e-06,2.55e-05,256
17,FP32,0.8127409517765045,0.9916375577449799,0.633844330906868,1.537360796996628,8.500000000000002e-06,2.55e-05,9e-06,2.6999999999999996e-05,272
18,FP32,0.799512192606926,0.9761853814125061,0.622838944196701,1.4103365723626455,9e-06,2.6999999999999996e-05,9.5e-06,2.8499999999999998e-05,288
19,FP32,0.7930428087711334,0.9826451539993286,0.603440523147583,1.5367500035415194,9.5e-06,2.8499999999999998e-05,1e-05,2.9999999999999997e-05,304
20,FP32,0.7881862670183182,0.9698574095964432,0.606515035033226,1.4508586978066618,1e-05,2.9999999999999997e-05,1.05e-05,3.149999999999999e-05,320
21,FP32,0.8028183430433273,0.9833146929740906,0.6223219633102417,1.385675411673788,1.05e-05,3.149999999999999e-05,1.1000000000000001e-05,3.2999999999999996e-05,336
22,FP32,0.7940579950809479,0.9678892344236374,0.6202267408370972,1.4085344501285657,1.1000000000000001e-05,3.2999999999999996e-05,1.1500000000000002e-05,3.45e-05,352
23,FP32,0.7941896766424179,0.9800395369529724,0.6083397716283798,1.3754516038654052,1.1500000000000002e-05,3.45e-05,1.2e-05,3.5999999999999994e-05,368
24,FP32,0.7841053456068039,0.9690738916397095,0.5991367995738983,1.4312756586738482,1.2e-05,3.5999999999999994e-05,1.25e-05,3.75e-05,384
25,FP32,0.7733826041221619,0.9685528129339218,0.5782123804092407,1.4196205540674252,1.25e-05,3.75e-05,1.3000000000000001e-05,3.9e-05,400
26,FP32,0.78988878428936,0.9856849014759064,0.5940926671028137,1.4010947520601797,1.3000000000000001e-05,3.9e-05,1.3500000000000001e-05,4.05e-05,416
27,FP32,0.7609483301639557,0.9543758928775787,0.5675207674503326,1.5379107005808532,1.3500000000000001e-05,4.05e-05,1.4000000000000001e-05,4.2e-05,432
28,FP32,0.7675683498382568,0.9760602563619614,0.5590764284133911,1.5041057606476418,1.4000000000000001e-05,4.2e-05,1.45e-05,4.3499999999999993e-05,448
29,FP32,0.7846760600805283,0.9819088727235794,0.5874431878328323,1.4309007723340879,1.45e-05,4.3499999999999993e-05,1.5e-05,4.4999999999999996e-05,464
30,FP32,0.7596112787723541,0.9665734618902206,0.5526491105556488,1.3804105628743024,1.5e-05,4.4999999999999996e-05,1.55e-05,4.65e-05,480
31,FP32,0.7641661763191223,0.9739394634962082,0.5543928742408752,1.416004129270099,1.55e-05,4.65e-05,1.6000000000000003e-05,4.7999999999999994e-05,496
32,FP32,0.7540243268013,0.9789577573537827,0.5290908962488174,1.6487109647354041,1.6000000000000003e-05,4.7999999999999994e-05,1.65e-05,4.95e-05,512
33,FP32,0.7719568163156509,0.97701196372509,0.5669016689062119,1.7397057006140086,1.65e-05,4.95e-05,1.7000000000000003e-05,5.1e-05,528
34,FP32,0.7543389648199081,0.9605523347854614,0.5481255948543549,2.4995549440762748,1.7000000000000003e-05,5.1e-05,1.75e-05,5.2499999999999995e-05,544
35,FP32,0.7655553370714188,0.9767300933599472,0.5543805807828903,1.475702478912172,1.75e-05,5.2499999999999995e-05,1.8e-05,5.399999999999999e-05,560
36,FP32,0.7788621783256531,0.9911881238222122,0.5665362179279327,1.4686799751503186,1.8e-05,5.399999999999999e-05,1.85e-05,5.5499999999999994e-05,576
37,FP32,0.7440871745347977,0.978522315621376,0.5096519961953163,2.1472232033123233,1.85e-05,5.5499999999999994e-05,1.9e-05,5.6999999999999996e-05,592
38,FP32,0.742064893245697,0.9562014937400818,0.5279282480478287,1.5061399094944912,1.9e-05,5.6999999999999996e-05,1.9500000000000003e-05,5.85e-05,608
39,FP32,0.7205492258071899,0.9580714255571365,0.48302706331014633,2.021865275266908,1.9500000000000003e-05,5.85e-05,2e-05,5.9999999999999995e-05,624
40,FP32,0.7625363171100616,0.9784110933542252,0.5466615706682205,1.8906379202908188,2e-05,5.9999999999999995e-05,2.05e-05,6.149999999999999e-05,640
41,FP32,0.707475408911705,0.9565888047218323,0.45836203545331955,3.1325708185461405,2.05e-05,6.149999999999999e-05,2.1e-05,6.299999999999999e-05,656
42,FP32,0.712932288646698,0.9554532468318939,0.4704112708568573,1.471626454517762,2.1e-05,6.299999999999999e-05,2.15e-05,6.45e-05,672
43,FP32,0.7208976000547409,0.9615534543991089,0.4802417531609535,1.4550265598067964,2.15e-05,6.45e-05,2.2000000000000003e-05,6.599999999999999e-05,688
44,FP32,0.7229648530483246,0.9754058420658112,0.4705238938331604,1.7715545659905276,2.2000000000000003e-05,6.599999999999999e-05,2.25e-05,6.75e-05,704
45,FP32,0.7163224071264267,0.9738085716962814,0.45883627235889435,1.4273984056421705,2.25e-05,6.75e-05,2.3000000000000003e-05,6.9e-05,720
46,FP32,0.7027920782566071,0.9758089333772659,0.4297751784324646,2.043639072976831,2.3000000000000003e-05,6.9e-05,2.35e-05,7.049999999999999e-05,736
47,FP32,0.7347057312726974,0.9721420556306839,0.4972694143652916,3.0406050706042285,2.35e-05,7.049999999999999e-05,2.4e-05,7.199999999999999e-05,752
48,FP32,0.6856395453214645,0.9691667705774307,0.40211232006549835,1.973651875465604,2.4e-05,7.199999999999999e-05,2.45e-05,7.35e-05,768
49,FP32,0.7093472629785538,0.975427657365799,0.4432669058442116,1.894118853826772,2.45e-05,7.35e-05,2.5e-05,7.5e-05,784
50,FP32,0.6773792803287506,0.9688151776790619,0.38594334572553635,2.002274930156509,2.5e-05,7.5e-05,2.5500000000000003e-05,7.649999999999999e-05,800
51,FP32,0.7222269773483276,0.9774939119815826,0.46696004271507263,1.5391717800091305,2.5500000000000003e-05,7.649999999999999e-05,2.6000000000000002e-05,7.8e-05,816
52,FP32,0.6683969497680664,0.946989968419075,0.389803946018219,2.6803287379250156,2.6000000000000002e-05,7.8e-05,2.6500000000000004e-05,7.95e-05,832
53,FP32,0.6313219964504242,0.9369893372058868,0.32565462589263916,3.0049342210784715,2.6500000000000004e-05,7.95e-05,2.7000000000000002e-05,8.1e-05,848
54,FP32,0.6592184156179428,0.9554470330476761,0.3629898354411125,2.645980481751689,2.7000000000000002e-05,8.1e-05,2.7500000000000004e-05,8.25e-05,864
55,FP32,0.6496860831975937,0.9621352255344391,0.3372369334101677,2.654924889379059,2.7500000000000004e-05,8.25e-05,2.8000000000000003e-05,8.4e-05,880
56,FP32,0.6944239586591721,0.9757424592971802,0.41310544312000275,4.563928857543584,2.8000000000000003e-05,8.4e-05,2.8499999999999998e-05,8.549999999999999e-05,896
57,FP32,0.6652487814426422,0.9471127539873123,0.3833848237991333,4.016445235289973,2.8499999999999998e-05,8.549999999999999e-05,2.9e-05,8.699999999999999e-05,912
58,FP32,0.5977987349033356,0.9210799485445023,0.274517472833395,2.4659350973787224,2.9e-05,8.699999999999999e-05,2.95e-05,8.849999999999998e-05,928
59,FP32,0.6263270229101181,0.9477491974830627,0.3049048110842705,4.05475121826724,2.95e-05,8.849999999999998e-05,3e-05,8.999999999999999e-05,944
60,FP32,0.6275711059570312,0.9479734003543854,0.3071688376367092,3.6827932977377196,3e-05,8.999999999999999e-05,3.05e-05,9.149999999999999e-05,960
61,FP32,0.6276794075965881,0.9648541212081909,0.29050469771027565,2.011207530898685,3.05e-05,9.149999999999999e-05,3.1e-05,9.3e-05,976
62,FP32,0.5887413024902344,0.9199758470058441,0.2575067952275276,1.890548103106066,3.1e-05,9.3e-05,3.15e-05,9.449999999999999e-05,992
63,FP32,0.646525502204895,0.9813599139451981,0.3116910755634308,1.340481438731313,3.15e-05,9.449999999999999e-05,3.2000000000000005e-05,9.599999999999999e-05,1008
64,FP32,0.6088662892580032,0.9516347646713257,0.26609785854816437,1.402868737139814,3.2000000000000005e-05,9.599999999999999e-05,3.2500000000000004e-05,9.75e-05,1024
65,FP32,0.6041478365659714,0.9318282604217529,0.2764673978090286,2.4237593976284657,3.2500000000000004e-05,9.75e-05,3.3e-05,9.9e-05,1040
66,FP32,0.5645098388195038,0.9230429530143738,0.20597673207521439,1.1392478565254032,3.3e-05,9.9e-05,3.35e-05,0.0001005,1056
67,FP32,0.6161872148513794,0.9337179511785507,0.29865651205182076,3.1541922462253615,3.35e-05,0.0001005,3.4000000000000007e-05,0.000102,1072
68,FP32,0.6194085627794266,0.9472854733467102,0.29153162613511086,2.6514737694119344,3.4000000000000007e-05,0.000102,3.45e-05,0.00010349999999999998,1088
69,FP32,0.5833643674850464,0.9481330066919327,0.2185957320034504,2.2144843636961475,3.45e-05,0.00010349999999999998,3.5e-05,0.00010499999999999999,1104
70,FP32,0.6128701716661453,0.9694981276988983,0.25624222308397293,2.320253993070613,3.5e-05,0.00010499999999999999,3.55e-05,0.00010649999999999999,1120
71,FP32,0.5875356495380402,0.9415204375982285,0.23355082795023918,1.8927525116099617,3.55e-05,0.00010649999999999999,3.6e-05,0.00010799999999999998,1136
72,FP32,0.5904912203550339,0.9352273941040039,0.24575501680374146,6.067039625275529,3.6e-05,0.00010799999999999998,3.65e-05,0.00010949999999999999,1152
73,FP32,0.5798766911029816,0.9481751322746277,0.21157830581068993,1.134229074831459,3.65e-05,0.00010949999999999999,3.7e-05,0.00011099999999999999,1168
74,FP32,0.543245866894722,0.8941401243209839,0.19235167279839516,2.3118837165637687,3.7e-05,0.00011099999999999999,3.7500000000000003e-05,0.0001125,1184
75,FP32,0.5508098006248474,0.9281444847583771,0.17347508668899536,3.251549396427812,3.7500000000000003e-05,0.0001125,3.8e-05,0.00011399999999999999,1200
76,FP32,0.5552934557199478,0.9260709583759308,0.18451593816280365,8.76573234837474,3.8e-05,0.00011399999999999999,3.85e-05,0.00011549999999999999,1216
77,FP32,0.5869595110416412,0.9254413396120071,0.24847764149308205,3.815831577183627,3.85e-05,0.00011549999999999999,3.9000000000000006e-05,0.000117,1232
78,FP32,0.5781436711549759,0.9413420706987381,0.2149452641606331,4.4483815824080155,3.9000000000000006e-05,0.000117,3.9500000000000005e-05,0.0001185,1248
79,FP32,0.5956647545099258,0.9545703679323196,0.23675916716456413,2.703682444170137,3.9500000000000005e-05,0.0001185,4e-05,0.00011999999999999999,1264
80,FP32,0.5087652131915092,0.8601832538843155,0.1573471985757351,2.7803499251306394,4e-05,0.00011999999999999999,4.05e-05,0.0001215,1280
81,FP32,0.5976676791906357,0.971811056137085,0.2235243059694767,4.85188032173121,4.05e-05,0.0001215,4.1e-05,0.00012299999999999998,1296
82,FP32,0.5485419780015945,0.9194471091032028,0.17763689160346985,3.0158282840976964,4.1e-05,0.00012299999999999998,4.15e-05,0.0001245,1312
83,FP32,0.5915649980306625,0.9368958622217178,0.24623409286141396,3.5270855804541013,4.15e-05,0.0001245,4.2e-05,0.00012599999999999997,1328
84,FP32,0.555977076292038,0.9172399193048477,0.1947142332792282,1.1161480188176465,4.2e-05,0.00012599999999999997,4.25e-05,0.00012749999999999998,1344
85,FP32,0.5429200530052185,0.9247231334447861,0.16111698932945728,4.0738068457140475,4.25e-05,0.00012749999999999998,4.3e-05,0.000129,1360
86,FP32,0.5468865185976028,0.9182282984256744,0.17554480582475662,4.5845980689972885,4.3e-05,0.000129,4.35e-05,0.0001305,1376
87,FP32,0.5244679600000381,0.9175205528736115,0.13141539320349693,0.7515880308612807,4.35e-05,0.0001305,4.4000000000000006e-05,0.00013199999999999998,1392
88,FP32,0.5140814408659935,0.8900117427110672,0.1381511501967907,0.6670788934603537,4.4000000000000006e-05,0.00013199999999999998,4.4500000000000004e-05,0.0001335,1408
89,FP32,0.49956002831459045,0.8427933156490326,0.15632673352956772,0.8743551859457822,4.4500000000000004e-05,0.0001335,4.5e-05,0.000135,1424
90,FP32,0.520323358476162,0.8807540237903595,0.1598927117884159,1.6025472529687144,4.5e-05,0.000135,4.55e-05,0.00013649999999999998,1440
91,FP32,0.5473786294460297,0.9327183365821838,0.1620388776063919,1.6357271305944938,4.55e-05,0.00013649999999999998,4.600000000000001e-05,0.000138,1456
92,FP32,0.5191044509410858,0.894475132226944,0.14373374171555042,0.7259893257100014,4.600000000000001e-05,0.000138,4.6500000000000005e-05,0.0001395,1472
93,FP32,0.5518166869878769,0.9233441352844238,0.18028927594423294,2.0459432157223434,4.6500000000000005e-05,0.0001395,4.7e-05,0.00014099999999999998,1488
94,FP32,0.5614023655653,0.961464524269104,0.16134013235569,2.9418814962924924,4.7e-05,0.00014099999999999998,4.75e-05,0.0001425,1504
95,FP32,0.5155334919691086,0.8695048689842224,0.16156214848160744,3.439142646446428,4.75e-05,0.0001425,4.8e-05,0.00014399999999999998,1520
96,FP32,0.557514563202858,0.954301044344902,0.1607280932366848,2.2004757387965745,4.8e-05,0.00014399999999999998,4.85e-05,0.00014549999999999999,1536
97,FP32,0.5662629455327988,0.930199608206749,0.2023263107985258,1.478201851528926,4.85e-05,0.00014549999999999999,4.9e-05,0.000147,1552
98,FP32,0.507425032556057,0.8830782473087311,0.13177181035280228,0.6289966785302166,4.9e-05,0.000147,4.9500000000000004e-05,0.00014849999999999998,1568
99,FP32,0.5327001661062241,0.9214532971382141,0.14394701272249222,1.2314375588223616,4.9500000000000004e-05,0.00014849999999999998,5e-05,0.00015,1584
100,FP32,0.5232683271169662,0.9085247963666916,0.13801181130111217,0.6433730382927627,5e-05,0.00015,5.05e-05,0.0001515,1600
101,FP32,0.5189516991376877,0.8824274986982346,0.1554759331047535,5.15753123319679,5.05e-05,0.0001515,5.1000000000000006e-05,0.00015299999999999998,1616
102,FP32,0.5218666344881058,0.9230781495571136,0.12065514922142029,1.0363966175149069,5.1000000000000006e-05,0.00015299999999999998,5.1500000000000005e-05,0.0001545,1632
103,FP32,0.5508868843317032,0.9113079160451889,0.19046584889292717,0.9008035723693508,5.1500000000000005e-05,0.0001545,5.2000000000000004e-05,0.000156,1648
104,FP32,0.5015559419989586,0.8655873388051987,0.1375245489180088,2.7844189770438725,5.2000000000000004e-05,0.000156,5.25e-05,0.00015749999999999998,1664
105,FP32,0.5148085430264473,0.8696388155221939,0.15997826680541039,1.6554608509953221,5.25e-05,0.00015749999999999998,5.300000000000001e-05,0.000159,1680
106,FP32,0.49367621541023254,0.8552172631025314,0.13213518448174,1.141133119110547,5.300000000000001e-05,0.000159,5.3500000000000006e-05,0.0001605,1696
107,FP32,0.5469903126358986,0.8948076814413071,0.199172992259264,5.750813444615096,5.3500000000000006e-05,0.0001605,5.4000000000000005e-05,0.000162,1712
108,FP32,0.5348947048187256,0.9445708692073822,0.12521855905652046,1.2118499929151103,5.4000000000000005e-05,0.000162,5.45e-05,0.0001635,1728
109,FP32,0.5300415232777596,0.9317722916603088,0.12831079587340355,0.9104817336479862,5.45e-05,0.0001635,5.500000000000001e-05,0.000165,1744
110,FP32,0.5114999562501907,0.880837693810463,0.14216221868991852,3.3090629183145626,5.500000000000001e-05,0.000165,5.550000000000001e-05,0.0001665,1760
111,FP32,0.5070405974984169,0.872776061296463,0.14130512066185474,10.380264831487265,5.550000000000001e-05,0.0001665,5.6000000000000006e-05,0.000168,1776
112,FP32,0.5022008121013641,0.8546570241451263,0.14974462613463402,1.3575053480949395,5.6000000000000006e-05,0.000168,5.65e-05,0.00016949999999999997,1792
113,FP32,0.4969313442707062,0.8865672200918198,0.10729546286165714,1.1911699047074138,5.65e-05,0.00016949999999999997,5.6999999999999996e-05,0.00017099999999999998,1808
114,FP32,0.5045180544257164,0.8597352504730225,0.14930086582899094,5.711839751610885,5.6999999999999996e-05,0.00017099999999999998,5.7499999999999995e-05,0.00017249999999999996,1824
115,FP32,0.5153920277953148,0.8623110353946686,0.1684730090200901,2.2029255269496346,5.7499999999999995e-05,0.00017249999999999996,5.8e-05,0.00017399999999999997,1840
116,FP32,0.5023782700300217,0.8752933740615845,0.12946311756968498,1.9060858576908704,5.8e-05,0.00017399999999999997,5.85e-05,0.00017549999999999998,1856
117,FP32,0.530800923705101,0.8902264088392258,0.17137539759278297,6.364658626828762,5.85e-05,0.00017549999999999998,5.9e-05,0.00017699999999999997,1872
118,FP32,0.5569902658462524,0.9214662909507751,0.19251425191760063,4.2226458235734485,5.9e-05,0.00017699999999999997,5.95e-05,0.00017849999999999997,1888
119,FP32,0.479352630674839,0.8440176248550415,0.1146876122802496,1.696609444395175,5.95e-05,0.00017849999999999997,6e-05,0.00017999999999999998,1904
120,FP32,0.5290102139115334,0.8722685426473618,0.18575187772512436,16.97142738357659,6e-05,0.00017999999999999998,6.05e-05,0.00018149999999999997,1920
121,FP32,0.47038378566503525,0.8317416608333588,0.10902590863406658,1.1723594677749523,6.05e-05,0.00018149999999999997,6.1e-05,0.00018299999999999998,1936
122,FP32,0.5191992521286011,0.9408028572797775,0.09759568236768246,0.5021733293844685,6.1e-05,0.00018299999999999998,6.15e-05,0.00018449999999999999,1952
123,FP32,0.4786425530910492,0.8406822979450226,0.11660277470946312,1.2512524699231786,6.15e-05,0.00018449999999999999,6.2e-05,0.000186,1968
124,FP32,0.5465588867664337,0.926839753985405,0.1662780214101076,7.001630982218939,6.2e-05,0.000186,6.25e-05,0.00018749999999999998,1984
125,FP32,0.5069563835859299,0.8887484520673752,0.12516426295042038,2.3239622785462752,6.25e-05,0.00018749999999999998,6.3e-05,0.00018899999999999999,2000
126,FP32,0.49461808800697327,0.8464052528142929,0.14283092692494392,0.9201267185205221,6.3e-05,0.00018899999999999999,6.35e-05,0.0001905,2016
127,FP32,0.5114802196621895,0.8492395579814911,0.17372087575495243,1.6961958941505746,6.35e-05,0.0001905,6.400000000000001e-05,0.00019199999999999998,2032
128,FP32,0.4975673630833626,0.8566727042198181,0.1384620051831007,1.3237791467880888,6.400000000000001e-05,0.00019199999999999998,6.450000000000001e-05,0.0001935,2048
129,FP32,0.5179573222994804,0.9165253937244415,0.11938925459980965,1.5584737148196943,6.450000000000001e-05,0.0001935,6.500000000000001e-05,0.000195,2064
130,FP32,0.46005861461162567,0.8188522905111313,0.10126491263508797,0.6234677574937759,6.500000000000001e-05,0.000195,6.55e-05,0.00019649999999999998,2080
131,FP32,0.492757186293602,0.8922276794910431,0.09328664094209671,0.6209511521917929,6.55e-05,0.00019649999999999998,6.6e-05,0.000198,2096
132,FP32,0.5115699023008347,0.8638017028570175,0.159338116645813,2.3346551497924066,6.6e-05,0.000198,6.65e-05,0.0001995,2112
133,FP32,0.4892229959368706,0.867620512843132,0.11082549579441547,2.4344182973098394,6.65e-05,0.0001995,6.7e-05,0.000201,2128
134,FP32,0.4717295989394188,0.8588725030422211,0.08458669297397137,0.7106131087262423,6.7e-05,0.000201,6.750000000000001e-05,0.0002025,2144
135,FP32,0.4894678294658661,0.8964695632457733,0.08246608451008797,1.09406135014503,6.750000000000001e-05,0.0002025,6.800000000000001e-05,0.000204,2160
136,FP32,0.5343458205461502,0.8896795809268951,0.17901203408837318,7.352191190531301,6.800000000000001e-05,0.000204,6.850000000000001e-05,0.0002055,2176
137,FP32,0.470725916326046,0.8250285536050797,0.11642326414585114,1.54027079582218,6.850000000000001e-05,0.0002055,6.9e-05,0.00020699999999999996,2192
138,FP32,0.46272675693035126,0.8072620183229446,0.11819147132337093,1.2924138774173672,6.9e-05,0.00020699999999999996,6.95e-05,0.00020849999999999997,2208
139,FP32,0.4816099926829338,0.8412387818098068,0.12198120355606079,4.650697241665889,6.95e-05,0.00020849999999999997,7e-05,0.00020999999999999998,2224
140,FP32,0.4858056381344795,0.8664754629135132,0.10513581521809101,0.8950980940947433,7e-05,0.00020999999999999998,7.05e-05,0.00021149999999999996,2240
141,FP32,0.4932698756456375,0.8665277659893036,0.12001197598874569,1.2258920596318248,7.05e-05,0.00021149999999999996,7.1e-05,0.00021299999999999997,2256
142,FP32,0.47186829149723053,0.8494171500205994,0.09431945532560349,1.7509490600596933,7.1e-05,0.00021299999999999997,7.15e-05,0.00021449999999999998,2272
143,FP32,0.4812179356813431,0.870533287525177,0.0919026006013155,1.1764116535354612,7.15e-05,0.00021449999999999998,7.2e-05,0.00021599999999999996,2288
144,FP32,0.46403534710407257,0.8321951031684875,0.09587558917701244,1.5101069334759722,7.2e-05,0.00021599999999999996,7.25e-05,0.00021749999999999997,2304
145,FP32,0.46417539566755295,0.8042435646057129,0.124107226729393,4.43685841477624,7.25e-05,0.00021749999999999997,7.3e-05,0.00021899999999999998,2320
146,FP32,0.4750526621937752,0.844460979104042,0.10564432665705681,2.5700115623369495,7.3e-05,0.00021899999999999998,7.35e-05,0.00022049999999999997,2336
147,FP32,0.47309697419404984,0.8284858614206314,0.11770807765424252,2.071994981061516,7.35e-05,0.00022049999999999997,7.4e-05,0.00022199999999999998,2352
148,FP32,0.4982529655098915,0.8883390128612518,0.10816691815853119,1.3989174337642316,7.4e-05,0.00022199999999999998,7.450000000000001e-05,0.00022349999999999998,2368
149,FP32,0.45465607196092606,0.7851791232824326,0.12413297034800053,2.086821056674513,7.450000000000001e-05,0.00022349999999999998,7.500000000000001e-05,0.000225,2384
150,FP32,0.4575112760066986,0.8311756700277328,0.08384687080979347,0.9887100417208556,7.500000000000001e-05,0.000225,7.55e-05,0.00022649999999999998,2400
151,FP32,0.47318246215581894,0.8192221820354462,0.1271427422761917,3.509710584729311,7.55e-05,0.00022649999999999998,7.6e-05,0.00022799999999999999,2416
152,FP32,0.4748314246535301,0.8476415574550629,0.10202123783528805,2.0088610603575825,7.6e-05,0.00022799999999999999,7.65e-05,0.0002295,2432
153,FP32,0.4571259170770645,0.8291010558605194,0.08515079692006111,1.0449665471201302,7.65e-05,0.0002295,7.7e-05,0.00023099999999999998,2448
154,FP32,0.4751216173171997,0.8616223037242889,0.08862094487994909,0.6208185641959207,7.7e-05,0.00023099999999999998,7.75e-05,0.00023249999999999999,2464
155,FP32,0.43673448264598846,0.758789911866188,0.11467906832695007,0.8481761690338251,7.75e-05,0.00023249999999999999,7.800000000000001e-05,0.000234,2480
156,FP32,0.41901958733797073,0.7440300583839417,0.09400909021496773,3.489006229722956,7.800000000000001e-05,0.000234,7.850000000000001e-05,0.00023549999999999998,2496
157,FP32,0.47959209233522415,0.8657363206148148,0.09344786778092384,2.2378832006319462,7.850000000000001e-05,0.00023549999999999998,7.900000000000001e-05,0.000237,2512
158,FP32,0.4726390466094017,0.86197330057621,0.08330477494746447,0.9808359995709072,7.900000000000001e-05,0.000237,7.950000000000001e-05,0.0002385,2528
159,FP32,0.42442139983177185,0.7590227425098419,0.08982007019221783,1.333182931339653,7.950000000000001e-05,0.0002385,8e-05,0.00023999999999999998,2544
160,FP32,0.49589525163173676,0.9103408008813858,0.08144969679415226,1.1388550836698945,8e-05,0.00023999999999999998,8.05e-05,0.0002415,2560
161,FP32,0.44331979006528854,0.8020117729902267,0.08462782576680183,0.9107820245211765,8.05e-05,0.0002415,8.1e-05,0.000243,2576
162,FP32,0.45407935976982117,0.8303520679473877,0.07780665904283524,0.668408549537113,8.1e-05,0.000243,8.15e-05,0.0002445,2592
163,FP32,0.5178175047039986,0.9143284410238266,0.12130658514797688,3.221029844399067,8.15e-05,0.0002445,8.2e-05,0.00024599999999999996,2608
164,FP32,0.45755627751350403,0.8289833068847656,0.08612926863133907,0.9529188416584358,8.2e-05,0.00024599999999999996,8.25e-05,0.00024749999999999994,2624
165,FP32,0.42917513847351074,0.772982195019722,0.08536808751523495,1.445216465263111,8.25e-05,0.00024749999999999994,8.3e-05,0.000249,2640
166,FP32,0.4585135728120804,0.844894677400589,0.07213246822357178,0.7271860698485854,8.3e-05,0.000249,8.35e-05,0.00025049999999999996,2656
167,FP32,0.44264597445726395,0.8053939789533615,0.07989794760942459,1.1426989477279883,8.35e-05,0.00025049999999999996,8.4e-05,0.00025199999999999995,2672
168,FP32,0.46726059168577194,0.8394378274679184,0.09508332796394825,2.0383247837813405,8.4e-05,0.00025199999999999995,8.450000000000001e-05,0.0002535,2688
169,FP32,0.42132194340229034,0.7646782696247101,0.07796558551490307,0.6889818786149883,8.450000000000001e-05,0.0002535,8.5e-05,0.00025499999999999996,2704
170,FP32,0.4786011278629303,0.8437875658273697,0.1134147085249424,3.883347196841866,8.5e-05,0.00025499999999999996,8.55e-05,0.00025649999999999995,2720
171,FP32,0.4583187997341156,0.8279803395271301,0.08865726366639137,0.6454850866969575,8.55e-05,0.00025649999999999995,8.6e-05,0.000258,2736
172,FP32,0.43943002820014954,0.7840807139873505,0.0947793535888195,2.515882028726084,8.6e-05,0.000258,8.65e-05,0.00025949999999999997,2752
173,FP32,0.46672239154577255,0.8372502475976944,0.09619452431797981,1.19969284580446,8.65e-05,0.00025949999999999997,8.7e-05,0.000261,2768
174,FP32,0.47587916254997253,0.8331171572208405,0.11864117905497551,1.5447145237125375,8.7e-05,0.000261,8.75e-05,0.0002625,2784
175,FP32,0.42989368736743927,0.7857158780097961,0.07407152932137251,0.7556049842039921,8.75e-05,0.0002625,8.800000000000001e-05,0.00026399999999999997,2800
176,FP32,0.3972128704190254,0.7205637693405151,0.0738619901239872,0.5599215174569767,8.800000000000001e-05,0.00026399999999999997,8.850000000000001e-05,0.0002655,2816
177,FP32,0.43198350071907043,0.7603259086608887,0.10364107973873615,0.9746386589929175,8.850000000000001e-05,0.0002655,8.900000000000001e-05,0.000267,2832
178,FP32,0.43045108020305634,0.761928454041481,0.09897371754050255,2.478554382118282,8.900000000000001e-05,0.000267,8.950000000000001e-05,0.00026849999999999997,2848
179,FP32,0.4345862343907356,0.7900704890489578,0.07910199090838432,3.039246973548709,8.950000000000001e-05,0.00026849999999999997,9e-05,0.00027,2864
180,FP32,0.4893261343240738,0.9063844531774521,0.07226784247905016,1.299762770920606,9e-05,0.00027,9.05e-05,0.0002715,2880
181,FP32,0.4433603957295418,0.8242255747318268,0.062495216727256775,0.8877691964609359,9.05e-05,0.0002715,9.1e-05,0.00027299999999999997,2896
182,FP32,0.4128524884581566,0.7597116678953171,0.06599330995231867,1.5321178074160606,9.1e-05,0.00027299999999999997,9.15e-05,0.0002745,2912
183,FP32,0.4522169977426529,0.7928711473941803,0.11156284436583519,1.3396481367456912,9.15e-05,0.0002745,9.200000000000001e-05,0.000276,2928
184,FP32,0.3894602432847023,0.7151602804660797,0.0637601986527443,0.6803295220890478,9.200000000000001e-05,0.000276,9.250000000000001e-05,0.00027749999999999997,2944
185,FP32,0.3929334059357643,0.716938391327858,0.0689284149557352,0.8598984365772874,9.250000000000001e-05,0.00027749999999999997,9.300000000000001e-05,0.000279,2960
186,FP32,0.42035597562789917,0.7664030641317368,0.07430888153612614,0.9004476100185161,9.300000000000001e-05,0.000279,9.350000000000001e-05,0.0002805,2976
187,FP32,0.4010845720767975,0.7137472778558731,0.08842189610004425,1.2841743169645945,9.350000000000001e-05,0.0002805,9.4e-05,0.00028199999999999997,2992
188,FP32,0.3971499651670456,0.7264997512102127,0.0678001819178462,1.241380497977342,9.4e-05,0.00028199999999999997,9.449999999999999e-05,0.00028349999999999995,3008
189,FP32,0.4227823093533516,0.7748956680297852,0.07066895067691803,0.8398501810706974,9.449999999999999e-05,0.00028349999999999995,9.5e-05,0.000285,3024
190,FP32,0.4840307831764221,0.9029843360185623,0.06507718469947577,0.6001044090785111,9.5e-05,0.000285,9.55e-05,0.00028649999999999997,3040
191,FP32,0.3959871083498001,0.7264402359724045,0.06553400680422783,1.5619606806683461,9.55e-05,0.00028649999999999997,9.6e-05,0.00028799999999999995,3056
192,FP32,0.4042884558439255,0.732274517416954,0.07630238682031631,4.088685546626829,9.6e-05,0.00028799999999999995,9.65e-05,0.0002895,3072
193,FP32,0.3799787238240242,0.6900911182165146,0.06986631453037262,0.988239616579472,9.65e-05,0.0002895,9.7e-05,0.00029099999999999997,3088
194,FP32,0.41470208764076233,0.7604036033153534,0.06900056079030037,1.06096969364854,9.7e-05,0.00029099999999999997,9.75e-05,0.00029249999999999995,3104
195,FP32,0.3348275348544121,0.6027599424123764,0.06689511146396399,1.3139725082943339,9.75e-05,0.00029249999999999995,9.8e-05,0.000294,3120
196,FP32,0.43434298038482666,0.7851315885782242,0.08355434983968735,1.0272176642932103,9.8e-05,0.000294,9.850000000000001e-05,0.00029549999999999997,3136
197,FP32,0.4100519120693207,0.7558458596467972,0.06425799429416656,1.1368406919511191,9.850000000000001e-05,0.00029549999999999997,9.900000000000001e-05,0.00029699999999999996,3152
198,FP32,0.41415878385305405,0.7674010246992111,0.060916575603187084,1.2783636996397914,9.900000000000001e-05,0.00029699999999999996,9.95e-05,0.0002985,3168
199,FP32,0.3356095999479294,0.6109894812107086,0.06022968702018261,1.100756229307611,9.95e-05,0.0002985,0.0001,0.0003,3184
200,FP32,0.3945888355374336,0.7295823991298676,0.05959526356309652,1.3656716605581436,0.0001,0.0003,0.0001,0.0003,3200
201,FP32,0.40992630273103714,0.7538101822137833,0.0660424092784524,2.342150655983105,0.0001,0.0003,9.999998929079421e-05,0.0002999999678723826,3216
202,FP32,0.4231070801615715,0.7710161358118057,0.075198027305305,1.2706788576881691,9.999998929079421e-05,0.0002999999678723826,9.999995716318147e-05,0.0002999998714895444,3232
203,FP32,0.40490933507680893,0.737098827958107,0.07271981332451105,2.5523501337612773,9.999995716318147e-05,0.0002999998714895444,9.999990361717549e-05,0.0002999997108515264,3248
204,FP32,0.4156658425927162,0.7484228312969208,0.08290887624025345,1.1775151812029294,9.999990361717549e-05,0.0002999997108515264,9.999982865279924e-05,0.00029999948595839767,3264
205,FP32,0.4047328978776932,0.7195056229829788,0.08996017090976238,1.5879075377271368,9.999982865279924e-05,0.00029999948595839767,9.999973227008484e-05,0.00029999919681025447,3280
206,FP32,0.4011339619755745,0.7473147958517075,0.05495311971753836,0.729509151078221,9.999973227008484e-05,0.00029999919681025447,9.999961446907353e-05,0.0002999988434072206,3296
207,FP32,0.365830160677433,0.6837745010852814,0.04788584727793932,3.766386381099862,9.999961446907353e-05,0.0002999988434072206,9.999947524981584e-05,0.00029999842574944747,3312
208,FP32,0.40897540748119354,0.7412484586238861,0.07670239731669426,0.9706506885898674,9.999947524981584e-05,0.00029999842574944747,9.999931461237134e-05,0.00029999794383711397,3328
209,FP32,0.37514472752809525,0.6961223632097244,0.054167076013982296,0.7517416844304697,9.999931461237134e-05,0.00029999794383711397,9.999913255680889e-05,0.0002999973976704266,3344
210,FP32,0.3826337978243828,0.7073792964220047,0.05788832064718008,0.8489358656097162,9.999913255680889e-05,0.0002999973976704266,9.999892908320647e-05,0.00029999678724961935,3360
211,FP32,0.41382746398448944,0.7754753828048706,0.05217954237014055,0.6958789412596782,9.999892908320647e-05,0.00029999678724961935,9.999870419165121e-05,0.0002999961125749536,3376
212,FP32,0.3648492991924286,0.664146825671196,0.06555176991969347,0.7127402102180393,9.999870419165121e-05,0.0002999961125749536,9.999845788223949e-05,0.00029999537364671844,3392
213,FP32,0.3667399361729622,0.669958770275116,0.0635211132466793,0.9982355759120974,9.999845788223949e-05,0.00029999537364671844,9.999819015507678e-05,0.0002999945704652303,3408
214,FP32,0.39323409646749496,0.7207614928483963,0.06570668704807758,0.9803607284609489,9.999819015507678e-05,0.0002999945704652303,9.999790101027782e-05,0.0002999937030308334,3424
215,FP32,0.3614819496870041,0.6685591787099838,0.05440470576286316,1.3993557702929031,9.999790101027782e-05,0.0002999937030308334,9.999759044796641e-05,0.0002999927713438992,3440
216,FP32,0.3985704928636551,0.7400041073560715,0.05713687464594841,0.7991122864061581,9.999759044796641e-05,0.0002999927713438992,9.999725846827562e-05,0.0002999917754048268,3456
217,FP32,0.34548600763082504,0.6347905397415161,0.05618146434426308,1.5041976230251568,9.999725846827562e-05,0.0002999917754048268,9.999690507134764e-05,0.0002999907152140429,3472
218,FP32,0.37111663073301315,0.6787415444850922,0.06349172443151474,4.2821137886519764,9.999690507134764e-05,0.0002999907152140429,9.999653025733386e-05,0.00029998959077200154,3488
219,FP32,0.41687120497226715,0.7809297740459442,0.052812617272138596,1.024296799070541,9.999653025733386e-05,0.00029998959077200154,9.999613402639488e-05,0.00029998840207918456,3504
220,FP32,0.38121748715639114,0.7204749882221222,0.041959977708756924,0.675960369127116,9.999613402639488e-05,0.00029998840207918456,9.999571637870036e-05,0.000299987149136101,3520
221,FP32,0.3416222557425499,0.623814195394516,0.05943028908222914,0.8364000645681471,9.999571637870036e-05,0.000299987149136101,9.999527731442925e-05,0.00029998583194328776,3536
222,FP32,0.3371974527835846,0.623333290219307,0.05106162093579769,0.6603568267061214,9.999527731442925e-05,0.00029998583194328776,9.999481683376963e-05,0.0002999844505013089,3552
223,FP32,0.3885781466960907,0.7227947562932968,0.05436150822788477,1.6345485285204278,9.999481683376963e-05,0.0002999844505013089,9.999433493691874e-05,0.0002999830048107562,3568
224,FP32,0.3889498636126518,0.7379879504442215,0.0399117898195982,0.6052046578616485,9.999433493691874e-05,0.0002999830048107562,9.999383162408304e-05,0.0002999814948722491,3584
225,FP32,0.39357662945985794,0.7477092295885086,0.03944402188062668,0.538101455905672,9.999383162408304e-05,0.0002999814948722491,9.99933068954781e-05,0.0002999799206864343,3600
226,FP32,0.3371666669845581,0.6274943798780441,0.04683895502239466,0.8119999929640279,9.99933068954781e-05,0.0002999799206864343,9.99927607513287e-05,0.0002999782822539861,3616
227,FP32,0.37703853845596313,0.6935518085956573,0.060525269247591496,0.695816214740921,9.99927607513287e-05,0.0002999782822539861,9.999219319186881e-05,0.0002999765795756064,3632
228,FP32,0.33672770857810974,0.6060187593102455,0.06743665412068367,0.9517278931293176,9.999219319186881e-05,0.0002999765795756064,9.999160421734155e-05,0.0002999748126520246,3648
229,FP32,0.36029869318008423,0.6822855621576309,0.03831181209534407,0.6155406443162378,9.999160421734155e-05,0.0002999748126520246,9.99909938279992e-05,0.00029997298148399756,3664
230,FP32,0.3373439460992813,0.6190257370471954,0.055662136524915695,0.6295385034604833,9.99909938279992e-05,0.00029997298148399756,9.999036202410325e-05,0.0002999710860723097,3680
231,FP32,0.34684721380472183,0.6500638127326965,0.04363059811294079,1.1964207233646356,9.999036202410325e-05,0.0002999710860723097,9.998970880592434e-05,0.000299969126417773,3696
232,FP32,0.37930867075920105,0.7034359127283096,0.05518144369125366,0.6534912990967713,9.998970880592434e-05,0.000299969126417773,9.998903417374228e-05,0.0002999671025212268,3712
233,FP32,0.3402184769511223,0.6249470710754395,0.0554899126291275,0.8638843127665635,9.998903417374228e-05,0.0002999671025212268,9.998833812784607e-05,0.00029996501438353816,3728
234,FP32,0.32040172070264816,0.5939586609601974,0.04684478044509888,2.2258363918566437,9.998833812784607e-05,0.00029996501438353816,9.998762066853387e-05,0.0002999628620056016,3744
235,FP32,0.3428318351507187,0.6449258178472519,0.040737856179475784,0.9376124246682478,9.998762066853387e-05,0.0002999628620056016,9.998688179611302e-05,0.000299960645388339,3760
236,FP32,0.39086446166038513,0.727672204375267,0.0540566872805357,1.6257727614050115,9.998688179611302e-05,0.000299960645388339,9.998612151090003e-05,0.00029995836453270005,3776
237,FP32,0.42451012134552,0.7586971819400787,0.09032303187996149,3.129647362886791,9.998612151090003e-05,0.00029995836453270005,9.998533981322058e-05,0.0002999560194396617,3792
238,FP32,0.35919275134801865,0.6619134098291397,0.05647209566086531,0.8313513271143902,9.998533981322058e-05,0.0002999560194396617,9.998453670340952e-05,0.00029995361011022855,3808
239,FP32,0.33497757464647293,0.620524562895298,0.049430559389293194,0.6984681298336448,9.998453670340952e-05,0.00029995361011022855,9.998371218181089e-05,0.00029995113654543264,3824
240,FP32,0.42287227511405945,0.7748917639255524,0.07085275277495384,3.9881699643076307,9.998371218181089e-05,0.00029995113654543264,9.998286624877786e-05,0.00029994859874633357,3840
241,FP32,0.3272716850042343,0.5955639705061913,0.05897941719740629,1.4975679246914946,9.998286624877786e-05,0.00029994859874633357,9.998199890467284e-05,0.0002999459967140185,3856
242,FP32,0.3567008227109909,0.6714284718036652,0.04197319038212299,1.3673652532431981,9.998199890467284e-05,0.0002999459967140185,9.998111014986735e-05,0.00029994333044960203,3872
243,FP32,0.3812417685985565,0.7103936523199081,0.052089909091591835,0.7470326264902868,9.998111014986735e-05,0.00029994333044960203,9.99801999847421e-05,0.0002999405999542263,3888
244,FP32,0.3592231795191765,0.65714031457901,0.06130601745098829,2.8154726516166506,9.99801999847421e-05,0.0002999405999542263,9.997926840968699e-05,0.0002999378052290609,3904
245,FP32,0.4065038487315178,0.7361891865730286,0.07681848108768463,0.9760228778921469,9.997926840968699e-05,0.0002999378052290609,9.997831542510106e-05,0.00029993494627530314,3920
246,FP32,0.39467647671699524,0.7071568816900253,0.08219606522470713,1.0522458280370819,9.997831542510106e-05,0.00029993494627530314,9.997734103139256e-05,0.00029993202309417765,3936
247,FP32,0.37744811177253723,0.6919775903224945,0.06291862856596708,0.9051247505612365,9.997734103139256e-05,0.00029993202309417765,9.997634522897887e-05,0.0002999290356869366,3952
248,FP32,0.38533318042755127,0.7216378003358841,0.04902855586260557,3.8542141709336266,9.997634522897887e-05,0.0002999290356869366,9.997532801828658e-05,0.0002999259840548597,3968
249,FP32,0.37608833611011505,0.7054838538169861,0.04669283702969551,0.8406703490733493,9.997532801828658e-05,0.0002999259840548597,9.997428939975143e-05,0.00029992286819925424,3984
250,FP32,0.4043692722916603,0.7688917368650436,0.039846799336373806,1.2016738310040742,9.997428939975143e-05,0.00029992286819925424,9.997322937381829e-05,0.00029991968812145484,4000
251,FP32,0.38339713960886,0.7268991321325302,0.03989516105502844,3.94892897196127,9.997322937381829e-05,0.00029991968812145484,9.997214794094127e-05,0.00029991644382282377,4016
252,FP32,0.34910935163497925,0.6640268713235855,0.03419184684753418,0.8756956210421629,9.997214794094127e-05,0.00029991644382282377,9.997104510158365e-05,0.0002999131353047509,4032
253,FP32,0.33432432264089584,0.6251645237207413,0.04348412621766329,1.662957842440272,9.997104510158365e-05,0.0002999131353047509,9.996992085621781e-05,0.0002999097625686534,4048
254,FP32,0.2888645716011524,0.5404577553272247,0.03727139253169298,0.9171770484987706,9.996992085621781e-05,0.0002999097625686534,9.996877520532535e-05,0.000299906325615976,4064
255,FP32,0.35209567844867706,0.6552946120500565,0.04889673925936222,2.5673270856212462,9.996877520532535e-05,0.000299906325615976,9.996760814939705e-05,0.0002999028244481911,4080
256,FP32,0.39892852306365967,0.7451444417238235,0.05271262861788273,1.3180685231078222,9.996760814939705e-05,0.0002999028244481911,9.996641968893282e-05,0.0002998992590667984,4096
257,FP32,0.42363227903842926,0.7862890213727951,0.060975514352321625,1.8215374849385615,9.996641968893282e-05,0.0002998992590667984,9.996520982444175e-05,0.0002998956294733252,4112
258,FP32,0.33300917595624924,0.6282663494348526,0.03775202948600054,1.0355669507476266,9.996520982444175e-05,0.0002998956294733252,9.996397855644215e-05,0.0002998919356693264,4128
259,FP32,0.32854751497507095,0.617654949426651,0.03944009356200695,1.216963509140868,9.996397855644215e-05,0.0002998919356693264,9.99627258854614e-05,0.0002998881776563842,4144
260,FP32,0.3632999211549759,0.6621794551610947,0.06442038249224424,1.4363405601574615,9.99627258854614e-05,0.0002998881776563842,9.996145181203615e-05,0.00029988435543610843,4160
261,FP32,0.3940640017390251,0.7532264143228531,0.03490158822387457,1.1731128366108743,9.996145181203615e-05,0.00029988435543610843,9.996015633671216e-05,0.00029988046901013643,4176
262,FP32,0.3298024833202362,0.6237341165542603,0.035870835185050964,0.553980926776357,9.996015633671216e-05,0.00029988046901013643,9.995883946004435e-05,0.00029987651838013295,4192
263,FP32,0.35847074538469315,0.6682187765836716,0.0487227039411664,0.8573572999109605,9.995883946004435e-05,0.00029987651838013295,9.995750118259685e-05,0.0002998725035477905,4208
264,FP32,0.32701829820871353,0.6150033921003342,0.03903321363031864,0.5345134716732974,9.995750118259685e-05,0.0002998725035477905,9.995614150494293e-05,0.00029986842451482874,4224
265,FP32,0.3261362984776497,0.6079833954572678,0.04428922105580568,0.7712885642979046,9.995614150494293e-05,0.00029986842451482874,9.995476042766502e-05,0.00029986428128299505,4240
266,FP32,0.3961806744337082,0.7381581366062164,0.05420323647558689,1.54277195586601,9.995476042766502e-05,0.00029986428128299505,9.995335795135475e-05,0.00029986007385406424,4256
267,FP32,0.3445012979209423,0.6538319140672684,0.03517070505768061,0.8066439129175269,9.995335795135475e-05,0.00029986007385406424,9.99519340766129e-05,0.0002998558022298386,4272
268,FP32,0.34109142422676086,0.6327279657125473,0.049454882740974426,1.326662115289927,9.99519340766129e-05,0.0002998558022298386,9.995048880404938e-05,0.0002998514664121481,4288
269,FP32,0.315653033554554,0.5936716943979263,0.03763435501605272,0.9419197242516903,9.995048880404938e-05,0.0002998514664121481,9.994902213428333e-05,0.0002998470664028499,4304
270,FP32,0.3726270794868469,0.712316244840622,0.03293792763724923,0.9525584075279485,9.994902213428333e-05,0.0002998470664028499,9.994753406794301e-05,0.000299842602203829,4320
271,FP32,0.333182156085968,0.6319251656532288,0.03443913720548153,1.0875558921672115,9.994753406794301e-05,0.000299842602203829,9.994602460566586e-05,0.00029983807381699757,4336
272,FP32,0.3654153570532799,0.6944757550954819,0.036354959942400455,0.8924031763666278,9.994602460566586e-05,0.00029983807381699757,9.994449374809851e-05,0.0002998334812442955,4352
273,FP32,0.3039523512125015,0.5748457238078117,0.03305898839607835,1.231528884728952,9.994449374809851e-05,0.0002998334812442955,9.994294149589669e-05,0.00029982882448769,4368
274,FP32,0.38148483633995056,0.7318812161684036,0.031088484916836023,3.015118603239704,9.994294149589669e-05,0.00029982882448769,9.994136784972537e-05,0.00029982410354917604,4384
275,FP32,0.2925480753183365,0.5491595789790154,0.03593657165765762,1.3685303981502712,9.994136784972537e-05,0.00029982410354917604,9.993977281025862e-05,0.00029981931843077583,4400
276,FP32,0.3469807878136635,0.6657444983720779,0.02821707632392645,1.0217705315541408,9.993977281025862e-05,0.00029981931843077583,9.993815637817974e-05,0.0002998144691345392,4416
277,FP32,0.3316431939601898,0.6195173859596252,0.0437689945101738,1.8773298790334692,9.993815637817974e-05,0.0002998144691345392,9.993651855418112e-05,0.0002998095556625433,4432
278,FP32,0.3366459757089615,0.6264066994190216,0.04688523476943374,2.092258645171178,9.993651855418112e-05,0.0002998095556625433,9.993485933896438e-05,0.0002998045780168931,4448
279,FP32,0.3206782788038254,0.6063554286956787,0.035001134034246206,0.8632577032030185,9.993485933896438e-05,0.0002998045780168931,9.993317873324026e-05,0.00029979953619972075,4464
280,FP32,0.3420132100582123,0.6528220772743225,0.03120432049036026,0.7466445395591618,9.993317873324026e-05,0.00029979953619972075,9.99314767377287e-05,0.000299794430213186,4480
281,FP32,0.3169671595096588,0.6012485399842262,0.03268574457615614,0.850784112743385,9.99314767377287e-05,0.000299794430213186,9.992975335315874e-05,0.0002997892600594762,4496
282,FP32,0.3785157576203346,0.7200842499732971,0.036947273183614016,1.148466726310947,9.992975335315874e-05,0.0002997892600594762,9.992800858026867e-05,0.00029978402574080596,4512
283,FP32,0.38910678774118423,0.741990715265274,0.036222824826836586,0.5829451935982274,9.992800858026867e-05,0.00029978402574080596,9.992624241980586e-05,0.00029977872725941757,4528
284,FP32,0.32634251564741135,0.6102984696626663,0.04238656535744667,0.6664905771002296,9.992624241980586e-05,0.00029977872725941757,9.992445487252691e-05,0.0002997733646175807,4544
285,FP32,0.26607420295476913,0.49243835359811783,0.039710025768727064,0.7282659564938261,9.992445487252691e-05,0.0002997733646175807,9.992264593919751e-05,0.0002997679378175925,4560
286,FP32,0.289786159992218,0.5502644404768944,0.029307881370186806,0.7306863605505076,9.992264593919751e-05,0.0002997679378175925,9.992081562059257e-05,0.00029976244686177764,4576
287,FP32,0.32551296800374985,0.6160793155431747,0.0349466297775507,0.591221371165369,9.992081562059257e-05,0.00029976244686177764,9.991896391749613e-05,0.00029975689175248835,4592
288,FP32,0.35403432697057724,0.6870062500238419,0.02106238342821598,0.5256879838119132,9.991896391749613e-05,0.00029975689175248835,9.991709083070143e-05,0.0002997512724921042,4608
289,FP32,0.29541461914777756,0.564418613910675,0.026410617865622044,0.7770236433377158,9.991709083070143e-05,0.0002997512724921042,9.991519636101079e-05,0.0002997455890830324,4624
290,FP32,0.32031719014048576,0.6130392029881477,0.027595187537372112,0.406481677772362,9.991519636101079e-05,0.0002997455890830324,9.991328050923581e-05,0.00029973984152770737,4640
291,FP32,0.27566689625382423,0.526639997959137,0.02469379035755992,0.587869018273388,9.991328050923581e-05,0.00029973984152770737,9.991134327619711e-05,0.00029973402982859127,4656
292,FP32,0.2650417871773243,0.49965938925743103,0.03042419906705618,0.9488069171284259,9.991134327619711e-05,0.00029973402982859127,9.990938466272459e-05,0.0002997281539881737,4672
293,FP32,0.28439269959926605,0.5246640294790268,0.04412137158215046,0.7511075869487753,9.990938466272459e-05,0.0002997281539881737,9.990740466965722e-05,0.0002997222140089716,4688
294,FP32,0.31461286544799805,0.5997819155454636,0.02944381395354867,1.839291877285787,9.990740466965722e-05,0.0002997222140089716,9.990540329784319e-05,0.00029971620989352953,4704
295,FP32,0.2815278619527817,0.5351797044277191,0.027876018546521664,1.4055447277584,9.990540329784319e-05,0.00029971620989352953,9.990338054813982e-05,0.0002997101416444194,4720
296,FP32,0.30856800824403763,0.5755470022559166,0.041589004918932915,1.059056003486969,9.990338054813982e-05,0.0002997101416444194,9.990133642141359e-05,0.0002997040092642407,4736
297,FP32,0.31582479923963547,0.5911061093211174,0.04054348077625036,0.6193487634578553,9.990133642141359e-05,0.0002997040092642407,9.989927091854012e-05,0.0002996978127556203,4752
298,FP32,0.29258015006780624,0.554541826248169,0.030618457589298487,0.8979634395063183,9.989927091854012e-05,0.0002996978127556203,9.989718404040425e-05,0.0002996915521212127,4768
299,FP32,0.2942405492067337,0.5583218187093735,0.030159273650497198,1.299838680867676,9.989718404040425e-05,0.0002996915521212127,9.98950757878999e-05,0.00029968522736369965,4784
300,FP32,0.311609722673893,0.5930650383234024,0.030154395382851362,0.7243737656760669,9.98950757878999e-05,0.00029968522736369965,9.989294616193017e-05,0.0002996788384857905,4800
301,FP32,0.34522606804966927,0.6608821451663971,0.02956997463479638,0.5153199300736974,9.989294616193017e-05,0.0002996788384857905,9.989079516340736e-05,0.00029967238549022206,4816
302,FP32,0.2966988794505596,0.5609726682305336,0.03242511302232742,0.9854999858032839,9.989079516340736e-05,0.00029967238549022206,9.988862279325286e-05,0.0002996658683797585,4832
303,FP32,0.27960534393787384,0.5280042365193367,0.031206467654556036,0.7160959549945005,9.988862279325286e-05,0.0002996658683797585,9.988642905239726e-05,0.0002996592871571917,4848
304,FP32,0.31886230409145355,0.6084819585084915,0.029242628952488303,0.9004682682789654,9.988642905239726e-05,0.0002996592871571917,9.988421394178027e-05,0.0002996526418253408,4864
305,FP32,0.32773713767528534,0.631812684237957,0.023661620914936066,0.9102730289556821,9.988421394178027e-05,0.0002996526418253408,9.98819774623508e-05,0.00029964593238705235,4880
306,FP32,0.3073142543435097,0.5749015510082245,0.039726974442601204,1.607830772615031,9.98819774623508e-05,0.00029964593238705235,9.987971961506686e-05,0.00029963915884520054,4896
307,FP32,0.3445736989378929,0.6620325446128845,0.0271148681640625,0.8050034620421589,9.987971961506686e-05,0.00029963915884520054,9.987744040089564e-05,0.0002996323212026869,4912
308,FP32,0.27816399186849594,0.5302107483148575,0.026117228902876377,1.1439026418323095,9.987744040089564e-05,0.0002996323212026869,9.987513982081351e-05,0.0002996254194624405,4928
309,FP32,0.3165670335292816,0.6143230944871902,0.018810965470038354,0.6295056129516444,9.987513982081351e-05,0.0002996254194624405,9.987281787580595e-05,0.0002996184536274178,4944
310,FP32,0.30213605612516403,0.5784105211496353,0.025861577596515417,1.0888851783838436,9.987281787580595e-05,0.0002996184536274178,9.98704745668676e-05,0.00029961142370060274,4960
311,FP32,0.3884824961423874,0.7477750182151794,0.029189979657530785,2.38794939610367,9.98704745668676e-05,0.00029961142370060274,9.986810989500226e-05,0.00029960432968500675,4976
312,FP32,0.2635573670268059,0.5005941763520241,0.026520551647990942,1.13214792330402,9.986810989500226e-05,0.00029960432968500675,9.986572386122291e-05,0.0002995971715836687,4992
313,FP32,0.2799846790730953,0.5248094797134399,0.035159869119524956,3.9108179886434478,9.986572386122291e-05,0.0002995971715836687,9.986331646655162e-05,0.0002995899493996548,5008
314,FP32,0.37116771936416626,0.7081054598093033,0.03422999940812588,3.7524447784987975,9.986331646655162e-05,0.0002995899493996548,9.986088771201965e-05,0.0002995826631360589,5024
315,FP32,0.3414650708436966,0.6295975744724274,0.053332582116127014,2.631303389690829,9.986088771201965e-05,0.0002995826631360589,9.985843759866739e-05,0.0002995753127960021,5040
316,FP32,0.3313743323087692,0.632985532283783,0.029763143975287676,1.0470997497094283,9.985843759866739e-05,0.0002995753127960021,9.985596612754439e-05,0.00029956789838263314,5056
317,FP32,0.36013392359018326,0.6990211009979248,0.02124675689265132,1.2046871529787482,9.985596612754439e-05,0.00029956789838263314,9.98534732997094e-05,0.00029956041989912815,5072
318,FP32,0.30472587794065475,0.5859084725379944,0.02354328241199255,0.9529548865550272,9.98534732997094e-05,0.00029956041989912815,9.985095911623019e-05,0.0002995528773486905,5088
319,FP32,0.3472709059715271,0.664145290851593,0.03039653366431594,1.2879257491756273,9.985095911623019e-05,0.0002995528773486905,9.984842357818382e-05,0.00029954527073455144,5104
320,FP32,0.325241107493639,0.6167430430650711,0.03373914584517479,0.8680822602613283,9.984842357818382e-05,0.00029954527073455144,9.98458666866564e-05,0.00029953760005996916,5120
321,FP32,0.292057141661644,0.5601966977119446,0.023917580023407936,1.0690958175452905,9.98458666866564e-05,0.00029953760005996916,9.984328844274324e-05,0.0002995298653282297,5136
322,FP32,0.30440206825733185,0.5605582371354103,0.04824590031057596,5.367368236385052,9.984328844274324e-05,0.0002995298653282297,9.984068884754875e-05,0.0002995220665426462,5152
323,FP32,0.3516334071755409,0.6713932901620865,0.03187350183725357,2.053993450137992,9.984068884754875e-05,0.0002995220665426462,9.983806790218655e-05,0.0002995142037065596,5168
324,FP32,0.2373567596077919,0.44663311541080475,0.028080414980649948,0.6927192292739075,9.983806790218655e-05,0.0002995142037065596,9.983542560777935e-05,0.00029950627682333796,5184
325,FP32,0.30554720014333725,0.5767495036125183,0.03434487571939826,1.1175429246254431,9.983542560777935e-05,0.00029950627682333796,9.983276196545902e-05,0.00029949828589637703,5200
326,FP32,0.2698664367198944,0.5154763385653496,0.024256545584648848,0.6786561197376222,9.983276196545902e-05,0.00029949828589637703,9.983007697636659e-05,0.00029949023092909976,5216
327,FP32,0.282512791454792,0.5379023253917694,0.027123266831040382,0.5921309125414389,9.983007697636659e-05,0.00029949023092909976,9.982737064165222e-05,0.0002994821119249566,5232
328,FP32,0.3512860834598541,0.67857626080513,0.023995867930352688,1.086055732296113,9.982737064165222e-05,0.0002994821119249566,9.982464296247522e-05,0.0002994739288874256,5248
329,FP32,0.3269693925976753,0.6342529132962227,0.019685852341353893,0.8766330423906111,9.982464296247522e-05,0.0002994739288874256,9.982189394000404e-05,0.0002994656818200121,5264
330,FP32,0.289415393024683,0.5539022162556648,0.02492854418233037,0.6450762397443418,9.982189394000404e-05,0.0002994656818200121,9.981912357541627e-05,0.0002994573707262488,5280
331,FP32,0.2670225314795971,0.5131542310118675,0.02089084591716528,1.6736247152721038,9.981912357541627e-05,0.0002994573707262488,9.981633186989865e-05,0.00029944899560969593,5296
332,FP32,0.34772977977991104,0.6614292562007904,0.03403029381297529,0.7142164324650927,9.981633186989865e-05,0.00029944899560969593,9.981351882464706e-05,0.00029944055647394114,5312
333,FP32,0.30777444690465927,0.5792683660984039,0.036280534230172634,0.9290107795671625,9.981351882464706e-05,0.00029944055647394114,9.981068444086653e-05,0.0002994320533225995,5328
334,FP32,0.32683873176574707,0.629460021853447,0.024217407684773207,0.8146261014838561,9.981068444086653e-05,0.0002994320533225995,9.98078287197712e-05,0.00029942348615931354,5344
335,FP32,0.3203800320625305,0.6156397610902786,0.025120302103459835,0.8741984012493867,9.98078287197712e-05,0.00029942348615931354,9.980495166258437e-05,0.0002994148549877531,5360
336,FP32,0.32365216314792633,0.622738815844059,0.024565523024648428,0.8501333419982773,9.980495166258437e-05,0.0002994148549877531,9.980205327053848e-05,0.00029940615981161544,5376
337,FP32,0.2354062907397747,0.4380568414926529,0.03275575116276741,1.0822233992909152,9.980205327053848e-05,0.00029940615981161544,9.979913354487513e-05,0.0002993974006346254,5392
338,FP32,0.28952329605817795,0.5548608750104904,0.02418567379936576,0.8636988418861253,9.979913354487513e-05,0.0002993974006346254,9.979619248684502e-05,0.000299388577460535,5408
339,FP32,0.3385373540222645,0.6560943126678467,0.020980373257771134,0.9422707918325565,9.979619248684502e-05,0.000299388577460535,9.9793230097708e-05,0.00029937969029312394,5424
340,FP32,0.26207390427589417,0.49375559389591217,0.03039223188534379,0.7735164757719092,9.9793230097708e-05,0.00029937969029312394,9.97902463787331e-05,0.0002993707391361992,5440
341,FP32,0.39397552609443665,0.7654601782560349,0.02249087579548359,1.1132344684890145,9.97902463787331e-05,0.0002993707391361992,9.97872413311984e-05,0.00029936172399359516,5456
342,FP32,0.23948810249567032,0.4572423845529556,0.021733779925853014,1.2464623181348202,9.97872413311984e-05,0.00029936172399359516,9.97842149563912e-05,0.00029935264486917354,5472
343,FP32,0.3228279575705528,0.6182457208633423,0.027410187758505344,1.823242285420229,9.97842149563912e-05,0.00029935264486917354,9.978116725560788e-05,0.0002993435017668236,5488
344,FP32,0.2950201630592346,0.5524792224168777,0.03756112977862358,1.7705774977727273,9.978116725560788e-05,0.0002993435017668236,9.977809823015401e-05,0.000299334294690462,5504
345,FP32,0.27972498908638954,0.5351067408919334,0.02434323774650693,4.4203321797764925,9.977809823015401e-05,0.000299334294690462,9.977500788134423e-05,0.00029932502364403267,5520
346,FP32,0.25134457647800446,0.48029159754514694,0.02239754144102335,2.6516924529809125,9.977500788134423e-05,0.00029932502364403267,9.977189621050237e-05,0.00029931568863150705,5536
347,FP32,0.35430917888879776,0.6866753101348877,0.021943066734820604,0.5862366743739963,9.977189621050237e-05,0.00029931568863150705,9.976876321896136e-05,0.00029930628965688403,5552
348,FP32,0.2932156175374985,0.560467466711998,0.025963772553950548,2.4549124559059505,9.976876321896136e-05,0.00029930628965688403,9.976560890806328e-05,0.0002992968267241898,5568
349,FP32,0.3012775778770447,0.581432469189167,0.02112270682118833,0.5772714451934113,9.976560890806328e-05,0.0002992968267241898,9.976243327915933e-05,0.00029928729983747795,5584
350,FP32,0.2965518869459629,0.5650114193558693,0.028092344291508198,1.1680897872233578,9.976243327915933e-05,0.00029928729983747795,9.975923633360985e-05,0.00029927770900082954,5600
351,FP32,0.2823072485625744,0.5395711809396744,0.02504331385716796,2.044991871192344,9.975923633360985e-05,0.00029927770900082954,9.975601807278432e-05,0.0002992680542183529,5616
352,FP32,0.22619913145899773,0.41099824011325836,0.04140003025531769,1.1449198918834762,9.975601807278432e-05,0.0002992680542183529,9.975277849806133e-05,0.0002992583354941839,5632
353,FP32,0.3063570074737072,0.586366131901741,0.02634789329022169,4.18098745692244,9.975277849806133e-05,0.0002992583354941839,9.97495176108286e-05,0.00029924855283248574,5648
354,FP32,0.24479041621088982,0.4618038535118103,0.0277769872918725,1.4329814335890378,9.97495176108286e-05,0.00029924855283248574,9.974623541248301e-05,0.000299238706237449,5664
355,FP32,0.22637939453125,0.42506352812051773,0.02769526420161128,0.6416358952164359,9.974623541248301e-05,0.000299238706237449,9.974293190443054e-05,0.0002992287957132916,5680
356,FP32,0.2918459512293339,0.5633655861020088,0.020326323807239532,1.5105720136527532,9.974293190443054e-05,0.0002992287957132916,9.973960708808633e-05,0.00029921882126425893,5696
357,FP32,0.2910787835717201,0.5624656230211258,0.019691931316629052,0.32760438585248997,9.973960708808633e-05,0.00029921882126425893,9.97362609648746e-05,0.0002992087828946237,5712
358,FP32,0.23690393939614296,0.45227421820163727,0.021533639635890722,0.8536242468679499,9.97362609648746e-05,0.0002992087828946237,9.973289353622872e-05,0.00029919868060868614,5728
359,FP32,0.35883912444114685,0.6979013979434967,0.019776843022555113,1.4571615850420538,9.973289353622872e-05,0.00029919868060868614,9.97295048035912e-05,0.00029918851441077356,5744
360,FP32,0.281454898416996,0.533922016620636,0.02898779744282365,1.5034955530556584,9.97295048035912e-05,0.00029918851441077356,9.972609476841367e-05,0.00029917828430524096,5760
361,FP32,0.2644427642226219,0.506763219833374,0.022122309543192387,0.6642413190465623,9.972609476841367e-05,0.00029917828430524096,9.972266343215689e-05,0.0002991679902964706,5776
362,FP32,0.30348658189177513,0.58560661226511,0.021366538479924202,1.3677172098535009,9.972266343215689e-05,0.0002991679902964706,9.97192107962907e-05,0.00029915763238887204,5792
363,FP32,0.26232417672872543,0.5011754259467125,0.02347292797639966,1.0120988825173964,9.97192107962907e-05,0.00029915763238887204,9.971573686229411e-05,0.00029914721058688234,5808
364,FP32,0.30234040692448616,0.5815291851758957,0.02315160329453647,3.018180502580869,9.971573686229411e-05,0.00029914721058688234,9.971224163165527e-05,0.00029913672489496575,5824
365,FP32,0.246128112077713,0.4643647000193596,0.027891537407413125,2.106902341744323,9.971224163165527e-05,0.00029913672489496575,9.970872510587141e-05,0.0002991261753176142,5840
366,FP32,0.23464124649763107,0.44777820259332657,0.021504285279661417,0.7937288292623923,9.970872510587141e-05,0.0002991261753176142,9.97051872864489e-05,0.00029911556185934667,5856
367,FP32,0.3256036415696144,0.6278069168329239,0.023400350473821163,1.234443429242598,9.97051872864489e-05,0.00029911556185934667,9.970162817490322e-05,0.0002991048845247096,5872
368,FP32,0.35886191949248314,0.6895231455564499,0.02820067899301648,1.0558857859600834,9.970162817490322e-05,0.0002991048845247096,9.9698047772759e-05,0.00029909414331827697,5888
369,FP32,0.29207801073789597,0.561063602566719,0.023092413553968072,1.3516497253112643,9.9698047772759e-05,0.00029909414331827697,9.969444608154994e-05,0.0002990833382446498,5904
370,FP32,0.28723008185625076,0.5506968349218369,0.023763341829180717,1.1968360414525767,9.969444608154994e-05,0.0002990833382446498,9.969082310281891e-05,0.0002990724693084567,5920
371,FP32,0.31698375195264816,0.6187213361263275,0.01524616964161396,0.8915355076533484,9.969082310281891e-05,0.0002990724693084567,9.968717883811788e-05,0.0002990615365143536,5936
372,FP32,0.21593474969267845,0.4122956953942776,0.019573809579014778,1.4334665478202158,9.968717883811788e-05,0.0002990615365143536,9.968351328900794e-05,0.0002990505398670238,5952
373,FP32,0.3036702200770378,0.5845391601324081,0.02280125766992569,1.6476806989950354,9.968351328900794e-05,0.0002990505398670238,9.967982645705926e-05,0.00029903947937117776,5968
374,FP32,0.2451631873846054,0.46788685768842697,0.022439521038904786,0.5842959209361654,9.967982645705926e-05,0.00029903947937117776,9.967611834385122e-05,0.00029902835503155365,5984
375,FP32,0.2681271582841873,0.5199745073914528,0.016279801027849317,0.7155366107397289,9.967611834385122e-05,0.00029902835503155365,9.967238895097222e-05,0.00029901716685291663,6000
376,FP32,0.226055096834898,0.42042194306850433,0.03168824361637235,0.8088543548163316,9.967238895097222e-05,0.00029901716685291663,9.966863828001982e-05,0.0002990059148400594,6016
377,FP32,0.2636100575327873,0.5111137926578522,0.01610631705261767,0.6861705213595002,9.966863828001982e-05,0.0002990059148400594,9.966486633260071e-05,0.00029899459899780206,6032
378,FP32,0.2270117923617363,0.4306870363652706,0.023336528800427914,0.825263413127304,9.966486633260071e-05,0.00029899459899780206,9.966107311033062e-05,0.0002989832193309918,6048
379,FP32,0.30210207030177116,0.5840696021914482,0.020134519319981337,0.8869834203441401,9.966107311033062e-05,0.0002989832193309918,9.965725861483449e-05,0.0002989717758445034,6064
380,FP32,0.2951301038265228,0.573707103729248,0.016553087858483195,1.4402123732097643,9.965725861483449e-05,0.0002989717758445034,9.965342284774632e-05,0.00029896026854323894,6080
381,FP32,0.25032348185777664,0.4735759347677231,0.02707102708518505,1.3783735447407952,9.965342284774632e-05,0.00029896026854323894,9.964956581070923e-05,0.00029894869743212767,6096
382,FP32,0.1837161760777235,0.3440464772284031,0.02338588028214872,0.48867750221876916,9.964956581070923e-05,0.00029894869743212767,9.964568750537544e-05,0.00029893706251612627,6112
383,FP32,0.2750293053686619,0.5292725116014481,0.020786127541214228,0.6793922243297126,9.964568750537544e-05,0.00029893706251612627,9.964178793340631e-05,0.00029892536380021886,6128
384,FP32,0.2995990812778473,0.581519141793251,0.017679032403975725,0.5349236736825093,9.964178793340631e-05,0.00029892536380021886,9.963786709647228e-05,0.0002989136012894168,6144
385,FP32,0.23559406399726868,0.4422663152217865,0.028921819292008877,1.2236442249306703,9.963786709647228e-05,0.0002989136012894168,9.963392499625292e-05,0.00029890177498875873,6160
386,FP32,0.22417206689715385,0.4223691523075104,0.025974984979256988,0.6167904265500419,9.963392499625292e-05,0.00029890177498875873,9.962996163443689e-05,0.00029888988490331067,6176
387,FP32,0.2874961197376251,0.551567330956459,0.023424903862178326,0.865266036539397,9.962996163443689e-05,0.00029888988490331067,9.9625977012722e-05,0.00029887793103816596,6192
388,FP32,0.2785653695464134,0.5321798622608185,0.024950884748250246,0.8605543301239066,9.9625977012722e-05,0.00029887793103816596,9.962197113281509e-05,0.0002988659133984452,6208
389,FP32,0.25448571890592575,0.4804019033908844,0.02856952976435423,1.2522868882357985,9.962197113281509e-05,0.0002988659133984452,9.961794399643219e-05,0.0002988538319892965,6224
390,FP32,0.24367143213748932,0.4681132957339287,0.019229562021791935,1.2972204247202903,9.961794399643219e-05,0.0002988538319892965,9.961389560529836e-05,0.00029884168681589506,6240
391,FP32,0.33145543932914734,0.6443046033382416,0.018606284633278847,0.8513075477473971,9.961389560529836e-05,0.00029884168681589506,9.960982596114783e-05,0.00029882947788344345,6256
392,FP32,0.26167336478829384,0.508895717561245,0.014451024122536182,0.5662656837864133,9.960982596114783e-05,0.00029882947788344345,9.96057350657239e-05,0.0002988172051971717,6272
393,FP32,0.2476411797106266,0.4706263616681099,0.024655989604070783,1.0717779432115053,9.96057350657239e-05,0.0002988172051971717,9.960162292077898e-05,0.00029880486876233687,6288
394,FP32,0.22864488512277603,0.4337826520204544,0.02350711775943637,0.8775179311576585,9.960162292077898e-05,0.00029880486876233687,9.959748952807457e-05,0.00029879246858422365,6304
395,FP32,0.3203415907919407,0.6242084801197052,0.016474709613248706,0.4334442844306794,9.959748952807457e-05,0.00029879246858422365,9.95933348893813e-05,0.00029878000466814386,6320
396,FP32,0.2646953761577606,0.5131786614656448,0.01621209946461022,0.5505614719957361,9.95933348893813e-05,0.00029878000466814386,9.95891590064789e-05,0.00029876747701943667,6336
397,FP32,0.3370328061282635,0.6628216207027435,0.011244046268984675,0.6865927333151914,9.95891590064789e-05,0.00029876747701943667,9.958496188115613e-05,0.00029875488564346837,6352
398,FP32,0.20954006537795067,0.3944336026906967,0.024646545760333538,0.9750772381808619,9.958496188115613e-05,0.00029875488564346837,9.958074351521097e-05,0.00029874223054563283,6368
399,FP32,0.22814134508371353,0.424067847430706,0.032214834820479155,0.8541478754158055,9.958074351521097e-05,0.00029874223054563283,9.957650391045039e-05,0.00029872951173135116,6384
400,FP32,0.18759537488222122,0.3508208394050598,0.024369921535253525,1.5455192640780575,9.957650391045039e-05,0.00029872951173135116,9.957224306869053e-05,0.00029871672920607153,6400
401,FP32,0.29663489386439323,0.5679145231842995,0.025355263147503138,1.17590661394597,9.957224306869053e-05,0.00029871672920607153,9.956796099175657e-05,0.00029870388297526966,6416
402,FP32,0.23661229014396667,0.45258115231990814,0.020643413299694657,0.7890099368256078,9.956796099175657e-05,0.00029870388297526966,9.956365768148284e-05,0.00029869097304444846,6432
403,FP32,0.2568383850157261,0.4941246807575226,0.01955208694562316,0.5686299440800957,9.956365768148284e-05,0.00029869097304444846,9.955933313971273e-05,0.0002986779994191382,6448
404,FP32,0.313454806804657,0.6096635162830353,0.017246085219085217,1.1973573931868249,9.955933313971273e-05,0.0002986779994191382,9.955498736829875e-05,0.0002986649621048962,6464
405,FP32,0.23185423761606216,0.43989675492048264,0.023811703082174063,1.0737631465411128,9.955498736829875e-05,0.0002986649621048962,9.955062036910246e-05,0.00029865186110730735,6480
406,FP32,0.2607128955423832,0.5056138262152672,0.015811972320079803,0.6186880240243595,9.955062036910246e-05,0.00029865186110730735,9.954623214399458e-05,0.0002986386964319837,6496
407,FP32,0.20011166483163834,0.3830830305814743,0.017140305135399103,0.8717179372339117,9.954623214399458e-05,0.0002986386964319837,9.954182269485486e-05,0.00029862546808456455,6512
408,FP32,0.33527452126145363,0.650632955133915,0.019916124176234007,1.0717876603958756,9.954182269485486e-05,0.00029862546808456455,9.953739202357218e-05,0.0002986121760707165,6528
409,FP32,0.25903696939349174,0.4954700767993927,0.02260387083515525,0.9334521484019761,9.953739202357218e-05,0.0002986121760707165,9.95329401320445e-05,0.0002985988203961335,6544
410,FP32,0.17794963717460632,0.32206785678863525,0.03383143129758537,1.07432913481462,9.95329401320445e-05,0.0002985988203961335,9.952846702217886e-05,0.00029858540106653656,6560
411,FP32,0.24537113681435585,0.46933581680059433,0.021406471962109208,1.1333842345155924,9.952846702217886e-05,0.00029858540106653656,9.952397269589142e-05,0.0002985719180876742,6576
412,FP32,0.23251673579216003,0.4423374533653259,0.022696001920849085,0.5100814708383069,9.952397269589142e-05,0.0002985719180876742,9.951945715510738e-05,0.0002985583714653221,6592
413,FP32,0.2341755498200655,0.4436623379588127,0.024688781704753637,0.6903173735559444,9.951945715510738e-05,0.0002985583714653221,9.951492040176104e-05,0.0002985447612052831,6608
414,FP32,0.26486727222800255,0.5129880607128143,0.0167464935220778,0.6146507153104511,9.951492040176104e-05,0.0002985447612052831,9.951036243779585e-05,0.0002985310873133875,6624
415,FP32,0.2458152361214161,0.4714512974023819,0.02017917693592608,0.6848024850879917,9.951036243779585e-05,0.0002985310873133875,9.950578326516429e-05,0.0002985173497954928,6640
416,FP32,0.28112395852804184,0.5465022921562195,0.015745643991976976,0.696345804160548,9.950578326516429e-05,0.0002985173497954928,9.950118288582788e-05,0.0002985035486574836,6656
417,FP32,0.25308237224817276,0.4877244904637337,0.018440284300595522,0.9370617370977046,9.950118288582788e-05,0.0002985035486574836,9.949656130175734e-05,0.00029848968390527197,6672
418,FP32,0.31365517899394035,0.6059059053659439,0.021404471714049578,0.904025809856029,9.949656130175734e-05,0.00029848968390527197,9.949191851493235e-05,0.00029847575554479706,6688
419,FP32,0.25848303362727165,0.48900850117206573,0.027957569807767868,0.532967616220587,9.949191851493235e-05,0.00029847575554479706,9.948725452734178e-05,0.0002984617635820253,6704
420,FP32,0.20111620426177979,0.38384805992245674,0.01838435116223991,1.2164788435622014,9.948725452734178e-05,0.0002984617635820253,9.948256934098352e-05,0.0002984477080229505,6720
421,FP32,0.2842039614915848,0.5543254390358925,0.014082463923841715,1.0565970429762368,9.948256934098352e-05,0.0002984477080229505,9.947786295786455e-05,0.00029843358887359357,6736
422,FP32,0.19365239143371582,0.3620705306529999,0.025234248489141464,0.8306255673544006,9.947786295786455e-05,0.00029843358887359357,9.947313538000093e-05,0.0002984194061400027,6752
423,FP32,0.18432970717549324,0.3527931869029999,0.015866251196712255,0.6333325002344418,9.947313538000093e-05,0.0002984194061400027,9.946838660941782e-05,0.0002984051598282534,6768
424,FP32,0.2377454973757267,0.46035922318696976,0.015131758758798242,0.9181999696063137,9.946838660941782e-05,0.0002984051598282534,9.946361664814943e-05,0.00029839084994444826,6784
425,FP32,0.20460136979818344,0.3809013143181801,0.028301435988396406,1.0014157992479042,9.946361664814943e-05,0.00029839084994444826,9.945882549823906e-05,0.00029837647649471715,6800
426,FP32,0.2542857676744461,0.48366568982601166,0.024905844358727336,0.9790173322490862,9.945882549823906e-05,0.00029837647649471715,9.945401316173907e-05,0.0002983620394852172,6816
427,FP32,0.2211422137916088,0.42113088071346283,0.02115355199202895,1.252499642065166,9.945401316173907e-05,0.0002983620394852172,9.944917964071096e-05,0.00029834753892213285,6832
428,FP32,0.21354873850941658,0.41081731766462326,0.016280150040984154,0.8722337793965064,9.944917964071096e-05,0.00029834753892213285,9.944432493722524e-05,0.00029833297481167566,6848
429,FP32,0.2874489948153496,0.5573324263095856,0.017565551679581404,0.9499102886885298,9.944432493722524e-05,0.00029833297481167566,9.943944905336148e-05,0.00029831834716008437,6864
430,FP32,0.2495284341275692,0.47551844269037247,0.023538432782515883,0.7620626788407983,9.943944905336148e-05,0.00029831834716008437,9.943455199120837e-05,0.00029830365597362506,6880
431,FP32,0.27425581961870193,0.5227345004677773,0.02577714016661048,1.3777023260380588,9.943455199120837e-05,0.00029830365597362506,9.942963375286368e-05,0.000298288901258591,6896
432,FP32,0.32376571744680405,0.6324712336063385,0.015060217352584004,0.6729512496279587,9.942963375286368e-05,0.000298288901258591,9.942469434043418e-05,0.0002982740830213025,6912
433,FP32,0.1841826979070902,0.34799179807305336,0.020373595878481865,1.0687389647519878,9.942469434043418e-05,0.0002982740830213025,9.94197337560358e-05,0.0002982592012681073,6928
434,FP32,0.18062236532568932,0.34500495344400406,0.016239771153777838,0.4784139707579067,9.94197337560358e-05,0.0002982592012681073,9.941475200179347e-05,0.00029824425600538033,6944
435,FP32,0.2507178708910942,0.4790613055229187,0.022374436492100358,0.90043267812386,9.941475200179347e-05,0.00029824425600538033,9.940974907984124e-05,0.0002982292472395237,6960
436,FP32,0.26847267523407936,0.5197992473840714,0.017146119265817106,0.4287188317095335,9.940974907984124e-05,0.0002982292472395237,9.940472499232217e-05,0.0002982141749769665,6976
437,FP32,0.25823239609599113,0.5040694773197174,0.012395329307764769,1.515199040048101,9.940472499232217e-05,0.0002982141749769665,9.939967974138845e-05,0.00029819903922416533,6992
438,FP32,0.27423522621393204,0.5279455780982971,0.02052490320056677,0.817118664984131,9.939967974138845e-05,0.00029819903922416533,9.93946133292013e-05,0.0002981838399876039,7008
439,FP32,0.24427556619048119,0.47319425642490387,0.01535688410513103,0.9061625418281024,9.93946133292013e-05,0.0002981838399876039,9.938952575793099e-05,0.0002981685772737929,7024
440,FP32,0.25888364762067795,0.4986090585589409,0.01915822923183441,1.3326316066349309,9.938952575793099e-05,0.0002981685772737929,9.938441702975689e-05,0.00029815325108927063,7040
441,FP32,0.24363362789154053,0.46979011595249176,0.017477118177339435,1.3112956664487372,9.938441702975689e-05,0.00029815325108927063,9.937928714686741e-05,0.0002981378614406022,7056
442,FP32,0.26872483268380165,0.5226186141371727,0.014831084292382002,1.2762516373511124,9.937928714686741e-05,0.0002981378614406022,9.937413611146005e-05,0.0002981224083343801,7072
443,FP32,0.22321608662605286,0.4242308512330055,0.022201315965503454,1.3377307504632476,9.937413611146005e-05,0.0002981224083343801,9.936896392574131e-05,0.00029810689177722387,7088
444,FP32,0.24790193885564804,0.47311529517173767,0.022688580444082618,0.9425709400216384,9.936896392574131e-05,0.00029810689177722387,9.936377059192683e-05,0.00029809131177578043,7104
445,FP32,0.22415372356772423,0.4314709007740021,0.01683652657084167,0.9325398272852631,9.936377059192683e-05,0.00029809131177578043,9.935855611224125e-05,0.0002980756683367237,7120
446,FP32,0.28873077780008316,0.564422495663166,0.013039034325629473,1.2069735081232333,9.935855611224125e-05,0.0002980756683367237,9.935332048891828e-05,0.0002980599614667548,7136
447,FP32,0.2119326889514923,0.40873539447784424,0.01512998528778553,0.6273165102896946,9.935332048891828e-05,0.0002980599614667548,9.934806372420072e-05,0.0002980441911726021,7152
448,FP32,0.25966547057032585,0.502522349357605,0.01680858782492578,1.2953703870927769,9.934806372420072e-05,0.0002980441911726021,9.934278582034037e-05,0.00029802835746102106,7168
449,FP32,0.28642095252871513,0.5581118576228619,0.0147300228709355,0.7265198159715921,9.934278582034037e-05,0.00029802835746102106,9.933748677959813e-05,0.0002980124603387944,7184
450,FP32,0.2478933073580265,0.48509830236434937,0.01068830513395369,1.141382283136139,9.933748677959813e-05,0.0002980124603387944,9.933216660424395e-05,0.00029799649981273186,7200
451,FP32,0.3430091664195061,0.6727153360843658,0.013303003972396255,0.5816493753300488,9.933216660424395e-05,0.00029799649981273186,9.932682529655682e-05,0.0002979804758896704,7216
452,FP32,0.3226097784936428,0.6324405521154404,0.012778983218595386,0.5649001810128406,9.932682529655682e-05,0.0002979804758896704,9.932146285882477e-05,0.0002979643885764743,7232
453,FP32,0.21413618698716164,0.40766821056604385,0.020604156889021397,0.6603949540614752,9.932146285882477e-05,0.0002979643885764743,9.931607929334492e-05,0.0002979482378800347,7248
454,FP32,0.3018047511577606,0.5824237763881683,0.02118573314510286,0.9706038937936906,9.931607929334492e-05,0.0002979482378800347,9.931067460242341e-05,0.0002979320238072702,7264
455,FP32,0.28815456852316856,0.5559342354536057,0.020374891813844442,3.7876714636891857,9.931067460242341e-05,0.0002979320238072702,9.930524878837544e-05,0.0002979157463651263,7280
456,FP32,0.22266649827361107,0.42545244097709656,0.01988056185655296,0.6687690592970564,9.930524878837544e-05,0.0002979157463651263,9.929980185352526e-05,0.0002978994055605757,7296
457,FP32,0.24214646592736244,0.45844554901123047,0.02584739262238145,1.2647731807063312,9.929980185352526e-05,0.0002978994055605757,9.929433380020615e-05,0.00029788300140061837,7312
458,FP32,0.27423112094402313,0.5352058410644531,0.013256380101665854,1.0120624011802992,9.929433380020615e-05,0.00029788300140061837,9.928884463076045e-05,0.0002978665338922813,7328
459,FP32,0.25148139894008636,0.4752102196216583,0.027752540889196098,3.0439205920662067,9.928884463076045e-05,0.0002978665338922813,9.928333434753954e-05,0.0002978500030426186,7344
460,FP32,0.19821344316005707,0.37922243028879166,0.017204462084919214,0.5875695005988801,9.928333434753954e-05,0.0002978500030426186,9.927780295290389e-05,0.00029783340885871165,7360
461,FP32,0.2769859805703163,0.539387971162796,0.014583978801965714,0.7846102500148939,9.927780295290389e-05,0.00029783340885871165,9.927225044922295e-05,0.0002978167513476688,7376
462,FP32,0.25284410268068314,0.4912128895521164,0.014475325820967555,1.3420992333045902,9.927225044922295e-05,0.0002978167513476688,9.926667683887521e-05,0.00029780003051662555,7392
463,FP32,0.23165402561426163,0.4498553052544594,0.013452751911245286,0.5652336447611349,9.926667683887521e-05,0.00029780003051662555,9.926108212424828e-05,0.0002977832463727448,7408
464,FP32,0.1696586273610592,0.3193335123360157,0.019983749138191342,2.740490877160625,9.926108212424828e-05,0.0002977832463727448,9.92554663077387e-05,0.00029776639892321606,7424
465,FP32,0.20826437883079052,0.39212261512875557,0.024406161857768893,2.528139244630104,9.92554663077387e-05,0.00029776639892321606,9.924982939175216e-05,0.00029774948817525644,7440
466,FP32,0.27018828317523,0.5255776047706604,0.014798949006944895,0.9385456023447887,9.924982939175216e-05,0.00029774948817525644,9.92441713787033e-05,0.00029773251413610987,7456
467,FP32,0.19782307744026184,0.37878967076539993,0.01685648737475276,0.8795301183844572,9.92441713787033e-05,0.00029773251413610987,9.923849227101585e-05,0.0002977154768130475,7472
468,FP32,0.2501729801297188,0.48179464042186737,0.018551316927187145,0.6743619459103731,9.923849227101585e-05,0.0002977154768130475,9.923279207112255e-05,0.0002976983762133676,7488
469,FP32,0.28114178404212,0.5448593497276306,0.01742420461960137,0.9294372683195008,9.923279207112255e-05,0.0002976983762133676,9.922707078146518e-05,0.0002976812123443955,7504
470,FP32,0.23260192200541496,0.4506615325808525,0.014542315853759646,1.7477316522588933,9.922707078146518e-05,0.0002976812123443955,9.922132840449459e-05,0.0002976639852134837,7520
471,FP32,0.3313669487833977,0.6503499299287796,0.012383921770378947,1.7069534405810516,9.922132840449459e-05,0.0002976639852134837,9.92155649426706e-05,0.00029764669482801174,7536
472,FP32,0.21410131826996803,0.40513453632593155,0.023068080190569162,0.9814797882986773,9.92155649426706e-05,0.00029764669482801174,9.92097803984621e-05,0.00029762934119538623,7552
473,FP32,0.27516214549541473,0.5398050546646118,0.010519245639443398,0.9189704723177795,9.92097803984621e-05,0.00029762934119538623,9.920397477434702e-05,0.000297611924323041,7568
474,FP32,0.19354303181171417,0.36651570349931717,0.02057037316262722,0.4202139906248816,9.920397477434702e-05,0.000297611924323041,9.919814807281228e-05,0.0002975944442184368,7584
475,FP32,0.2782803103327751,0.537828654050827,0.01873196428641677,0.7829220902117584,9.919814807281228e-05,0.0002975944442184368,9.919230029635387e-05,0.00029757690088906156,7600
476,FP32,0.2653101719915867,0.5164713636040688,0.014148968737572432,1.4374087028896767,9.919230029635387e-05,0.00029757690088906156,9.918643144747681e-05,0.00029755929434243034,7616
477,FP32,0.2395247109234333,0.46966904401779175,0.009380368050187826,1.1127565932946557,9.918643144747681e-05,0.00029755929434243034,9.918054152869508e-05,0.0002975416245860852,7632
478,FP32,0.2400912456214428,0.45791757106781006,0.022264910861849785,0.7429711074048374,9.918054152869508e-05,0.0002975416245860852,9.917463054253177e-05,0.0002975238916275953,7648
479,FP32,0.14279500022530556,0.26147664338350296,0.024113343097269535,0.6223997986495808,9.917463054253177e-05,0.0002975238916275953,9.916869849151895e-05,0.0002975060954745568,7664
480,FP32,0.24839422851800919,0.4758356288075447,0.02095282939262688,0.5707477222410288,9.916869849151895e-05,0.0002975060954745568,9.916274537819775e-05,0.00029748823613459316,7680
481,FP32,0.24178526550531387,0.4535677954554558,0.03000272950157523,1.298113076395346,9.916274537819775e-05,0.00029748823613459316,9.915677120511822e-05,0.00029747031361535464,7696
482,FP32,0.21779288724064827,0.41845544427633286,0.01713033183477819,0.5332918435836448,9.915677120511822e-05,0.00029747031361535464,9.915077597483958e-05,0.0002974523279245187,7712
483,FP32,0.2894703783094883,0.5604613870382309,0.018479350954294205,1.2675359748764072,9.915077597483958e-05,0.0002974523279245187,9.914475968992998e-05,0.0002974342790697899,7728
484,FP32,0.23715190961956978,0.4574273079633713,0.016876505222171545,0.9275381106688779,9.914475968992998e-05,0.0002974342790697899,9.913872235296657e-05,0.0002974161670588997,7744
485,FP32,0.21987177804112434,0.4292934089899063,0.010450133471749723,0.9759699562759644,9.913872235296657e-05,0.0002974161670588997,9.91326639665356e-05,0.00029739799189960675,7760
486,FP32,0.22105484828352928,0.42214302718639374,0.019966691499575973,1.2988339451625435,9.91326639665356e-05,0.00029739799189960675,9.912658453323224e-05,0.0002973797535996967,7776
487,FP32,0.28670238703489304,0.5409533083438873,0.032451451290398836,0.8599078886466931,9.912658453323224e-05,0.0002973797535996967,9.912048405566079e-05,0.00029736145216698235,7792
488,FP32,0.1785996649414301,0.3344963379204273,0.02270299382507801,1.1472148715431516,9.912048405566079e-05,0.00029736145216698235,9.911436253643445e-05,0.0002973430876093033,7808
489,FP32,0.2132136933505535,0.4141673557460308,0.012260038405656815,0.5246268846437668,9.911436253643445e-05,0.0002973430876093033,9.910821997817549e-05,0.0002973246599345264,7824
490,FP32,0.2825920879840851,0.5485906302928925,0.016593575361184776,1.3088924224088763,9.910821997817549e-05,0.0002973246599345264,9.91020563835152e-05,0.00029730616915054557,7840
491,FP32,0.27735052444040775,0.541391346603632,0.01330969831906259,1.5288332109391034,9.91020563835152e-05,0.00029730616915054557,9.909587175509388e-05,0.00029728761526528157,7856
492,FP32,0.2766590863466263,0.5414612293243408,0.011856953147798777,1.0262522807263383,9.909587175509388e-05,0.00029728761526528157,9.908966609556079e-05,0.0002972689982866823,7872
493,FP32,0.19937284849584103,0.37420737370848656,0.024538323283195496,0.6997000333633075,9.908966609556079e-05,0.0002972689982866823,9.908343940757428e-05,0.0002972503182227228,7888
494,FP32,0.34276748821139336,0.6731738299131393,0.012361128348857164,0.6884226960873794,9.908343940757428e-05,0.0002972503182227228,9.907719169380163e-05,0.0002972315750814049,7904
495,FP32,0.2815439887344837,0.5489147081971169,0.014173254952766001,0.7025605966220696,9.907719169380163e-05,0.0002972315750814049,9.907092295691918e-05,0.00029721276887075747,7920
496,FP32,0.24590041115880013,0.4768388941884041,0.014961934881284833,1.2343276852534713,9.907092295691918e-05,0.00029721276887075747,9.906463319961225e-05,0.00029719389959883673,7936
497,FP32,0.2470765970647335,0.4783859923481941,0.015767195727676153,0.5798957011176128,9.906463319961225e-05,0.00029719389959883673,9.90583224245752e-05,0.00029717496727372556,7952
498,FP32,0.2762715816497803,0.5435131043195724,0.009030064451508224,0.6869901889462166,9.90583224245752e-05,0.00029717496727372556,9.905199063451134e-05,0.00029715597190353395,7968
499,FP32,0.3032008893787861,0.5967579372227192,0.009643846249673516,0.7180744819199031,9.905199063451134e-05,0.00029715597190353395,9.904563783213299e-05,0.0002971369134963989,7984
500,FP32,0.21019724383950233,0.4068889692425728,0.013505502371117473,0.8749711734634822,9.904563783213299e-05,0.0002971369134963989,9.903926402016153e-05,0.00029711779206048454,8000
501,FP32,0.3507043533027172,0.6911954134702682,0.010213278816081583,0.8291538137356678,9.903926402016153e-05,0.00029711779206048454,9.903286920132726e-05,0.00029709860760398176,8016
502,FP32,0.31860268861055374,0.618839830160141,0.018365559866651893,0.59186123747911,9.903286920132726e-05,0.00029709860760398176,9.902645337836955e-05,0.00029707936013510864,8032
503,FP32,0.21852705627679825,0.41933009773492813,0.017724014818668365,0.7992379768782574,9.902645337836955e-05,0.00029707936013510864,9.902001655403672e-05,0.0002970600496621101,8048
504,FP32,0.2621983140707016,0.5024127922952175,0.021983828162774444,1.2557920530636697,9.902001655403672e-05,0.0002970600496621101,9.901355873108609e-05,0.0002970406761932583,8064
505,FP32,0.25544406846165657,0.49016381055116653,0.020724348025396466,1.2285560700528957,9.901355873108609e-05,0.0002970406761932583,9.900707991228402e-05,0.000297021239736852,8080
506,FP32,0.187977135181427,0.34939204901456833,0.026562226004898548,1.1927900894952446,9.900707991228402e-05,0.000297021239736852,9.900058010040579e-05,0.0002970017403012173,8096
507,FP32,0.2628370635211468,0.5075113475322723,0.018162793247029185,0.44822372008334044,9.900058010040579e-05,0.0002970017403012173,9.899405929823574e-05,0.00029698217789470715,8112
508,FP32,0.21646934747695923,0.3952580988407135,0.03768058540299535,1.3544154091582392,9.899405929823574e-05,0.00029698217789470715,9.898751750856713e-05,0.00029696255252570136,8128
509,FP32,0.28229207172989845,0.5535159707069397,0.011068168329074979,0.5461402362591548,9.898751750856713e-05,0.00029696255252570136,9.898095473420232e-05,0.00029694286420260695,8144
510,FP32,0.29650724679231644,0.5702886581420898,0.022725830785930157,0.6813864339101647,9.898095473420232e-05,0.00029694286420260695,9.897437097795257e-05,0.0002969231129338577,8160
511,FP32,0.23700441420078278,0.46623901277780533,0.0077697960659861565,0.6573047771463956,9.897437097795257e-05,0.0002969231129338577,9.896776624263815e-05,0.0002969032987279144,8176
512,FP32,0.18100038543343544,0.3478592187166214,0.0141415533144027,1.047917588542298,9.896776624263815e-05,0.0002969032987279144,9.896114053108829e-05,0.0002968834215932648,8192
513,FP32,0.1569155789911747,0.2913103923201561,0.022520775441080332,1.711063569871647,9.896114053108829e-05,0.0002968834215932648,9.895449384614128e-05,0.0002968634815384238,8208
514,FP32,0.2280051987618208,0.44376982748508453,0.01224057306535542,0.8656466931711108,9.895449384614128e-05,0.0002968634815384238,9.894782619064431e-05,0.0002968434785719329,8224
515,FP32,0.22265907563269138,0.4323744550347328,0.012943691574037075,1.0241493730679172,9.894782619064431e-05,0.0002968434785719329,9.894113756745362e-05,0.0002968234127023608,8240
516,FP32,0.20913115888834,0.3919799290597439,0.026282395934686065,1.0839421740458022,9.894113756745362e-05,0.0002968234127023608,9.89344279794344e-05,0.00029680328393830315,8256
517,FP32,0.17154810205101967,0.3149134926497936,0.028182705864310265,2.4573488151917235,9.89344279794344e-05,0.00029680328393830315,9.892769742946079e-05,0.00029678309228838235,8272
518,FP32,0.22124501317739487,0.42600854486227036,0.016481483122333884,0.9092795289532483,9.892769742946079e-05,0.00029678309228838235,9.8920945920416e-05,0.00029676283776124796,8288
519,FP32,0.2958301082253456,0.5781172439455986,0.013542947359383106,0.7439077710487931,9.8920945920416e-05,0.00029676283776124796,9.891417345519214e-05,0.0002967425203655764,8304
520,FP32,0.2613660469651222,0.5078930482268333,0.014839025912806392,1.4074985360021528,9.891417345519214e-05,0.0002967425203655764,9.890738003669029e-05,0.0002967221401100708,8320
521,FP32,0.2576986514031887,0.5022419691085815,0.013155309949070215,0.49488006556712555,9.890738003669029e-05,0.0002967221401100708,9.890056566782056e-05,0.00029670169700346164,8336
522,FP32,0.21207244880497456,0.4033441096544266,0.02080079517327249,1.397797207137434,9.890056566782056e-05,0.00029670169700346164,9.889373035150202e-05,0.000296681191054506,8352
523,FP32,0.19647272117435932,0.3789123073220253,0.014033125014975667,1.0764207867585132,9.889373035150202e-05,0.000296681191054506,9.888687409066266e-05,0.0002966606222719879,8368
524,FP32,0.27603743225336075,0.5362525135278702,0.015822362271137536,1.1186453284472264,9.888687409066266e-05,0.0002966606222719879,9.887999688823955e-05,0.00029663999066471857,8384
525,FP32,0.2269296757876873,0.4337384030222893,0.020120958797633648,0.6070097157379024,9.887999688823955e-05,0.00029663999066471857,9.88730987471786e-05,0.0002966192962415358,8400
526,FP32,0.306872196495533,0.5878204256296158,0.025923988316208124,0.9305840040169413,9.88730987471786e-05,0.0002966192962415358,9.886617967043479e-05,0.0002965985390113043,8416
527,FP32,0.23865529894828796,0.46537163481116295,0.011938994517549872,0.6733514513319386,9.886617967043479e-05,0.0002965985390113043,9.885923966097203e-05,0.000296577718982916,8432
528,FP32,0.19858337566256523,0.38303716108202934,0.014129602117463946,0.8255790786850814,9.885923966097203e-05,0.000296577718982916,9.88522787217632e-05,0.0002965568361652895,8448
529,FP32,0.1694401539862156,0.3239123597741127,0.014967942610383034,0.6869672843713291,9.88522787217632e-05,0.0002965568361652895,9.884529685579012e-05,0.0002965358905673703,8464
530,FP32,0.2653845138847828,0.5157688558101654,0.015000172425061464,1.512191851846936,9.884529685579012e-05,0.0002965358905673703,9.883829406604363e-05,0.00029651488219813085,8480
531,FP32,0.24054069072008133,0.47074244543910027,0.010338947176933289,0.5610815744060477,9.883829406604363e-05,0.00029651488219813085,9.883127035552348e-05,0.0002964938110665704,8496
532,FP32,0.25485342368483543,0.49551551789045334,0.014191334834322333,0.5802525790507971,9.883127035552348e-05,0.0002964938110665704,9.882422572723844e-05,0.00029647267718171526,8512
533,FP32,0.20890570804476738,0.40295764058828354,0.014853758970275521,0.9888629571265195,9.882422572723844e-05,0.00029647267718171526,9.881716018420618e-05,0.00029645148055261846,8528
534,FP32,0.21637142822146416,0.41340067237615585,0.01934218918904662,1.3589523930036376,9.881716018420618e-05,0.00029645148055261846,9.881007372945334e-05,0.00029643022118836,8544
535,FP32,0.30114906281232834,0.5915448665618896,0.01075324637349695,0.6413122282046513,9.881007372945334e-05,0.00029643022118836,9.880296636601554e-05,0.00029640889909804657,8560
536,FP32,0.217094287276268,0.42182711511850357,0.012361474568024278,0.6442215791872818,9.880296636601554e-05,0.00029640889909804657,9.879583809693738e-05,0.0002963875142908121,8576
537,FP32,0.2107816319912672,0.3998431824147701,0.021720102638937533,0.5721284150381892,9.879583809693738e-05,0.0002963875142908121,9.878868892527234e-05,0.000296366066775817,8592
538,FP32,0.21586407721042633,0.4065359830856323,0.02519216318614781,1.0359928960789224,9.878868892527234e-05,0.000296366066775817,9.878151885408294e-05,0.00029634455656224874,8608
539,FP32,0.2529619075357914,0.4920586347579956,0.013865186367183924,0.5580456309939332,9.878151885408294e-05,0.00029634455656224874,9.877432788644056e-05,0.00029632298365932165,8624
540,FP32,0.2382417395710945,0.46247922629117966,0.014004261116497219,0.4539348782524716,9.877432788644056e-05,0.00029632298365932165,9.876711602542563e-05,0.00029630134807627685,8640
541,FP32,0.26195819675922394,0.5097462236881256,0.014170189155265689,0.9976806884769038,9.876711602542563e-05,0.00029630134807627685,9.875988327412747e-05,0.00029627964982238236,8656
542,FP32,0.28383076377213,0.5513073652982712,0.016354170395061374,0.5757530994768939,9.875988327412747e-05,0.00029627964982238236,9.875262963564436e-05,0.00029625788890693305,8672
543,FP32,0.18822958692908287,0.3594135753810406,0.017045616055838764,1.3106981160720663,9.875262963564436e-05,0.00029625788890693305,9.874535511308349e-05,0.00029623606533925046,8688
544,FP32,0.26395515352487564,0.5076863393187523,0.020223958883434534,0.790528656153053,9.874535511308349e-05,0.00029623606533925046,9.87380597095611e-05,0.00029621417912868323,8704
545,FP32,0.23719949647784233,0.45650216192007065,0.017896845936775208,1.0166054156261293,9.87380597095611e-05,0.00029621417912868323,9.873074342820226e-05,0.00029619223028460673,8720
546,FP32,0.18154045194387436,0.3492044471204281,0.013876443961635232,2.4550291836893368,9.873074342820226e-05,0.00029619223028460673,9.872340627214105e-05,0.0002961702188164231,8736
547,FP32,0.20734700374305248,0.4010821431875229,0.013611889677122235,1.0753132286880627,9.872340627214105e-05,0.0002961702188164231,9.871604824452047e-05,0.0002961481447335614,8752
548,FP32,0.1924966275691986,0.37135378643870354,0.013639484299346805,0.6117873393630455,9.871604824452047e-05,0.0002961481447335614,9.870866934849248e-05,0.0002961260080454774,8768
549,FP32,0.22695694118738174,0.4255490005016327,0.028364861384034157,1.1506216773116649,9.870866934849248e-05,0.0002961260080454774,9.870126958721794e-05,0.00029610380876165377,8784
550,FP32,0.262534037232399,0.49094340205192566,0.034124677535146475,0.9479597987480555,9.870126958721794e-05,0.00029610380876165377,9.869384896386668e-05,0.0002960815468916,8800
551,FP32,0.27891265973448753,0.5426551923155785,0.015170126920565963,1.1285302355616114,9.869384896386668e-05,0.0002960815468916,9.868640748161748e-05,0.0002960592224448524,8816
552,FP32,0.2481687106192112,0.48310527205467224,0.013232165947556496,1.1735312593542442,9.868640748161748e-05,0.0002960592224448524,9.867894514365802e-05,0.00029603683543097403,8832
553,FP32,0.2084810733795166,0.40910299494862556,0.007859154604375362,1.209658247875317,9.867894514365802e-05,0.00029603683543097403,9.867146195318492e-05,0.00029601438585955475,8848
554,FP32,0.26676446571946144,0.5085945650935173,0.024934352841228247,1.4535441285146977,9.867146195318492e-05,0.00029601438585955475,9.866395791340375e-05,0.0002959918737402112,8864
555,FP32,0.2368176393210888,0.45292118936777115,0.020714090671390295,1.4968455478406564,9.866395791340375e-05,0.0002959918737402112,9.865643302752901e-05,0.00029596929908258697,8880
556,FP32,0.17776376754045486,0.3387720659375191,0.016755470307543874,1.3860891321930366,9.865643302752901e-05,0.00029596929908258697,9.86488872987841e-05,0.00029594666189635224,8896
557,FP32,0.20307665690779686,0.38745078071951866,0.01870251400396228,0.9839745972754689,9.86488872987841e-05,0.00029594666189635224,9.86413207304014e-05,0.0002959239621912042,8912
558,FP32,0.17088364623486996,0.3208218105137348,0.020945479860529304,0.5683966308090969,9.86413207304014e-05,0.0002959239621912042,9.863373332562215e-05,0.00029590119997686644,8928
559,FP32,0.29790930449962616,0.5774345546960831,0.018384069437161088,0.5386942164555877,9.863373332562215e-05,0.00029590119997686644,9.86261250876966e-05,0.00029587837526308977,8944
560,FP32,0.19582469947636127,0.3836241811513901,0.008025230607017875,0.701748695287946,9.86261250876966e-05,0.00029587837526308977,9.861849601988383e-05,0.0002958554880596515,8960
561,FP32,0.25439295917749405,0.49808990955352783,0.010696018347516656,0.7442129332453234,9.861849601988383e-05,0.0002958554880596515,9.861084612545192e-05,0.00029583253837635575,8976
562,FP32,0.301043801009655,0.5921692475676537,0.009918377036228776,0.5133686246755137,9.861084612545192e-05,0.00029583253837635575,9.860317540767783e-05,0.0002958095262230335,8992
563,FP32,0.2872486785054207,0.5648069232702255,0.009690460516139865,0.9497697894509423,9.860317540767783e-05,0.0002958095262230335,9.859548386984747e-05,0.0002957864516095424,9008
564,FP32,0.298511765897274,0.5810921341180801,0.01593138836324215,0.9772953007963672,9.859548386984747e-05,0.0002957864516095424,9.858777151525564e-05,0.00029576331454576687,9024
565,FP32,0.23168104514479637,0.4562884233891964,0.007073659566231072,1.7169096233248846,9.858777151525564e-05,0.00029576331454576687,9.858003834720603e-05,0.00029574011504161806,9040
566,FP32,0.29362040758132935,0.5677957683801651,0.019445057259872556,1.510063015784993,9.858003834720603e-05,0.00029574011504161806,9.857228436901136e-05,0.00029571685310703403,9056
567,FP32,0.22839296236634254,0.4353889524936676,0.021396960015408695,1.6158343663476957,9.857228436901136e-05,0.00029571685310703403,9.856450958399311e-05,0.0002956935287519793,9072
568,FP32,0.3510974757373333,0.687037855386734,0.015157107613049448,1.1799991739115245,9.856450958399311e-05,0.0002956935287519793,9.855671399548181e-05,0.0002956701419864454,9088
569,FP32,0.19100426509976387,0.36149241775274277,0.020516120363026857,2.9452890055556407,9.855671399548181e-05,0.0002956701419864454,9.85488976068168e-05,0.00029564669282045036,9104
570,FP32,0.23861493542790413,0.4621938094496727,0.015036073978990316,0.7570970877190151,9.85488976068168e-05,0.00029564669282045036,9.854106042134641e-05,0.00029562318126403916,9120
571,FP32,0.22757060825824738,0.4329484775662422,0.022192742442712188,0.9328768629933701,9.854106042134641e-05,0.00029562318126403916,9.853320244242781e-05,0.00029559960732728337,9136
572,FP32,0.21337814442813396,0.41260790452361107,0.014148363145068288,1.0846120668905146,9.853320244242781e-05,0.00029559960732728337,9.852532367342713e-05,0.00029557597102028134,9152
573,FP32,0.21313918381929398,0.4083950147032738,0.017883338499814272,0.8098411535722058,9.852532367342713e-05,0.00029557597102028134,9.851742411771937e-05,0.00029555227235315807,9168
574,FP32,0.22782422602176666,0.43839434161782265,0.01725410670042038,0.8937777505507737,9.851742411771937e-05,0.00029555227235315807,9.850950377868846e-05,0.0002955285113360653,9184
575,FP32,0.19848202913999557,0.38690072298049927,0.010063327383249998,0.6937357177239666,9.850950377868846e-05,0.0002955285113360653,9.850156265972721e-05,0.0002955046879791816,9200
576,FP32,0.21880095079541206,0.42139293253421783,0.01620897720567882,3.705571770531082,9.850156265972721e-05,0.0002955046879791816,9.849360076423734e-05,0.000295480802292712,9216
577,FP32,0.24295399524271488,0.4663168340921402,0.019591156160458922,0.9587154524323496,9.849360076423734e-05,0.000295480802292712,9.848561809562949e-05,0.00029545685428688845,9232
578,FP32,0.29011882096529007,0.5536820366978645,0.026555620250292122,1.1166905000016651,9.848561809562949e-05,0.00029545685428688845,9.847761465732318e-05,0.0002954328439719695,9248
579,FP32,0.24255342409014702,0.46832191944122314,0.016784908599220216,0.9081921681311197,9.847761465732318e-05,0.0002954328439719695,9.846959045274682e-05,0.0002954087713582404,9264
580,FP32,0.28359726443886757,0.5515656471252441,0.015628881752490997,0.5723755877892027,9.846959045274682e-05,0.0002954087713582404,9.846154548533773e-05,0.00029538463645601315,9280
581,FP32,0.1025263424962759,0.18655724450945854,0.01849544490687549,0.9622308613662953,9.846154548533773e-05,0.00029538463645601315,9.845347975854211e-05,0.0002953604392756263,9296
582,FP32,0.30684061720967293,0.5952506810426712,0.018430535797961056,1.2390392470936977,9.845347975854211e-05,0.0002953604392756263,9.844539327581505e-05,0.00029533617982744514,9312
583,FP32,0.2339959442615509,0.4564305618405342,0.011561338324099779,0.9225218061740286,9.844539327581505e-05,0.00029533617982744514,9.843728604062059e-05,0.00029531185812186174,9328
584,FP32,0.24624257162213326,0.47970958054065704,0.012775564566254616,1.116600543071722,9.843728604062059e-05,0.00029531185812186174,9.842915805643155e-05,0.00029528747416929463,9344
585,FP32,0.18283887207508087,0.3423144072294235,0.023363342508673668,1.1101402647894245,9.842915805643155e-05,0.00029528747416929463,9.842100932672975e-05,0.0002952630279801892,9360
586,FP32,0.2608828879892826,0.5139542669057846,0.0078115108190104365,1.0810956408979937,9.842100932672975e-05,0.0002952630279801892,9.841283985500582e-05,0.00029523851956501744,9376
587,FP32,0.18664110079407692,0.3557712510228157,0.01751096430234611,1.0108650858802266,9.841283985500582e-05,0.00029523851956501744,9.840464964475932e-05,0.00029521394893427795,9392
588,FP32,0.23568207025527954,0.458014328032732,0.01334981550462544,0.5580138092713763,9.840464964475932e-05,0.00029521394893427795,9.839643869949866e-05,0.00029518931609849597,9408
589,FP32,0.2683422341942787,0.523786373436451,0.012898097047582269,1.5062990617723524,9.839643869949866e-05,0.00029518931609849597,9.838820702274116e-05,0.00029516462106822343,9424
590,FP32,0.2637956254184246,0.5160823687911034,0.011508877272717655,0.8616421452219184,9.838820702274116e-05,0.00029516462106822343,9.837995461801299e-05,0.00029513986385403896,9440
591,FP32,0.21078250370919704,0.40681321173906326,0.014751819195225835,0.6266735714715325,9.837995461801299e-05,0.00029513986385403896,9.837168148884925e-05,0.00029511504446654767,9456
592,FP32,0.21834994480013847,0.4263426214456558,0.010357283288612962,1.1130358009859438,9.837168148884925e-05,0.00029511504446654767,9.836338763879385e-05,0.0002950901629163815,9472
593,FP32,0.1504257321357727,0.27531712129712105,0.02553433715365827,1.3601858015495207,9.836338763879385e-05,0.0002950901629163815,9.835507307139963e-05,0.00029506521921419883,9488
594,FP32,0.1995791345834732,0.3851359747350216,0.014022286050021648,0.5927880448877731,9.835507307139963e-05,0.00029506521921419883,9.834673779022828e-05,0.00029504021337068483,9504
595,FP32,0.19134129583835602,0.3632523864507675,0.019430211978033185,0.674065062448838,9.834673779022828e-05,0.00029504021337068483,9.833838179885038e-05,0.0002950151453965511,9520
596,FP32,0.2158510871231556,0.4154116101562977,0.01629054849036038,0.6649639085420331,9.833838179885038e-05,0.0002950151453965511,9.833000510084537e-05,0.00029499001530253606,9536
597,FP32,0.17291292175650597,0.32702695578336716,0.018798891454935074,0.8284418242549267,9.833000510084537e-05,0.00029499001530253606,9.832160769980155e-05,0.0002949648230994046,9552
598,FP32,0.2095981016755104,0.40319401025772095,0.016002206364646554,1.923193561089138,9.832160769980155e-05,0.0002949648230994046,9.831318959931611e-05,0.0002949395687979483,9568
599,FP32,0.3229440599679947,0.6348044872283936,0.011083624573075213,0.8044527079631609,9.831318959931611e-05,0.0002949395687979483,9.83047508029951e-05,0.0002949142524089853,9584
600,FP32,0.25971466675400734,0.5082596614956856,0.011169667588546872,0.44101593027440145,9.83047508029951e-05,0.0002949142524089853,9.829629131445342e-05,0.0002948888739433602,9600
601,FP32,0.28691011294722557,0.5485253930091858,0.025294838473200798,1.7939080572874433,9.829629131445342e-05,0.0002948888739433602,9.828781113731484e-05,0.0002948634334119445,9616
602,FP32,0.1412521917372942,0.2619360461831093,0.020568334963172674,1.4608864693228547,9.828781113731484e-05,0.0002948634334119445,9.827931027521203e-05,0.0002948379308256361,9632
603,FP32,0.19274462759494781,0.3745524100959301,0.010936834383755922,0.8296889124026688,9.827931027521203e-05,0.0002948379308256361,9.827078873178647e-05,0.00029481236619535934,9648
604,FP32,0.2827387861907482,0.5548813790082932,0.010596192092634737,0.9957409110386926,9.827078873178647e-05,0.00029481236619535934,9.826224651068852e-05,0.00029478673953206553,9664
605,FP32,0.20805514976382256,0.4046484902501106,0.011461808113381267,0.745909642996483,9.826224651068852e-05,0.00029478673953206553,9.825368361557738e-05,0.0002947610508467321,9680
606,FP32,0.2754673436284065,0.5369700863957405,0.01396459829993546,1.1798876208302964,9.825368361557738e-05,0.0002947610508467321,9.824510005012113e-05,0.00029473530015036335,9696
607,FP32,0.23013117909431458,0.43797389417886734,0.022288475302048028,1.5286764587114192,9.824510005012113e-05,0.00029473530015036335,9.823649581799673e-05,0.00029470948745399014,9712
608,FP32,0.22875234857201576,0.4307771399617195,0.02672756277024746,0.5793432472980053,9.823649581799673e-05,0.00029470948745399014,9.822787092288991e-05,0.0002946836127686697,9728
609,FP32,0.242255587130785,0.4668601155281067,0.01765104231890291,0.6272448060197394,9.822787092288991e-05,0.0002946836127686697,9.821922536849533e-05,0.0002946576761054859,9744
610,FP32,0.2062034122645855,0.403409868478775,0.008996965596452355,0.4517674611122255,9.821922536849533e-05,0.0002946576761054859,9.821055915851647e-05,0.00029463167747554935,9760
611,FP32,0.32683493196964264,0.6459883004426956,0.00768158386927098,0.5046173126330074,9.821055915851647e-05,0.00029463167747554935,9.820187229666565e-05,0.0002946056168899969,9776
612,FP32,0.3170939162373543,0.6204604208469391,0.013727414421737194,2.046191375868677,9.820187229666565e-05,0.0002946056168899969,9.819316478666405e-05,0.0002945794943599921,9792
613,FP32,0.2454144861549139,0.4765137992799282,0.014315175474621356,0.7618690446906227,9.819316478666405e-05,0.0002945794943599921,9.81844366322417e-05,0.00029455330989672506,9808
614,FP32,0.2073390744626522,0.4005819037556648,0.014096243190579116,1.3592131590906231,9.81844366322417e-05,0.00029455330989672506,9.817568783713744e-05,0.00029452706351141227,9824
615,FP32,0.19740797206759453,0.37894774228334427,0.01586820580996573,0.903851066583244,9.817568783713744e-05,0.00029452706351141227,9.8166918405099e-05,0.00029450075521529693,9840
616,FP32,0.18668081983923912,0.35365597158670425,0.019705660175532103,1.772936915584137,9.8166918405099e-05,0.00029450075521529693,9.815812833988291e-05,0.00029447438501964873,9856
617,FP32,0.15792787447571754,0.29941434413194656,0.01644141273573041,1.2038459542239015,9.815812833988291e-05,0.00029447438501964873,9.814931764525457e-05,0.00029444795293576365,9872
618,FP32,0.2022899016737938,0.3877991884946823,0.016780610661953688,1.0271928065590168,9.814931764525457e-05,0.00029444795293576365,9.814048632498818e-05,0.0002944214589749645,9888
619,FP32,0.2377259023487568,0.46376311779022217,0.011688671074807644,1.959421762794215,9.814048632498818e-05,0.0002944214589749645,9.813163438286682e-05,0.0002943949031486004,9904
620,FP32,0.23083026334643364,0.4498613625764847,0.011799160158261657,0.4548201241963369,9.813163438286682e-05,0.0002943949031486004,9.812276182268236e-05,0.000294368285468047,9920
621,FP32,0.27993956208229065,0.5518905147910118,0.007988603203557432,0.5950463075125817,9.812276182268236e-05,0.000294368285468047,9.811386864823555e-05,0.0002943416059447066,9936
622,FP32,0.2147137764841318,0.41851507872343063,0.010912477970123291,0.46232156229325655,9.811386864823555e-05,0.0002943416059447066,9.810495486333592e-05,0.0002943148645900077,9952
623,FP32,0.3005899265408516,0.5934761688113213,0.007703685667365789,0.5408646091534766,9.810495486333592e-05,0.0002943148645900077,9.809602047180187e-05,0.00029428806141540556,9968
624,FP32,0.23848263174295425,0.4540438950061798,0.02292136545293033,1.29191652570003,9.809602047180187e-05,0.00029428806141540556,9.808706547746057e-05,0.0002942611964323817,9984
625,FP32,0.20412283390760422,0.3908584490418434,0.01738722436130047,0.6443127120740711,9.808706547746057e-05,0.0002942611964323817,9.80780898841481e-05,0.0002942342696524443,10000
626,FP32,0.19587403908371925,0.3769599609076977,0.014788106782361865,1.572435470673306,9.80780898841481e-05,0.0002942342696524443,9.806909369570931e-05,0.0002942072810871279,10016
627,FP32,0.23803889751434326,0.46152952313423157,0.014548290520906448,1.2656557832248467,9.806909369570931e-05,0.0002942072810871279,9.806007691599786e-05,0.0002941802307479935,10032
628,FP32,0.23982786014676094,0.46842484176158905,0.011230874923057854,0.7117202683084289,9.806007691599786e-05,0.0002941802307479935,9.805103954887627e-05,0.0002941531186466288,10048
629,FP32,0.2325478158891201,0.45316334813833237,0.011932268040254712,0.6789264045891329,9.805103954887627e-05,0.0002941531186466288,9.804198159821587e-05,0.0002941259447946476,10064
630,FP32,0.24846931174397469,0.4878619574010372,0.009076683898456395,0.7831798735038176,9.804198159821587e-05,0.0002941259447946476,9.803290306789676e-05,0.00029409870920369026,10080
631,FP32,0.18992901593446732,0.3646563030779362,0.015201725764200091,0.8158859398651288,9.803290306789676e-05,0.00029409870920369026,9.802380396180794e-05,0.0002940714118854238,10096
632,FP32,0.2696067951619625,0.528948187828064,0.010265408083796501,0.4465202156787501,9.802380396180794e-05,0.0002940714118854238,9.801468428384716e-05,0.0002940440528515414,10112
633,FP32,0.19489793479442596,0.38210270926356316,0.007693158811889589,0.434385509589773,9.801468428384716e-05,0.0002940440528515414,9.800554403792099e-05,0.00029401663211376294,10128
634,FP32,0.24106539972126484,0.47565145790576935,0.0064793393248692155,1.0697517084746486,9.800554403792099e-05,0.00029401663211376294,9.799638322794482e-05,0.0002939891496838344,10144
635,FP32,0.17530623264610767,0.3294908367097378,0.02112163044512272,1.3600533509367694,9.799638322794482e-05,0.0002939891496838344,9.798720185784287e-05,0.0002939616055735286,10160
636,FP32,0.23816752061247826,0.4643002226948738,0.012034814048092812,0.4767072149711852,9.798720185784287e-05,0.0002939616055735286,9.797799993154814e-05,0.0002939339997946444,10176
637,FP32,0.192728441208601,0.3717801421880722,0.013676728820428252,1.2488293903205312,9.797799993154814e-05,0.0002939339997946444,9.796877745300244e-05,0.00029390633235900726,10192
638,FP32,0.23801374435424805,0.44627609103918076,0.029751379508525133,0.7074746638948357,9.796877745300244e-05,0.00029390633235900726,9.795953442615638e-05,0.0002938786032784691,10208
639,FP32,0.25225017964839935,0.4823695197701454,0.022130855824798346,0.8955655217949986,9.795953442615638e-05,0.0002938786032784691,9.795027085496938e-05,0.00029385081256490806,10224
640,FP32,0.2440788634121418,0.464650996029377,0.023506705183535814,0.5814775607159816,9.795027085496938e-05,0.00029385081256490806,9.794098674340965e-05,0.00029382296023022894,10240
641,FP32,0.20463310927152634,0.3874333016574383,0.02183292480185628,1.6711326724549067,9.794098674340965e-05,0.00029382296023022894,9.793168209545425e-05,0.0002937950462863627,10256
642,FP32,0.241242453455925,0.4620647728443146,0.020420134300366044,0.776422314007453,9.793168209545425e-05,0.0002937950462863627,9.792235691508896e-05,0.0002937670707452668,10272
643,FP32,0.18741023913025856,0.3570290692150593,0.01779140788130462,0.8072810970042303,9.792235691508896e-05,0.0002937670707452668,9.791301120630839e-05,0.00029373903361892514,10288
644,FP32,0.2048109881579876,0.38452108576893806,0.02510089916177094,0.996133665296601,9.791301120630839e-05,0.00029373903361892514,9.790364497311597e-05,0.00029371093491934786,10304
645,FP32,0.2218434102833271,0.4256320632994175,0.01805477449670434,0.7256673921352818,9.790364497311597e-05,0.00029371093491934786,9.789425821952387e-05,0.0002936827746585716,10320
646,FP32,0.2514469474554062,0.48320286348462105,0.019691028399392962,1.141764115158852,9.789425821952387e-05,0.0002936827746585716,9.788485094955309e-05,0.00029365455284865923,10336
647,FP32,0.22583305835723877,0.440440371632576,0.011225755733903497,0.9669015719134182,9.788485094955309e-05,0.00029365455284865923,9.78754231672334e-05,0.00029362626950170016,10352
648,FP32,0.23727677762508392,0.45915762335062027,0.015395933936815709,0.9828276627322667,9.78754231672334e-05,0.00029362626950170016,9.786597487660337e-05,0.00029359792462981004,10368
649,FP32,0.14558985829353333,0.27680182829499245,0.014377882704138756,0.8685518230299186,9.786597487660337e-05,0.00029359792462981004,9.785650608171034e-05,0.000293569518245131,10384
650,FP32,0.23270435631275177,0.4503875970840454,0.015021100523881614,1.1896961382395317,9.785650608171034e-05,0.000293569518245131,9.784701678661045e-05,0.0002935410503598313,10400
651,FP32,0.2751012407243252,0.5358408540487289,0.014361640205606818,1.1854680196942318,9.784701678661045e-05,0.0002935410503598313,9.78375069953686e-05,0.00029351252098610577,10416
652,FP32,0.2128010354936123,0.4117588438093662,0.013843242079019547,1.1246084256629514,9.78375069953686e-05,0.00029351252098610577,9.78279767120585e-05,0.0002934839301361755,10432
653,FP32,0.1691148765385151,0.31842123717069626,0.019808525452390313,0.7096063455619067,9.78279767120585e-05,0.0002934839301361755,9.78184259407626e-05,0.0002934552778222878,10448
654,FP32,0.20767709240317345,0.39576321467757225,0.019590961979702115,0.39092851726366834,9.78184259407626e-05,0.0002934552778222878,9.780885468557216e-05,0.00029342656405671643,10464
655,FP32,0.19692377373576164,0.37881720066070557,0.01503035076893866,0.6930500855126261,9.780885468557216e-05,0.00029342656405671643,9.77992629505872e-05,0.00029339778885176157,10480
656,FP32,0.25361768528819084,0.49208059906959534,0.015154767548665404,0.6609162589972886,9.77992629505872e-05,0.00029339778885176157,9.778965073991651e-05,0.00029336895221974946,10496
657,FP32,0.20097492262721062,0.3844480961561203,0.017501739552244544,1.1053127669396248,9.778965073991651e-05,0.00029336895221974946,9.778001805767767e-05,0.000293340054173033,10512
658,FP32,0.26579970493912697,0.5091567486524582,0.02244265004992485,0.957057660497648,9.778001805767767e-05,0.000293340054173033,9.777036490799697e-05,0.0002933110947239909,10528
659,FP32,0.22596148028969765,0.4375366270542145,0.014386323222424835,0.6933328776857518,9.777036490799697e-05,0.0002933110947239909,9.776069129500958e-05,0.0002932820738850287,10544
660,FP32,0.20195847749710083,0.3935895711183548,0.01032737991772592,0.6819756743559547,9.776069129500958e-05,0.0002932820738850287,9.775099722285935e-05,0.00029325299166857796,10560
661,FP32,0.24141272902488708,0.4697128161787987,0.013112650252878666,0.4931257682828177,9.775099722285935e-05,0.00029325299166857796,9.774128269569887e-05,0.00029322384808709654,10576
662,FP32,0.23573645949363708,0.45706138014793396,0.014411530224606395,1.196218945555678,9.774128269569887e-05,0.00029322384808709654,9.773154771768955e-05,0.0002931946431530686,10592
663,FP32,0.20734736882150173,0.39993831515312195,0.014756424585357308,1.151505165008636,9.773154771768955e-05,0.0002931946431530686,9.772179229300157e-05,0.0002931653768790047,10608
664,FP32,0.17818208038806915,0.3351377993822098,0.021226372569799423,0.680998135227146,9.772179229300157e-05,0.0002931653768790047,9.771201642581385e-05,0.0002931360492774415,10624
665,FP32,0.1862208340317011,0.35545502975583076,0.01698663830757141,0.9209122671995427,9.771201642581385e-05,0.0002931360492774415,9.770222012031402e-05,0.00029310666036094204,10640
666,FP32,0.23386618494987488,0.44639599323272705,0.021336383186280727,0.8630976655799779,9.770222012031402e-05,0.00029310666036094204,9.769240338069854e-05,0.00029307721014209555,10656
667,FP32,0.22279909998178482,0.4291355460882187,0.016462661558762193,0.40135134364776326,9.769240338069854e-05,0.00029307721014209555,9.768256621117257e-05,0.0002930476986335177,10672
668,FP32,0.18954462930560112,0.3669878579676151,0.012101396452635527,0.5339449410362727,9.768256621117257e-05,0.0002930476986335177,9.767270861595005e-05,0.00029301812584785013,10688
669,FP32,0.1695144698023796,0.32663510739803314,0.012393831508234143,1.6423598982654959,9.767270861595005e-05,0.00029301812584785013,9.766283059925367e-05,0.000292988491797761,10704
670,FP32,0.25868622958660126,0.5066976882517338,0.010674774064682424,2.2107439663096735,9.766283059925367e-05,0.000292988491797761,9.765293216531486e-05,0.0002929587964959445,10720
671,FP32,0.30084652081131935,0.5931397452950478,0.00855329935438931,0.4459076647144941,9.765293216531486e-05,0.0002929587964959445,9.764301331837376e-05,0.00029292903995512123,10736
672,FP32,0.2856534384191036,0.541715994477272,0.029590849298983812,0.5924225837279624,9.764301331837376e-05,0.00029292903995512123,9.763307406267932e-05,0.00029289922218803794,10752
673,FP32,0.2636677920818329,0.5041109099984169,0.023224676959216595,1.0901651247316,9.763307406267932e-05,0.00029289922218803794,9.762311440248919e-05,0.0002928693432074675,10768
674,FP32,0.2199702151119709,0.4207068532705307,0.019233584287576377,2.0839180695842847,9.762311440248919e-05,0.0002928693432074675,9.761313434206978e-05,0.0002928394030262093,10784
675,FP32,0.1990739367902279,0.3842967748641968,0.01385111571289599,1.0054189339441955,9.761313434206978e-05,0.0002928394030262093,9.760313388569622e-05,0.0002928094016570886,10800
676,FP32,0.19289954379200935,0.36806271225214005,0.01773637335281819,0.9952834510260853,9.760313388569622e-05,0.0002928094016570886,9.75931130376524e-05,0.0002927793391129571,10816
677,FP32,0.28428586944937706,0.5586267858743668,0.0099449377739802,0.8355396650884567,9.75931130376524e-05,0.0002927793391129571,9.758307180223091e-05,0.0002927492154066927,10832
678,FP32,0.1878584511578083,0.3641577176749706,0.011559171485714614,1.4656705082302954,9.758307180223091e-05,0.0002927492154066927,9.757301018373312e-05,0.00029271903055119936,10848
679,FP32,0.1991701815277338,0.3889838419854641,0.009356539929285645,1.1300236894479847,9.757301018373312e-05,0.00029271903055119936,9.756292818646913e-05,0.00029268878455940734,10864
680,FP32,0.16657095775008202,0.31460682302713394,0.018535110517404974,0.5563938069492076,9.756292818646913e-05,0.00029268878455940734,9.755282581475769e-05,0.00029265847744427303,10880
681,FP32,0.2212879005819559,0.4247525818645954,0.017823235597461462,0.9154340396992806,9.755282581475769e-05,0.00029265847744427303,9.754270307292637e-05,0.00029262810921877906,10896
682,FP32,0.2185698002576828,0.42763933539390564,0.009500253363512456,1.3602187123209613,9.754270307292637e-05,0.00029262810921877906,9.753255996531141e-05,0.00029259767989593417,10912
683,FP32,0.21915993094444275,0.4246954545378685,0.01362441061064601,0.9105375156735882,9.753255996531141e-05,0.00029259767989593417,9.752239649625783e-05,0.00029256718948877345,10928
684,FP32,0.23372962698340416,0.4482427276670933,0.01921649428550154,1.1981335893520677,9.752239649625783e-05,0.00029256718948877345,9.751221267011929e-05,0.00029253663801035785,10944
685,FP32,0.21069944091141224,0.4041840024292469,0.017214878462255,0.663655343243336,9.751221267011929e-05,0.00029253663801035785,9.750200849125828e-05,0.0002925060254737748,10960
686,FP32,0.14176982268691063,0.270452294498682,0.013087348081171513,0.5485433064367509,9.750200849125828e-05,0.0002925060254737748,9.749178396404588e-05,0.0002924753518921376,10976
687,FP32,0.22833466157317162,0.44587036967277527,0.01079895393922925,1.600539580770457,9.749178396404588e-05,0.0002924753518921376,9.7481539092862e-05,0.00029244461727858593,10992
688,FP32,0.22386427223682404,0.42887039110064507,0.01885814848355949,1.0183887612936544,9.7481539092862e-05,0.00029244461727858593,9.74712738820952e-05,0.00029241382164628556,11008
689,FP32,0.22066257521510124,0.42967312037944794,0.011652020504698157,0.7438481297470005,9.74712738820952e-05,0.00029241382164628556,9.746098833614276e-05,0.00029238296500842825,11024
690,FP32,0.23431451991200447,0.454780675470829,0.013848360744304955,0.7754015231062238,9.746098833614276e-05,0.00029238296500842825,9.74506824594107e-05,0.00029235204737823204,11040
691,FP32,0.19997867196798325,0.38500895723700523,0.01494839834049344,0.45248553272684744,9.74506824594107e-05,0.00029235204737823204,9.744035625631372e-05,0.0002923210687689411,11056
692,FP32,0.17713071033358574,0.34093114733695984,0.013330284273251891,1.4211540802993476,9.744035625631372e-05,0.0002923210687689411,9.743000973127523e-05,0.00029229002919382564,11072
693,FP32,0.25291990861296654,0.49656136333942413,0.00927846529521048,1.2803703944754528,9.743000973127523e-05,0.00029229002919382564,9.741964288872738e-05,0.0002922589286661821,11088
694,FP32,0.22541098296642303,0.43638406693935394,0.014437905512750149,1.0278861372554882,9.741964288872738e-05,0.0002922589286661821,9.740925573311097e-05,0.00029222776719933286,11104
695,FP32,0.23471061140298843,0.4551727958023548,0.01424844330176711,0.5274639341534979,9.740925573311097e-05,0.00029222776719933286,9.739884826887553e-05,0.00029219654480662656,11120
696,FP32,0.2343764789402485,0.4555513896048069,0.013201547437347472,1.0139199998429085,9.739884826887553e-05,0.00029219654480662656,9.73884205004793e-05,0.00029216526150143785,11136
697,FP32,0.25510865449905396,0.488644540309906,0.02157275751233101,1.1307374637534982,9.73884205004793e-05,0.00029216526150143785,9.737797243238917e-05,0.0002921339172971675,11152
698,FP32,0.20868133753538132,0.40087807178497314,0.016484620980918407,1.5564909804663338,9.737797243238917e-05,0.0002921339172971675,9.736750406908082e-05,0.0002921025122072424,11168
699,FP32,0.26545798033475876,0.5138058066368103,0.01711016579065472,0.8590798855296875,9.736750406908082e-05,0.0002921025122072424,9.735701541503852e-05,0.0002920710462451155,11184
700,FP32,0.1605832315981388,0.3056771978735924,0.01548925950191915,1.04680634949568,9.735701541503852e-05,0.0002920710462451155,9.73465064747553e-05,0.0002920395194242658,11200
701,FP32,0.21444904804229736,0.4159555658698082,0.012942545348778367,1.6592306855184402,9.73465064747553e-05,0.0002920395194242658,9.733597725273283e-05,0.0002920079317581984,11216
702,FP32,0.23462683707475662,0.45353376120328903,0.015719888266175985,0.6468164145558681,9.733597725273283e-05,0.0002920079317581984,9.73254277534815e-05,0.00029197628326044445,11232
703,FP32,0.27545313723385334,0.5270392559468746,0.023867042502388358,0.8684248568013356,9.73254277534815e-05,0.00029197628326044445,9.731485798152041e-05,0.0002919445739445612,11248
704,FP32,0.23540833592414856,0.45870281755924225,0.012113829143345356,1.0021967128992337,9.731485798152041e-05,0.0002919445739445612,9.730426794137727e-05,0.0002919128038241318,11264
705,FP32,0.2164912037551403,0.4118189215660095,0.021163490135222673,0.933773473642036,9.730426794137727e-05,0.0002919128038241318,9.729365763758856e-05,0.0002918809729127656,11280
706,FP32,0.24827340431511402,0.4875386171042919,0.009008174296468496,0.48111119530249624,9.729365763758856e-05,0.0002918809729127656,9.728302707469936e-05,0.00029184908122409804,11296
707,FP32,0.21407470107078552,0.4083043336868286,0.01984505425207317,0.5381776133469907,9.728302707469936e-05,0.00029184908122409804,9.727237625726349e-05,0.0002918171287717904,11312
708,FP32,0.15158539824187756,0.2885895222425461,0.014581260271370411,0.9398857418280634,9.727237625726349e-05,0.0002918171287717904,9.726170518984341e-05,0.0002917851155695302,11328
709,FP32,0.20816915482282639,0.3970756568014622,0.01926263398490846,0.9211474271690282,9.726170518984341e-05,0.0002917851155695302,9.725101387701028e-05,0.00029175304163103077,11344
710,FP32,0.23303517326712608,0.45326128602027893,0.012809051433578134,1.341487672818091,9.725101387701028e-05,0.00029175304163103077,9.724030232334391e-05,0.0002917209069700317,11360
711,FP32,0.27486493065953255,0.5321348607540131,0.017594996839761734,1.002390648979848,9.724030232334391e-05,0.0002917209069700317,9.722957053343278e-05,0.0002916887116002983,11376
712,FP32,0.23630567640066147,0.4564794450998306,0.01613189117051661,0.8342397044209356,9.722957053343278e-05,0.0002916887116002983,9.721881851187406e-05,0.00029165645553562214,11392
713,FP32,0.2904096283018589,0.5687026083469391,0.012116640573367476,0.7722923657539555,9.721881851187406e-05,0.00029165645553562214,9.720804626327356e-05,0.00029162413878982066,11408
714,FP32,0.2794220671057701,0.5471455752849579,0.011698551010340452,0.43496797256285025,9.720804626327356e-05,0.00029162413878982066,9.71972537922458e-05,0.0002915917613767374,11424
715,FP32,0.2994466498494148,0.5853941068053246,0.013499204651452601,0.5609913643890997,9.71972537922458e-05,0.0002915917613767374,9.71864411034139e-05,0.0002915593233102417,11440
716,FP32,0.17214545607566833,0.3268481120467186,0.01744279800914228,0.7375698786893948,9.71864411034139e-05,0.0002915593233102417,9.717560820140969e-05,0.000291526824604229,11456
717,FP32,0.22215901874005795,0.43325523659586906,0.01106279285158962,0.834356193907239,9.717560820140969e-05,0.000291526824604229,9.716475509087362e-05,0.0002914942652726208,11472
718,FP32,0.24765267223119736,0.478054404258728,0.017250933684408665,0.5079561971174938,9.716475509087362e-05,0.0002914942652726208,9.715388177645484e-05,0.0002914616453293645,11488
719,FP32,0.20985056087374687,0.4015805646777153,0.01812056335620582,0.8504717912737804,9.715388177645484e-05,0.0002914616453293645,9.714298826281114e-05,0.0002914289647884334,11504
720,FP32,0.27510330080986023,0.5397889167070389,0.010417704470455647,1.0057493796151875,9.714298826281114e-05,0.0002914289647884334,9.713207455460894e-05,0.00029139622366382674,11520
721,FP32,0.25408681482076645,0.4864944815635681,0.02167917462065816,0.49612675675546614,9.713207455460894e-05,0.00029139622366382674,9.71211406565233e-05,0.00029136342196956985,11536
722,FP32,0.2383904866874218,0.4564390778541565,0.020341872237622738,1.497840898271713,9.71211406565233e-05,0.00029136342196956985,9.711018657323799e-05,0.00029133055971971395,11552
723,FP32,0.22871386632323265,0.43616248667240143,0.02126526879146695,0.9945509084016546,9.711018657323799e-05,0.00029133055971971395,9.709921230944539e-05,0.0002912976369283361,11568
724,FP32,0.16751042753458023,0.3126999959349632,0.022320855408906937,0.6708406367030169,9.709921230944539e-05,0.0002912976369283361,9.708821786984652e-05,0.00029126465360953955,11584
725,FP32,0.19521473720669746,0.37651967257261276,0.013909800909459591,0.4874217435079481,9.708821786984652e-05,0.00029126465360953955,9.707720325915104e-05,0.00029123160977745306,11600
726,FP32,0.27331579104065895,0.5361398980021477,0.010491688386537135,1.5449912259635945,9.707720325915104e-05,0.00029123160977745306,9.706616848207728e-05,0.0002911985054462318,11616
727,FP32,0.15383248589932919,0.29799051582813263,0.009674461092799902,1.0618817612019316,9.706616848207728e-05,0.0002911985054462318,9.705511354335215e-05,0.0002911653406300564,11632
728,FP32,0.17765722423791885,0.34120548889040947,0.014108950505033135,0.8149887307951149,9.705511354335215e-05,0.0002911653406300564,9.704403844771128e-05,0.0002911321153431338,11648
729,FP32,0.17212004773318768,0.3263583332300186,0.017881762236356735,0.6606001262783376,9.704403844771128e-05,0.0002911321153431338,9.703294319989887e-05,0.00029109882959969655,11664
730,FP32,0.2834612913429737,0.5542563274502754,0.012666240450926125,1.1229007764295886,9.703294319989887e-05,0.00029109882959969655,9.702182780466775e-05,0.00029106548341400324,11680
731,FP32,0.26099973171949387,0.5048218443989754,0.017177587724290788,1.6986139714061552,9.702182780466775e-05,0.00029106548341400324,9.701069226677943e-05,0.00029103207680033827,11696
732,FP32,0.23308708146214485,0.45236074924468994,0.013813429046422243,0.8539214716391085,9.701069226677943e-05,0.00029103207680033827,9.699953659100401e-05,0.00029099860977301197,11712
733,FP32,0.17207923159003258,0.32511549443006516,0.019042972242459655,1.3868393140938955,9.699953659100401e-05,0.00029099860977301197,9.698836078212023e-05,0.00029096508234636065,11728
734,FP32,0.24830066040158272,0.48341940343379974,0.013181937043555081,0.7424286483194502,9.698836078212023e-05,0.00029096508234636065,9.697716484491546e-05,0.00029093149453474635,11744
735,FP32,0.19743109494447708,0.38224663957953453,0.012615556712262332,1.0875201684055464,9.697716484491546e-05,0.00029093149453474635,9.696594878418566e-05,0.0002908978463525569,11760
736,FP32,0.23660892993211746,0.46053896844387054,0.012678898172453046,0.9532072024651667,9.696594878418566e-05,0.0002908978463525569,9.695471260473545e-05,0.00029086413781420633,11776
737,FP32,0.20652123913168907,0.3989020846784115,0.014140395913273096,1.9467382976076044,9.695471260473545e-05,0.00029086413781420633,9.694345631137807e-05,0.00029083036893413417,11792
738,FP32,0.28344015404582024,0.5570711046457291,0.009809210547246039,0.6101463588044569,9.694345631137807e-05,0.00029083036893413417,9.693217990893532e-05,0.00029079653972680596,11808
739,FP32,0.22155595570802689,0.4299248121678829,0.013187086675316095,0.9657844287354062,9.693217990893532e-05,0.00029079653972680596,9.692088340223769e-05,0.00029076265020671303,11824
740,FP32,0.25695550441741943,0.4924432970583439,0.021467729937285185,0.8582585730671912,9.692088340223769e-05,0.00029076265020671303,9.690956679612421e-05,0.0002907287003883726,11840
741,FP32,0.1953382045030594,0.36102238297462463,0.029654040932655334,1.008861846774146,9.690956679612421e-05,0.0002907287003883726,9.689823009544258e-05,0.0002906946902863277,11856
742,FP32,0.1582047939300537,0.30186308547854424,0.014546491671353579,0.6429241770027034,9.689823009544258e-05,0.0002906946902863277,9.688687330504907e-05,0.00029066061991514714,11872
743,FP32,0.196444945409894,0.38074972480535507,0.012140174745582044,0.9778117328414083,9.688687330504907e-05,0.00029066061991514714,9.687549642980858e-05,0.0002906264892894257,11888
744,FP32,0.16545042395591736,0.3104609474539757,0.020439907209947705,1.6390836572726133,9.687549642980858e-05,0.0002906264892894257,9.686409947459458e-05,0.00029059229842378373,11904
745,FP32,0.20785629749298096,0.4047227278351784,0.010989876696839929,0.5907480422109056,9.686409947459458e-05,0.00029059229842378373,9.685268244428918e-05,0.0002905580473328675,11920
746,FP32,0.22346696257591248,0.42956219613552094,0.017371722380630672,1.756116063449792,9.685268244428918e-05,0.0002905580473328675,9.684124534378307e-05,0.0002905237360313492,11936
747,FP32,0.20538990572094917,0.3958743214607239,0.01490547601133585,0.9993271610679186,9.684124534378307e-05,0.0002905237360313492,9.682978817797555e-05,0.00029048936453392665,11952
748,FP32,0.27230439335107803,0.5296938195824623,0.0149149673525244,0.9831859004415601,9.682978817797555e-05,0.00029048936453392665,9.68183109517745e-05,0.0002904549328553234,11968
749,FP32,0.1598023772239685,0.2945782355964184,0.025026533054187894,0.921216593569762,9.68183109517745e-05,0.0002904549328553234,9.680681367009638e-05,0.0002904204410102891,11984
750,FP32,0.22419831529259682,0.42605261504650116,0.022344022756442428,0.8163244625754331,9.680681367009638e-05,0.0002904204410102891,9.67952963378663e-05,0.00029038588901359884,12000
751,FP32,0.20734002441167831,0.40174562856554985,0.01293442235328257,1.1054011987258834,9.67952963378663e-05,0.00029038588901359884,9.678375896001786e-05,0.00029035127688005355,12016
752,FP32,0.24380173906683922,0.46943964064121246,0.018163820379413664,1.253283619691743,9.678375896001786e-05,0.00029035127688005355,9.677220154149337e-05,0.0002903166046244801,12032
753,FP32,0.18427062965929508,0.3526114262640476,0.015929821180179715,0.8952666542356664,9.677220154149337e-05,0.0002903166046244801,9.676062408724362e-05,0.0002902818722617308,12048
754,FP32,0.23415615037083626,0.44541649892926216,0.022895798203535378,0.9276275092182598,9.676062408724362e-05,0.0002902818722617308,9.674902660222805e-05,0.0002902470798066841,12064
755,FP32,0.2250654473900795,0.42734991386532784,0.022780995815992355,0.9865711150823566,9.674902660222805e-05,0.0002902470798066841,9.673740909141463e-05,0.00029021222727424384,12080
756,FP32,0.2570253163576126,0.5028246194124222,0.011226023780182004,0.4533695483249421,9.673740909141463e-05,0.00029021222727424384,9.672577155977993e-05,0.00029017731467933974,12096
757,FP32,0.20105723291635513,0.37825585156679153,0.02385860774666071,0.8291624704104824,9.672577155977993e-05,0.00029017731467933974,9.671411401230914e-05,0.00029014234203692733,12112
758,FP32,0.2277483306825161,0.4292677789926529,0.026228888193145394,0.5426138388634202,9.671411401230914e-05,0.00029014234203692733,9.670243645399592e-05,0.00029010730936198775,12128
759,FP32,0.14815615490078926,0.2753818407654762,0.02093046880327165,1.1535311400509713,9.670243645399592e-05,0.00029010730936198775,9.669073888984263e-05,0.00029007221666952786,12144
760,FP32,0.20258788019418716,0.39390847831964493,0.011267276713624597,0.7634120330276668,9.669073888984263e-05,0.00029007221666952786,9.667902132486009e-05,0.00029003706397458023,12160
761,FP32,0.21230517700314522,0.41365262120962143,0.010957718710415065,0.8598766004016,9.667902132486009e-05,0.00029003706397458023,9.666728376406775e-05,0.0002900018512922032,12176
762,FP32,0.20716571807861328,0.40283891558647156,0.011492528137750924,0.8718198254792685,9.666728376406775e-05,0.0002900018512922032,9.665552621249361e-05,0.00028996657863748077,12192
763,FP32,0.25806032679975033,0.4933854602277279,0.022735192207619548,0.5702585511793788,9.665552621249361e-05,0.00028996657863748077,9.664374867517421e-05,0.0002899312460255226,12208
764,FP32,0.2555360905826092,0.49448946863412857,0.016582728130742908,0.6750899523668649,9.664374867517421e-05,0.0002899312460255226,9.663195115715471e-05,0.0002898958534714641,12224
765,FP32,0.23006626591086388,0.4496919959783554,0.010440530488267541,0.586723431003656,9.663195115715471e-05,0.0002898958534714641,9.662013366348877e-05,0.0002898604009904663,12240
766,FP32,0.1991783194243908,0.37591131031513214,0.022445344366133213,1.01913665938398,9.662013366348877e-05,0.0002898604009904663,9.660829619923862e-05,0.0002898248885977158,12256
767,FP32,0.22673980705440044,0.4426569640636444,0.010822644457221031,0.9326033750539068,9.660829619923862e-05,0.0002898248885977158,9.659643876947507e-05,0.00028978931630842513,12272
768,FP32,0.21163058653473854,0.4011004567146301,0.022160711232572794,1.2824708469537902,9.659643876947507e-05,0.00028978931630842513,9.658456137927745e-05,0.0002897536841378323,12288
769,FP32,0.21589970774948597,0.4066886827349663,0.025110705057159066,0.6619543589676143,9.658456137927745e-05,0.0002897536841378323,9.657266403373369e-05,0.000289717992101201,12304
770,FP32,0.18812885135412216,0.35370372980833054,0.02255398011766374,1.1766780985185625,9.657266403373369e-05,0.000289717992101201,9.656074673794018e-05,0.0002896822402138205,12320
771,FP32,0.23045959509909153,0.44599445164203644,0.014924751129001379,0.3746955581142035,9.656074673794018e-05,0.0002896822402138205,9.654880949700195e-05,0.0002896464284910058,12336
772,FP32,0.24925819039344788,0.4886990413069725,0.009817349724471569,0.8617468083886587,9.654880949700195e-05,0.0002896464284910058,9.653685231603256e-05,0.00028961055694809765,12352
773,FP32,0.2099929340183735,0.40569009631872177,0.01429577893577516,0.5947352517558762,9.653685231603256e-05,0.00028961055694809765,9.652487520015402e-05,0.000289574625600462,12368
774,FP32,0.23307217471301556,0.45775560662150383,0.008388747461140156,0.4950850857020394,9.652487520015402e-05,0.000289574625600462,9.651287815449698e-05,0.0002895386344634909,12384
775,FP32,0.17990459315478802,0.3433395028114319,0.01646969944704324,0.4821400380054913,9.651287815449698e-05,0.0002895386344634909,9.650086118420061e-05,0.00028950258355260177,12400
776,FP32,0.18316583707928658,0.35600224137306213,0.01032943930476904,1.0479413123101662,9.650086118420061e-05,0.00028950258355260177,9.648882429441257e-05,0.00028946647288323766,12416
777,FP32,0.19370433688163757,0.3744245320558548,0.012984165223315358,0.32005326502384657,9.648882429441257e-05,0.00028946647288323766,9.64767674902891e-05,0.0002894303024708673,12432
778,FP32,0.1869887001812458,0.3563940152525902,0.017583394423127174,1.0374164417852711,9.64767674902891e-05,0.0002894303024708673,9.646469077699493e-05,0.0002893940723309848,12448
779,FP32,0.2411107625812292,0.4642247408628464,0.01799680182011798,0.7648761194070492,9.646469077699493e-05,0.0002893940723309848,9.645259415970338e-05,0.0002893577824791101,12464
780,FP32,0.20446442067623138,0.3956754803657532,0.01325336704030633,1.066253568183702,9.645259415970338e-05,0.0002893577824791101,9.644047764359622e-05,0.0002893214329307886,12480
781,FP32,0.2995482161641121,0.5940942615270615,0.005002153222449124,0.5177604104182446,9.644047764359622e-05,0.0002893214329307886,9.642834123386379e-05,0.00028928502370159133,12496
782,FP32,0.23239633068442345,0.4554811716079712,0.009311494999565184,0.6142833765782457,9.642834123386379e-05,0.00028928502370159133,9.641618493570494e-05,0.0002892485548071148,12512
783,FP32,0.27858293429017067,0.5478334724903107,0.009332390152849257,0.5560272032033581,9.641618493570494e-05,0.0002892485548071148,9.640400875432705e-05,0.0002892120262629811,12528
784,FP32,0.1989152692258358,0.38741200417280197,0.010418536374345422,1.1760586569051217,9.640400875432705e-05,0.0002892120262629811,9.6391812694946e-05,0.00028917543808483796,12544
785,FP32,0.19641714915633202,0.3792636916041374,0.013570603914558887,0.3900000945143514,9.6391812694946e-05,0.00028917543808483796,9.637959676278621e-05,0.00028913879028835855,12560
786,FP32,0.188035536557436,0.361779160797596,0.014291903702542186,0.555053590963668,9.637959676278621e-05,0.00028913879028835855,9.636736096308059e-05,0.0002891020828892417,12576
787,FP32,0.21565360948443413,0.4141371622681618,0.01717005018144846,1.1395113582073357,9.636736096308059e-05,0.0002891020828892417,9.635510530107055e-05,0.0002890653159032116,12592
788,FP32,0.33350083231925964,0.6546652317047119,0.012336437939666212,0.6544512743760261,9.635510530107055e-05,0.0002890653159032116,9.634282978200604e-05,0.00028902848934601806,12608
789,FP32,0.2684938311576843,0.5135651528835297,0.023422509199008346,0.5779506686749525,9.634282978200604e-05,0.00028902848934601806,9.633053441114553e-05,0.0002889916032334365,12624
790,FP32,0.2002737894654274,0.38780516386032104,0.012742409948259592,0.451130500540992,9.633053441114553e-05,0.0002889916032334365,9.631821919375591e-05,0.0002889546575812677,12640
791,FP32,0.2801627703011036,0.5520096272230148,0.00831592275062576,0.4843365989193793,9.631821919375591e-05,0.0002889546575812677,9.630588413511266e-05,0.00028891765240533795,12656
792,FP32,0.2325526773929596,0.4582747668027878,0.006830603437265381,0.6078278073637561,9.630588413511266e-05,0.00028891765240533795,9.629352924049975e-05,0.0002888805877214992,12672
793,FP32,0.12582946941256523,0.23790080845355988,0.013758133980445564,0.46172320266133354,9.629352924049975e-05,0.0002888805877214992,9.628115451520958e-05,0.0002888434635456287,12688
794,FP32,0.20109275355935097,0.3934134356677532,0.00877208320889622,0.560808419738061,9.628115451520958e-05,0.0002888434635456287,9.626875996454311e-05,0.0002888062798936293,12704
795,FP32,0.27240630984306335,0.5312802158296108,0.013532406184822321,0.6770561059259615,9.626875996454311e-05,0.0002888062798936293,9.625634559380978e-05,0.0002887690367814293,12720
796,FP32,0.22095955535769463,0.4287768341600895,0.013142273062840104,0.7962060960842191,9.625634559380978e-05,0.0002887690367814293,9.624391140832749e-05,0.00028873173422498243,12736
797,FP32,0.21838629618287086,0.4297814965248108,0.006991111789830029,0.924283970209856,9.624391140832749e-05,0.00028873173422498243,9.623145741342267e-05,0.00028869437224026794,12752
798,FP32,0.21183701418340206,0.4083615876734257,0.015312426956370473,0.8289853689321312,9.623145741342267e-05,0.00028869437224026794,9.62189836144302e-05,0.0002886569508432906,12768
799,FP32,0.2165665291249752,0.42380041629076004,0.009332632296718657,0.7244132949279151,9.62189836144302e-05,0.0002886569508432906,9.620649001669347e-05,0.0002886194700500804,12784
800,FP32,0.2941858842968941,0.5807816237211227,0.0075901380041614175,0.33122321487614126,9.620649001669347e-05,0.0002886194700500804,9.619397662556435e-05,0.000288581929876693,12800
801,FP32,0.2679269891232252,0.5292466878890991,0.006607306277146563,0.8446070707215947,9.619397662556435e-05,0.000288581929876693,9.618144344640315e-05,0.0002885443303392094,12816
802,FP32,0.20561059564352036,0.39866025745868683,0.012560956529341638,0.9670365299426436,9.618144344640315e-05,0.0002885443303392094,9.616889048457871e-05,0.0002885066714537361,12832
803,FP32,0.25765612348914146,0.5073339268565178,0.007978327485034242,0.5279982205740493,9.616889048457871e-05,0.0002885066714537361,9.615631774546832e-05,0.0002884689532364049,12848
804,FP32,0.2543877735733986,0.4970735125243664,0.011702039511874318,0.8270864970368775,9.615631774546832e-05,0.0002884689532364049,9.614372523445771e-05,0.0002884311757033731,12864
805,FP32,0.1497710719704628,0.28369787707924843,0.015844265464693308,1.256396010350026,9.614372523445771e-05,0.0002884311757033731,9.613111295694117e-05,0.00028839333887082345,12880
806,FP32,0.29641599394381046,0.5793091394007206,0.013522829744033515,2.3801707396045617,9.613111295694117e-05,0.00028839333887082345,9.611848091832134e-05,0.000288355442754964,12896
807,FP32,0.24850831553339958,0.48329079896211624,0.013725859811529517,0.7878803169278081,9.611848091832134e-05,0.000288355442754964,9.610582912400943e-05,0.0002883174873720282,12912
808,FP32,0.2528308145701885,0.48820991814136505,0.01745172159280628,1.5065748809891928,9.610582912400943e-05,0.0002883174873720282,9.609315757942503e-05,0.0002882794727382751,12928
809,FP32,0.1942918673157692,0.3763985261321068,0.012185201281681657,1.2523673955474834,9.609315757942503e-05,0.0002882794727382751,9.608046628999625e-05,0.0002882413988699887,12944
810,FP32,0.23960045538842678,0.47063060104846954,0.008570311358198524,1.395470693941605,9.608046628999625e-05,0.0002882413988699887,9.606775526115963e-05,0.00028820326578347884,12960
811,FP32,0.20875850319862366,0.40090807527303696,0.01660893764346838,1.162008358115374,9.606775526115963e-05,0.00028820326578347884,9.605502449836017e-05,0.00028816507349508047,12976
812,FP32,0.20859329774975777,0.39951349794864655,0.01767309138085693,0.6796594945245206,9.605502449836017e-05,0.00028816507349508047,9.604227400705133e-05,0.00028812682202115393,12992
813,FP32,0.1813725270330906,0.3492034785449505,0.013541565160267055,1.2495207077226886,9.604227400705133e-05,0.00028812682202115393,9.602950379269499e-05,0.00028808851137808493,13008
814,FP32,0.21638021804392338,0.422540757805109,0.010219683172181249,0.9747882716190908,9.602950379269499e-05,0.00028808851137808493,9.601671386076153e-05,0.00028805014158228456,13024
815,FP32,0.16411147825419903,0.3107532113790512,0.017469724756665528,1.3057997221770488,9.601671386076153e-05,0.00028805014158228456,9.600390421672975e-05,0.0002880117126501892,13040
816,FP32,0.17310752347111702,0.33724839985370636,0.008966649300418794,0.697247038399996,9.600390421672975e-05,0.0002880117126501892,9.599107486608689e-05,0.00028797322459826063,13056
817,FP32,0.1949862651526928,0.3785919100046158,0.01138062053360045,1.6894023372156732,9.599107486608689e-05,0.00028797322459826063,9.597822581432863e-05,0.0002879346774429858,13072
818,FP32,0.267561174929142,0.51692283898592,0.018199512269347906,0.6273539951156022,9.597822581432863e-05,0.0002879346774429858,9.596535706695911e-05,0.0002878960712008773,13088
819,FP32,0.11790227890014648,0.2109503298997879,0.02485422953031957,1.8718055241849916,9.596535706695911e-05,0.0002878960712008773,9.595246862949086e-05,0.00028785740588847255,13104
820,FP32,0.19636022299528122,0.38235488533973694,0.01036554272286594,0.6194587292222987,9.595246862949086e-05,0.00028785740588847255,9.593956050744492e-05,0.00028781868152233473,13120
821,FP32,0.22753167152404785,0.43612419813871384,0.018939154222607613,0.4986643677377713,9.593956050744492e-05,0.00028781868152233473,9.59266327063507e-05,0.00028777989811905205,13136
822,FP32,0.18611349910497665,0.35980185493826866,0.01242517028003931,0.6279304395489712,9.59266327063507e-05,0.00028777989811905205,9.591368523174605e-05,0.0002877410556952381,13152
823,FP32,0.18050776422023773,0.3398115709424019,0.021203949116170406,1.307992309200257,9.591368523174605e-05,0.0002877410556952381,9.590071808917727e-05,0.0002877021542675318,13168
824,FP32,0.18009601905941963,0.3469666317105293,0.013225405244156718,0.7787308799359434,9.590071808917727e-05,0.0002877021542675318,9.588773128419906e-05,0.00028766319385259713,13184
825,FP32,0.22020285576581955,0.4251789078116417,0.015226806281134486,0.5824367765562919,9.588773128419906e-05,0.00028766319385259713,9.587472482237456e-05,0.00028762417446712363,13200
826,FP32,0.2137559987604618,0.41377054527401924,0.013741466449573636,0.4896618874100142,9.587472482237456e-05,0.00028762417446712363,9.586169870927534e-05,0.000287585096127826,13216
827,FP32,0.17910221219062805,0.34523994475603104,0.012964498135261238,0.8437002664631907,9.586169870927534e-05,0.000287585096127826,9.584865295048136e-05,0.00028754595885144404,13232
828,FP32,0.22814073786139488,0.4433369040489197,0.01294457889162004,0.5422931175870551,9.584865295048136e-05,0.00028754595885144404,9.5835587551581e-05,0.000287506762654743,13248
829,FP32,0.22510503977537155,0.44304902106523514,0.007161052257288247,0.7286960179800017,9.5835587551581e-05,0.000287506762654743,9.582250251817108e-05,0.00028746750755451325,13264
830,FP32,0.17843308486044407,0.34545573219656944,0.011410436127334833,0.4977596098986129,9.582250251817108e-05,0.00028746750755451325,9.580939785585681e-05,0.0002874281935675704,13280
831,FP32,0.16268868930637836,0.30676599591970444,0.018611380830407143,1.1546208027611295,9.580939785585681e-05,0.0002874281935675704,9.579627357025178e-05,0.0002873888207107553,13296
832,FP32,0.26588541828095913,0.5153841115534306,0.016386722214519978,0.6355965097982498,9.579627357025178e-05,0.0002873888207107553,9.578312966697807e-05,0.00028734938900093417,13312
833,FP32,0.20400706864893436,0.397584680467844,0.010429441230371594,0.8101816950992243,9.578312966697807e-05,0.00028734938900093417,9.576996615166605e-05,0.0002873098984549981,13328
834,FP32,0.2485586516559124,0.484328493475914,0.012788817868568003,0.496521673803916,9.576996615166605e-05,0.0002873098984549981,9.57567830299546e-05,0.0002872703490898638,13344
835,FP32,0.20562027022242546,0.38947414234280586,0.021766406134702265,0.6797018373176175,9.57567830299546e-05,0.0002872703490898638,9.574358030749094e-05,0.00028723074092247276,13360
836,FP32,0.18889541923999786,0.3667433336377144,0.01104749459773302,1.0540917045098093,9.574358030749094e-05,0.00028723074092247276,9.573035798993069e-05,0.000287191073969792,13376
837,FP32,0.18546098470687866,0.3609222248196602,0.00999975751619786,0.6399303441556052,9.573035798993069e-05,0.000287191073969792,9.571711608293785e-05,0.0002871513482488135,13392
838,FP32,0.2019028253853321,0.3910832218825817,0.012722423067316413,0.7609011572189196,9.571711608293785e-05,0.0002871513482488135,9.570385459218489e-05,0.0002871115637765546,13408
839,FP32,0.1871296614408493,0.36463434249162674,0.009624991798773408,0.600536179415308,9.570385459218489e-05,0.0002871115637765546,9.569057352335256e-05,0.00028707172057005763,13424
840,FP32,0.2385113500058651,0.4481630325317383,0.02885965956375003,0.6700906964104185,9.569057352335256e-05,0.00028707172057005763,9.567727288213005e-05,0.0002870318186463901,13440
841,FP32,0.2959921956062317,0.5840985924005508,0.007885810220614076,0.5541227699498885,9.567727288213005e-05,0.0002870318186463901,9.566395267421496e-05,0.0002869918580226448,13456
842,FP32,0.23293281719088554,0.44852034375071526,0.01734527526423335,0.8513932290789678,9.566395267421496e-05,0.0002869918580226448,9.565061290531322e-05,0.0002869518387159396,13472
843,FP32,0.19324088841676712,0.3768868111073971,0.009594986448064446,0.4563775064155635,9.565061290531322e-05,0.0002869518387159396,9.563725358113918e-05,0.00028691176074341747,13488
844,FP32,0.1646039467304945,0.31750595569610596,0.011701940326020122,0.978925338441401,9.563725358113918e-05,0.00028691176074341747,9.562387470741554e-05,0.00028687162412224657,13504
845,FP32,0.16538391262292862,0.3135203793644905,0.017247450770810246,0.32544963562731916,9.562387470741554e-05,0.00028687162412224657,9.561047628987339e-05,0.00028683142886962013,13520
846,FP32,0.1896352544426918,0.36568035930395126,0.013590139569714665,0.5227224130380657,9.561047628987339e-05,0.00028683142886962013,9.559705833425218e-05,0.00028679117500275653,13536
847,FP32,0.25091876834630966,0.4905157536268234,0.011321775033138692,0.735184714985333,9.559705833425218e-05,0.00028679117500275653,9.558362084629975e-05,0.0002867508625388992,13552
848,FP32,0.22120815888047218,0.4274994768202305,0.014916809741407633,0.7510518199747451,9.558362084629975e-05,0.0002867508625388992,9.557016383177227e-05,0.00028671049149531675,13568
849,FP32,0.1951546836644411,0.38107720017433167,0.009232177748344839,0.4832119362583627,9.557016383177227e-05,0.00028671049149531675,9.555668729643432e-05,0.0002866700618893029,13584
850,FP32,0.21446404978632927,0.4159002751111984,0.013027836801484227,0.8602754204198921,9.555668729643432e-05,0.0002866700618893029,9.554319124605879e-05,0.0002866295737381763,13600
851,FP32,0.14535591565072536,0.2784191854298115,0.012292644358240068,0.6405813727530464,9.554319124605879e-05,0.0002866295737381763,9.5529675686427e-05,0.00028658902705928094,13616
852,FP32,0.2208290994167328,0.4234166666865349,0.01824151980690658,0.3361852300262042,9.5529675686427e-05,0.00028658902705928094,9.551614062332856e-05,0.00028654842186998564,13632
853,FP32,0.12532209884375334,0.23830827698111534,0.01233592675998807,1.3512764687583754,9.551614062332856e-05,0.00028654842186998564,9.550258606256146e-05,0.0002865077581876843,13648
854,FP32,0.21676334738731384,0.41856851428747177,0.01495818083640188,1.127024395250704,9.550258606256146e-05,0.0002865077581876843,9.548901200993205e-05,0.0002864670360297961,13664
855,FP32,0.21584947034716606,0.4166810177266598,0.01501793204806745,0.7229465444863259,9.548901200993205e-05,0.0002864670360297961,9.547541847125503e-05,0.00028642625541376506,13680
856,FP32,0.1472092866897583,0.28404753282666206,0.010371036711148918,1.047766285147175,9.547541847125503e-05,0.00028642625541376506,9.546180545235344e-05,0.00028638541635706027,13696
857,FP32,0.16614763997495174,0.31337668746709824,0.01891859364695847,0.6156610822985377,9.546180545235344e-05,0.00028638541635706027,9.544817295905864e-05,0.0002863445188771759,13712
858,FP32,0.20606143958866596,0.3942853808403015,0.017837468534708023,0.5378777564660427,9.544817295905864e-05,0.0002863445188771759,9.543452099721037e-05,0.0002863035629916311,13728
859,FP32,0.19836313277482986,0.38699812442064285,0.009728151373565197,0.6500135092387221,9.543452099721037e-05,0.0002863035629916311,9.542084957265672e-05,0.0002862625487179701,13744
860,FP32,0.20982543379068375,0.40137338638305664,0.018277481896802783,0.7048131147966907,9.542084957265672e-05,0.0002862625487179701,9.540715869125407e-05,0.0002862214760737622,13760
861,FP32,0.22795037180185318,0.43946274369955063,0.016438000835478306,0.5739890044690044,9.540715869125407e-05,0.0002862214760737622,9.539344835886716e-05,0.00028618034507660144,13776
862,FP32,0.17683756165206432,0.3383413776755333,0.015333752147853374,0.4496849482357168,9.539344835886716e-05,0.00028618034507660144,9.537971858136907e-05,0.00028613915574410715,13792
863,FP32,0.18596868962049484,0.3497687093913555,0.0221686779987067,0.9647649898276732,9.537971858136907e-05,0.00028613915574410715,9.536596936464119e-05,0.00028609790809392354,13808
864,FP32,0.1593765690922737,0.3024785667657852,0.016274574911221862,0.89253536406713,9.536596936464119e-05,0.00028609790809392354,9.535220071457325e-05,0.0002860566021437197,13824
865,FP32,0.24031412973999977,0.45815977454185486,0.022468488663434982,0.8188884222992449,9.535220071457325e-05,0.0002860566021437197,9.533841263706331e-05,0.0002860152379111899,13840
866,FP32,0.23216818645596504,0.44946103170514107,0.014875345048494637,0.47841761321033355,9.533841263706331e-05,0.0002860152379111899,9.532460513801774e-05,0.0002859738154140532,13856
867,FP32,0.26284309476614,0.5204544886946678,0.005231710500083864,0.4923469917607532,9.532460513801774e-05,0.0002859738154140532,9.531077822335123e-05,0.0002859323346700537,13872
868,FP32,0.221499340608716,0.42404309287667274,0.01895557262469083,1.0919267793592227,9.531077822335123e-05,0.0002859323346700537,9.52969318989868e-05,0.0002858907956969604,13888
869,FP32,0.287408247590065,0.5674691498279572,0.007347366656176746,0.7335072556129739,9.52969318989868e-05,0.0002858907956969604,9.528306617085576e-05,0.00028584919851256724,13904
870,FP32,0.245604045689106,0.48554757237434387,0.005660513415932655,0.5960545078789685,9.528306617085576e-05,0.00028584919851256724,9.526918104489777e-05,0.00028580754313469326,13920
871,FP32,0.22229211777448654,0.42659377306699753,0.017990441876463592,0.7830321611335914,9.526918104489777e-05,0.00028580754313469326,9.525527652706075e-05,0.00028576582958118223,13936
872,FP32,0.15955070592463017,0.28337282687425613,0.035728583578020334,0.8172884283641021,9.525527652706075e-05,0.00028576582958118223,9.524135262330098e-05,0.00028572405786990294,13952
873,FP32,0.12422206811606884,0.23593369126319885,0.0125104368198663,0.5113599873911676,9.524135262330098e-05,0.00028572405786990294,9.522740933958301e-05,0.000285682228018749,13968
874,FP32,0.14702110551297665,0.28086335584521294,0.013178850756958127,0.8956735140700287,9.522740933958301e-05,0.000285682228018749,9.521344668187969e-05,0.000285640340045639,13984
875,FP32,0.2341932263225317,0.4509306401014328,0.01745581510476768,0.5533729502668883,9.521344668187969e-05,0.000285640340045639,9.519946465617218e-05,0.0002855983939685165,14000
876,FP32,0.24263932555913925,0.476049467921257,0.009229198039975017,0.39377270487006794,9.519946465617218e-05,0.0002855983939685165,9.518546326844993e-05,0.00028555638980534974,14016
877,FP32,0.22281292080879211,0.43001680821180344,0.015609043766744435,0.3792724530368118,9.518546326844993e-05,0.00028555638980534974,9.517144252471071e-05,0.0002855143275741321,14032
878,FP32,0.18505334854125977,0.361931923776865,0.008174789400072768,0.6892277744865406,9.517144252471071e-05,0.0002855143275741321,9.515740243096057e-05,0.00028547220729288164,14048
879,FP32,0.19145182892680168,0.3687916547060013,0.014112000353634357,0.7954648213159988,9.515740243096057e-05,0.00028547220729288164,9.51433429932138e-05,0.0002854300289796413,14064
880,FP32,0.19968816824257374,0.390482559800148,0.008893763413652778,0.35434253510177405,9.51433429932138e-05,0.0002854300289796413,9.512926421749304e-05,0.0002853877926524791,14080
881,FP32,0.1901989933103323,0.35965606942772865,0.020741923712193966,1.103041933214748,9.512926421749304e-05,0.0002853877926524791,9.511516610982918e-05,0.0002853454983294875,14096
882,FP32,0.15140985697507858,0.28640028461813927,0.01641943759750575,0.5199479692361073,9.511516610982918e-05,0.0002853454983294875,9.510104867626142e-05,0.0002853031460287842,14112
883,FP32,0.15821955725550652,0.3065537139773369,0.009885388310067356,0.7234910640792014,9.510104867626142e-05,0.0002853031460287842,9.50869119228372e-05,0.00028526073576851156,14128
884,FP32,0.24794279411435127,0.4858793318271637,0.010006236610934138,0.33083088669035743,9.50869119228372e-05,0.00028526073576851156,9.507275585561229e-05,0.0002852182675668368,14144
885,FP32,0.1917767934501171,0.3731578588485718,0.010395730729214847,0.6685656200459021,9.507275585561229e-05,0.0002852182675668368,9.505858048065066e-05,0.0002851757414419519,14160
886,FP32,0.2301096860319376,0.4407181739807129,0.01950119249522686,0.4904594277114812,9.505858048065066e-05,0.0002851757414419519,9.50443858040246e-05,0.0002851331574120738,14176
887,FP32,0.15221221931278706,0.2904069721698761,0.014017473673447967,1.4839918329375832,9.50443858040246e-05,0.0002851331574120738,9.503017183181468e-05,0.00028509051549544396,14192
888,FP32,0.2799438424408436,0.5482697710394859,0.011617917945841327,0.5264145886252918,9.503017183181468e-05,0.00028509051549544396,9.501593857010969e-05,0.000285047815710329,14208
889,FP32,0.17872509360313416,0.34951217845082283,0.0079380011302419,0.9389731633812871,9.501593857010969e-05,0.000285047815710329,9.50016860250067e-05,0.00028500505807502007,14224
890,FP32,0.23495037481188774,0.4549971744418144,0.01490353955887258,0.4133013907438873,9.50016860250067e-05,0.00028500505807502007,9.498741420261108e-05,0.0002849622426078332,14240
891,FP32,0.24536088854074478,0.4764886908233166,0.014233098365366459,0.9839113587589945,9.498741420261108e-05,0.0002849622426078332,9.497312310903639e-05,0.00028491936932710917,14256
892,FP32,0.24261976964771748,0.4749404042959213,0.01029910717625171,0.6770174668635919,9.497312310903639e-05,0.00028491936932710917,9.495881275040453e-05,0.0002848764382512135,14272
893,FP32,0.17185618914663792,0.3229326494038105,0.020779740065336227,1.0163788194824377,9.495881275040453e-05,0.0002848764382512135,9.494448313284554e-05,0.0002848334493985366,14288
894,FP32,0.12239897437393665,0.23219146952033043,0.012606466189026833,0.9136224889652653,9.494448313284554e-05,0.0002848334493985366,9.493013426249782e-05,0.0002847904027874934,14304
895,FP32,0.17783625610172749,0.3427196778357029,0.01295283972285688,0.74988045473162,9.493013426249782e-05,0.0002847904027874934,9.491576614550795e-05,0.00028474729843652383,14320
896,FP32,0.16170918568968773,0.31094488874077797,0.01247348333708942,0.6857424509874823,9.491576614550795e-05,0.00028474729843652383,9.490137878803079e-05,0.0002847041363640923,14336
897,FP32,0.17877563275396824,0.34061334654688835,0.01693791028810665,0.7673035357251103,9.490137878803079e-05,0.0002847041363640923,9.48869721962294e-05,0.0002846609165886882,14352
898,FP32,0.2084200233221054,0.4035676643252373,0.01327238092198968,0.5827855617140422,9.48869721962294e-05,0.0002846609165886882,9.487254637627514e-05,0.00028461763912882536,14368
899,FP32,0.20863695070147514,0.4095197804272175,0.0077541309874504805,0.6466867205813797,9.487254637627514e-05,0.00028461763912882536,9.485810133434753e-05,0.0002845743040030426,14384
900,FP32,0.14871033653616905,0.28413987532258034,0.013280813815072179,0.5121474078213911,9.485810133434753e-05,0.0002845743040030426,9.484363707663442e-05,0.00028453091122990323,14400
901,FP32,0.30854472517967224,0.60723777115345,0.009851669427007437,0.6585120536223841,9.484363707663442e-05,0.00028453091122990323,9.48291536093318e-05,0.0002844874608279954,14416
902,FP32,0.24364467710256577,0.4780675247311592,0.009221817832440138,0.8114145903929741,9.48291536093318e-05,0.0002844874608279954,9.481465093864395e-05,0.0002844439528159318,14432
903,FP32,0.19751964509487152,0.3824186734855175,0.012620620662346482,0.8729634437234188,9.481465093864395e-05,0.0002844439528159318,9.480012907078333e-05,0.00028440038721234994,14448
904,FP32,0.1992037184536457,0.3782622814178467,0.020145155023783445,0.8672104207270935,9.480012907078333e-05,0.00028440038721234994,9.478558801197065e-05,0.0002843567640359119,14464
905,FP32,0.2269177194684744,0.44542233645915985,0.008413078729063272,0.8255544741974873,9.478558801197065e-05,0.0002843567640359119,9.477102776843485e-05,0.0002843130833053045,14480
906,FP32,0.18406364880502224,0.3565296605229378,0.011597638251259923,0.8490111627500108,9.477102776843485e-05,0.0002843130833053045,9.475644834641308e-05,0.00028426934503923923,14496
907,FP32,0.2330082356929779,0.45157258212566376,0.01444389927200973,0.7373602546552883,9.475644834641308e-05,0.00028426934503923923,9.474184975215069e-05,0.00028422554925645204,14512
908,FP32,0.15068636275827885,0.2871739901602268,0.014198730001226068,0.8748391822048671,9.474184975215069e-05,0.00028422554925645204,9.472723199190125e-05,0.0002841816959757037,14528
909,FP32,0.26755423471331596,0.5266615599393845,0.00844692109967582,0.8602048488259308,9.472723199190125e-05,0.0002841816959757037,9.471259507192657e-05,0.00028413778521577967,14544
910,FP32,0.19784878194332123,0.38756097853183746,0.008136582910083234,1.0529525720729114,9.471259507192657e-05,0.00028413778521577967,9.469793899849661e-05,0.00028409381699548983,14560
911,FP32,0.2026454098522663,0.3837176263332367,0.02157320047263056,0.9131586556405037,9.469793899849661e-05,0.00028409381699548983,9.468326377788959e-05,0.0002840497913336687,14576
912,FP32,0.2569326087832451,0.5072543248534203,0.0066109184990637004,0.5580225997922504,9.468326377788959e-05,0.0002840497913336687,9.466856941639188e-05,0.0002840057082491756,14592
913,FP32,0.23210184834897518,0.4494878053665161,0.014715899247676134,0.6854011433251389,9.466856941639188e-05,0.0002840057082491756,9.46538559202981e-05,0.0002839615677608943,14608
914,FP32,0.21654870361089706,0.4222191944718361,0.010878201457671821,0.5371538713679003,9.46538559202981e-05,0.0002839615677608943,9.463912329591105e-05,0.0002839173698877331,14624
915,FP32,0.24106157943606377,0.4678570181131363,0.01426613749936223,0.7862994521435636,9.463912329591105e-05,0.0002839173698877331,9.46243715495417e-05,0.0002838731146486251,14640
916,FP32,0.1356720719486475,0.25102413818240166,0.02032000827603042,0.5853478496663559,9.46243715495417e-05,0.0002838731146486251,9.460960068750924e-05,0.0002838288020625277,14656
917,FP32,0.21367749571800232,0.41937030851840973,0.007984678260982037,1.2969280323536791,9.460960068750924e-05,0.0002838288020625277,9.459481071614104e-05,0.0002837844321484231,14672
918,FP32,0.16135765239596367,0.2996906153857708,0.023024677997455,0.6071780963196144,9.459481071614104e-05,0.0002837844321484231,9.458000164177263e-05,0.00028374000492531785,14688
919,FP32,0.2276310995221138,0.43988120183348656,0.015381005825474858,0.7295382128940148,9.458000164177263e-05,0.00028374000492531785,9.456517347074778e-05,0.0002836955204122433,14704
920,FP32,0.22373048961162567,0.43115946650505066,0.01630149711854756,0.3298079631229569,9.456517347074778e-05,0.0002836955204122433,9.45503262094184e-05,0.00028365097862825513,14720
921,FP32,0.16994531452655792,0.3192373253405094,0.020653314422816038,0.9036847715622544,9.45503262094184e-05,0.00028365097862825513,9.453545986414457e-05,0.00028360637959243365,14736
922,FP32,0.1752272341400385,0.33925821632146835,0.011196248466148973,0.79266407582263,9.453545986414457e-05,0.00028360637959243365,9.452057444129456e-05,0.00028356172332388364,14752
923,FP32,0.20595169253647327,0.3983166925609112,0.0135866969358176,0.7122868603310752,9.452057444129456e-05,0.00028356172332388364,9.450566994724483e-05,0.00028351700984173447,14768
924,FP32,0.14599241502583027,0.28430746123194695,0.007677377434447408,0.7395142536421014,9.450566994724483e-05,0.00028351700984173447,9.449074638837999e-05,0.00028347223916513995,14784
925,FP32,0.24634288251399994,0.48054252564907074,0.012143234140239656,0.7077301648915558,9.449074638837999e-05,0.00028347223916513995,9.447580377109281e-05,0.0002834274113132784,14800
926,FP32,0.12092860415577888,0.22304299101233482,0.0188142207916826,0.9817056118197443,9.447580377109281e-05,0.0002834274113132784,9.446084210178423e-05,0.00028338252630535264,14816
927,FP32,0.21426531299948692,0.4153009504079819,0.013229670585133135,1.573944332858588,9.446084210178423e-05,0.00028338252630535264,9.444586138686335e-05,0.00028333758416059,14832
928,FP32,0.1564099993556738,0.30205489695072174,0.010765112470835447,0.8517741069776116,9.444586138686335e-05,0.00028333758416059,9.443086163274745e-05,0.0002832925848982423,14848
929,FP32,0.26102543994784355,0.5174458771944046,0.004605006193742156,0.9814561084985495,9.443086163274745e-05,0.0002832925848982423,9.441584284586193e-05,0.00028324752853758575,14864
930,FP32,0.19280154630541801,0.37245848402380943,0.013144626864232123,0.9146294200619973,9.441584284586193e-05,0.00028324752853758575,9.440080503264037e-05,0.0002832024150979211,14880
931,FP32,0.1158902645111084,0.21738823875784874,0.014392293873243034,0.5036896161228804,9.440080503264037e-05,0.0002832024150979211,9.43857481995245e-05,0.00028315724459857346,14896
932,FP32,0.23478567972779274,0.4553328901529312,0.014238452538847923,0.4784963021626499,9.43857481995245e-05,0.00028315724459857346,9.437067235296418e-05,0.00028311201705889246,14912
933,FP32,0.23858731612563133,0.46454180777072906,0.012632806086912751,1.5321793998926863,9.437067235296418e-05,0.00028311201705889246,9.43555774994174e-05,0.00028306673249825216,14928
934,FP32,0.24796121567487717,0.4805805832147598,0.015341851394623518,1.0742510464945505,9.43555774994174e-05,0.00028306673249825216,9.434046364535037e-05,0.00028302139093605105,14944
935,FP32,0.2961021959781647,0.5865630134940147,0.005641357623971999,0.43352203347142715,9.434046364535037e-05,0.00028302139093605105,9.432533079723733e-05,0.00028297599239171197,14960
936,FP32,0.2752908580005169,0.5383691787719727,0.012212558998726308,0.7215730181346712,9.432533079723733e-05,0.00028297599239171197,9.431017896156074e-05,0.00028293053688468214,14976
937,FP32,0.27712622098624706,0.5453192628920078,0.008933189907111228,1.2184067513161243,9.431017896156074e-05,0.00028293053688468214,9.429500814481116e-05,0.00028288502443443345,14992
938,FP32,0.20013517513871193,0.3898964673280716,0.010373895289376378,0.9920089284843124,9.429500814481116e-05,0.00028288502443443345,9.42798183534873e-05,0.0002828394550604618,15008
939,FP32,0.33105164766311646,0.6529412418603897,0.00916206621332094,1.6850702468466028,9.42798183534873e-05,0.0002828394550604618,9.426460959409595e-05,0.00028279382878228785,15024
940,FP32,0.14697693660855293,0.27792390435934067,0.016029957681894302,0.7448521350049423,9.426460959409595e-05,0.00028279382878228785,9.42493818731521e-05,0.00028274814561945626,15040
941,FP32,0.2344836536794901,0.44985080882906914,0.01911649201065302,0.7121475572369793,9.42493818731521e-05,0.00028274814561945626,9.423413519717879e-05,0.00028270240559153634,15056
942,FP32,0.2435177005827427,0.4768018275499344,0.010233567008981481,1.006497087596324,9.423413519717879e-05,0.00028270240559153634,9.421886957270723e-05,0.00028265660871812164,15072
943,FP32,0.19084159657359123,0.3733491897583008,0.008334003621712327,1.0090852455086023,9.421886957270723e-05,0.00028265660871812164,9.42035850062767e-05,0.0002826107550188301,15088
944,FP32,0.14810705929994583,0.2839505486190319,0.012263562297448516,0.5978088751864377,9.42035850062767e-05,0.0002826107550188301,9.418828150443469e-05,0.00028256484451330403,15104
945,FP32,0.30246175825595856,0.5810151547193527,0.023908379836939275,0.7265935857282069,9.418828150443469e-05,0.00028256484451330403,9.417295907373664e-05,0.0002825188772212099,15120
946,FP32,0.2642699219286442,0.5156127065420151,0.012927152565680444,0.7831621223412911,9.417295907373664e-05,0.0002825188772212099,9.415761772074627e-05,0.0002824728531622388,15136
947,FP32,0.17681772261857986,0.34103426709771156,0.012601177208125591,1.0813960046892828,9.415761772074627e-05,0.0002824728531622388,9.414225745203528e-05,0.00028242677235610584,15152
948,FP32,0.22222813591361046,0.4266817308962345,0.01777454884722829,0.2981711962991383,9.414225745203528e-05,0.00028242677235610584,9.412687827418356e-05,0.00028238063482255064,15168
949,FP32,0.2259948905557394,0.4432401619851589,0.008749610278755426,0.4814443126622515,9.412687827418356e-05,0.00028238063482255064,9.411148019377903e-05,0.00028233444058133706,15184
950,FP32,0.2544589675962925,0.4979061707854271,0.011011755908839405,0.625479831603564,9.411148019377903e-05,0.00028233444058133706,9.409606321741775e-05,0.0002822881896522532,15200
951,FP32,0.1747920624911785,0.3323184661567211,0.017265655333176255,0.6370088326091558,9.409606321741775e-05,0.0002822881896522532,9.408062735170386e-05,0.00028224188205511154,15216
952,FP32,0.18150300346314907,0.3547510989010334,0.008254903950728476,1.1306479824633038,9.408062735170386e-05,0.00028224188205511154,9.40651726032496e-05,0.0002821955178097488,15232
953,FP32,0.13811421021819115,0.2573024220764637,0.018925989978015423,0.7399660281018351,9.40651726032496e-05,0.0002821955178097488,9.404969897867531e-05,0.00028214909693602587,15248
954,FP32,0.28931842371821404,0.5577425435185432,0.02089432516368106,0.48830216978708507,9.404969897867531e-05,0.00028214909693602587,9.403420648460936e-05,0.0002821026194538281,15264
955,FP32,0.1710630375891924,0.3287576325237751,0.013368415413424373,1.3614609599148415,9.403420648460936e-05,0.0002821026194538281,9.401869512768827e-05,0.00028205608538306475,15280
956,FP32,0.21162815019488335,0.4064948707818985,0.016761421225965023,1.1443781454162405,9.401869512768827e-05,0.00028205608538306475,9.400316491455661e-05,0.0002820094947436698,15296
957,FP32,0.18858953565359116,0.36662640050053596,0.01055265567265451,1.6107806874951658,9.400316491455661e-05,0.0002820094947436698,9.3987615851867e-05,0.000281962847555601,15312
958,FP32,0.2503105662763119,0.4938374310731888,0.0067836877424269915,0.7541713869981487,9.3987615851867e-05,0.000281962847555601,9.397204794628021e-05,0.0002819161438388406,15328
959,FP32,0.14325853623449802,0.2667260617017746,0.019791007973253727,1.3724129952843749,9.397204794628021e-05,0.0002819161438388406,9.395646120446502e-05,0.00028186938361339503,15344
960,FP32,0.21215134859085083,0.4116372987627983,0.012665360234677792,0.91659563315118,9.395646120446502e-05,0.00028186938361339503,9.394085563309827e-05,0.00028182256689929475,15360
961,FP32,0.20237037912011147,0.39395806193351746,0.01078269409481436,0.8296599622970717,9.394085563309827e-05,0.00028182256689929475,9.392523123886492e-05,0.0002817756937165947,15376
962,FP32,0.2410069927573204,0.46599096804857254,0.0160230016335845,1.068513932282398,9.392523123886492e-05,0.0002817756937165947,9.390958802845796e-05,0.0002817287640853738,15392
963,FP32,0.29542289301753044,0.580097422003746,0.010748360014986247,1.3816641917636863,9.390958802845796e-05,0.0002817287640853738,9.389392600857844e-05,0.0002816817780257353,15408
964,FP32,0.2932100147008896,0.5777924582362175,0.008627584553323686,1.3321304418006825,9.389392600857844e-05,0.0002816817780257353,9.387824518593546e-05,0.00028163473555780635,15424
965,FP32,0.17717085219919682,0.33711782842874527,0.017223858507350087,0.8508702483899065,9.387824518593546e-05,0.00028163473555780635,9.386254556724622e-05,0.0002815876367017386,15440
966,FP32,0.16178607195615768,0.30334896594285965,0.020223183557391167,0.4570105478802884,9.386254556724622e-05,0.0002815876367017386,9.384682715923589e-05,0.00028154048147770763,15456
967,FP32,0.23647861182689667,0.4551074504852295,0.01784977945499122,0.8786072783884914,9.384682715923589e-05,0.00028154048147770763,9.383108996863778e-05,0.00028149326990591333,15472
968,FP32,0.25882137566804886,0.5073535367846489,0.010289245576132089,1.346783404957951,9.383108996863778e-05,0.00028149326990591333,9.381533400219318e-05,0.0002814460020065795,15488
969,FP32,0.19989840686321259,0.3827344849705696,0.017062309780158103,0.785356331822476,9.381533400219318e-05,0.0002814460020065795,9.379955926665145e-05,0.0002813986777999543,15504
970,FP32,0.22512680292129517,0.4377970024943352,0.012456576572731137,1.519815156398417,9.379955926665145e-05,0.0002813986777999543,9.378376576876999e-05,0.00028135129730630994,15520
971,FP32,0.23600829020142555,0.4579766318202019,0.014039942296221852,0.6080670059830424,9.378376576876999e-05,0.00028135129730630994,9.376795351531422e-05,0.0002813038605459426,15536
972,FP32,0.22389710322022438,0.4358685836195946,0.011925644474104047,0.5742150574059885,9.376795351531422e-05,0.0002813038605459426,9.375212251305763e-05,0.00028125636753917284,15552
973,FP32,0.25885517336428165,0.5067841708660126,0.010926168004516512,0.7430711644068505,9.375212251305763e-05,0.00028125636753917284,9.37362727687817e-05,0.00028120881830634507,15568
974,FP32,0.1688463594764471,0.32954293489456177,0.008149785455316305,1.143945119648897,9.37362727687817e-05,0.00028120881830634507,9.372040428927596e-05,0.00028116121286782784,15584
975,FP32,0.21157783642411232,0.39955754950642586,0.023598128464072943,0.5333545548422638,9.372040428927596e-05,0.00028116121286782784,9.370451708133795e-05,0.0002811135512440138,15600
976,FP32,0.2144228219985962,0.4174734354019165,0.011372200911864638,0.629073462680723,9.370451708133795e-05,0.0002811135512440138,9.368861115177327e-05,0.0002810658334553198,15616
977,FP32,0.18383565917611122,0.3174649775028229,0.050206325482577085,1.4226668412047556,9.368861115177327e-05,0.0002810658334553198,9.36726865073955e-05,0.00028101805952218645,15632
978,FP32,0.24466116726398468,0.474929504096508,0.014392827288247645,0.8526830021844064,9.36726865073955e-05,0.00028101805952218645,9.365674315502626e-05,0.00028097022946507874,15648
979,FP32,0.24214760959148407,0.4778194725513458,0.006475751637481153,0.5051808539952247,9.365674315502626e-05,0.00028097022946507874,9.364078110149516e-05,0.00028092234330448544,15664
980,FP32,0.2590128928422928,0.5033479779958725,0.01467781187966466,0.7974311840515685,9.364078110149516e-05,0.00028092234330448544,9.362480035363986e-05,0.0002808744010609196,15680
981,FP32,0.2308368943631649,0.44761212915182114,0.014061652822420001,0.5087783843873969,9.362480035363986e-05,0.0002808744010609196,9.360880091830599e-05,0.00028082640275491793,15696
982,FP32,0.09051029197871685,0.16318048909306526,0.017840092070400715,0.4851795725131219,9.360880091830599e-05,0.00028082640275491793,9.35927828023472e-05,0.0002807783484070416,15712
983,FP32,0.11589686758816242,0.21461424976587296,0.01717948808800429,0.723789781065942,9.35927828023472e-05,0.0002807783484070416,9.357674601262514e-05,0.00028073023803787536,15728
984,FP32,0.24475403875112534,0.4759659692645073,0.013542098342441022,0.5142045229442831,9.357674601262514e-05,0.00028073023803787536,9.356069055600948e-05,0.00028068207166802837,15744
985,FP32,0.188293669372797,0.3646663762629032,0.011920965975150466,0.7029936465070392,9.356069055600948e-05,0.00028068207166802837,9.354461643937784e-05,0.0002806338493181335,15760
986,FP32,0.1953610572963953,0.3803669512271881,0.0103551612701267,1.188576336132954,9.354461643937784e-05,0.0002806338493181335,9.352852366961588e-05,0.0002805855710088476,15776
987,FP32,0.25766823813319206,0.5067142695188522,0.00862224109005183,1.3353361314712808,9.352852366961588e-05,0.0002805855710088476,9.351241225361722e-05,0.0002805372367608516,15792
988,FP32,0.1438891403377056,0.2693304680287838,0.018447821028530598,1.5449078968352177,9.351241225361722e-05,0.0002805372367608516,9.349628219828349e-05,0.0002804888465948504,15808
989,FP32,0.22906705923378468,0.44465286284685135,0.013481270405463874,0.656328037690044,9.349628219828349e-05,0.0002804888465948504,9.348013351052428e-05,0.0002804404005315728,15824
990,FP32,0.2335052192211151,0.4577820152044296,0.009228427079506218,0.763284517560329,9.348013351052428e-05,0.0002804404005315728,9.34639661972572e-05,0.00028039189859177153,15840
991,FP32,0.20171216316521168,0.38893404603004456,0.014490279834717512,0.650639408722565,9.34639661972572e-05,0.00028039189859177153,9.344778026540777e-05,0.0002803433407962233,15856
992,FP32,0.30710647255182266,0.6078512817621231,0.006361667707096785,0.7596897329259347,9.344778026540777e-05,0.0002803433407962233,9.343157572190957e-05,0.00028029472716572867,15872
993,FP32,0.2004078384488821,0.38255178183317184,0.01826390903443098,1.1501225923578453,9.343157572190957e-05,0.00028029472716572867,9.341535257370409e-05,0.00028024605772111223,15888
994,FP32,0.19787979871034622,0.3861457258462906,0.009613871457986534,0.8539823694767191,9.341535257370409e-05,0.00028024605772111223,9.339911082774082e-05,0.0002801973324832224,15904
995,FP32,0.16713934019207954,0.3217313140630722,0.012547367252409458,0.5195658499681108,9.339911082774082e-05,0.0002801973324832224,9.338285049097721e-05,0.0002801485514729316,15920
996,FP32,0.16747175715863705,0.324003204703331,0.010940309264697134,0.4316805262638918,9.338285049097721e-05,0.0002801485514729316,9.336657157037866e-05,0.00028009971471113594,15936
997,FP32,0.24447192251682281,0.4765883609652519,0.012355491169728339,0.9220956406465555,9.336657157037866e-05,0.00028009971471113594,9.335027407291855e-05,0.0002800508222187556,15952
998,FP32,0.22031731344759464,0.41742120310664177,0.02321342792129144,0.7791023530893446,9.335027407291855e-05,0.0002800508222187556,9.333395800557821e-05,0.0002800018740167346,15968
999,FP32,0.21772312745451927,0.42426053062081337,0.01118571835104376,1.141043299990473,9.333395800557821e-05,0.0002800018740167346,9.331762337534694e-05,0.00027995287012604075,15984
1000,FP32,0.2773657962679863,0.5438996180891991,0.01083197386469692,0.4675892193165099,9.331762337534694e-05,0.00027995287012604075,9.330127018922194e-05,0.0002799038105676658,16000
