dataset_id,slice_id,case_id,group_id,z_index,source_split,provenance_stratum,image_path,image_array_index,valid_mask_path,transform_path,original_shape,original_spacing,original_orientation,label_visible,cache_dtype,target_height,target_width,infection_cache_path,lung_cache_path,seed,budget_id
segdb2,coronacases_005_z0000,coronacases_005,coronacases_005,0,fitting,coronacases_named,/kaggle/working/EviCT/cache/segdb2/images/coronacases_005.npy,0,/kaggle/working/EviCT/cache/segdb2/valid/coronacases_005.npy,/kaggle/working/EviCT/manifests/transforms/coronacases_005.json,512x512x290,0.68359399x0.68359399x1,LAS,True,float16,336,336,/kaggle/working/EviCT/cache/segdb2/gt_vault/infection/coronacases_005.npy,/kaggle/working/EviCT/cache/segdb2/gt_vault/lung/coronacases_005.npy,17,b025
segdb2,coronacases_005_z0001,coronacases_005,coronacases_005,1,fitting,coronacases_named,/kaggle/working/EviCT/cache/segdb2/images/coronacases_005.npy,1,/kaggle/working/EviCT/cache/segdb2/valid/coronacases_005.npy,/kaggle/working/EviCT/manifests/transforms/coronacases_005.json,512x512x290,0.68359399x0.68359399x1,LAS,True,float16,336,336,/kaggle/working/EviCT/cache/segdb2/gt_vault/infection/coronacases_005.npy,/kaggle/working/EviCT/cache/segdb2/gt_vault/lung/coronacases_005.npy,17,b025
segdb2,coronacases_005_z0002,coronacases_005,coronacases_005,2,fitting,coronacases_named,/kaggle/working/EviCT/cache/segdb2/images/coronacases_005.npy,2,/kaggle/working/EviCT/cache/segdb2/valid/coronacases_005.npy,/kaggle/working/EviCT/manifests/transforms/coronacases_005.json,512x512x290,0.68359399x0.68359399x1,LAS,True,float16,336,336,/kaggle/working/EviCT/cache/segdb2/gt_vault/infection/coronacases_005.npy,/kaggle/working/EviCT/cache/segdb2/gt_vault/lung/coronacases_005.npy,17,b025
segdb2,coronacases_005_z0003,coronacases_005,coronacases_005,3,fitting,coronacases_named,/kaggle/working/EviCT/cache/segdb2/images/coronacases_005.npy,3,/kaggle/working/EviCT/cache/segdb2/valid/coronacases_005.npy,/kaggle/working/EviCT/manifests/transforms/coronacases_005.json,512x512x290,0.68359399x0.68359399x1,LAS,True,float16,336,336,/kaggle/working/EviCT/cache/segdb2/gt_vault/infection/coronacases_005.npy,/kaggle/working/EviCT/cache/segdb2/gt_vault/lung/coronacases_005.npy,17,b025
segdb2,coronacases_005_z0004,coronacases_005,coronacases_005,4,fitting,coronacases_named,/kaggle/working/EviCT/cache/segdb2/images/coronacases_005.npy,4,/kaggle/working/EviCT/cache/segdb2/valid/coronacases_005.npy,/kaggle/working/EviCT/manifests/transforms/coronacases_005.json,512x512x290,0.68359399x0.68359399x1,LAS,True,float16,336,336,/kaggle/working/EviCT/cache/segdb2/gt_vault/infection/coronacases_005.npy,/kaggle/working/EviCT/cache/segdb2/gt_vault/lung/coronacases_005.npy,17,b025
segdb2,coronacases_005_z0005,coronacases_005,coronacases_005,5,fitting,coronacases_named,/kaggle/working/EviCT/cache/segdb2/images/coronacases_005.npy,5,/kaggle/working/EviCT/cache/segdb2/valid/coronacases_005.npy,/kaggle/working/EviCT/manifests/transforms/coronacases_005.json,512x512x290,0.68359399x0.68359399x1,LAS,True,float16,336,336,/kaggle/working/EviCT/cache/segdb2/gt_vault/infection/coronacases_005.npy,/kaggle/working/EviCT/cache/segdb2/gt_vault/lung/coronacases_005.npy,17,b025
segdb2,coronacases_005_z0006,coronacases_005,coronacases_005,6,fitting,coronacases_named,/kaggle/working/EviCT/cache/segdb2/images/coronacases_005.npy,6,/kaggle/working/EviCT/cache/segdb2/valid/coronacases_005.npy,/kaggle/working/EviCT/manifests/transforms/coronacases_005.json,512x512x290,0.68359399x0.68359399x1,LAS,True,float16,336,336,/kaggle/working/EviCT/cache/segdb2/gt_vault/infection/coronacases_005.npy,/kaggle/working/EviCT/cache/segdb2/gt_vault/lung/coronacases_005.npy,17,b025
segdb2,coronacases_005_z0007,coronacases_005,coronacases_005,7,fitting,coronacases_named,/kaggle/working/EviCT/cache/segdb2/images/coronacases_005.npy,7,/kaggle/working/EviCT/cache/segdb2/valid/coronacases_005.npy,/kaggle/working/EviCT/manifests/transforms/coronacases_005.json,512x512x290,0.68359399x0.68359399x1,LAS,True,float16,336,336,/kaggle/working/EviCT/cache/segdb2/gt_vault/infection/coronacases_005.npy,/kaggle/working/EviCT/cache/segdb2/gt_vault/lung/coronacases_005.npy,17,b025
segdb2,coronacases_005_z0008,coronacases_005,coronacases_005,8,fitting,coronacases_named,/kaggle/working/EviCT/cache/segdb2/images/coronacases_005.npy,8,/kaggle/working/EviCT/cache/segdb2/valid/coronacases_005.npy,/kaggle/working/EviCT/manifests/transforms/coronacases_005.json,512x512x290,0.68359399x0.68359399x1,LAS,True,float16,336,336,/kaggle/working/EviCT/cache/segdb2/gt_vault/infection/coronacases_005.npy,/kaggle/working/EviCT/cache/segdb2/gt_vault/lung/coronacases_005.npy,17,b025
segdb2,coronacases_005_z0009,coronacases_005,coronacases_005,9,fitting,coronacases_named,/kaggle/working/EviCT/cache/segdb2/images/coronacases_005.npy,9,/kaggle/working/EviCT/cache/segdb2/valid/coronacases_005.npy,/kaggle/working/EviCT/manifests/transforms/coronacases_005.json,512x512x290,0.68359399x0.68359399x1,LAS,True,float16,336,336,/kaggle/working/EviCT/cache/segdb2/gt_vault/infection/coronacases_005.npy,/kaggle/working/EviCT/cache/segdb2/gt_vault/lung/coronacases_005.npy,17,b025
segdb2,coronacases_005_z0010,coronacases_005,coronacases_005,10,fitting,coronacases_named,/kaggle/working/EviCT/cache/segdb2/images/coronacases_005.npy,10,/kaggle/working/EviCT/cache/segdb2/valid/coronacases_005.npy,/kaggle/working/EviCT/manifests/transforms/coronacases_005.json,512x512x290,0.68359399x0.68359399x1,LAS,True,float16,336,336,/kaggle/working/EviCT/cache/segdb2/gt_vault/infection/coronacases_005.npy,/kaggle/working/EviCT/cache/segdb2/gt_vault/lung/coronacases_005.npy,17,b025
segdb2,coronacases_005_z0011,coronacases_005,coronacases_005,11,fitting,coronacases_named,/kaggle/working/EviCT/cache/segdb2/images/coronacases_005.npy,11,/kaggle/working/EviCT/cache/segdb2/valid/coronacases_005.npy,/kaggle/working/EviCT/manifests/transforms/coronacases_005.json,512x512x290,0.68359399x0.68359399x1,LAS,True,float16,336,336,/kaggle/working/EviCT/cache/segdb2/gt_vault/infection/coronacases_005.npy,/kaggle/working/EviCT/cache/segdb2/gt_vault/lung/coronacases_005.npy,17,b025
segdb2,coronacases_005_z0012,coronacases_005,coronacases_005,12,fitting,coronacases_named,/kaggle/working/EviCT/cache/segdb2/images/coronacases_005.npy,12,/kaggle/working/EviCT/cache/segdb2/valid/coronacases_005.npy,/kaggle/working/EviCT/manifests/transforms/coronacases_005.json,512x512x290,0.68359399x0.68359399x1,LAS,True,float16,336,336,/kaggle/working/EviCT/cache/segdb2/gt_vault/infection/coronacases_005.npy,/kaggle/working/EviCT/cache/segdb2/gt_vault/lung/coronacases_005.npy,17,b025
segdb2,coronacases_005_z0013,coronacases_005,coronacases_005,13,fitting,coronacases_named,/kaggle/working/EviCT/cache/segdb2/images/coronacases_005.npy,13,/kaggle/working/EviCT/cache/segdb2/valid/coronacases_005.npy,/kaggle/working/EviCT/manifests/transforms/coronacases_005.json,512x512x290,0.68359399x0.68359399x1,LAS,True,float16,336,336,/kaggle/working/EviCT/cache/segdb2/gt_vault/infection/coronacases_005.npy,/kaggle/working/EviCT/cache/segdb2/gt_vault/lung/coronacases_005.npy,17,b025
segdb2,coronacases_005_z0014,coronacases_005,coronacases_005,14,fitting,coronacases_named,/kaggle/working/EviCT/cache/segdb2/images/coronacases_005.npy,14,/kaggle/working/EviCT/cache/segdb2/valid/coronacases_005.npy,/kaggle/working/EviCT/manifests/transforms/coronacases_005.json,512x512x290,0.68359399x0.68359399x1,LAS,True,float16,336,336,/kaggle/working/EviCT/cache/segdb2/gt_vault/infection/coronacases_005.npy,/kaggle/working/EviCT/cache/segdb2/gt_vault/lung/coronacases_005.npy,17,b025
segdb2,coronacases_005_z0015,coronacases_005,coronacases_005,15,fitting,coronacases_named,/kaggle/working/EviCT/cache/segdb2/images/coronacases_005.npy,15,/kaggle/working/EviCT/cache/segdb2/valid/coronacases_005.npy,/kaggle/working/EviCT/manifests/transforms/coronacases_005.json,512x512x290,0.68359399x0.68359399x1,LAS,True,float16,336,336,/kaggle/working/EviCT/cache/segdb2/gt_vault/infection/coronacases_005.npy,/kaggle/working/EviCT/cache/segdb2/gt_vault/lung/coronacases_005.npy,17,b025
segdb2,coronacases_005_z0016,coronacases_005,coronacases_005,16,fitting,coronacases_named,/kaggle/working/EviCT/cache/segdb2/images/coronacases_005.npy,16,/kaggle/working/EviCT/cache/segdb2/valid/coronacases_005.npy,/kaggle/working/EviCT/manifests/transforms/coronacases_005.json,512x512x290,0.68359399x0.68359399x1,LAS,True,float16,336,336,/kaggle/working/EviCT/cache/segdb2/gt_vault/infection/coronacases_005.npy,/kaggle/working/EviCT/cache/segdb2/gt_vault/lung/coronacases_005.npy,17,b025
segdb2,coronacases_005_z0017,coronacases_005,coronacases_005,17,fitting,coronacases_named,/kaggle/working/EviCT/cache/segdb2/images/coronacases_005.npy,17,/kaggle/working/EviCT/cache/segdb2/valid/coronacases_005.npy,/kaggle/working/EviCT/manifests/transforms/coronacases_005.json,512x512x290,0.68359399x0.68359399x1,LAS,True,float16,336,336,/kaggle/working/EviCT/cache/segdb2/gt_vault/infection/coronacases_005.npy,/kaggle/working/EviCT/cache/segdb2/gt_vault/lung/coronacases_005.npy,17,b025
segdb2,coronacases_005_z0018,coronacases_005,coronacases_005,18,fitting,coronacases_named,/kaggle/working/EviCT/cache/segdb2/images/coronacases_005.npy,18,/kaggle/working/EviCT/cache/segdb2/valid/coronacases_005.npy,/kaggle/working/EviCT/manifests/transforms/coronacases_005.json,512x512x290,0.68359399x0.68359399x1,LAS,True,float16,336,336,/kaggle/working/EviCT/cache/segdb2/gt_vault/infection/coronacases_005.npy,/kaggle/working/EviCT/cache/segdb2/gt_vault/lung/coronacases_005.npy,17,b025
segdb2,coronacases_005_z0019,coronacases_005,coronacases_005,19,fitting,coronacases_named,/kaggle/working/EviCT/cache/segdb2/images/coronacases_005.npy,19,/kaggle/working/EviCT/cache/segdb2/valid/coronacases_005.npy,/kaggle/working/EviCT/manifests/transforms/coronacases_005.json,512x512x290,0.68359399x0.68359399x1,LAS,True,float16,336,336,/kaggle/working/EviCT/cache/segdb2/gt_vault/infection/coronacases_005.npy,/kaggle/working/EviCT/cache/segdb2/gt_vault/lung/coronacases_005.npy,17,b025
segdb2,coronacases_005_z0020,coronacases_005,coronacases_005,20,fitting,coronacases_named,/kaggle/working/EviCT/cache/segdb2/images/coronacases_005.npy,20,/kaggle/working/EviCT/cache/segdb2/valid/coronacases_005.npy,/kaggle/working/EviCT/manifests/transforms/coronacases_005.json,512x512x290,0.68359399x0.68359399x1,LAS,True,float16,336,336,/kaggle/working/EviCT/cache/segdb2/gt_vault/infection/coronacases_005.npy,/kaggle/working/EviCT/cache/segdb2/gt_vault/lung/coronacases_005.npy,17,b025
segdb2,coronacases_005_z0021,coronacases_005,coronacases_005,21,fitting,coronacases_named,/kaggle/working/EviCT/cache/segdb2/images/coronacases_005.npy,21,/kaggle/working/EviCT/cache/segdb2/valid/coronacases_005.npy,/kaggle/working/EviCT/manifests/transforms/coronacases_005.json,512x512x290,0.68359399x0.68359399x1,LAS,True,float16,336,336,/kaggle/working/EviCT/cache/segdb2/gt_vault/infection/coronacases_005.npy,/kaggle/working/EviCT/cache/segdb2/gt_vault/lung/coronacases_005.npy,17,b025
segdb2,coronacases_005_z0022,coronacases_005,coronacases_005,22,fitting,coronacases_named,/kaggle/working/EviCT/cache/segdb2/images/coronacases_005.npy,22,/kaggle/working/EviCT/cache/segdb2/valid/coronacases_005.npy,/kaggle/working/EviCT/manifests/transforms/coronacases_005.json,512x512x290,0.68359399x0.68359399x1,LAS,True,float16,336,336,/kaggle/working/EviCT/cache/segdb2/gt_vault/infection/coronacases_005.npy,/kaggle/working/EviCT/cache/segdb2/gt_vault/lung/coronacases_005.npy,17,b025
segdb2,coronacases_005_z0023,coronacases_005,coronacases_005,23,fitting,coronacases_named,/kaggle/working/EviCT/cache/segdb2/images/coronacases_005.npy,23,/kaggle/working/EviCT/cache/segdb2/valid/coronacases_005.npy,/kaggle/working/EviCT/manifests/transforms/coronacases_005.json,512x512x290,0.68359399x0.68359399x1,LAS,True,float16,336,336,/kaggle/working/EviCT/cache/segdb2/gt_vault/infection/coronacases_005.npy,/kaggle/working/EviCT/cache/segdb2/gt_vault/lung/coronacases_005.npy,17,b025
segdb2,coronacases_005_z0024,coronacases_005,coronacases_005,24,fitting,coronacases_named,/kaggle/working/EviCT/cache/segdb2/images/coronacases_005.npy,24,/kaggle/working/EviCT/cache/segdb2/valid/coronacases_005.npy,/kaggle/working/EviCT/manifests/transforms/coronacases_005.json,512x512x290,0.68359399x0.68359399x1,LAS,True,float16,336,336,/kaggle/working/EviCT/cache/segdb2/gt_vault/infection/coronacases_005.npy,/kaggle/working/EviCT/cache/segdb2/gt_vault/lung/coronacases_005.npy,17,b025
segdb2,coronacases_005_z0025,coronacases_005,coronacases_005,25,fitting,coronacases_named,/kaggle/working/EviCT/cache/segdb2/images/coronacases_005.npy,25,/kaggle/working/EviCT/cache/segdb2/valid/coronacases_005.npy,/kaggle/working/EviCT/manifests/transforms/coronacases_005.json,512x512x290,0.68359399x0.68359399x1,LAS,True,float16,336,336,/kaggle/working/EviCT/cache/segdb2/gt_vault/infection/coronacases_005.npy,/kaggle/working/EviCT/cache/segdb2/gt_vault/lung/coronacases_005.npy,17,b025
segdb2,coronacases_005_z0026,coronacases_005,coronacases_005,26,fitting,coronacases_named,/kaggle/working/EviCT/cache/segdb2/images/coronacases_005.npy,26,/kaggle/working/EviCT/cache/segdb2/valid/coronacases_005.npy,/kaggle/working/EviCT/manifests/transforms/coronacases_005.json,512x512x290,0.68359399x0.68359399x1,LAS,True,float16,336,336,/kaggle/working/EviCT/cache/segdb2/gt_vault/infection/coronacases_005.npy,/kaggle/working/EviCT/cache/segdb2/gt_vault/lung/coronacases_005.npy,17,b025
segdb2,coronacases_005_z0027,coronacases_005,coronacases_005,27,fitting,coronacases_named,/kaggle/working/EviCT/cache/segdb2/images/coronacases_005.npy,27,/kaggle/working/EviCT/cache/segdb2/valid/coronacases_005.npy,/kaggle/working/EviCT/manifests/transforms/coronacases_005.json,512x512x290,0.68359399x0.68359399x1,LAS,True,float16,336,336,/kaggle/working/EviCT/cache/segdb2/gt_vault/infection/coronacases_005.npy,/kaggle/working/EviCT/cache/segdb2/gt_vault/lung/coronacases_005.npy,17,b025
segdb2,coronacases_005_z0028,coronacases_005,coronacases_005,28,fitting,coronacases_named,/kaggle/working/EviCT/cache/segdb2/images/coronacases_005.npy,28,/kaggle/working/EviCT/cache/segdb2/valid/coronacases_005.npy,/kaggle/working/EviCT/manifests/transforms/coronacases_005.json,512x512x290,0.68359399x0.68359399x1,LAS,True,float16,336,336,/kaggle/working/EviCT/cache/segdb2/gt_vault/infection/coronacases_005.npy,/kaggle/working/EviCT/cache/segdb2/gt_vault/lung/coronacases_005.npy,17,b025
segdb2,coronacases_005_z0029,coronacases_005,coronacases_005,29,fitting,coronacases_named,/kaggle/working/EviCT/cache/segdb2/images/coronacases_005.npy,29,/kaggle/working/EviCT/cache/segdb2/valid/coronacases_005.npy,/kaggle/working/EviCT/manifests/transforms/coronacases_005.json,512x512x290,0.68359399x0.68359399x1,LAS,True,float16,336,336,/kaggle/working/EviCT/cache/segdb2/gt_vault/infection/coronacases_005.npy,/kaggle/working/EviCT/cache/segdb2/gt_vault/lung/coronacases_005.npy,17,b025
segdb2,coronacases_005_z0030,coronacases_005,coronacases_005,30,fitting,coronacases_named,/kaggle/working/EviCT/cache/segdb2/images/coronacases_005.npy,30,/kaggle/working/EviCT/cache/segdb2/valid/coronacases_005.npy,/kaggle/working/EviCT/manifests/transforms/coronacases_005.json,512x512x290,0.68359399x0.68359399x1,LAS,True,float16,336,336,/kaggle/working/EviCT/cache/segdb2/gt_vault/infection/coronacases_005.npy,/kaggle/working/EviCT/cache/segdb2/gt_vault/lung/coronacases_005.npy,17,b025
segdb2,coronacases_005_z0031,coronacases_005,coronacases_005,31,fitting,coronacases_named,/kaggle/working/EviCT/cache/segdb2/images/coronacases_005.npy,31,/kaggle/working/EviCT/cache/segdb2/valid/coronacases_005.npy,/kaggle/working/EviCT/manifests/transforms/coronacases_005.json,512x512x290,0.68359399x0.68359399x1,LAS,True,float16,336,336,/kaggle/working/EviCT/cache/segdb2/gt_vault/infection/coronacases_005.npy,/kaggle/working/EviCT/cache/segdb2/gt_vault/lung/coronacases_005.npy,17,b025
segdb2,coronacases_005_z0032,coronacases_005,coronacases_005,32,fitting,coronacases_named,/kaggle/working/EviCT/cache/segdb2/images/coronacases_005.npy,32,/kaggle/working/EviCT/cache/segdb2/valid/coronacases_005.npy,/kaggle/working/EviCT/manifests/transforms/coronacases_005.json,512x512x290,0.68359399x0.68359399x1,LAS,True,float16,336,336,/kaggle/working/EviCT/cache/segdb2/gt_vault/infection/coronacases_005.npy,/kaggle/working/EviCT/cache/segdb2/gt_vault/lung/coronacases_005.npy,17,b025
segdb2,coronacases_005_z0033,coronacases_005,coronacases_005,33,fitting,coronacases_named,/kaggle/working/EviCT/cache/segdb2/images/coronacases_005.npy,33,/kaggle/working/EviCT/cache/segdb2/valid/coronacases_005.npy,/kaggle/working/EviCT/manifests/transforms/coronacases_005.json,512x512x290,0.68359399x0.68359399x1,LAS,True,float16,336,336,/kaggle/working/EviCT/cache/segdb2/gt_vault/infection/coronacases_005.npy,/kaggle/working/EviCT/cache/segdb2/gt_vault/lung/coronacases_005.npy,17,b025
segdb2,coronacases_005_z0034,coronacases_005,coronacases_005,34,fitting,coronacases_named,/kaggle/working/EviCT/cache/segdb2/images/coronacases_005.npy,34,/kaggle/working/EviCT/cache/segdb2/valid/coronacases_005.npy,/kaggle/working/EviCT/manifests/transforms/coronacases_005.json,512x512x290,0.68359399x0.68359399x1,LAS,True,float16,336,336,/kaggle/working/EviCT/cache/segdb2/gt_vault/infection/coronacases_005.npy,/kaggle/working/EviCT/cache/segdb2/gt_vault/lung/coronacases_005.npy,17,b025
segdb2,coronacases_005_z0035,coronacases_005,coronacases_005,35,fitting,coronacases_named,/kaggle/working/EviCT/cache/segdb2/images/coronacases_005.npy,35,/kaggle/working/EviCT/cache/segdb2/valid/coronacases_005.npy,/kaggle/working/EviCT/manifests/transforms/coronacases_005.json,512x512x290,0.68359399x0.68359399x1,LAS,True,float16,336,336,/kaggle/working/EviCT/cache/segdb2/gt_vault/infection/coronacases_005.npy,/kaggle/working/EviCT/cache/segdb2/gt_vault/lung/coronacases_005.npy,17,b025
segdb2,coronacases_005_z0036,coronacases_005,coronacases_005,36,fitting,coronacases_named,/kaggle/working/EviCT/cache/segdb2/images/coronacases_005.npy,36,/kaggle/working/EviCT/cache/segdb2/valid/coronacases_005.npy,/kaggle/working/EviCT/manifests/transforms/coronacases_005.json,512x512x290,0.68359399x0.68359399x1,LAS,True,float16,336,336,/kaggle/working/EviCT/cache/segdb2/gt_vault/infection/coronacases_005.npy,/kaggle/working/EviCT/cache/segdb2/gt_vault/lung/coronacases_005.npy,17,b025
segdb2,coronacases_005_z0037,coronacases_005,coronacases_005,37,fitting,coronacases_named,/kaggle/working/EviCT/cache/segdb2/images/coronacases_005.npy,37,/kaggle/working/EviCT/cache/segdb2/valid/coronacases_005.npy,/kaggle/working/EviCT/manifests/transforms/coronacases_005.json,512x512x290,0.68359399x0.68359399x1,LAS,True,float16,336,336,/kaggle/working/EviCT/cache/segdb2/gt_vault/infection/coronacases_005.npy,/kaggle/working/EviCT/cache/segdb2/gt_vault/lung/coronacases_005.npy,17,b025
segdb2,coronacases_005_z0038,coronacases_005,coronacases_005,38,fitting,coronacases_named,/kaggle/working/EviCT/cache/segdb2/images/coronacases_005.npy,38,/kaggle/working/EviCT/cache/segdb2/valid/coronacases_005.npy,/kaggle/working/EviCT/manifests/transforms/coronacases_005.json,512x512x290,0.68359399x0.68359399x1,LAS,True,float16,336,336,/kaggle/working/EviCT/cache/segdb2/gt_vault/infection/coronacases_005.npy,/kaggle/working/EviCT/cache/segdb2/gt_vault/lung/coronacases_005.npy,17,b025
segdb2,coronacases_005_z0039,coronacases_005,coronacases_005,39,fitting,coronacases_named,/kaggle/working/EviCT/cache/segdb2/images/coronacases_005.npy,39,/kaggle/working/EviCT/cache/segdb2/valid/coronacases_005.npy,/kaggle/working/EviCT/manifests/transforms/coronacases_005.json,512x512x290,0.68359399x0.68359399x1,LAS,True,float16,336,336,/kaggle/working/EviCT/cache/segdb2/gt_vault/infection/coronacases_005.npy,/kaggle/working/EviCT/cache/segdb2/gt_vault/lung/coronacases_005.npy,17,b025
segdb2,coronacases_005_z0040,coronacases_005,coronacases_005,40,fitting,coronacases_named,/kaggle/working/EviCT/cache/segdb2/images/coronacases_005.npy,40,/kaggle/working/EviCT/cache/segdb2/valid/coronacases_005.npy,/kaggle/working/EviCT/manifests/transforms/coronacases_005.json,512x512x290,0.68359399x0.68359399x1,LAS,True,float16,336,336,/kaggle/working/EviCT/cache/segdb2/gt_vault/infection/coronacases_005.npy,/kaggle/working/EviCT/cache/segdb2/gt_vault/lung/coronacases_005.npy,17,b025
segdb2,coronacases_005_z0041,coronacases_005,coronacases_005,41,fitting,coronacases_named,/kaggle/working/EviCT/cache/segdb2/images/coronacases_005.npy,41,/kaggle/working/EviCT/cache/segdb2/valid/coronacases_005.npy,/kaggle/working/EviCT/manifests/transforms/coronacases_005.json,512x512x290,0.68359399x0.68359399x1,LAS,True,float16,336,336,/kaggle/working/EviCT/cache/segdb2/gt_vault/infection/coronacases_005.npy,/kaggle/working/EviCT/cache/segdb2/gt_vault/lung/coronacases_005.npy,17,b025
segdb2,coronacases_005_z0042,coronacases_005,coronacases_005,42,fitting,coronacases_named,/kaggle/working/EviCT/cache/segdb2/images/coronacases_005.npy,42,/kaggle/working/EviCT/cache/segdb2/valid/coronacases_005.npy,/kaggle/working/EviCT/manifests/transforms/coronacases_005.json,512x512x290,0.68359399x0.68359399x1,LAS,True,float16,336,336,/kaggle/working/EviCT/cache/segdb2/gt_vault/infection/coronacases_005.npy,/kaggle/working/EviCT/cache/segdb2/gt_vault/lung/coronacases_005.npy,17,b025
segdb2,coronacases_005_z0043,coronacases_005,coronacases_005,43,fitting,coronacases_named,/kaggle/working/EviCT/cache/segdb2/images/coronacases_005.npy,43,/kaggle/working/EviCT/cache/segdb2/valid/coronacases_005.npy,/kaggle/working/EviCT/manifests/transforms/coronacases_005.json,512x512x290,0.68359399x0.68359399x1,LAS,True,float16,336,336,/kaggle/working/EviCT/cache/segdb2/gt_vault/infection/coronacases_005.npy,/kaggle/working/EviCT/cache/segdb2/gt_vault/lung/coronacases_005.npy,17,b025
segdb2,coronacases_005_z0044,coronacases_005,coronacases_005,44,fitting,coronacases_named,/kaggle/working/EviCT/cache/segdb2/images/coronacases_005.npy,44,/kaggle/working/EviCT/cache/segdb2/valid/coronacases_005.npy,/kaggle/working/EviCT/manifests/transforms/coronacases_005.json,512x512x290,0.68359399x0.68359399x1,LAS,True,float16,336,336,/kaggle/working/EviCT/cache/segdb2/gt_vault/infection/coronacases_005.npy,/kaggle/working/EviCT/cache/segdb2/gt_vault/lung/coronacases_005.npy,17,b025
segdb2,coronacases_005_z0045,coronacases_005,coronacases_005,45,fitting,coronacases_named,/kaggle/working/EviCT/cache/segdb2/images/coronacases_005.npy,45,/kaggle/working/EviCT/cache/segdb2/valid/coronacases_005.npy,/kaggle/working/EviCT/manifests/transforms/coronacases_005.json,512x512x290,0.68359399x0.68359399x1,LAS,True,float16,336,336,/kaggle/working/EviCT/cache/segdb2/gt_vault/infection/coronacases_005.npy,/kaggle/working/EviCT/cache/segdb2/gt_vault/lung/coronacases_005.npy,17,b025
segdb2,coronacases_005_z0046,coronacases_005,coronacases_005,46,fitting,coronacases_named,/kaggle/working/EviCT/cache/segdb2/images/coronacases_005.npy,46,/kaggle/working/EviCT/cache/segdb2/valid/coronacases_005.npy,/kaggle/working/EviCT/manifests/transforms/coronacases_005.json,512x512x290,0.68359399x0.68359399x1,LAS,True,float16,336,336,/kaggle/working/EviCT/cache/segdb2/gt_vault/infection/coronacases_005.npy,/kaggle/working/EviCT/cache/segdb2/gt_vault/lung/coronacases_005.npy,17,b025
segdb2,coronacases_005_z0047,coronacases_005,coronacases_005,47,fitting,coronacases_named,/kaggle/working/EviCT/cache/segdb2/images/coronacases_005.npy,47,/kaggle/working/EviCT/cache/segdb2/valid/coronacases_005.npy,/kaggle/working/EviCT/manifests/transforms/coronacases_005.json,512x512x290,0.68359399x0.68359399x1,LAS,True,float16,336,336,/kaggle/working/EviCT/cache/segdb2/gt_vault/infection/coronacases_005.npy,/kaggle/working/EviCT/cache/segdb2/gt_vault/lung/coronacases_005.npy,17,b025
segdb2,coronacases_005_z0048,coronacases_005,coronacases_005,48,fitting,coronacases_named,/kaggle/working/EviCT/cache/segdb2/images/coronacases_005.npy,48,/kaggle/working/EviCT/cache/segdb2/valid/coronacases_005.npy,/kaggle/working/EviCT/manifests/transforms/coronacases_005.json,512x512x290,0.68359399x0.68359399x1,LAS,True,float16,336,336,/kaggle/working/EviCT/cache/segdb2/gt_vault/infection/coronacases_005.npy,/kaggle/working/EviCT/cache/segdb2/gt_vault/lung/coronacases_005.npy,17,b025
segdb2,coronacases_005_z0049,coronacases_005,coronacases_005,49,fitting,coronacases_named,/kaggle/working/EviCT/cache/segdb2/images/coronacases_005.npy,49,/kaggle/working/EviCT/cache/segdb2/valid/coronacases_005.npy,/kaggle/working/EviCT/manifests/transforms/coronacases_005.json,512x512x290,0.68359399x0.68359399x1,LAS,True,float16,336,336,/kaggle/working/EviCT/cache/segdb2/gt_vault/infection/coronacases_005.npy,/kaggle/working/EviCT/cache/segdb2/gt_vault/lung/coronacases_005.npy,17,b025
segdb2,coronacases_005_z0050,coronacases_005,coronacases_005,50,fitting,coronacases_named,/kaggle/working/EviCT/cache/segdb2/images/coronacases_005.npy,50,/kaggle/working/EviCT/cache/segdb2/valid/coronacases_005.npy,/kaggle/working/EviCT/manifests/transforms/coronacases_005.json,512x512x290,0.68359399x0.68359399x1,LAS,True,float16,336,336,/kaggle/working/EviCT/cache/segdb2/gt_vault/infection/coronacases_005.npy,/kaggle/working/EviCT/cache/segdb2/gt_vault/lung/coronacases_005.npy,17,b025
segdb2,coronacases_005_z0051,coronacases_005,coronacases_005,51,fitting,coronacases_named,/kaggle/working/EviCT/cache/segdb2/images/coronacases_005.npy,51,/kaggle/working/EviCT/cache/segdb2/valid/coronacases_005.npy,/kaggle/working/EviCT/manifests/transforms/coronacases_005.json,512x512x290,0.68359399x0.68359399x1,LAS,True,float16,336,336,/kaggle/working/EviCT/cache/segdb2/gt_vault/infection/coronacases_005.npy,/kaggle/working/EviCT/cache/segdb2/gt_vault/lung/coronacases_005.npy,17,b025
segdb2,coronacases_005_z0052,coronacases_005,coronacases_005,52,fitting,coronacases_named,/kaggle/working/EviCT/cache/segdb2/images/coronacases_005.npy,52,/kaggle/working/EviCT/cache/segdb2/valid/coronacases_005.npy,/kaggle/working/EviCT/manifests/transforms/coronacases_005.json,512x512x290,0.68359399x0.68359399x1,LAS,True,float16,336,336,/kaggle/working/EviCT/cache/segdb2/gt_vault/infection/coronacases_005.npy,/kaggle/working/EviCT/cache/segdb2/gt_vault/lung/coronacases_005.npy,17,b025
segdb2,coronacases_005_z0053,coronacases_005,coronacases_005,53,fitting,coronacases_named,/kaggle/working/EviCT/cache/segdb2/images/coronacases_005.npy,53,/kaggle/working/EviCT/cache/segdb2/valid/coronacases_005.npy,/kaggle/working/EviCT/manifests/transforms/coronacases_005.json,512x512x290,0.68359399x0.68359399x1,LAS,True,float16,336,336,/kaggle/working/EviCT/cache/segdb2/gt_vault/infection/coronacases_005.npy,/kaggle/working/EviCT/cache/segdb2/gt_vault/lung/coronacases_005.npy,17,b025
segdb2,coronacases_005_z0054,coronacases_005,coronacases_005,54,fitting,coronacases_named,/kaggle/working/EviCT/cache/segdb2/images/coronacases_005.npy,54,/kaggle/working/EviCT/cache/segdb2/valid/coronacases_005.npy,/kaggle/working/EviCT/manifests/transforms/coronacases_005.json,512x512x290,0.68359399x0.68359399x1,LAS,True,float16,336,336,/kaggle/working/EviCT/cache/segdb2/gt_vault/infection/coronacases_005.npy,/kaggle/working/EviCT/cache/segdb2/gt_vault/lung/coronacases_005.npy,17,b025
segdb2,coronacases_005_z0055,coronacases_005,coronacases_005,55,fitting,coronacases_named,/kaggle/working/EviCT/cache/segdb2/images/coronacases_005.npy,55,/kaggle/working/EviCT/cache/segdb2/valid/coronacases_005.npy,/kaggle/working/EviCT/manifests/transforms/coronacases_005.json,512x512x290,0.68359399x0.68359399x1,LAS,True,float16,336,336,/kaggle/working/EviCT/cache/segdb2/gt_vault/infection/coronacases_005.npy,/kaggle/working/EviCT/cache/segdb2/gt_vault/lung/coronacases_005.npy,17,b025
segdb2,coronacases_005_z0056,coronacases_005,coronacases_005,56,fitting,coronacases_named,/kaggle/working/EviCT/cache/segdb2/images/coronacases_005.npy,56,/kaggle/working/EviCT/cache/segdb2/valid/coronacases_005.npy,/kaggle/working/EviCT/manifests/transforms/coronacases_005.json,512x512x290,0.68359399x0.68359399x1,LAS,True,float16,336,336,/kaggle/working/EviCT/cache/segdb2/gt_vault/infection/coronacases_005.npy,/kaggle/working/EviCT/cache/segdb2/gt_vault/lung/coronacases_005.npy,17,b025
segdb2,coronacases_005_z0057,coronacases_005,coronacases_005,57,fitting,coronacases_named,/kaggle/working/EviCT/cache/segdb2/images/coronacases_005.npy,57,/kaggle/working/EviCT/cache/segdb2/valid/coronacases_005.npy,/kaggle/working/EviCT/manifests/transforms/coronacases_005.json,512x512x290,0.68359399x0.68359399x1,LAS,True,float16,336,336,/kaggle/working/EviCT/cache/segdb2/gt_vault/infection/coronacases_005.npy,/kaggle/working/EviCT/cache/segdb2/gt_vault/lung/coronacases_005.npy,17,b025
segdb2,coronacases_005_z0058,coronacases_005,coronacases_005,58,fitting,coronacases_named,/kaggle/working/EviCT/cache/segdb2/images/coronacases_005.npy,58,/kaggle/working/EviCT/cache/segdb2/valid/coronacases_005.npy,/kaggle/working/EviCT/manifests/transforms/coronacases_005.json,512x512x290,0.68359399x0.68359399x1,LAS,True,float16,336,336,/kaggle/working/EviCT/cache/segdb2/gt_vault/infection/coronacases_005.npy,/kaggle/working/EviCT/cache/segdb2/gt_vault/lung/coronacases_005.npy,17,b025
segdb2,coronacases_005_z0059,coronacases_005,coronacases_005,59,fitting,coronacases_named,/kaggle/working/EviCT/cache/segdb2/images/coronacases_005.npy,59,/kaggle/working/EviCT/cache/segdb2/valid/coronacases_005.npy,/kaggle/working/EviCT/manifests/transforms/coronacases_005.json,512x512x290,0.68359399x0.68359399x1,LAS,True,float16,336,336,/kaggle/working/EviCT/cache/segdb2/gt_vault/infection/coronacases_005.npy,/kaggle/working/EviCT/cache/segdb2/gt_vault/lung/coronacases_005.npy,17,b025
segdb2,coronacases_005_z0060,coronacases_005,coronacases_005,60,fitting,coronacases_named,/kaggle/working/EviCT/cache/segdb2/images/coronacases_005.npy,60,/kaggle/working/EviCT/cache/segdb2/valid/coronacases_005.npy,/kaggle/working/EviCT/manifests/transforms/coronacases_005.json,512x512x290,0.68359399x0.68359399x1,LAS,True,float16,336,336,/kaggle/working/EviCT/cache/segdb2/gt_vault/infection/coronacases_005.npy,/kaggle/working/EviCT/cache/segdb2/gt_vault/lung/coronacases_005.npy,17,b025
segdb2,coronacases_005_z0061,coronacases_005,coronacases_005,61,fitting,coronacases_named,/kaggle/working/EviCT/cache/segdb2/images/coronacases_005.npy,61,/kaggle/working/EviCT/cache/segdb2/valid/coronacases_005.npy,/kaggle/working/EviCT/manifests/transforms/coronacases_005.json,512x512x290,0.68359399x0.68359399x1,LAS,True,float16,336,336,/kaggle/working/EviCT/cache/segdb2/gt_vault/infection/coronacases_005.npy,/kaggle/working/EviCT/cache/segdb2/gt_vault/lung/coronacases_005.npy,17,b025
segdb2,coronacases_005_z0062,coronacases_005,coronacases_005,62,fitting,coronacases_named,/kaggle/working/EviCT/cache/segdb2/images/coronacases_005.npy,62,/kaggle/working/EviCT/cache/segdb2/valid/coronacases_005.npy,/kaggle/working/EviCT/manifests/transforms/coronacases_005.json,512x512x290,0.68359399x0.68359399x1,LAS,True,float16,336,336,/kaggle/working/EviCT/cache/segdb2/gt_vault/infection/coronacases_005.npy,/kaggle/working/EviCT/cache/segdb2/gt_vault/lung/coronacases_005.npy,17,b025
segdb2,coronacases_005_z0063,coronacases_005,coronacases_005,63,fitting,coronacases_named,/kaggle/working/EviCT/cache/segdb2/images/coronacases_005.npy,63,/kaggle/working/EviCT/cache/segdb2/valid/coronacases_005.npy,/kaggle/working/EviCT/manifests/transforms/coronacases_005.json,512x512x290,0.68359399x0.68359399x1,LAS,True,float16,336,336,/kaggle/working/EviCT/cache/segdb2/gt_vault/infection/coronacases_005.npy,/kaggle/working/EviCT/cache/segdb2/gt_vault/lung/coronacases_005.npy,17,b025
segdb2,coronacases_005_z0064,coronacases_005,coronacases_005,64,fitting,coronacases_named,/kaggle/working/EviCT/cache/segdb2/images/coronacases_005.npy,64,/kaggle/working/EviCT/cache/segdb2/valid/coronacases_005.npy,/kaggle/working/EviCT/manifests/transforms/coronacases_005.json,512x512x290,0.68359399x0.68359399x1,LAS,True,float16,336,336,/kaggle/working/EviCT/cache/segdb2/gt_vault/infection/coronacases_005.npy,/kaggle/working/EviCT/cache/segdb2/gt_vault/lung/coronacases_005.npy,17,b025
segdb2,coronacases_005_z0065,coronacases_005,coronacases_005,65,fitting,coronacases_named,/kaggle/working/EviCT/cache/segdb2/images/coronacases_005.npy,65,/kaggle/working/EviCT/cache/segdb2/valid/coronacases_005.npy,/kaggle/working/EviCT/manifests/transforms/coronacases_005.json,512x512x290,0.68359399x0.68359399x1,LAS,True,float16,336,336,/kaggle/working/EviCT/cache/segdb2/gt_vault/infection/coronacases_005.npy,/kaggle/working/EviCT/cache/segdb2/gt_vault/lung/coronacases_005.npy,17,b025
segdb2,coronacases_005_z0066,coronacases_005,coronacases_005,66,fitting,coronacases_named,/kaggle/working/EviCT/cache/segdb2/images/coronacases_005.npy,66,/kaggle/working/EviCT/cache/segdb2/valid/coronacases_005.npy,/kaggle/working/EviCT/manifests/transforms/coronacases_005.json,512x512x290,0.68359399x0.68359399x1,LAS,True,float16,336,336,/kaggle/working/EviCT/cache/segdb2/gt_vault/infection/coronacases_005.npy,/kaggle/working/EviCT/cache/segdb2/gt_vault/lung/coronacases_005.npy,17,b025
segdb2,coronacases_005_z0067,coronacases_005,coronacases_005,67,fitting,coronacases_named,/kaggle/working/EviCT/cache/segdb2/images/coronacases_005.npy,67,/kaggle/working/EviCT/cache/segdb2/valid/coronacases_005.npy,/kaggle/working/EviCT/manifests/transforms/coronacases_005.json,512x512x290,0.68359399x0.68359399x1,LAS,True,float16,336,336,/kaggle/working/EviCT/cache/segdb2/gt_vault/infection/coronacases_005.npy,/kaggle/working/EviCT/cache/segdb2/gt_vault/lung/coronacases_005.npy,17,b025
segdb2,coronacases_005_z0068,coronacases_005,coronacases_005,68,fitting,coronacases_named,/kaggle/working/EviCT/cache/segdb2/images/coronacases_005.npy,68,/kaggle/working/EviCT/cache/segdb2/valid/coronacases_005.npy,/kaggle/working/EviCT/manifests/transforms/coronacases_005.json,512x512x290,0.68359399x0.68359399x1,LAS,True,float16,336,336,/kaggle/working/EviCT/cache/segdb2/gt_vault/infection/coronacases_005.npy,/kaggle/working/EviCT/cache/segdb2/gt_vault/lung/coronacases_005.npy,17,b025
segdb2,coronacases_005_z0069,coronacases_005,coronacases_005,69,fitting,coronacases_named,/kaggle/working/EviCT/cache/segdb2/images/coronacases_005.npy,69,/kaggle/working/EviCT/cache/segdb2/valid/coronacases_005.npy,/kaggle/working/EviCT/manifests/transforms/coronacases_005.json,512x512x290,0.68359399x0.68359399x1,LAS,True,float16,336,336,/kaggle/working/EviCT/cache/segdb2/gt_vault/infection/coronacases_005.npy,/kaggle/working/EviCT/cache/segdb2/gt_vault/lung/coronacases_005.npy,17,b025
segdb2,coronacases_005_z0070,coronacases_005,coronacases_005,70,fitting,coronacases_named,/kaggle/working/EviCT/cache/segdb2/images/coronacases_005.npy,70,/kaggle/working/EviCT/cache/segdb2/valid/coronacases_005.npy,/kaggle/working/EviCT/manifests/transforms/coronacases_005.json,512x512x290,0.68359399x0.68359399x1,LAS,True,float16,336,336,/kaggle/working/EviCT/cache/segdb2/gt_vault/infection/coronacases_005.npy,/kaggle/working/EviCT/cache/segdb2/gt_vault/lung/coronacases_005.npy,17,b025
segdb2,coronacases_005_z0071,coronacases_005,coronacases_005,71,fitting,coronacases_named,/kaggle/working/EviCT/cache/segdb2/images/coronacases_005.npy,71,/kaggle/working/EviCT/cache/segdb2/valid/coronacases_005.npy,/kaggle/working/EviCT/manifests/transforms/coronacases_005.json,512x512x290,0.68359399x0.68359399x1,LAS,True,float16,336,336,/kaggle/working/EviCT/cache/segdb2/gt_vault/infection/coronacases_005.npy,/kaggle/working/EviCT/cache/segdb2/gt_vault/lung/coronacases_005.npy,17,b025
segdb2,coronacases_005_z0072,coronacases_005,coronacases_005,72,fitting,coronacases_named,/kaggle/working/EviCT/cache/segdb2/images/coronacases_005.npy,72,/kaggle/working/EviCT/cache/segdb2/valid/coronacases_005.npy,/kaggle/working/EviCT/manifests/transforms/coronacases_005.json,512x512x290,0.68359399x0.68359399x1,LAS,True,float16,336,336,/kaggle/working/EviCT/cache/segdb2/gt_vault/infection/coronacases_005.npy,/kaggle/working/EviCT/cache/segdb2/gt_vault/lung/coronacases_005.npy,17,b025
segdb2,coronacases_005_z0073,coronacases_005,coronacases_005,73,fitting,coronacases_named,/kaggle/working/EviCT/cache/segdb2/images/coronacases_005.npy,73,/kaggle/working/EviCT/cache/segdb2/valid/coronacases_005.npy,/kaggle/working/EviCT/manifests/transforms/coronacases_005.json,512x512x290,0.68359399x0.68359399x1,LAS,True,float16,336,336,/kaggle/working/EviCT/cache/segdb2/gt_vault/infection/coronacases_005.npy,/kaggle/working/EviCT/cache/segdb2/gt_vault/lung/coronacases_005.npy,17,b025
segdb2,coronacases_005_z0074,coronacases_005,coronacases_005,74,fitting,coronacases_named,/kaggle/working/EviCT/cache/segdb2/images/coronacases_005.npy,74,/kaggle/working/EviCT/cache/segdb2/valid/coronacases_005.npy,/kaggle/working/EviCT/manifests/transforms/coronacases_005.json,512x512x290,0.68359399x0.68359399x1,LAS,True,float16,336,336,/kaggle/working/EviCT/cache/segdb2/gt_vault/infection/coronacases_005.npy,/kaggle/working/EviCT/cache/segdb2/gt_vault/lung/coronacases_005.npy,17,b025
segdb2,coronacases_005_z0075,coronacases_005,coronacases_005,75,fitting,coronacases_named,/kaggle/working/EviCT/cache/segdb2/images/coronacases_005.npy,75,/kaggle/working/EviCT/cache/segdb2/valid/coronacases_005.npy,/kaggle/working/EviCT/manifests/transforms/coronacases_005.json,512x512x290,0.68359399x0.68359399x1,LAS,True,float16,336,336,/kaggle/working/EviCT/cache/segdb2/gt_vault/infection/coronacases_005.npy,/kaggle/working/EviCT/cache/segdb2/gt_vault/lung/coronacases_005.npy,17,b025
segdb2,coronacases_005_z0076,coronacases_005,coronacases_005,76,fitting,coronacases_named,/kaggle/working/EviCT/cache/segdb2/images/coronacases_005.npy,76,/kaggle/working/EviCT/cache/segdb2/valid/coronacases_005.npy,/kaggle/working/EviCT/manifests/transforms/coronacases_005.json,512x512x290,0.68359399x0.68359399x1,LAS,True,float16,336,336,/kaggle/working/EviCT/cache/segdb2/gt_vault/infection/coronacases_005.npy,/kaggle/working/EviCT/cache/segdb2/gt_vault/lung/coronacases_005.npy,17,b025
segdb2,coronacases_005_z0077,coronacases_005,coronacases_005,77,fitting,coronacases_named,/kaggle/working/EviCT/cache/segdb2/images/coronacases_005.npy,77,/kaggle/working/EviCT/cache/segdb2/valid/coronacases_005.npy,/kaggle/working/EviCT/manifests/transforms/coronacases_005.json,512x512x290,0.68359399x0.68359399x1,LAS,True,float16,336,336,/kaggle/working/EviCT/cache/segdb2/gt_vault/infection/coronacases_005.npy,/kaggle/working/EviCT/cache/segdb2/gt_vault/lung/coronacases_005.npy,17,b025
segdb2,coronacases_005_z0078,coronacases_005,coronacases_005,78,fitting,coronacases_named,/kaggle/working/EviCT/cache/segdb2/images/coronacases_005.npy,78,/kaggle/working/EviCT/cache/segdb2/valid/coronacases_005.npy,/kaggle/working/EviCT/manifests/transforms/coronacases_005.json,512x512x290,0.68359399x0.68359399x1,LAS,True,float16,336,336,/kaggle/working/EviCT/cache/segdb2/gt_vault/infection/coronacases_005.npy,/kaggle/working/EviCT/cache/segdb2/gt_vault/lung/coronacases_005.npy,17,b025
segdb2,coronacases_005_z0079,coronacases_005,coronacases_005,79,fitting,coronacases_named,/kaggle/working/EviCT/cache/segdb2/images/coronacases_005.npy,79,/kaggle/working/EviCT/cache/segdb2/valid/coronacases_005.npy,/kaggle/working/EviCT/manifests/transforms/coronacases_005.json,512x512x290,0.68359399x0.68359399x1,LAS,True,float16,336,336,/kaggle/working/EviCT/cache/segdb2/gt_vault/infection/coronacases_005.npy,/kaggle/working/EviCT/cache/segdb2/gt_vault/lung/coronacases_005.npy,17,b025
segdb2,coronacases_005_z0080,coronacases_005,coronacases_005,80,fitting,coronacases_named,/kaggle/working/EviCT/cache/segdb2/images/coronacases_005.npy,80,/kaggle/working/EviCT/cache/segdb2/valid/coronacases_005.npy,/kaggle/working/EviCT/manifests/transforms/coronacases_005.json,512x512x290,0.68359399x0.68359399x1,LAS,True,float16,336,336,/kaggle/working/EviCT/cache/segdb2/gt_vault/infection/coronacases_005.npy,/kaggle/working/EviCT/cache/segdb2/gt_vault/lung/coronacases_005.npy,17,b025
segdb2,coronacases_005_z0081,coronacases_005,coronacases_005,81,fitting,coronacases_named,/kaggle/working/EviCT/cache/segdb2/images/coronacases_005.npy,81,/kaggle/working/EviCT/cache/segdb2/valid/coronacases_005.npy,/kaggle/working/EviCT/manifests/transforms/coronacases_005.json,512x512x290,0.68359399x0.68359399x1,LAS,True,float16,336,336,/kaggle/working/EviCT/cache/segdb2/gt_vault/infection/coronacases_005.npy,/kaggle/working/EviCT/cache/segdb2/gt_vault/lung/coronacases_005.npy,17,b025
segdb2,coronacases_005_z0082,coronacases_005,coronacases_005,82,fitting,coronacases_named,/kaggle/working/EviCT/cache/segdb2/images/coronacases_005.npy,82,/kaggle/working/EviCT/cache/segdb2/valid/coronacases_005.npy,/kaggle/working/EviCT/manifests/transforms/coronacases_005.json,512x512x290,0.68359399x0.68359399x1,LAS,True,float16,336,336,/kaggle/working/EviCT/cache/segdb2/gt_vault/infection/coronacases_005.npy,/kaggle/working/EviCT/cache/segdb2/gt_vault/lung/coronacases_005.npy,17,b025
segdb2,coronacases_005_z0083,coronacases_005,coronacases_005,83,fitting,coronacases_named,/kaggle/working/EviCT/cache/segdb2/images/coronacases_005.npy,83,/kaggle/working/EviCT/cache/segdb2/valid/coronacases_005.npy,/kaggle/working/EviCT/manifests/transforms/coronacases_005.json,512x512x290,0.68359399x0.68359399x1,LAS,True,float16,336,336,/kaggle/working/EviCT/cache/segdb2/gt_vault/infection/coronacases_005.npy,/kaggle/working/EviCT/cache/segdb2/gt_vault/lung/coronacases_005.npy,17,b025
segdb2,coronacases_005_z0084,coronacases_005,coronacases_005,84,fitting,coronacases_named,/kaggle/working/EviCT/cache/segdb2/images/coronacases_005.npy,84,/kaggle/working/EviCT/cache/segdb2/valid/coronacases_005.npy,/kaggle/working/EviCT/manifests/transforms/coronacases_005.json,512x512x290,0.68359399x0.68359399x1,LAS,True,float16,336,336,/kaggle/working/EviCT/cache/segdb2/gt_vault/infection/coronacases_005.npy,/kaggle/working/EviCT/cache/segdb2/gt_vault/lung/coronacases_005.npy,17,b025
segdb2,coronacases_005_z0085,coronacases_005,coronacases_005,85,fitting,coronacases_named,/kaggle/working/EviCT/cache/segdb2/images/coronacases_005.npy,85,/kaggle/working/EviCT/cache/segdb2/valid/coronacases_005.npy,/kaggle/working/EviCT/manifests/transforms/coronacases_005.json,512x512x290,0.68359399x0.68359399x1,LAS,True,float16,336,336,/kaggle/working/EviCT/cache/segdb2/gt_vault/infection/coronacases_005.npy,/kaggle/working/EviCT/cache/segdb2/gt_vault/lung/coronacases_005.npy,17,b025
segdb2,coronacases_005_z0086,coronacases_005,coronacases_005,86,fitting,coronacases_named,/kaggle/working/EviCT/cache/segdb2/images/coronacases_005.npy,86,/kaggle/working/EviCT/cache/segdb2/valid/coronacases_005.npy,/kaggle/working/EviCT/manifests/transforms/coronacases_005.json,512x512x290,0.68359399x0.68359399x1,LAS,True,float16,336,336,/kaggle/working/EviCT/cache/segdb2/gt_vault/infection/coronacases_005.npy,/kaggle/working/EviCT/cache/segdb2/gt_vault/lung/coronacases_005.npy,17,b025
segdb2,coronacases_005_z0087,coronacases_005,coronacases_005,87,fitting,coronacases_named,/kaggle/working/EviCT/cache/segdb2/images/coronacases_005.npy,87,/kaggle/working/EviCT/cache/segdb2/valid/coronacases_005.npy,/kaggle/working/EviCT/manifests/transforms/coronacases_005.json,512x512x290,0.68359399x0.68359399x1,LAS,True,float16,336,336,/kaggle/working/EviCT/cache/segdb2/gt_vault/infection/coronacases_005.npy,/kaggle/working/EviCT/cache/segdb2/gt_vault/lung/coronacases_005.npy,17,b025
segdb2,coronacases_005_z0088,coronacases_005,coronacases_005,88,fitting,coronacases_named,/kaggle/working/EviCT/cache/segdb2/images/coronacases_005.npy,88,/kaggle/working/EviCT/cache/segdb2/valid/coronacases_005.npy,/kaggle/working/EviCT/manifests/transforms/coronacases_005.json,512x512x290,0.68359399x0.68359399x1,LAS,True,float16,336,336,/kaggle/working/EviCT/cache/segdb2/gt_vault/infection/coronacases_005.npy,/kaggle/working/EviCT/cache/segdb2/gt_vault/lung/coronacases_005.npy,17,b025
segdb2,coronacases_005_z0089,coronacases_005,coronacases_005,89,fitting,coronacases_named,/kaggle/working/EviCT/cache/segdb2/images/coronacases_005.npy,89,/kaggle/working/EviCT/cache/segdb2/valid/coronacases_005.npy,/kaggle/working/EviCT/manifests/transforms/coronacases_005.json,512x512x290,0.68359399x0.68359399x1,LAS,True,float16,336,336,/kaggle/working/EviCT/cache/segdb2/gt_vault/infection/coronacases_005.npy,/kaggle/working/EviCT/cache/segdb2/gt_vault/lung/coronacases_005.npy,17,b025
segdb2,coronacases_005_z0090,coronacases_005,coronacases_005,90,fitting,coronacases_named,/kaggle/working/EviCT/cache/segdb2/images/coronacases_005.npy,90,/kaggle/working/EviCT/cache/segdb2/valid/coronacases_005.npy,/kaggle/working/EviCT/manifests/transforms/coronacases_005.json,512x512x290,0.68359399x0.68359399x1,LAS,True,float16,336,336,/kaggle/working/EviCT/cache/segdb2/gt_vault/infection/coronacases_005.npy,/kaggle/working/EviCT/cache/segdb2/gt_vault/lung/coronacases_005.npy,17,b025
segdb2,coronacases_005_z0091,coronacases_005,coronacases_005,91,fitting,coronacases_named,/kaggle/working/EviCT/cache/segdb2/images/coronacases_005.npy,91,/kaggle/working/EviCT/cache/segdb2/valid/coronacases_005.npy,/kaggle/working/EviCT/manifests/transforms/coronacases_005.json,512x512x290,0.68359399x0.68359399x1,LAS,True,float16,336,336,/kaggle/working/EviCT/cache/segdb2/gt_vault/infection/coronacases_005.npy,/kaggle/working/EviCT/cache/segdb2/gt_vault/lung/coronacases_005.npy,17,b025
segdb2,coronacases_005_z0092,coronacases_005,coronacases_005,92,fitting,coronacases_named,/kaggle/working/EviCT/cache/segdb2/images/coronacases_005.npy,92,/kaggle/working/EviCT/cache/segdb2/valid/coronacases_005.npy,/kaggle/working/EviCT/manifests/transforms/coronacases_005.json,512x512x290,0.68359399x0.68359399x1,LAS,True,float16,336,336,/kaggle/working/EviCT/cache/segdb2/gt_vault/infection/coronacases_005.npy,/kaggle/working/EviCT/cache/segdb2/gt_vault/lung/coronacases_005.npy,17,b025
segdb2,coronacases_005_z0093,coronacases_005,coronacases_005,93,fitting,coronacases_named,/kaggle/working/EviCT/cache/segdb2/images/coronacases_005.npy,93,/kaggle/working/EviCT/cache/segdb2/valid/coronacases_005.npy,/kaggle/working/EviCT/manifests/transforms/coronacases_005.json,512x512x290,0.68359399x0.68359399x1,LAS,True,float16,336,336,/kaggle/working/EviCT/cache/segdb2/gt_vault/infection/coronacases_005.npy,/kaggle/working/EviCT/cache/segdb2/gt_vault/lung/coronacases_005.npy,17,b025
segdb2,coronacases_005_z0094,coronacases_005,coronacases_005,94,fitting,coronacases_named,/kaggle/working/EviCT/cache/segdb2/images/coronacases_005.npy,94,/kaggle/working/EviCT/cache/segdb2/valid/coronacases_005.npy,/kaggle/working/EviCT/manifests/transforms/coronacases_005.json,512x512x290,0.68359399x0.68359399x1,LAS,True,float16,336,336,/kaggle/working/EviCT/cache/segdb2/gt_vault/infection/coronacases_005.npy,/kaggle/working/EviCT/cache/segdb2/gt_vault/lung/coronacases_005.npy,17,b025
segdb2,coronacases_005_z0095,coronacases_005,coronacases_005,95,fitting,coronacases_named,/kaggle/working/EviCT/cache/segdb2/images/coronacases_005.npy,95,/kaggle/working/EviCT/cache/segdb2/valid/coronacases_005.npy,/kaggle/working/EviCT/manifests/transforms/coronacases_005.json,512x512x290,0.68359399x0.68359399x1,LAS,True,float16,336,336,/kaggle/working/EviCT/cache/segdb2/gt_vault/infection/coronacases_005.npy,/kaggle/working/EviCT/cache/segdb2/gt_vault/lung/coronacases_005.npy,17,b025
segdb2,coronacases_005_z0096,coronacases_005,coronacases_005,96,fitting,coronacases_named,/kaggle/working/EviCT/cache/segdb2/images/coronacases_005.npy,96,/kaggle/working/EviCT/cache/segdb2/valid/coronacases_005.npy,/kaggle/working/EviCT/manifests/transforms/coronacases_005.json,512x512x290,0.68359399x0.68359399x1,LAS,True,float16,336,336,/kaggle/working/EviCT/cache/segdb2/gt_vault/infection/coronacases_005.npy,/kaggle/working/EviCT/cache/segdb2/gt_vault/lung/coronacases_005.npy,17,b025
segdb2,coronacases_005_z0097,coronacases_005,coronacases_005,97,fitting,coronacases_named,/kaggle/working/EviCT/cache/segdb2/images/coronacases_005.npy,97,/kaggle/working/EviCT/cache/segdb2/valid/coronacases_005.npy,/kaggle/working/EviCT/manifests/transforms/coronacases_005.json,512x512x290,0.68359399x0.68359399x1,LAS,True,float16,336,336,/kaggle/working/EviCT/cache/segdb2/gt_vault/infection/coronacases_005.npy,/kaggle/working/EviCT/cache/segdb2/gt_vault/lung/coronacases_005.npy,17,b025
segdb2,coronacases_005_z0098,coronacases_005,coronacases_005,98,fitting,coronacases_named,/kaggle/working/EviCT/cache/segdb2/images/coronacases_005.npy,98,/kaggle/working/EviCT/cache/segdb2/valid/coronacases_005.npy,/kaggle/working/EviCT/manifests/transforms/coronacases_005.json,512x512x290,0.68359399x0.68359399x1,LAS,True,float16,336,336,/kaggle/working/EviCT/cache/segdb2/gt_vault/infection/coronacases_005.npy,/kaggle/working/EviCT/cache/segdb2/gt_vault/lung/coronacases_005.npy,17,b025
segdb2,coronacases_005_z0099,coronacases_005,coronacases_005,99,fitting,coronacases_named,/kaggle/working/EviCT/cache/segdb2/images/coronacases_005.npy,99,/kaggle/working/EviCT/cache/segdb2/valid/coronacases_005.npy,/kaggle/working/EviCT/manifests/transforms/coronacases_005.json,512x512x290,0.68359399x0.68359399x1,LAS,True,float16,336,336,/kaggle/working/EviCT/cache/segdb2/gt_vault/infection/coronacases_005.npy,/kaggle/working/EviCT/cache/segdb2/gt_vault/lung/coronacases_005.npy,17,b025
segdb2,coronacases_005_z0100,coronacases_005,coronacases_005,100,fitting,coronacases_named,/kaggle/working/EviCT/cache/segdb2/images/coronacases_005.npy,100,/kaggle/working/EviCT/cache/segdb2/valid/coronacases_005.npy,/kaggle/working/EviCT/manifests/transforms/coronacases_005.json,512x512x290,0.68359399x0.68359399x1,LAS,True,float16,336,336,/kaggle/working/EviCT/cache/segdb2/gt_vault/infection/coronacases_005.npy,/kaggle/working/EviCT/cache/segdb2/gt_vault/lung/coronacases_005.npy,17,b025
segdb2,coronacases_005_z0101,coronacases_005,coronacases_005,101,fitting,coronacases_named,/kaggle/working/EviCT/cache/segdb2/images/coronacases_005.npy,101,/kaggle/working/EviCT/cache/segdb2/valid/coronacases_005.npy,/kaggle/working/EviCT/manifests/transforms/coronacases_005.json,512x512x290,0.68359399x0.68359399x1,LAS,True,float16,336,336,/kaggle/working/EviCT/cache/segdb2/gt_vault/infection/coronacases_005.npy,/kaggle/working/EviCT/cache/segdb2/gt_vault/lung/coronacases_005.npy,17,b025
segdb2,coronacases_005_z0102,coronacases_005,coronacases_005,102,fitting,coronacases_named,/kaggle/working/EviCT/cache/segdb2/images/coronacases_005.npy,102,/kaggle/working/EviCT/cache/segdb2/valid/coronacases_005.npy,/kaggle/working/EviCT/manifests/transforms/coronacases_005.json,512x512x290,0.68359399x0.68359399x1,LAS,True,float16,336,336,/kaggle/working/EviCT/cache/segdb2/gt_vault/infection/coronacases_005.npy,/kaggle/working/EviCT/cache/segdb2/gt_vault/lung/coronacases_005.npy,17,b025
segdb2,coronacases_005_z0103,coronacases_005,coronacases_005,103,fitting,coronacases_named,/kaggle/working/EviCT/cache/segdb2/images/coronacases_005.npy,103,/kaggle/working/EviCT/cache/segdb2/valid/coronacases_005.npy,/kaggle/working/EviCT/manifests/transforms/coronacases_005.json,512x512x290,0.68359399x0.68359399x1,LAS,True,float16,336,336,/kaggle/working/EviCT/cache/segdb2/gt_vault/infection/coronacases_005.npy,/kaggle/working/EviCT/cache/segdb2/gt_vault/lung/coronacases_005.npy,17,b025
segdb2,coronacases_005_z0104,coronacases_005,coronacases_005,104,fitting,coronacases_named,/kaggle/working/EviCT/cache/segdb2/images/coronacases_005.npy,104,/kaggle/working/EviCT/cache/segdb2/valid/coronacases_005.npy,/kaggle/working/EviCT/manifests/transforms/coronacases_005.json,512x512x290,0.68359399x0.68359399x1,LAS,True,float16,336,336,/kaggle/working/EviCT/cache/segdb2/gt_vault/infection/coronacases_005.npy,/kaggle/working/EviCT/cache/segdb2/gt_vault/lung/coronacases_005.npy,17,b025
segdb2,coronacases_005_z0105,coronacases_005,coronacases_005,105,fitting,coronacases_named,/kaggle/working/EviCT/cache/segdb2/images/coronacases_005.npy,105,/kaggle/working/EviCT/cache/segdb2/valid/coronacases_005.npy,/kaggle/working/EviCT/manifests/transforms/coronacases_005.json,512x512x290,0.68359399x0.68359399x1,LAS,True,float16,336,336,/kaggle/working/EviCT/cache/segdb2/gt_vault/infection/coronacases_005.npy,/kaggle/working/EviCT/cache/segdb2/gt_vault/lung/coronacases_005.npy,17,b025
segdb2,coronacases_005_z0106,coronacases_005,coronacases_005,106,fitting,coronacases_named,/kaggle/working/EviCT/cache/segdb2/images/coronacases_005.npy,106,/kaggle/working/EviCT/cache/segdb2/valid/coronacases_005.npy,/kaggle/working/EviCT/manifests/transforms/coronacases_005.json,512x512x290,0.68359399x0.68359399x1,LAS,True,float16,336,336,/kaggle/working/EviCT/cache/segdb2/gt_vault/infection/coronacases_005.npy,/kaggle/working/EviCT/cache/segdb2/gt_vault/lung/coronacases_005.npy,17,b025
segdb2,coronacases_005_z0107,coronacases_005,coronacases_005,107,fitting,coronacases_named,/kaggle/working/EviCT/cache/segdb2/images/coronacases_005.npy,107,/kaggle/working/EviCT/cache/segdb2/valid/coronacases_005.npy,/kaggle/working/EviCT/manifests/transforms/coronacases_005.json,512x512x290,0.68359399x0.68359399x1,LAS,True,float16,336,336,/kaggle/working/EviCT/cache/segdb2/gt_vault/infection/coronacases_005.npy,/kaggle/working/EviCT/cache/segdb2/gt_vault/lung/coronacases_005.npy,17,b025
segdb2,coronacases_005_z0108,coronacases_005,coronacases_005,108,fitting,coronacases_named,/kaggle/working/EviCT/cache/segdb2/images/coronacases_005.npy,108,/kaggle/working/EviCT/cache/segdb2/valid/coronacases_005.npy,/kaggle/working/EviCT/manifests/transforms/coronacases_005.json,512x512x290,0.68359399x0.68359399x1,LAS,True,float16,336,336,/kaggle/working/EviCT/cache/segdb2/gt_vault/infection/coronacases_005.npy,/kaggle/working/EviCT/cache/segdb2/gt_vault/lung/coronacases_005.npy,17,b025
segdb2,coronacases_005_z0109,coronacases_005,coronacases_005,109,fitting,coronacases_named,/kaggle/working/EviCT/cache/segdb2/images/coronacases_005.npy,109,/kaggle/working/EviCT/cache/segdb2/valid/coronacases_005.npy,/kaggle/working/EviCT/manifests/transforms/coronacases_005.json,512x512x290,0.68359399x0.68359399x1,LAS,True,float16,336,336,/kaggle/working/EviCT/cache/segdb2/gt_vault/infection/coronacases_005.npy,/kaggle/working/EviCT/cache/segdb2/gt_vault/lung/coronacases_005.npy,17,b025
segdb2,coronacases_005_z0110,coronacases_005,coronacases_005,110,fitting,coronacases_named,/kaggle/working/EviCT/cache/segdb2/images/coronacases_005.npy,110,/kaggle/working/EviCT/cache/segdb2/valid/coronacases_005.npy,/kaggle/working/EviCT/manifests/transforms/coronacases_005.json,512x512x290,0.68359399x0.68359399x1,LAS,True,float16,336,336,/kaggle/working/EviCT/cache/segdb2/gt_vault/infection/coronacases_005.npy,/kaggle/working/EviCT/cache/segdb2/gt_vault/lung/coronacases_005.npy,17,b025
segdb2,coronacases_005_z0111,coronacases_005,coronacases_005,111,fitting,coronacases_named,/kaggle/working/EviCT/cache/segdb2/images/coronacases_005.npy,111,/kaggle/working/EviCT/cache/segdb2/valid/coronacases_005.npy,/kaggle/working/EviCT/manifests/transforms/coronacases_005.json,512x512x290,0.68359399x0.68359399x1,LAS,True,float16,336,336,/kaggle/working/EviCT/cache/segdb2/gt_vault/infection/coronacases_005.npy,/kaggle/working/EviCT/cache/segdb2/gt_vault/lung/coronacases_005.npy,17,b025
segdb2,coronacases_005_z0112,coronacases_005,coronacases_005,112,fitting,coronacases_named,/kaggle/working/EviCT/cache/segdb2/images/coronacases_005.npy,112,/kaggle/working/EviCT/cache/segdb2/valid/coronacases_005.npy,/kaggle/working/EviCT/manifests/transforms/coronacases_005.json,512x512x290,0.68359399x0.68359399x1,LAS,True,float16,336,336,/kaggle/working/EviCT/cache/segdb2/gt_vault/infection/coronacases_005.npy,/kaggle/working/EviCT/cache/segdb2/gt_vault/lung/coronacases_005.npy,17,b025
segdb2,coronacases_005_z0113,coronacases_005,coronacases_005,113,fitting,coronacases_named,/kaggle/working/EviCT/cache/segdb2/images/coronacases_005.npy,113,/kaggle/working/EviCT/cache/segdb2/valid/coronacases_005.npy,/kaggle/working/EviCT/manifests/transforms/coronacases_005.json,512x512x290,0.68359399x0.68359399x1,LAS,True,float16,336,336,/kaggle/working/EviCT/cache/segdb2/gt_vault/infection/coronacases_005.npy,/kaggle/working/EviCT/cache/segdb2/gt_vault/lung/coronacases_005.npy,17,b025
segdb2,coronacases_005_z0114,coronacases_005,coronacases_005,114,fitting,coronacases_named,/kaggle/working/EviCT/cache/segdb2/images/coronacases_005.npy,114,/kaggle/working/EviCT/cache/segdb2/valid/coronacases_005.npy,/kaggle/working/EviCT/manifests/transforms/coronacases_005.json,512x512x290,0.68359399x0.68359399x1,LAS,True,float16,336,336,/kaggle/working/EviCT/cache/segdb2/gt_vault/infection/coronacases_005.npy,/kaggle/working/EviCT/cache/segdb2/gt_vault/lung/coronacases_005.npy,17,b025
segdb2,coronacases_005_z0115,coronacases_005,coronacases_005,115,fitting,coronacases_named,/kaggle/working/EviCT/cache/segdb2/images/coronacases_005.npy,115,/kaggle/working/EviCT/cache/segdb2/valid/coronacases_005.npy,/kaggle/working/EviCT/manifests/transforms/coronacases_005.json,512x512x290,0.68359399x0.68359399x1,LAS,True,float16,336,336,/kaggle/working/EviCT/cache/segdb2/gt_vault/infection/coronacases_005.npy,/kaggle/working/EviCT/cache/segdb2/gt_vault/lung/coronacases_005.npy,17,b025
segdb2,coronacases_005_z0116,coronacases_005,coronacases_005,116,fitting,coronacases_named,/kaggle/working/EviCT/cache/segdb2/images/coronacases_005.npy,116,/kaggle/working/EviCT/cache/segdb2/valid/coronacases_005.npy,/kaggle/working/EviCT/manifests/transforms/coronacases_005.json,512x512x290,0.68359399x0.68359399x1,LAS,True,float16,336,336,/kaggle/working/EviCT/cache/segdb2/gt_vault/infection/coronacases_005.npy,/kaggle/working/EviCT/cache/segdb2/gt_vault/lung/coronacases_005.npy,17,b025
segdb2,coronacases_005_z0117,coronacases_005,coronacases_005,117,fitting,coronacases_named,/kaggle/working/EviCT/cache/segdb2/images/coronacases_005.npy,117,/kaggle/working/EviCT/cache/segdb2/valid/coronacases_005.npy,/kaggle/working/EviCT/manifests/transforms/coronacases_005.json,512x512x290,0.68359399x0.68359399x1,LAS,True,float16,336,336,/kaggle/working/EviCT/cache/segdb2/gt_vault/infection/coronacases_005.npy,/kaggle/working/EviCT/cache/segdb2/gt_vault/lung/coronacases_005.npy,17,b025
segdb2,coronacases_005_z0118,coronacases_005,coronacases_005,118,fitting,coronacases_named,/kaggle/working/EviCT/cache/segdb2/images/coronacases_005.npy,118,/kaggle/working/EviCT/cache/segdb2/valid/coronacases_005.npy,/kaggle/working/EviCT/manifests/transforms/coronacases_005.json,512x512x290,0.68359399x0.68359399x1,LAS,True,float16,336,336,/kaggle/working/EviCT/cache/segdb2/gt_vault/infection/coronacases_005.npy,/kaggle/working/EviCT/cache/segdb2/gt_vault/lung/coronacases_005.npy,17,b025
segdb2,coronacases_005_z0119,coronacases_005,coronacases_005,119,fitting,coronacases_named,/kaggle/working/EviCT/cache/segdb2/images/coronacases_005.npy,119,/kaggle/working/EviCT/cache/segdb2/valid/coronacases_005.npy,/kaggle/working/EviCT/manifests/transforms/coronacases_005.json,512x512x290,0.68359399x0.68359399x1,LAS,True,float16,336,336,/kaggle/working/EviCT/cache/segdb2/gt_vault/infection/coronacases_005.npy,/kaggle/working/EviCT/cache/segdb2/gt_vault/lung/coronacases_005.npy,17,b025
segdb2,coronacases_005_z0120,coronacases_005,coronacases_005,120,fitting,coronacases_named,/kaggle/working/EviCT/cache/segdb2/images/coronacases_005.npy,120,/kaggle/working/EviCT/cache/segdb2/valid/coronacases_005.npy,/kaggle/working/EviCT/manifests/transforms/coronacases_005.json,512x512x290,0.68359399x0.68359399x1,LAS,True,float16,336,336,/kaggle/working/EviCT/cache/segdb2/gt_vault/infection/coronacases_005.npy,/kaggle/working/EviCT/cache/segdb2/gt_vault/lung/coronacases_005.npy,17,b025
segdb2,coronacases_005_z0121,coronacases_005,coronacases_005,121,fitting,coronacases_named,/kaggle/working/EviCT/cache/segdb2/images/coronacases_005.npy,121,/kaggle/working/EviCT/cache/segdb2/valid/coronacases_005.npy,/kaggle/working/EviCT/manifests/transforms/coronacases_005.json,512x512x290,0.68359399x0.68359399x1,LAS,True,float16,336,336,/kaggle/working/EviCT/cache/segdb2/gt_vault/infection/coronacases_005.npy,/kaggle/working/EviCT/cache/segdb2/gt_vault/lung/coronacases_005.npy,17,b025
segdb2,coronacases_005_z0122,coronacases_005,coronacases_005,122,fitting,coronacases_named,/kaggle/working/EviCT/cache/segdb2/images/coronacases_005.npy,122,/kaggle/working/EviCT/cache/segdb2/valid/coronacases_005.npy,/kaggle/working/EviCT/manifests/transforms/coronacases_005.json,512x512x290,0.68359399x0.68359399x1,LAS,True,float16,336,336,/kaggle/working/EviCT/cache/segdb2/gt_vault/infection/coronacases_005.npy,/kaggle/working/EviCT/cache/segdb2/gt_vault/lung/coronacases_005.npy,17,b025
segdb2,coronacases_005_z0123,coronacases_005,coronacases_005,123,fitting,coronacases_named,/kaggle/working/EviCT/cache/segdb2/images/coronacases_005.npy,123,/kaggle/working/EviCT/cache/segdb2/valid/coronacases_005.npy,/kaggle/working/EviCT/manifests/transforms/coronacases_005.json,512x512x290,0.68359399x0.68359399x1,LAS,True,float16,336,336,/kaggle/working/EviCT/cache/segdb2/gt_vault/infection/coronacases_005.npy,/kaggle/working/EviCT/cache/segdb2/gt_vault/lung/coronacases_005.npy,17,b025
segdb2,coronacases_005_z0124,coronacases_005,coronacases_005,124,fitting,coronacases_named,/kaggle/working/EviCT/cache/segdb2/images/coronacases_005.npy,124,/kaggle/working/EviCT/cache/segdb2/valid/coronacases_005.npy,/kaggle/working/EviCT/manifests/transforms/coronacases_005.json,512x512x290,0.68359399x0.68359399x1,LAS,True,float16,336,336,/kaggle/working/EviCT/cache/segdb2/gt_vault/infection/coronacases_005.npy,/kaggle/working/EviCT/cache/segdb2/gt_vault/lung/coronacases_005.npy,17,b025
segdb2,coronacases_005_z0125,coronacases_005,coronacases_005,125,fitting,coronacases_named,/kaggle/working/EviCT/cache/segdb2/images/coronacases_005.npy,125,/kaggle/working/EviCT/cache/segdb2/valid/coronacases_005.npy,/kaggle/working/EviCT/manifests/transforms/coronacases_005.json,512x512x290,0.68359399x0.68359399x1,LAS,True,float16,336,336,/kaggle/working/EviCT/cache/segdb2/gt_vault/infection/coronacases_005.npy,/kaggle/working/EviCT/cache/segdb2/gt_vault/lung/coronacases_005.npy,17,b025
segdb2,coronacases_005_z0126,coronacases_005,coronacases_005,126,fitting,coronacases_named,/kaggle/working/EviCT/cache/segdb2/images/coronacases_005.npy,126,/kaggle/working/EviCT/cache/segdb2/valid/coronacases_005.npy,/kaggle/working/EviCT/manifests/transforms/coronacases_005.json,512x512x290,0.68359399x0.68359399x1,LAS,True,float16,336,336,/kaggle/working/EviCT/cache/segdb2/gt_vault/infection/coronacases_005.npy,/kaggle/working/EviCT/cache/segdb2/gt_vault/lung/coronacases_005.npy,17,b025
segdb2,coronacases_005_z0127,coronacases_005,coronacases_005,127,fitting,coronacases_named,/kaggle/working/EviCT/cache/segdb2/images/coronacases_005.npy,127,/kaggle/working/EviCT/cache/segdb2/valid/coronacases_005.npy,/kaggle/working/EviCT/manifests/transforms/coronacases_005.json,512x512x290,0.68359399x0.68359399x1,LAS,True,float16,336,336,/kaggle/working/EviCT/cache/segdb2/gt_vault/infection/coronacases_005.npy,/kaggle/working/EviCT/cache/segdb2/gt_vault/lung/coronacases_005.npy,17,b025
segdb2,coronacases_005_z0128,coronacases_005,coronacases_005,128,fitting,coronacases_named,/kaggle/working/EviCT/cache/segdb2/images/coronacases_005.npy,128,/kaggle/working/EviCT/cache/segdb2/valid/coronacases_005.npy,/kaggle/working/EviCT/manifests/transforms/coronacases_005.json,512x512x290,0.68359399x0.68359399x1,LAS,True,float16,336,336,/kaggle/working/EviCT/cache/segdb2/gt_vault/infection/coronacases_005.npy,/kaggle/working/EviCT/cache/segdb2/gt_vault/lung/coronacases_005.npy,17,b025
segdb2,coronacases_005_z0129,coronacases_005,coronacases_005,129,fitting,coronacases_named,/kaggle/working/EviCT/cache/segdb2/images/coronacases_005.npy,129,/kaggle/working/EviCT/cache/segdb2/valid/coronacases_005.npy,/kaggle/working/EviCT/manifests/transforms/coronacases_005.json,512x512x290,0.68359399x0.68359399x1,LAS,True,float16,336,336,/kaggle/working/EviCT/cache/segdb2/gt_vault/infection/coronacases_005.npy,/kaggle/working/EviCT/cache/segdb2/gt_vault/lung/coronacases_005.npy,17,b025
segdb2,coronacases_005_z0130,coronacases_005,coronacases_005,130,fitting,coronacases_named,/kaggle/working/EviCT/cache/segdb2/images/coronacases_005.npy,130,/kaggle/working/EviCT/cache/segdb2/valid/coronacases_005.npy,/kaggle/working/EviCT/manifests/transforms/coronacases_005.json,512x512x290,0.68359399x0.68359399x1,LAS,True,float16,336,336,/kaggle/working/EviCT/cache/segdb2/gt_vault/infection/coronacases_005.npy,/kaggle/working/EviCT/cache/segdb2/gt_vault/lung/coronacases_005.npy,17,b025
segdb2,coronacases_005_z0131,coronacases_005,coronacases_005,131,fitting,coronacases_named,/kaggle/working/EviCT/cache/segdb2/images/coronacases_005.npy,131,/kaggle/working/EviCT/cache/segdb2/valid/coronacases_005.npy,/kaggle/working/EviCT/manifests/transforms/coronacases_005.json,512x512x290,0.68359399x0.68359399x1,LAS,True,float16,336,336,/kaggle/working/EviCT/cache/segdb2/gt_vault/infection/coronacases_005.npy,/kaggle/working/EviCT/cache/segdb2/gt_vault/lung/coronacases_005.npy,17,b025
segdb2,coronacases_005_z0132,coronacases_005,coronacases_005,132,fitting,coronacases_named,/kaggle/working/EviCT/cache/segdb2/images/coronacases_005.npy,132,/kaggle/working/EviCT/cache/segdb2/valid/coronacases_005.npy,/kaggle/working/EviCT/manifests/transforms/coronacases_005.json,512x512x290,0.68359399x0.68359399x1,LAS,True,float16,336,336,/kaggle/working/EviCT/cache/segdb2/gt_vault/infection/coronacases_005.npy,/kaggle/working/EviCT/cache/segdb2/gt_vault/lung/coronacases_005.npy,17,b025
segdb2,coronacases_005_z0133,coronacases_005,coronacases_005,133,fitting,coronacases_named,/kaggle/working/EviCT/cache/segdb2/images/coronacases_005.npy,133,/kaggle/working/EviCT/cache/segdb2/valid/coronacases_005.npy,/kaggle/working/EviCT/manifests/transforms/coronacases_005.json,512x512x290,0.68359399x0.68359399x1,LAS,True,float16,336,336,/kaggle/working/EviCT/cache/segdb2/gt_vault/infection/coronacases_005.npy,/kaggle/working/EviCT/cache/segdb2/gt_vault/lung/coronacases_005.npy,17,b025
segdb2,coronacases_005_z0134,coronacases_005,coronacases_005,134,fitting,coronacases_named,/kaggle/working/EviCT/cache/segdb2/images/coronacases_005.npy,134,/kaggle/working/EviCT/cache/segdb2/valid/coronacases_005.npy,/kaggle/working/EviCT/manifests/transforms/coronacases_005.json,512x512x290,0.68359399x0.68359399x1,LAS,True,float16,336,336,/kaggle/working/EviCT/cache/segdb2/gt_vault/infection/coronacases_005.npy,/kaggle/working/EviCT/cache/segdb2/gt_vault/lung/coronacases_005.npy,17,b025
segdb2,coronacases_005_z0135,coronacases_005,coronacases_005,135,fitting,coronacases_named,/kaggle/working/EviCT/cache/segdb2/images/coronacases_005.npy,135,/kaggle/working/EviCT/cache/segdb2/valid/coronacases_005.npy,/kaggle/working/EviCT/manifests/transforms/coronacases_005.json,512x512x290,0.68359399x0.68359399x1,LAS,True,float16,336,336,/kaggle/working/EviCT/cache/segdb2/gt_vault/infection/coronacases_005.npy,/kaggle/working/EviCT/cache/segdb2/gt_vault/lung/coronacases_005.npy,17,b025
segdb2,coronacases_005_z0136,coronacases_005,coronacases_005,136,fitting,coronacases_named,/kaggle/working/EviCT/cache/segdb2/images/coronacases_005.npy,136,/kaggle/working/EviCT/cache/segdb2/valid/coronacases_005.npy,/kaggle/working/EviCT/manifests/transforms/coronacases_005.json,512x512x290,0.68359399x0.68359399x1,LAS,True,float16,336,336,/kaggle/working/EviCT/cache/segdb2/gt_vault/infection/coronacases_005.npy,/kaggle/working/EviCT/cache/segdb2/gt_vault/lung/coronacases_005.npy,17,b025
segdb2,coronacases_005_z0137,coronacases_005,coronacases_005,137,fitting,coronacases_named,/kaggle/working/EviCT/cache/segdb2/images/coronacases_005.npy,137,/kaggle/working/EviCT/cache/segdb2/valid/coronacases_005.npy,/kaggle/working/EviCT/manifests/transforms/coronacases_005.json,512x512x290,0.68359399x0.68359399x1,LAS,True,float16,336,336,/kaggle/working/EviCT/cache/segdb2/gt_vault/infection/coronacases_005.npy,/kaggle/working/EviCT/cache/segdb2/gt_vault/lung/coronacases_005.npy,17,b025
segdb2,coronacases_005_z0138,coronacases_005,coronacases_005,138,fitting,coronacases_named,/kaggle/working/EviCT/cache/segdb2/images/coronacases_005.npy,138,/kaggle/working/EviCT/cache/segdb2/valid/coronacases_005.npy,/kaggle/working/EviCT/manifests/transforms/coronacases_005.json,512x512x290,0.68359399x0.68359399x1,LAS,True,float16,336,336,/kaggle/working/EviCT/cache/segdb2/gt_vault/infection/coronacases_005.npy,/kaggle/working/EviCT/cache/segdb2/gt_vault/lung/coronacases_005.npy,17,b025
segdb2,coronacases_005_z0139,coronacases_005,coronacases_005,139,fitting,coronacases_named,/kaggle/working/EviCT/cache/segdb2/images/coronacases_005.npy,139,/kaggle/working/EviCT/cache/segdb2/valid/coronacases_005.npy,/kaggle/working/EviCT/manifests/transforms/coronacases_005.json,512x512x290,0.68359399x0.68359399x1,LAS,True,float16,336,336,/kaggle/working/EviCT/cache/segdb2/gt_vault/infection/coronacases_005.npy,/kaggle/working/EviCT/cache/segdb2/gt_vault/lung/coronacases_005.npy,17,b025
segdb2,coronacases_005_z0140,coronacases_005,coronacases_005,140,fitting,coronacases_named,/kaggle/working/EviCT/cache/segdb2/images/coronacases_005.npy,140,/kaggle/working/EviCT/cache/segdb2/valid/coronacases_005.npy,/kaggle/working/EviCT/manifests/transforms/coronacases_005.json,512x512x290,0.68359399x0.68359399x1,LAS,True,float16,336,336,/kaggle/working/EviCT/cache/segdb2/gt_vault/infection/coronacases_005.npy,/kaggle/working/EviCT/cache/segdb2/gt_vault/lung/coronacases_005.npy,17,b025
segdb2,coronacases_005_z0141,coronacases_005,coronacases_005,141,fitting,coronacases_named,/kaggle/working/EviCT/cache/segdb2/images/coronacases_005.npy,141,/kaggle/working/EviCT/cache/segdb2/valid/coronacases_005.npy,/kaggle/working/EviCT/manifests/transforms/coronacases_005.json,512x512x290,0.68359399x0.68359399x1,LAS,True,float16,336,336,/kaggle/working/EviCT/cache/segdb2/gt_vault/infection/coronacases_005.npy,/kaggle/working/EviCT/cache/segdb2/gt_vault/lung/coronacases_005.npy,17,b025
segdb2,coronacases_005_z0142,coronacases_005,coronacases_005,142,fitting,coronacases_named,/kaggle/working/EviCT/cache/segdb2/images/coronacases_005.npy,142,/kaggle/working/EviCT/cache/segdb2/valid/coronacases_005.npy,/kaggle/working/EviCT/manifests/transforms/coronacases_005.json,512x512x290,0.68359399x0.68359399x1,LAS,True,float16,336,336,/kaggle/working/EviCT/cache/segdb2/gt_vault/infection/coronacases_005.npy,/kaggle/working/EviCT/cache/segdb2/gt_vault/lung/coronacases_005.npy,17,b025
segdb2,coronacases_005_z0143,coronacases_005,coronacases_005,143,fitting,coronacases_named,/kaggle/working/EviCT/cache/segdb2/images/coronacases_005.npy,143,/kaggle/working/EviCT/cache/segdb2/valid/coronacases_005.npy,/kaggle/working/EviCT/manifests/transforms/coronacases_005.json,512x512x290,0.68359399x0.68359399x1,LAS,True,float16,336,336,/kaggle/working/EviCT/cache/segdb2/gt_vault/infection/coronacases_005.npy,/kaggle/working/EviCT/cache/segdb2/gt_vault/lung/coronacases_005.npy,17,b025
segdb2,coronacases_005_z0144,coronacases_005,coronacases_005,144,fitting,coronacases_named,/kaggle/working/EviCT/cache/segdb2/images/coronacases_005.npy,144,/kaggle/working/EviCT/cache/segdb2/valid/coronacases_005.npy,/kaggle/working/EviCT/manifests/transforms/coronacases_005.json,512x512x290,0.68359399x0.68359399x1,LAS,True,float16,336,336,/kaggle/working/EviCT/cache/segdb2/gt_vault/infection/coronacases_005.npy,/kaggle/working/EviCT/cache/segdb2/gt_vault/lung/coronacases_005.npy,17,b025
segdb2,coronacases_005_z0145,coronacases_005,coronacases_005,145,fitting,coronacases_named,/kaggle/working/EviCT/cache/segdb2/images/coronacases_005.npy,145,/kaggle/working/EviCT/cache/segdb2/valid/coronacases_005.npy,/kaggle/working/EviCT/manifests/transforms/coronacases_005.json,512x512x290,0.68359399x0.68359399x1,LAS,True,float16,336,336,/kaggle/working/EviCT/cache/segdb2/gt_vault/infection/coronacases_005.npy,/kaggle/working/EviCT/cache/segdb2/gt_vault/lung/coronacases_005.npy,17,b025
segdb2,coronacases_005_z0146,coronacases_005,coronacases_005,146,fitting,coronacases_named,/kaggle/working/EviCT/cache/segdb2/images/coronacases_005.npy,146,/kaggle/working/EviCT/cache/segdb2/valid/coronacases_005.npy,/kaggle/working/EviCT/manifests/transforms/coronacases_005.json,512x512x290,0.68359399x0.68359399x1,LAS,True,float16,336,336,/kaggle/working/EviCT/cache/segdb2/gt_vault/infection/coronacases_005.npy,/kaggle/working/EviCT/cache/segdb2/gt_vault/lung/coronacases_005.npy,17,b025
segdb2,coronacases_005_z0147,coronacases_005,coronacases_005,147,fitting,coronacases_named,/kaggle/working/EviCT/cache/segdb2/images/coronacases_005.npy,147,/kaggle/working/EviCT/cache/segdb2/valid/coronacases_005.npy,/kaggle/working/EviCT/manifests/transforms/coronacases_005.json,512x512x290,0.68359399x0.68359399x1,LAS,True,float16,336,336,/kaggle/working/EviCT/cache/segdb2/gt_vault/infection/coronacases_005.npy,/kaggle/working/EviCT/cache/segdb2/gt_vault/lung/coronacases_005.npy,17,b025
segdb2,coronacases_005_z0148,coronacases_005,coronacases_005,148,fitting,coronacases_named,/kaggle/working/EviCT/cache/segdb2/images/coronacases_005.npy,148,/kaggle/working/EviCT/cache/segdb2/valid/coronacases_005.npy,/kaggle/working/EviCT/manifests/transforms/coronacases_005.json,512x512x290,0.68359399x0.68359399x1,LAS,True,float16,336,336,/kaggle/working/EviCT/cache/segdb2/gt_vault/infection/coronacases_005.npy,/kaggle/working/EviCT/cache/segdb2/gt_vault/lung/coronacases_005.npy,17,b025
segdb2,coronacases_005_z0149,coronacases_005,coronacases_005,149,fitting,coronacases_named,/kaggle/working/EviCT/cache/segdb2/images/coronacases_005.npy,149,/kaggle/working/EviCT/cache/segdb2/valid/coronacases_005.npy,/kaggle/working/EviCT/manifests/transforms/coronacases_005.json,512x512x290,0.68359399x0.68359399x1,LAS,True,float16,336,336,/kaggle/working/EviCT/cache/segdb2/gt_vault/infection/coronacases_005.npy,/kaggle/working/EviCT/cache/segdb2/gt_vault/lung/coronacases_005.npy,17,b025
segdb2,coronacases_005_z0150,coronacases_005,coronacases_005,150,fitting,coronacases_named,/kaggle/working/EviCT/cache/segdb2/images/coronacases_005.npy,150,/kaggle/working/EviCT/cache/segdb2/valid/coronacases_005.npy,/kaggle/working/EviCT/manifests/transforms/coronacases_005.json,512x512x290,0.68359399x0.68359399x1,LAS,True,float16,336,336,/kaggle/working/EviCT/cache/segdb2/gt_vault/infection/coronacases_005.npy,/kaggle/working/EviCT/cache/segdb2/gt_vault/lung/coronacases_005.npy,17,b025
segdb2,coronacases_005_z0151,coronacases_005,coronacases_005,151,fitting,coronacases_named,/kaggle/working/EviCT/cache/segdb2/images/coronacases_005.npy,151,/kaggle/working/EviCT/cache/segdb2/valid/coronacases_005.npy,/kaggle/working/EviCT/manifests/transforms/coronacases_005.json,512x512x290,0.68359399x0.68359399x1,LAS,True,float16,336,336,/kaggle/working/EviCT/cache/segdb2/gt_vault/infection/coronacases_005.npy,/kaggle/working/EviCT/cache/segdb2/gt_vault/lung/coronacases_005.npy,17,b025
segdb2,coronacases_005_z0152,coronacases_005,coronacases_005,152,fitting,coronacases_named,/kaggle/working/EviCT/cache/segdb2/images/coronacases_005.npy,152,/kaggle/working/EviCT/cache/segdb2/valid/coronacases_005.npy,/kaggle/working/EviCT/manifests/transforms/coronacases_005.json,512x512x290,0.68359399x0.68359399x1,LAS,True,float16,336,336,/kaggle/working/EviCT/cache/segdb2/gt_vault/infection/coronacases_005.npy,/kaggle/working/EviCT/cache/segdb2/gt_vault/lung/coronacases_005.npy,17,b025
segdb2,coronacases_005_z0153,coronacases_005,coronacases_005,153,fitting,coronacases_named,/kaggle/working/EviCT/cache/segdb2/images/coronacases_005.npy,153,/kaggle/working/EviCT/cache/segdb2/valid/coronacases_005.npy,/kaggle/working/EviCT/manifests/transforms/coronacases_005.json,512x512x290,0.68359399x0.68359399x1,LAS,True,float16,336,336,/kaggle/working/EviCT/cache/segdb2/gt_vault/infection/coronacases_005.npy,/kaggle/working/EviCT/cache/segdb2/gt_vault/lung/coronacases_005.npy,17,b025
segdb2,coronacases_005_z0154,coronacases_005,coronacases_005,154,fitting,coronacases_named,/kaggle/working/EviCT/cache/segdb2/images/coronacases_005.npy,154,/kaggle/working/EviCT/cache/segdb2/valid/coronacases_005.npy,/kaggle/working/EviCT/manifests/transforms/coronacases_005.json,512x512x290,0.68359399x0.68359399x1,LAS,True,float16,336,336,/kaggle/working/EviCT/cache/segdb2/gt_vault/infection/coronacases_005.npy,/kaggle/working/EviCT/cache/segdb2/gt_vault/lung/coronacases_005.npy,17,b025
segdb2,coronacases_005_z0155,coronacases_005,coronacases_005,155,fitting,coronacases_named,/kaggle/working/EviCT/cache/segdb2/images/coronacases_005.npy,155,/kaggle/working/EviCT/cache/segdb2/valid/coronacases_005.npy,/kaggle/working/EviCT/manifests/transforms/coronacases_005.json,512x512x290,0.68359399x0.68359399x1,LAS,True,float16,336,336,/kaggle/working/EviCT/cache/segdb2/gt_vault/infection/coronacases_005.npy,/kaggle/working/EviCT/cache/segdb2/gt_vault/lung/coronacases_005.npy,17,b025
segdb2,coronacases_005_z0156,coronacases_005,coronacases_005,156,fitting,coronacases_named,/kaggle/working/EviCT/cache/segdb2/images/coronacases_005.npy,156,/kaggle/working/EviCT/cache/segdb2/valid/coronacases_005.npy,/kaggle/working/EviCT/manifests/transforms/coronacases_005.json,512x512x290,0.68359399x0.68359399x1,LAS,True,float16,336,336,/kaggle/working/EviCT/cache/segdb2/gt_vault/infection/coronacases_005.npy,/kaggle/working/EviCT/cache/segdb2/gt_vault/lung/coronacases_005.npy,17,b025
segdb2,coronacases_005_z0157,coronacases_005,coronacases_005,157,fitting,coronacases_named,/kaggle/working/EviCT/cache/segdb2/images/coronacases_005.npy,157,/kaggle/working/EviCT/cache/segdb2/valid/coronacases_005.npy,/kaggle/working/EviCT/manifests/transforms/coronacases_005.json,512x512x290,0.68359399x0.68359399x1,LAS,True,float16,336,336,/kaggle/working/EviCT/cache/segdb2/gt_vault/infection/coronacases_005.npy,/kaggle/working/EviCT/cache/segdb2/gt_vault/lung/coronacases_005.npy,17,b025
segdb2,coronacases_005_z0158,coronacases_005,coronacases_005,158,fitting,coronacases_named,/kaggle/working/EviCT/cache/segdb2/images/coronacases_005.npy,158,/kaggle/working/EviCT/cache/segdb2/valid/coronacases_005.npy,/kaggle/working/EviCT/manifests/transforms/coronacases_005.json,512x512x290,0.68359399x0.68359399x1,LAS,True,float16,336,336,/kaggle/working/EviCT/cache/segdb2/gt_vault/infection/coronacases_005.npy,/kaggle/working/EviCT/cache/segdb2/gt_vault/lung/coronacases_005.npy,17,b025
segdb2,coronacases_005_z0159,coronacases_005,coronacases_005,159,fitting,coronacases_named,/kaggle/working/EviCT/cache/segdb2/images/coronacases_005.npy,159,/kaggle/working/EviCT/cache/segdb2/valid/coronacases_005.npy,/kaggle/working/EviCT/manifests/transforms/coronacases_005.json,512x512x290,0.68359399x0.68359399x1,LAS,True,float16,336,336,/kaggle/working/EviCT/cache/segdb2/gt_vault/infection/coronacases_005.npy,/kaggle/working/EviCT/cache/segdb2/gt_vault/lung/coronacases_005.npy,17,b025
segdb2,coronacases_005_z0160,coronacases_005,coronacases_005,160,fitting,coronacases_named,/kaggle/working/EviCT/cache/segdb2/images/coronacases_005.npy,160,/kaggle/working/EviCT/cache/segdb2/valid/coronacases_005.npy,/kaggle/working/EviCT/manifests/transforms/coronacases_005.json,512x512x290,0.68359399x0.68359399x1,LAS,True,float16,336,336,/kaggle/working/EviCT/cache/segdb2/gt_vault/infection/coronacases_005.npy,/kaggle/working/EviCT/cache/segdb2/gt_vault/lung/coronacases_005.npy,17,b025
segdb2,coronacases_005_z0161,coronacases_005,coronacases_005,161,fitting,coronacases_named,/kaggle/working/EviCT/cache/segdb2/images/coronacases_005.npy,161,/kaggle/working/EviCT/cache/segdb2/valid/coronacases_005.npy,/kaggle/working/EviCT/manifests/transforms/coronacases_005.json,512x512x290,0.68359399x0.68359399x1,LAS,True,float16,336,336,/kaggle/working/EviCT/cache/segdb2/gt_vault/infection/coronacases_005.npy,/kaggle/working/EviCT/cache/segdb2/gt_vault/lung/coronacases_005.npy,17,b025
segdb2,coronacases_005_z0162,coronacases_005,coronacases_005,162,fitting,coronacases_named,/kaggle/working/EviCT/cache/segdb2/images/coronacases_005.npy,162,/kaggle/working/EviCT/cache/segdb2/valid/coronacases_005.npy,/kaggle/working/EviCT/manifests/transforms/coronacases_005.json,512x512x290,0.68359399x0.68359399x1,LAS,True,float16,336,336,/kaggle/working/EviCT/cache/segdb2/gt_vault/infection/coronacases_005.npy,/kaggle/working/EviCT/cache/segdb2/gt_vault/lung/coronacases_005.npy,17,b025
segdb2,coronacases_005_z0163,coronacases_005,coronacases_005,163,fitting,coronacases_named,/kaggle/working/EviCT/cache/segdb2/images/coronacases_005.npy,163,/kaggle/working/EviCT/cache/segdb2/valid/coronacases_005.npy,/kaggle/working/EviCT/manifests/transforms/coronacases_005.json,512x512x290,0.68359399x0.68359399x1,LAS,True,float16,336,336,/kaggle/working/EviCT/cache/segdb2/gt_vault/infection/coronacases_005.npy,/kaggle/working/EviCT/cache/segdb2/gt_vault/lung/coronacases_005.npy,17,b025
segdb2,coronacases_005_z0164,coronacases_005,coronacases_005,164,fitting,coronacases_named,/kaggle/working/EviCT/cache/segdb2/images/coronacases_005.npy,164,/kaggle/working/EviCT/cache/segdb2/valid/coronacases_005.npy,/kaggle/working/EviCT/manifests/transforms/coronacases_005.json,512x512x290,0.68359399x0.68359399x1,LAS,True,float16,336,336,/kaggle/working/EviCT/cache/segdb2/gt_vault/infection/coronacases_005.npy,/kaggle/working/EviCT/cache/segdb2/gt_vault/lung/coronacases_005.npy,17,b025
segdb2,coronacases_005_z0165,coronacases_005,coronacases_005,165,fitting,coronacases_named,/kaggle/working/EviCT/cache/segdb2/images/coronacases_005.npy,165,/kaggle/working/EviCT/cache/segdb2/valid/coronacases_005.npy,/kaggle/working/EviCT/manifests/transforms/coronacases_005.json,512x512x290,0.68359399x0.68359399x1,LAS,True,float16,336,336,/kaggle/working/EviCT/cache/segdb2/gt_vault/infection/coronacases_005.npy,/kaggle/working/EviCT/cache/segdb2/gt_vault/lung/coronacases_005.npy,17,b025
segdb2,coronacases_005_z0166,coronacases_005,coronacases_005,166,fitting,coronacases_named,/kaggle/working/EviCT/cache/segdb2/images/coronacases_005.npy,166,/kaggle/working/EviCT/cache/segdb2/valid/coronacases_005.npy,/kaggle/working/EviCT/manifests/transforms/coronacases_005.json,512x512x290,0.68359399x0.68359399x1,LAS,True,float16,336,336,/kaggle/working/EviCT/cache/segdb2/gt_vault/infection/coronacases_005.npy,/kaggle/working/EviCT/cache/segdb2/gt_vault/lung/coronacases_005.npy,17,b025
segdb2,coronacases_005_z0167,coronacases_005,coronacases_005,167,fitting,coronacases_named,/kaggle/working/EviCT/cache/segdb2/images/coronacases_005.npy,167,/kaggle/working/EviCT/cache/segdb2/valid/coronacases_005.npy,/kaggle/working/EviCT/manifests/transforms/coronacases_005.json,512x512x290,0.68359399x0.68359399x1,LAS,True,float16,336,336,/kaggle/working/EviCT/cache/segdb2/gt_vault/infection/coronacases_005.npy,/kaggle/working/EviCT/cache/segdb2/gt_vault/lung/coronacases_005.npy,17,b025
segdb2,coronacases_005_z0168,coronacases_005,coronacases_005,168,fitting,coronacases_named,/kaggle/working/EviCT/cache/segdb2/images/coronacases_005.npy,168,/kaggle/working/EviCT/cache/segdb2/valid/coronacases_005.npy,/kaggle/working/EviCT/manifests/transforms/coronacases_005.json,512x512x290,0.68359399x0.68359399x1,LAS,True,float16,336,336,/kaggle/working/EviCT/cache/segdb2/gt_vault/infection/coronacases_005.npy,/kaggle/working/EviCT/cache/segdb2/gt_vault/lung/coronacases_005.npy,17,b025
segdb2,coronacases_005_z0169,coronacases_005,coronacases_005,169,fitting,coronacases_named,/kaggle/working/EviCT/cache/segdb2/images/coronacases_005.npy,169,/kaggle/working/EviCT/cache/segdb2/valid/coronacases_005.npy,/kaggle/working/EviCT/manifests/transforms/coronacases_005.json,512x512x290,0.68359399x0.68359399x1,LAS,True,float16,336,336,/kaggle/working/EviCT/cache/segdb2/gt_vault/infection/coronacases_005.npy,/kaggle/working/EviCT/cache/segdb2/gt_vault/lung/coronacases_005.npy,17,b025
segdb2,coronacases_005_z0170,coronacases_005,coronacases_005,170,fitting,coronacases_named,/kaggle/working/EviCT/cache/segdb2/images/coronacases_005.npy,170,/kaggle/working/EviCT/cache/segdb2/valid/coronacases_005.npy,/kaggle/working/EviCT/manifests/transforms/coronacases_005.json,512x512x290,0.68359399x0.68359399x1,LAS,True,float16,336,336,/kaggle/working/EviCT/cache/segdb2/gt_vault/infection/coronacases_005.npy,/kaggle/working/EviCT/cache/segdb2/gt_vault/lung/coronacases_005.npy,17,b025
segdb2,coronacases_005_z0171,coronacases_005,coronacases_005,171,fitting,coronacases_named,/kaggle/working/EviCT/cache/segdb2/images/coronacases_005.npy,171,/kaggle/working/EviCT/cache/segdb2/valid/coronacases_005.npy,/kaggle/working/EviCT/manifests/transforms/coronacases_005.json,512x512x290,0.68359399x0.68359399x1,LAS,True,float16,336,336,/kaggle/working/EviCT/cache/segdb2/gt_vault/infection/coronacases_005.npy,/kaggle/working/EviCT/cache/segdb2/gt_vault/lung/coronacases_005.npy,17,b025
segdb2,coronacases_005_z0172,coronacases_005,coronacases_005,172,fitting,coronacases_named,/kaggle/working/EviCT/cache/segdb2/images/coronacases_005.npy,172,/kaggle/working/EviCT/cache/segdb2/valid/coronacases_005.npy,/kaggle/working/EviCT/manifests/transforms/coronacases_005.json,512x512x290,0.68359399x0.68359399x1,LAS,True,float16,336,336,/kaggle/working/EviCT/cache/segdb2/gt_vault/infection/coronacases_005.npy,/kaggle/working/EviCT/cache/segdb2/gt_vault/lung/coronacases_005.npy,17,b025
segdb2,coronacases_005_z0173,coronacases_005,coronacases_005,173,fitting,coronacases_named,/kaggle/working/EviCT/cache/segdb2/images/coronacases_005.npy,173,/kaggle/working/EviCT/cache/segdb2/valid/coronacases_005.npy,/kaggle/working/EviCT/manifests/transforms/coronacases_005.json,512x512x290,0.68359399x0.68359399x1,LAS,True,float16,336,336,/kaggle/working/EviCT/cache/segdb2/gt_vault/infection/coronacases_005.npy,/kaggle/working/EviCT/cache/segdb2/gt_vault/lung/coronacases_005.npy,17,b025
segdb2,coronacases_005_z0174,coronacases_005,coronacases_005,174,fitting,coronacases_named,/kaggle/working/EviCT/cache/segdb2/images/coronacases_005.npy,174,/kaggle/working/EviCT/cache/segdb2/valid/coronacases_005.npy,/kaggle/working/EviCT/manifests/transforms/coronacases_005.json,512x512x290,0.68359399x0.68359399x1,LAS,True,float16,336,336,/kaggle/working/EviCT/cache/segdb2/gt_vault/infection/coronacases_005.npy,/kaggle/working/EviCT/cache/segdb2/gt_vault/lung/coronacases_005.npy,17,b025
segdb2,coronacases_005_z0175,coronacases_005,coronacases_005,175,fitting,coronacases_named,/kaggle/working/EviCT/cache/segdb2/images/coronacases_005.npy,175,/kaggle/working/EviCT/cache/segdb2/valid/coronacases_005.npy,/kaggle/working/EviCT/manifests/transforms/coronacases_005.json,512x512x290,0.68359399x0.68359399x1,LAS,True,float16,336,336,/kaggle/working/EviCT/cache/segdb2/gt_vault/infection/coronacases_005.npy,/kaggle/working/EviCT/cache/segdb2/gt_vault/lung/coronacases_005.npy,17,b025
segdb2,coronacases_005_z0176,coronacases_005,coronacases_005,176,fitting,coronacases_named,/kaggle/working/EviCT/cache/segdb2/images/coronacases_005.npy,176,/kaggle/working/EviCT/cache/segdb2/valid/coronacases_005.npy,/kaggle/working/EviCT/manifests/transforms/coronacases_005.json,512x512x290,0.68359399x0.68359399x1,LAS,True,float16,336,336,/kaggle/working/EviCT/cache/segdb2/gt_vault/infection/coronacases_005.npy,/kaggle/working/EviCT/cache/segdb2/gt_vault/lung/coronacases_005.npy,17,b025
segdb2,coronacases_005_z0177,coronacases_005,coronacases_005,177,fitting,coronacases_named,/kaggle/working/EviCT/cache/segdb2/images/coronacases_005.npy,177,/kaggle/working/EviCT/cache/segdb2/valid/coronacases_005.npy,/kaggle/working/EviCT/manifests/transforms/coronacases_005.json,512x512x290,0.68359399x0.68359399x1,LAS,True,float16,336,336,/kaggle/working/EviCT/cache/segdb2/gt_vault/infection/coronacases_005.npy,/kaggle/working/EviCT/cache/segdb2/gt_vault/lung/coronacases_005.npy,17,b025
segdb2,coronacases_005_z0178,coronacases_005,coronacases_005,178,fitting,coronacases_named,/kaggle/working/EviCT/cache/segdb2/images/coronacases_005.npy,178,/kaggle/working/EviCT/cache/segdb2/valid/coronacases_005.npy,/kaggle/working/EviCT/manifests/transforms/coronacases_005.json,512x512x290,0.68359399x0.68359399x1,LAS,True,float16,336,336,/kaggle/working/EviCT/cache/segdb2/gt_vault/infection/coronacases_005.npy,/kaggle/working/EviCT/cache/segdb2/gt_vault/lung/coronacases_005.npy,17,b025
segdb2,coronacases_005_z0179,coronacases_005,coronacases_005,179,fitting,coronacases_named,/kaggle/working/EviCT/cache/segdb2/images/coronacases_005.npy,179,/kaggle/working/EviCT/cache/segdb2/valid/coronacases_005.npy,/kaggle/working/EviCT/manifests/transforms/coronacases_005.json,512x512x290,0.68359399x0.68359399x1,LAS,True,float16,336,336,/kaggle/working/EviCT/cache/segdb2/gt_vault/infection/coronacases_005.npy,/kaggle/working/EviCT/cache/segdb2/gt_vault/lung/coronacases_005.npy,17,b025
segdb2,coronacases_005_z0180,coronacases_005,coronacases_005,180,fitting,coronacases_named,/kaggle/working/EviCT/cache/segdb2/images/coronacases_005.npy,180,/kaggle/working/EviCT/cache/segdb2/valid/coronacases_005.npy,/kaggle/working/EviCT/manifests/transforms/coronacases_005.json,512x512x290,0.68359399x0.68359399x1,LAS,True,float16,336,336,/kaggle/working/EviCT/cache/segdb2/gt_vault/infection/coronacases_005.npy,/kaggle/working/EviCT/cache/segdb2/gt_vault/lung/coronacases_005.npy,17,b025
segdb2,coronacases_005_z0181,coronacases_005,coronacases_005,181,fitting,coronacases_named,/kaggle/working/EviCT/cache/segdb2/images/coronacases_005.npy,181,/kaggle/working/EviCT/cache/segdb2/valid/coronacases_005.npy,/kaggle/working/EviCT/manifests/transforms/coronacases_005.json,512x512x290,0.68359399x0.68359399x1,LAS,True,float16,336,336,/kaggle/working/EviCT/cache/segdb2/gt_vault/infection/coronacases_005.npy,/kaggle/working/EviCT/cache/segdb2/gt_vault/lung/coronacases_005.npy,17,b025
segdb2,coronacases_005_z0182,coronacases_005,coronacases_005,182,fitting,coronacases_named,/kaggle/working/EviCT/cache/segdb2/images/coronacases_005.npy,182,/kaggle/working/EviCT/cache/segdb2/valid/coronacases_005.npy,/kaggle/working/EviCT/manifests/transforms/coronacases_005.json,512x512x290,0.68359399x0.68359399x1,LAS,True,float16,336,336,/kaggle/working/EviCT/cache/segdb2/gt_vault/infection/coronacases_005.npy,/kaggle/working/EviCT/cache/segdb2/gt_vault/lung/coronacases_005.npy,17,b025
segdb2,coronacases_005_z0183,coronacases_005,coronacases_005,183,fitting,coronacases_named,/kaggle/working/EviCT/cache/segdb2/images/coronacases_005.npy,183,/kaggle/working/EviCT/cache/segdb2/valid/coronacases_005.npy,/kaggle/working/EviCT/manifests/transforms/coronacases_005.json,512x512x290,0.68359399x0.68359399x1,LAS,True,float16,336,336,/kaggle/working/EviCT/cache/segdb2/gt_vault/infection/coronacases_005.npy,/kaggle/working/EviCT/cache/segdb2/gt_vault/lung/coronacases_005.npy,17,b025
segdb2,coronacases_005_z0184,coronacases_005,coronacases_005,184,fitting,coronacases_named,/kaggle/working/EviCT/cache/segdb2/images/coronacases_005.npy,184,/kaggle/working/EviCT/cache/segdb2/valid/coronacases_005.npy,/kaggle/working/EviCT/manifests/transforms/coronacases_005.json,512x512x290,0.68359399x0.68359399x1,LAS,True,float16,336,336,/kaggle/working/EviCT/cache/segdb2/gt_vault/infection/coronacases_005.npy,/kaggle/working/EviCT/cache/segdb2/gt_vault/lung/coronacases_005.npy,17,b025
segdb2,coronacases_005_z0185,coronacases_005,coronacases_005,185,fitting,coronacases_named,/kaggle/working/EviCT/cache/segdb2/images/coronacases_005.npy,185,/kaggle/working/EviCT/cache/segdb2/valid/coronacases_005.npy,/kaggle/working/EviCT/manifests/transforms/coronacases_005.json,512x512x290,0.68359399x0.68359399x1,LAS,True,float16,336,336,/kaggle/working/EviCT/cache/segdb2/gt_vault/infection/coronacases_005.npy,/kaggle/working/EviCT/cache/segdb2/gt_vault/lung/coronacases_005.npy,17,b025
segdb2,coronacases_005_z0186,coronacases_005,coronacases_005,186,fitting,coronacases_named,/kaggle/working/EviCT/cache/segdb2/images/coronacases_005.npy,186,/kaggle/working/EviCT/cache/segdb2/valid/coronacases_005.npy,/kaggle/working/EviCT/manifests/transforms/coronacases_005.json,512x512x290,0.68359399x0.68359399x1,LAS,True,float16,336,336,/kaggle/working/EviCT/cache/segdb2/gt_vault/infection/coronacases_005.npy,/kaggle/working/EviCT/cache/segdb2/gt_vault/lung/coronacases_005.npy,17,b025
segdb2,coronacases_005_z0187,coronacases_005,coronacases_005,187,fitting,coronacases_named,/kaggle/working/EviCT/cache/segdb2/images/coronacases_005.npy,187,/kaggle/working/EviCT/cache/segdb2/valid/coronacases_005.npy,/kaggle/working/EviCT/manifests/transforms/coronacases_005.json,512x512x290,0.68359399x0.68359399x1,LAS,True,float16,336,336,/kaggle/working/EviCT/cache/segdb2/gt_vault/infection/coronacases_005.npy,/kaggle/working/EviCT/cache/segdb2/gt_vault/lung/coronacases_005.npy,17,b025
segdb2,coronacases_005_z0188,coronacases_005,coronacases_005,188,fitting,coronacases_named,/kaggle/working/EviCT/cache/segdb2/images/coronacases_005.npy,188,/kaggle/working/EviCT/cache/segdb2/valid/coronacases_005.npy,/kaggle/working/EviCT/manifests/transforms/coronacases_005.json,512x512x290,0.68359399x0.68359399x1,LAS,True,float16,336,336,/kaggle/working/EviCT/cache/segdb2/gt_vault/infection/coronacases_005.npy,/kaggle/working/EviCT/cache/segdb2/gt_vault/lung/coronacases_005.npy,17,b025
segdb2,coronacases_005_z0189,coronacases_005,coronacases_005,189,fitting,coronacases_named,/kaggle/working/EviCT/cache/segdb2/images/coronacases_005.npy,189,/kaggle/working/EviCT/cache/segdb2/valid/coronacases_005.npy,/kaggle/working/EviCT/manifests/transforms/coronacases_005.json,512x512x290,0.68359399x0.68359399x1,LAS,True,float16,336,336,/kaggle/working/EviCT/cache/segdb2/gt_vault/infection/coronacases_005.npy,/kaggle/working/EviCT/cache/segdb2/gt_vault/lung/coronacases_005.npy,17,b025
segdb2,coronacases_005_z0190,coronacases_005,coronacases_005,190,fitting,coronacases_named,/kaggle/working/EviCT/cache/segdb2/images/coronacases_005.npy,190,/kaggle/working/EviCT/cache/segdb2/valid/coronacases_005.npy,/kaggle/working/EviCT/manifests/transforms/coronacases_005.json,512x512x290,0.68359399x0.68359399x1,LAS,True,float16,336,336,/kaggle/working/EviCT/cache/segdb2/gt_vault/infection/coronacases_005.npy,/kaggle/working/EviCT/cache/segdb2/gt_vault/lung/coronacases_005.npy,17,b025
segdb2,coronacases_005_z0191,coronacases_005,coronacases_005,191,fitting,coronacases_named,/kaggle/working/EviCT/cache/segdb2/images/coronacases_005.npy,191,/kaggle/working/EviCT/cache/segdb2/valid/coronacases_005.npy,/kaggle/working/EviCT/manifests/transforms/coronacases_005.json,512x512x290,0.68359399x0.68359399x1,LAS,True,float16,336,336,/kaggle/working/EviCT/cache/segdb2/gt_vault/infection/coronacases_005.npy,/kaggle/working/EviCT/cache/segdb2/gt_vault/lung/coronacases_005.npy,17,b025
segdb2,coronacases_005_z0192,coronacases_005,coronacases_005,192,fitting,coronacases_named,/kaggle/working/EviCT/cache/segdb2/images/coronacases_005.npy,192,/kaggle/working/EviCT/cache/segdb2/valid/coronacases_005.npy,/kaggle/working/EviCT/manifests/transforms/coronacases_005.json,512x512x290,0.68359399x0.68359399x1,LAS,True,float16,336,336,/kaggle/working/EviCT/cache/segdb2/gt_vault/infection/coronacases_005.npy,/kaggle/working/EviCT/cache/segdb2/gt_vault/lung/coronacases_005.npy,17,b025
segdb2,coronacases_005_z0193,coronacases_005,coronacases_005,193,fitting,coronacases_named,/kaggle/working/EviCT/cache/segdb2/images/coronacases_005.npy,193,/kaggle/working/EviCT/cache/segdb2/valid/coronacases_005.npy,/kaggle/working/EviCT/manifests/transforms/coronacases_005.json,512x512x290,0.68359399x0.68359399x1,LAS,True,float16,336,336,/kaggle/working/EviCT/cache/segdb2/gt_vault/infection/coronacases_005.npy,/kaggle/working/EviCT/cache/segdb2/gt_vault/lung/coronacases_005.npy,17,b025
segdb2,coronacases_005_z0194,coronacases_005,coronacases_005,194,fitting,coronacases_named,/kaggle/working/EviCT/cache/segdb2/images/coronacases_005.npy,194,/kaggle/working/EviCT/cache/segdb2/valid/coronacases_005.npy,/kaggle/working/EviCT/manifests/transforms/coronacases_005.json,512x512x290,0.68359399x0.68359399x1,LAS,True,float16,336,336,/kaggle/working/EviCT/cache/segdb2/gt_vault/infection/coronacases_005.npy,/kaggle/working/EviCT/cache/segdb2/gt_vault/lung/coronacases_005.npy,17,b025
segdb2,coronacases_005_z0195,coronacases_005,coronacases_005,195,fitting,coronacases_named,/kaggle/working/EviCT/cache/segdb2/images/coronacases_005.npy,195,/kaggle/working/EviCT/cache/segdb2/valid/coronacases_005.npy,/kaggle/working/EviCT/manifests/transforms/coronacases_005.json,512x512x290,0.68359399x0.68359399x1,LAS,True,float16,336,336,/kaggle/working/EviCT/cache/segdb2/gt_vault/infection/coronacases_005.npy,/kaggle/working/EviCT/cache/segdb2/gt_vault/lung/coronacases_005.npy,17,b025
segdb2,coronacases_005_z0196,coronacases_005,coronacases_005,196,fitting,coronacases_named,/kaggle/working/EviCT/cache/segdb2/images/coronacases_005.npy,196,/kaggle/working/EviCT/cache/segdb2/valid/coronacases_005.npy,/kaggle/working/EviCT/manifests/transforms/coronacases_005.json,512x512x290,0.68359399x0.68359399x1,LAS,True,float16,336,336,/kaggle/working/EviCT/cache/segdb2/gt_vault/infection/coronacases_005.npy,/kaggle/working/EviCT/cache/segdb2/gt_vault/lung/coronacases_005.npy,17,b025
segdb2,coronacases_005_z0197,coronacases_005,coronacases_005,197,fitting,coronacases_named,/kaggle/working/EviCT/cache/segdb2/images/coronacases_005.npy,197,/kaggle/working/EviCT/cache/segdb2/valid/coronacases_005.npy,/kaggle/working/EviCT/manifests/transforms/coronacases_005.json,512x512x290,0.68359399x0.68359399x1,LAS,True,float16,336,336,/kaggle/working/EviCT/cache/segdb2/gt_vault/infection/coronacases_005.npy,/kaggle/working/EviCT/cache/segdb2/gt_vault/lung/coronacases_005.npy,17,b025
segdb2,coronacases_005_z0198,coronacases_005,coronacases_005,198,fitting,coronacases_named,/kaggle/working/EviCT/cache/segdb2/images/coronacases_005.npy,198,/kaggle/working/EviCT/cache/segdb2/valid/coronacases_005.npy,/kaggle/working/EviCT/manifests/transforms/coronacases_005.json,512x512x290,0.68359399x0.68359399x1,LAS,True,float16,336,336,/kaggle/working/EviCT/cache/segdb2/gt_vault/infection/coronacases_005.npy,/kaggle/working/EviCT/cache/segdb2/gt_vault/lung/coronacases_005.npy,17,b025
segdb2,coronacases_005_z0199,coronacases_005,coronacases_005,199,fitting,coronacases_named,/kaggle/working/EviCT/cache/segdb2/images/coronacases_005.npy,199,/kaggle/working/EviCT/cache/segdb2/valid/coronacases_005.npy,/kaggle/working/EviCT/manifests/transforms/coronacases_005.json,512x512x290,0.68359399x0.68359399x1,LAS,True,float16,336,336,/kaggle/working/EviCT/cache/segdb2/gt_vault/infection/coronacases_005.npy,/kaggle/working/EviCT/cache/segdb2/gt_vault/lung/coronacases_005.npy,17,b025
segdb2,coronacases_005_z0200,coronacases_005,coronacases_005,200,fitting,coronacases_named,/kaggle/working/EviCT/cache/segdb2/images/coronacases_005.npy,200,/kaggle/working/EviCT/cache/segdb2/valid/coronacases_005.npy,/kaggle/working/EviCT/manifests/transforms/coronacases_005.json,512x512x290,0.68359399x0.68359399x1,LAS,True,float16,336,336,/kaggle/working/EviCT/cache/segdb2/gt_vault/infection/coronacases_005.npy,/kaggle/working/EviCT/cache/segdb2/gt_vault/lung/coronacases_005.npy,17,b025
segdb2,coronacases_005_z0201,coronacases_005,coronacases_005,201,fitting,coronacases_named,/kaggle/working/EviCT/cache/segdb2/images/coronacases_005.npy,201,/kaggle/working/EviCT/cache/segdb2/valid/coronacases_005.npy,/kaggle/working/EviCT/manifests/transforms/coronacases_005.json,512x512x290,0.68359399x0.68359399x1,LAS,True,float16,336,336,/kaggle/working/EviCT/cache/segdb2/gt_vault/infection/coronacases_005.npy,/kaggle/working/EviCT/cache/segdb2/gt_vault/lung/coronacases_005.npy,17,b025
segdb2,coronacases_005_z0202,coronacases_005,coronacases_005,202,fitting,coronacases_named,/kaggle/working/EviCT/cache/segdb2/images/coronacases_005.npy,202,/kaggle/working/EviCT/cache/segdb2/valid/coronacases_005.npy,/kaggle/working/EviCT/manifests/transforms/coronacases_005.json,512x512x290,0.68359399x0.68359399x1,LAS,True,float16,336,336,/kaggle/working/EviCT/cache/segdb2/gt_vault/infection/coronacases_005.npy,/kaggle/working/EviCT/cache/segdb2/gt_vault/lung/coronacases_005.npy,17,b025
segdb2,coronacases_005_z0203,coronacases_005,coronacases_005,203,fitting,coronacases_named,/kaggle/working/EviCT/cache/segdb2/images/coronacases_005.npy,203,/kaggle/working/EviCT/cache/segdb2/valid/coronacases_005.npy,/kaggle/working/EviCT/manifests/transforms/coronacases_005.json,512x512x290,0.68359399x0.68359399x1,LAS,True,float16,336,336,/kaggle/working/EviCT/cache/segdb2/gt_vault/infection/coronacases_005.npy,/kaggle/working/EviCT/cache/segdb2/gt_vault/lung/coronacases_005.npy,17,b025
segdb2,coronacases_005_z0204,coronacases_005,coronacases_005,204,fitting,coronacases_named,/kaggle/working/EviCT/cache/segdb2/images/coronacases_005.npy,204,/kaggle/working/EviCT/cache/segdb2/valid/coronacases_005.npy,/kaggle/working/EviCT/manifests/transforms/coronacases_005.json,512x512x290,0.68359399x0.68359399x1,LAS,True,float16,336,336,/kaggle/working/EviCT/cache/segdb2/gt_vault/infection/coronacases_005.npy,/kaggle/working/EviCT/cache/segdb2/gt_vault/lung/coronacases_005.npy,17,b025
segdb2,coronacases_005_z0205,coronacases_005,coronacases_005,205,fitting,coronacases_named,/kaggle/working/EviCT/cache/segdb2/images/coronacases_005.npy,205,/kaggle/working/EviCT/cache/segdb2/valid/coronacases_005.npy,/kaggle/working/EviCT/manifests/transforms/coronacases_005.json,512x512x290,0.68359399x0.68359399x1,LAS,True,float16,336,336,/kaggle/working/EviCT/cache/segdb2/gt_vault/infection/coronacases_005.npy,/kaggle/working/EviCT/cache/segdb2/gt_vault/lung/coronacases_005.npy,17,b025
segdb2,coronacases_005_z0206,coronacases_005,coronacases_005,206,fitting,coronacases_named,/kaggle/working/EviCT/cache/segdb2/images/coronacases_005.npy,206,/kaggle/working/EviCT/cache/segdb2/valid/coronacases_005.npy,/kaggle/working/EviCT/manifests/transforms/coronacases_005.json,512x512x290,0.68359399x0.68359399x1,LAS,True,float16,336,336,/kaggle/working/EviCT/cache/segdb2/gt_vault/infection/coronacases_005.npy,/kaggle/working/EviCT/cache/segdb2/gt_vault/lung/coronacases_005.npy,17,b025
segdb2,coronacases_005_z0207,coronacases_005,coronacases_005,207,fitting,coronacases_named,/kaggle/working/EviCT/cache/segdb2/images/coronacases_005.npy,207,/kaggle/working/EviCT/cache/segdb2/valid/coronacases_005.npy,/kaggle/working/EviCT/manifests/transforms/coronacases_005.json,512x512x290,0.68359399x0.68359399x1,LAS,True,float16,336,336,/kaggle/working/EviCT/cache/segdb2/gt_vault/infection/coronacases_005.npy,/kaggle/working/EviCT/cache/segdb2/gt_vault/lung/coronacases_005.npy,17,b025
segdb2,coronacases_005_z0208,coronacases_005,coronacases_005,208,fitting,coronacases_named,/kaggle/working/EviCT/cache/segdb2/images/coronacases_005.npy,208,/kaggle/working/EviCT/cache/segdb2/valid/coronacases_005.npy,/kaggle/working/EviCT/manifests/transforms/coronacases_005.json,512x512x290,0.68359399x0.68359399x1,LAS,True,float16,336,336,/kaggle/working/EviCT/cache/segdb2/gt_vault/infection/coronacases_005.npy,/kaggle/working/EviCT/cache/segdb2/gt_vault/lung/coronacases_005.npy,17,b025
segdb2,coronacases_005_z0209,coronacases_005,coronacases_005,209,fitting,coronacases_named,/kaggle/working/EviCT/cache/segdb2/images/coronacases_005.npy,209,/kaggle/working/EviCT/cache/segdb2/valid/coronacases_005.npy,/kaggle/working/EviCT/manifests/transforms/coronacases_005.json,512x512x290,0.68359399x0.68359399x1,LAS,True,float16,336,336,/kaggle/working/EviCT/cache/segdb2/gt_vault/infection/coronacases_005.npy,/kaggle/working/EviCT/cache/segdb2/gt_vault/lung/coronacases_005.npy,17,b025
segdb2,coronacases_005_z0210,coronacases_005,coronacases_005,210,fitting,coronacases_named,/kaggle/working/EviCT/cache/segdb2/images/coronacases_005.npy,210,/kaggle/working/EviCT/cache/segdb2/valid/coronacases_005.npy,/kaggle/working/EviCT/manifests/transforms/coronacases_005.json,512x512x290,0.68359399x0.68359399x1,LAS,True,float16,336,336,/kaggle/working/EviCT/cache/segdb2/gt_vault/infection/coronacases_005.npy,/kaggle/working/EviCT/cache/segdb2/gt_vault/lung/coronacases_005.npy,17,b025
segdb2,coronacases_005_z0211,coronacases_005,coronacases_005,211,fitting,coronacases_named,/kaggle/working/EviCT/cache/segdb2/images/coronacases_005.npy,211,/kaggle/working/EviCT/cache/segdb2/valid/coronacases_005.npy,/kaggle/working/EviCT/manifests/transforms/coronacases_005.json,512x512x290,0.68359399x0.68359399x1,LAS,True,float16,336,336,/kaggle/working/EviCT/cache/segdb2/gt_vault/infection/coronacases_005.npy,/kaggle/working/EviCT/cache/segdb2/gt_vault/lung/coronacases_005.npy,17,b025
segdb2,coronacases_005_z0212,coronacases_005,coronacases_005,212,fitting,coronacases_named,/kaggle/working/EviCT/cache/segdb2/images/coronacases_005.npy,212,/kaggle/working/EviCT/cache/segdb2/valid/coronacases_005.npy,/kaggle/working/EviCT/manifests/transforms/coronacases_005.json,512x512x290,0.68359399x0.68359399x1,LAS,True,float16,336,336,/kaggle/working/EviCT/cache/segdb2/gt_vault/infection/coronacases_005.npy,/kaggle/working/EviCT/cache/segdb2/gt_vault/lung/coronacases_005.npy,17,b025
segdb2,coronacases_005_z0213,coronacases_005,coronacases_005,213,fitting,coronacases_named,/kaggle/working/EviCT/cache/segdb2/images/coronacases_005.npy,213,/kaggle/working/EviCT/cache/segdb2/valid/coronacases_005.npy,/kaggle/working/EviCT/manifests/transforms/coronacases_005.json,512x512x290,0.68359399x0.68359399x1,LAS,True,float16,336,336,/kaggle/working/EviCT/cache/segdb2/gt_vault/infection/coronacases_005.npy,/kaggle/working/EviCT/cache/segdb2/gt_vault/lung/coronacases_005.npy,17,b025
segdb2,coronacases_005_z0214,coronacases_005,coronacases_005,214,fitting,coronacases_named,/kaggle/working/EviCT/cache/segdb2/images/coronacases_005.npy,214,/kaggle/working/EviCT/cache/segdb2/valid/coronacases_005.npy,/kaggle/working/EviCT/manifests/transforms/coronacases_005.json,512x512x290,0.68359399x0.68359399x1,LAS,True,float16,336,336,/kaggle/working/EviCT/cache/segdb2/gt_vault/infection/coronacases_005.npy,/kaggle/working/EviCT/cache/segdb2/gt_vault/lung/coronacases_005.npy,17,b025
segdb2,coronacases_005_z0215,coronacases_005,coronacases_005,215,fitting,coronacases_named,/kaggle/working/EviCT/cache/segdb2/images/coronacases_005.npy,215,/kaggle/working/EviCT/cache/segdb2/valid/coronacases_005.npy,/kaggle/working/EviCT/manifests/transforms/coronacases_005.json,512x512x290,0.68359399x0.68359399x1,LAS,True,float16,336,336,/kaggle/working/EviCT/cache/segdb2/gt_vault/infection/coronacases_005.npy,/kaggle/working/EviCT/cache/segdb2/gt_vault/lung/coronacases_005.npy,17,b025
segdb2,coronacases_005_z0216,coronacases_005,coronacases_005,216,fitting,coronacases_named,/kaggle/working/EviCT/cache/segdb2/images/coronacases_005.npy,216,/kaggle/working/EviCT/cache/segdb2/valid/coronacases_005.npy,/kaggle/working/EviCT/manifests/transforms/coronacases_005.json,512x512x290,0.68359399x0.68359399x1,LAS,True,float16,336,336,/kaggle/working/EviCT/cache/segdb2/gt_vault/infection/coronacases_005.npy,/kaggle/working/EviCT/cache/segdb2/gt_vault/lung/coronacases_005.npy,17,b025
segdb2,coronacases_005_z0217,coronacases_005,coronacases_005,217,fitting,coronacases_named,/kaggle/working/EviCT/cache/segdb2/images/coronacases_005.npy,217,/kaggle/working/EviCT/cache/segdb2/valid/coronacases_005.npy,/kaggle/working/EviCT/manifests/transforms/coronacases_005.json,512x512x290,0.68359399x0.68359399x1,LAS,True,float16,336,336,/kaggle/working/EviCT/cache/segdb2/gt_vault/infection/coronacases_005.npy,/kaggle/working/EviCT/cache/segdb2/gt_vault/lung/coronacases_005.npy,17,b025
segdb2,coronacases_005_z0218,coronacases_005,coronacases_005,218,fitting,coronacases_named,/kaggle/working/EviCT/cache/segdb2/images/coronacases_005.npy,218,/kaggle/working/EviCT/cache/segdb2/valid/coronacases_005.npy,/kaggle/working/EviCT/manifests/transforms/coronacases_005.json,512x512x290,0.68359399x0.68359399x1,LAS,True,float16,336,336,/kaggle/working/EviCT/cache/segdb2/gt_vault/infection/coronacases_005.npy,/kaggle/working/EviCT/cache/segdb2/gt_vault/lung/coronacases_005.npy,17,b025
segdb2,coronacases_005_z0219,coronacases_005,coronacases_005,219,fitting,coronacases_named,/kaggle/working/EviCT/cache/segdb2/images/coronacases_005.npy,219,/kaggle/working/EviCT/cache/segdb2/valid/coronacases_005.npy,/kaggle/working/EviCT/manifests/transforms/coronacases_005.json,512x512x290,0.68359399x0.68359399x1,LAS,True,float16,336,336,/kaggle/working/EviCT/cache/segdb2/gt_vault/infection/coronacases_005.npy,/kaggle/working/EviCT/cache/segdb2/gt_vault/lung/coronacases_005.npy,17,b025
segdb2,coronacases_005_z0220,coronacases_005,coronacases_005,220,fitting,coronacases_named,/kaggle/working/EviCT/cache/segdb2/images/coronacases_005.npy,220,/kaggle/working/EviCT/cache/segdb2/valid/coronacases_005.npy,/kaggle/working/EviCT/manifests/transforms/coronacases_005.json,512x512x290,0.68359399x0.68359399x1,LAS,True,float16,336,336,/kaggle/working/EviCT/cache/segdb2/gt_vault/infection/coronacases_005.npy,/kaggle/working/EviCT/cache/segdb2/gt_vault/lung/coronacases_005.npy,17,b025
segdb2,coronacases_005_z0221,coronacases_005,coronacases_005,221,fitting,coronacases_named,/kaggle/working/EviCT/cache/segdb2/images/coronacases_005.npy,221,/kaggle/working/EviCT/cache/segdb2/valid/coronacases_005.npy,/kaggle/working/EviCT/manifests/transforms/coronacases_005.json,512x512x290,0.68359399x0.68359399x1,LAS,True,float16,336,336,/kaggle/working/EviCT/cache/segdb2/gt_vault/infection/coronacases_005.npy,/kaggle/working/EviCT/cache/segdb2/gt_vault/lung/coronacases_005.npy,17,b025
segdb2,coronacases_005_z0222,coronacases_005,coronacases_005,222,fitting,coronacases_named,/kaggle/working/EviCT/cache/segdb2/images/coronacases_005.npy,222,/kaggle/working/EviCT/cache/segdb2/valid/coronacases_005.npy,/kaggle/working/EviCT/manifests/transforms/coronacases_005.json,512x512x290,0.68359399x0.68359399x1,LAS,True,float16,336,336,/kaggle/working/EviCT/cache/segdb2/gt_vault/infection/coronacases_005.npy,/kaggle/working/EviCT/cache/segdb2/gt_vault/lung/coronacases_005.npy,17,b025
segdb2,coronacases_005_z0223,coronacases_005,coronacases_005,223,fitting,coronacases_named,/kaggle/working/EviCT/cache/segdb2/images/coronacases_005.npy,223,/kaggle/working/EviCT/cache/segdb2/valid/coronacases_005.npy,/kaggle/working/EviCT/manifests/transforms/coronacases_005.json,512x512x290,0.68359399x0.68359399x1,LAS,True,float16,336,336,/kaggle/working/EviCT/cache/segdb2/gt_vault/infection/coronacases_005.npy,/kaggle/working/EviCT/cache/segdb2/gt_vault/lung/coronacases_005.npy,17,b025
segdb2,coronacases_005_z0224,coronacases_005,coronacases_005,224,fitting,coronacases_named,/kaggle/working/EviCT/cache/segdb2/images/coronacases_005.npy,224,/kaggle/working/EviCT/cache/segdb2/valid/coronacases_005.npy,/kaggle/working/EviCT/manifests/transforms/coronacases_005.json,512x512x290,0.68359399x0.68359399x1,LAS,True,float16,336,336,/kaggle/working/EviCT/cache/segdb2/gt_vault/infection/coronacases_005.npy,/kaggle/working/EviCT/cache/segdb2/gt_vault/lung/coronacases_005.npy,17,b025
segdb2,coronacases_005_z0225,coronacases_005,coronacases_005,225,fitting,coronacases_named,/kaggle/working/EviCT/cache/segdb2/images/coronacases_005.npy,225,/kaggle/working/EviCT/cache/segdb2/valid/coronacases_005.npy,/kaggle/working/EviCT/manifests/transforms/coronacases_005.json,512x512x290,0.68359399x0.68359399x1,LAS,True,float16,336,336,/kaggle/working/EviCT/cache/segdb2/gt_vault/infection/coronacases_005.npy,/kaggle/working/EviCT/cache/segdb2/gt_vault/lung/coronacases_005.npy,17,b025
segdb2,coronacases_005_z0226,coronacases_005,coronacases_005,226,fitting,coronacases_named,/kaggle/working/EviCT/cache/segdb2/images/coronacases_005.npy,226,/kaggle/working/EviCT/cache/segdb2/valid/coronacases_005.npy,/kaggle/working/EviCT/manifests/transforms/coronacases_005.json,512x512x290,0.68359399x0.68359399x1,LAS,True,float16,336,336,/kaggle/working/EviCT/cache/segdb2/gt_vault/infection/coronacases_005.npy,/kaggle/working/EviCT/cache/segdb2/gt_vault/lung/coronacases_005.npy,17,b025
segdb2,coronacases_005_z0227,coronacases_005,coronacases_005,227,fitting,coronacases_named,/kaggle/working/EviCT/cache/segdb2/images/coronacases_005.npy,227,/kaggle/working/EviCT/cache/segdb2/valid/coronacases_005.npy,/kaggle/working/EviCT/manifests/transforms/coronacases_005.json,512x512x290,0.68359399x0.68359399x1,LAS,True,float16,336,336,/kaggle/working/EviCT/cache/segdb2/gt_vault/infection/coronacases_005.npy,/kaggle/working/EviCT/cache/segdb2/gt_vault/lung/coronacases_005.npy,17,b025
segdb2,coronacases_005_z0228,coronacases_005,coronacases_005,228,fitting,coronacases_named,/kaggle/working/EviCT/cache/segdb2/images/coronacases_005.npy,228,/kaggle/working/EviCT/cache/segdb2/valid/coronacases_005.npy,/kaggle/working/EviCT/manifests/transforms/coronacases_005.json,512x512x290,0.68359399x0.68359399x1,LAS,True,float16,336,336,/kaggle/working/EviCT/cache/segdb2/gt_vault/infection/coronacases_005.npy,/kaggle/working/EviCT/cache/segdb2/gt_vault/lung/coronacases_005.npy,17,b025
segdb2,coronacases_005_z0229,coronacases_005,coronacases_005,229,fitting,coronacases_named,/kaggle/working/EviCT/cache/segdb2/images/coronacases_005.npy,229,/kaggle/working/EviCT/cache/segdb2/valid/coronacases_005.npy,/kaggle/working/EviCT/manifests/transforms/coronacases_005.json,512x512x290,0.68359399x0.68359399x1,LAS,True,float16,336,336,/kaggle/working/EviCT/cache/segdb2/gt_vault/infection/coronacases_005.npy,/kaggle/working/EviCT/cache/segdb2/gt_vault/lung/coronacases_005.npy,17,b025
segdb2,coronacases_005_z0230,coronacases_005,coronacases_005,230,fitting,coronacases_named,/kaggle/working/EviCT/cache/segdb2/images/coronacases_005.npy,230,/kaggle/working/EviCT/cache/segdb2/valid/coronacases_005.npy,/kaggle/working/EviCT/manifests/transforms/coronacases_005.json,512x512x290,0.68359399x0.68359399x1,LAS,True,float16,336,336,/kaggle/working/EviCT/cache/segdb2/gt_vault/infection/coronacases_005.npy,/kaggle/working/EviCT/cache/segdb2/gt_vault/lung/coronacases_005.npy,17,b025
segdb2,coronacases_005_z0231,coronacases_005,coronacases_005,231,fitting,coronacases_named,/kaggle/working/EviCT/cache/segdb2/images/coronacases_005.npy,231,/kaggle/working/EviCT/cache/segdb2/valid/coronacases_005.npy,/kaggle/working/EviCT/manifests/transforms/coronacases_005.json,512x512x290,0.68359399x0.68359399x1,LAS,True,float16,336,336,/kaggle/working/EviCT/cache/segdb2/gt_vault/infection/coronacases_005.npy,/kaggle/working/EviCT/cache/segdb2/gt_vault/lung/coronacases_005.npy,17,b025
segdb2,coronacases_005_z0232,coronacases_005,coronacases_005,232,fitting,coronacases_named,/kaggle/working/EviCT/cache/segdb2/images/coronacases_005.npy,232,/kaggle/working/EviCT/cache/segdb2/valid/coronacases_005.npy,/kaggle/working/EviCT/manifests/transforms/coronacases_005.json,512x512x290,0.68359399x0.68359399x1,LAS,True,float16,336,336,/kaggle/working/EviCT/cache/segdb2/gt_vault/infection/coronacases_005.npy,/kaggle/working/EviCT/cache/segdb2/gt_vault/lung/coronacases_005.npy,17,b025
segdb2,coronacases_005_z0233,coronacases_005,coronacases_005,233,fitting,coronacases_named,/kaggle/working/EviCT/cache/segdb2/images/coronacases_005.npy,233,/kaggle/working/EviCT/cache/segdb2/valid/coronacases_005.npy,/kaggle/working/EviCT/manifests/transforms/coronacases_005.json,512x512x290,0.68359399x0.68359399x1,LAS,True,float16,336,336,/kaggle/working/EviCT/cache/segdb2/gt_vault/infection/coronacases_005.npy,/kaggle/working/EviCT/cache/segdb2/gt_vault/lung/coronacases_005.npy,17,b025
segdb2,coronacases_005_z0234,coronacases_005,coronacases_005,234,fitting,coronacases_named,/kaggle/working/EviCT/cache/segdb2/images/coronacases_005.npy,234,/kaggle/working/EviCT/cache/segdb2/valid/coronacases_005.npy,/kaggle/working/EviCT/manifests/transforms/coronacases_005.json,512x512x290,0.68359399x0.68359399x1,LAS,True,float16,336,336,/kaggle/working/EviCT/cache/segdb2/gt_vault/infection/coronacases_005.npy,/kaggle/working/EviCT/cache/segdb2/gt_vault/lung/coronacases_005.npy,17,b025
segdb2,coronacases_005_z0235,coronacases_005,coronacases_005,235,fitting,coronacases_named,/kaggle/working/EviCT/cache/segdb2/images/coronacases_005.npy,235,/kaggle/working/EviCT/cache/segdb2/valid/coronacases_005.npy,/kaggle/working/EviCT/manifests/transforms/coronacases_005.json,512x512x290,0.68359399x0.68359399x1,LAS,True,float16,336,336,/kaggle/working/EviCT/cache/segdb2/gt_vault/infection/coronacases_005.npy,/kaggle/working/EviCT/cache/segdb2/gt_vault/lung/coronacases_005.npy,17,b025
segdb2,coronacases_005_z0236,coronacases_005,coronacases_005,236,fitting,coronacases_named,/kaggle/working/EviCT/cache/segdb2/images/coronacases_005.npy,236,/kaggle/working/EviCT/cache/segdb2/valid/coronacases_005.npy,/kaggle/working/EviCT/manifests/transforms/coronacases_005.json,512x512x290,0.68359399x0.68359399x1,LAS,True,float16,336,336,/kaggle/working/EviCT/cache/segdb2/gt_vault/infection/coronacases_005.npy,/kaggle/working/EviCT/cache/segdb2/gt_vault/lung/coronacases_005.npy,17,b025
segdb2,coronacases_005_z0237,coronacases_005,coronacases_005,237,fitting,coronacases_named,/kaggle/working/EviCT/cache/segdb2/images/coronacases_005.npy,237,/kaggle/working/EviCT/cache/segdb2/valid/coronacases_005.npy,/kaggle/working/EviCT/manifests/transforms/coronacases_005.json,512x512x290,0.68359399x0.68359399x1,LAS,True,float16,336,336,/kaggle/working/EviCT/cache/segdb2/gt_vault/infection/coronacases_005.npy,/kaggle/working/EviCT/cache/segdb2/gt_vault/lung/coronacases_005.npy,17,b025
segdb2,coronacases_005_z0238,coronacases_005,coronacases_005,238,fitting,coronacases_named,/kaggle/working/EviCT/cache/segdb2/images/coronacases_005.npy,238,/kaggle/working/EviCT/cache/segdb2/valid/coronacases_005.npy,/kaggle/working/EviCT/manifests/transforms/coronacases_005.json,512x512x290,0.68359399x0.68359399x1,LAS,True,float16,336,336,/kaggle/working/EviCT/cache/segdb2/gt_vault/infection/coronacases_005.npy,/kaggle/working/EviCT/cache/segdb2/gt_vault/lung/coronacases_005.npy,17,b025
segdb2,coronacases_005_z0239,coronacases_005,coronacases_005,239,fitting,coronacases_named,/kaggle/working/EviCT/cache/segdb2/images/coronacases_005.npy,239,/kaggle/working/EviCT/cache/segdb2/valid/coronacases_005.npy,/kaggle/working/EviCT/manifests/transforms/coronacases_005.json,512x512x290,0.68359399x0.68359399x1,LAS,True,float16,336,336,/kaggle/working/EviCT/cache/segdb2/gt_vault/infection/coronacases_005.npy,/kaggle/working/EviCT/cache/segdb2/gt_vault/lung/coronacases_005.npy,17,b025
segdb2,coronacases_005_z0240,coronacases_005,coronacases_005,240,fitting,coronacases_named,/kaggle/working/EviCT/cache/segdb2/images/coronacases_005.npy,240,/kaggle/working/EviCT/cache/segdb2/valid/coronacases_005.npy,/kaggle/working/EviCT/manifests/transforms/coronacases_005.json,512x512x290,0.68359399x0.68359399x1,LAS,True,float16,336,336,/kaggle/working/EviCT/cache/segdb2/gt_vault/infection/coronacases_005.npy,/kaggle/working/EviCT/cache/segdb2/gt_vault/lung/coronacases_005.npy,17,b025
segdb2,coronacases_005_z0241,coronacases_005,coronacases_005,241,fitting,coronacases_named,/kaggle/working/EviCT/cache/segdb2/images/coronacases_005.npy,241,/kaggle/working/EviCT/cache/segdb2/valid/coronacases_005.npy,/kaggle/working/EviCT/manifests/transforms/coronacases_005.json,512x512x290,0.68359399x0.68359399x1,LAS,True,float16,336,336,/kaggle/working/EviCT/cache/segdb2/gt_vault/infection/coronacases_005.npy,/kaggle/working/EviCT/cache/segdb2/gt_vault/lung/coronacases_005.npy,17,b025
segdb2,coronacases_005_z0242,coronacases_005,coronacases_005,242,fitting,coronacases_named,/kaggle/working/EviCT/cache/segdb2/images/coronacases_005.npy,242,/kaggle/working/EviCT/cache/segdb2/valid/coronacases_005.npy,/kaggle/working/EviCT/manifests/transforms/coronacases_005.json,512x512x290,0.68359399x0.68359399x1,LAS,True,float16,336,336,/kaggle/working/EviCT/cache/segdb2/gt_vault/infection/coronacases_005.npy,/kaggle/working/EviCT/cache/segdb2/gt_vault/lung/coronacases_005.npy,17,b025
segdb2,coronacases_005_z0243,coronacases_005,coronacases_005,243,fitting,coronacases_named,/kaggle/working/EviCT/cache/segdb2/images/coronacases_005.npy,243,/kaggle/working/EviCT/cache/segdb2/valid/coronacases_005.npy,/kaggle/working/EviCT/manifests/transforms/coronacases_005.json,512x512x290,0.68359399x0.68359399x1,LAS,True,float16,336,336,/kaggle/working/EviCT/cache/segdb2/gt_vault/infection/coronacases_005.npy,/kaggle/working/EviCT/cache/segdb2/gt_vault/lung/coronacases_005.npy,17,b025
segdb2,coronacases_005_z0244,coronacases_005,coronacases_005,244,fitting,coronacases_named,/kaggle/working/EviCT/cache/segdb2/images/coronacases_005.npy,244,/kaggle/working/EviCT/cache/segdb2/valid/coronacases_005.npy,/kaggle/working/EviCT/manifests/transforms/coronacases_005.json,512x512x290,0.68359399x0.68359399x1,LAS,True,float16,336,336,/kaggle/working/EviCT/cache/segdb2/gt_vault/infection/coronacases_005.npy,/kaggle/working/EviCT/cache/segdb2/gt_vault/lung/coronacases_005.npy,17,b025
segdb2,coronacases_005_z0245,coronacases_005,coronacases_005,245,fitting,coronacases_named,/kaggle/working/EviCT/cache/segdb2/images/coronacases_005.npy,245,/kaggle/working/EviCT/cache/segdb2/valid/coronacases_005.npy,/kaggle/working/EviCT/manifests/transforms/coronacases_005.json,512x512x290,0.68359399x0.68359399x1,LAS,True,float16,336,336,/kaggle/working/EviCT/cache/segdb2/gt_vault/infection/coronacases_005.npy,/kaggle/working/EviCT/cache/segdb2/gt_vault/lung/coronacases_005.npy,17,b025
segdb2,coronacases_005_z0246,coronacases_005,coronacases_005,246,fitting,coronacases_named,/kaggle/working/EviCT/cache/segdb2/images/coronacases_005.npy,246,/kaggle/working/EviCT/cache/segdb2/valid/coronacases_005.npy,/kaggle/working/EviCT/manifests/transforms/coronacases_005.json,512x512x290,0.68359399x0.68359399x1,LAS,True,float16,336,336,/kaggle/working/EviCT/cache/segdb2/gt_vault/infection/coronacases_005.npy,/kaggle/working/EviCT/cache/segdb2/gt_vault/lung/coronacases_005.npy,17,b025
segdb2,coronacases_005_z0247,coronacases_005,coronacases_005,247,fitting,coronacases_named,/kaggle/working/EviCT/cache/segdb2/images/coronacases_005.npy,247,/kaggle/working/EviCT/cache/segdb2/valid/coronacases_005.npy,/kaggle/working/EviCT/manifests/transforms/coronacases_005.json,512x512x290,0.68359399x0.68359399x1,LAS,True,float16,336,336,/kaggle/working/EviCT/cache/segdb2/gt_vault/infection/coronacases_005.npy,/kaggle/working/EviCT/cache/segdb2/gt_vault/lung/coronacases_005.npy,17,b025
segdb2,coronacases_005_z0248,coronacases_005,coronacases_005,248,fitting,coronacases_named,/kaggle/working/EviCT/cache/segdb2/images/coronacases_005.npy,248,/kaggle/working/EviCT/cache/segdb2/valid/coronacases_005.npy,/kaggle/working/EviCT/manifests/transforms/coronacases_005.json,512x512x290,0.68359399x0.68359399x1,LAS,True,float16,336,336,/kaggle/working/EviCT/cache/segdb2/gt_vault/infection/coronacases_005.npy,/kaggle/working/EviCT/cache/segdb2/gt_vault/lung/coronacases_005.npy,17,b025
segdb2,coronacases_005_z0249,coronacases_005,coronacases_005,249,fitting,coronacases_named,/kaggle/working/EviCT/cache/segdb2/images/coronacases_005.npy,249,/kaggle/working/EviCT/cache/segdb2/valid/coronacases_005.npy,/kaggle/working/EviCT/manifests/transforms/coronacases_005.json,512x512x290,0.68359399x0.68359399x1,LAS,True,float16,336,336,/kaggle/working/EviCT/cache/segdb2/gt_vault/infection/coronacases_005.npy,/kaggle/working/EviCT/cache/segdb2/gt_vault/lung/coronacases_005.npy,17,b025
segdb2,coronacases_005_z0250,coronacases_005,coronacases_005,250,fitting,coronacases_named,/kaggle/working/EviCT/cache/segdb2/images/coronacases_005.npy,250,/kaggle/working/EviCT/cache/segdb2/valid/coronacases_005.npy,/kaggle/working/EviCT/manifests/transforms/coronacases_005.json,512x512x290,0.68359399x0.68359399x1,LAS,True,float16,336,336,/kaggle/working/EviCT/cache/segdb2/gt_vault/infection/coronacases_005.npy,/kaggle/working/EviCT/cache/segdb2/gt_vault/lung/coronacases_005.npy,17,b025
segdb2,coronacases_005_z0251,coronacases_005,coronacases_005,251,fitting,coronacases_named,/kaggle/working/EviCT/cache/segdb2/images/coronacases_005.npy,251,/kaggle/working/EviCT/cache/segdb2/valid/coronacases_005.npy,/kaggle/working/EviCT/manifests/transforms/coronacases_005.json,512x512x290,0.68359399x0.68359399x1,LAS,True,float16,336,336,/kaggle/working/EviCT/cache/segdb2/gt_vault/infection/coronacases_005.npy,/kaggle/working/EviCT/cache/segdb2/gt_vault/lung/coronacases_005.npy,17,b025
segdb2,coronacases_005_z0252,coronacases_005,coronacases_005,252,fitting,coronacases_named,/kaggle/working/EviCT/cache/segdb2/images/coronacases_005.npy,252,/kaggle/working/EviCT/cache/segdb2/valid/coronacases_005.npy,/kaggle/working/EviCT/manifests/transforms/coronacases_005.json,512x512x290,0.68359399x0.68359399x1,LAS,True,float16,336,336,/kaggle/working/EviCT/cache/segdb2/gt_vault/infection/coronacases_005.npy,/kaggle/working/EviCT/cache/segdb2/gt_vault/lung/coronacases_005.npy,17,b025
segdb2,coronacases_005_z0253,coronacases_005,coronacases_005,253,fitting,coronacases_named,/kaggle/working/EviCT/cache/segdb2/images/coronacases_005.npy,253,/kaggle/working/EviCT/cache/segdb2/valid/coronacases_005.npy,/kaggle/working/EviCT/manifests/transforms/coronacases_005.json,512x512x290,0.68359399x0.68359399x1,LAS,True,float16,336,336,/kaggle/working/EviCT/cache/segdb2/gt_vault/infection/coronacases_005.npy,/kaggle/working/EviCT/cache/segdb2/gt_vault/lung/coronacases_005.npy,17,b025
segdb2,coronacases_005_z0254,coronacases_005,coronacases_005,254,fitting,coronacases_named,/kaggle/working/EviCT/cache/segdb2/images/coronacases_005.npy,254,/kaggle/working/EviCT/cache/segdb2/valid/coronacases_005.npy,/kaggle/working/EviCT/manifests/transforms/coronacases_005.json,512x512x290,0.68359399x0.68359399x1,LAS,True,float16,336,336,/kaggle/working/EviCT/cache/segdb2/gt_vault/infection/coronacases_005.npy,/kaggle/working/EviCT/cache/segdb2/gt_vault/lung/coronacases_005.npy,17,b025
segdb2,coronacases_005_z0255,coronacases_005,coronacases_005,255,fitting,coronacases_named,/kaggle/working/EviCT/cache/segdb2/images/coronacases_005.npy,255,/kaggle/working/EviCT/cache/segdb2/valid/coronacases_005.npy,/kaggle/working/EviCT/manifests/transforms/coronacases_005.json,512x512x290,0.68359399x0.68359399x1,LAS,True,float16,336,336,/kaggle/working/EviCT/cache/segdb2/gt_vault/infection/coronacases_005.npy,/kaggle/working/EviCT/cache/segdb2/gt_vault/lung/coronacases_005.npy,17,b025
segdb2,coronacases_005_z0256,coronacases_005,coronacases_005,256,fitting,coronacases_named,/kaggle/working/EviCT/cache/segdb2/images/coronacases_005.npy,256,/kaggle/working/EviCT/cache/segdb2/valid/coronacases_005.npy,/kaggle/working/EviCT/manifests/transforms/coronacases_005.json,512x512x290,0.68359399x0.68359399x1,LAS,True,float16,336,336,/kaggle/working/EviCT/cache/segdb2/gt_vault/infection/coronacases_005.npy,/kaggle/working/EviCT/cache/segdb2/gt_vault/lung/coronacases_005.npy,17,b025
segdb2,coronacases_005_z0257,coronacases_005,coronacases_005,257,fitting,coronacases_named,/kaggle/working/EviCT/cache/segdb2/images/coronacases_005.npy,257,/kaggle/working/EviCT/cache/segdb2/valid/coronacases_005.npy,/kaggle/working/EviCT/manifests/transforms/coronacases_005.json,512x512x290,0.68359399x0.68359399x1,LAS,True,float16,336,336,/kaggle/working/EviCT/cache/segdb2/gt_vault/infection/coronacases_005.npy,/kaggle/working/EviCT/cache/segdb2/gt_vault/lung/coronacases_005.npy,17,b025
segdb2,coronacases_005_z0258,coronacases_005,coronacases_005,258,fitting,coronacases_named,/kaggle/working/EviCT/cache/segdb2/images/coronacases_005.npy,258,/kaggle/working/EviCT/cache/segdb2/valid/coronacases_005.npy,/kaggle/working/EviCT/manifests/transforms/coronacases_005.json,512x512x290,0.68359399x0.68359399x1,LAS,True,float16,336,336,/kaggle/working/EviCT/cache/segdb2/gt_vault/infection/coronacases_005.npy,/kaggle/working/EviCT/cache/segdb2/gt_vault/lung/coronacases_005.npy,17,b025
segdb2,coronacases_005_z0259,coronacases_005,coronacases_005,259,fitting,coronacases_named,/kaggle/working/EviCT/cache/segdb2/images/coronacases_005.npy,259,/kaggle/working/EviCT/cache/segdb2/valid/coronacases_005.npy,/kaggle/working/EviCT/manifests/transforms/coronacases_005.json,512x512x290,0.68359399x0.68359399x1,LAS,True,float16,336,336,/kaggle/working/EviCT/cache/segdb2/gt_vault/infection/coronacases_005.npy,/kaggle/working/EviCT/cache/segdb2/gt_vault/lung/coronacases_005.npy,17,b025
segdb2,coronacases_005_z0260,coronacases_005,coronacases_005,260,fitting,coronacases_named,/kaggle/working/EviCT/cache/segdb2/images/coronacases_005.npy,260,/kaggle/working/EviCT/cache/segdb2/valid/coronacases_005.npy,/kaggle/working/EviCT/manifests/transforms/coronacases_005.json,512x512x290,0.68359399x0.68359399x1,LAS,True,float16,336,336,/kaggle/working/EviCT/cache/segdb2/gt_vault/infection/coronacases_005.npy,/kaggle/working/EviCT/cache/segdb2/gt_vault/lung/coronacases_005.npy,17,b025
segdb2,coronacases_005_z0261,coronacases_005,coronacases_005,261,fitting,coronacases_named,/kaggle/working/EviCT/cache/segdb2/images/coronacases_005.npy,261,/kaggle/working/EviCT/cache/segdb2/valid/coronacases_005.npy,/kaggle/working/EviCT/manifests/transforms/coronacases_005.json,512x512x290,0.68359399x0.68359399x1,LAS,True,float16,336,336,/kaggle/working/EviCT/cache/segdb2/gt_vault/infection/coronacases_005.npy,/kaggle/working/EviCT/cache/segdb2/gt_vault/lung/coronacases_005.npy,17,b025
segdb2,coronacases_005_z0262,coronacases_005,coronacases_005,262,fitting,coronacases_named,/kaggle/working/EviCT/cache/segdb2/images/coronacases_005.npy,262,/kaggle/working/EviCT/cache/segdb2/valid/coronacases_005.npy,/kaggle/working/EviCT/manifests/transforms/coronacases_005.json,512x512x290,0.68359399x0.68359399x1,LAS,True,float16,336,336,/kaggle/working/EviCT/cache/segdb2/gt_vault/infection/coronacases_005.npy,/kaggle/working/EviCT/cache/segdb2/gt_vault/lung/coronacases_005.npy,17,b025
segdb2,coronacases_005_z0263,coronacases_005,coronacases_005,263,fitting,coronacases_named,/kaggle/working/EviCT/cache/segdb2/images/coronacases_005.npy,263,/kaggle/working/EviCT/cache/segdb2/valid/coronacases_005.npy,/kaggle/working/EviCT/manifests/transforms/coronacases_005.json,512x512x290,0.68359399x0.68359399x1,LAS,True,float16,336,336,/kaggle/working/EviCT/cache/segdb2/gt_vault/infection/coronacases_005.npy,/kaggle/working/EviCT/cache/segdb2/gt_vault/lung/coronacases_005.npy,17,b025
segdb2,coronacases_005_z0264,coronacases_005,coronacases_005,264,fitting,coronacases_named,/kaggle/working/EviCT/cache/segdb2/images/coronacases_005.npy,264,/kaggle/working/EviCT/cache/segdb2/valid/coronacases_005.npy,/kaggle/working/EviCT/manifests/transforms/coronacases_005.json,512x512x290,0.68359399x0.68359399x1,LAS,True,float16,336,336,/kaggle/working/EviCT/cache/segdb2/gt_vault/infection/coronacases_005.npy,/kaggle/working/EviCT/cache/segdb2/gt_vault/lung/coronacases_005.npy,17,b025
segdb2,coronacases_005_z0265,coronacases_005,coronacases_005,265,fitting,coronacases_named,/kaggle/working/EviCT/cache/segdb2/images/coronacases_005.npy,265,/kaggle/working/EviCT/cache/segdb2/valid/coronacases_005.npy,/kaggle/working/EviCT/manifests/transforms/coronacases_005.json,512x512x290,0.68359399x0.68359399x1,LAS,True,float16,336,336,/kaggle/working/EviCT/cache/segdb2/gt_vault/infection/coronacases_005.npy,/kaggle/working/EviCT/cache/segdb2/gt_vault/lung/coronacases_005.npy,17,b025
segdb2,coronacases_005_z0266,coronacases_005,coronacases_005,266,fitting,coronacases_named,/kaggle/working/EviCT/cache/segdb2/images/coronacases_005.npy,266,/kaggle/working/EviCT/cache/segdb2/valid/coronacases_005.npy,/kaggle/working/EviCT/manifests/transforms/coronacases_005.json,512x512x290,0.68359399x0.68359399x1,LAS,True,float16,336,336,/kaggle/working/EviCT/cache/segdb2/gt_vault/infection/coronacases_005.npy,/kaggle/working/EviCT/cache/segdb2/gt_vault/lung/coronacases_005.npy,17,b025
segdb2,coronacases_005_z0267,coronacases_005,coronacases_005,267,fitting,coronacases_named,/kaggle/working/EviCT/cache/segdb2/images/coronacases_005.npy,267,/kaggle/working/EviCT/cache/segdb2/valid/coronacases_005.npy,/kaggle/working/EviCT/manifests/transforms/coronacases_005.json,512x512x290,0.68359399x0.68359399x1,LAS,True,float16,336,336,/kaggle/working/EviCT/cache/segdb2/gt_vault/infection/coronacases_005.npy,/kaggle/working/EviCT/cache/segdb2/gt_vault/lung/coronacases_005.npy,17,b025
segdb2,coronacases_005_z0268,coronacases_005,coronacases_005,268,fitting,coronacases_named,/kaggle/working/EviCT/cache/segdb2/images/coronacases_005.npy,268,/kaggle/working/EviCT/cache/segdb2/valid/coronacases_005.npy,/kaggle/working/EviCT/manifests/transforms/coronacases_005.json,512x512x290,0.68359399x0.68359399x1,LAS,True,float16,336,336,/kaggle/working/EviCT/cache/segdb2/gt_vault/infection/coronacases_005.npy,/kaggle/working/EviCT/cache/segdb2/gt_vault/lung/coronacases_005.npy,17,b025
segdb2,coronacases_005_z0269,coronacases_005,coronacases_005,269,fitting,coronacases_named,/kaggle/working/EviCT/cache/segdb2/images/coronacases_005.npy,269,/kaggle/working/EviCT/cache/segdb2/valid/coronacases_005.npy,/kaggle/working/EviCT/manifests/transforms/coronacases_005.json,512x512x290,0.68359399x0.68359399x1,LAS,True,float16,336,336,/kaggle/working/EviCT/cache/segdb2/gt_vault/infection/coronacases_005.npy,/kaggle/working/EviCT/cache/segdb2/gt_vault/lung/coronacases_005.npy,17,b025
segdb2,coronacases_005_z0270,coronacases_005,coronacases_005,270,fitting,coronacases_named,/kaggle/working/EviCT/cache/segdb2/images/coronacases_005.npy,270,/kaggle/working/EviCT/cache/segdb2/valid/coronacases_005.npy,/kaggle/working/EviCT/manifests/transforms/coronacases_005.json,512x512x290,0.68359399x0.68359399x1,LAS,True,float16,336,336,/kaggle/working/EviCT/cache/segdb2/gt_vault/infection/coronacases_005.npy,/kaggle/working/EviCT/cache/segdb2/gt_vault/lung/coronacases_005.npy,17,b025
segdb2,coronacases_005_z0271,coronacases_005,coronacases_005,271,fitting,coronacases_named,/kaggle/working/EviCT/cache/segdb2/images/coronacases_005.npy,271,/kaggle/working/EviCT/cache/segdb2/valid/coronacases_005.npy,/kaggle/working/EviCT/manifests/transforms/coronacases_005.json,512x512x290,0.68359399x0.68359399x1,LAS,True,float16,336,336,/kaggle/working/EviCT/cache/segdb2/gt_vault/infection/coronacases_005.npy,/kaggle/working/EviCT/cache/segdb2/gt_vault/lung/coronacases_005.npy,17,b025
segdb2,coronacases_005_z0272,coronacases_005,coronacases_005,272,fitting,coronacases_named,/kaggle/working/EviCT/cache/segdb2/images/coronacases_005.npy,272,/kaggle/working/EviCT/cache/segdb2/valid/coronacases_005.npy,/kaggle/working/EviCT/manifests/transforms/coronacases_005.json,512x512x290,0.68359399x0.68359399x1,LAS,True,float16,336,336,/kaggle/working/EviCT/cache/segdb2/gt_vault/infection/coronacases_005.npy,/kaggle/working/EviCT/cache/segdb2/gt_vault/lung/coronacases_005.npy,17,b025
segdb2,coronacases_005_z0273,coronacases_005,coronacases_005,273,fitting,coronacases_named,/kaggle/working/EviCT/cache/segdb2/images/coronacases_005.npy,273,/kaggle/working/EviCT/cache/segdb2/valid/coronacases_005.npy,/kaggle/working/EviCT/manifests/transforms/coronacases_005.json,512x512x290,0.68359399x0.68359399x1,LAS,True,float16,336,336,/kaggle/working/EviCT/cache/segdb2/gt_vault/infection/coronacases_005.npy,/kaggle/working/EviCT/cache/segdb2/gt_vault/lung/coronacases_005.npy,17,b025
segdb2,coronacases_005_z0274,coronacases_005,coronacases_005,274,fitting,coronacases_named,/kaggle/working/EviCT/cache/segdb2/images/coronacases_005.npy,274,/kaggle/working/EviCT/cache/segdb2/valid/coronacases_005.npy,/kaggle/working/EviCT/manifests/transforms/coronacases_005.json,512x512x290,0.68359399x0.68359399x1,LAS,True,float16,336,336,/kaggle/working/EviCT/cache/segdb2/gt_vault/infection/coronacases_005.npy,/kaggle/working/EviCT/cache/segdb2/gt_vault/lung/coronacases_005.npy,17,b025
segdb2,coronacases_005_z0275,coronacases_005,coronacases_005,275,fitting,coronacases_named,/kaggle/working/EviCT/cache/segdb2/images/coronacases_005.npy,275,/kaggle/working/EviCT/cache/segdb2/valid/coronacases_005.npy,/kaggle/working/EviCT/manifests/transforms/coronacases_005.json,512x512x290,0.68359399x0.68359399x1,LAS,True,float16,336,336,/kaggle/working/EviCT/cache/segdb2/gt_vault/infection/coronacases_005.npy,/kaggle/working/EviCT/cache/segdb2/gt_vault/lung/coronacases_005.npy,17,b025
segdb2,coronacases_005_z0276,coronacases_005,coronacases_005,276,fitting,coronacases_named,/kaggle/working/EviCT/cache/segdb2/images/coronacases_005.npy,276,/kaggle/working/EviCT/cache/segdb2/valid/coronacases_005.npy,/kaggle/working/EviCT/manifests/transforms/coronacases_005.json,512x512x290,0.68359399x0.68359399x1,LAS,True,float16,336,336,/kaggle/working/EviCT/cache/segdb2/gt_vault/infection/coronacases_005.npy,/kaggle/working/EviCT/cache/segdb2/gt_vault/lung/coronacases_005.npy,17,b025
segdb2,coronacases_005_z0277,coronacases_005,coronacases_005,277,fitting,coronacases_named,/kaggle/working/EviCT/cache/segdb2/images/coronacases_005.npy,277,/kaggle/working/EviCT/cache/segdb2/valid/coronacases_005.npy,/kaggle/working/EviCT/manifests/transforms/coronacases_005.json,512x512x290,0.68359399x0.68359399x1,LAS,True,float16,336,336,/kaggle/working/EviCT/cache/segdb2/gt_vault/infection/coronacases_005.npy,/kaggle/working/EviCT/cache/segdb2/gt_vault/lung/coronacases_005.npy,17,b025
segdb2,coronacases_005_z0278,coronacases_005,coronacases_005,278,fitting,coronacases_named,/kaggle/working/EviCT/cache/segdb2/images/coronacases_005.npy,278,/kaggle/working/EviCT/cache/segdb2/valid/coronacases_005.npy,/kaggle/working/EviCT/manifests/transforms/coronacases_005.json,512x512x290,0.68359399x0.68359399x1,LAS,True,float16,336,336,/kaggle/working/EviCT/cache/segdb2/gt_vault/infection/coronacases_005.npy,/kaggle/working/EviCT/cache/segdb2/gt_vault/lung/coronacases_005.npy,17,b025
segdb2,coronacases_005_z0279,coronacases_005,coronacases_005,279,fitting,coronacases_named,/kaggle/working/EviCT/cache/segdb2/images/coronacases_005.npy,279,/kaggle/working/EviCT/cache/segdb2/valid/coronacases_005.npy,/kaggle/working/EviCT/manifests/transforms/coronacases_005.json,512x512x290,0.68359399x0.68359399x1,LAS,True,float16,336,336,/kaggle/working/EviCT/cache/segdb2/gt_vault/infection/coronacases_005.npy,/kaggle/working/EviCT/cache/segdb2/gt_vault/lung/coronacases_005.npy,17,b025
segdb2,coronacases_005_z0280,coronacases_005,coronacases_005,280,fitting,coronacases_named,/kaggle/working/EviCT/cache/segdb2/images/coronacases_005.npy,280,/kaggle/working/EviCT/cache/segdb2/valid/coronacases_005.npy,/kaggle/working/EviCT/manifests/transforms/coronacases_005.json,512x512x290,0.68359399x0.68359399x1,LAS,True,float16,336,336,/kaggle/working/EviCT/cache/segdb2/gt_vault/infection/coronacases_005.npy,/kaggle/working/EviCT/cache/segdb2/gt_vault/lung/coronacases_005.npy,17,b025
segdb2,coronacases_005_z0281,coronacases_005,coronacases_005,281,fitting,coronacases_named,/kaggle/working/EviCT/cache/segdb2/images/coronacases_005.npy,281,/kaggle/working/EviCT/cache/segdb2/valid/coronacases_005.npy,/kaggle/working/EviCT/manifests/transforms/coronacases_005.json,512x512x290,0.68359399x0.68359399x1,LAS,True,float16,336,336,/kaggle/working/EviCT/cache/segdb2/gt_vault/infection/coronacases_005.npy,/kaggle/working/EviCT/cache/segdb2/gt_vault/lung/coronacases_005.npy,17,b025
segdb2,coronacases_005_z0282,coronacases_005,coronacases_005,282,fitting,coronacases_named,/kaggle/working/EviCT/cache/segdb2/images/coronacases_005.npy,282,/kaggle/working/EviCT/cache/segdb2/valid/coronacases_005.npy,/kaggle/working/EviCT/manifests/transforms/coronacases_005.json,512x512x290,0.68359399x0.68359399x1,LAS,True,float16,336,336,/kaggle/working/EviCT/cache/segdb2/gt_vault/infection/coronacases_005.npy,/kaggle/working/EviCT/cache/segdb2/gt_vault/lung/coronacases_005.npy,17,b025
segdb2,coronacases_005_z0283,coronacases_005,coronacases_005,283,fitting,coronacases_named,/kaggle/working/EviCT/cache/segdb2/images/coronacases_005.npy,283,/kaggle/working/EviCT/cache/segdb2/valid/coronacases_005.npy,/kaggle/working/EviCT/manifests/transforms/coronacases_005.json,512x512x290,0.68359399x0.68359399x1,LAS,True,float16,336,336,/kaggle/working/EviCT/cache/segdb2/gt_vault/infection/coronacases_005.npy,/kaggle/working/EviCT/cache/segdb2/gt_vault/lung/coronacases_005.npy,17,b025
segdb2,coronacases_005_z0284,coronacases_005,coronacases_005,284,fitting,coronacases_named,/kaggle/working/EviCT/cache/segdb2/images/coronacases_005.npy,284,/kaggle/working/EviCT/cache/segdb2/valid/coronacases_005.npy,/kaggle/working/EviCT/manifests/transforms/coronacases_005.json,512x512x290,0.68359399x0.68359399x1,LAS,True,float16,336,336,/kaggle/working/EviCT/cache/segdb2/gt_vault/infection/coronacases_005.npy,/kaggle/working/EviCT/cache/segdb2/gt_vault/lung/coronacases_005.npy,17,b025
segdb2,coronacases_005_z0285,coronacases_005,coronacases_005,285,fitting,coronacases_named,/kaggle/working/EviCT/cache/segdb2/images/coronacases_005.npy,285,/kaggle/working/EviCT/cache/segdb2/valid/coronacases_005.npy,/kaggle/working/EviCT/manifests/transforms/coronacases_005.json,512x512x290,0.68359399x0.68359399x1,LAS,True,float16,336,336,/kaggle/working/EviCT/cache/segdb2/gt_vault/infection/coronacases_005.npy,/kaggle/working/EviCT/cache/segdb2/gt_vault/lung/coronacases_005.npy,17,b025
segdb2,coronacases_005_z0286,coronacases_005,coronacases_005,286,fitting,coronacases_named,/kaggle/working/EviCT/cache/segdb2/images/coronacases_005.npy,286,/kaggle/working/EviCT/cache/segdb2/valid/coronacases_005.npy,/kaggle/working/EviCT/manifests/transforms/coronacases_005.json,512x512x290,0.68359399x0.68359399x1,LAS,True,float16,336,336,/kaggle/working/EviCT/cache/segdb2/gt_vault/infection/coronacases_005.npy,/kaggle/working/EviCT/cache/segdb2/gt_vault/lung/coronacases_005.npy,17,b025
segdb2,coronacases_005_z0287,coronacases_005,coronacases_005,287,fitting,coronacases_named,/kaggle/working/EviCT/cache/segdb2/images/coronacases_005.npy,287,/kaggle/working/EviCT/cache/segdb2/valid/coronacases_005.npy,/kaggle/working/EviCT/manifests/transforms/coronacases_005.json,512x512x290,0.68359399x0.68359399x1,LAS,True,float16,336,336,/kaggle/working/EviCT/cache/segdb2/gt_vault/infection/coronacases_005.npy,/kaggle/working/EviCT/cache/segdb2/gt_vault/lung/coronacases_005.npy,17,b025
segdb2,coronacases_005_z0288,coronacases_005,coronacases_005,288,fitting,coronacases_named,/kaggle/working/EviCT/cache/segdb2/images/coronacases_005.npy,288,/kaggle/working/EviCT/cache/segdb2/valid/coronacases_005.npy,/kaggle/working/EviCT/manifests/transforms/coronacases_005.json,512x512x290,0.68359399x0.68359399x1,LAS,True,float16,336,336,/kaggle/working/EviCT/cache/segdb2/gt_vault/infection/coronacases_005.npy,/kaggle/working/EviCT/cache/segdb2/gt_vault/lung/coronacases_005.npy,17,b025
segdb2,coronacases_005_z0289,coronacases_005,coronacases_005,289,fitting,coronacases_named,/kaggle/working/EviCT/cache/segdb2/images/coronacases_005.npy,289,/kaggle/working/EviCT/cache/segdb2/valid/coronacases_005.npy,/kaggle/working/EviCT/manifests/transforms/coronacases_005.json,512x512x290,0.68359399x0.68359399x1,LAS,True,float16,336,336,/kaggle/working/EviCT/cache/segdb2/gt_vault/infection/coronacases_005.npy,/kaggle/working/EviCT/cache/segdb2/gt_vault/lung/coronacases_005.npy,17,b025
segdb2,radiopaedia_14_85914_0_z0000,radiopaedia_14_85914_0,radiopaedia_14_85914_0,0,fitting,radiopaedia_named,/kaggle/working/EviCT/cache/segdb2/images/radiopaedia_14_85914_0.npy,0,/kaggle/working/EviCT/cache/segdb2/valid/radiopaedia_14_85914_0.npy,/kaggle/working/EviCT/manifests/transforms/radiopaedia_14_85914_0.json,630x401x110,0.68359399x0.68359399x2,LAS,True,float16,336,336,/kaggle/working/EviCT/cache/segdb2/gt_vault/infection/radiopaedia_14_85914_0.npy,/kaggle/working/EviCT/cache/segdb2/gt_vault/lung/radiopaedia_14_85914_0.npy,17,b025
segdb2,radiopaedia_14_85914_0_z0001,radiopaedia_14_85914_0,radiopaedia_14_85914_0,1,fitting,radiopaedia_named,/kaggle/working/EviCT/cache/segdb2/images/radiopaedia_14_85914_0.npy,1,/kaggle/working/EviCT/cache/segdb2/valid/radiopaedia_14_85914_0.npy,/kaggle/working/EviCT/manifests/transforms/radiopaedia_14_85914_0.json,630x401x110,0.68359399x0.68359399x2,LAS,True,float16,336,336,/kaggle/working/EviCT/cache/segdb2/gt_vault/infection/radiopaedia_14_85914_0.npy,/kaggle/working/EviCT/cache/segdb2/gt_vault/lung/radiopaedia_14_85914_0.npy,17,b025
segdb2,radiopaedia_14_85914_0_z0002,radiopaedia_14_85914_0,radiopaedia_14_85914_0,2,fitting,radiopaedia_named,/kaggle/working/EviCT/cache/segdb2/images/radiopaedia_14_85914_0.npy,2,/kaggle/working/EviCT/cache/segdb2/valid/radiopaedia_14_85914_0.npy,/kaggle/working/EviCT/manifests/transforms/radiopaedia_14_85914_0.json,630x401x110,0.68359399x0.68359399x2,LAS,True,float16,336,336,/kaggle/working/EviCT/cache/segdb2/gt_vault/infection/radiopaedia_14_85914_0.npy,/kaggle/working/EviCT/cache/segdb2/gt_vault/lung/radiopaedia_14_85914_0.npy,17,b025
segdb2,radiopaedia_14_85914_0_z0003,radiopaedia_14_85914_0,radiopaedia_14_85914_0,3,fitting,radiopaedia_named,/kaggle/working/EviCT/cache/segdb2/images/radiopaedia_14_85914_0.npy,3,/kaggle/working/EviCT/cache/segdb2/valid/radiopaedia_14_85914_0.npy,/kaggle/working/EviCT/manifests/transforms/radiopaedia_14_85914_0.json,630x401x110,0.68359399x0.68359399x2,LAS,True,float16,336,336,/kaggle/working/EviCT/cache/segdb2/gt_vault/infection/radiopaedia_14_85914_0.npy,/kaggle/working/EviCT/cache/segdb2/gt_vault/lung/radiopaedia_14_85914_0.npy,17,b025
segdb2,radiopaedia_14_85914_0_z0004,radiopaedia_14_85914_0,radiopaedia_14_85914_0,4,fitting,radiopaedia_named,/kaggle/working/EviCT/cache/segdb2/images/radiopaedia_14_85914_0.npy,4,/kaggle/working/EviCT/cache/segdb2/valid/radiopaedia_14_85914_0.npy,/kaggle/working/EviCT/manifests/transforms/radiopaedia_14_85914_0.json,630x401x110,0.68359399x0.68359399x2,LAS,True,float16,336,336,/kaggle/working/EviCT/cache/segdb2/gt_vault/infection/radiopaedia_14_85914_0.npy,/kaggle/working/EviCT/cache/segdb2/gt_vault/lung/radiopaedia_14_85914_0.npy,17,b025
segdb2,radiopaedia_14_85914_0_z0005,radiopaedia_14_85914_0,radiopaedia_14_85914_0,5,fitting,radiopaedia_named,/kaggle/working/EviCT/cache/segdb2/images/radiopaedia_14_85914_0.npy,5,/kaggle/working/EviCT/cache/segdb2/valid/radiopaedia_14_85914_0.npy,/kaggle/working/EviCT/manifests/transforms/radiopaedia_14_85914_0.json,630x401x110,0.68359399x0.68359399x2,LAS,True,float16,336,336,/kaggle/working/EviCT/cache/segdb2/gt_vault/infection/radiopaedia_14_85914_0.npy,/kaggle/working/EviCT/cache/segdb2/gt_vault/lung/radiopaedia_14_85914_0.npy,17,b025
segdb2,radiopaedia_14_85914_0_z0006,radiopaedia_14_85914_0,radiopaedia_14_85914_0,6,fitting,radiopaedia_named,/kaggle/working/EviCT/cache/segdb2/images/radiopaedia_14_85914_0.npy,6,/kaggle/working/EviCT/cache/segdb2/valid/radiopaedia_14_85914_0.npy,/kaggle/working/EviCT/manifests/transforms/radiopaedia_14_85914_0.json,630x401x110,0.68359399x0.68359399x2,LAS,True,float16,336,336,/kaggle/working/EviCT/cache/segdb2/gt_vault/infection/radiopaedia_14_85914_0.npy,/kaggle/working/EviCT/cache/segdb2/gt_vault/lung/radiopaedia_14_85914_0.npy,17,b025
segdb2,radiopaedia_14_85914_0_z0007,radiopaedia_14_85914_0,radiopaedia_14_85914_0,7,fitting,radiopaedia_named,/kaggle/working/EviCT/cache/segdb2/images/radiopaedia_14_85914_0.npy,7,/kaggle/working/EviCT/cache/segdb2/valid/radiopaedia_14_85914_0.npy,/kaggle/working/EviCT/manifests/transforms/radiopaedia_14_85914_0.json,630x401x110,0.68359399x0.68359399x2,LAS,True,float16,336,336,/kaggle/working/EviCT/cache/segdb2/gt_vault/infection/radiopaedia_14_85914_0.npy,/kaggle/working/EviCT/cache/segdb2/gt_vault/lung/radiopaedia_14_85914_0.npy,17,b025
segdb2,radiopaedia_14_85914_0_z0008,radiopaedia_14_85914_0,radiopaedia_14_85914_0,8,fitting,radiopaedia_named,/kaggle/working/EviCT/cache/segdb2/images/radiopaedia_14_85914_0.npy,8,/kaggle/working/EviCT/cache/segdb2/valid/radiopaedia_14_85914_0.npy,/kaggle/working/EviCT/manifests/transforms/radiopaedia_14_85914_0.json,630x401x110,0.68359399x0.68359399x2,LAS,True,float16,336,336,/kaggle/working/EviCT/cache/segdb2/gt_vault/infection/radiopaedia_14_85914_0.npy,/kaggle/working/EviCT/cache/segdb2/gt_vault/lung/radiopaedia_14_85914_0.npy,17,b025
segdb2,radiopaedia_14_85914_0_z0009,radiopaedia_14_85914_0,radiopaedia_14_85914_0,9,fitting,radiopaedia_named,/kaggle/working/EviCT/cache/segdb2/images/radiopaedia_14_85914_0.npy,9,/kaggle/working/EviCT/cache/segdb2/valid/radiopaedia_14_85914_0.npy,/kaggle/working/EviCT/manifests/transforms/radiopaedia_14_85914_0.json,630x401x110,0.68359399x0.68359399x2,LAS,True,float16,336,336,/kaggle/working/EviCT/cache/segdb2/gt_vault/infection/radiopaedia_14_85914_0.npy,/kaggle/working/EviCT/cache/segdb2/gt_vault/lung/radiopaedia_14_85914_0.npy,17,b025
segdb2,radiopaedia_14_85914_0_z0010,radiopaedia_14_85914_0,radiopaedia_14_85914_0,10,fitting,radiopaedia_named,/kaggle/working/EviCT/cache/segdb2/images/radiopaedia_14_85914_0.npy,10,/kaggle/working/EviCT/cache/segdb2/valid/radiopaedia_14_85914_0.npy,/kaggle/working/EviCT/manifests/transforms/radiopaedia_14_85914_0.json,630x401x110,0.68359399x0.68359399x2,LAS,True,float16,336,336,/kaggle/working/EviCT/cache/segdb2/gt_vault/infection/radiopaedia_14_85914_0.npy,/kaggle/working/EviCT/cache/segdb2/gt_vault/lung/radiopaedia_14_85914_0.npy,17,b025
segdb2,radiopaedia_14_85914_0_z0011,radiopaedia_14_85914_0,radiopaedia_14_85914_0,11,fitting,radiopaedia_named,/kaggle/working/EviCT/cache/segdb2/images/radiopaedia_14_85914_0.npy,11,/kaggle/working/EviCT/cache/segdb2/valid/radiopaedia_14_85914_0.npy,/kaggle/working/EviCT/manifests/transforms/radiopaedia_14_85914_0.json,630x401x110,0.68359399x0.68359399x2,LAS,True,float16,336,336,/kaggle/working/EviCT/cache/segdb2/gt_vault/infection/radiopaedia_14_85914_0.npy,/kaggle/working/EviCT/cache/segdb2/gt_vault/lung/radiopaedia_14_85914_0.npy,17,b025
segdb2,radiopaedia_14_85914_0_z0012,radiopaedia_14_85914_0,radiopaedia_14_85914_0,12,fitting,radiopaedia_named,/kaggle/working/EviCT/cache/segdb2/images/radiopaedia_14_85914_0.npy,12,/kaggle/working/EviCT/cache/segdb2/valid/radiopaedia_14_85914_0.npy,/kaggle/working/EviCT/manifests/transforms/radiopaedia_14_85914_0.json,630x401x110,0.68359399x0.68359399x2,LAS,True,float16,336,336,/kaggle/working/EviCT/cache/segdb2/gt_vault/infection/radiopaedia_14_85914_0.npy,/kaggle/working/EviCT/cache/segdb2/gt_vault/lung/radiopaedia_14_85914_0.npy,17,b025
segdb2,radiopaedia_14_85914_0_z0013,radiopaedia_14_85914_0,radiopaedia_14_85914_0,13,fitting,radiopaedia_named,/kaggle/working/EviCT/cache/segdb2/images/radiopaedia_14_85914_0.npy,13,/kaggle/working/EviCT/cache/segdb2/valid/radiopaedia_14_85914_0.npy,/kaggle/working/EviCT/manifests/transforms/radiopaedia_14_85914_0.json,630x401x110,0.68359399x0.68359399x2,LAS,True,float16,336,336,/kaggle/working/EviCT/cache/segdb2/gt_vault/infection/radiopaedia_14_85914_0.npy,/kaggle/working/EviCT/cache/segdb2/gt_vault/lung/radiopaedia_14_85914_0.npy,17,b025
segdb2,radiopaedia_14_85914_0_z0014,radiopaedia_14_85914_0,radiopaedia_14_85914_0,14,fitting,radiopaedia_named,/kaggle/working/EviCT/cache/segdb2/images/radiopaedia_14_85914_0.npy,14,/kaggle/working/EviCT/cache/segdb2/valid/radiopaedia_14_85914_0.npy,/kaggle/working/EviCT/manifests/transforms/radiopaedia_14_85914_0.json,630x401x110,0.68359399x0.68359399x2,LAS,True,float16,336,336,/kaggle/working/EviCT/cache/segdb2/gt_vault/infection/radiopaedia_14_85914_0.npy,/kaggle/working/EviCT/cache/segdb2/gt_vault/lung/radiopaedia_14_85914_0.npy,17,b025
segdb2,radiopaedia_14_85914_0_z0015,radiopaedia_14_85914_0,radiopaedia_14_85914_0,15,fitting,radiopaedia_named,/kaggle/working/EviCT/cache/segdb2/images/radiopaedia_14_85914_0.npy,15,/kaggle/working/EviCT/cache/segdb2/valid/radiopaedia_14_85914_0.npy,/kaggle/working/EviCT/manifests/transforms/radiopaedia_14_85914_0.json,630x401x110,0.68359399x0.68359399x2,LAS,True,float16,336,336,/kaggle/working/EviCT/cache/segdb2/gt_vault/infection/radiopaedia_14_85914_0.npy,/kaggle/working/EviCT/cache/segdb2/gt_vault/lung/radiopaedia_14_85914_0.npy,17,b025
segdb2,radiopaedia_14_85914_0_z0016,radiopaedia_14_85914_0,radiopaedia_14_85914_0,16,fitting,radiopaedia_named,/kaggle/working/EviCT/cache/segdb2/images/radiopaedia_14_85914_0.npy,16,/kaggle/working/EviCT/cache/segdb2/valid/radiopaedia_14_85914_0.npy,/kaggle/working/EviCT/manifests/transforms/radiopaedia_14_85914_0.json,630x401x110,0.68359399x0.68359399x2,LAS,True,float16,336,336,/kaggle/working/EviCT/cache/segdb2/gt_vault/infection/radiopaedia_14_85914_0.npy,/kaggle/working/EviCT/cache/segdb2/gt_vault/lung/radiopaedia_14_85914_0.npy,17,b025
segdb2,radiopaedia_14_85914_0_z0017,radiopaedia_14_85914_0,radiopaedia_14_85914_0,17,fitting,radiopaedia_named,/kaggle/working/EviCT/cache/segdb2/images/radiopaedia_14_85914_0.npy,17,/kaggle/working/EviCT/cache/segdb2/valid/radiopaedia_14_85914_0.npy,/kaggle/working/EviCT/manifests/transforms/radiopaedia_14_85914_0.json,630x401x110,0.68359399x0.68359399x2,LAS,True,float16,336,336,/kaggle/working/EviCT/cache/segdb2/gt_vault/infection/radiopaedia_14_85914_0.npy,/kaggle/working/EviCT/cache/segdb2/gt_vault/lung/radiopaedia_14_85914_0.npy,17,b025
segdb2,radiopaedia_14_85914_0_z0018,radiopaedia_14_85914_0,radiopaedia_14_85914_0,18,fitting,radiopaedia_named,/kaggle/working/EviCT/cache/segdb2/images/radiopaedia_14_85914_0.npy,18,/kaggle/working/EviCT/cache/segdb2/valid/radiopaedia_14_85914_0.npy,/kaggle/working/EviCT/manifests/transforms/radiopaedia_14_85914_0.json,630x401x110,0.68359399x0.68359399x2,LAS,True,float16,336,336,/kaggle/working/EviCT/cache/segdb2/gt_vault/infection/radiopaedia_14_85914_0.npy,/kaggle/working/EviCT/cache/segdb2/gt_vault/lung/radiopaedia_14_85914_0.npy,17,b025
segdb2,radiopaedia_14_85914_0_z0019,radiopaedia_14_85914_0,radiopaedia_14_85914_0,19,fitting,radiopaedia_named,/kaggle/working/EviCT/cache/segdb2/images/radiopaedia_14_85914_0.npy,19,/kaggle/working/EviCT/cache/segdb2/valid/radiopaedia_14_85914_0.npy,/kaggle/working/EviCT/manifests/transforms/radiopaedia_14_85914_0.json,630x401x110,0.68359399x0.68359399x2,LAS,True,float16,336,336,/kaggle/working/EviCT/cache/segdb2/gt_vault/infection/radiopaedia_14_85914_0.npy,/kaggle/working/EviCT/cache/segdb2/gt_vault/lung/radiopaedia_14_85914_0.npy,17,b025
segdb2,radiopaedia_14_85914_0_z0020,radiopaedia_14_85914_0,radiopaedia_14_85914_0,20,fitting,radiopaedia_named,/kaggle/working/EviCT/cache/segdb2/images/radiopaedia_14_85914_0.npy,20,/kaggle/working/EviCT/cache/segdb2/valid/radiopaedia_14_85914_0.npy,/kaggle/working/EviCT/manifests/transforms/radiopaedia_14_85914_0.json,630x401x110,0.68359399x0.68359399x2,LAS,True,float16,336,336,/kaggle/working/EviCT/cache/segdb2/gt_vault/infection/radiopaedia_14_85914_0.npy,/kaggle/working/EviCT/cache/segdb2/gt_vault/lung/radiopaedia_14_85914_0.npy,17,b025
segdb2,radiopaedia_14_85914_0_z0021,radiopaedia_14_85914_0,radiopaedia_14_85914_0,21,fitting,radiopaedia_named,/kaggle/working/EviCT/cache/segdb2/images/radiopaedia_14_85914_0.npy,21,/kaggle/working/EviCT/cache/segdb2/valid/radiopaedia_14_85914_0.npy,/kaggle/working/EviCT/manifests/transforms/radiopaedia_14_85914_0.json,630x401x110,0.68359399x0.68359399x2,LAS,True,float16,336,336,/kaggle/working/EviCT/cache/segdb2/gt_vault/infection/radiopaedia_14_85914_0.npy,/kaggle/working/EviCT/cache/segdb2/gt_vault/lung/radiopaedia_14_85914_0.npy,17,b025
segdb2,radiopaedia_14_85914_0_z0022,radiopaedia_14_85914_0,radiopaedia_14_85914_0,22,fitting,radiopaedia_named,/kaggle/working/EviCT/cache/segdb2/images/radiopaedia_14_85914_0.npy,22,/kaggle/working/EviCT/cache/segdb2/valid/radiopaedia_14_85914_0.npy,/kaggle/working/EviCT/manifests/transforms/radiopaedia_14_85914_0.json,630x401x110,0.68359399x0.68359399x2,LAS,True,float16,336,336,/kaggle/working/EviCT/cache/segdb2/gt_vault/infection/radiopaedia_14_85914_0.npy,/kaggle/working/EviCT/cache/segdb2/gt_vault/lung/radiopaedia_14_85914_0.npy,17,b025
segdb2,radiopaedia_14_85914_0_z0023,radiopaedia_14_85914_0,radiopaedia_14_85914_0,23,fitting,radiopaedia_named,/kaggle/working/EviCT/cache/segdb2/images/radiopaedia_14_85914_0.npy,23,/kaggle/working/EviCT/cache/segdb2/valid/radiopaedia_14_85914_0.npy,/kaggle/working/EviCT/manifests/transforms/radiopaedia_14_85914_0.json,630x401x110,0.68359399x0.68359399x2,LAS,True,float16,336,336,/kaggle/working/EviCT/cache/segdb2/gt_vault/infection/radiopaedia_14_85914_0.npy,/kaggle/working/EviCT/cache/segdb2/gt_vault/lung/radiopaedia_14_85914_0.npy,17,b025
segdb2,radiopaedia_14_85914_0_z0024,radiopaedia_14_85914_0,radiopaedia_14_85914_0,24,fitting,radiopaedia_named,/kaggle/working/EviCT/cache/segdb2/images/radiopaedia_14_85914_0.npy,24,/kaggle/working/EviCT/cache/segdb2/valid/radiopaedia_14_85914_0.npy,/kaggle/working/EviCT/manifests/transforms/radiopaedia_14_85914_0.json,630x401x110,0.68359399x0.68359399x2,LAS,True,float16,336,336,/kaggle/working/EviCT/cache/segdb2/gt_vault/infection/radiopaedia_14_85914_0.npy,/kaggle/working/EviCT/cache/segdb2/gt_vault/lung/radiopaedia_14_85914_0.npy,17,b025
segdb2,radiopaedia_14_85914_0_z0025,radiopaedia_14_85914_0,radiopaedia_14_85914_0,25,fitting,radiopaedia_named,/kaggle/working/EviCT/cache/segdb2/images/radiopaedia_14_85914_0.npy,25,/kaggle/working/EviCT/cache/segdb2/valid/radiopaedia_14_85914_0.npy,/kaggle/working/EviCT/manifests/transforms/radiopaedia_14_85914_0.json,630x401x110,0.68359399x0.68359399x2,LAS,True,float16,336,336,/kaggle/working/EviCT/cache/segdb2/gt_vault/infection/radiopaedia_14_85914_0.npy,/kaggle/working/EviCT/cache/segdb2/gt_vault/lung/radiopaedia_14_85914_0.npy,17,b025
segdb2,radiopaedia_14_85914_0_z0026,radiopaedia_14_85914_0,radiopaedia_14_85914_0,26,fitting,radiopaedia_named,/kaggle/working/EviCT/cache/segdb2/images/radiopaedia_14_85914_0.npy,26,/kaggle/working/EviCT/cache/segdb2/valid/radiopaedia_14_85914_0.npy,/kaggle/working/EviCT/manifests/transforms/radiopaedia_14_85914_0.json,630x401x110,0.68359399x0.68359399x2,LAS,True,float16,336,336,/kaggle/working/EviCT/cache/segdb2/gt_vault/infection/radiopaedia_14_85914_0.npy,/kaggle/working/EviCT/cache/segdb2/gt_vault/lung/radiopaedia_14_85914_0.npy,17,b025
segdb2,radiopaedia_14_85914_0_z0027,radiopaedia_14_85914_0,radiopaedia_14_85914_0,27,fitting,radiopaedia_named,/kaggle/working/EviCT/cache/segdb2/images/radiopaedia_14_85914_0.npy,27,/kaggle/working/EviCT/cache/segdb2/valid/radiopaedia_14_85914_0.npy,/kaggle/working/EviCT/manifests/transforms/radiopaedia_14_85914_0.json,630x401x110,0.68359399x0.68359399x2,LAS,True,float16,336,336,/kaggle/working/EviCT/cache/segdb2/gt_vault/infection/radiopaedia_14_85914_0.npy,/kaggle/working/EviCT/cache/segdb2/gt_vault/lung/radiopaedia_14_85914_0.npy,17,b025
segdb2,radiopaedia_14_85914_0_z0028,radiopaedia_14_85914_0,radiopaedia_14_85914_0,28,fitting,radiopaedia_named,/kaggle/working/EviCT/cache/segdb2/images/radiopaedia_14_85914_0.npy,28,/kaggle/working/EviCT/cache/segdb2/valid/radiopaedia_14_85914_0.npy,/kaggle/working/EviCT/manifests/transforms/radiopaedia_14_85914_0.json,630x401x110,0.68359399x0.68359399x2,LAS,True,float16,336,336,/kaggle/working/EviCT/cache/segdb2/gt_vault/infection/radiopaedia_14_85914_0.npy,/kaggle/working/EviCT/cache/segdb2/gt_vault/lung/radiopaedia_14_85914_0.npy,17,b025
segdb2,radiopaedia_14_85914_0_z0029,radiopaedia_14_85914_0,radiopaedia_14_85914_0,29,fitting,radiopaedia_named,/kaggle/working/EviCT/cache/segdb2/images/radiopaedia_14_85914_0.npy,29,/kaggle/working/EviCT/cache/segdb2/valid/radiopaedia_14_85914_0.npy,/kaggle/working/EviCT/manifests/transforms/radiopaedia_14_85914_0.json,630x401x110,0.68359399x0.68359399x2,LAS,True,float16,336,336,/kaggle/working/EviCT/cache/segdb2/gt_vault/infection/radiopaedia_14_85914_0.npy,/kaggle/working/EviCT/cache/segdb2/gt_vault/lung/radiopaedia_14_85914_0.npy,17,b025
segdb2,radiopaedia_14_85914_0_z0030,radiopaedia_14_85914_0,radiopaedia_14_85914_0,30,fitting,radiopaedia_named,/kaggle/working/EviCT/cache/segdb2/images/radiopaedia_14_85914_0.npy,30,/kaggle/working/EviCT/cache/segdb2/valid/radiopaedia_14_85914_0.npy,/kaggle/working/EviCT/manifests/transforms/radiopaedia_14_85914_0.json,630x401x110,0.68359399x0.68359399x2,LAS,True,float16,336,336,/kaggle/working/EviCT/cache/segdb2/gt_vault/infection/radiopaedia_14_85914_0.npy,/kaggle/working/EviCT/cache/segdb2/gt_vault/lung/radiopaedia_14_85914_0.npy,17,b025
segdb2,radiopaedia_14_85914_0_z0031,radiopaedia_14_85914_0,radiopaedia_14_85914_0,31,fitting,radiopaedia_named,/kaggle/working/EviCT/cache/segdb2/images/radiopaedia_14_85914_0.npy,31,/kaggle/working/EviCT/cache/segdb2/valid/radiopaedia_14_85914_0.npy,/kaggle/working/EviCT/manifests/transforms/radiopaedia_14_85914_0.json,630x401x110,0.68359399x0.68359399x2,LAS,True,float16,336,336,/kaggle/working/EviCT/cache/segdb2/gt_vault/infection/radiopaedia_14_85914_0.npy,/kaggle/working/EviCT/cache/segdb2/gt_vault/lung/radiopaedia_14_85914_0.npy,17,b025
segdb2,radiopaedia_14_85914_0_z0032,radiopaedia_14_85914_0,radiopaedia_14_85914_0,32,fitting,radiopaedia_named,/kaggle/working/EviCT/cache/segdb2/images/radiopaedia_14_85914_0.npy,32,/kaggle/working/EviCT/cache/segdb2/valid/radiopaedia_14_85914_0.npy,/kaggle/working/EviCT/manifests/transforms/radiopaedia_14_85914_0.json,630x401x110,0.68359399x0.68359399x2,LAS,True,float16,336,336,/kaggle/working/EviCT/cache/segdb2/gt_vault/infection/radiopaedia_14_85914_0.npy,/kaggle/working/EviCT/cache/segdb2/gt_vault/lung/radiopaedia_14_85914_0.npy,17,b025
segdb2,radiopaedia_14_85914_0_z0033,radiopaedia_14_85914_0,radiopaedia_14_85914_0,33,fitting,radiopaedia_named,/kaggle/working/EviCT/cache/segdb2/images/radiopaedia_14_85914_0.npy,33,/kaggle/working/EviCT/cache/segdb2/valid/radiopaedia_14_85914_0.npy,/kaggle/working/EviCT/manifests/transforms/radiopaedia_14_85914_0.json,630x401x110,0.68359399x0.68359399x2,LAS,True,float16,336,336,/kaggle/working/EviCT/cache/segdb2/gt_vault/infection/radiopaedia_14_85914_0.npy,/kaggle/working/EviCT/cache/segdb2/gt_vault/lung/radiopaedia_14_85914_0.npy,17,b025
segdb2,radiopaedia_14_85914_0_z0034,radiopaedia_14_85914_0,radiopaedia_14_85914_0,34,fitting,radiopaedia_named,/kaggle/working/EviCT/cache/segdb2/images/radiopaedia_14_85914_0.npy,34,/kaggle/working/EviCT/cache/segdb2/valid/radiopaedia_14_85914_0.npy,/kaggle/working/EviCT/manifests/transforms/radiopaedia_14_85914_0.json,630x401x110,0.68359399x0.68359399x2,LAS,True,float16,336,336,/kaggle/working/EviCT/cache/segdb2/gt_vault/infection/radiopaedia_14_85914_0.npy,/kaggle/working/EviCT/cache/segdb2/gt_vault/lung/radiopaedia_14_85914_0.npy,17,b025
segdb2,radiopaedia_14_85914_0_z0035,radiopaedia_14_85914_0,radiopaedia_14_85914_0,35,fitting,radiopaedia_named,/kaggle/working/EviCT/cache/segdb2/images/radiopaedia_14_85914_0.npy,35,/kaggle/working/EviCT/cache/segdb2/valid/radiopaedia_14_85914_0.npy,/kaggle/working/EviCT/manifests/transforms/radiopaedia_14_85914_0.json,630x401x110,0.68359399x0.68359399x2,LAS,True,float16,336,336,/kaggle/working/EviCT/cache/segdb2/gt_vault/infection/radiopaedia_14_85914_0.npy,/kaggle/working/EviCT/cache/segdb2/gt_vault/lung/radiopaedia_14_85914_0.npy,17,b025
segdb2,radiopaedia_14_85914_0_z0036,radiopaedia_14_85914_0,radiopaedia_14_85914_0,36,fitting,radiopaedia_named,/kaggle/working/EviCT/cache/segdb2/images/radiopaedia_14_85914_0.npy,36,/kaggle/working/EviCT/cache/segdb2/valid/radiopaedia_14_85914_0.npy,/kaggle/working/EviCT/manifests/transforms/radiopaedia_14_85914_0.json,630x401x110,0.68359399x0.68359399x2,LAS,True,float16,336,336,/kaggle/working/EviCT/cache/segdb2/gt_vault/infection/radiopaedia_14_85914_0.npy,/kaggle/working/EviCT/cache/segdb2/gt_vault/lung/radiopaedia_14_85914_0.npy,17,b025
segdb2,radiopaedia_14_85914_0_z0037,radiopaedia_14_85914_0,radiopaedia_14_85914_0,37,fitting,radiopaedia_named,/kaggle/working/EviCT/cache/segdb2/images/radiopaedia_14_85914_0.npy,37,/kaggle/working/EviCT/cache/segdb2/valid/radiopaedia_14_85914_0.npy,/kaggle/working/EviCT/manifests/transforms/radiopaedia_14_85914_0.json,630x401x110,0.68359399x0.68359399x2,LAS,True,float16,336,336,/kaggle/working/EviCT/cache/segdb2/gt_vault/infection/radiopaedia_14_85914_0.npy,/kaggle/working/EviCT/cache/segdb2/gt_vault/lung/radiopaedia_14_85914_0.npy,17,b025
segdb2,radiopaedia_14_85914_0_z0038,radiopaedia_14_85914_0,radiopaedia_14_85914_0,38,fitting,radiopaedia_named,/kaggle/working/EviCT/cache/segdb2/images/radiopaedia_14_85914_0.npy,38,/kaggle/working/EviCT/cache/segdb2/valid/radiopaedia_14_85914_0.npy,/kaggle/working/EviCT/manifests/transforms/radiopaedia_14_85914_0.json,630x401x110,0.68359399x0.68359399x2,LAS,True,float16,336,336,/kaggle/working/EviCT/cache/segdb2/gt_vault/infection/radiopaedia_14_85914_0.npy,/kaggle/working/EviCT/cache/segdb2/gt_vault/lung/radiopaedia_14_85914_0.npy,17,b025
segdb2,radiopaedia_14_85914_0_z0039,radiopaedia_14_85914_0,radiopaedia_14_85914_0,39,fitting,radiopaedia_named,/kaggle/working/EviCT/cache/segdb2/images/radiopaedia_14_85914_0.npy,39,/kaggle/working/EviCT/cache/segdb2/valid/radiopaedia_14_85914_0.npy,/kaggle/working/EviCT/manifests/transforms/radiopaedia_14_85914_0.json,630x401x110,0.68359399x0.68359399x2,LAS,True,float16,336,336,/kaggle/working/EviCT/cache/segdb2/gt_vault/infection/radiopaedia_14_85914_0.npy,/kaggle/working/EviCT/cache/segdb2/gt_vault/lung/radiopaedia_14_85914_0.npy,17,b025
segdb2,radiopaedia_14_85914_0_z0040,radiopaedia_14_85914_0,radiopaedia_14_85914_0,40,fitting,radiopaedia_named,/kaggle/working/EviCT/cache/segdb2/images/radiopaedia_14_85914_0.npy,40,/kaggle/working/EviCT/cache/segdb2/valid/radiopaedia_14_85914_0.npy,/kaggle/working/EviCT/manifests/transforms/radiopaedia_14_85914_0.json,630x401x110,0.68359399x0.68359399x2,LAS,True,float16,336,336,/kaggle/working/EviCT/cache/segdb2/gt_vault/infection/radiopaedia_14_85914_0.npy,/kaggle/working/EviCT/cache/segdb2/gt_vault/lung/radiopaedia_14_85914_0.npy,17,b025
segdb2,radiopaedia_14_85914_0_z0041,radiopaedia_14_85914_0,radiopaedia_14_85914_0,41,fitting,radiopaedia_named,/kaggle/working/EviCT/cache/segdb2/images/radiopaedia_14_85914_0.npy,41,/kaggle/working/EviCT/cache/segdb2/valid/radiopaedia_14_85914_0.npy,/kaggle/working/EviCT/manifests/transforms/radiopaedia_14_85914_0.json,630x401x110,0.68359399x0.68359399x2,LAS,True,float16,336,336,/kaggle/working/EviCT/cache/segdb2/gt_vault/infection/radiopaedia_14_85914_0.npy,/kaggle/working/EviCT/cache/segdb2/gt_vault/lung/radiopaedia_14_85914_0.npy,17,b025
segdb2,radiopaedia_14_85914_0_z0042,radiopaedia_14_85914_0,radiopaedia_14_85914_0,42,fitting,radiopaedia_named,/kaggle/working/EviCT/cache/segdb2/images/radiopaedia_14_85914_0.npy,42,/kaggle/working/EviCT/cache/segdb2/valid/radiopaedia_14_85914_0.npy,/kaggle/working/EviCT/manifests/transforms/radiopaedia_14_85914_0.json,630x401x110,0.68359399x0.68359399x2,LAS,True,float16,336,336,/kaggle/working/EviCT/cache/segdb2/gt_vault/infection/radiopaedia_14_85914_0.npy,/kaggle/working/EviCT/cache/segdb2/gt_vault/lung/radiopaedia_14_85914_0.npy,17,b025
segdb2,radiopaedia_14_85914_0_z0043,radiopaedia_14_85914_0,radiopaedia_14_85914_0,43,fitting,radiopaedia_named,/kaggle/working/EviCT/cache/segdb2/images/radiopaedia_14_85914_0.npy,43,/kaggle/working/EviCT/cache/segdb2/valid/radiopaedia_14_85914_0.npy,/kaggle/working/EviCT/manifests/transforms/radiopaedia_14_85914_0.json,630x401x110,0.68359399x0.68359399x2,LAS,True,float16,336,336,/kaggle/working/EviCT/cache/segdb2/gt_vault/infection/radiopaedia_14_85914_0.npy,/kaggle/working/EviCT/cache/segdb2/gt_vault/lung/radiopaedia_14_85914_0.npy,17,b025
segdb2,radiopaedia_14_85914_0_z0044,radiopaedia_14_85914_0,radiopaedia_14_85914_0,44,fitting,radiopaedia_named,/kaggle/working/EviCT/cache/segdb2/images/radiopaedia_14_85914_0.npy,44,/kaggle/working/EviCT/cache/segdb2/valid/radiopaedia_14_85914_0.npy,/kaggle/working/EviCT/manifests/transforms/radiopaedia_14_85914_0.json,630x401x110,0.68359399x0.68359399x2,LAS,True,float16,336,336,/kaggle/working/EviCT/cache/segdb2/gt_vault/infection/radiopaedia_14_85914_0.npy,/kaggle/working/EviCT/cache/segdb2/gt_vault/lung/radiopaedia_14_85914_0.npy,17,b025
segdb2,radiopaedia_14_85914_0_z0045,radiopaedia_14_85914_0,radiopaedia_14_85914_0,45,fitting,radiopaedia_named,/kaggle/working/EviCT/cache/segdb2/images/radiopaedia_14_85914_0.npy,45,/kaggle/working/EviCT/cache/segdb2/valid/radiopaedia_14_85914_0.npy,/kaggle/working/EviCT/manifests/transforms/radiopaedia_14_85914_0.json,630x401x110,0.68359399x0.68359399x2,LAS,True,float16,336,336,/kaggle/working/EviCT/cache/segdb2/gt_vault/infection/radiopaedia_14_85914_0.npy,/kaggle/working/EviCT/cache/segdb2/gt_vault/lung/radiopaedia_14_85914_0.npy,17,b025
segdb2,radiopaedia_14_85914_0_z0046,radiopaedia_14_85914_0,radiopaedia_14_85914_0,46,fitting,radiopaedia_named,/kaggle/working/EviCT/cache/segdb2/images/radiopaedia_14_85914_0.npy,46,/kaggle/working/EviCT/cache/segdb2/valid/radiopaedia_14_85914_0.npy,/kaggle/working/EviCT/manifests/transforms/radiopaedia_14_85914_0.json,630x401x110,0.68359399x0.68359399x2,LAS,True,float16,336,336,/kaggle/working/EviCT/cache/segdb2/gt_vault/infection/radiopaedia_14_85914_0.npy,/kaggle/working/EviCT/cache/segdb2/gt_vault/lung/radiopaedia_14_85914_0.npy,17,b025
segdb2,radiopaedia_14_85914_0_z0047,radiopaedia_14_85914_0,radiopaedia_14_85914_0,47,fitting,radiopaedia_named,/kaggle/working/EviCT/cache/segdb2/images/radiopaedia_14_85914_0.npy,47,/kaggle/working/EviCT/cache/segdb2/valid/radiopaedia_14_85914_0.npy,/kaggle/working/EviCT/manifests/transforms/radiopaedia_14_85914_0.json,630x401x110,0.68359399x0.68359399x2,LAS,True,float16,336,336,/kaggle/working/EviCT/cache/segdb2/gt_vault/infection/radiopaedia_14_85914_0.npy,/kaggle/working/EviCT/cache/segdb2/gt_vault/lung/radiopaedia_14_85914_0.npy,17,b025
segdb2,radiopaedia_14_85914_0_z0048,radiopaedia_14_85914_0,radiopaedia_14_85914_0,48,fitting,radiopaedia_named,/kaggle/working/EviCT/cache/segdb2/images/radiopaedia_14_85914_0.npy,48,/kaggle/working/EviCT/cache/segdb2/valid/radiopaedia_14_85914_0.npy,/kaggle/working/EviCT/manifests/transforms/radiopaedia_14_85914_0.json,630x401x110,0.68359399x0.68359399x2,LAS,True,float16,336,336,/kaggle/working/EviCT/cache/segdb2/gt_vault/infection/radiopaedia_14_85914_0.npy,/kaggle/working/EviCT/cache/segdb2/gt_vault/lung/radiopaedia_14_85914_0.npy,17,b025
segdb2,radiopaedia_14_85914_0_z0049,radiopaedia_14_85914_0,radiopaedia_14_85914_0,49,fitting,radiopaedia_named,/kaggle/working/EviCT/cache/segdb2/images/radiopaedia_14_85914_0.npy,49,/kaggle/working/EviCT/cache/segdb2/valid/radiopaedia_14_85914_0.npy,/kaggle/working/EviCT/manifests/transforms/radiopaedia_14_85914_0.json,630x401x110,0.68359399x0.68359399x2,LAS,True,float16,336,336,/kaggle/working/EviCT/cache/segdb2/gt_vault/infection/radiopaedia_14_85914_0.npy,/kaggle/working/EviCT/cache/segdb2/gt_vault/lung/radiopaedia_14_85914_0.npy,17,b025
segdb2,radiopaedia_14_85914_0_z0050,radiopaedia_14_85914_0,radiopaedia_14_85914_0,50,fitting,radiopaedia_named,/kaggle/working/EviCT/cache/segdb2/images/radiopaedia_14_85914_0.npy,50,/kaggle/working/EviCT/cache/segdb2/valid/radiopaedia_14_85914_0.npy,/kaggle/working/EviCT/manifests/transforms/radiopaedia_14_85914_0.json,630x401x110,0.68359399x0.68359399x2,LAS,True,float16,336,336,/kaggle/working/EviCT/cache/segdb2/gt_vault/infection/radiopaedia_14_85914_0.npy,/kaggle/working/EviCT/cache/segdb2/gt_vault/lung/radiopaedia_14_85914_0.npy,17,b025
segdb2,radiopaedia_14_85914_0_z0051,radiopaedia_14_85914_0,radiopaedia_14_85914_0,51,fitting,radiopaedia_named,/kaggle/working/EviCT/cache/segdb2/images/radiopaedia_14_85914_0.npy,51,/kaggle/working/EviCT/cache/segdb2/valid/radiopaedia_14_85914_0.npy,/kaggle/working/EviCT/manifests/transforms/radiopaedia_14_85914_0.json,630x401x110,0.68359399x0.68359399x2,LAS,True,float16,336,336,/kaggle/working/EviCT/cache/segdb2/gt_vault/infection/radiopaedia_14_85914_0.npy,/kaggle/working/EviCT/cache/segdb2/gt_vault/lung/radiopaedia_14_85914_0.npy,17,b025
segdb2,radiopaedia_14_85914_0_z0052,radiopaedia_14_85914_0,radiopaedia_14_85914_0,52,fitting,radiopaedia_named,/kaggle/working/EviCT/cache/segdb2/images/radiopaedia_14_85914_0.npy,52,/kaggle/working/EviCT/cache/segdb2/valid/radiopaedia_14_85914_0.npy,/kaggle/working/EviCT/manifests/transforms/radiopaedia_14_85914_0.json,630x401x110,0.68359399x0.68359399x2,LAS,True,float16,336,336,/kaggle/working/EviCT/cache/segdb2/gt_vault/infection/radiopaedia_14_85914_0.npy,/kaggle/working/EviCT/cache/segdb2/gt_vault/lung/radiopaedia_14_85914_0.npy,17,b025
segdb2,radiopaedia_14_85914_0_z0053,radiopaedia_14_85914_0,radiopaedia_14_85914_0,53,fitting,radiopaedia_named,/kaggle/working/EviCT/cache/segdb2/images/radiopaedia_14_85914_0.npy,53,/kaggle/working/EviCT/cache/segdb2/valid/radiopaedia_14_85914_0.npy,/kaggle/working/EviCT/manifests/transforms/radiopaedia_14_85914_0.json,630x401x110,0.68359399x0.68359399x2,LAS,True,float16,336,336,/kaggle/working/EviCT/cache/segdb2/gt_vault/infection/radiopaedia_14_85914_0.npy,/kaggle/working/EviCT/cache/segdb2/gt_vault/lung/radiopaedia_14_85914_0.npy,17,b025
segdb2,radiopaedia_14_85914_0_z0054,radiopaedia_14_85914_0,radiopaedia_14_85914_0,54,fitting,radiopaedia_named,/kaggle/working/EviCT/cache/segdb2/images/radiopaedia_14_85914_0.npy,54,/kaggle/working/EviCT/cache/segdb2/valid/radiopaedia_14_85914_0.npy,/kaggle/working/EviCT/manifests/transforms/radiopaedia_14_85914_0.json,630x401x110,0.68359399x0.68359399x2,LAS,True,float16,336,336,/kaggle/working/EviCT/cache/segdb2/gt_vault/infection/radiopaedia_14_85914_0.npy,/kaggle/working/EviCT/cache/segdb2/gt_vault/lung/radiopaedia_14_85914_0.npy,17,b025
segdb2,radiopaedia_14_85914_0_z0055,radiopaedia_14_85914_0,radiopaedia_14_85914_0,55,fitting,radiopaedia_named,/kaggle/working/EviCT/cache/segdb2/images/radiopaedia_14_85914_0.npy,55,/kaggle/working/EviCT/cache/segdb2/valid/radiopaedia_14_85914_0.npy,/kaggle/working/EviCT/manifests/transforms/radiopaedia_14_85914_0.json,630x401x110,0.68359399x0.68359399x2,LAS,True,float16,336,336,/kaggle/working/EviCT/cache/segdb2/gt_vault/infection/radiopaedia_14_85914_0.npy,/kaggle/working/EviCT/cache/segdb2/gt_vault/lung/radiopaedia_14_85914_0.npy,17,b025
segdb2,radiopaedia_14_85914_0_z0056,radiopaedia_14_85914_0,radiopaedia_14_85914_0,56,fitting,radiopaedia_named,/kaggle/working/EviCT/cache/segdb2/images/radiopaedia_14_85914_0.npy,56,/kaggle/working/EviCT/cache/segdb2/valid/radiopaedia_14_85914_0.npy,/kaggle/working/EviCT/manifests/transforms/radiopaedia_14_85914_0.json,630x401x110,0.68359399x0.68359399x2,LAS,True,float16,336,336,/kaggle/working/EviCT/cache/segdb2/gt_vault/infection/radiopaedia_14_85914_0.npy,/kaggle/working/EviCT/cache/segdb2/gt_vault/lung/radiopaedia_14_85914_0.npy,17,b025
segdb2,radiopaedia_14_85914_0_z0057,radiopaedia_14_85914_0,radiopaedia_14_85914_0,57,fitting,radiopaedia_named,/kaggle/working/EviCT/cache/segdb2/images/radiopaedia_14_85914_0.npy,57,/kaggle/working/EviCT/cache/segdb2/valid/radiopaedia_14_85914_0.npy,/kaggle/working/EviCT/manifests/transforms/radiopaedia_14_85914_0.json,630x401x110,0.68359399x0.68359399x2,LAS,True,float16,336,336,/kaggle/working/EviCT/cache/segdb2/gt_vault/infection/radiopaedia_14_85914_0.npy,/kaggle/working/EviCT/cache/segdb2/gt_vault/lung/radiopaedia_14_85914_0.npy,17,b025
segdb2,radiopaedia_14_85914_0_z0058,radiopaedia_14_85914_0,radiopaedia_14_85914_0,58,fitting,radiopaedia_named,/kaggle/working/EviCT/cache/segdb2/images/radiopaedia_14_85914_0.npy,58,/kaggle/working/EviCT/cache/segdb2/valid/radiopaedia_14_85914_0.npy,/kaggle/working/EviCT/manifests/transforms/radiopaedia_14_85914_0.json,630x401x110,0.68359399x0.68359399x2,LAS,True,float16,336,336,/kaggle/working/EviCT/cache/segdb2/gt_vault/infection/radiopaedia_14_85914_0.npy,/kaggle/working/EviCT/cache/segdb2/gt_vault/lung/radiopaedia_14_85914_0.npy,17,b025
segdb2,radiopaedia_14_85914_0_z0059,radiopaedia_14_85914_0,radiopaedia_14_85914_0,59,fitting,radiopaedia_named,/kaggle/working/EviCT/cache/segdb2/images/radiopaedia_14_85914_0.npy,59,/kaggle/working/EviCT/cache/segdb2/valid/radiopaedia_14_85914_0.npy,/kaggle/working/EviCT/manifests/transforms/radiopaedia_14_85914_0.json,630x401x110,0.68359399x0.68359399x2,LAS,True,float16,336,336,/kaggle/working/EviCT/cache/segdb2/gt_vault/infection/radiopaedia_14_85914_0.npy,/kaggle/working/EviCT/cache/segdb2/gt_vault/lung/radiopaedia_14_85914_0.npy,17,b025
segdb2,radiopaedia_14_85914_0_z0060,radiopaedia_14_85914_0,radiopaedia_14_85914_0,60,fitting,radiopaedia_named,/kaggle/working/EviCT/cache/segdb2/images/radiopaedia_14_85914_0.npy,60,/kaggle/working/EviCT/cache/segdb2/valid/radiopaedia_14_85914_0.npy,/kaggle/working/EviCT/manifests/transforms/radiopaedia_14_85914_0.json,630x401x110,0.68359399x0.68359399x2,LAS,True,float16,336,336,/kaggle/working/EviCT/cache/segdb2/gt_vault/infection/radiopaedia_14_85914_0.npy,/kaggle/working/EviCT/cache/segdb2/gt_vault/lung/radiopaedia_14_85914_0.npy,17,b025
segdb2,radiopaedia_14_85914_0_z0061,radiopaedia_14_85914_0,radiopaedia_14_85914_0,61,fitting,radiopaedia_named,/kaggle/working/EviCT/cache/segdb2/images/radiopaedia_14_85914_0.npy,61,/kaggle/working/EviCT/cache/segdb2/valid/radiopaedia_14_85914_0.npy,/kaggle/working/EviCT/manifests/transforms/radiopaedia_14_85914_0.json,630x401x110,0.68359399x0.68359399x2,LAS,True,float16,336,336,/kaggle/working/EviCT/cache/segdb2/gt_vault/infection/radiopaedia_14_85914_0.npy,/kaggle/working/EviCT/cache/segdb2/gt_vault/lung/radiopaedia_14_85914_0.npy,17,b025
segdb2,radiopaedia_14_85914_0_z0062,radiopaedia_14_85914_0,radiopaedia_14_85914_0,62,fitting,radiopaedia_named,/kaggle/working/EviCT/cache/segdb2/images/radiopaedia_14_85914_0.npy,62,/kaggle/working/EviCT/cache/segdb2/valid/radiopaedia_14_85914_0.npy,/kaggle/working/EviCT/manifests/transforms/radiopaedia_14_85914_0.json,630x401x110,0.68359399x0.68359399x2,LAS,True,float16,336,336,/kaggle/working/EviCT/cache/segdb2/gt_vault/infection/radiopaedia_14_85914_0.npy,/kaggle/working/EviCT/cache/segdb2/gt_vault/lung/radiopaedia_14_85914_0.npy,17,b025
segdb2,radiopaedia_14_85914_0_z0063,radiopaedia_14_85914_0,radiopaedia_14_85914_0,63,fitting,radiopaedia_named,/kaggle/working/EviCT/cache/segdb2/images/radiopaedia_14_85914_0.npy,63,/kaggle/working/EviCT/cache/segdb2/valid/radiopaedia_14_85914_0.npy,/kaggle/working/EviCT/manifests/transforms/radiopaedia_14_85914_0.json,630x401x110,0.68359399x0.68359399x2,LAS,True,float16,336,336,/kaggle/working/EviCT/cache/segdb2/gt_vault/infection/radiopaedia_14_85914_0.npy,/kaggle/working/EviCT/cache/segdb2/gt_vault/lung/radiopaedia_14_85914_0.npy,17,b025
segdb2,radiopaedia_14_85914_0_z0064,radiopaedia_14_85914_0,radiopaedia_14_85914_0,64,fitting,radiopaedia_named,/kaggle/working/EviCT/cache/segdb2/images/radiopaedia_14_85914_0.npy,64,/kaggle/working/EviCT/cache/segdb2/valid/radiopaedia_14_85914_0.npy,/kaggle/working/EviCT/manifests/transforms/radiopaedia_14_85914_0.json,630x401x110,0.68359399x0.68359399x2,LAS,True,float16,336,336,/kaggle/working/EviCT/cache/segdb2/gt_vault/infection/radiopaedia_14_85914_0.npy,/kaggle/working/EviCT/cache/segdb2/gt_vault/lung/radiopaedia_14_85914_0.npy,17,b025
segdb2,radiopaedia_14_85914_0_z0065,radiopaedia_14_85914_0,radiopaedia_14_85914_0,65,fitting,radiopaedia_named,/kaggle/working/EviCT/cache/segdb2/images/radiopaedia_14_85914_0.npy,65,/kaggle/working/EviCT/cache/segdb2/valid/radiopaedia_14_85914_0.npy,/kaggle/working/EviCT/manifests/transforms/radiopaedia_14_85914_0.json,630x401x110,0.68359399x0.68359399x2,LAS,True,float16,336,336,/kaggle/working/EviCT/cache/segdb2/gt_vault/infection/radiopaedia_14_85914_0.npy,/kaggle/working/EviCT/cache/segdb2/gt_vault/lung/radiopaedia_14_85914_0.npy,17,b025
segdb2,radiopaedia_14_85914_0_z0066,radiopaedia_14_85914_0,radiopaedia_14_85914_0,66,fitting,radiopaedia_named,/kaggle/working/EviCT/cache/segdb2/images/radiopaedia_14_85914_0.npy,66,/kaggle/working/EviCT/cache/segdb2/valid/radiopaedia_14_85914_0.npy,/kaggle/working/EviCT/manifests/transforms/radiopaedia_14_85914_0.json,630x401x110,0.68359399x0.68359399x2,LAS,True,float16,336,336,/kaggle/working/EviCT/cache/segdb2/gt_vault/infection/radiopaedia_14_85914_0.npy,/kaggle/working/EviCT/cache/segdb2/gt_vault/lung/radiopaedia_14_85914_0.npy,17,b025
segdb2,radiopaedia_14_85914_0_z0067,radiopaedia_14_85914_0,radiopaedia_14_85914_0,67,fitting,radiopaedia_named,/kaggle/working/EviCT/cache/segdb2/images/radiopaedia_14_85914_0.npy,67,/kaggle/working/EviCT/cache/segdb2/valid/radiopaedia_14_85914_0.npy,/kaggle/working/EviCT/manifests/transforms/radiopaedia_14_85914_0.json,630x401x110,0.68359399x0.68359399x2,LAS,True,float16,336,336,/kaggle/working/EviCT/cache/segdb2/gt_vault/infection/radiopaedia_14_85914_0.npy,/kaggle/working/EviCT/cache/segdb2/gt_vault/lung/radiopaedia_14_85914_0.npy,17,b025
segdb2,radiopaedia_14_85914_0_z0068,radiopaedia_14_85914_0,radiopaedia_14_85914_0,68,fitting,radiopaedia_named,/kaggle/working/EviCT/cache/segdb2/images/radiopaedia_14_85914_0.npy,68,/kaggle/working/EviCT/cache/segdb2/valid/radiopaedia_14_85914_0.npy,/kaggle/working/EviCT/manifests/transforms/radiopaedia_14_85914_0.json,630x401x110,0.68359399x0.68359399x2,LAS,True,float16,336,336,/kaggle/working/EviCT/cache/segdb2/gt_vault/infection/radiopaedia_14_85914_0.npy,/kaggle/working/EviCT/cache/segdb2/gt_vault/lung/radiopaedia_14_85914_0.npy,17,b025
segdb2,radiopaedia_14_85914_0_z0069,radiopaedia_14_85914_0,radiopaedia_14_85914_0,69,fitting,radiopaedia_named,/kaggle/working/EviCT/cache/segdb2/images/radiopaedia_14_85914_0.npy,69,/kaggle/working/EviCT/cache/segdb2/valid/radiopaedia_14_85914_0.npy,/kaggle/working/EviCT/manifests/transforms/radiopaedia_14_85914_0.json,630x401x110,0.68359399x0.68359399x2,LAS,True,float16,336,336,/kaggle/working/EviCT/cache/segdb2/gt_vault/infection/radiopaedia_14_85914_0.npy,/kaggle/working/EviCT/cache/segdb2/gt_vault/lung/radiopaedia_14_85914_0.npy,17,b025
segdb2,radiopaedia_14_85914_0_z0070,radiopaedia_14_85914_0,radiopaedia_14_85914_0,70,fitting,radiopaedia_named,/kaggle/working/EviCT/cache/segdb2/images/radiopaedia_14_85914_0.npy,70,/kaggle/working/EviCT/cache/segdb2/valid/radiopaedia_14_85914_0.npy,/kaggle/working/EviCT/manifests/transforms/radiopaedia_14_85914_0.json,630x401x110,0.68359399x0.68359399x2,LAS,True,float16,336,336,/kaggle/working/EviCT/cache/segdb2/gt_vault/infection/radiopaedia_14_85914_0.npy,/kaggle/working/EviCT/cache/segdb2/gt_vault/lung/radiopaedia_14_85914_0.npy,17,b025
segdb2,radiopaedia_14_85914_0_z0071,radiopaedia_14_85914_0,radiopaedia_14_85914_0,71,fitting,radiopaedia_named,/kaggle/working/EviCT/cache/segdb2/images/radiopaedia_14_85914_0.npy,71,/kaggle/working/EviCT/cache/segdb2/valid/radiopaedia_14_85914_0.npy,/kaggle/working/EviCT/manifests/transforms/radiopaedia_14_85914_0.json,630x401x110,0.68359399x0.68359399x2,LAS,True,float16,336,336,/kaggle/working/EviCT/cache/segdb2/gt_vault/infection/radiopaedia_14_85914_0.npy,/kaggle/working/EviCT/cache/segdb2/gt_vault/lung/radiopaedia_14_85914_0.npy,17,b025
segdb2,radiopaedia_14_85914_0_z0072,radiopaedia_14_85914_0,radiopaedia_14_85914_0,72,fitting,radiopaedia_named,/kaggle/working/EviCT/cache/segdb2/images/radiopaedia_14_85914_0.npy,72,/kaggle/working/EviCT/cache/segdb2/valid/radiopaedia_14_85914_0.npy,/kaggle/working/EviCT/manifests/transforms/radiopaedia_14_85914_0.json,630x401x110,0.68359399x0.68359399x2,LAS,True,float16,336,336,/kaggle/working/EviCT/cache/segdb2/gt_vault/infection/radiopaedia_14_85914_0.npy,/kaggle/working/EviCT/cache/segdb2/gt_vault/lung/radiopaedia_14_85914_0.npy,17,b025
segdb2,radiopaedia_14_85914_0_z0073,radiopaedia_14_85914_0,radiopaedia_14_85914_0,73,fitting,radiopaedia_named,/kaggle/working/EviCT/cache/segdb2/images/radiopaedia_14_85914_0.npy,73,/kaggle/working/EviCT/cache/segdb2/valid/radiopaedia_14_85914_0.npy,/kaggle/working/EviCT/manifests/transforms/radiopaedia_14_85914_0.json,630x401x110,0.68359399x0.68359399x2,LAS,True,float16,336,336,/kaggle/working/EviCT/cache/segdb2/gt_vault/infection/radiopaedia_14_85914_0.npy,/kaggle/working/EviCT/cache/segdb2/gt_vault/lung/radiopaedia_14_85914_0.npy,17,b025
segdb2,radiopaedia_14_85914_0_z0074,radiopaedia_14_85914_0,radiopaedia_14_85914_0,74,fitting,radiopaedia_named,/kaggle/working/EviCT/cache/segdb2/images/radiopaedia_14_85914_0.npy,74,/kaggle/working/EviCT/cache/segdb2/valid/radiopaedia_14_85914_0.npy,/kaggle/working/EviCT/manifests/transforms/radiopaedia_14_85914_0.json,630x401x110,0.68359399x0.68359399x2,LAS,True,float16,336,336,/kaggle/working/EviCT/cache/segdb2/gt_vault/infection/radiopaedia_14_85914_0.npy,/kaggle/working/EviCT/cache/segdb2/gt_vault/lung/radiopaedia_14_85914_0.npy,17,b025
segdb2,radiopaedia_14_85914_0_z0075,radiopaedia_14_85914_0,radiopaedia_14_85914_0,75,fitting,radiopaedia_named,/kaggle/working/EviCT/cache/segdb2/images/radiopaedia_14_85914_0.npy,75,/kaggle/working/EviCT/cache/segdb2/valid/radiopaedia_14_85914_0.npy,/kaggle/working/EviCT/manifests/transforms/radiopaedia_14_85914_0.json,630x401x110,0.68359399x0.68359399x2,LAS,True,float16,336,336,/kaggle/working/EviCT/cache/segdb2/gt_vault/infection/radiopaedia_14_85914_0.npy,/kaggle/working/EviCT/cache/segdb2/gt_vault/lung/radiopaedia_14_85914_0.npy,17,b025
segdb2,radiopaedia_14_85914_0_z0076,radiopaedia_14_85914_0,radiopaedia_14_85914_0,76,fitting,radiopaedia_named,/kaggle/working/EviCT/cache/segdb2/images/radiopaedia_14_85914_0.npy,76,/kaggle/working/EviCT/cache/segdb2/valid/radiopaedia_14_85914_0.npy,/kaggle/working/EviCT/manifests/transforms/radiopaedia_14_85914_0.json,630x401x110,0.68359399x0.68359399x2,LAS,True,float16,336,336,/kaggle/working/EviCT/cache/segdb2/gt_vault/infection/radiopaedia_14_85914_0.npy,/kaggle/working/EviCT/cache/segdb2/gt_vault/lung/radiopaedia_14_85914_0.npy,17,b025
segdb2,radiopaedia_14_85914_0_z0077,radiopaedia_14_85914_0,radiopaedia_14_85914_0,77,fitting,radiopaedia_named,/kaggle/working/EviCT/cache/segdb2/images/radiopaedia_14_85914_0.npy,77,/kaggle/working/EviCT/cache/segdb2/valid/radiopaedia_14_85914_0.npy,/kaggle/working/EviCT/manifests/transforms/radiopaedia_14_85914_0.json,630x401x110,0.68359399x0.68359399x2,LAS,True,float16,336,336,/kaggle/working/EviCT/cache/segdb2/gt_vault/infection/radiopaedia_14_85914_0.npy,/kaggle/working/EviCT/cache/segdb2/gt_vault/lung/radiopaedia_14_85914_0.npy,17,b025
segdb2,radiopaedia_14_85914_0_z0078,radiopaedia_14_85914_0,radiopaedia_14_85914_0,78,fitting,radiopaedia_named,/kaggle/working/EviCT/cache/segdb2/images/radiopaedia_14_85914_0.npy,78,/kaggle/working/EviCT/cache/segdb2/valid/radiopaedia_14_85914_0.npy,/kaggle/working/EviCT/manifests/transforms/radiopaedia_14_85914_0.json,630x401x110,0.68359399x0.68359399x2,LAS,True,float16,336,336,/kaggle/working/EviCT/cache/segdb2/gt_vault/infection/radiopaedia_14_85914_0.npy,/kaggle/working/EviCT/cache/segdb2/gt_vault/lung/radiopaedia_14_85914_0.npy,17,b025
segdb2,radiopaedia_14_85914_0_z0079,radiopaedia_14_85914_0,radiopaedia_14_85914_0,79,fitting,radiopaedia_named,/kaggle/working/EviCT/cache/segdb2/images/radiopaedia_14_85914_0.npy,79,/kaggle/working/EviCT/cache/segdb2/valid/radiopaedia_14_85914_0.npy,/kaggle/working/EviCT/manifests/transforms/radiopaedia_14_85914_0.json,630x401x110,0.68359399x0.68359399x2,LAS,True,float16,336,336,/kaggle/working/EviCT/cache/segdb2/gt_vault/infection/radiopaedia_14_85914_0.npy,/kaggle/working/EviCT/cache/segdb2/gt_vault/lung/radiopaedia_14_85914_0.npy,17,b025
segdb2,radiopaedia_14_85914_0_z0080,radiopaedia_14_85914_0,radiopaedia_14_85914_0,80,fitting,radiopaedia_named,/kaggle/working/EviCT/cache/segdb2/images/radiopaedia_14_85914_0.npy,80,/kaggle/working/EviCT/cache/segdb2/valid/radiopaedia_14_85914_0.npy,/kaggle/working/EviCT/manifests/transforms/radiopaedia_14_85914_0.json,630x401x110,0.68359399x0.68359399x2,LAS,True,float16,336,336,/kaggle/working/EviCT/cache/segdb2/gt_vault/infection/radiopaedia_14_85914_0.npy,/kaggle/working/EviCT/cache/segdb2/gt_vault/lung/radiopaedia_14_85914_0.npy,17,b025
segdb2,radiopaedia_14_85914_0_z0081,radiopaedia_14_85914_0,radiopaedia_14_85914_0,81,fitting,radiopaedia_named,/kaggle/working/EviCT/cache/segdb2/images/radiopaedia_14_85914_0.npy,81,/kaggle/working/EviCT/cache/segdb2/valid/radiopaedia_14_85914_0.npy,/kaggle/working/EviCT/manifests/transforms/radiopaedia_14_85914_0.json,630x401x110,0.68359399x0.68359399x2,LAS,True,float16,336,336,/kaggle/working/EviCT/cache/segdb2/gt_vault/infection/radiopaedia_14_85914_0.npy,/kaggle/working/EviCT/cache/segdb2/gt_vault/lung/radiopaedia_14_85914_0.npy,17,b025
segdb2,radiopaedia_14_85914_0_z0082,radiopaedia_14_85914_0,radiopaedia_14_85914_0,82,fitting,radiopaedia_named,/kaggle/working/EviCT/cache/segdb2/images/radiopaedia_14_85914_0.npy,82,/kaggle/working/EviCT/cache/segdb2/valid/radiopaedia_14_85914_0.npy,/kaggle/working/EviCT/manifests/transforms/radiopaedia_14_85914_0.json,630x401x110,0.68359399x0.68359399x2,LAS,True,float16,336,336,/kaggle/working/EviCT/cache/segdb2/gt_vault/infection/radiopaedia_14_85914_0.npy,/kaggle/working/EviCT/cache/segdb2/gt_vault/lung/radiopaedia_14_85914_0.npy,17,b025
segdb2,radiopaedia_14_85914_0_z0083,radiopaedia_14_85914_0,radiopaedia_14_85914_0,83,fitting,radiopaedia_named,/kaggle/working/EviCT/cache/segdb2/images/radiopaedia_14_85914_0.npy,83,/kaggle/working/EviCT/cache/segdb2/valid/radiopaedia_14_85914_0.npy,/kaggle/working/EviCT/manifests/transforms/radiopaedia_14_85914_0.json,630x401x110,0.68359399x0.68359399x2,LAS,True,float16,336,336,/kaggle/working/EviCT/cache/segdb2/gt_vault/infection/radiopaedia_14_85914_0.npy,/kaggle/working/EviCT/cache/segdb2/gt_vault/lung/radiopaedia_14_85914_0.npy,17,b025
segdb2,radiopaedia_14_85914_0_z0084,radiopaedia_14_85914_0,radiopaedia_14_85914_0,84,fitting,radiopaedia_named,/kaggle/working/EviCT/cache/segdb2/images/radiopaedia_14_85914_0.npy,84,/kaggle/working/EviCT/cache/segdb2/valid/radiopaedia_14_85914_0.npy,/kaggle/working/EviCT/manifests/transforms/radiopaedia_14_85914_0.json,630x401x110,0.68359399x0.68359399x2,LAS,True,float16,336,336,/kaggle/working/EviCT/cache/segdb2/gt_vault/infection/radiopaedia_14_85914_0.npy,/kaggle/working/EviCT/cache/segdb2/gt_vault/lung/radiopaedia_14_85914_0.npy,17,b025
segdb2,radiopaedia_14_85914_0_z0085,radiopaedia_14_85914_0,radiopaedia_14_85914_0,85,fitting,radiopaedia_named,/kaggle/working/EviCT/cache/segdb2/images/radiopaedia_14_85914_0.npy,85,/kaggle/working/EviCT/cache/segdb2/valid/radiopaedia_14_85914_0.npy,/kaggle/working/EviCT/manifests/transforms/radiopaedia_14_85914_0.json,630x401x110,0.68359399x0.68359399x2,LAS,True,float16,336,336,/kaggle/working/EviCT/cache/segdb2/gt_vault/infection/radiopaedia_14_85914_0.npy,/kaggle/working/EviCT/cache/segdb2/gt_vault/lung/radiopaedia_14_85914_0.npy,17,b025
segdb2,radiopaedia_14_85914_0_z0086,radiopaedia_14_85914_0,radiopaedia_14_85914_0,86,fitting,radiopaedia_named,/kaggle/working/EviCT/cache/segdb2/images/radiopaedia_14_85914_0.npy,86,/kaggle/working/EviCT/cache/segdb2/valid/radiopaedia_14_85914_0.npy,/kaggle/working/EviCT/manifests/transforms/radiopaedia_14_85914_0.json,630x401x110,0.68359399x0.68359399x2,LAS,True,float16,336,336,/kaggle/working/EviCT/cache/segdb2/gt_vault/infection/radiopaedia_14_85914_0.npy,/kaggle/working/EviCT/cache/segdb2/gt_vault/lung/radiopaedia_14_85914_0.npy,17,b025
segdb2,radiopaedia_14_85914_0_z0087,radiopaedia_14_85914_0,radiopaedia_14_85914_0,87,fitting,radiopaedia_named,/kaggle/working/EviCT/cache/segdb2/images/radiopaedia_14_85914_0.npy,87,/kaggle/working/EviCT/cache/segdb2/valid/radiopaedia_14_85914_0.npy,/kaggle/working/EviCT/manifests/transforms/radiopaedia_14_85914_0.json,630x401x110,0.68359399x0.68359399x2,LAS,True,float16,336,336,/kaggle/working/EviCT/cache/segdb2/gt_vault/infection/radiopaedia_14_85914_0.npy,/kaggle/working/EviCT/cache/segdb2/gt_vault/lung/radiopaedia_14_85914_0.npy,17,b025
segdb2,radiopaedia_14_85914_0_z0088,radiopaedia_14_85914_0,radiopaedia_14_85914_0,88,fitting,radiopaedia_named,/kaggle/working/EviCT/cache/segdb2/images/radiopaedia_14_85914_0.npy,88,/kaggle/working/EviCT/cache/segdb2/valid/radiopaedia_14_85914_0.npy,/kaggle/working/EviCT/manifests/transforms/radiopaedia_14_85914_0.json,630x401x110,0.68359399x0.68359399x2,LAS,True,float16,336,336,/kaggle/working/EviCT/cache/segdb2/gt_vault/infection/radiopaedia_14_85914_0.npy,/kaggle/working/EviCT/cache/segdb2/gt_vault/lung/radiopaedia_14_85914_0.npy,17,b025
segdb2,radiopaedia_14_85914_0_z0089,radiopaedia_14_85914_0,radiopaedia_14_85914_0,89,fitting,radiopaedia_named,/kaggle/working/EviCT/cache/segdb2/images/radiopaedia_14_85914_0.npy,89,/kaggle/working/EviCT/cache/segdb2/valid/radiopaedia_14_85914_0.npy,/kaggle/working/EviCT/manifests/transforms/radiopaedia_14_85914_0.json,630x401x110,0.68359399x0.68359399x2,LAS,True,float16,336,336,/kaggle/working/EviCT/cache/segdb2/gt_vault/infection/radiopaedia_14_85914_0.npy,/kaggle/working/EviCT/cache/segdb2/gt_vault/lung/radiopaedia_14_85914_0.npy,17,b025
segdb2,radiopaedia_14_85914_0_z0090,radiopaedia_14_85914_0,radiopaedia_14_85914_0,90,fitting,radiopaedia_named,/kaggle/working/EviCT/cache/segdb2/images/radiopaedia_14_85914_0.npy,90,/kaggle/working/EviCT/cache/segdb2/valid/radiopaedia_14_85914_0.npy,/kaggle/working/EviCT/manifests/transforms/radiopaedia_14_85914_0.json,630x401x110,0.68359399x0.68359399x2,LAS,True,float16,336,336,/kaggle/working/EviCT/cache/segdb2/gt_vault/infection/radiopaedia_14_85914_0.npy,/kaggle/working/EviCT/cache/segdb2/gt_vault/lung/radiopaedia_14_85914_0.npy,17,b025
segdb2,radiopaedia_14_85914_0_z0091,radiopaedia_14_85914_0,radiopaedia_14_85914_0,91,fitting,radiopaedia_named,/kaggle/working/EviCT/cache/segdb2/images/radiopaedia_14_85914_0.npy,91,/kaggle/working/EviCT/cache/segdb2/valid/radiopaedia_14_85914_0.npy,/kaggle/working/EviCT/manifests/transforms/radiopaedia_14_85914_0.json,630x401x110,0.68359399x0.68359399x2,LAS,True,float16,336,336,/kaggle/working/EviCT/cache/segdb2/gt_vault/infection/radiopaedia_14_85914_0.npy,/kaggle/working/EviCT/cache/segdb2/gt_vault/lung/radiopaedia_14_85914_0.npy,17,b025
segdb2,radiopaedia_14_85914_0_z0092,radiopaedia_14_85914_0,radiopaedia_14_85914_0,92,fitting,radiopaedia_named,/kaggle/working/EviCT/cache/segdb2/images/radiopaedia_14_85914_0.npy,92,/kaggle/working/EviCT/cache/segdb2/valid/radiopaedia_14_85914_0.npy,/kaggle/working/EviCT/manifests/transforms/radiopaedia_14_85914_0.json,630x401x110,0.68359399x0.68359399x2,LAS,True,float16,336,336,/kaggle/working/EviCT/cache/segdb2/gt_vault/infection/radiopaedia_14_85914_0.npy,/kaggle/working/EviCT/cache/segdb2/gt_vault/lung/radiopaedia_14_85914_0.npy,17,b025
segdb2,radiopaedia_14_85914_0_z0093,radiopaedia_14_85914_0,radiopaedia_14_85914_0,93,fitting,radiopaedia_named,/kaggle/working/EviCT/cache/segdb2/images/radiopaedia_14_85914_0.npy,93,/kaggle/working/EviCT/cache/segdb2/valid/radiopaedia_14_85914_0.npy,/kaggle/working/EviCT/manifests/transforms/radiopaedia_14_85914_0.json,630x401x110,0.68359399x0.68359399x2,LAS,True,float16,336,336,/kaggle/working/EviCT/cache/segdb2/gt_vault/infection/radiopaedia_14_85914_0.npy,/kaggle/working/EviCT/cache/segdb2/gt_vault/lung/radiopaedia_14_85914_0.npy,17,b025
segdb2,radiopaedia_14_85914_0_z0094,radiopaedia_14_85914_0,radiopaedia_14_85914_0,94,fitting,radiopaedia_named,/kaggle/working/EviCT/cache/segdb2/images/radiopaedia_14_85914_0.npy,94,/kaggle/working/EviCT/cache/segdb2/valid/radiopaedia_14_85914_0.npy,/kaggle/working/EviCT/manifests/transforms/radiopaedia_14_85914_0.json,630x401x110,0.68359399x0.68359399x2,LAS,True,float16,336,336,/kaggle/working/EviCT/cache/segdb2/gt_vault/infection/radiopaedia_14_85914_0.npy,/kaggle/working/EviCT/cache/segdb2/gt_vault/lung/radiopaedia_14_85914_0.npy,17,b025
segdb2,radiopaedia_14_85914_0_z0095,radiopaedia_14_85914_0,radiopaedia_14_85914_0,95,fitting,radiopaedia_named,/kaggle/working/EviCT/cache/segdb2/images/radiopaedia_14_85914_0.npy,95,/kaggle/working/EviCT/cache/segdb2/valid/radiopaedia_14_85914_0.npy,/kaggle/working/EviCT/manifests/transforms/radiopaedia_14_85914_0.json,630x401x110,0.68359399x0.68359399x2,LAS,True,float16,336,336,/kaggle/working/EviCT/cache/segdb2/gt_vault/infection/radiopaedia_14_85914_0.npy,/kaggle/working/EviCT/cache/segdb2/gt_vault/lung/radiopaedia_14_85914_0.npy,17,b025
segdb2,radiopaedia_14_85914_0_z0096,radiopaedia_14_85914_0,radiopaedia_14_85914_0,96,fitting,radiopaedia_named,/kaggle/working/EviCT/cache/segdb2/images/radiopaedia_14_85914_0.npy,96,/kaggle/working/EviCT/cache/segdb2/valid/radiopaedia_14_85914_0.npy,/kaggle/working/EviCT/manifests/transforms/radiopaedia_14_85914_0.json,630x401x110,0.68359399x0.68359399x2,LAS,True,float16,336,336,/kaggle/working/EviCT/cache/segdb2/gt_vault/infection/radiopaedia_14_85914_0.npy,/kaggle/working/EviCT/cache/segdb2/gt_vault/lung/radiopaedia_14_85914_0.npy,17,b025
segdb2,radiopaedia_14_85914_0_z0097,radiopaedia_14_85914_0,radiopaedia_14_85914_0,97,fitting,radiopaedia_named,/kaggle/working/EviCT/cache/segdb2/images/radiopaedia_14_85914_0.npy,97,/kaggle/working/EviCT/cache/segdb2/valid/radiopaedia_14_85914_0.npy,/kaggle/working/EviCT/manifests/transforms/radiopaedia_14_85914_0.json,630x401x110,0.68359399x0.68359399x2,LAS,True,float16,336,336,/kaggle/working/EviCT/cache/segdb2/gt_vault/infection/radiopaedia_14_85914_0.npy,/kaggle/working/EviCT/cache/segdb2/gt_vault/lung/radiopaedia_14_85914_0.npy,17,b025
segdb2,radiopaedia_14_85914_0_z0098,radiopaedia_14_85914_0,radiopaedia_14_85914_0,98,fitting,radiopaedia_named,/kaggle/working/EviCT/cache/segdb2/images/radiopaedia_14_85914_0.npy,98,/kaggle/working/EviCT/cache/segdb2/valid/radiopaedia_14_85914_0.npy,/kaggle/working/EviCT/manifests/transforms/radiopaedia_14_85914_0.json,630x401x110,0.68359399x0.68359399x2,LAS,True,float16,336,336,/kaggle/working/EviCT/cache/segdb2/gt_vault/infection/radiopaedia_14_85914_0.npy,/kaggle/working/EviCT/cache/segdb2/gt_vault/lung/radiopaedia_14_85914_0.npy,17,b025
segdb2,radiopaedia_14_85914_0_z0099,radiopaedia_14_85914_0,radiopaedia_14_85914_0,99,fitting,radiopaedia_named,/kaggle/working/EviCT/cache/segdb2/images/radiopaedia_14_85914_0.npy,99,/kaggle/working/EviCT/cache/segdb2/valid/radiopaedia_14_85914_0.npy,/kaggle/working/EviCT/manifests/transforms/radiopaedia_14_85914_0.json,630x401x110,0.68359399x0.68359399x2,LAS,True,float16,336,336,/kaggle/working/EviCT/cache/segdb2/gt_vault/infection/radiopaedia_14_85914_0.npy,/kaggle/working/EviCT/cache/segdb2/gt_vault/lung/radiopaedia_14_85914_0.npy,17,b025
segdb2,radiopaedia_14_85914_0_z0100,radiopaedia_14_85914_0,radiopaedia_14_85914_0,100,fitting,radiopaedia_named,/kaggle/working/EviCT/cache/segdb2/images/radiopaedia_14_85914_0.npy,100,/kaggle/working/EviCT/cache/segdb2/valid/radiopaedia_14_85914_0.npy,/kaggle/working/EviCT/manifests/transforms/radiopaedia_14_85914_0.json,630x401x110,0.68359399x0.68359399x2,LAS,True,float16,336,336,/kaggle/working/EviCT/cache/segdb2/gt_vault/infection/radiopaedia_14_85914_0.npy,/kaggle/working/EviCT/cache/segdb2/gt_vault/lung/radiopaedia_14_85914_0.npy,17,b025
segdb2,radiopaedia_14_85914_0_z0101,radiopaedia_14_85914_0,radiopaedia_14_85914_0,101,fitting,radiopaedia_named,/kaggle/working/EviCT/cache/segdb2/images/radiopaedia_14_85914_0.npy,101,/kaggle/working/EviCT/cache/segdb2/valid/radiopaedia_14_85914_0.npy,/kaggle/working/EviCT/manifests/transforms/radiopaedia_14_85914_0.json,630x401x110,0.68359399x0.68359399x2,LAS,True,float16,336,336,/kaggle/working/EviCT/cache/segdb2/gt_vault/infection/radiopaedia_14_85914_0.npy,/kaggle/working/EviCT/cache/segdb2/gt_vault/lung/radiopaedia_14_85914_0.npy,17,b025
segdb2,radiopaedia_14_85914_0_z0102,radiopaedia_14_85914_0,radiopaedia_14_85914_0,102,fitting,radiopaedia_named,/kaggle/working/EviCT/cache/segdb2/images/radiopaedia_14_85914_0.npy,102,/kaggle/working/EviCT/cache/segdb2/valid/radiopaedia_14_85914_0.npy,/kaggle/working/EviCT/manifests/transforms/radiopaedia_14_85914_0.json,630x401x110,0.68359399x0.68359399x2,LAS,True,float16,336,336,/kaggle/working/EviCT/cache/segdb2/gt_vault/infection/radiopaedia_14_85914_0.npy,/kaggle/working/EviCT/cache/segdb2/gt_vault/lung/radiopaedia_14_85914_0.npy,17,b025
segdb2,radiopaedia_14_85914_0_z0103,radiopaedia_14_85914_0,radiopaedia_14_85914_0,103,fitting,radiopaedia_named,/kaggle/working/EviCT/cache/segdb2/images/radiopaedia_14_85914_0.npy,103,/kaggle/working/EviCT/cache/segdb2/valid/radiopaedia_14_85914_0.npy,/kaggle/working/EviCT/manifests/transforms/radiopaedia_14_85914_0.json,630x401x110,0.68359399x0.68359399x2,LAS,True,float16,336,336,/kaggle/working/EviCT/cache/segdb2/gt_vault/infection/radiopaedia_14_85914_0.npy,/kaggle/working/EviCT/cache/segdb2/gt_vault/lung/radiopaedia_14_85914_0.npy,17,b025
segdb2,radiopaedia_14_85914_0_z0104,radiopaedia_14_85914_0,radiopaedia_14_85914_0,104,fitting,radiopaedia_named,/kaggle/working/EviCT/cache/segdb2/images/radiopaedia_14_85914_0.npy,104,/kaggle/working/EviCT/cache/segdb2/valid/radiopaedia_14_85914_0.npy,/kaggle/working/EviCT/manifests/transforms/radiopaedia_14_85914_0.json,630x401x110,0.68359399x0.68359399x2,LAS,True,float16,336,336,/kaggle/working/EviCT/cache/segdb2/gt_vault/infection/radiopaedia_14_85914_0.npy,/kaggle/working/EviCT/cache/segdb2/gt_vault/lung/radiopaedia_14_85914_0.npy,17,b025
segdb2,radiopaedia_14_85914_0_z0105,radiopaedia_14_85914_0,radiopaedia_14_85914_0,105,fitting,radiopaedia_named,/kaggle/working/EviCT/cache/segdb2/images/radiopaedia_14_85914_0.npy,105,/kaggle/working/EviCT/cache/segdb2/valid/radiopaedia_14_85914_0.npy,/kaggle/working/EviCT/manifests/transforms/radiopaedia_14_85914_0.json,630x401x110,0.68359399x0.68359399x2,LAS,True,float16,336,336,/kaggle/working/EviCT/cache/segdb2/gt_vault/infection/radiopaedia_14_85914_0.npy,/kaggle/working/EviCT/cache/segdb2/gt_vault/lung/radiopaedia_14_85914_0.npy,17,b025
segdb2,radiopaedia_14_85914_0_z0106,radiopaedia_14_85914_0,radiopaedia_14_85914_0,106,fitting,radiopaedia_named,/kaggle/working/EviCT/cache/segdb2/images/radiopaedia_14_85914_0.npy,106,/kaggle/working/EviCT/cache/segdb2/valid/radiopaedia_14_85914_0.npy,/kaggle/working/EviCT/manifests/transforms/radiopaedia_14_85914_0.json,630x401x110,0.68359399x0.68359399x2,LAS,True,float16,336,336,/kaggle/working/EviCT/cache/segdb2/gt_vault/infection/radiopaedia_14_85914_0.npy,/kaggle/working/EviCT/cache/segdb2/gt_vault/lung/radiopaedia_14_85914_0.npy,17,b025
segdb2,radiopaedia_14_85914_0_z0107,radiopaedia_14_85914_0,radiopaedia_14_85914_0,107,fitting,radiopaedia_named,/kaggle/working/EviCT/cache/segdb2/images/radiopaedia_14_85914_0.npy,107,/kaggle/working/EviCT/cache/segdb2/valid/radiopaedia_14_85914_0.npy,/kaggle/working/EviCT/manifests/transforms/radiopaedia_14_85914_0.json,630x401x110,0.68359399x0.68359399x2,LAS,True,float16,336,336,/kaggle/working/EviCT/cache/segdb2/gt_vault/infection/radiopaedia_14_85914_0.npy,/kaggle/working/EviCT/cache/segdb2/gt_vault/lung/radiopaedia_14_85914_0.npy,17,b025
segdb2,radiopaedia_14_85914_0_z0108,radiopaedia_14_85914_0,radiopaedia_14_85914_0,108,fitting,radiopaedia_named,/kaggle/working/EviCT/cache/segdb2/images/radiopaedia_14_85914_0.npy,108,/kaggle/working/EviCT/cache/segdb2/valid/radiopaedia_14_85914_0.npy,/kaggle/working/EviCT/manifests/transforms/radiopaedia_14_85914_0.json,630x401x110,0.68359399x0.68359399x2,LAS,True,float16,336,336,/kaggle/working/EviCT/cache/segdb2/gt_vault/infection/radiopaedia_14_85914_0.npy,/kaggle/working/EviCT/cache/segdb2/gt_vault/lung/radiopaedia_14_85914_0.npy,17,b025
segdb2,radiopaedia_14_85914_0_z0109,radiopaedia_14_85914_0,radiopaedia_14_85914_0,109,fitting,radiopaedia_named,/kaggle/working/EviCT/cache/segdb2/images/radiopaedia_14_85914_0.npy,109,/kaggle/working/EviCT/cache/segdb2/valid/radiopaedia_14_85914_0.npy,/kaggle/working/EviCT/manifests/transforms/radiopaedia_14_85914_0.json,630x401x110,0.68359399x0.68359399x2,LAS,True,float16,336,336,/kaggle/working/EviCT/cache/segdb2/gt_vault/infection/radiopaedia_14_85914_0.npy,/kaggle/working/EviCT/cache/segdb2/gt_vault/lung/radiopaedia_14_85914_0.npy,17,b025
segdb2,radiopaedia_29_86491_1_z0000,radiopaedia_29_86491_1,radiopaedia_29_86491_1,0,fitting,radiopaedia_named,/kaggle/working/EviCT/cache/segdb2/images/radiopaedia_29_86491_1.npy,0,/kaggle/working/EviCT/cache/segdb2/valid/radiopaedia_29_86491_1.npy,/kaggle/working/EviCT/manifests/transforms/radiopaedia_29_86491_1.json,630x630x42,0.68359399x0.68359399x6,LAS,True,float16,336,336,/kaggle/working/EviCT/cache/segdb2/gt_vault/infection/radiopaedia_29_86491_1.npy,/kaggle/working/EviCT/cache/segdb2/gt_vault/lung/radiopaedia_29_86491_1.npy,17,b025
segdb2,radiopaedia_29_86491_1_z0001,radiopaedia_29_86491_1,radiopaedia_29_86491_1,1,fitting,radiopaedia_named,/kaggle/working/EviCT/cache/segdb2/images/radiopaedia_29_86491_1.npy,1,/kaggle/working/EviCT/cache/segdb2/valid/radiopaedia_29_86491_1.npy,/kaggle/working/EviCT/manifests/transforms/radiopaedia_29_86491_1.json,630x630x42,0.68359399x0.68359399x6,LAS,True,float16,336,336,/kaggle/working/EviCT/cache/segdb2/gt_vault/infection/radiopaedia_29_86491_1.npy,/kaggle/working/EviCT/cache/segdb2/gt_vault/lung/radiopaedia_29_86491_1.npy,17,b025
segdb2,radiopaedia_29_86491_1_z0002,radiopaedia_29_86491_1,radiopaedia_29_86491_1,2,fitting,radiopaedia_named,/kaggle/working/EviCT/cache/segdb2/images/radiopaedia_29_86491_1.npy,2,/kaggle/working/EviCT/cache/segdb2/valid/radiopaedia_29_86491_1.npy,/kaggle/working/EviCT/manifests/transforms/radiopaedia_29_86491_1.json,630x630x42,0.68359399x0.68359399x6,LAS,True,float16,336,336,/kaggle/working/EviCT/cache/segdb2/gt_vault/infection/radiopaedia_29_86491_1.npy,/kaggle/working/EviCT/cache/segdb2/gt_vault/lung/radiopaedia_29_86491_1.npy,17,b025
segdb2,radiopaedia_29_86491_1_z0003,radiopaedia_29_86491_1,radiopaedia_29_86491_1,3,fitting,radiopaedia_named,/kaggle/working/EviCT/cache/segdb2/images/radiopaedia_29_86491_1.npy,3,/kaggle/working/EviCT/cache/segdb2/valid/radiopaedia_29_86491_1.npy,/kaggle/working/EviCT/manifests/transforms/radiopaedia_29_86491_1.json,630x630x42,0.68359399x0.68359399x6,LAS,True,float16,336,336,/kaggle/working/EviCT/cache/segdb2/gt_vault/infection/radiopaedia_29_86491_1.npy,/kaggle/working/EviCT/cache/segdb2/gt_vault/lung/radiopaedia_29_86491_1.npy,17,b025
segdb2,radiopaedia_29_86491_1_z0004,radiopaedia_29_86491_1,radiopaedia_29_86491_1,4,fitting,radiopaedia_named,/kaggle/working/EviCT/cache/segdb2/images/radiopaedia_29_86491_1.npy,4,/kaggle/working/EviCT/cache/segdb2/valid/radiopaedia_29_86491_1.npy,/kaggle/working/EviCT/manifests/transforms/radiopaedia_29_86491_1.json,630x630x42,0.68359399x0.68359399x6,LAS,True,float16,336,336,/kaggle/working/EviCT/cache/segdb2/gt_vault/infection/radiopaedia_29_86491_1.npy,/kaggle/working/EviCT/cache/segdb2/gt_vault/lung/radiopaedia_29_86491_1.npy,17,b025
segdb2,radiopaedia_29_86491_1_z0005,radiopaedia_29_86491_1,radiopaedia_29_86491_1,5,fitting,radiopaedia_named,/kaggle/working/EviCT/cache/segdb2/images/radiopaedia_29_86491_1.npy,5,/kaggle/working/EviCT/cache/segdb2/valid/radiopaedia_29_86491_1.npy,/kaggle/working/EviCT/manifests/transforms/radiopaedia_29_86491_1.json,630x630x42,0.68359399x0.68359399x6,LAS,True,float16,336,336,/kaggle/working/EviCT/cache/segdb2/gt_vault/infection/radiopaedia_29_86491_1.npy,/kaggle/working/EviCT/cache/segdb2/gt_vault/lung/radiopaedia_29_86491_1.npy,17,b025
segdb2,radiopaedia_29_86491_1_z0006,radiopaedia_29_86491_1,radiopaedia_29_86491_1,6,fitting,radiopaedia_named,/kaggle/working/EviCT/cache/segdb2/images/radiopaedia_29_86491_1.npy,6,/kaggle/working/EviCT/cache/segdb2/valid/radiopaedia_29_86491_1.npy,/kaggle/working/EviCT/manifests/transforms/radiopaedia_29_86491_1.json,630x630x42,0.68359399x0.68359399x6,LAS,True,float16,336,336,/kaggle/working/EviCT/cache/segdb2/gt_vault/infection/radiopaedia_29_86491_1.npy,/kaggle/working/EviCT/cache/segdb2/gt_vault/lung/radiopaedia_29_86491_1.npy,17,b025
segdb2,radiopaedia_29_86491_1_z0007,radiopaedia_29_86491_1,radiopaedia_29_86491_1,7,fitting,radiopaedia_named,/kaggle/working/EviCT/cache/segdb2/images/radiopaedia_29_86491_1.npy,7,/kaggle/working/EviCT/cache/segdb2/valid/radiopaedia_29_86491_1.npy,/kaggle/working/EviCT/manifests/transforms/radiopaedia_29_86491_1.json,630x630x42,0.68359399x0.68359399x6,LAS,True,float16,336,336,/kaggle/working/EviCT/cache/segdb2/gt_vault/infection/radiopaedia_29_86491_1.npy,/kaggle/working/EviCT/cache/segdb2/gt_vault/lung/radiopaedia_29_86491_1.npy,17,b025
segdb2,radiopaedia_29_86491_1_z0008,radiopaedia_29_86491_1,radiopaedia_29_86491_1,8,fitting,radiopaedia_named,/kaggle/working/EviCT/cache/segdb2/images/radiopaedia_29_86491_1.npy,8,/kaggle/working/EviCT/cache/segdb2/valid/radiopaedia_29_86491_1.npy,/kaggle/working/EviCT/manifests/transforms/radiopaedia_29_86491_1.json,630x630x42,0.68359399x0.68359399x6,LAS,True,float16,336,336,/kaggle/working/EviCT/cache/segdb2/gt_vault/infection/radiopaedia_29_86491_1.npy,/kaggle/working/EviCT/cache/segdb2/gt_vault/lung/radiopaedia_29_86491_1.npy,17,b025
segdb2,radiopaedia_29_86491_1_z0009,radiopaedia_29_86491_1,radiopaedia_29_86491_1,9,fitting,radiopaedia_named,/kaggle/working/EviCT/cache/segdb2/images/radiopaedia_29_86491_1.npy,9,/kaggle/working/EviCT/cache/segdb2/valid/radiopaedia_29_86491_1.npy,/kaggle/working/EviCT/manifests/transforms/radiopaedia_29_86491_1.json,630x630x42,0.68359399x0.68359399x6,LAS,True,float16,336,336,/kaggle/working/EviCT/cache/segdb2/gt_vault/infection/radiopaedia_29_86491_1.npy,/kaggle/working/EviCT/cache/segdb2/gt_vault/lung/radiopaedia_29_86491_1.npy,17,b025
segdb2,radiopaedia_29_86491_1_z0010,radiopaedia_29_86491_1,radiopaedia_29_86491_1,10,fitting,radiopaedia_named,/kaggle/working/EviCT/cache/segdb2/images/radiopaedia_29_86491_1.npy,10,/kaggle/working/EviCT/cache/segdb2/valid/radiopaedia_29_86491_1.npy,/kaggle/working/EviCT/manifests/transforms/radiopaedia_29_86491_1.json,630x630x42,0.68359399x0.68359399x6,LAS,True,float16,336,336,/kaggle/working/EviCT/cache/segdb2/gt_vault/infection/radiopaedia_29_86491_1.npy,/kaggle/working/EviCT/cache/segdb2/gt_vault/lung/radiopaedia_29_86491_1.npy,17,b025
segdb2,radiopaedia_29_86491_1_z0011,radiopaedia_29_86491_1,radiopaedia_29_86491_1,11,fitting,radiopaedia_named,/kaggle/working/EviCT/cache/segdb2/images/radiopaedia_29_86491_1.npy,11,/kaggle/working/EviCT/cache/segdb2/valid/radiopaedia_29_86491_1.npy,/kaggle/working/EviCT/manifests/transforms/radiopaedia_29_86491_1.json,630x630x42,0.68359399x0.68359399x6,LAS,True,float16,336,336,/kaggle/working/EviCT/cache/segdb2/gt_vault/infection/radiopaedia_29_86491_1.npy,/kaggle/working/EviCT/cache/segdb2/gt_vault/lung/radiopaedia_29_86491_1.npy,17,b025
segdb2,radiopaedia_29_86491_1_z0012,radiopaedia_29_86491_1,radiopaedia_29_86491_1,12,fitting,radiopaedia_named,/kaggle/working/EviCT/cache/segdb2/images/radiopaedia_29_86491_1.npy,12,/kaggle/working/EviCT/cache/segdb2/valid/radiopaedia_29_86491_1.npy,/kaggle/working/EviCT/manifests/transforms/radiopaedia_29_86491_1.json,630x630x42,0.68359399x0.68359399x6,LAS,True,float16,336,336,/kaggle/working/EviCT/cache/segdb2/gt_vault/infection/radiopaedia_29_86491_1.npy,/kaggle/working/EviCT/cache/segdb2/gt_vault/lung/radiopaedia_29_86491_1.npy,17,b025
segdb2,radiopaedia_29_86491_1_z0013,radiopaedia_29_86491_1,radiopaedia_29_86491_1,13,fitting,radiopaedia_named,/kaggle/working/EviCT/cache/segdb2/images/radiopaedia_29_86491_1.npy,13,/kaggle/working/EviCT/cache/segdb2/valid/radiopaedia_29_86491_1.npy,/kaggle/working/EviCT/manifests/transforms/radiopaedia_29_86491_1.json,630x630x42,0.68359399x0.68359399x6,LAS,True,float16,336,336,/kaggle/working/EviCT/cache/segdb2/gt_vault/infection/radiopaedia_29_86491_1.npy,/kaggle/working/EviCT/cache/segdb2/gt_vault/lung/radiopaedia_29_86491_1.npy,17,b025
segdb2,radiopaedia_29_86491_1_z0014,radiopaedia_29_86491_1,radiopaedia_29_86491_1,14,fitting,radiopaedia_named,/kaggle/working/EviCT/cache/segdb2/images/radiopaedia_29_86491_1.npy,14,/kaggle/working/EviCT/cache/segdb2/valid/radiopaedia_29_86491_1.npy,/kaggle/working/EviCT/manifests/transforms/radiopaedia_29_86491_1.json,630x630x42,0.68359399x0.68359399x6,LAS,True,float16,336,336,/kaggle/working/EviCT/cache/segdb2/gt_vault/infection/radiopaedia_29_86491_1.npy,/kaggle/working/EviCT/cache/segdb2/gt_vault/lung/radiopaedia_29_86491_1.npy,17,b025
segdb2,radiopaedia_29_86491_1_z0015,radiopaedia_29_86491_1,radiopaedia_29_86491_1,15,fitting,radiopaedia_named,/kaggle/working/EviCT/cache/segdb2/images/radiopaedia_29_86491_1.npy,15,/kaggle/working/EviCT/cache/segdb2/valid/radiopaedia_29_86491_1.npy,/kaggle/working/EviCT/manifests/transforms/radiopaedia_29_86491_1.json,630x630x42,0.68359399x0.68359399x6,LAS,True,float16,336,336,/kaggle/working/EviCT/cache/segdb2/gt_vault/infection/radiopaedia_29_86491_1.npy,/kaggle/working/EviCT/cache/segdb2/gt_vault/lung/radiopaedia_29_86491_1.npy,17,b025
segdb2,radiopaedia_29_86491_1_z0016,radiopaedia_29_86491_1,radiopaedia_29_86491_1,16,fitting,radiopaedia_named,/kaggle/working/EviCT/cache/segdb2/images/radiopaedia_29_86491_1.npy,16,/kaggle/working/EviCT/cache/segdb2/valid/radiopaedia_29_86491_1.npy,/kaggle/working/EviCT/manifests/transforms/radiopaedia_29_86491_1.json,630x630x42,0.68359399x0.68359399x6,LAS,True,float16,336,336,/kaggle/working/EviCT/cache/segdb2/gt_vault/infection/radiopaedia_29_86491_1.npy,/kaggle/working/EviCT/cache/segdb2/gt_vault/lung/radiopaedia_29_86491_1.npy,17,b025
segdb2,radiopaedia_29_86491_1_z0017,radiopaedia_29_86491_1,radiopaedia_29_86491_1,17,fitting,radiopaedia_named,/kaggle/working/EviCT/cache/segdb2/images/radiopaedia_29_86491_1.npy,17,/kaggle/working/EviCT/cache/segdb2/valid/radiopaedia_29_86491_1.npy,/kaggle/working/EviCT/manifests/transforms/radiopaedia_29_86491_1.json,630x630x42,0.68359399x0.68359399x6,LAS,True,float16,336,336,/kaggle/working/EviCT/cache/segdb2/gt_vault/infection/radiopaedia_29_86491_1.npy,/kaggle/working/EviCT/cache/segdb2/gt_vault/lung/radiopaedia_29_86491_1.npy,17,b025
segdb2,radiopaedia_29_86491_1_z0018,radiopaedia_29_86491_1,radiopaedia_29_86491_1,18,fitting,radiopaedia_named,/kaggle/working/EviCT/cache/segdb2/images/radiopaedia_29_86491_1.npy,18,/kaggle/working/EviCT/cache/segdb2/valid/radiopaedia_29_86491_1.npy,/kaggle/working/EviCT/manifests/transforms/radiopaedia_29_86491_1.json,630x630x42,0.68359399x0.68359399x6,LAS,True,float16,336,336,/kaggle/working/EviCT/cache/segdb2/gt_vault/infection/radiopaedia_29_86491_1.npy,/kaggle/working/EviCT/cache/segdb2/gt_vault/lung/radiopaedia_29_86491_1.npy,17,b025
segdb2,radiopaedia_29_86491_1_z0019,radiopaedia_29_86491_1,radiopaedia_29_86491_1,19,fitting,radiopaedia_named,/kaggle/working/EviCT/cache/segdb2/images/radiopaedia_29_86491_1.npy,19,/kaggle/working/EviCT/cache/segdb2/valid/radiopaedia_29_86491_1.npy,/kaggle/working/EviCT/manifests/transforms/radiopaedia_29_86491_1.json,630x630x42,0.68359399x0.68359399x6,LAS,True,float16,336,336,/kaggle/working/EviCT/cache/segdb2/gt_vault/infection/radiopaedia_29_86491_1.npy,/kaggle/working/EviCT/cache/segdb2/gt_vault/lung/radiopaedia_29_86491_1.npy,17,b025
segdb2,radiopaedia_29_86491_1_z0020,radiopaedia_29_86491_1,radiopaedia_29_86491_1,20,fitting,radiopaedia_named,/kaggle/working/EviCT/cache/segdb2/images/radiopaedia_29_86491_1.npy,20,/kaggle/working/EviCT/cache/segdb2/valid/radiopaedia_29_86491_1.npy,/kaggle/working/EviCT/manifests/transforms/radiopaedia_29_86491_1.json,630x630x42,0.68359399x0.68359399x6,LAS,True,float16,336,336,/kaggle/working/EviCT/cache/segdb2/gt_vault/infection/radiopaedia_29_86491_1.npy,/kaggle/working/EviCT/cache/segdb2/gt_vault/lung/radiopaedia_29_86491_1.npy,17,b025
segdb2,radiopaedia_29_86491_1_z0021,radiopaedia_29_86491_1,radiopaedia_29_86491_1,21,fitting,radiopaedia_named,/kaggle/working/EviCT/cache/segdb2/images/radiopaedia_29_86491_1.npy,21,/kaggle/working/EviCT/cache/segdb2/valid/radiopaedia_29_86491_1.npy,/kaggle/working/EviCT/manifests/transforms/radiopaedia_29_86491_1.json,630x630x42,0.68359399x0.68359399x6,LAS,True,float16,336,336,/kaggle/working/EviCT/cache/segdb2/gt_vault/infection/radiopaedia_29_86491_1.npy,/kaggle/working/EviCT/cache/segdb2/gt_vault/lung/radiopaedia_29_86491_1.npy,17,b025
segdb2,radiopaedia_29_86491_1_z0022,radiopaedia_29_86491_1,radiopaedia_29_86491_1,22,fitting,radiopaedia_named,/kaggle/working/EviCT/cache/segdb2/images/radiopaedia_29_86491_1.npy,22,/kaggle/working/EviCT/cache/segdb2/valid/radiopaedia_29_86491_1.npy,/kaggle/working/EviCT/manifests/transforms/radiopaedia_29_86491_1.json,630x630x42,0.68359399x0.68359399x6,LAS,True,float16,336,336,/kaggle/working/EviCT/cache/segdb2/gt_vault/infection/radiopaedia_29_86491_1.npy,/kaggle/working/EviCT/cache/segdb2/gt_vault/lung/radiopaedia_29_86491_1.npy,17,b025
segdb2,radiopaedia_29_86491_1_z0023,radiopaedia_29_86491_1,radiopaedia_29_86491_1,23,fitting,radiopaedia_named,/kaggle/working/EviCT/cache/segdb2/images/radiopaedia_29_86491_1.npy,23,/kaggle/working/EviCT/cache/segdb2/valid/radiopaedia_29_86491_1.npy,/kaggle/working/EviCT/manifests/transforms/radiopaedia_29_86491_1.json,630x630x42,0.68359399x0.68359399x6,LAS,True,float16,336,336,/kaggle/working/EviCT/cache/segdb2/gt_vault/infection/radiopaedia_29_86491_1.npy,/kaggle/working/EviCT/cache/segdb2/gt_vault/lung/radiopaedia_29_86491_1.npy,17,b025
segdb2,radiopaedia_29_86491_1_z0024,radiopaedia_29_86491_1,radiopaedia_29_86491_1,24,fitting,radiopaedia_named,/kaggle/working/EviCT/cache/segdb2/images/radiopaedia_29_86491_1.npy,24,/kaggle/working/EviCT/cache/segdb2/valid/radiopaedia_29_86491_1.npy,/kaggle/working/EviCT/manifests/transforms/radiopaedia_29_86491_1.json,630x630x42,0.68359399x0.68359399x6,LAS,True,float16,336,336,/kaggle/working/EviCT/cache/segdb2/gt_vault/infection/radiopaedia_29_86491_1.npy,/kaggle/working/EviCT/cache/segdb2/gt_vault/lung/radiopaedia_29_86491_1.npy,17,b025
segdb2,radiopaedia_29_86491_1_z0025,radiopaedia_29_86491_1,radiopaedia_29_86491_1,25,fitting,radiopaedia_named,/kaggle/working/EviCT/cache/segdb2/images/radiopaedia_29_86491_1.npy,25,/kaggle/working/EviCT/cache/segdb2/valid/radiopaedia_29_86491_1.npy,/kaggle/working/EviCT/manifests/transforms/radiopaedia_29_86491_1.json,630x630x42,0.68359399x0.68359399x6,LAS,True,float16,336,336,/kaggle/working/EviCT/cache/segdb2/gt_vault/infection/radiopaedia_29_86491_1.npy,/kaggle/working/EviCT/cache/segdb2/gt_vault/lung/radiopaedia_29_86491_1.npy,17,b025
segdb2,radiopaedia_29_86491_1_z0026,radiopaedia_29_86491_1,radiopaedia_29_86491_1,26,fitting,radiopaedia_named,/kaggle/working/EviCT/cache/segdb2/images/radiopaedia_29_86491_1.npy,26,/kaggle/working/EviCT/cache/segdb2/valid/radiopaedia_29_86491_1.npy,/kaggle/working/EviCT/manifests/transforms/radiopaedia_29_86491_1.json,630x630x42,0.68359399x0.68359399x6,LAS,True,float16,336,336,/kaggle/working/EviCT/cache/segdb2/gt_vault/infection/radiopaedia_29_86491_1.npy,/kaggle/working/EviCT/cache/segdb2/gt_vault/lung/radiopaedia_29_86491_1.npy,17,b025
segdb2,radiopaedia_29_86491_1_z0027,radiopaedia_29_86491_1,radiopaedia_29_86491_1,27,fitting,radiopaedia_named,/kaggle/working/EviCT/cache/segdb2/images/radiopaedia_29_86491_1.npy,27,/kaggle/working/EviCT/cache/segdb2/valid/radiopaedia_29_86491_1.npy,/kaggle/working/EviCT/manifests/transforms/radiopaedia_29_86491_1.json,630x630x42,0.68359399x0.68359399x6,LAS,True,float16,336,336,/kaggle/working/EviCT/cache/segdb2/gt_vault/infection/radiopaedia_29_86491_1.npy,/kaggle/working/EviCT/cache/segdb2/gt_vault/lung/radiopaedia_29_86491_1.npy,17,b025
segdb2,radiopaedia_29_86491_1_z0028,radiopaedia_29_86491_1,radiopaedia_29_86491_1,28,fitting,radiopaedia_named,/kaggle/working/EviCT/cache/segdb2/images/radiopaedia_29_86491_1.npy,28,/kaggle/working/EviCT/cache/segdb2/valid/radiopaedia_29_86491_1.npy,/kaggle/working/EviCT/manifests/transforms/radiopaedia_29_86491_1.json,630x630x42,0.68359399x0.68359399x6,LAS,True,float16,336,336,/kaggle/working/EviCT/cache/segdb2/gt_vault/infection/radiopaedia_29_86491_1.npy,/kaggle/working/EviCT/cache/segdb2/gt_vault/lung/radiopaedia_29_86491_1.npy,17,b025
segdb2,radiopaedia_29_86491_1_z0029,radiopaedia_29_86491_1,radiopaedia_29_86491_1,29,fitting,radiopaedia_named,/kaggle/working/EviCT/cache/segdb2/images/radiopaedia_29_86491_1.npy,29,/kaggle/working/EviCT/cache/segdb2/valid/radiopaedia_29_86491_1.npy,/kaggle/working/EviCT/manifests/transforms/radiopaedia_29_86491_1.json,630x630x42,0.68359399x0.68359399x6,LAS,True,float16,336,336,/kaggle/working/EviCT/cache/segdb2/gt_vault/infection/radiopaedia_29_86491_1.npy,/kaggle/working/EviCT/cache/segdb2/gt_vault/lung/radiopaedia_29_86491_1.npy,17,b025
segdb2,radiopaedia_29_86491_1_z0030,radiopaedia_29_86491_1,radiopaedia_29_86491_1,30,fitting,radiopaedia_named,/kaggle/working/EviCT/cache/segdb2/images/radiopaedia_29_86491_1.npy,30,/kaggle/working/EviCT/cache/segdb2/valid/radiopaedia_29_86491_1.npy,/kaggle/working/EviCT/manifests/transforms/radiopaedia_29_86491_1.json,630x630x42,0.68359399x0.68359399x6,LAS,True,float16,336,336,/kaggle/working/EviCT/cache/segdb2/gt_vault/infection/radiopaedia_29_86491_1.npy,/kaggle/working/EviCT/cache/segdb2/gt_vault/lung/radiopaedia_29_86491_1.npy,17,b025
segdb2,radiopaedia_29_86491_1_z0031,radiopaedia_29_86491_1,radiopaedia_29_86491_1,31,fitting,radiopaedia_named,/kaggle/working/EviCT/cache/segdb2/images/radiopaedia_29_86491_1.npy,31,/kaggle/working/EviCT/cache/segdb2/valid/radiopaedia_29_86491_1.npy,/kaggle/working/EviCT/manifests/transforms/radiopaedia_29_86491_1.json,630x630x42,0.68359399x0.68359399x6,LAS,True,float16,336,336,/kaggle/working/EviCT/cache/segdb2/gt_vault/infection/radiopaedia_29_86491_1.npy,/kaggle/working/EviCT/cache/segdb2/gt_vault/lung/radiopaedia_29_86491_1.npy,17,b025
segdb2,radiopaedia_29_86491_1_z0032,radiopaedia_29_86491_1,radiopaedia_29_86491_1,32,fitting,radiopaedia_named,/kaggle/working/EviCT/cache/segdb2/images/radiopaedia_29_86491_1.npy,32,/kaggle/working/EviCT/cache/segdb2/valid/radiopaedia_29_86491_1.npy,/kaggle/working/EviCT/manifests/transforms/radiopaedia_29_86491_1.json,630x630x42,0.68359399x0.68359399x6,LAS,True,float16,336,336,/kaggle/working/EviCT/cache/segdb2/gt_vault/infection/radiopaedia_29_86491_1.npy,/kaggle/working/EviCT/cache/segdb2/gt_vault/lung/radiopaedia_29_86491_1.npy,17,b025
segdb2,radiopaedia_29_86491_1_z0033,radiopaedia_29_86491_1,radiopaedia_29_86491_1,33,fitting,radiopaedia_named,/kaggle/working/EviCT/cache/segdb2/images/radiopaedia_29_86491_1.npy,33,/kaggle/working/EviCT/cache/segdb2/valid/radiopaedia_29_86491_1.npy,/kaggle/working/EviCT/manifests/transforms/radiopaedia_29_86491_1.json,630x630x42,0.68359399x0.68359399x6,LAS,True,float16,336,336,/kaggle/working/EviCT/cache/segdb2/gt_vault/infection/radiopaedia_29_86491_1.npy,/kaggle/working/EviCT/cache/segdb2/gt_vault/lung/radiopaedia_29_86491_1.npy,17,b025
segdb2,radiopaedia_29_86491_1_z0034,radiopaedia_29_86491_1,radiopaedia_29_86491_1,34,fitting,radiopaedia_named,/kaggle/working/EviCT/cache/segdb2/images/radiopaedia_29_86491_1.npy,34,/kaggle/working/EviCT/cache/segdb2/valid/radiopaedia_29_86491_1.npy,/kaggle/working/EviCT/manifests/transforms/radiopaedia_29_86491_1.json,630x630x42,0.68359399x0.68359399x6,LAS,True,float16,336,336,/kaggle/working/EviCT/cache/segdb2/gt_vault/infection/radiopaedia_29_86491_1.npy,/kaggle/working/EviCT/cache/segdb2/gt_vault/lung/radiopaedia_29_86491_1.npy,17,b025
segdb2,radiopaedia_29_86491_1_z0035,radiopaedia_29_86491_1,radiopaedia_29_86491_1,35,fitting,radiopaedia_named,/kaggle/working/EviCT/cache/segdb2/images/radiopaedia_29_86491_1.npy,35,/kaggle/working/EviCT/cache/segdb2/valid/radiopaedia_29_86491_1.npy,/kaggle/working/EviCT/manifests/transforms/radiopaedia_29_86491_1.json,630x630x42,0.68359399x0.68359399x6,LAS,True,float16,336,336,/kaggle/working/EviCT/cache/segdb2/gt_vault/infection/radiopaedia_29_86491_1.npy,/kaggle/working/EviCT/cache/segdb2/gt_vault/lung/radiopaedia_29_86491_1.npy,17,b025
segdb2,radiopaedia_29_86491_1_z0036,radiopaedia_29_86491_1,radiopaedia_29_86491_1,36,fitting,radiopaedia_named,/kaggle/working/EviCT/cache/segdb2/images/radiopaedia_29_86491_1.npy,36,/kaggle/working/EviCT/cache/segdb2/valid/radiopaedia_29_86491_1.npy,/kaggle/working/EviCT/manifests/transforms/radiopaedia_29_86491_1.json,630x630x42,0.68359399x0.68359399x6,LAS,True,float16,336,336,/kaggle/working/EviCT/cache/segdb2/gt_vault/infection/radiopaedia_29_86491_1.npy,/kaggle/working/EviCT/cache/segdb2/gt_vault/lung/radiopaedia_29_86491_1.npy,17,b025
segdb2,radiopaedia_29_86491_1_z0037,radiopaedia_29_86491_1,radiopaedia_29_86491_1,37,fitting,radiopaedia_named,/kaggle/working/EviCT/cache/segdb2/images/radiopaedia_29_86491_1.npy,37,/kaggle/working/EviCT/cache/segdb2/valid/radiopaedia_29_86491_1.npy,/kaggle/working/EviCT/manifests/transforms/radiopaedia_29_86491_1.json,630x630x42,0.68359399x0.68359399x6,LAS,True,float16,336,336,/kaggle/working/EviCT/cache/segdb2/gt_vault/infection/radiopaedia_29_86491_1.npy,/kaggle/working/EviCT/cache/segdb2/gt_vault/lung/radiopaedia_29_86491_1.npy,17,b025
segdb2,radiopaedia_29_86491_1_z0038,radiopaedia_29_86491_1,radiopaedia_29_86491_1,38,fitting,radiopaedia_named,/kaggle/working/EviCT/cache/segdb2/images/radiopaedia_29_86491_1.npy,38,/kaggle/working/EviCT/cache/segdb2/valid/radiopaedia_29_86491_1.npy,/kaggle/working/EviCT/manifests/transforms/radiopaedia_29_86491_1.json,630x630x42,0.68359399x0.68359399x6,LAS,True,float16,336,336,/kaggle/working/EviCT/cache/segdb2/gt_vault/infection/radiopaedia_29_86491_1.npy,/kaggle/working/EviCT/cache/segdb2/gt_vault/lung/radiopaedia_29_86491_1.npy,17,b025
segdb2,radiopaedia_29_86491_1_z0039,radiopaedia_29_86491_1,radiopaedia_29_86491_1,39,fitting,radiopaedia_named,/kaggle/working/EviCT/cache/segdb2/images/radiopaedia_29_86491_1.npy,39,/kaggle/working/EviCT/cache/segdb2/valid/radiopaedia_29_86491_1.npy,/kaggle/working/EviCT/manifests/transforms/radiopaedia_29_86491_1.json,630x630x42,0.68359399x0.68359399x6,LAS,True,float16,336,336,/kaggle/working/EviCT/cache/segdb2/gt_vault/infection/radiopaedia_29_86491_1.npy,/kaggle/working/EviCT/cache/segdb2/gt_vault/lung/radiopaedia_29_86491_1.npy,17,b025
segdb2,radiopaedia_29_86491_1_z0040,radiopaedia_29_86491_1,radiopaedia_29_86491_1,40,fitting,radiopaedia_named,/kaggle/working/EviCT/cache/segdb2/images/radiopaedia_29_86491_1.npy,40,/kaggle/working/EviCT/cache/segdb2/valid/radiopaedia_29_86491_1.npy,/kaggle/working/EviCT/manifests/transforms/radiopaedia_29_86491_1.json,630x630x42,0.68359399x0.68359399x6,LAS,True,float16,336,336,/kaggle/working/EviCT/cache/segdb2/gt_vault/infection/radiopaedia_29_86491_1.npy,/kaggle/working/EviCT/cache/segdb2/gt_vault/lung/radiopaedia_29_86491_1.npy,17,b025
segdb2,radiopaedia_29_86491_1_z0041,radiopaedia_29_86491_1,radiopaedia_29_86491_1,41,fitting,radiopaedia_named,/kaggle/working/EviCT/cache/segdb2/images/radiopaedia_29_86491_1.npy,41,/kaggle/working/EviCT/cache/segdb2/valid/radiopaedia_29_86491_1.npy,/kaggle/working/EviCT/manifests/transforms/radiopaedia_29_86491_1.json,630x630x42,0.68359399x0.68359399x6,LAS,True,float16,336,336,/kaggle/working/EviCT/cache/segdb2/gt_vault/infection/radiopaedia_29_86491_1.npy,/kaggle/working/EviCT/cache/segdb2/gt_vault/lung/radiopaedia_29_86491_1.npy,17,b025
