report_id,case_id,seed,method,signature_id,accepted,fallback_used,remaining_errors,research_disclaimer_v2,raw_output_sha256,safe_final_text_sha256
report_seed17_supervised_medseg_slice_000,medseg_slice_000,17,supervised,detected_1__eligible_0__pixels_NA,True,False,,True,d876e4c6af02344d8ad832a161f3092892cc7e34e0e3141fcb33ab31a56403d1,d876e4c6af02344d8ad832a161f3092892cc7e34e0e3141fcb33ab31a56403d1
report_seed17_supervised_medseg_slice_001,medseg_slice_001,17,supervised,detected_1__eligible_0__pixels_NA,True,False,,True,d876e4c6af02344d8ad832a161f3092892cc7e34e0e3141fcb33ab31a56403d1,d876e4c6af02344d8ad832a161f3092892cc7e34e0e3141fcb33ab31a56403d1
report_seed17_supervised_medseg_slice_002,medseg_slice_002,17,supervised,detected_1__eligible_1__pixels_691,True,False,,True,c2e620003f883b843849000cb08ab0dc0092b57d3c7eae8b72ee58cc10113390,c2e620003f883b843849000cb08ab0dc0092b57d3c7eae8b72ee58cc10113390
report_seed17_supervised_medseg_slice_003,medseg_slice_003,17,supervised,detected_1__eligible_0__pixels_NA,True,False,,True,d876e4c6af02344d8ad832a161f3092892cc7e34e0e3141fcb33ab31a56403d1,d876e4c6af02344d8ad832a161f3092892cc7e34e0e3141fcb33ab31a56403d1
report_seed17_supervised_medseg_slice_004,medseg_slice_004,17,supervised,detected_1__eligible_0__pixels_NA,True,False,,True,d876e4c6af02344d8ad832a161f3092892cc7e34e0e3141fcb33ab31a56403d1,d876e4c6af02344d8ad832a161f3092892cc7e34e0e3141fcb33ab31a56403d1
report_seed17_supervised_medseg_slice_005,medseg_slice_005,17,supervised,detected_1__eligible_0__pixels_NA,True,False,,True,d876e4c6af02344d8ad832a161f3092892cc7e34e0e3141fcb33ab31a56403d1,d876e4c6af02344d8ad832a161f3092892cc7e34e0e3141fcb33ab31a56403d1
report_seed17_supervised_medseg_slice_006,medseg_slice_006,17,supervised,detected_1__eligible_0__pixels_NA,True,False,,True,d876e4c6af02344d8ad832a161f3092892cc7e34e0e3141fcb33ab31a56403d1,d876e4c6af02344d8ad832a161f3092892cc7e34e0e3141fcb33ab31a56403d1
report_seed17_supervised_medseg_slice_007,medseg_slice_007,17,supervised,detected_1__eligible_0__pixels_NA,True,False,,True,d876e4c6af02344d8ad832a161f3092892cc7e34e0e3141fcb33ab31a56403d1,d876e4c6af02344d8ad832a161f3092892cc7e34e0e3141fcb33ab31a56403d1
report_seed17_supervised_medseg_slice_008,medseg_slice_008,17,supervised,detected_1__eligible_0__pixels_NA,True,False,,True,d876e4c6af02344d8ad832a161f3092892cc7e34e0e3141fcb33ab31a56403d1,d876e4c6af02344d8ad832a161f3092892cc7e34e0e3141fcb33ab31a56403d1
report_seed17_supervised_medseg_slice_009,medseg_slice_009,17,supervised,detected_1__eligible_0__pixels_NA,True,False,,True,d876e4c6af02344d8ad832a161f3092892cc7e34e0e3141fcb33ab31a56403d1,d876e4c6af02344d8ad832a161f3092892cc7e34e0e3141fcb33ab31a56403d1
report_seed17_supervised_medseg_slice_010,medseg_slice_010,17,supervised,detected_1__eligible_0__pixels_NA,True,False,,True,d876e4c6af02344d8ad832a161f3092892cc7e34e0e3141fcb33ab31a56403d1,d876e4c6af02344d8ad832a161f3092892cc7e34e0e3141fcb33ab31a56403d1
report_seed17_supervised_medseg_slice_011,medseg_slice_011,17,supervised,detected_1__eligible_0__pixels_NA,True,False,,True,d876e4c6af02344d8ad832a161f3092892cc7e34e0e3141fcb33ab31a56403d1,d876e4c6af02344d8ad832a161f3092892cc7e34e0e3141fcb33ab31a56403d1
report_seed17_supervised_medseg_slice_012,medseg_slice_012,17,supervised,detected_1__eligible_0__pixels_NA,True,False,,True,d876e4c6af02344d8ad832a161f3092892cc7e34e0e3141fcb33ab31a56403d1,d876e4c6af02344d8ad832a161f3092892cc7e34e0e3141fcb33ab31a56403d1
report_seed17_supervised_medseg_slice_013,medseg_slice_013,17,supervised,detected_1__eligible_0__pixels_NA,True,False,,True,d876e4c6af02344d8ad832a161f3092892cc7e34e0e3141fcb33ab31a56403d1,d876e4c6af02344d8ad832a161f3092892cc7e34e0e3141fcb33ab31a56403d1
report_seed17_supervised_medseg_slice_014,medseg_slice_014,17,supervised,detected_1__eligible_0__pixels_NA,True,False,,True,d876e4c6af02344d8ad832a161f3092892cc7e34e0e3141fcb33ab31a56403d1,d876e4c6af02344d8ad832a161f3092892cc7e34e0e3141fcb33ab31a56403d1
report_seed17_supervised_medseg_slice_015,medseg_slice_015,17,supervised,detected_1__eligible_0__pixels_NA,True,False,,True,d876e4c6af02344d8ad832a161f3092892cc7e34e0e3141fcb33ab31a56403d1,d876e4c6af02344d8ad832a161f3092892cc7e34e0e3141fcb33ab31a56403d1
report_seed17_supervised_medseg_slice_016,medseg_slice_016,17,supervised,detected_1__eligible_0__pixels_NA,True,False,,True,d876e4c6af02344d8ad832a161f3092892cc7e34e0e3141fcb33ab31a56403d1,d876e4c6af02344d8ad832a161f3092892cc7e34e0e3141fcb33ab31a56403d1
report_seed17_supervised_medseg_slice_017,medseg_slice_017,17,supervised,detected_1__eligible_0__pixels_NA,True,False,,True,d876e4c6af02344d8ad832a161f3092892cc7e34e0e3141fcb33ab31a56403d1,d876e4c6af02344d8ad832a161f3092892cc7e34e0e3141fcb33ab31a56403d1
report_seed17_supervised_medseg_slice_018,medseg_slice_018,17,supervised,detected_1__eligible_0__pixels_NA,True,False,,True,d876e4c6af02344d8ad832a161f3092892cc7e34e0e3141fcb33ab31a56403d1,d876e4c6af02344d8ad832a161f3092892cc7e34e0e3141fcb33ab31a56403d1
report_seed17_supervised_medseg_slice_019,medseg_slice_019,17,supervised,detected_1__eligible_0__pixels_NA,True,False,,True,d876e4c6af02344d8ad832a161f3092892cc7e34e0e3141fcb33ab31a56403d1,d876e4c6af02344d8ad832a161f3092892cc7e34e0e3141fcb33ab31a56403d1
report_seed17_supervised_medseg_slice_020,medseg_slice_020,17,supervised,detected_1__eligible_0__pixels_NA,True,False,,True,d876e4c6af02344d8ad832a161f3092892cc7e34e0e3141fcb33ab31a56403d1,d876e4c6af02344d8ad832a161f3092892cc7e34e0e3141fcb33ab31a56403d1
report_seed17_supervised_medseg_slice_021,medseg_slice_021,17,supervised,detected_1__eligible_0__pixels_NA,True,False,,True,d876e4c6af02344d8ad832a161f3092892cc7e34e0e3141fcb33ab31a56403d1,d876e4c6af02344d8ad832a161f3092892cc7e34e0e3141fcb33ab31a56403d1
report_seed17_supervised_medseg_slice_022,medseg_slice_022,17,supervised,detected_1__eligible_0__pixels_NA,True,False,,True,d876e4c6af02344d8ad832a161f3092892cc7e34e0e3141fcb33ab31a56403d1,d876e4c6af02344d8ad832a161f3092892cc7e34e0e3141fcb33ab31a56403d1
report_seed17_supervised_medseg_slice_023,medseg_slice_023,17,supervised,detected_1__eligible_0__pixels_NA,True,False,,True,d876e4c6af02344d8ad832a161f3092892cc7e34e0e3141fcb33ab31a56403d1,d876e4c6af02344d8ad832a161f3092892cc7e34e0e3141fcb33ab31a56403d1
report_seed17_supervised_medseg_slice_024,medseg_slice_024,17,supervised,detected_1__eligible_0__pixels_NA,True,False,,True,d876e4c6af02344d8ad832a161f3092892cc7e34e0e3141fcb33ab31a56403d1,d876e4c6af02344d8ad832a161f3092892cc7e34e0e3141fcb33ab31a56403d1
report_seed17_supervised_medseg_slice_025,medseg_slice_025,17,supervised,detected_1__eligible_0__pixels_NA,True,False,,True,d876e4c6af02344d8ad832a161f3092892cc7e34e0e3141fcb33ab31a56403d1,d876e4c6af02344d8ad832a161f3092892cc7e34e0e3141fcb33ab31a56403d1
report_seed17_supervised_medseg_slice_026,medseg_slice_026,17,supervised,detected_1__eligible_0__pixels_NA,True,False,,True,d876e4c6af02344d8ad832a161f3092892cc7e34e0e3141fcb33ab31a56403d1,d876e4c6af02344d8ad832a161f3092892cc7e34e0e3141fcb33ab31a56403d1
report_seed17_supervised_medseg_slice_027,medseg_slice_027,17,supervised,detected_1__eligible_0__pixels_NA,True,False,,True,d876e4c6af02344d8ad832a161f3092892cc7e34e0e3141fcb33ab31a56403d1,d876e4c6af02344d8ad832a161f3092892cc7e34e0e3141fcb33ab31a56403d1
report_seed17_supervised_medseg_slice_028,medseg_slice_028,17,supervised,detected_1__eligible_0__pixels_NA,True,False,,True,d876e4c6af02344d8ad832a161f3092892cc7e34e0e3141fcb33ab31a56403d1,d876e4c6af02344d8ad832a161f3092892cc7e34e0e3141fcb33ab31a56403d1
report_seed17_supervised_medseg_slice_029,medseg_slice_029,17,supervised,detected_1__eligible_0__pixels_NA,True,False,,True,d876e4c6af02344d8ad832a161f3092892cc7e34e0e3141fcb33ab31a56403d1,d876e4c6af02344d8ad832a161f3092892cc7e34e0e3141fcb33ab31a56403d1
report_seed17_supervised_medseg_slice_030,medseg_slice_030,17,supervised,detected_1__eligible_0__pixels_NA,True,False,,True,d876e4c6af02344d8ad832a161f3092892cc7e34e0e3141fcb33ab31a56403d1,d876e4c6af02344d8ad832a161f3092892cc7e34e0e3141fcb33ab31a56403d1
report_seed17_supervised_medseg_slice_031,medseg_slice_031,17,supervised,detected_1__eligible_0__pixels_NA,True,False,,True,d876e4c6af02344d8ad832a161f3092892cc7e34e0e3141fcb33ab31a56403d1,d876e4c6af02344d8ad832a161f3092892cc7e34e0e3141fcb33ab31a56403d1
report_seed17_supervised_medseg_slice_032,medseg_slice_032,17,supervised,detected_1__eligible_0__pixels_NA,True,False,,True,d876e4c6af02344d8ad832a161f3092892cc7e34e0e3141fcb33ab31a56403d1,d876e4c6af02344d8ad832a161f3092892cc7e34e0e3141fcb33ab31a56403d1
report_seed17_supervised_medseg_slice_033,medseg_slice_033,17,supervised,detected_1__eligible_0__pixels_NA,True,False,,True,d876e4c6af02344d8ad832a161f3092892cc7e34e0e3141fcb33ab31a56403d1,d876e4c6af02344d8ad832a161f3092892cc7e34e0e3141fcb33ab31a56403d1
report_seed17_supervised_medseg_slice_034,medseg_slice_034,17,supervised,detected_1__eligible_0__pixels_NA,True,False,,True,d876e4c6af02344d8ad832a161f3092892cc7e34e0e3141fcb33ab31a56403d1,d876e4c6af02344d8ad832a161f3092892cc7e34e0e3141fcb33ab31a56403d1
report_seed17_supervised_medseg_slice_035,medseg_slice_035,17,supervised,detected_1__eligible_0__pixels_NA,True,False,,True,d876e4c6af02344d8ad832a161f3092892cc7e34e0e3141fcb33ab31a56403d1,d876e4c6af02344d8ad832a161f3092892cc7e34e0e3141fcb33ab31a56403d1
report_seed17_supervised_medseg_slice_036,medseg_slice_036,17,supervised,detected_1__eligible_0__pixels_NA,True,False,,True,d876e4c6af02344d8ad832a161f3092892cc7e34e0e3141fcb33ab31a56403d1,d876e4c6af02344d8ad832a161f3092892cc7e34e0e3141fcb33ab31a56403d1
report_seed17_supervised_medseg_slice_037,medseg_slice_037,17,supervised,detected_1__eligible_0__pixels_NA,True,False,,True,d876e4c6af02344d8ad832a161f3092892cc7e34e0e3141fcb33ab31a56403d1,d876e4c6af02344d8ad832a161f3092892cc7e34e0e3141fcb33ab31a56403d1
report_seed17_supervised_medseg_slice_038,medseg_slice_038,17,supervised,detected_1__eligible_0__pixels_NA,True,False,,True,d876e4c6af02344d8ad832a161f3092892cc7e34e0e3141fcb33ab31a56403d1,d876e4c6af02344d8ad832a161f3092892cc7e34e0e3141fcb33ab31a56403d1
report_seed17_supervised_medseg_slice_039,medseg_slice_039,17,supervised,detected_1__eligible_0__pixels_NA,True,False,,True,d876e4c6af02344d8ad832a161f3092892cc7e34e0e3141fcb33ab31a56403d1,d876e4c6af02344d8ad832a161f3092892cc7e34e0e3141fcb33ab31a56403d1
report_seed17_supervised_medseg_slice_040,medseg_slice_040,17,supervised,detected_1__eligible_0__pixels_NA,True,False,,True,d876e4c6af02344d8ad832a161f3092892cc7e34e0e3141fcb33ab31a56403d1,d876e4c6af02344d8ad832a161f3092892cc7e34e0e3141fcb33ab31a56403d1
report_seed17_supervised_medseg_slice_041,medseg_slice_041,17,supervised,detected_1__eligible_0__pixels_NA,True,False,,True,d876e4c6af02344d8ad832a161f3092892cc7e34e0e3141fcb33ab31a56403d1,d876e4c6af02344d8ad832a161f3092892cc7e34e0e3141fcb33ab31a56403d1
report_seed17_supervised_medseg_slice_042,medseg_slice_042,17,supervised,detected_1__eligible_0__pixels_NA,True,False,,True,d876e4c6af02344d8ad832a161f3092892cc7e34e0e3141fcb33ab31a56403d1,d876e4c6af02344d8ad832a161f3092892cc7e34e0e3141fcb33ab31a56403d1
report_seed17_supervised_medseg_slice_043,medseg_slice_043,17,supervised,detected_1__eligible_0__pixels_NA,True,False,,True,d876e4c6af02344d8ad832a161f3092892cc7e34e0e3141fcb33ab31a56403d1,d876e4c6af02344d8ad832a161f3092892cc7e34e0e3141fcb33ab31a56403d1
report_seed17_supervised_medseg_slice_044,medseg_slice_044,17,supervised,detected_1__eligible_0__pixels_NA,True,False,,True,d876e4c6af02344d8ad832a161f3092892cc7e34e0e3141fcb33ab31a56403d1,d876e4c6af02344d8ad832a161f3092892cc7e34e0e3141fcb33ab31a56403d1
report_seed17_supervised_medseg_slice_045,medseg_slice_045,17,supervised,detected_1__eligible_0__pixels_NA,True,False,,True,d876e4c6af02344d8ad832a161f3092892cc7e34e0e3141fcb33ab31a56403d1,d876e4c6af02344d8ad832a161f3092892cc7e34e0e3141fcb33ab31a56403d1
report_seed17_supervised_medseg_slice_046,medseg_slice_046,17,supervised,detected_1__eligible_0__pixels_NA,True,False,,True,d876e4c6af02344d8ad832a161f3092892cc7e34e0e3141fcb33ab31a56403d1,d876e4c6af02344d8ad832a161f3092892cc7e34e0e3141fcb33ab31a56403d1
report_seed17_supervised_medseg_slice_047,medseg_slice_047,17,supervised,detected_1__eligible_0__pixels_NA,True,False,,True,d876e4c6af02344d8ad832a161f3092892cc7e34e0e3141fcb33ab31a56403d1,d876e4c6af02344d8ad832a161f3092892cc7e34e0e3141fcb33ab31a56403d1
report_seed17_supervised_medseg_slice_048,medseg_slice_048,17,supervised,detected_0__eligible_1__pixels_0,False,True,empty_prediction_wording,True,d351aefecc1f8a27ac91da57998a2f138369c1ffd5a86baf26308ee90f560504,4d6bf74566a2d0f8e9be8e2f78ffb18c365b09714a87ec39562a0ca7389fe036
report_seed17_supervised_medseg_slice_049,medseg_slice_049,17,supervised,detected_1__eligible_0__pixels_NA,True,False,,True,d876e4c6af02344d8ad832a161f3092892cc7e34e0e3141fcb33ab31a56403d1,d876e4c6af02344d8ad832a161f3092892cc7e34e0e3141fcb33ab31a56403d1
report_seed17_supervised_medseg_slice_050,medseg_slice_050,17,supervised,detected_1__eligible_0__pixels_NA,True,False,,True,d876e4c6af02344d8ad832a161f3092892cc7e34e0e3141fcb33ab31a56403d1,d876e4c6af02344d8ad832a161f3092892cc7e34e0e3141fcb33ab31a56403d1
report_seed17_supervised_medseg_slice_051,medseg_slice_051,17,supervised,detected_1__eligible_0__pixels_NA,True,False,,True,d876e4c6af02344d8ad832a161f3092892cc7e34e0e3141fcb33ab31a56403d1,d876e4c6af02344d8ad832a161f3092892cc7e34e0e3141fcb33ab31a56403d1
report_seed17_supervised_medseg_slice_052,medseg_slice_052,17,supervised,detected_1__eligible_0__pixels_NA,True,False,,True,d876e4c6af02344d8ad832a161f3092892cc7e34e0e3141fcb33ab31a56403d1,d876e4c6af02344d8ad832a161f3092892cc7e34e0e3141fcb33ab31a56403d1
report_seed17_supervised_medseg_slice_053,medseg_slice_053,17,supervised,detected_1__eligible_0__pixels_NA,True,False,,True,d876e4c6af02344d8ad832a161f3092892cc7e34e0e3141fcb33ab31a56403d1,d876e4c6af02344d8ad832a161f3092892cc7e34e0e3141fcb33ab31a56403d1
report_seed17_supervised_medseg_slice_054,medseg_slice_054,17,supervised,detected_1__eligible_0__pixels_NA,True,False,,True,d876e4c6af02344d8ad832a161f3092892cc7e34e0e3141fcb33ab31a56403d1,d876e4c6af02344d8ad832a161f3092892cc7e34e0e3141fcb33ab31a56403d1
report_seed17_supervised_medseg_slice_055,medseg_slice_055,17,supervised,detected_1__eligible_0__pixels_NA,True,False,,True,d876e4c6af02344d8ad832a161f3092892cc7e34e0e3141fcb33ab31a56403d1,d876e4c6af02344d8ad832a161f3092892cc7e34e0e3141fcb33ab31a56403d1
report_seed17_supervised_medseg_slice_056,medseg_slice_056,17,supervised,detected_1__eligible_0__pixels_NA,True,False,,True,d876e4c6af02344d8ad832a161f3092892cc7e34e0e3141fcb33ab31a56403d1,d876e4c6af02344d8ad832a161f3092892cc7e34e0e3141fcb33ab31a56403d1
report_seed17_supervised_medseg_slice_057,medseg_slice_057,17,supervised,detected_1__eligible_0__pixels_NA,True,False,,True,d876e4c6af02344d8ad832a161f3092892cc7e34e0e3141fcb33ab31a56403d1,d876e4c6af02344d8ad832a161f3092892cc7e34e0e3141fcb33ab31a56403d1
report_seed17_supervised_medseg_slice_058,medseg_slice_058,17,supervised,detected_1__eligible_0__pixels_NA,True,False,,True,d876e4c6af02344d8ad832a161f3092892cc7e34e0e3141fcb33ab31a56403d1,d876e4c6af02344d8ad832a161f3092892cc7e34e0e3141fcb33ab31a56403d1
report_seed17_supervised_medseg_slice_059,medseg_slice_059,17,supervised,detected_1__eligible_0__pixels_NA,True,False,,True,d876e4c6af02344d8ad832a161f3092892cc7e34e0e3141fcb33ab31a56403d1,d876e4c6af02344d8ad832a161f3092892cc7e34e0e3141fcb33ab31a56403d1
report_seed17_supervised_medseg_slice_060,medseg_slice_060,17,supervised,detected_1__eligible_0__pixels_NA,True,False,,True,d876e4c6af02344d8ad832a161f3092892cc7e34e0e3141fcb33ab31a56403d1,d876e4c6af02344d8ad832a161f3092892cc7e34e0e3141fcb33ab31a56403d1
report_seed17_supervised_medseg_slice_061,medseg_slice_061,17,supervised,detected_1__eligible_0__pixels_NA,True,False,,True,d876e4c6af02344d8ad832a161f3092892cc7e34e0e3141fcb33ab31a56403d1,d876e4c6af02344d8ad832a161f3092892cc7e34e0e3141fcb33ab31a56403d1
report_seed17_supervised_medseg_slice_062,medseg_slice_062,17,supervised,detected_1__eligible_0__pixels_NA,True,False,,True,d876e4c6af02344d8ad832a161f3092892cc7e34e0e3141fcb33ab31a56403d1,d876e4c6af02344d8ad832a161f3092892cc7e34e0e3141fcb33ab31a56403d1
report_seed17_supervised_medseg_slice_063,medseg_slice_063,17,supervised,detected_1__eligible_0__pixels_NA,True,False,,True,d876e4c6af02344d8ad832a161f3092892cc7e34e0e3141fcb33ab31a56403d1,d876e4c6af02344d8ad832a161f3092892cc7e34e0e3141fcb33ab31a56403d1
report_seed17_supervised_medseg_slice_064,medseg_slice_064,17,supervised,detected_1__eligible_1__pixels_2014,True,False,,True,83dda23f61c6072fd092ea8b261aa94a26c02a7e7254a77d3b8b0b0a02c0c187,83dda23f61c6072fd092ea8b261aa94a26c02a7e7254a77d3b8b0b0a02c0c187
report_seed17_supervised_medseg_slice_065,medseg_slice_065,17,supervised,detected_1__eligible_0__pixels_NA,True,False,,True,d876e4c6af02344d8ad832a161f3092892cc7e34e0e3141fcb33ab31a56403d1,d876e4c6af02344d8ad832a161f3092892cc7e34e0e3141fcb33ab31a56403d1
report_seed17_supervised_medseg_slice_066,medseg_slice_066,17,supervised,detected_1__eligible_0__pixels_NA,True,False,,True,d876e4c6af02344d8ad832a161f3092892cc7e34e0e3141fcb33ab31a56403d1,d876e4c6af02344d8ad832a161f3092892cc7e34e0e3141fcb33ab31a56403d1
report_seed17_supervised_medseg_slice_067,medseg_slice_067,17,supervised,detected_1__eligible_0__pixels_NA,True,False,,True,d876e4c6af02344d8ad832a161f3092892cc7e34e0e3141fcb33ab31a56403d1,d876e4c6af02344d8ad832a161f3092892cc7e34e0e3141fcb33ab31a56403d1
report_seed17_supervised_medseg_slice_068,medseg_slice_068,17,supervised,detected_1__eligible_0__pixels_NA,True,False,,True,d876e4c6af02344d8ad832a161f3092892cc7e34e0e3141fcb33ab31a56403d1,d876e4c6af02344d8ad832a161f3092892cc7e34e0e3141fcb33ab31a56403d1
report_seed17_supervised_medseg_slice_069,medseg_slice_069,17,supervised,detected_1__eligible_0__pixels_NA,True,False,,True,d876e4c6af02344d8ad832a161f3092892cc7e34e0e3141fcb33ab31a56403d1,d876e4c6af02344d8ad832a161f3092892cc7e34e0e3141fcb33ab31a56403d1
report_seed17_supervised_medseg_slice_070,medseg_slice_070,17,supervised,detected_1__eligible_0__pixels_NA,True,False,,True,d876e4c6af02344d8ad832a161f3092892cc7e34e0e3141fcb33ab31a56403d1,d876e4c6af02344d8ad832a161f3092892cc7e34e0e3141fcb33ab31a56403d1
report_seed17_supervised_medseg_slice_071,medseg_slice_071,17,supervised,detected_1__eligible_0__pixels_NA,True,False,,True,d876e4c6af02344d8ad832a161f3092892cc7e34e0e3141fcb33ab31a56403d1,d876e4c6af02344d8ad832a161f3092892cc7e34e0e3141fcb33ab31a56403d1
report_seed17_supervised_medseg_slice_072,medseg_slice_072,17,supervised,detected_1__eligible_0__pixels_NA,True,False,,True,d876e4c6af02344d8ad832a161f3092892cc7e34e0e3141fcb33ab31a56403d1,d876e4c6af02344d8ad832a161f3092892cc7e34e0e3141fcb33ab31a56403d1
report_seed17_supervised_medseg_slice_073,medseg_slice_073,17,supervised,detected_1__eligible_0__pixels_NA,True,False,,True,d876e4c6af02344d8ad832a161f3092892cc7e34e0e3141fcb33ab31a56403d1,d876e4c6af02344d8ad832a161f3092892cc7e34e0e3141fcb33ab31a56403d1
report_seed17_supervised_medseg_slice_074,medseg_slice_074,17,supervised,detected_1__eligible_0__pixels_NA,True,False,,True,d876e4c6af02344d8ad832a161f3092892cc7e34e0e3141fcb33ab31a56403d1,d876e4c6af02344d8ad832a161f3092892cc7e34e0e3141fcb33ab31a56403d1
report_seed17_supervised_medseg_slice_075,medseg_slice_075,17,supervised,detected_1__eligible_0__pixels_NA,True,False,,True,d876e4c6af02344d8ad832a161f3092892cc7e34e0e3141fcb33ab31a56403d1,d876e4c6af02344d8ad832a161f3092892cc7e34e0e3141fcb33ab31a56403d1
report_seed17_supervised_medseg_slice_076,medseg_slice_076,17,supervised,detected_1__eligible_0__pixels_NA,True,False,,True,d876e4c6af02344d8ad832a161f3092892cc7e34e0e3141fcb33ab31a56403d1,d876e4c6af02344d8ad832a161f3092892cc7e34e0e3141fcb33ab31a56403d1
report_seed17_supervised_medseg_slice_077,medseg_slice_077,17,supervised,detected_1__eligible_0__pixels_NA,True,False,,True,d876e4c6af02344d8ad832a161f3092892cc7e34e0e3141fcb33ab31a56403d1,d876e4c6af02344d8ad832a161f3092892cc7e34e0e3141fcb33ab31a56403d1
report_seed17_supervised_medseg_slice_078,medseg_slice_078,17,supervised,detected_1__eligible_0__pixels_NA,True,False,,True,d876e4c6af02344d8ad832a161f3092892cc7e34e0e3141fcb33ab31a56403d1,d876e4c6af02344d8ad832a161f3092892cc7e34e0e3141fcb33ab31a56403d1
report_seed17_supervised_medseg_slice_079,medseg_slice_079,17,supervised,detected_1__eligible_0__pixels_NA,True,False,,True,d876e4c6af02344d8ad832a161f3092892cc7e34e0e3141fcb33ab31a56403d1,d876e4c6af02344d8ad832a161f3092892cc7e34e0e3141fcb33ab31a56403d1
report_seed17_supervised_medseg_slice_080,medseg_slice_080,17,supervised,detected_1__eligible_0__pixels_NA,True,False,,True,d876e4c6af02344d8ad832a161f3092892cc7e34e0e3141fcb33ab31a56403d1,d876e4c6af02344d8ad832a161f3092892cc7e34e0e3141fcb33ab31a56403d1
report_seed17_supervised_medseg_slice_081,medseg_slice_081,17,supervised,detected_1__eligible_0__pixels_NA,True,False,,True,d876e4c6af02344d8ad832a161f3092892cc7e34e0e3141fcb33ab31a56403d1,d876e4c6af02344d8ad832a161f3092892cc7e34e0e3141fcb33ab31a56403d1
report_seed17_supervised_medseg_slice_082,medseg_slice_082,17,supervised,detected_1__eligible_0__pixels_NA,True,False,,True,d876e4c6af02344d8ad832a161f3092892cc7e34e0e3141fcb33ab31a56403d1,d876e4c6af02344d8ad832a161f3092892cc7e34e0e3141fcb33ab31a56403d1
report_seed17_supervised_medseg_slice_083,medseg_slice_083,17,supervised,detected_1__eligible_0__pixels_NA,True,False,,True,d876e4c6af02344d8ad832a161f3092892cc7e34e0e3141fcb33ab31a56403d1,d876e4c6af02344d8ad832a161f3092892cc7e34e0e3141fcb33ab31a56403d1
report_seed17_supervised_medseg_slice_084,medseg_slice_084,17,supervised,detected_1__eligible_0__pixels_NA,True,False,,True,d876e4c6af02344d8ad832a161f3092892cc7e34e0e3141fcb33ab31a56403d1,d876e4c6af02344d8ad832a161f3092892cc7e34e0e3141fcb33ab31a56403d1
report_seed17_supervised_medseg_slice_085,medseg_slice_085,17,supervised,detected_1__eligible_0__pixels_NA,True,False,,True,d876e4c6af02344d8ad832a161f3092892cc7e34e0e3141fcb33ab31a56403d1,d876e4c6af02344d8ad832a161f3092892cc7e34e0e3141fcb33ab31a56403d1
report_seed17_supervised_medseg_slice_086,medseg_slice_086,17,supervised,detected_1__eligible_0__pixels_NA,True,False,,True,d876e4c6af02344d8ad832a161f3092892cc7e34e0e3141fcb33ab31a56403d1,d876e4c6af02344d8ad832a161f3092892cc7e34e0e3141fcb33ab31a56403d1
report_seed17_supervised_medseg_slice_087,medseg_slice_087,17,supervised,detected_1__eligible_0__pixels_NA,True,False,,True,d876e4c6af02344d8ad832a161f3092892cc7e34e0e3141fcb33ab31a56403d1,d876e4c6af02344d8ad832a161f3092892cc7e34e0e3141fcb33ab31a56403d1
report_seed17_supervised_medseg_slice_088,medseg_slice_088,17,supervised,detected_1__eligible_0__pixels_NA,True,False,,True,d876e4c6af02344d8ad832a161f3092892cc7e34e0e3141fcb33ab31a56403d1,d876e4c6af02344d8ad832a161f3092892cc7e34e0e3141fcb33ab31a56403d1
report_seed17_supervised_medseg_slice_089,medseg_slice_089,17,supervised,detected_1__eligible_1__pixels_795,True,False,,True,8c60a9f80ceeac819b67a569f4ee4337eb2ab19c62862de51cc45bd765c40334,8c60a9f80ceeac819b67a569f4ee4337eb2ab19c62862de51cc45bd765c40334
report_seed17_supervised_medseg_slice_090,medseg_slice_090,17,supervised,detected_1__eligible_0__pixels_NA,True,False,,True,d876e4c6af02344d8ad832a161f3092892cc7e34e0e3141fcb33ab31a56403d1,d876e4c6af02344d8ad832a161f3092892cc7e34e0e3141fcb33ab31a56403d1
report_seed17_supervised_medseg_slice_091,medseg_slice_091,17,supervised,detected_1__eligible_0__pixels_NA,True,False,,True,d876e4c6af02344d8ad832a161f3092892cc7e34e0e3141fcb33ab31a56403d1,d876e4c6af02344d8ad832a161f3092892cc7e34e0e3141fcb33ab31a56403d1
report_seed17_supervised_medseg_slice_092,medseg_slice_092,17,supervised,detected_1__eligible_0__pixels_NA,True,False,,True,d876e4c6af02344d8ad832a161f3092892cc7e34e0e3141fcb33ab31a56403d1,d876e4c6af02344d8ad832a161f3092892cc7e34e0e3141fcb33ab31a56403d1
report_seed17_supervised_medseg_slice_093,medseg_slice_093,17,supervised,detected_1__eligible_0__pixels_NA,True,False,,True,d876e4c6af02344d8ad832a161f3092892cc7e34e0e3141fcb33ab31a56403d1,d876e4c6af02344d8ad832a161f3092892cc7e34e0e3141fcb33ab31a56403d1
report_seed17_supervised_medseg_slice_094,medseg_slice_094,17,supervised,detected_1__eligible_0__pixels_NA,True,False,,True,d876e4c6af02344d8ad832a161f3092892cc7e34e0e3141fcb33ab31a56403d1,d876e4c6af02344d8ad832a161f3092892cc7e34e0e3141fcb33ab31a56403d1
report_seed17_supervised_medseg_slice_095,medseg_slice_095,17,supervised,detected_1__eligible_0__pixels_NA,True,False,,True,d876e4c6af02344d8ad832a161f3092892cc7e34e0e3141fcb33ab31a56403d1,d876e4c6af02344d8ad832a161f3092892cc7e34e0e3141fcb33ab31a56403d1
report_seed17_supervised_medseg_slice_096,medseg_slice_096,17,supervised,detected_1__eligible_0__pixels_NA,True,False,,True,d876e4c6af02344d8ad832a161f3092892cc7e34e0e3141fcb33ab31a56403d1,d876e4c6af02344d8ad832a161f3092892cc7e34e0e3141fcb33ab31a56403d1
report_seed17_supervised_medseg_slice_097,medseg_slice_097,17,supervised,detected_1__eligible_0__pixels_NA,True,False,,True,d876e4c6af02344d8ad832a161f3092892cc7e34e0e3141fcb33ab31a56403d1,d876e4c6af02344d8ad832a161f3092892cc7e34e0e3141fcb33ab31a56403d1
report_seed17_supervised_medseg_slice_098,medseg_slice_098,17,supervised,detected_1__eligible_0__pixels_NA,True,False,,True,d876e4c6af02344d8ad832a161f3092892cc7e34e0e3141fcb33ab31a56403d1,d876e4c6af02344d8ad832a161f3092892cc7e34e0e3141fcb33ab31a56403d1
report_seed17_supervised_medseg_slice_099,medseg_slice_099,17,supervised,detected_1__eligible_0__pixels_NA,True,False,,True,d876e4c6af02344d8ad832a161f3092892cc7e34e0e3141fcb33ab31a56403d1,d876e4c6af02344d8ad832a161f3092892cc7e34e0e3141fcb33ab31a56403d1
report_seed17_confidence_only_ema_medseg_slice_000,medseg_slice_000,17,confidence_only_ema,detected_1__eligible_0__pixels_NA,True,False,,True,d876e4c6af02344d8ad832a161f3092892cc7e34e0e3141fcb33ab31a56403d1,d876e4c6af02344d8ad832a161f3092892cc7e34e0e3141fcb33ab31a56403d1
report_seed17_confidence_only_ema_medseg_slice_001,medseg_slice_001,17,confidence_only_ema,detected_1__eligible_0__pixels_NA,True,False,,True,d876e4c6af02344d8ad832a161f3092892cc7e34e0e3141fcb33ab31a56403d1,d876e4c6af02344d8ad832a161f3092892cc7e34e0e3141fcb33ab31a56403d1
report_seed17_confidence_only_ema_medseg_slice_002,medseg_slice_002,17,confidence_only_ema,detected_1__eligible_1__pixels_787,True,False,,True,ef9f7da62bc4660b11cdef1d8c53205ace7646ccfd68a6e1996fdf044ac01c97,ef9f7da62bc4660b11cdef1d8c53205ace7646ccfd68a6e1996fdf044ac01c97
report_seed17_confidence_only_ema_medseg_slice_003,medseg_slice_003,17,confidence_only_ema,detected_1__eligible_0__pixels_NA,True,False,,True,d876e4c6af02344d8ad832a161f3092892cc7e34e0e3141fcb33ab31a56403d1,d876e4c6af02344d8ad832a161f3092892cc7e34e0e3141fcb33ab31a56403d1
report_seed17_confidence_only_ema_medseg_slice_004,medseg_slice_004,17,confidence_only_ema,detected_1__eligible_0__pixels_NA,True,False,,True,d876e4c6af02344d8ad832a161f3092892cc7e34e0e3141fcb33ab31a56403d1,d876e4c6af02344d8ad832a161f3092892cc7e34e0e3141fcb33ab31a56403d1
report_seed17_confidence_only_ema_medseg_slice_005,medseg_slice_005,17,confidence_only_ema,detected_1__eligible_0__pixels_NA,True,False,,True,d876e4c6af02344d8ad832a161f3092892cc7e34e0e3141fcb33ab31a56403d1,d876e4c6af02344d8ad832a161f3092892cc7e34e0e3141fcb33ab31a56403d1
report_seed17_confidence_only_ema_medseg_slice_006,medseg_slice_006,17,confidence_only_ema,detected_1__eligible_0__pixels_NA,True,False,,True,d876e4c6af02344d8ad832a161f3092892cc7e34e0e3141fcb33ab31a56403d1,d876e4c6af02344d8ad832a161f3092892cc7e34e0e3141fcb33ab31a56403d1
report_seed17_confidence_only_ema_medseg_slice_007,medseg_slice_007,17,confidence_only_ema,detected_1__eligible_0__pixels_NA,True,False,,True,d876e4c6af02344d8ad832a161f3092892cc7e34e0e3141fcb33ab31a56403d1,d876e4c6af02344d8ad832a161f3092892cc7e34e0e3141fcb33ab31a56403d1
report_seed17_confidence_only_ema_medseg_slice_008,medseg_slice_008,17,confidence_only_ema,detected_1__eligible_0__pixels_NA,True,False,,True,d876e4c6af02344d8ad832a161f3092892cc7e34e0e3141fcb33ab31a56403d1,d876e4c6af02344d8ad832a161f3092892cc7e34e0e3141fcb33ab31a56403d1
report_seed17_confidence_only_ema_medseg_slice_009,medseg_slice_009,17,confidence_only_ema,detected_1__eligible_0__pixels_NA,True,False,,True,d876e4c6af02344d8ad832a161f3092892cc7e34e0e3141fcb33ab31a56403d1,d876e4c6af02344d8ad832a161f3092892cc7e34e0e3141fcb33ab31a56403d1
report_seed17_confidence_only_ema_medseg_slice_010,medseg_slice_010,17,confidence_only_ema,detected_1__eligible_0__pixels_NA,True,False,,True,d876e4c6af02344d8ad832a161f3092892cc7e34e0e3141fcb33ab31a56403d1,d876e4c6af02344d8ad832a161f3092892cc7e34e0e3141fcb33ab31a56403d1
report_seed17_confidence_only_ema_medseg_slice_011,medseg_slice_011,17,confidence_only_ema,detected_1__eligible_0__pixels_NA,True,False,,True,d876e4c6af02344d8ad832a161f3092892cc7e34e0e3141fcb33ab31a56403d1,d876e4c6af02344d8ad832a161f3092892cc7e34e0e3141fcb33ab31a56403d1
report_seed17_confidence_only_ema_medseg_slice_012,medseg_slice_012,17,confidence_only_ema,detected_1__eligible_0__pixels_NA,True,False,,True,d876e4c6af02344d8ad832a161f3092892cc7e34e0e3141fcb33ab31a56403d1,d876e4c6af02344d8ad832a161f3092892cc7e34e0e3141fcb33ab31a56403d1
report_seed17_confidence_only_ema_medseg_slice_013,medseg_slice_013,17,confidence_only_ema,detected_1__eligible_0__pixels_NA,True,False,,True,d876e4c6af02344d8ad832a161f3092892cc7e34e0e3141fcb33ab31a56403d1,d876e4c6af02344d8ad832a161f3092892cc7e34e0e3141fcb33ab31a56403d1
report_seed17_confidence_only_ema_medseg_slice_014,medseg_slice_014,17,confidence_only_ema,detected_1__eligible_0__pixels_NA,True,False,,True,d876e4c6af02344d8ad832a161f3092892cc7e34e0e3141fcb33ab31a56403d1,d876e4c6af02344d8ad832a161f3092892cc7e34e0e3141fcb33ab31a56403d1
report_seed17_confidence_only_ema_medseg_slice_015,medseg_slice_015,17,confidence_only_ema,detected_1__eligible_0__pixels_NA,True,False,,True,d876e4c6af02344d8ad832a161f3092892cc7e34e0e3141fcb33ab31a56403d1,d876e4c6af02344d8ad832a161f3092892cc7e34e0e3141fcb33ab31a56403d1
report_seed17_confidence_only_ema_medseg_slice_016,medseg_slice_016,17,confidence_only_ema,detected_1__eligible_0__pixels_NA,True,False,,True,d876e4c6af02344d8ad832a161f3092892cc7e34e0e3141fcb33ab31a56403d1,d876e4c6af02344d8ad832a161f3092892cc7e34e0e3141fcb33ab31a56403d1
report_seed17_confidence_only_ema_medseg_slice_017,medseg_slice_017,17,confidence_only_ema,detected_1__eligible_0__pixels_NA,True,False,,True,d876e4c6af02344d8ad832a161f3092892cc7e34e0e3141fcb33ab31a56403d1,d876e4c6af02344d8ad832a161f3092892cc7e34e0e3141fcb33ab31a56403d1
report_seed17_confidence_only_ema_medseg_slice_018,medseg_slice_018,17,confidence_only_ema,detected_1__eligible_0__pixels_NA,True,False,,True,d876e4c6af02344d8ad832a161f3092892cc7e34e0e3141fcb33ab31a56403d1,d876e4c6af02344d8ad832a161f3092892cc7e34e0e3141fcb33ab31a56403d1
report_seed17_confidence_only_ema_medseg_slice_019,medseg_slice_019,17,confidence_only_ema,detected_1__eligible_0__pixels_NA,True,False,,True,d876e4c6af02344d8ad832a161f3092892cc7e34e0e3141fcb33ab31a56403d1,d876e4c6af02344d8ad832a161f3092892cc7e34e0e3141fcb33ab31a56403d1
report_seed17_confidence_only_ema_medseg_slice_020,medseg_slice_020,17,confidence_only_ema,detected_1__eligible_0__pixels_NA,True,False,,True,d876e4c6af02344d8ad832a161f3092892cc7e34e0e3141fcb33ab31a56403d1,d876e4c6af02344d8ad832a161f3092892cc7e34e0e3141fcb33ab31a56403d1
report_seed17_confidence_only_ema_medseg_slice_021,medseg_slice_021,17,confidence_only_ema,detected_1__eligible_0__pixels_NA,True,False,,True,d876e4c6af02344d8ad832a161f3092892cc7e34e0e3141fcb33ab31a56403d1,d876e4c6af02344d8ad832a161f3092892cc7e34e0e3141fcb33ab31a56403d1
report_seed17_confidence_only_ema_medseg_slice_022,medseg_slice_022,17,confidence_only_ema,detected_1__eligible_0__pixels_NA,True,False,,True,d876e4c6af02344d8ad832a161f3092892cc7e34e0e3141fcb33ab31a56403d1,d876e4c6af02344d8ad832a161f3092892cc7e34e0e3141fcb33ab31a56403d1
report_seed17_confidence_only_ema_medseg_slice_023,medseg_slice_023,17,confidence_only_ema,detected_1__eligible_0__pixels_NA,True,False,,True,d876e4c6af02344d8ad832a161f3092892cc7e34e0e3141fcb33ab31a56403d1,d876e4c6af02344d8ad832a161f3092892cc7e34e0e3141fcb33ab31a56403d1
report_seed17_confidence_only_ema_medseg_slice_024,medseg_slice_024,17,confidence_only_ema,detected_1__eligible_0__pixels_NA,True,False,,True,d876e4c6af02344d8ad832a161f3092892cc7e34e0e3141fcb33ab31a56403d1,d876e4c6af02344d8ad832a161f3092892cc7e34e0e3141fcb33ab31a56403d1
report_seed17_confidence_only_ema_medseg_slice_025,medseg_slice_025,17,confidence_only_ema,detected_1__eligible_0__pixels_NA,True,False,,True,d876e4c6af02344d8ad832a161f3092892cc7e34e0e3141fcb33ab31a56403d1,d876e4c6af02344d8ad832a161f3092892cc7e34e0e3141fcb33ab31a56403d1
report_seed17_confidence_only_ema_medseg_slice_026,medseg_slice_026,17,confidence_only_ema,detected_1__eligible_0__pixels_NA,True,False,,True,d876e4c6af02344d8ad832a161f3092892cc7e34e0e3141fcb33ab31a56403d1,d876e4c6af02344d8ad832a161f3092892cc7e34e0e3141fcb33ab31a56403d1
report_seed17_confidence_only_ema_medseg_slice_027,medseg_slice_027,17,confidence_only_ema,detected_1__eligible_0__pixels_NA,True,False,,True,d876e4c6af02344d8ad832a161f3092892cc7e34e0e3141fcb33ab31a56403d1,d876e4c6af02344d8ad832a161f3092892cc7e34e0e3141fcb33ab31a56403d1
report_seed17_confidence_only_ema_medseg_slice_028,medseg_slice_028,17,confidence_only_ema,detected_1__eligible_0__pixels_NA,True,False,,True,d876e4c6af02344d8ad832a161f3092892cc7e34e0e3141fcb33ab31a56403d1,d876e4c6af02344d8ad832a161f3092892cc7e34e0e3141fcb33ab31a56403d1
report_seed17_confidence_only_ema_medseg_slice_029,medseg_slice_029,17,confidence_only_ema,detected_1__eligible_0__pixels_NA,True,False,,True,d876e4c6af02344d8ad832a161f3092892cc7e34e0e3141fcb33ab31a56403d1,d876e4c6af02344d8ad832a161f3092892cc7e34e0e3141fcb33ab31a56403d1
report_seed17_confidence_only_ema_medseg_slice_030,medseg_slice_030,17,confidence_only_ema,detected_1__eligible_0__pixels_NA,True,False,,True,d876e4c6af02344d8ad832a161f3092892cc7e34e0e3141fcb33ab31a56403d1,d876e4c6af02344d8ad832a161f3092892cc7e34e0e3141fcb33ab31a56403d1
report_seed17_confidence_only_ema_medseg_slice_031,medseg_slice_031,17,confidence_only_ema,detected_1__eligible_0__pixels_NA,True,False,,True,d876e4c6af02344d8ad832a161f3092892cc7e34e0e3141fcb33ab31a56403d1,d876e4c6af02344d8ad832a161f3092892cc7e34e0e3141fcb33ab31a56403d1
report_seed17_confidence_only_ema_medseg_slice_032,medseg_slice_032,17,confidence_only_ema,detected_1__eligible_0__pixels_NA,True,False,,True,d876e4c6af02344d8ad832a161f3092892cc7e34e0e3141fcb33ab31a56403d1,d876e4c6af02344d8ad832a161f3092892cc7e34e0e3141fcb33ab31a56403d1
report_seed17_confidence_only_ema_medseg_slice_033,medseg_slice_033,17,confidence_only_ema,detected_1__eligible_0__pixels_NA,True,False,,True,d876e4c6af02344d8ad832a161f3092892cc7e34e0e3141fcb33ab31a56403d1,d876e4c6af02344d8ad832a161f3092892cc7e34e0e3141fcb33ab31a56403d1
report_seed17_confidence_only_ema_medseg_slice_034,medseg_slice_034,17,confidence_only_ema,detected_1__eligible_0__pixels_NA,True,False,,True,d876e4c6af02344d8ad832a161f3092892cc7e34e0e3141fcb33ab31a56403d1,d876e4c6af02344d8ad832a161f3092892cc7e34e0e3141fcb33ab31a56403d1
report_seed17_confidence_only_ema_medseg_slice_035,medseg_slice_035,17,confidence_only_ema,detected_1__eligible_0__pixels_NA,True,False,,True,d876e4c6af02344d8ad832a161f3092892cc7e34e0e3141fcb33ab31a56403d1,d876e4c6af02344d8ad832a161f3092892cc7e34e0e3141fcb33ab31a56403d1
report_seed17_confidence_only_ema_medseg_slice_036,medseg_slice_036,17,confidence_only_ema,detected_1__eligible_0__pixels_NA,True,False,,True,d876e4c6af02344d8ad832a161f3092892cc7e34e0e3141fcb33ab31a56403d1,d876e4c6af02344d8ad832a161f3092892cc7e34e0e3141fcb33ab31a56403d1
report_seed17_confidence_only_ema_medseg_slice_037,medseg_slice_037,17,confidence_only_ema,detected_1__eligible_0__pixels_NA,True,False,,True,d876e4c6af02344d8ad832a161f3092892cc7e34e0e3141fcb33ab31a56403d1,d876e4c6af02344d8ad832a161f3092892cc7e34e0e3141fcb33ab31a56403d1
report_seed17_confidence_only_ema_medseg_slice_038,medseg_slice_038,17,confidence_only_ema,detected_1__eligible_0__pixels_NA,True,False,,True,d876e4c6af02344d8ad832a161f3092892cc7e34e0e3141fcb33ab31a56403d1,d876e4c6af02344d8ad832a161f3092892cc7e34e0e3141fcb33ab31a56403d1
report_seed17_confidence_only_ema_medseg_slice_039,medseg_slice_039,17,confidence_only_ema,detected_1__eligible_0__pixels_NA,True,False,,True,d876e4c6af02344d8ad832a161f3092892cc7e34e0e3141fcb33ab31a56403d1,d876e4c6af02344d8ad832a161f3092892cc7e34e0e3141fcb33ab31a56403d1
report_seed17_confidence_only_ema_medseg_slice_040,medseg_slice_040,17,confidence_only_ema,detected_1__eligible_0__pixels_NA,True,False,,True,d876e4c6af02344d8ad832a161f3092892cc7e34e0e3141fcb33ab31a56403d1,d876e4c6af02344d8ad832a161f3092892cc7e34e0e3141fcb33ab31a56403d1
report_seed17_confidence_only_ema_medseg_slice_041,medseg_slice_041,17,confidence_only_ema,detected_1__eligible_0__pixels_NA,True,False,,True,d876e4c6af02344d8ad832a161f3092892cc7e34e0e3141fcb33ab31a56403d1,d876e4c6af02344d8ad832a161f3092892cc7e34e0e3141fcb33ab31a56403d1
report_seed17_confidence_only_ema_medseg_slice_042,medseg_slice_042,17,confidence_only_ema,detected_1__eligible_0__pixels_NA,True,False,,True,d876e4c6af02344d8ad832a161f3092892cc7e34e0e3141fcb33ab31a56403d1,d876e4c6af02344d8ad832a161f3092892cc7e34e0e3141fcb33ab31a56403d1
report_seed17_confidence_only_ema_medseg_slice_043,medseg_slice_043,17,confidence_only_ema,detected_1__eligible_0__pixels_NA,True,False,,True,d876e4c6af02344d8ad832a161f3092892cc7e34e0e3141fcb33ab31a56403d1,d876e4c6af02344d8ad832a161f3092892cc7e34e0e3141fcb33ab31a56403d1
report_seed17_confidence_only_ema_medseg_slice_044,medseg_slice_044,17,confidence_only_ema,detected_1__eligible_0__pixels_NA,True,False,,True,d876e4c6af02344d8ad832a161f3092892cc7e34e0e3141fcb33ab31a56403d1,d876e4c6af02344d8ad832a161f3092892cc7e34e0e3141fcb33ab31a56403d1
report_seed17_confidence_only_ema_medseg_slice_045,medseg_slice_045,17,confidence_only_ema,detected_1__eligible_0__pixels_NA,True,False,,True,d876e4c6af02344d8ad832a161f3092892cc7e34e0e3141fcb33ab31a56403d1,d876e4c6af02344d8ad832a161f3092892cc7e34e0e3141fcb33ab31a56403d1
report_seed17_confidence_only_ema_medseg_slice_046,medseg_slice_046,17,confidence_only_ema,detected_1__eligible_0__pixels_NA,True,False,,True,d876e4c6af02344d8ad832a161f3092892cc7e34e0e3141fcb33ab31a56403d1,d876e4c6af02344d8ad832a161f3092892cc7e34e0e3141fcb33ab31a56403d1
report_seed17_confidence_only_ema_medseg_slice_047,medseg_slice_047,17,confidence_only_ema,detected_1__eligible_0__pixels_NA,True,False,,True,d876e4c6af02344d8ad832a161f3092892cc7e34e0e3141fcb33ab31a56403d1,d876e4c6af02344d8ad832a161f3092892cc7e34e0e3141fcb33ab31a56403d1
report_seed17_confidence_only_ema_medseg_slice_048,medseg_slice_048,17,confidence_only_ema,detected_0__eligible_1__pixels_0,False,True,empty_prediction_wording,True,d351aefecc1f8a27ac91da57998a2f138369c1ffd5a86baf26308ee90f560504,4d6bf74566a2d0f8e9be8e2f78ffb18c365b09714a87ec39562a0ca7389fe036
report_seed17_confidence_only_ema_medseg_slice_049,medseg_slice_049,17,confidence_only_ema,detected_1__eligible_0__pixels_NA,True,False,,True,d876e4c6af02344d8ad832a161f3092892cc7e34e0e3141fcb33ab31a56403d1,d876e4c6af02344d8ad832a161f3092892cc7e34e0e3141fcb33ab31a56403d1
report_seed17_confidence_only_ema_medseg_slice_050,medseg_slice_050,17,confidence_only_ema,detected_1__eligible_0__pixels_NA,True,False,,True,d876e4c6af02344d8ad832a161f3092892cc7e34e0e3141fcb33ab31a56403d1,d876e4c6af02344d8ad832a161f3092892cc7e34e0e3141fcb33ab31a56403d1
report_seed17_confidence_only_ema_medseg_slice_051,medseg_slice_051,17,confidence_only_ema,detected_1__eligible_0__pixels_NA,True,False,,True,d876e4c6af02344d8ad832a161f3092892cc7e34e0e3141fcb33ab31a56403d1,d876e4c6af02344d8ad832a161f3092892cc7e34e0e3141fcb33ab31a56403d1
report_seed17_confidence_only_ema_medseg_slice_052,medseg_slice_052,17,confidence_only_ema,detected_1__eligible_0__pixels_NA,True,False,,True,d876e4c6af02344d8ad832a161f3092892cc7e34e0e3141fcb33ab31a56403d1,d876e4c6af02344d8ad832a161f3092892cc7e34e0e3141fcb33ab31a56403d1
report_seed17_confidence_only_ema_medseg_slice_053,medseg_slice_053,17,confidence_only_ema,detected_1__eligible_0__pixels_NA,True,False,,True,d876e4c6af02344d8ad832a161f3092892cc7e34e0e3141fcb33ab31a56403d1,d876e4c6af02344d8ad832a161f3092892cc7e34e0e3141fcb33ab31a56403d1
report_seed17_confidence_only_ema_medseg_slice_054,medseg_slice_054,17,confidence_only_ema,detected_1__eligible_0__pixels_NA,True,False,,True,d876e4c6af02344d8ad832a161f3092892cc7e34e0e3141fcb33ab31a56403d1,d876e4c6af02344d8ad832a161f3092892cc7e34e0e3141fcb33ab31a56403d1
report_seed17_confidence_only_ema_medseg_slice_055,medseg_slice_055,17,confidence_only_ema,detected_1__eligible_0__pixels_NA,True,False,,True,d876e4c6af02344d8ad832a161f3092892cc7e34e0e3141fcb33ab31a56403d1,d876e4c6af02344d8ad832a161f3092892cc7e34e0e3141fcb33ab31a56403d1
report_seed17_confidence_only_ema_medseg_slice_056,medseg_slice_056,17,confidence_only_ema,detected_1__eligible_0__pixels_NA,True,False,,True,d876e4c6af02344d8ad832a161f3092892cc7e34e0e3141fcb33ab31a56403d1,d876e4c6af02344d8ad832a161f3092892cc7e34e0e3141fcb33ab31a56403d1
report_seed17_confidence_only_ema_medseg_slice_057,medseg_slice_057,17,confidence_only_ema,detected_1__eligible_0__pixels_NA,True,False,,True,d876e4c6af02344d8ad832a161f3092892cc7e34e0e3141fcb33ab31a56403d1,d876e4c6af02344d8ad832a161f3092892cc7e34e0e3141fcb33ab31a56403d1
report_seed17_confidence_only_ema_medseg_slice_058,medseg_slice_058,17,confidence_only_ema,detected_1__eligible_0__pixels_NA,True,False,,True,d876e4c6af02344d8ad832a161f3092892cc7e34e0e3141fcb33ab31a56403d1,d876e4c6af02344d8ad832a161f3092892cc7e34e0e3141fcb33ab31a56403d1
report_seed17_confidence_only_ema_medseg_slice_059,medseg_slice_059,17,confidence_only_ema,detected_1__eligible_0__pixels_NA,True,False,,True,d876e4c6af02344d8ad832a161f3092892cc7e34e0e3141fcb33ab31a56403d1,d876e4c6af02344d8ad832a161f3092892cc7e34e0e3141fcb33ab31a56403d1
report_seed17_confidence_only_ema_medseg_slice_060,medseg_slice_060,17,confidence_only_ema,detected_1__eligible_0__pixels_NA,True,False,,True,d876e4c6af02344d8ad832a161f3092892cc7e34e0e3141fcb33ab31a56403d1,d876e4c6af02344d8ad832a161f3092892cc7e34e0e3141fcb33ab31a56403d1
report_seed17_confidence_only_ema_medseg_slice_061,medseg_slice_061,17,confidence_only_ema,detected_1__eligible_0__pixels_NA,True,False,,True,d876e4c6af02344d8ad832a161f3092892cc7e34e0e3141fcb33ab31a56403d1,d876e4c6af02344d8ad832a161f3092892cc7e34e0e3141fcb33ab31a56403d1
report_seed17_confidence_only_ema_medseg_slice_062,medseg_slice_062,17,confidence_only_ema,detected_1__eligible_0__pixels_NA,True,False,,True,d876e4c6af02344d8ad832a161f3092892cc7e34e0e3141fcb33ab31a56403d1,d876e4c6af02344d8ad832a161f3092892cc7e34e0e3141fcb33ab31a56403d1
report_seed17_confidence_only_ema_medseg_slice_063,medseg_slice_063,17,confidence_only_ema,detected_1__eligible_0__pixels_NA,True,False,,True,d876e4c6af02344d8ad832a161f3092892cc7e34e0e3141fcb33ab31a56403d1,d876e4c6af02344d8ad832a161f3092892cc7e34e0e3141fcb33ab31a56403d1
report_seed17_confidence_only_ema_medseg_slice_064,medseg_slice_064,17,confidence_only_ema,detected_1__eligible_1__pixels_2132,True,False,,True,0af0d74bb7023cacd00a9fbe31da26c0303410c2b8922511d017e0e6d83561d4,0af0d74bb7023cacd00a9fbe31da26c0303410c2b8922511d017e0e6d83561d4
report_seed17_confidence_only_ema_medseg_slice_065,medseg_slice_065,17,confidence_only_ema,detected_1__eligible_0__pixels_NA,True,False,,True,d876e4c6af02344d8ad832a161f3092892cc7e34e0e3141fcb33ab31a56403d1,d876e4c6af02344d8ad832a161f3092892cc7e34e0e3141fcb33ab31a56403d1
report_seed17_confidence_only_ema_medseg_slice_066,medseg_slice_066,17,confidence_only_ema,detected_1__eligible_1__pixels_1333,True,False,,True,4cd7776fc6ea95ca080b0b5c1e850b151b88f3bf3f0a5db9d3bb1fbaba399927,4cd7776fc6ea95ca080b0b5c1e850b151b88f3bf3f0a5db9d3bb1fbaba399927
report_seed17_confidence_only_ema_medseg_slice_067,medseg_slice_067,17,confidence_only_ema,detected_1__eligible_0__pixels_NA,True,False,,True,d876e4c6af02344d8ad832a161f3092892cc7e34e0e3141fcb33ab31a56403d1,d876e4c6af02344d8ad832a161f3092892cc7e34e0e3141fcb33ab31a56403d1
report_seed17_confidence_only_ema_medseg_slice_068,medseg_slice_068,17,confidence_only_ema,detected_1__eligible_0__pixels_NA,True,False,,True,d876e4c6af02344d8ad832a161f3092892cc7e34e0e3141fcb33ab31a56403d1,d876e4c6af02344d8ad832a161f3092892cc7e34e0e3141fcb33ab31a56403d1
report_seed17_confidence_only_ema_medseg_slice_069,medseg_slice_069,17,confidence_only_ema,detected_1__eligible_0__pixels_NA,True,False,,True,d876e4c6af02344d8ad832a161f3092892cc7e34e0e3141fcb33ab31a56403d1,d876e4c6af02344d8ad832a161f3092892cc7e34e0e3141fcb33ab31a56403d1
report_seed17_confidence_only_ema_medseg_slice_070,medseg_slice_070,17,confidence_only_ema,detected_1__eligible_0__pixels_NA,True,False,,True,d876e4c6af02344d8ad832a161f3092892cc7e34e0e3141fcb33ab31a56403d1,d876e4c6af02344d8ad832a161f3092892cc7e34e0e3141fcb33ab31a56403d1
report_seed17_confidence_only_ema_medseg_slice_071,medseg_slice_071,17,confidence_only_ema,detected_1__eligible_0__pixels_NA,True,False,,True,d876e4c6af02344d8ad832a161f3092892cc7e34e0e3141fcb33ab31a56403d1,d876e4c6af02344d8ad832a161f3092892cc7e34e0e3141fcb33ab31a56403d1
report_seed17_confidence_only_ema_medseg_slice_072,medseg_slice_072,17,confidence_only_ema,detected_1__eligible_0__pixels_NA,True,False,,True,d876e4c6af02344d8ad832a161f3092892cc7e34e0e3141fcb33ab31a56403d1,d876e4c6af02344d8ad832a161f3092892cc7e34e0e3141fcb33ab31a56403d1
report_seed17_confidence_only_ema_medseg_slice_073,medseg_slice_073,17,confidence_only_ema,detected_1__eligible_0__pixels_NA,True,False,,True,d876e4c6af02344d8ad832a161f3092892cc7e34e0e3141fcb33ab31a56403d1,d876e4c6af02344d8ad832a161f3092892cc7e34e0e3141fcb33ab31a56403d1
report_seed17_confidence_only_ema_medseg_slice_074,medseg_slice_074,17,confidence_only_ema,detected_1__eligible_0__pixels_NA,True,False,,True,d876e4c6af02344d8ad832a161f3092892cc7e34e0e3141fcb33ab31a56403d1,d876e4c6af02344d8ad832a161f3092892cc7e34e0e3141fcb33ab31a56403d1
report_seed17_confidence_only_ema_medseg_slice_075,medseg_slice_075,17,confidence_only_ema,detected_1__eligible_0__pixels_NA,True,False,,True,d876e4c6af02344d8ad832a161f3092892cc7e34e0e3141fcb33ab31a56403d1,d876e4c6af02344d8ad832a161f3092892cc7e34e0e3141fcb33ab31a56403d1
report_seed17_confidence_only_ema_medseg_slice_076,medseg_slice_076,17,confidence_only_ema,detected_1__eligible_0__pixels_NA,True,False,,True,d876e4c6af02344d8ad832a161f3092892cc7e34e0e3141fcb33ab31a56403d1,d876e4c6af02344d8ad832a161f3092892cc7e34e0e3141fcb33ab31a56403d1
report_seed17_confidence_only_ema_medseg_slice_077,medseg_slice_077,17,confidence_only_ema,detected_1__eligible_0__pixels_NA,True,False,,True,d876e4c6af02344d8ad832a161f3092892cc7e34e0e3141fcb33ab31a56403d1,d876e4c6af02344d8ad832a161f3092892cc7e34e0e3141fcb33ab31a56403d1
report_seed17_confidence_only_ema_medseg_slice_078,medseg_slice_078,17,confidence_only_ema,detected_1__eligible_0__pixels_NA,True,False,,True,d876e4c6af02344d8ad832a161f3092892cc7e34e0e3141fcb33ab31a56403d1,d876e4c6af02344d8ad832a161f3092892cc7e34e0e3141fcb33ab31a56403d1
report_seed17_confidence_only_ema_medseg_slice_079,medseg_slice_079,17,confidence_only_ema,detected_1__eligible_0__pixels_NA,True,False,,True,d876e4c6af02344d8ad832a161f3092892cc7e34e0e3141fcb33ab31a56403d1,d876e4c6af02344d8ad832a161f3092892cc7e34e0e3141fcb33ab31a56403d1
report_seed17_confidence_only_ema_medseg_slice_080,medseg_slice_080,17,confidence_only_ema,detected_1__eligible_0__pixels_NA,True,False,,True,d876e4c6af02344d8ad832a161f3092892cc7e34e0e3141fcb33ab31a56403d1,d876e4c6af02344d8ad832a161f3092892cc7e34e0e3141fcb33ab31a56403d1
report_seed17_confidence_only_ema_medseg_slice_081,medseg_slice_081,17,confidence_only_ema,detected_1__eligible_0__pixels_NA,True,False,,True,d876e4c6af02344d8ad832a161f3092892cc7e34e0e3141fcb33ab31a56403d1,d876e4c6af02344d8ad832a161f3092892cc7e34e0e3141fcb33ab31a56403d1
report_seed17_confidence_only_ema_medseg_slice_082,medseg_slice_082,17,confidence_only_ema,detected_1__eligible_0__pixels_NA,True,False,,True,d876e4c6af02344d8ad832a161f3092892cc7e34e0e3141fcb33ab31a56403d1,d876e4c6af02344d8ad832a161f3092892cc7e34e0e3141fcb33ab31a56403d1
report_seed17_confidence_only_ema_medseg_slice_083,medseg_slice_083,17,confidence_only_ema,detected_1__eligible_0__pixels_NA,True,False,,True,d876e4c6af02344d8ad832a161f3092892cc7e34e0e3141fcb33ab31a56403d1,d876e4c6af02344d8ad832a161f3092892cc7e34e0e3141fcb33ab31a56403d1
report_seed17_confidence_only_ema_medseg_slice_084,medseg_slice_084,17,confidence_only_ema,detected_1__eligible_0__pixels_NA,True,False,,True,d876e4c6af02344d8ad832a161f3092892cc7e34e0e3141fcb33ab31a56403d1,d876e4c6af02344d8ad832a161f3092892cc7e34e0e3141fcb33ab31a56403d1
report_seed17_confidence_only_ema_medseg_slice_085,medseg_slice_085,17,confidence_only_ema,detected_1__eligible_0__pixels_NA,True,False,,True,d876e4c6af02344d8ad832a161f3092892cc7e34e0e3141fcb33ab31a56403d1,d876e4c6af02344d8ad832a161f3092892cc7e34e0e3141fcb33ab31a56403d1
report_seed17_confidence_only_ema_medseg_slice_086,medseg_slice_086,17,confidence_only_ema,detected_1__eligible_0__pixels_NA,True,False,,True,d876e4c6af02344d8ad832a161f3092892cc7e34e0e3141fcb33ab31a56403d1,d876e4c6af02344d8ad832a161f3092892cc7e34e0e3141fcb33ab31a56403d1
report_seed17_confidence_only_ema_medseg_slice_087,medseg_slice_087,17,confidence_only_ema,detected_1__eligible_0__pixels_NA,True,False,,True,d876e4c6af02344d8ad832a161f3092892cc7e34e0e3141fcb33ab31a56403d1,d876e4c6af02344d8ad832a161f3092892cc7e34e0e3141fcb33ab31a56403d1
report_seed17_confidence_only_ema_medseg_slice_088,medseg_slice_088,17,confidence_only_ema,detected_1__eligible_0__pixels_NA,True,False,,True,d876e4c6af02344d8ad832a161f3092892cc7e34e0e3141fcb33ab31a56403d1,d876e4c6af02344d8ad832a161f3092892cc7e34e0e3141fcb33ab31a56403d1
report_seed17_confidence_only_ema_medseg_slice_089,medseg_slice_089,17,confidence_only_ema,detected_1__eligible_1__pixels_970,True,False,,True,5d902e5a33f2d64d5e44f3a6f4277adeba6f02a4ac627db503dedf7e2db42f7f,5d902e5a33f2d64d5e44f3a6f4277adeba6f02a4ac627db503dedf7e2db42f7f
report_seed17_confidence_only_ema_medseg_slice_090,medseg_slice_090,17,confidence_only_ema,detected_1__eligible_0__pixels_NA,True,False,,True,d876e4c6af02344d8ad832a161f3092892cc7e34e0e3141fcb33ab31a56403d1,d876e4c6af02344d8ad832a161f3092892cc7e34e0e3141fcb33ab31a56403d1
report_seed17_confidence_only_ema_medseg_slice_091,medseg_slice_091,17,confidence_only_ema,detected_1__eligible_0__pixels_NA,True,False,,True,d876e4c6af02344d8ad832a161f3092892cc7e34e0e3141fcb33ab31a56403d1,d876e4c6af02344d8ad832a161f3092892cc7e34e0e3141fcb33ab31a56403d1
report_seed17_confidence_only_ema_medseg_slice_092,medseg_slice_092,17,confidence_only_ema,detected_1__eligible_0__pixels_NA,True,False,,True,d876e4c6af02344d8ad832a161f3092892cc7e34e0e3141fcb33ab31a56403d1,d876e4c6af02344d8ad832a161f3092892cc7e34e0e3141fcb33ab31a56403d1
report_seed17_confidence_only_ema_medseg_slice_093,medseg_slice_093,17,confidence_only_ema,detected_1__eligible_0__pixels_NA,True,False,,True,d876e4c6af02344d8ad832a161f3092892cc7e34e0e3141fcb33ab31a56403d1,d876e4c6af02344d8ad832a161f3092892cc7e34e0e3141fcb33ab31a56403d1
report_seed17_confidence_only_ema_medseg_slice_094,medseg_slice_094,17,confidence_only_ema,detected_1__eligible_0__pixels_NA,True,False,,True,d876e4c6af02344d8ad832a161f3092892cc7e34e0e3141fcb33ab31a56403d1,d876e4c6af02344d8ad832a161f3092892cc7e34e0e3141fcb33ab31a56403d1
report_seed17_confidence_only_ema_medseg_slice_095,medseg_slice_095,17,confidence_only_ema,detected_1__eligible_0__pixels_NA,True,False,,True,d876e4c6af02344d8ad832a161f3092892cc7e34e0e3141fcb33ab31a56403d1,d876e4c6af02344d8ad832a161f3092892cc7e34e0e3141fcb33ab31a56403d1
report_seed17_confidence_only_ema_medseg_slice_096,medseg_slice_096,17,confidence_only_ema,detected_1__eligible_0__pixels_NA,True,False,,True,d876e4c6af02344d8ad832a161f3092892cc7e34e0e3141fcb33ab31a56403d1,d876e4c6af02344d8ad832a161f3092892cc7e34e0e3141fcb33ab31a56403d1
report_seed17_confidence_only_ema_medseg_slice_097,medseg_slice_097,17,confidence_only_ema,detected_1__eligible_0__pixels_NA,True,False,,True,d876e4c6af02344d8ad832a161f3092892cc7e34e0e3141fcb33ab31a56403d1,d876e4c6af02344d8ad832a161f3092892cc7e34e0e3141fcb33ab31a56403d1
report_seed17_confidence_only_ema_medseg_slice_098,medseg_slice_098,17,confidence_only_ema,detected_1__eligible_0__pixels_NA,True,False,,True,d876e4c6af02344d8ad832a161f3092892cc7e34e0e3141fcb33ab31a56403d1,d876e4c6af02344d8ad832a161f3092892cc7e34e0e3141fcb33ab31a56403d1
report_seed17_confidence_only_ema_medseg_slice_099,medseg_slice_099,17,confidence_only_ema,detected_1__eligible_0__pixels_NA,True,False,,True,d876e4c6af02344d8ad832a161f3092892cc7e34e0e3141fcb33ab31a56403d1,d876e4c6af02344d8ad832a161f3092892cc7e34e0e3141fcb33ab31a56403d1
report_seed17_agreement_filtered_ema_medseg_slice_000,medseg_slice_000,17,agreement_filtered_ema,detected_1__eligible_0__pixels_NA,True,False,,True,d876e4c6af02344d8ad832a161f3092892cc7e34e0e3141fcb33ab31a56403d1,d876e4c6af02344d8ad832a161f3092892cc7e34e0e3141fcb33ab31a56403d1
report_seed17_agreement_filtered_ema_medseg_slice_001,medseg_slice_001,17,agreement_filtered_ema,detected_1__eligible_0__pixels_NA,True,False,,True,d876e4c6af02344d8ad832a161f3092892cc7e34e0e3141fcb33ab31a56403d1,d876e4c6af02344d8ad832a161f3092892cc7e34e0e3141fcb33ab31a56403d1
report_seed17_agreement_filtered_ema_medseg_slice_002,medseg_slice_002,17,agreement_filtered_ema,detected_1__eligible_1__pixels_787,True,False,,True,ef9f7da62bc4660b11cdef1d8c53205ace7646ccfd68a6e1996fdf044ac01c97,ef9f7da62bc4660b11cdef1d8c53205ace7646ccfd68a6e1996fdf044ac01c97
report_seed17_agreement_filtered_ema_medseg_slice_003,medseg_slice_003,17,agreement_filtered_ema,detected_1__eligible_0__pixels_NA,True,False,,True,d876e4c6af02344d8ad832a161f3092892cc7e34e0e3141fcb33ab31a56403d1,d876e4c6af02344d8ad832a161f3092892cc7e34e0e3141fcb33ab31a56403d1
report_seed17_agreement_filtered_ema_medseg_slice_004,medseg_slice_004,17,agreement_filtered_ema,detected_1__eligible_0__pixels_NA,True,False,,True,d876e4c6af02344d8ad832a161f3092892cc7e34e0e3141fcb33ab31a56403d1,d876e4c6af02344d8ad832a161f3092892cc7e34e0e3141fcb33ab31a56403d1
report_seed17_agreement_filtered_ema_medseg_slice_005,medseg_slice_005,17,agreement_filtered_ema,detected_1__eligible_0__pixels_NA,True,False,,True,d876e4c6af02344d8ad832a161f3092892cc7e34e0e3141fcb33ab31a56403d1,d876e4c6af02344d8ad832a161f3092892cc7e34e0e3141fcb33ab31a56403d1
report_seed17_agreement_filtered_ema_medseg_slice_006,medseg_slice_006,17,agreement_filtered_ema,detected_1__eligible_0__pixels_NA,True,False,,True,d876e4c6af02344d8ad832a161f3092892cc7e34e0e3141fcb33ab31a56403d1,d876e4c6af02344d8ad832a161f3092892cc7e34e0e3141fcb33ab31a56403d1
report_seed17_agreement_filtered_ema_medseg_slice_007,medseg_slice_007,17,agreement_filtered_ema,detected_1__eligible_0__pixels_NA,True,False,,True,d876e4c6af02344d8ad832a161f3092892cc7e34e0e3141fcb33ab31a56403d1,d876e4c6af02344d8ad832a161f3092892cc7e34e0e3141fcb33ab31a56403d1
report_seed17_agreement_filtered_ema_medseg_slice_008,medseg_slice_008,17,agreement_filtered_ema,detected_1__eligible_0__pixels_NA,True,False,,True,d876e4c6af02344d8ad832a161f3092892cc7e34e0e3141fcb33ab31a56403d1,d876e4c6af02344d8ad832a161f3092892cc7e34e0e3141fcb33ab31a56403d1
report_seed17_agreement_filtered_ema_medseg_slice_009,medseg_slice_009,17,agreement_filtered_ema,detected_1__eligible_0__pixels_NA,True,False,,True,d876e4c6af02344d8ad832a161f3092892cc7e34e0e3141fcb33ab31a56403d1,d876e4c6af02344d8ad832a161f3092892cc7e34e0e3141fcb33ab31a56403d1
report_seed17_agreement_filtered_ema_medseg_slice_010,medseg_slice_010,17,agreement_filtered_ema,detected_1__eligible_0__pixels_NA,True,False,,True,d876e4c6af02344d8ad832a161f3092892cc7e34e0e3141fcb33ab31a56403d1,d876e4c6af02344d8ad832a161f3092892cc7e34e0e3141fcb33ab31a56403d1
report_seed17_agreement_filtered_ema_medseg_slice_011,medseg_slice_011,17,agreement_filtered_ema,detected_1__eligible_0__pixels_NA,True,False,,True,d876e4c6af02344d8ad832a161f3092892cc7e34e0e3141fcb33ab31a56403d1,d876e4c6af02344d8ad832a161f3092892cc7e34e0e3141fcb33ab31a56403d1
report_seed17_agreement_filtered_ema_medseg_slice_012,medseg_slice_012,17,agreement_filtered_ema,detected_1__eligible_0__pixels_NA,True,False,,True,d876e4c6af02344d8ad832a161f3092892cc7e34e0e3141fcb33ab31a56403d1,d876e4c6af02344d8ad832a161f3092892cc7e34e0e3141fcb33ab31a56403d1
report_seed17_agreement_filtered_ema_medseg_slice_013,medseg_slice_013,17,agreement_filtered_ema,detected_1__eligible_0__pixels_NA,True,False,,True,d876e4c6af02344d8ad832a161f3092892cc7e34e0e3141fcb33ab31a56403d1,d876e4c6af02344d8ad832a161f3092892cc7e34e0e3141fcb33ab31a56403d1
report_seed17_agreement_filtered_ema_medseg_slice_014,medseg_slice_014,17,agreement_filtered_ema,detected_1__eligible_0__pixels_NA,True,False,,True,d876e4c6af02344d8ad832a161f3092892cc7e34e0e3141fcb33ab31a56403d1,d876e4c6af02344d8ad832a161f3092892cc7e34e0e3141fcb33ab31a56403d1
report_seed17_agreement_filtered_ema_medseg_slice_015,medseg_slice_015,17,agreement_filtered_ema,detected_1__eligible_0__pixels_NA,True,False,,True,d876e4c6af02344d8ad832a161f3092892cc7e34e0e3141fcb33ab31a56403d1,d876e4c6af02344d8ad832a161f3092892cc7e34e0e3141fcb33ab31a56403d1
report_seed17_agreement_filtered_ema_medseg_slice_016,medseg_slice_016,17,agreement_filtered_ema,detected_1__eligible_0__pixels_NA,True,False,,True,d876e4c6af02344d8ad832a161f3092892cc7e34e0e3141fcb33ab31a56403d1,d876e4c6af02344d8ad832a161f3092892cc7e34e0e3141fcb33ab31a56403d1
report_seed17_agreement_filtered_ema_medseg_slice_017,medseg_slice_017,17,agreement_filtered_ema,detected_1__eligible_0__pixels_NA,True,False,,True,d876e4c6af02344d8ad832a161f3092892cc7e34e0e3141fcb33ab31a56403d1,d876e4c6af02344d8ad832a161f3092892cc7e34e0e3141fcb33ab31a56403d1
report_seed17_agreement_filtered_ema_medseg_slice_018,medseg_slice_018,17,agreement_filtered_ema,detected_1__eligible_0__pixels_NA,True,False,,True,d876e4c6af02344d8ad832a161f3092892cc7e34e0e3141fcb33ab31a56403d1,d876e4c6af02344d8ad832a161f3092892cc7e34e0e3141fcb33ab31a56403d1
report_seed17_agreement_filtered_ema_medseg_slice_019,medseg_slice_019,17,agreement_filtered_ema,detected_1__eligible_0__pixels_NA,True,False,,True,d876e4c6af02344d8ad832a161f3092892cc7e34e0e3141fcb33ab31a56403d1,d876e4c6af02344d8ad832a161f3092892cc7e34e0e3141fcb33ab31a56403d1
report_seed17_agreement_filtered_ema_medseg_slice_020,medseg_slice_020,17,agreement_filtered_ema,detected_1__eligible_0__pixels_NA,True,False,,True,d876e4c6af02344d8ad832a161f3092892cc7e34e0e3141fcb33ab31a56403d1,d876e4c6af02344d8ad832a161f3092892cc7e34e0e3141fcb33ab31a56403d1
report_seed17_agreement_filtered_ema_medseg_slice_021,medseg_slice_021,17,agreement_filtered_ema,detected_1__eligible_0__pixels_NA,True,False,,True,d876e4c6af02344d8ad832a161f3092892cc7e34e0e3141fcb33ab31a56403d1,d876e4c6af02344d8ad832a161f3092892cc7e34e0e3141fcb33ab31a56403d1
report_seed17_agreement_filtered_ema_medseg_slice_022,medseg_slice_022,17,agreement_filtered_ema,detected_1__eligible_0__pixels_NA,True,False,,True,d876e4c6af02344d8ad832a161f3092892cc7e34e0e3141fcb33ab31a56403d1,d876e4c6af02344d8ad832a161f3092892cc7e34e0e3141fcb33ab31a56403d1
report_seed17_agreement_filtered_ema_medseg_slice_023,medseg_slice_023,17,agreement_filtered_ema,detected_1__eligible_0__pixels_NA,True,False,,True,d876e4c6af02344d8ad832a161f3092892cc7e34e0e3141fcb33ab31a56403d1,d876e4c6af02344d8ad832a161f3092892cc7e34e0e3141fcb33ab31a56403d1
report_seed17_agreement_filtered_ema_medseg_slice_024,medseg_slice_024,17,agreement_filtered_ema,detected_1__eligible_0__pixels_NA,True,False,,True,d876e4c6af02344d8ad832a161f3092892cc7e34e0e3141fcb33ab31a56403d1,d876e4c6af02344d8ad832a161f3092892cc7e34e0e3141fcb33ab31a56403d1
report_seed17_agreement_filtered_ema_medseg_slice_025,medseg_slice_025,17,agreement_filtered_ema,detected_1__eligible_0__pixels_NA,True,False,,True,d876e4c6af02344d8ad832a161f3092892cc7e34e0e3141fcb33ab31a56403d1,d876e4c6af02344d8ad832a161f3092892cc7e34e0e3141fcb33ab31a56403d1
report_seed17_agreement_filtered_ema_medseg_slice_026,medseg_slice_026,17,agreement_filtered_ema,detected_1__eligible_0__pixels_NA,True,False,,True,d876e4c6af02344d8ad832a161f3092892cc7e34e0e3141fcb33ab31a56403d1,d876e4c6af02344d8ad832a161f3092892cc7e34e0e3141fcb33ab31a56403d1
report_seed17_agreement_filtered_ema_medseg_slice_027,medseg_slice_027,17,agreement_filtered_ema,detected_1__eligible_0__pixels_NA,True,False,,True,d876e4c6af02344d8ad832a161f3092892cc7e34e0e3141fcb33ab31a56403d1,d876e4c6af02344d8ad832a161f3092892cc7e34e0e3141fcb33ab31a56403d1
report_seed17_agreement_filtered_ema_medseg_slice_028,medseg_slice_028,17,agreement_filtered_ema,detected_1__eligible_0__pixels_NA,True,False,,True,d876e4c6af02344d8ad832a161f3092892cc7e34e0e3141fcb33ab31a56403d1,d876e4c6af02344d8ad832a161f3092892cc7e34e0e3141fcb33ab31a56403d1
report_seed17_agreement_filtered_ema_medseg_slice_029,medseg_slice_029,17,agreement_filtered_ema,detected_1__eligible_0__pixels_NA,True,False,,True,d876e4c6af02344d8ad832a161f3092892cc7e34e0e3141fcb33ab31a56403d1,d876e4c6af02344d8ad832a161f3092892cc7e34e0e3141fcb33ab31a56403d1
report_seed17_agreement_filtered_ema_medseg_slice_030,medseg_slice_030,17,agreement_filtered_ema,detected_1__eligible_0__pixels_NA,True,False,,True,d876e4c6af02344d8ad832a161f3092892cc7e34e0e3141fcb33ab31a56403d1,d876e4c6af02344d8ad832a161f3092892cc7e34e0e3141fcb33ab31a56403d1
report_seed17_agreement_filtered_ema_medseg_slice_031,medseg_slice_031,17,agreement_filtered_ema,detected_1__eligible_0__pixels_NA,True,False,,True,d876e4c6af02344d8ad832a161f3092892cc7e34e0e3141fcb33ab31a56403d1,d876e4c6af02344d8ad832a161f3092892cc7e34e0e3141fcb33ab31a56403d1
report_seed17_agreement_filtered_ema_medseg_slice_032,medseg_slice_032,17,agreement_filtered_ema,detected_1__eligible_0__pixels_NA,True,False,,True,d876e4c6af02344d8ad832a161f3092892cc7e34e0e3141fcb33ab31a56403d1,d876e4c6af02344d8ad832a161f3092892cc7e34e0e3141fcb33ab31a56403d1
report_seed17_agreement_filtered_ema_medseg_slice_033,medseg_slice_033,17,agreement_filtered_ema,detected_1__eligible_0__pixels_NA,True,False,,True,d876e4c6af02344d8ad832a161f3092892cc7e34e0e3141fcb33ab31a56403d1,d876e4c6af02344d8ad832a161f3092892cc7e34e0e3141fcb33ab31a56403d1
report_seed17_agreement_filtered_ema_medseg_slice_034,medseg_slice_034,17,agreement_filtered_ema,detected_1__eligible_0__pixels_NA,True,False,,True,d876e4c6af02344d8ad832a161f3092892cc7e34e0e3141fcb33ab31a56403d1,d876e4c6af02344d8ad832a161f3092892cc7e34e0e3141fcb33ab31a56403d1
report_seed17_agreement_filtered_ema_medseg_slice_035,medseg_slice_035,17,agreement_filtered_ema,detected_1__eligible_0__pixels_NA,True,False,,True,d876e4c6af02344d8ad832a161f3092892cc7e34e0e3141fcb33ab31a56403d1,d876e4c6af02344d8ad832a161f3092892cc7e34e0e3141fcb33ab31a56403d1
report_seed17_agreement_filtered_ema_medseg_slice_036,medseg_slice_036,17,agreement_filtered_ema,detected_1__eligible_0__pixels_NA,True,False,,True,d876e4c6af02344d8ad832a161f3092892cc7e34e0e3141fcb33ab31a56403d1,d876e4c6af02344d8ad832a161f3092892cc7e34e0e3141fcb33ab31a56403d1
report_seed17_agreement_filtered_ema_medseg_slice_037,medseg_slice_037,17,agreement_filtered_ema,detected_1__eligible_0__pixels_NA,True,False,,True,d876e4c6af02344d8ad832a161f3092892cc7e34e0e3141fcb33ab31a56403d1,d876e4c6af02344d8ad832a161f3092892cc7e34e0e3141fcb33ab31a56403d1
report_seed17_agreement_filtered_ema_medseg_slice_038,medseg_slice_038,17,agreement_filtered_ema,detected_1__eligible_0__pixels_NA,True,False,,True,d876e4c6af02344d8ad832a161f3092892cc7e34e0e3141fcb33ab31a56403d1,d876e4c6af02344d8ad832a161f3092892cc7e34e0e3141fcb33ab31a56403d1
report_seed17_agreement_filtered_ema_medseg_slice_039,medseg_slice_039,17,agreement_filtered_ema,detected_1__eligible_0__pixels_NA,True,False,,True,d876e4c6af02344d8ad832a161f3092892cc7e34e0e3141fcb33ab31a56403d1,d876e4c6af02344d8ad832a161f3092892cc7e34e0e3141fcb33ab31a56403d1
report_seed17_agreement_filtered_ema_medseg_slice_040,medseg_slice_040,17,agreement_filtered_ema,detected_1__eligible_0__pixels_NA,True,False,,True,d876e4c6af02344d8ad832a161f3092892cc7e34e0e3141fcb33ab31a56403d1,d876e4c6af02344d8ad832a161f3092892cc7e34e0e3141fcb33ab31a56403d1
report_seed17_agreement_filtered_ema_medseg_slice_041,medseg_slice_041,17,agreement_filtered_ema,detected_1__eligible_0__pixels_NA,True,False,,True,d876e4c6af02344d8ad832a161f3092892cc7e34e0e3141fcb33ab31a56403d1,d876e4c6af02344d8ad832a161f3092892cc7e34e0e3141fcb33ab31a56403d1
report_seed17_agreement_filtered_ema_medseg_slice_042,medseg_slice_042,17,agreement_filtered_ema,detected_1__eligible_0__pixels_NA,True,False,,True,d876e4c6af02344d8ad832a161f3092892cc7e34e0e3141fcb33ab31a56403d1,d876e4c6af02344d8ad832a161f3092892cc7e34e0e3141fcb33ab31a56403d1
report_seed17_agreement_filtered_ema_medseg_slice_043,medseg_slice_043,17,agreement_filtered_ema,detected_1__eligible_0__pixels_NA,True,False,,True,d876e4c6af02344d8ad832a161f3092892cc7e34e0e3141fcb33ab31a56403d1,d876e4c6af02344d8ad832a161f3092892cc7e34e0e3141fcb33ab31a56403d1
report_seed17_agreement_filtered_ema_medseg_slice_044,medseg_slice_044,17,agreement_filtered_ema,detected_1__eligible_0__pixels_NA,True,False,,True,d876e4c6af02344d8ad832a161f3092892cc7e34e0e3141fcb33ab31a56403d1,d876e4c6af02344d8ad832a161f3092892cc7e34e0e3141fcb33ab31a56403d1
report_seed17_agreement_filtered_ema_medseg_slice_045,medseg_slice_045,17,agreement_filtered_ema,detected_1__eligible_0__pixels_NA,True,False,,True,d876e4c6af02344d8ad832a161f3092892cc7e34e0e3141fcb33ab31a56403d1,d876e4c6af02344d8ad832a161f3092892cc7e34e0e3141fcb33ab31a56403d1
report_seed17_agreement_filtered_ema_medseg_slice_046,medseg_slice_046,17,agreement_filtered_ema,detected_1__eligible_0__pixels_NA,True,False,,True,d876e4c6af02344d8ad832a161f3092892cc7e34e0e3141fcb33ab31a56403d1,d876e4c6af02344d8ad832a161f3092892cc7e34e0e3141fcb33ab31a56403d1
report_seed17_agreement_filtered_ema_medseg_slice_047,medseg_slice_047,17,agreement_filtered_ema,detected_1__eligible_0__pixels_NA,True,False,,True,d876e4c6af02344d8ad832a161f3092892cc7e34e0e3141fcb33ab31a56403d1,d876e4c6af02344d8ad832a161f3092892cc7e34e0e3141fcb33ab31a56403d1
report_seed17_agreement_filtered_ema_medseg_slice_048,medseg_slice_048,17,agreement_filtered_ema,detected_0__eligible_1__pixels_0,False,True,empty_prediction_wording,True,d351aefecc1f8a27ac91da57998a2f138369c1ffd5a86baf26308ee90f560504,4d6bf74566a2d0f8e9be8e2f78ffb18c365b09714a87ec39562a0ca7389fe036
report_seed17_agreement_filtered_ema_medseg_slice_049,medseg_slice_049,17,agreement_filtered_ema,detected_1__eligible_0__pixels_NA,True,False,,True,d876e4c6af02344d8ad832a161f3092892cc7e34e0e3141fcb33ab31a56403d1,d876e4c6af02344d8ad832a161f3092892cc7e34e0e3141fcb33ab31a56403d1
report_seed17_agreement_filtered_ema_medseg_slice_050,medseg_slice_050,17,agreement_filtered_ema,detected_1__eligible_0__pixels_NA,True,False,,True,d876e4c6af02344d8ad832a161f3092892cc7e34e0e3141fcb33ab31a56403d1,d876e4c6af02344d8ad832a161f3092892cc7e34e0e3141fcb33ab31a56403d1
report_seed17_agreement_filtered_ema_medseg_slice_051,medseg_slice_051,17,agreement_filtered_ema,detected_1__eligible_0__pixels_NA,True,False,,True,d876e4c6af02344d8ad832a161f3092892cc7e34e0e3141fcb33ab31a56403d1,d876e4c6af02344d8ad832a161f3092892cc7e34e0e3141fcb33ab31a56403d1
report_seed17_agreement_filtered_ema_medseg_slice_052,medseg_slice_052,17,agreement_filtered_ema,detected_1__eligible_0__pixels_NA,True,False,,True,d876e4c6af02344d8ad832a161f3092892cc7e34e0e3141fcb33ab31a56403d1,d876e4c6af02344d8ad832a161f3092892cc7e34e0e3141fcb33ab31a56403d1
report_seed17_agreement_filtered_ema_medseg_slice_053,medseg_slice_053,17,agreement_filtered_ema,detected_1__eligible_0__pixels_NA,True,False,,True,d876e4c6af02344d8ad832a161f3092892cc7e34e0e3141fcb33ab31a56403d1,d876e4c6af02344d8ad832a161f3092892cc7e34e0e3141fcb33ab31a56403d1
report_seed17_agreement_filtered_ema_medseg_slice_054,medseg_slice_054,17,agreement_filtered_ema,detected_1__eligible_0__pixels_NA,True,False,,True,d876e4c6af02344d8ad832a161f3092892cc7e34e0e3141fcb33ab31a56403d1,d876e4c6af02344d8ad832a161f3092892cc7e34e0e3141fcb33ab31a56403d1
report_seed17_agreement_filtered_ema_medseg_slice_055,medseg_slice_055,17,agreement_filtered_ema,detected_1__eligible_0__pixels_NA,True,False,,True,d876e4c6af02344d8ad832a161f3092892cc7e34e0e3141fcb33ab31a56403d1,d876e4c6af02344d8ad832a161f3092892cc7e34e0e3141fcb33ab31a56403d1
report_seed17_agreement_filtered_ema_medseg_slice_056,medseg_slice_056,17,agreement_filtered_ema,detected_1__eligible_0__pixels_NA,True,False,,True,d876e4c6af02344d8ad832a161f3092892cc7e34e0e3141fcb33ab31a56403d1,d876e4c6af02344d8ad832a161f3092892cc7e34e0e3141fcb33ab31a56403d1
report_seed17_agreement_filtered_ema_medseg_slice_057,medseg_slice_057,17,agreement_filtered_ema,detected_1__eligible_0__pixels_NA,True,False,,True,d876e4c6af02344d8ad832a161f3092892cc7e34e0e3141fcb33ab31a56403d1,d876e4c6af02344d8ad832a161f3092892cc7e34e0e3141fcb33ab31a56403d1
report_seed17_agreement_filtered_ema_medseg_slice_058,medseg_slice_058,17,agreement_filtered_ema,detected_1__eligible_0__pixels_NA,True,False,,True,d876e4c6af02344d8ad832a161f3092892cc7e34e0e3141fcb33ab31a56403d1,d876e4c6af02344d8ad832a161f3092892cc7e34e0e3141fcb33ab31a56403d1
report_seed17_agreement_filtered_ema_medseg_slice_059,medseg_slice_059,17,agreement_filtered_ema,detected_1__eligible_0__pixels_NA,True,False,,True,d876e4c6af02344d8ad832a161f3092892cc7e34e0e3141fcb33ab31a56403d1,d876e4c6af02344d8ad832a161f3092892cc7e34e0e3141fcb33ab31a56403d1
report_seed17_agreement_filtered_ema_medseg_slice_060,medseg_slice_060,17,agreement_filtered_ema,detected_1__eligible_0__pixels_NA,True,False,,True,d876e4c6af02344d8ad832a161f3092892cc7e34e0e3141fcb33ab31a56403d1,d876e4c6af02344d8ad832a161f3092892cc7e34e0e3141fcb33ab31a56403d1
report_seed17_agreement_filtered_ema_medseg_slice_061,medseg_slice_061,17,agreement_filtered_ema,detected_1__eligible_0__pixels_NA,True,False,,True,d876e4c6af02344d8ad832a161f3092892cc7e34e0e3141fcb33ab31a56403d1,d876e4c6af02344d8ad832a161f3092892cc7e34e0e3141fcb33ab31a56403d1
report_seed17_agreement_filtered_ema_medseg_slice_062,medseg_slice_062,17,agreement_filtered_ema,detected_1__eligible_0__pixels_NA,True,False,,True,d876e4c6af02344d8ad832a161f3092892cc7e34e0e3141fcb33ab31a56403d1,d876e4c6af02344d8ad832a161f3092892cc7e34e0e3141fcb33ab31a56403d1
report_seed17_agreement_filtered_ema_medseg_slice_063,medseg_slice_063,17,agreement_filtered_ema,detected_1__eligible_0__pixels_NA,True,False,,True,d876e4c6af02344d8ad832a161f3092892cc7e34e0e3141fcb33ab31a56403d1,d876e4c6af02344d8ad832a161f3092892cc7e34e0e3141fcb33ab31a56403d1
report_seed17_agreement_filtered_ema_medseg_slice_064,medseg_slice_064,17,agreement_filtered_ema,detected_1__eligible_1__pixels_2132,True,False,,True,0af0d74bb7023cacd00a9fbe31da26c0303410c2b8922511d017e0e6d83561d4,0af0d74bb7023cacd00a9fbe31da26c0303410c2b8922511d017e0e6d83561d4
report_seed17_agreement_filtered_ema_medseg_slice_065,medseg_slice_065,17,agreement_filtered_ema,detected_1__eligible_0__pixels_NA,True,False,,True,d876e4c6af02344d8ad832a161f3092892cc7e34e0e3141fcb33ab31a56403d1,d876e4c6af02344d8ad832a161f3092892cc7e34e0e3141fcb33ab31a56403d1
report_seed17_agreement_filtered_ema_medseg_slice_066,medseg_slice_066,17,agreement_filtered_ema,detected_1__eligible_1__pixels_1331,True,False,,True,d7d16be7eea3cd580be32d2cdb6b4fbeee056c5099f4929f76465e22f7a35de1,d7d16be7eea3cd580be32d2cdb6b4fbeee056c5099f4929f76465e22f7a35de1
report_seed17_agreement_filtered_ema_medseg_slice_067,medseg_slice_067,17,agreement_filtered_ema,detected_1__eligible_0__pixels_NA,True,False,,True,d876e4c6af02344d8ad832a161f3092892cc7e34e0e3141fcb33ab31a56403d1,d876e4c6af02344d8ad832a161f3092892cc7e34e0e3141fcb33ab31a56403d1
report_seed17_agreement_filtered_ema_medseg_slice_068,medseg_slice_068,17,agreement_filtered_ema,detected_1__eligible_0__pixels_NA,True,False,,True,d876e4c6af02344d8ad832a161f3092892cc7e34e0e3141fcb33ab31a56403d1,d876e4c6af02344d8ad832a161f3092892cc7e34e0e3141fcb33ab31a56403d1
report_seed17_agreement_filtered_ema_medseg_slice_069,medseg_slice_069,17,agreement_filtered_ema,detected_1__eligible_0__pixels_NA,True,False,,True,d876e4c6af02344d8ad832a161f3092892cc7e34e0e3141fcb33ab31a56403d1,d876e4c6af02344d8ad832a161f3092892cc7e34e0e3141fcb33ab31a56403d1
report_seed17_agreement_filtered_ema_medseg_slice_070,medseg_slice_070,17,agreement_filtered_ema,detected_1__eligible_0__pixels_NA,True,False,,True,d876e4c6af02344d8ad832a161f3092892cc7e34e0e3141fcb33ab31a56403d1,d876e4c6af02344d8ad832a161f3092892cc7e34e0e3141fcb33ab31a56403d1
report_seed17_agreement_filtered_ema_medseg_slice_071,medseg_slice_071,17,agreement_filtered_ema,detected_1__eligible_0__pixels_NA,True,False,,True,d876e4c6af02344d8ad832a161f3092892cc7e34e0e3141fcb33ab31a56403d1,d876e4c6af02344d8ad832a161f3092892cc7e34e0e3141fcb33ab31a56403d1
report_seed17_agreement_filtered_ema_medseg_slice_072,medseg_slice_072,17,agreement_filtered_ema,detected_1__eligible_0__pixels_NA,True,False,,True,d876e4c6af02344d8ad832a161f3092892cc7e34e0e3141fcb33ab31a56403d1,d876e4c6af02344d8ad832a161f3092892cc7e34e0e3141fcb33ab31a56403d1
report_seed17_agreement_filtered_ema_medseg_slice_073,medseg_slice_073,17,agreement_filtered_ema,detected_1__eligible_0__pixels_NA,True,False,,True,d876e4c6af02344d8ad832a161f3092892cc7e34e0e3141fcb33ab31a56403d1,d876e4c6af02344d8ad832a161f3092892cc7e34e0e3141fcb33ab31a56403d1
report_seed17_agreement_filtered_ema_medseg_slice_074,medseg_slice_074,17,agreement_filtered_ema,detected_1__eligible_0__pixels_NA,True,False,,True,d876e4c6af02344d8ad832a161f3092892cc7e34e0e3141fcb33ab31a56403d1,d876e4c6af02344d8ad832a161f3092892cc7e34e0e3141fcb33ab31a56403d1
report_seed17_agreement_filtered_ema_medseg_slice_075,medseg_slice_075,17,agreement_filtered_ema,detected_1__eligible_0__pixels_NA,True,False,,True,d876e4c6af02344d8ad832a161f3092892cc7e34e0e3141fcb33ab31a56403d1,d876e4c6af02344d8ad832a161f3092892cc7e34e0e3141fcb33ab31a56403d1
report_seed17_agreement_filtered_ema_medseg_slice_076,medseg_slice_076,17,agreement_filtered_ema,detected_1__eligible_0__pixels_NA,True,False,,True,d876e4c6af02344d8ad832a161f3092892cc7e34e0e3141fcb33ab31a56403d1,d876e4c6af02344d8ad832a161f3092892cc7e34e0e3141fcb33ab31a56403d1
report_seed17_agreement_filtered_ema_medseg_slice_077,medseg_slice_077,17,agreement_filtered_ema,detected_1__eligible_0__pixels_NA,True,False,,True,d876e4c6af02344d8ad832a161f3092892cc7e34e0e3141fcb33ab31a56403d1,d876e4c6af02344d8ad832a161f3092892cc7e34e0e3141fcb33ab31a56403d1
report_seed17_agreement_filtered_ema_medseg_slice_078,medseg_slice_078,17,agreement_filtered_ema,detected_1__eligible_0__pixels_NA,True,False,,True,d876e4c6af02344d8ad832a161f3092892cc7e34e0e3141fcb33ab31a56403d1,d876e4c6af02344d8ad832a161f3092892cc7e34e0e3141fcb33ab31a56403d1
report_seed17_agreement_filtered_ema_medseg_slice_079,medseg_slice_079,17,agreement_filtered_ema,detected_1__eligible_0__pixels_NA,True,False,,True,d876e4c6af02344d8ad832a161f3092892cc7e34e0e3141fcb33ab31a56403d1,d876e4c6af02344d8ad832a161f3092892cc7e34e0e3141fcb33ab31a56403d1
report_seed17_agreement_filtered_ema_medseg_slice_080,medseg_slice_080,17,agreement_filtered_ema,detected_1__eligible_0__pixels_NA,True,False,,True,d876e4c6af02344d8ad832a161f3092892cc7e34e0e3141fcb33ab31a56403d1,d876e4c6af02344d8ad832a161f3092892cc7e34e0e3141fcb33ab31a56403d1
report_seed17_agreement_filtered_ema_medseg_slice_081,medseg_slice_081,17,agreement_filtered_ema,detected_1__eligible_0__pixels_NA,True,False,,True,d876e4c6af02344d8ad832a161f3092892cc7e34e0e3141fcb33ab31a56403d1,d876e4c6af02344d8ad832a161f3092892cc7e34e0e3141fcb33ab31a56403d1
report_seed17_agreement_filtered_ema_medseg_slice_082,medseg_slice_082,17,agreement_filtered_ema,detected_1__eligible_0__pixels_NA,True,False,,True,d876e4c6af02344d8ad832a161f3092892cc7e34e0e3141fcb33ab31a56403d1,d876e4c6af02344d8ad832a161f3092892cc7e34e0e3141fcb33ab31a56403d1
report_seed17_agreement_filtered_ema_medseg_slice_083,medseg_slice_083,17,agreement_filtered_ema,detected_1__eligible_0__pixels_NA,True,False,,True,d876e4c6af02344d8ad832a161f3092892cc7e34e0e3141fcb33ab31a56403d1,d876e4c6af02344d8ad832a161f3092892cc7e34e0e3141fcb33ab31a56403d1
report_seed17_agreement_filtered_ema_medseg_slice_084,medseg_slice_084,17,agreement_filtered_ema,detected_1__eligible_0__pixels_NA,True,False,,True,d876e4c6af02344d8ad832a161f3092892cc7e34e0e3141fcb33ab31a56403d1,d876e4c6af02344d8ad832a161f3092892cc7e34e0e3141fcb33ab31a56403d1
report_seed17_agreement_filtered_ema_medseg_slice_085,medseg_slice_085,17,agreement_filtered_ema,detected_1__eligible_0__pixels_NA,True,False,,True,d876e4c6af02344d8ad832a161f3092892cc7e34e0e3141fcb33ab31a56403d1,d876e4c6af02344d8ad832a161f3092892cc7e34e0e3141fcb33ab31a56403d1
report_seed17_agreement_filtered_ema_medseg_slice_086,medseg_slice_086,17,agreement_filtered_ema,detected_1__eligible_0__pixels_NA,True,False,,True,d876e4c6af02344d8ad832a161f3092892cc7e34e0e3141fcb33ab31a56403d1,d876e4c6af02344d8ad832a161f3092892cc7e34e0e3141fcb33ab31a56403d1
report_seed17_agreement_filtered_ema_medseg_slice_087,medseg_slice_087,17,agreement_filtered_ema,detected_1__eligible_0__pixels_NA,True,False,,True,d876e4c6af02344d8ad832a161f3092892cc7e34e0e3141fcb33ab31a56403d1,d876e4c6af02344d8ad832a161f3092892cc7e34e0e3141fcb33ab31a56403d1
report_seed17_agreement_filtered_ema_medseg_slice_088,medseg_slice_088,17,agreement_filtered_ema,detected_1__eligible_0__pixels_NA,True,False,,True,d876e4c6af02344d8ad832a161f3092892cc7e34e0e3141fcb33ab31a56403d1,d876e4c6af02344d8ad832a161f3092892cc7e34e0e3141fcb33ab31a56403d1
report_seed17_agreement_filtered_ema_medseg_slice_089,medseg_slice_089,17,agreement_filtered_ema,detected_1__eligible_1__pixels_970,True,False,,True,5d902e5a33f2d64d5e44f3a6f4277adeba6f02a4ac627db503dedf7e2db42f7f,5d902e5a33f2d64d5e44f3a6f4277adeba6f02a4ac627db503dedf7e2db42f7f
report_seed17_agreement_filtered_ema_medseg_slice_090,medseg_slice_090,17,agreement_filtered_ema,detected_1__eligible_0__pixels_NA,True,False,,True,d876e4c6af02344d8ad832a161f3092892cc7e34e0e3141fcb33ab31a56403d1,d876e4c6af02344d8ad832a161f3092892cc7e34e0e3141fcb33ab31a56403d1
report_seed17_agreement_filtered_ema_medseg_slice_091,medseg_slice_091,17,agreement_filtered_ema,detected_1__eligible_0__pixels_NA,True,False,,True,d876e4c6af02344d8ad832a161f3092892cc7e34e0e3141fcb33ab31a56403d1,d876e4c6af02344d8ad832a161f3092892cc7e34e0e3141fcb33ab31a56403d1
report_seed17_agreement_filtered_ema_medseg_slice_092,medseg_slice_092,17,agreement_filtered_ema,detected_1__eligible_0__pixels_NA,True,False,,True,d876e4c6af02344d8ad832a161f3092892cc7e34e0e3141fcb33ab31a56403d1,d876e4c6af02344d8ad832a161f3092892cc7e34e0e3141fcb33ab31a56403d1
report_seed17_agreement_filtered_ema_medseg_slice_093,medseg_slice_093,17,agreement_filtered_ema,detected_1__eligible_0__pixels_NA,True,False,,True,d876e4c6af02344d8ad832a161f3092892cc7e34e0e3141fcb33ab31a56403d1,d876e4c6af02344d8ad832a161f3092892cc7e34e0e3141fcb33ab31a56403d1
report_seed17_agreement_filtered_ema_medseg_slice_094,medseg_slice_094,17,agreement_filtered_ema,detected_1__eligible_0__pixels_NA,True,False,,True,d876e4c6af02344d8ad832a161f3092892cc7e34e0e3141fcb33ab31a56403d1,d876e4c6af02344d8ad832a161f3092892cc7e34e0e3141fcb33ab31a56403d1
report_seed17_agreement_filtered_ema_medseg_slice_095,medseg_slice_095,17,agreement_filtered_ema,detected_1__eligible_0__pixels_NA,True,False,,True,d876e4c6af02344d8ad832a161f3092892cc7e34e0e3141fcb33ab31a56403d1,d876e4c6af02344d8ad832a161f3092892cc7e34e0e3141fcb33ab31a56403d1
report_seed17_agreement_filtered_ema_medseg_slice_096,medseg_slice_096,17,agreement_filtered_ema,detected_1__eligible_0__pixels_NA,True,False,,True,d876e4c6af02344d8ad832a161f3092892cc7e34e0e3141fcb33ab31a56403d1,d876e4c6af02344d8ad832a161f3092892cc7e34e0e3141fcb33ab31a56403d1
report_seed17_agreement_filtered_ema_medseg_slice_097,medseg_slice_097,17,agreement_filtered_ema,detected_1__eligible_0__pixels_NA,True,False,,True,d876e4c6af02344d8ad832a161f3092892cc7e34e0e3141fcb33ab31a56403d1,d876e4c6af02344d8ad832a161f3092892cc7e34e0e3141fcb33ab31a56403d1
report_seed17_agreement_filtered_ema_medseg_slice_098,medseg_slice_098,17,agreement_filtered_ema,detected_1__eligible_0__pixels_NA,True,False,,True,d876e4c6af02344d8ad832a161f3092892cc7e34e0e3141fcb33ab31a56403d1,d876e4c6af02344d8ad832a161f3092892cc7e34e0e3141fcb33ab31a56403d1
report_seed17_agreement_filtered_ema_medseg_slice_099,medseg_slice_099,17,agreement_filtered_ema,detected_1__eligible_0__pixels_NA,True,False,,True,d876e4c6af02344d8ad832a161f3092892cc7e34e0e3141fcb33ab31a56403d1,d876e4c6af02344d8ad832a161f3092892cc7e34e0e3141fcb33ab31a56403d1
report_seed42_supervised_medseg_slice_000,medseg_slice_000,42,supervised,detected_1__eligible_0__pixels_NA,True,False,,True,d876e4c6af02344d8ad832a161f3092892cc7e34e0e3141fcb33ab31a56403d1,d876e4c6af02344d8ad832a161f3092892cc7e34e0e3141fcb33ab31a56403d1
report_seed42_supervised_medseg_slice_001,medseg_slice_001,42,supervised,detected_1__eligible_0__pixels_NA,True,False,,True,d876e4c6af02344d8ad832a161f3092892cc7e34e0e3141fcb33ab31a56403d1,d876e4c6af02344d8ad832a161f3092892cc7e34e0e3141fcb33ab31a56403d1
report_seed42_supervised_medseg_slice_002,medseg_slice_002,42,supervised,detected_1__eligible_1__pixels_666,True,False,,True,2582af6a0440bdf3f5d139326372caa442c6b12f3b4ba503d244765046f217c8,2582af6a0440bdf3f5d139326372caa442c6b12f3b4ba503d244765046f217c8
report_seed42_supervised_medseg_slice_003,medseg_slice_003,42,supervised,detected_1__eligible_0__pixels_NA,True,False,,True,d876e4c6af02344d8ad832a161f3092892cc7e34e0e3141fcb33ab31a56403d1,d876e4c6af02344d8ad832a161f3092892cc7e34e0e3141fcb33ab31a56403d1
report_seed42_supervised_medseg_slice_004,medseg_slice_004,42,supervised,detected_1__eligible_0__pixels_NA,True,False,,True,d876e4c6af02344d8ad832a161f3092892cc7e34e0e3141fcb33ab31a56403d1,d876e4c6af02344d8ad832a161f3092892cc7e34e0e3141fcb33ab31a56403d1
report_seed42_supervised_medseg_slice_005,medseg_slice_005,42,supervised,detected_1__eligible_0__pixels_NA,True,False,,True,d876e4c6af02344d8ad832a161f3092892cc7e34e0e3141fcb33ab31a56403d1,d876e4c6af02344d8ad832a161f3092892cc7e34e0e3141fcb33ab31a56403d1
report_seed42_supervised_medseg_slice_006,medseg_slice_006,42,supervised,detected_1__eligible_0__pixels_NA,True,False,,True,d876e4c6af02344d8ad832a161f3092892cc7e34e0e3141fcb33ab31a56403d1,d876e4c6af02344d8ad832a161f3092892cc7e34e0e3141fcb33ab31a56403d1
report_seed42_supervised_medseg_slice_007,medseg_slice_007,42,supervised,detected_1__eligible_0__pixels_NA,True,False,,True,d876e4c6af02344d8ad832a161f3092892cc7e34e0e3141fcb33ab31a56403d1,d876e4c6af02344d8ad832a161f3092892cc7e34e0e3141fcb33ab31a56403d1
report_seed42_supervised_medseg_slice_008,medseg_slice_008,42,supervised,detected_1__eligible_0__pixels_NA,True,False,,True,d876e4c6af02344d8ad832a161f3092892cc7e34e0e3141fcb33ab31a56403d1,d876e4c6af02344d8ad832a161f3092892cc7e34e0e3141fcb33ab31a56403d1
report_seed42_supervised_medseg_slice_009,medseg_slice_009,42,supervised,detected_1__eligible_0__pixels_NA,True,False,,True,d876e4c6af02344d8ad832a161f3092892cc7e34e0e3141fcb33ab31a56403d1,d876e4c6af02344d8ad832a161f3092892cc7e34e0e3141fcb33ab31a56403d1
report_seed42_supervised_medseg_slice_010,medseg_slice_010,42,supervised,detected_1__eligible_0__pixels_NA,True,False,,True,d876e4c6af02344d8ad832a161f3092892cc7e34e0e3141fcb33ab31a56403d1,d876e4c6af02344d8ad832a161f3092892cc7e34e0e3141fcb33ab31a56403d1
report_seed42_supervised_medseg_slice_011,medseg_slice_011,42,supervised,detected_1__eligible_0__pixels_NA,True,False,,True,d876e4c6af02344d8ad832a161f3092892cc7e34e0e3141fcb33ab31a56403d1,d876e4c6af02344d8ad832a161f3092892cc7e34e0e3141fcb33ab31a56403d1
report_seed42_supervised_medseg_slice_012,medseg_slice_012,42,supervised,detected_1__eligible_0__pixels_NA,True,False,,True,d876e4c6af02344d8ad832a161f3092892cc7e34e0e3141fcb33ab31a56403d1,d876e4c6af02344d8ad832a161f3092892cc7e34e0e3141fcb33ab31a56403d1
report_seed42_supervised_medseg_slice_013,medseg_slice_013,42,supervised,detected_1__eligible_0__pixels_NA,True,False,,True,d876e4c6af02344d8ad832a161f3092892cc7e34e0e3141fcb33ab31a56403d1,d876e4c6af02344d8ad832a161f3092892cc7e34e0e3141fcb33ab31a56403d1
report_seed42_supervised_medseg_slice_014,medseg_slice_014,42,supervised,detected_1__eligible_0__pixels_NA,True,False,,True,d876e4c6af02344d8ad832a161f3092892cc7e34e0e3141fcb33ab31a56403d1,d876e4c6af02344d8ad832a161f3092892cc7e34e0e3141fcb33ab31a56403d1
report_seed42_supervised_medseg_slice_015,medseg_slice_015,42,supervised,detected_1__eligible_0__pixels_NA,True,False,,True,d876e4c6af02344d8ad832a161f3092892cc7e34e0e3141fcb33ab31a56403d1,d876e4c6af02344d8ad832a161f3092892cc7e34e0e3141fcb33ab31a56403d1
report_seed42_supervised_medseg_slice_016,medseg_slice_016,42,supervised,detected_1__eligible_0__pixels_NA,True,False,,True,d876e4c6af02344d8ad832a161f3092892cc7e34e0e3141fcb33ab31a56403d1,d876e4c6af02344d8ad832a161f3092892cc7e34e0e3141fcb33ab31a56403d1
report_seed42_supervised_medseg_slice_017,medseg_slice_017,42,supervised,detected_1__eligible_0__pixels_NA,True,False,,True,d876e4c6af02344d8ad832a161f3092892cc7e34e0e3141fcb33ab31a56403d1,d876e4c6af02344d8ad832a161f3092892cc7e34e0e3141fcb33ab31a56403d1
report_seed42_supervised_medseg_slice_018,medseg_slice_018,42,supervised,detected_1__eligible_0__pixels_NA,True,False,,True,d876e4c6af02344d8ad832a161f3092892cc7e34e0e3141fcb33ab31a56403d1,d876e4c6af02344d8ad832a161f3092892cc7e34e0e3141fcb33ab31a56403d1
report_seed42_supervised_medseg_slice_019,medseg_slice_019,42,supervised,detected_1__eligible_0__pixels_NA,True,False,,True,d876e4c6af02344d8ad832a161f3092892cc7e34e0e3141fcb33ab31a56403d1,d876e4c6af02344d8ad832a161f3092892cc7e34e0e3141fcb33ab31a56403d1
report_seed42_supervised_medseg_slice_020,medseg_slice_020,42,supervised,detected_1__eligible_0__pixels_NA,True,False,,True,d876e4c6af02344d8ad832a161f3092892cc7e34e0e3141fcb33ab31a56403d1,d876e4c6af02344d8ad832a161f3092892cc7e34e0e3141fcb33ab31a56403d1
report_seed42_supervised_medseg_slice_021,medseg_slice_021,42,supervised,detected_1__eligible_0__pixels_NA,True,False,,True,d876e4c6af02344d8ad832a161f3092892cc7e34e0e3141fcb33ab31a56403d1,d876e4c6af02344d8ad832a161f3092892cc7e34e0e3141fcb33ab31a56403d1
report_seed42_supervised_medseg_slice_022,medseg_slice_022,42,supervised,detected_1__eligible_0__pixels_NA,True,False,,True,d876e4c6af02344d8ad832a161f3092892cc7e34e0e3141fcb33ab31a56403d1,d876e4c6af02344d8ad832a161f3092892cc7e34e0e3141fcb33ab31a56403d1
report_seed42_supervised_medseg_slice_023,medseg_slice_023,42,supervised,detected_1__eligible_0__pixels_NA,True,False,,True,d876e4c6af02344d8ad832a161f3092892cc7e34e0e3141fcb33ab31a56403d1,d876e4c6af02344d8ad832a161f3092892cc7e34e0e3141fcb33ab31a56403d1
report_seed42_supervised_medseg_slice_024,medseg_slice_024,42,supervised,detected_1__eligible_0__pixels_NA,True,False,,True,d876e4c6af02344d8ad832a161f3092892cc7e34e0e3141fcb33ab31a56403d1,d876e4c6af02344d8ad832a161f3092892cc7e34e0e3141fcb33ab31a56403d1
report_seed42_supervised_medseg_slice_025,medseg_slice_025,42,supervised,detected_1__eligible_0__pixels_NA,True,False,,True,d876e4c6af02344d8ad832a161f3092892cc7e34e0e3141fcb33ab31a56403d1,d876e4c6af02344d8ad832a161f3092892cc7e34e0e3141fcb33ab31a56403d1
report_seed42_supervised_medseg_slice_026,medseg_slice_026,42,supervised,detected_1__eligible_0__pixels_NA,True,False,,True,d876e4c6af02344d8ad832a161f3092892cc7e34e0e3141fcb33ab31a56403d1,d876e4c6af02344d8ad832a161f3092892cc7e34e0e3141fcb33ab31a56403d1
report_seed42_supervised_medseg_slice_027,medseg_slice_027,42,supervised,detected_1__eligible_0__pixels_NA,True,False,,True,d876e4c6af02344d8ad832a161f3092892cc7e34e0e3141fcb33ab31a56403d1,d876e4c6af02344d8ad832a161f3092892cc7e34e0e3141fcb33ab31a56403d1
report_seed42_supervised_medseg_slice_028,medseg_slice_028,42,supervised,detected_1__eligible_0__pixels_NA,True,False,,True,d876e4c6af02344d8ad832a161f3092892cc7e34e0e3141fcb33ab31a56403d1,d876e4c6af02344d8ad832a161f3092892cc7e34e0e3141fcb33ab31a56403d1
report_seed42_supervised_medseg_slice_029,medseg_slice_029,42,supervised,detected_1__eligible_0__pixels_NA,True,False,,True,d876e4c6af02344d8ad832a161f3092892cc7e34e0e3141fcb33ab31a56403d1,d876e4c6af02344d8ad832a161f3092892cc7e34e0e3141fcb33ab31a56403d1
report_seed42_supervised_medseg_slice_030,medseg_slice_030,42,supervised,detected_1__eligible_0__pixels_NA,True,False,,True,d876e4c6af02344d8ad832a161f3092892cc7e34e0e3141fcb33ab31a56403d1,d876e4c6af02344d8ad832a161f3092892cc7e34e0e3141fcb33ab31a56403d1
report_seed42_supervised_medseg_slice_031,medseg_slice_031,42,supervised,detected_1__eligible_0__pixels_NA,True,False,,True,d876e4c6af02344d8ad832a161f3092892cc7e34e0e3141fcb33ab31a56403d1,d876e4c6af02344d8ad832a161f3092892cc7e34e0e3141fcb33ab31a56403d1
report_seed42_supervised_medseg_slice_032,medseg_slice_032,42,supervised,detected_1__eligible_0__pixels_NA,True,False,,True,d876e4c6af02344d8ad832a161f3092892cc7e34e0e3141fcb33ab31a56403d1,d876e4c6af02344d8ad832a161f3092892cc7e34e0e3141fcb33ab31a56403d1
report_seed42_supervised_medseg_slice_033,medseg_slice_033,42,supervised,detected_1__eligible_0__pixels_NA,True,False,,True,d876e4c6af02344d8ad832a161f3092892cc7e34e0e3141fcb33ab31a56403d1,d876e4c6af02344d8ad832a161f3092892cc7e34e0e3141fcb33ab31a56403d1
report_seed42_supervised_medseg_slice_034,medseg_slice_034,42,supervised,detected_1__eligible_0__pixels_NA,True,False,,True,d876e4c6af02344d8ad832a161f3092892cc7e34e0e3141fcb33ab31a56403d1,d876e4c6af02344d8ad832a161f3092892cc7e34e0e3141fcb33ab31a56403d1
report_seed42_supervised_medseg_slice_035,medseg_slice_035,42,supervised,detected_1__eligible_0__pixels_NA,True,False,,True,d876e4c6af02344d8ad832a161f3092892cc7e34e0e3141fcb33ab31a56403d1,d876e4c6af02344d8ad832a161f3092892cc7e34e0e3141fcb33ab31a56403d1
report_seed42_supervised_medseg_slice_036,medseg_slice_036,42,supervised,detected_1__eligible_0__pixels_NA,True,False,,True,d876e4c6af02344d8ad832a161f3092892cc7e34e0e3141fcb33ab31a56403d1,d876e4c6af02344d8ad832a161f3092892cc7e34e0e3141fcb33ab31a56403d1
report_seed42_supervised_medseg_slice_037,medseg_slice_037,42,supervised,detected_1__eligible_0__pixels_NA,True,False,,True,d876e4c6af02344d8ad832a161f3092892cc7e34e0e3141fcb33ab31a56403d1,d876e4c6af02344d8ad832a161f3092892cc7e34e0e3141fcb33ab31a56403d1
report_seed42_supervised_medseg_slice_038,medseg_slice_038,42,supervised,detected_1__eligible_0__pixels_NA,True,False,,True,d876e4c6af02344d8ad832a161f3092892cc7e34e0e3141fcb33ab31a56403d1,d876e4c6af02344d8ad832a161f3092892cc7e34e0e3141fcb33ab31a56403d1
report_seed42_supervised_medseg_slice_039,medseg_slice_039,42,supervised,detected_1__eligible_0__pixels_NA,True,False,,True,d876e4c6af02344d8ad832a161f3092892cc7e34e0e3141fcb33ab31a56403d1,d876e4c6af02344d8ad832a161f3092892cc7e34e0e3141fcb33ab31a56403d1
report_seed42_supervised_medseg_slice_040,medseg_slice_040,42,supervised,detected_1__eligible_0__pixels_NA,True,False,,True,d876e4c6af02344d8ad832a161f3092892cc7e34e0e3141fcb33ab31a56403d1,d876e4c6af02344d8ad832a161f3092892cc7e34e0e3141fcb33ab31a56403d1
report_seed42_supervised_medseg_slice_041,medseg_slice_041,42,supervised,detected_1__eligible_0__pixels_NA,True,False,,True,d876e4c6af02344d8ad832a161f3092892cc7e34e0e3141fcb33ab31a56403d1,d876e4c6af02344d8ad832a161f3092892cc7e34e0e3141fcb33ab31a56403d1
report_seed42_supervised_medseg_slice_042,medseg_slice_042,42,supervised,detected_1__eligible_0__pixels_NA,True,False,,True,d876e4c6af02344d8ad832a161f3092892cc7e34e0e3141fcb33ab31a56403d1,d876e4c6af02344d8ad832a161f3092892cc7e34e0e3141fcb33ab31a56403d1
report_seed42_supervised_medseg_slice_043,medseg_slice_043,42,supervised,detected_1__eligible_0__pixels_NA,True,False,,True,d876e4c6af02344d8ad832a161f3092892cc7e34e0e3141fcb33ab31a56403d1,d876e4c6af02344d8ad832a161f3092892cc7e34e0e3141fcb33ab31a56403d1
report_seed42_supervised_medseg_slice_044,medseg_slice_044,42,supervised,detected_1__eligible_0__pixels_NA,True,False,,True,d876e4c6af02344d8ad832a161f3092892cc7e34e0e3141fcb33ab31a56403d1,d876e4c6af02344d8ad832a161f3092892cc7e34e0e3141fcb33ab31a56403d1
report_seed42_supervised_medseg_slice_045,medseg_slice_045,42,supervised,detected_1__eligible_0__pixels_NA,True,False,,True,d876e4c6af02344d8ad832a161f3092892cc7e34e0e3141fcb33ab31a56403d1,d876e4c6af02344d8ad832a161f3092892cc7e34e0e3141fcb33ab31a56403d1
report_seed42_supervised_medseg_slice_046,medseg_slice_046,42,supervised,detected_1__eligible_0__pixels_NA,True,False,,True,d876e4c6af02344d8ad832a161f3092892cc7e34e0e3141fcb33ab31a56403d1,d876e4c6af02344d8ad832a161f3092892cc7e34e0e3141fcb33ab31a56403d1
report_seed42_supervised_medseg_slice_047,medseg_slice_047,42,supervised,detected_1__eligible_0__pixels_NA,True,False,,True,d876e4c6af02344d8ad832a161f3092892cc7e34e0e3141fcb33ab31a56403d1,d876e4c6af02344d8ad832a161f3092892cc7e34e0e3141fcb33ab31a56403d1
report_seed42_supervised_medseg_slice_048,medseg_slice_048,42,supervised,detected_1__eligible_1__pixels_96,True,False,,True,b629511b5599525ac5991606f60e894be21df26c9bb686f07aa013b01456d60a,b629511b5599525ac5991606f60e894be21df26c9bb686f07aa013b01456d60a
report_seed42_supervised_medseg_slice_049,medseg_slice_049,42,supervised,detected_1__eligible_0__pixels_NA,True,False,,True,d876e4c6af02344d8ad832a161f3092892cc7e34e0e3141fcb33ab31a56403d1,d876e4c6af02344d8ad832a161f3092892cc7e34e0e3141fcb33ab31a56403d1
report_seed42_supervised_medseg_slice_050,medseg_slice_050,42,supervised,detected_1__eligible_0__pixels_NA,True,False,,True,d876e4c6af02344d8ad832a161f3092892cc7e34e0e3141fcb33ab31a56403d1,d876e4c6af02344d8ad832a161f3092892cc7e34e0e3141fcb33ab31a56403d1
report_seed42_supervised_medseg_slice_051,medseg_slice_051,42,supervised,detected_1__eligible_0__pixels_NA,True,False,,True,d876e4c6af02344d8ad832a161f3092892cc7e34e0e3141fcb33ab31a56403d1,d876e4c6af02344d8ad832a161f3092892cc7e34e0e3141fcb33ab31a56403d1
report_seed42_supervised_medseg_slice_052,medseg_slice_052,42,supervised,detected_1__eligible_0__pixels_NA,True,False,,True,d876e4c6af02344d8ad832a161f3092892cc7e34e0e3141fcb33ab31a56403d1,d876e4c6af02344d8ad832a161f3092892cc7e34e0e3141fcb33ab31a56403d1
report_seed42_supervised_medseg_slice_053,medseg_slice_053,42,supervised,detected_1__eligible_0__pixels_NA,True,False,,True,d876e4c6af02344d8ad832a161f3092892cc7e34e0e3141fcb33ab31a56403d1,d876e4c6af02344d8ad832a161f3092892cc7e34e0e3141fcb33ab31a56403d1
report_seed42_supervised_medseg_slice_054,medseg_slice_054,42,supervised,detected_1__eligible_0__pixels_NA,True,False,,True,d876e4c6af02344d8ad832a161f3092892cc7e34e0e3141fcb33ab31a56403d1,d876e4c6af02344d8ad832a161f3092892cc7e34e0e3141fcb33ab31a56403d1
report_seed42_supervised_medseg_slice_055,medseg_slice_055,42,supervised,detected_1__eligible_0__pixels_NA,True,False,,True,d876e4c6af02344d8ad832a161f3092892cc7e34e0e3141fcb33ab31a56403d1,d876e4c6af02344d8ad832a161f3092892cc7e34e0e3141fcb33ab31a56403d1
report_seed42_supervised_medseg_slice_056,medseg_slice_056,42,supervised,detected_1__eligible_0__pixels_NA,True,False,,True,d876e4c6af02344d8ad832a161f3092892cc7e34e0e3141fcb33ab31a56403d1,d876e4c6af02344d8ad832a161f3092892cc7e34e0e3141fcb33ab31a56403d1
report_seed42_supervised_medseg_slice_057,medseg_slice_057,42,supervised,detected_1__eligible_0__pixels_NA,True,False,,True,d876e4c6af02344d8ad832a161f3092892cc7e34e0e3141fcb33ab31a56403d1,d876e4c6af02344d8ad832a161f3092892cc7e34e0e3141fcb33ab31a56403d1
report_seed42_supervised_medseg_slice_058,medseg_slice_058,42,supervised,detected_1__eligible_0__pixels_NA,True,False,,True,d876e4c6af02344d8ad832a161f3092892cc7e34e0e3141fcb33ab31a56403d1,d876e4c6af02344d8ad832a161f3092892cc7e34e0e3141fcb33ab31a56403d1
report_seed42_supervised_medseg_slice_059,medseg_slice_059,42,supervised,detected_1__eligible_0__pixels_NA,True,False,,True,d876e4c6af02344d8ad832a161f3092892cc7e34e0e3141fcb33ab31a56403d1,d876e4c6af02344d8ad832a161f3092892cc7e34e0e3141fcb33ab31a56403d1
report_seed42_supervised_medseg_slice_060,medseg_slice_060,42,supervised,detected_1__eligible_0__pixels_NA,True,False,,True,d876e4c6af02344d8ad832a161f3092892cc7e34e0e3141fcb33ab31a56403d1,d876e4c6af02344d8ad832a161f3092892cc7e34e0e3141fcb33ab31a56403d1
report_seed42_supervised_medseg_slice_061,medseg_slice_061,42,supervised,detected_1__eligible_0__pixels_NA,True,False,,True,d876e4c6af02344d8ad832a161f3092892cc7e34e0e3141fcb33ab31a56403d1,d876e4c6af02344d8ad832a161f3092892cc7e34e0e3141fcb33ab31a56403d1
report_seed42_supervised_medseg_slice_062,medseg_slice_062,42,supervised,detected_1__eligible_0__pixels_NA,True,False,,True,d876e4c6af02344d8ad832a161f3092892cc7e34e0e3141fcb33ab31a56403d1,d876e4c6af02344d8ad832a161f3092892cc7e34e0e3141fcb33ab31a56403d1
report_seed42_supervised_medseg_slice_063,medseg_slice_063,42,supervised,detected_1__eligible_0__pixels_NA,True,False,,True,d876e4c6af02344d8ad832a161f3092892cc7e34e0e3141fcb33ab31a56403d1,d876e4c6af02344d8ad832a161f3092892cc7e34e0e3141fcb33ab31a56403d1
report_seed42_supervised_medseg_slice_064,medseg_slice_064,42,supervised,detected_1__eligible_0__pixels_NA,True,False,,True,d876e4c6af02344d8ad832a161f3092892cc7e34e0e3141fcb33ab31a56403d1,d876e4c6af02344d8ad832a161f3092892cc7e34e0e3141fcb33ab31a56403d1
report_seed42_supervised_medseg_slice_065,medseg_slice_065,42,supervised,detected_1__eligible_0__pixels_NA,True,False,,True,d876e4c6af02344d8ad832a161f3092892cc7e34e0e3141fcb33ab31a56403d1,d876e4c6af02344d8ad832a161f3092892cc7e34e0e3141fcb33ab31a56403d1
report_seed42_supervised_medseg_slice_066,medseg_slice_066,42,supervised,detected_1__eligible_0__pixels_NA,True,False,,True,d876e4c6af02344d8ad832a161f3092892cc7e34e0e3141fcb33ab31a56403d1,d876e4c6af02344d8ad832a161f3092892cc7e34e0e3141fcb33ab31a56403d1
report_seed42_supervised_medseg_slice_067,medseg_slice_067,42,supervised,detected_1__eligible_0__pixels_NA,True,False,,True,d876e4c6af02344d8ad832a161f3092892cc7e34e0e3141fcb33ab31a56403d1,d876e4c6af02344d8ad832a161f3092892cc7e34e0e3141fcb33ab31a56403d1
report_seed42_supervised_medseg_slice_068,medseg_slice_068,42,supervised,detected_1__eligible_0__pixels_NA,True,False,,True,d876e4c6af02344d8ad832a161f3092892cc7e34e0e3141fcb33ab31a56403d1,d876e4c6af02344d8ad832a161f3092892cc7e34e0e3141fcb33ab31a56403d1
report_seed42_supervised_medseg_slice_069,medseg_slice_069,42,supervised,detected_1__eligible_0__pixels_NA,True,False,,True,d876e4c6af02344d8ad832a161f3092892cc7e34e0e3141fcb33ab31a56403d1,d876e4c6af02344d8ad832a161f3092892cc7e34e0e3141fcb33ab31a56403d1
report_seed42_supervised_medseg_slice_070,medseg_slice_070,42,supervised,detected_1__eligible_0__pixels_NA,True,False,,True,d876e4c6af02344d8ad832a161f3092892cc7e34e0e3141fcb33ab31a56403d1,d876e4c6af02344d8ad832a161f3092892cc7e34e0e3141fcb33ab31a56403d1
report_seed42_supervised_medseg_slice_071,medseg_slice_071,42,supervised,detected_1__eligible_0__pixels_NA,True,False,,True,d876e4c6af02344d8ad832a161f3092892cc7e34e0e3141fcb33ab31a56403d1,d876e4c6af02344d8ad832a161f3092892cc7e34e0e3141fcb33ab31a56403d1
report_seed42_supervised_medseg_slice_072,medseg_slice_072,42,supervised,detected_1__eligible_0__pixels_NA,True,False,,True,d876e4c6af02344d8ad832a161f3092892cc7e34e0e3141fcb33ab31a56403d1,d876e4c6af02344d8ad832a161f3092892cc7e34e0e3141fcb33ab31a56403d1
report_seed42_supervised_medseg_slice_073,medseg_slice_073,42,supervised,detected_1__eligible_0__pixels_NA,True,False,,True,d876e4c6af02344d8ad832a161f3092892cc7e34e0e3141fcb33ab31a56403d1,d876e4c6af02344d8ad832a161f3092892cc7e34e0e3141fcb33ab31a56403d1
report_seed42_supervised_medseg_slice_074,medseg_slice_074,42,supervised,detected_1__eligible_0__pixels_NA,True,False,,True,d876e4c6af02344d8ad832a161f3092892cc7e34e0e3141fcb33ab31a56403d1,d876e4c6af02344d8ad832a161f3092892cc7e34e0e3141fcb33ab31a56403d1
report_seed42_supervised_medseg_slice_075,medseg_slice_075,42,supervised,detected_1__eligible_0__pixels_NA,True,False,,True,d876e4c6af02344d8ad832a161f3092892cc7e34e0e3141fcb33ab31a56403d1,d876e4c6af02344d8ad832a161f3092892cc7e34e0e3141fcb33ab31a56403d1
report_seed42_supervised_medseg_slice_076,medseg_slice_076,42,supervised,detected_1__eligible_0__pixels_NA,True,False,,True,d876e4c6af02344d8ad832a161f3092892cc7e34e0e3141fcb33ab31a56403d1,d876e4c6af02344d8ad832a161f3092892cc7e34e0e3141fcb33ab31a56403d1
report_seed42_supervised_medseg_slice_077,medseg_slice_077,42,supervised,detected_1__eligible_0__pixels_NA,True,False,,True,d876e4c6af02344d8ad832a161f3092892cc7e34e0e3141fcb33ab31a56403d1,d876e4c6af02344d8ad832a161f3092892cc7e34e0e3141fcb33ab31a56403d1
report_seed42_supervised_medseg_slice_078,medseg_slice_078,42,supervised,detected_1__eligible_0__pixels_NA,True,False,,True,d876e4c6af02344d8ad832a161f3092892cc7e34e0e3141fcb33ab31a56403d1,d876e4c6af02344d8ad832a161f3092892cc7e34e0e3141fcb33ab31a56403d1
report_seed42_supervised_medseg_slice_079,medseg_slice_079,42,supervised,detected_1__eligible_0__pixels_NA,True,False,,True,d876e4c6af02344d8ad832a161f3092892cc7e34e0e3141fcb33ab31a56403d1,d876e4c6af02344d8ad832a161f3092892cc7e34e0e3141fcb33ab31a56403d1
report_seed42_supervised_medseg_slice_080,medseg_slice_080,42,supervised,detected_1__eligible_0__pixels_NA,True,False,,True,d876e4c6af02344d8ad832a161f3092892cc7e34e0e3141fcb33ab31a56403d1,d876e4c6af02344d8ad832a161f3092892cc7e34e0e3141fcb33ab31a56403d1
report_seed42_supervised_medseg_slice_081,medseg_slice_081,42,supervised,detected_1__eligible_0__pixels_NA,True,False,,True,d876e4c6af02344d8ad832a161f3092892cc7e34e0e3141fcb33ab31a56403d1,d876e4c6af02344d8ad832a161f3092892cc7e34e0e3141fcb33ab31a56403d1
report_seed42_supervised_medseg_slice_082,medseg_slice_082,42,supervised,detected_1__eligible_0__pixels_NA,True,False,,True,d876e4c6af02344d8ad832a161f3092892cc7e34e0e3141fcb33ab31a56403d1,d876e4c6af02344d8ad832a161f3092892cc7e34e0e3141fcb33ab31a56403d1
report_seed42_supervised_medseg_slice_083,medseg_slice_083,42,supervised,detected_1__eligible_0__pixels_NA,True,False,,True,d876e4c6af02344d8ad832a161f3092892cc7e34e0e3141fcb33ab31a56403d1,d876e4c6af02344d8ad832a161f3092892cc7e34e0e3141fcb33ab31a56403d1
report_seed42_supervised_medseg_slice_084,medseg_slice_084,42,supervised,detected_1__eligible_0__pixels_NA,True,False,,True,d876e4c6af02344d8ad832a161f3092892cc7e34e0e3141fcb33ab31a56403d1,d876e4c6af02344d8ad832a161f3092892cc7e34e0e3141fcb33ab31a56403d1
report_seed42_supervised_medseg_slice_085,medseg_slice_085,42,supervised,detected_1__eligible_0__pixels_NA,True,False,,True,d876e4c6af02344d8ad832a161f3092892cc7e34e0e3141fcb33ab31a56403d1,d876e4c6af02344d8ad832a161f3092892cc7e34e0e3141fcb33ab31a56403d1
report_seed42_supervised_medseg_slice_086,medseg_slice_086,42,supervised,detected_1__eligible_0__pixels_NA,True,False,,True,d876e4c6af02344d8ad832a161f3092892cc7e34e0e3141fcb33ab31a56403d1,d876e4c6af02344d8ad832a161f3092892cc7e34e0e3141fcb33ab31a56403d1
report_seed42_supervised_medseg_slice_087,medseg_slice_087,42,supervised,detected_1__eligible_0__pixels_NA,True,False,,True,d876e4c6af02344d8ad832a161f3092892cc7e34e0e3141fcb33ab31a56403d1,d876e4c6af02344d8ad832a161f3092892cc7e34e0e3141fcb33ab31a56403d1
report_seed42_supervised_medseg_slice_088,medseg_slice_088,42,supervised,detected_1__eligible_0__pixels_NA,True,False,,True,d876e4c6af02344d8ad832a161f3092892cc7e34e0e3141fcb33ab31a56403d1,d876e4c6af02344d8ad832a161f3092892cc7e34e0e3141fcb33ab31a56403d1
report_seed42_supervised_medseg_slice_089,medseg_slice_089,42,supervised,detected_1__eligible_1__pixels_1000,True,False,,True,12bbb6426b98446cdf61ab76671d92d8735832d7068a069b3aab552ea0da89ab,12bbb6426b98446cdf61ab76671d92d8735832d7068a069b3aab552ea0da89ab
report_seed42_supervised_medseg_slice_090,medseg_slice_090,42,supervised,detected_1__eligible_0__pixels_NA,True,False,,True,d876e4c6af02344d8ad832a161f3092892cc7e34e0e3141fcb33ab31a56403d1,d876e4c6af02344d8ad832a161f3092892cc7e34e0e3141fcb33ab31a56403d1
report_seed42_supervised_medseg_slice_091,medseg_slice_091,42,supervised,detected_1__eligible_0__pixels_NA,True,False,,True,d876e4c6af02344d8ad832a161f3092892cc7e34e0e3141fcb33ab31a56403d1,d876e4c6af02344d8ad832a161f3092892cc7e34e0e3141fcb33ab31a56403d1
report_seed42_supervised_medseg_slice_092,medseg_slice_092,42,supervised,detected_1__eligible_0__pixels_NA,True,False,,True,d876e4c6af02344d8ad832a161f3092892cc7e34e0e3141fcb33ab31a56403d1,d876e4c6af02344d8ad832a161f3092892cc7e34e0e3141fcb33ab31a56403d1
report_seed42_supervised_medseg_slice_093,medseg_slice_093,42,supervised,detected_1__eligible_0__pixels_NA,True,False,,True,d876e4c6af02344d8ad832a161f3092892cc7e34e0e3141fcb33ab31a56403d1,d876e4c6af02344d8ad832a161f3092892cc7e34e0e3141fcb33ab31a56403d1
report_seed42_supervised_medseg_slice_094,medseg_slice_094,42,supervised,detected_1__eligible_0__pixels_NA,True,False,,True,d876e4c6af02344d8ad832a161f3092892cc7e34e0e3141fcb33ab31a56403d1,d876e4c6af02344d8ad832a161f3092892cc7e34e0e3141fcb33ab31a56403d1
report_seed42_supervised_medseg_slice_095,medseg_slice_095,42,supervised,detected_1__eligible_0__pixels_NA,True,False,,True,d876e4c6af02344d8ad832a161f3092892cc7e34e0e3141fcb33ab31a56403d1,d876e4c6af02344d8ad832a161f3092892cc7e34e0e3141fcb33ab31a56403d1
report_seed42_supervised_medseg_slice_096,medseg_slice_096,42,supervised,detected_1__eligible_0__pixels_NA,True,False,,True,d876e4c6af02344d8ad832a161f3092892cc7e34e0e3141fcb33ab31a56403d1,d876e4c6af02344d8ad832a161f3092892cc7e34e0e3141fcb33ab31a56403d1
report_seed42_supervised_medseg_slice_097,medseg_slice_097,42,supervised,detected_1__eligible_0__pixels_NA,True,False,,True,d876e4c6af02344d8ad832a161f3092892cc7e34e0e3141fcb33ab31a56403d1,d876e4c6af02344d8ad832a161f3092892cc7e34e0e3141fcb33ab31a56403d1
report_seed42_supervised_medseg_slice_098,medseg_slice_098,42,supervised,detected_1__eligible_0__pixels_NA,True,False,,True,d876e4c6af02344d8ad832a161f3092892cc7e34e0e3141fcb33ab31a56403d1,d876e4c6af02344d8ad832a161f3092892cc7e34e0e3141fcb33ab31a56403d1
report_seed42_supervised_medseg_slice_099,medseg_slice_099,42,supervised,detected_1__eligible_0__pixels_NA,True,False,,True,d876e4c6af02344d8ad832a161f3092892cc7e34e0e3141fcb33ab31a56403d1,d876e4c6af02344d8ad832a161f3092892cc7e34e0e3141fcb33ab31a56403d1
report_seed42_confidence_only_ema_medseg_slice_000,medseg_slice_000,42,confidence_only_ema,detected_1__eligible_0__pixels_NA,True,False,,True,d876e4c6af02344d8ad832a161f3092892cc7e34e0e3141fcb33ab31a56403d1,d876e4c6af02344d8ad832a161f3092892cc7e34e0e3141fcb33ab31a56403d1
report_seed42_confidence_only_ema_medseg_slice_001,medseg_slice_001,42,confidence_only_ema,detected_1__eligible_0__pixels_NA,True,False,,True,d876e4c6af02344d8ad832a161f3092892cc7e34e0e3141fcb33ab31a56403d1,d876e4c6af02344d8ad832a161f3092892cc7e34e0e3141fcb33ab31a56403d1
report_seed42_confidence_only_ema_medseg_slice_002,medseg_slice_002,42,confidence_only_ema,detected_1__eligible_1__pixels_968,True,False,,True,768c539d764784e6ab3967a38c6c3ff9ba3558f106e5da4e35df682d3fccd47d,768c539d764784e6ab3967a38c6c3ff9ba3558f106e5da4e35df682d3fccd47d
report_seed42_confidence_only_ema_medseg_slice_003,medseg_slice_003,42,confidence_only_ema,detected_1__eligible_0__pixels_NA,True,False,,True,d876e4c6af02344d8ad832a161f3092892cc7e34e0e3141fcb33ab31a56403d1,d876e4c6af02344d8ad832a161f3092892cc7e34e0e3141fcb33ab31a56403d1
report_seed42_confidence_only_ema_medseg_slice_004,medseg_slice_004,42,confidence_only_ema,detected_1__eligible_0__pixels_NA,True,False,,True,d876e4c6af02344d8ad832a161f3092892cc7e34e0e3141fcb33ab31a56403d1,d876e4c6af02344d8ad832a161f3092892cc7e34e0e3141fcb33ab31a56403d1
report_seed42_confidence_only_ema_medseg_slice_005,medseg_slice_005,42,confidence_only_ema,detected_1__eligible_0__pixels_NA,True,False,,True,d876e4c6af02344d8ad832a161f3092892cc7e34e0e3141fcb33ab31a56403d1,d876e4c6af02344d8ad832a161f3092892cc7e34e0e3141fcb33ab31a56403d1
report_seed42_confidence_only_ema_medseg_slice_006,medseg_slice_006,42,confidence_only_ema,detected_1__eligible_0__pixels_NA,True,False,,True,d876e4c6af02344d8ad832a161f3092892cc7e34e0e3141fcb33ab31a56403d1,d876e4c6af02344d8ad832a161f3092892cc7e34e0e3141fcb33ab31a56403d1
report_seed42_confidence_only_ema_medseg_slice_007,medseg_slice_007,42,confidence_only_ema,detected_1__eligible_0__pixels_NA,True,False,,True,d876e4c6af02344d8ad832a161f3092892cc7e34e0e3141fcb33ab31a56403d1,d876e4c6af02344d8ad832a161f3092892cc7e34e0e3141fcb33ab31a56403d1
report_seed42_confidence_only_ema_medseg_slice_008,medseg_slice_008,42,confidence_only_ema,detected_1__eligible_0__pixels_NA,True,False,,True,d876e4c6af02344d8ad832a161f3092892cc7e34e0e3141fcb33ab31a56403d1,d876e4c6af02344d8ad832a161f3092892cc7e34e0e3141fcb33ab31a56403d1
report_seed42_confidence_only_ema_medseg_slice_009,medseg_slice_009,42,confidence_only_ema,detected_1__eligible_0__pixels_NA,True,False,,True,d876e4c6af02344d8ad832a161f3092892cc7e34e0e3141fcb33ab31a56403d1,d876e4c6af02344d8ad832a161f3092892cc7e34e0e3141fcb33ab31a56403d1
report_seed42_confidence_only_ema_medseg_slice_010,medseg_slice_010,42,confidence_only_ema,detected_1__eligible_0__pixels_NA,True,False,,True,d876e4c6af02344d8ad832a161f3092892cc7e34e0e3141fcb33ab31a56403d1,d876e4c6af02344d8ad832a161f3092892cc7e34e0e3141fcb33ab31a56403d1
report_seed42_confidence_only_ema_medseg_slice_011,medseg_slice_011,42,confidence_only_ema,detected_1__eligible_0__pixels_NA,True,False,,True,d876e4c6af02344d8ad832a161f3092892cc7e34e0e3141fcb33ab31a56403d1,d876e4c6af02344d8ad832a161f3092892cc7e34e0e3141fcb33ab31a56403d1
report_seed42_confidence_only_ema_medseg_slice_012,medseg_slice_012,42,confidence_only_ema,detected_1__eligible_0__pixels_NA,True,False,,True,d876e4c6af02344d8ad832a161f3092892cc7e34e0e3141fcb33ab31a56403d1,d876e4c6af02344d8ad832a161f3092892cc7e34e0e3141fcb33ab31a56403d1
report_seed42_confidence_only_ema_medseg_slice_013,medseg_slice_013,42,confidence_only_ema,detected_1__eligible_0__pixels_NA,True,False,,True,d876e4c6af02344d8ad832a161f3092892cc7e34e0e3141fcb33ab31a56403d1,d876e4c6af02344d8ad832a161f3092892cc7e34e0e3141fcb33ab31a56403d1
report_seed42_confidence_only_ema_medseg_slice_014,medseg_slice_014,42,confidence_only_ema,detected_1__eligible_0__pixels_NA,True,False,,True,d876e4c6af02344d8ad832a161f3092892cc7e34e0e3141fcb33ab31a56403d1,d876e4c6af02344d8ad832a161f3092892cc7e34e0e3141fcb33ab31a56403d1
report_seed42_confidence_only_ema_medseg_slice_015,medseg_slice_015,42,confidence_only_ema,detected_1__eligible_0__pixels_NA,True,False,,True,d876e4c6af02344d8ad832a161f3092892cc7e34e0e3141fcb33ab31a56403d1,d876e4c6af02344d8ad832a161f3092892cc7e34e0e3141fcb33ab31a56403d1
report_seed42_confidence_only_ema_medseg_slice_016,medseg_slice_016,42,confidence_only_ema,detected_1__eligible_0__pixels_NA,True,False,,True,d876e4c6af02344d8ad832a161f3092892cc7e34e0e3141fcb33ab31a56403d1,d876e4c6af02344d8ad832a161f3092892cc7e34e0e3141fcb33ab31a56403d1
report_seed42_confidence_only_ema_medseg_slice_017,medseg_slice_017,42,confidence_only_ema,detected_1__eligible_0__pixels_NA,True,False,,True,d876e4c6af02344d8ad832a161f3092892cc7e34e0e3141fcb33ab31a56403d1,d876e4c6af02344d8ad832a161f3092892cc7e34e0e3141fcb33ab31a56403d1
report_seed42_confidence_only_ema_medseg_slice_018,medseg_slice_018,42,confidence_only_ema,detected_1__eligible_0__pixels_NA,True,False,,True,d876e4c6af02344d8ad832a161f3092892cc7e34e0e3141fcb33ab31a56403d1,d876e4c6af02344d8ad832a161f3092892cc7e34e0e3141fcb33ab31a56403d1
report_seed42_confidence_only_ema_medseg_slice_019,medseg_slice_019,42,confidence_only_ema,detected_1__eligible_0__pixels_NA,True,False,,True,d876e4c6af02344d8ad832a161f3092892cc7e34e0e3141fcb33ab31a56403d1,d876e4c6af02344d8ad832a161f3092892cc7e34e0e3141fcb33ab31a56403d1
report_seed42_confidence_only_ema_medseg_slice_020,medseg_slice_020,42,confidence_only_ema,detected_1__eligible_0__pixels_NA,True,False,,True,d876e4c6af02344d8ad832a161f3092892cc7e34e0e3141fcb33ab31a56403d1,d876e4c6af02344d8ad832a161f3092892cc7e34e0e3141fcb33ab31a56403d1
report_seed42_confidence_only_ema_medseg_slice_021,medseg_slice_021,42,confidence_only_ema,detected_1__eligible_0__pixels_NA,True,False,,True,d876e4c6af02344d8ad832a161f3092892cc7e34e0e3141fcb33ab31a56403d1,d876e4c6af02344d8ad832a161f3092892cc7e34e0e3141fcb33ab31a56403d1
report_seed42_confidence_only_ema_medseg_slice_022,medseg_slice_022,42,confidence_only_ema,detected_1__eligible_0__pixels_NA,True,False,,True,d876e4c6af02344d8ad832a161f3092892cc7e34e0e3141fcb33ab31a56403d1,d876e4c6af02344d8ad832a161f3092892cc7e34e0e3141fcb33ab31a56403d1
report_seed42_confidence_only_ema_medseg_slice_023,medseg_slice_023,42,confidence_only_ema,detected_1__eligible_0__pixels_NA,True,False,,True,d876e4c6af02344d8ad832a161f3092892cc7e34e0e3141fcb33ab31a56403d1,d876e4c6af02344d8ad832a161f3092892cc7e34e0e3141fcb33ab31a56403d1
report_seed42_confidence_only_ema_medseg_slice_024,medseg_slice_024,42,confidence_only_ema,detected_1__eligible_0__pixels_NA,True,False,,True,d876e4c6af02344d8ad832a161f3092892cc7e34e0e3141fcb33ab31a56403d1,d876e4c6af02344d8ad832a161f3092892cc7e34e0e3141fcb33ab31a56403d1
report_seed42_confidence_only_ema_medseg_slice_025,medseg_slice_025,42,confidence_only_ema,detected_1__eligible_0__pixels_NA,True,False,,True,d876e4c6af02344d8ad832a161f3092892cc7e34e0e3141fcb33ab31a56403d1,d876e4c6af02344d8ad832a161f3092892cc7e34e0e3141fcb33ab31a56403d1
report_seed42_confidence_only_ema_medseg_slice_026,medseg_slice_026,42,confidence_only_ema,detected_1__eligible_0__pixels_NA,True,False,,True,d876e4c6af02344d8ad832a161f3092892cc7e34e0e3141fcb33ab31a56403d1,d876e4c6af02344d8ad832a161f3092892cc7e34e0e3141fcb33ab31a56403d1
report_seed42_confidence_only_ema_medseg_slice_027,medseg_slice_027,42,confidence_only_ema,detected_1__eligible_0__pixels_NA,True,False,,True,d876e4c6af02344d8ad832a161f3092892cc7e34e0e3141fcb33ab31a56403d1,d876e4c6af02344d8ad832a161f3092892cc7e34e0e3141fcb33ab31a56403d1
report_seed42_confidence_only_ema_medseg_slice_028,medseg_slice_028,42,confidence_only_ema,detected_1__eligible_0__pixels_NA,True,False,,True,d876e4c6af02344d8ad832a161f3092892cc7e34e0e3141fcb33ab31a56403d1,d876e4c6af02344d8ad832a161f3092892cc7e34e0e3141fcb33ab31a56403d1
report_seed42_confidence_only_ema_medseg_slice_029,medseg_slice_029,42,confidence_only_ema,detected_1__eligible_0__pixels_NA,True,False,,True,d876e4c6af02344d8ad832a161f3092892cc7e34e0e3141fcb33ab31a56403d1,d876e4c6af02344d8ad832a161f3092892cc7e34e0e3141fcb33ab31a56403d1
report_seed42_confidence_only_ema_medseg_slice_030,medseg_slice_030,42,confidence_only_ema,detected_1__eligible_0__pixels_NA,True,False,,True,d876e4c6af02344d8ad832a161f3092892cc7e34e0e3141fcb33ab31a56403d1,d876e4c6af02344d8ad832a161f3092892cc7e34e0e3141fcb33ab31a56403d1
report_seed42_confidence_only_ema_medseg_slice_031,medseg_slice_031,42,confidence_only_ema,detected_1__eligible_0__pixels_NA,True,False,,True,d876e4c6af02344d8ad832a161f3092892cc7e34e0e3141fcb33ab31a56403d1,d876e4c6af02344d8ad832a161f3092892cc7e34e0e3141fcb33ab31a56403d1
report_seed42_confidence_only_ema_medseg_slice_032,medseg_slice_032,42,confidence_only_ema,detected_1__eligible_0__pixels_NA,True,False,,True,d876e4c6af02344d8ad832a161f3092892cc7e34e0e3141fcb33ab31a56403d1,d876e4c6af02344d8ad832a161f3092892cc7e34e0e3141fcb33ab31a56403d1
report_seed42_confidence_only_ema_medseg_slice_033,medseg_slice_033,42,confidence_only_ema,detected_1__eligible_0__pixels_NA,True,False,,True,d876e4c6af02344d8ad832a161f3092892cc7e34e0e3141fcb33ab31a56403d1,d876e4c6af02344d8ad832a161f3092892cc7e34e0e3141fcb33ab31a56403d1
report_seed42_confidence_only_ema_medseg_slice_034,medseg_slice_034,42,confidence_only_ema,detected_1__eligible_0__pixels_NA,True,False,,True,d876e4c6af02344d8ad832a161f3092892cc7e34e0e3141fcb33ab31a56403d1,d876e4c6af02344d8ad832a161f3092892cc7e34e0e3141fcb33ab31a56403d1
report_seed42_confidence_only_ema_medseg_slice_035,medseg_slice_035,42,confidence_only_ema,detected_1__eligible_0__pixels_NA,True,False,,True,d876e4c6af02344d8ad832a161f3092892cc7e34e0e3141fcb33ab31a56403d1,d876e4c6af02344d8ad832a161f3092892cc7e34e0e3141fcb33ab31a56403d1
report_seed42_confidence_only_ema_medseg_slice_036,medseg_slice_036,42,confidence_only_ema,detected_1__eligible_0__pixels_NA,True,False,,True,d876e4c6af02344d8ad832a161f3092892cc7e34e0e3141fcb33ab31a56403d1,d876e4c6af02344d8ad832a161f3092892cc7e34e0e3141fcb33ab31a56403d1
report_seed42_confidence_only_ema_medseg_slice_037,medseg_slice_037,42,confidence_only_ema,detected_1__eligible_0__pixels_NA,True,False,,True,d876e4c6af02344d8ad832a161f3092892cc7e34e0e3141fcb33ab31a56403d1,d876e4c6af02344d8ad832a161f3092892cc7e34e0e3141fcb33ab31a56403d1
report_seed42_confidence_only_ema_medseg_slice_038,medseg_slice_038,42,confidence_only_ema,detected_1__eligible_0__pixels_NA,True,False,,True,d876e4c6af02344d8ad832a161f3092892cc7e34e0e3141fcb33ab31a56403d1,d876e4c6af02344d8ad832a161f3092892cc7e34e0e3141fcb33ab31a56403d1
report_seed42_confidence_only_ema_medseg_slice_039,medseg_slice_039,42,confidence_only_ema,detected_1__eligible_0__pixels_NA,True,False,,True,d876e4c6af02344d8ad832a161f3092892cc7e34e0e3141fcb33ab31a56403d1,d876e4c6af02344d8ad832a161f3092892cc7e34e0e3141fcb33ab31a56403d1
report_seed42_confidence_only_ema_medseg_slice_040,medseg_slice_040,42,confidence_only_ema,detected_1__eligible_0__pixels_NA,True,False,,True,d876e4c6af02344d8ad832a161f3092892cc7e34e0e3141fcb33ab31a56403d1,d876e4c6af02344d8ad832a161f3092892cc7e34e0e3141fcb33ab31a56403d1
report_seed42_confidence_only_ema_medseg_slice_041,medseg_slice_041,42,confidence_only_ema,detected_1__eligible_0__pixels_NA,True,False,,True,d876e4c6af02344d8ad832a161f3092892cc7e34e0e3141fcb33ab31a56403d1,d876e4c6af02344d8ad832a161f3092892cc7e34e0e3141fcb33ab31a56403d1
report_seed42_confidence_only_ema_medseg_slice_042,medseg_slice_042,42,confidence_only_ema,detected_1__eligible_0__pixels_NA,True,False,,True,d876e4c6af02344d8ad832a161f3092892cc7e34e0e3141fcb33ab31a56403d1,d876e4c6af02344d8ad832a161f3092892cc7e34e0e3141fcb33ab31a56403d1
report_seed42_confidence_only_ema_medseg_slice_043,medseg_slice_043,42,confidence_only_ema,detected_1__eligible_0__pixels_NA,True,False,,True,d876e4c6af02344d8ad832a161f3092892cc7e34e0e3141fcb33ab31a56403d1,d876e4c6af02344d8ad832a161f3092892cc7e34e0e3141fcb33ab31a56403d1
report_seed42_confidence_only_ema_medseg_slice_044,medseg_slice_044,42,confidence_only_ema,detected_1__eligible_0__pixels_NA,True,False,,True,d876e4c6af02344d8ad832a161f3092892cc7e34e0e3141fcb33ab31a56403d1,d876e4c6af02344d8ad832a161f3092892cc7e34e0e3141fcb33ab31a56403d1
report_seed42_confidence_only_ema_medseg_slice_045,medseg_slice_045,42,confidence_only_ema,detected_1__eligible_0__pixels_NA,True,False,,True,d876e4c6af02344d8ad832a161f3092892cc7e34e0e3141fcb33ab31a56403d1,d876e4c6af02344d8ad832a161f3092892cc7e34e0e3141fcb33ab31a56403d1
report_seed42_confidence_only_ema_medseg_slice_046,medseg_slice_046,42,confidence_only_ema,detected_1__eligible_0__pixels_NA,True,False,,True,d876e4c6af02344d8ad832a161f3092892cc7e34e0e3141fcb33ab31a56403d1,d876e4c6af02344d8ad832a161f3092892cc7e34e0e3141fcb33ab31a56403d1
report_seed42_confidence_only_ema_medseg_slice_047,medseg_slice_047,42,confidence_only_ema,detected_1__eligible_0__pixels_NA,True,False,,True,d876e4c6af02344d8ad832a161f3092892cc7e34e0e3141fcb33ab31a56403d1,d876e4c6af02344d8ad832a161f3092892cc7e34e0e3141fcb33ab31a56403d1
report_seed42_confidence_only_ema_medseg_slice_048,medseg_slice_048,42,confidence_only_ema,detected_1__eligible_0__pixels_NA,True,False,,True,d876e4c6af02344d8ad832a161f3092892cc7e34e0e3141fcb33ab31a56403d1,d876e4c6af02344d8ad832a161f3092892cc7e34e0e3141fcb33ab31a56403d1
report_seed42_confidence_only_ema_medseg_slice_049,medseg_slice_049,42,confidence_only_ema,detected_1__eligible_0__pixels_NA,True,False,,True,d876e4c6af02344d8ad832a161f3092892cc7e34e0e3141fcb33ab31a56403d1,d876e4c6af02344d8ad832a161f3092892cc7e34e0e3141fcb33ab31a56403d1
report_seed42_confidence_only_ema_medseg_slice_050,medseg_slice_050,42,confidence_only_ema,detected_1__eligible_0__pixels_NA,True,False,,True,d876e4c6af02344d8ad832a161f3092892cc7e34e0e3141fcb33ab31a56403d1,d876e4c6af02344d8ad832a161f3092892cc7e34e0e3141fcb33ab31a56403d1
report_seed42_confidence_only_ema_medseg_slice_051,medseg_slice_051,42,confidence_only_ema,detected_1__eligible_0__pixels_NA,True,False,,True,d876e4c6af02344d8ad832a161f3092892cc7e34e0e3141fcb33ab31a56403d1,d876e4c6af02344d8ad832a161f3092892cc7e34e0e3141fcb33ab31a56403d1
report_seed42_confidence_only_ema_medseg_slice_052,medseg_slice_052,42,confidence_only_ema,detected_1__eligible_0__pixels_NA,True,False,,True,d876e4c6af02344d8ad832a161f3092892cc7e34e0e3141fcb33ab31a56403d1,d876e4c6af02344d8ad832a161f3092892cc7e34e0e3141fcb33ab31a56403d1
report_seed42_confidence_only_ema_medseg_slice_053,medseg_slice_053,42,confidence_only_ema,detected_1__eligible_0__pixels_NA,True,False,,True,d876e4c6af02344d8ad832a161f3092892cc7e34e0e3141fcb33ab31a56403d1,d876e4c6af02344d8ad832a161f3092892cc7e34e0e3141fcb33ab31a56403d1
report_seed42_confidence_only_ema_medseg_slice_054,medseg_slice_054,42,confidence_only_ema,detected_1__eligible_0__pixels_NA,True,False,,True,d876e4c6af02344d8ad832a161f3092892cc7e34e0e3141fcb33ab31a56403d1,d876e4c6af02344d8ad832a161f3092892cc7e34e0e3141fcb33ab31a56403d1
report_seed42_confidence_only_ema_medseg_slice_055,medseg_slice_055,42,confidence_only_ema,detected_1__eligible_0__pixels_NA,True,False,,True,d876e4c6af02344d8ad832a161f3092892cc7e34e0e3141fcb33ab31a56403d1,d876e4c6af02344d8ad832a161f3092892cc7e34e0e3141fcb33ab31a56403d1
report_seed42_confidence_only_ema_medseg_slice_056,medseg_slice_056,42,confidence_only_ema,detected_1__eligible_0__pixels_NA,True,False,,True,d876e4c6af02344d8ad832a161f3092892cc7e34e0e3141fcb33ab31a56403d1,d876e4c6af02344d8ad832a161f3092892cc7e34e0e3141fcb33ab31a56403d1
report_seed42_confidence_only_ema_medseg_slice_057,medseg_slice_057,42,confidence_only_ema,detected_1__eligible_0__pixels_NA,True,False,,True,d876e4c6af02344d8ad832a161f3092892cc7e34e0e3141fcb33ab31a56403d1,d876e4c6af02344d8ad832a161f3092892cc7e34e0e3141fcb33ab31a56403d1
report_seed42_confidence_only_ema_medseg_slice_058,medseg_slice_058,42,confidence_only_ema,detected_1__eligible_0__pixels_NA,True,False,,True,d876e4c6af02344d8ad832a161f3092892cc7e34e0e3141fcb33ab31a56403d1,d876e4c6af02344d8ad832a161f3092892cc7e34e0e3141fcb33ab31a56403d1
report_seed42_confidence_only_ema_medseg_slice_059,medseg_slice_059,42,confidence_only_ema,detected_1__eligible_0__pixels_NA,True,False,,True,d876e4c6af02344d8ad832a161f3092892cc7e34e0e3141fcb33ab31a56403d1,d876e4c6af02344d8ad832a161f3092892cc7e34e0e3141fcb33ab31a56403d1
report_seed42_confidence_only_ema_medseg_slice_060,medseg_slice_060,42,confidence_only_ema,detected_1__eligible_0__pixels_NA,True,False,,True,d876e4c6af02344d8ad832a161f3092892cc7e34e0e3141fcb33ab31a56403d1,d876e4c6af02344d8ad832a161f3092892cc7e34e0e3141fcb33ab31a56403d1
report_seed42_confidence_only_ema_medseg_slice_061,medseg_slice_061,42,confidence_only_ema,detected_1__eligible_0__pixels_NA,True,False,,True,d876e4c6af02344d8ad832a161f3092892cc7e34e0e3141fcb33ab31a56403d1,d876e4c6af02344d8ad832a161f3092892cc7e34e0e3141fcb33ab31a56403d1
report_seed42_confidence_only_ema_medseg_slice_062,medseg_slice_062,42,confidence_only_ema,detected_1__eligible_0__pixels_NA,True,False,,True,d876e4c6af02344d8ad832a161f3092892cc7e34e0e3141fcb33ab31a56403d1,d876e4c6af02344d8ad832a161f3092892cc7e34e0e3141fcb33ab31a56403d1
report_seed42_confidence_only_ema_medseg_slice_063,medseg_slice_063,42,confidence_only_ema,detected_1__eligible_0__pixels_NA,True,False,,True,d876e4c6af02344d8ad832a161f3092892cc7e34e0e3141fcb33ab31a56403d1,d876e4c6af02344d8ad832a161f3092892cc7e34e0e3141fcb33ab31a56403d1
report_seed42_confidence_only_ema_medseg_slice_064,medseg_slice_064,42,confidence_only_ema,detected_1__eligible_0__pixels_NA,True,False,,True,d876e4c6af02344d8ad832a161f3092892cc7e34e0e3141fcb33ab31a56403d1,d876e4c6af02344d8ad832a161f3092892cc7e34e0e3141fcb33ab31a56403d1
report_seed42_confidence_only_ema_medseg_slice_065,medseg_slice_065,42,confidence_only_ema,detected_1__eligible_0__pixels_NA,True,False,,True,d876e4c6af02344d8ad832a161f3092892cc7e34e0e3141fcb33ab31a56403d1,d876e4c6af02344d8ad832a161f3092892cc7e34e0e3141fcb33ab31a56403d1
report_seed42_confidence_only_ema_medseg_slice_066,medseg_slice_066,42,confidence_only_ema,detected_1__eligible_0__pixels_NA,True,False,,True,d876e4c6af02344d8ad832a161f3092892cc7e34e0e3141fcb33ab31a56403d1,d876e4c6af02344d8ad832a161f3092892cc7e34e0e3141fcb33ab31a56403d1
report_seed42_confidence_only_ema_medseg_slice_067,medseg_slice_067,42,confidence_only_ema,detected_1__eligible_0__pixels_NA,True,False,,True,d876e4c6af02344d8ad832a161f3092892cc7e34e0e3141fcb33ab31a56403d1,d876e4c6af02344d8ad832a161f3092892cc7e34e0e3141fcb33ab31a56403d1
report_seed42_confidence_only_ema_medseg_slice_068,medseg_slice_068,42,confidence_only_ema,detected_1__eligible_0__pixels_NA,True,False,,True,d876e4c6af02344d8ad832a161f3092892cc7e34e0e3141fcb33ab31a56403d1,d876e4c6af02344d8ad832a161f3092892cc7e34e0e3141fcb33ab31a56403d1
report_seed42_confidence_only_ema_medseg_slice_069,medseg_slice_069,42,confidence_only_ema,detected_1__eligible_0__pixels_NA,True,False,,True,d876e4c6af02344d8ad832a161f3092892cc7e34e0e3141fcb33ab31a56403d1,d876e4c6af02344d8ad832a161f3092892cc7e34e0e3141fcb33ab31a56403d1
report_seed42_confidence_only_ema_medseg_slice_070,medseg_slice_070,42,confidence_only_ema,detected_1__eligible_0__pixels_NA,True,False,,True,d876e4c6af02344d8ad832a161f3092892cc7e34e0e3141fcb33ab31a56403d1,d876e4c6af02344d8ad832a161f3092892cc7e34e0e3141fcb33ab31a56403d1
report_seed42_confidence_only_ema_medseg_slice_071,medseg_slice_071,42,confidence_only_ema,detected_1__eligible_0__pixels_NA,True,False,,True,d876e4c6af02344d8ad832a161f3092892cc7e34e0e3141fcb33ab31a56403d1,d876e4c6af02344d8ad832a161f3092892cc7e34e0e3141fcb33ab31a56403d1
report_seed42_confidence_only_ema_medseg_slice_072,medseg_slice_072,42,confidence_only_ema,detected_1__eligible_0__pixels_NA,True,False,,True,d876e4c6af02344d8ad832a161f3092892cc7e34e0e3141fcb33ab31a56403d1,d876e4c6af02344d8ad832a161f3092892cc7e34e0e3141fcb33ab31a56403d1
report_seed42_confidence_only_ema_medseg_slice_073,medseg_slice_073,42,confidence_only_ema,detected_1__eligible_0__pixels_NA,True,False,,True,d876e4c6af02344d8ad832a161f3092892cc7e34e0e3141fcb33ab31a56403d1,d876e4c6af02344d8ad832a161f3092892cc7e34e0e3141fcb33ab31a56403d1
report_seed42_confidence_only_ema_medseg_slice_074,medseg_slice_074,42,confidence_only_ema,detected_1__eligible_0__pixels_NA,True,False,,True,d876e4c6af02344d8ad832a161f3092892cc7e34e0e3141fcb33ab31a56403d1,d876e4c6af02344d8ad832a161f3092892cc7e34e0e3141fcb33ab31a56403d1
report_seed42_confidence_only_ema_medseg_slice_075,medseg_slice_075,42,confidence_only_ema,detected_1__eligible_0__pixels_NA,True,False,,True,d876e4c6af02344d8ad832a161f3092892cc7e34e0e3141fcb33ab31a56403d1,d876e4c6af02344d8ad832a161f3092892cc7e34e0e3141fcb33ab31a56403d1
report_seed42_confidence_only_ema_medseg_slice_076,medseg_slice_076,42,confidence_only_ema,detected_1__eligible_0__pixels_NA,True,False,,True,d876e4c6af02344d8ad832a161f3092892cc7e34e0e3141fcb33ab31a56403d1,d876e4c6af02344d8ad832a161f3092892cc7e34e0e3141fcb33ab31a56403d1
report_seed42_confidence_only_ema_medseg_slice_077,medseg_slice_077,42,confidence_only_ema,detected_1__eligible_0__pixels_NA,True,False,,True,d876e4c6af02344d8ad832a161f3092892cc7e34e0e3141fcb33ab31a56403d1,d876e4c6af02344d8ad832a161f3092892cc7e34e0e3141fcb33ab31a56403d1
report_seed42_confidence_only_ema_medseg_slice_078,medseg_slice_078,42,confidence_only_ema,detected_1__eligible_0__pixels_NA,True,False,,True,d876e4c6af02344d8ad832a161f3092892cc7e34e0e3141fcb33ab31a56403d1,d876e4c6af02344d8ad832a161f3092892cc7e34e0e3141fcb33ab31a56403d1
report_seed42_confidence_only_ema_medseg_slice_079,medseg_slice_079,42,confidence_only_ema,detected_1__eligible_0__pixels_NA,True,False,,True,d876e4c6af02344d8ad832a161f3092892cc7e34e0e3141fcb33ab31a56403d1,d876e4c6af02344d8ad832a161f3092892cc7e34e0e3141fcb33ab31a56403d1
report_seed42_confidence_only_ema_medseg_slice_080,medseg_slice_080,42,confidence_only_ema,detected_1__eligible_0__pixels_NA,True,False,,True,d876e4c6af02344d8ad832a161f3092892cc7e34e0e3141fcb33ab31a56403d1,d876e4c6af02344d8ad832a161f3092892cc7e34e0e3141fcb33ab31a56403d1
report_seed42_confidence_only_ema_medseg_slice_081,medseg_slice_081,42,confidence_only_ema,detected_1__eligible_0__pixels_NA,True,False,,True,d876e4c6af02344d8ad832a161f3092892cc7e34e0e3141fcb33ab31a56403d1,d876e4c6af02344d8ad832a161f3092892cc7e34e0e3141fcb33ab31a56403d1
report_seed42_confidence_only_ema_medseg_slice_082,medseg_slice_082,42,confidence_only_ema,detected_1__eligible_0__pixels_NA,True,False,,True,d876e4c6af02344d8ad832a161f3092892cc7e34e0e3141fcb33ab31a56403d1,d876e4c6af02344d8ad832a161f3092892cc7e34e0e3141fcb33ab31a56403d1
report_seed42_confidence_only_ema_medseg_slice_083,medseg_slice_083,42,confidence_only_ema,detected_1__eligible_0__pixels_NA,True,False,,True,d876e4c6af02344d8ad832a161f3092892cc7e34e0e3141fcb33ab31a56403d1,d876e4c6af02344d8ad832a161f3092892cc7e34e0e3141fcb33ab31a56403d1
report_seed42_confidence_only_ema_medseg_slice_084,medseg_slice_084,42,confidence_only_ema,detected_1__eligible_0__pixels_NA,True,False,,True,d876e4c6af02344d8ad832a161f3092892cc7e34e0e3141fcb33ab31a56403d1,d876e4c6af02344d8ad832a161f3092892cc7e34e0e3141fcb33ab31a56403d1
report_seed42_confidence_only_ema_medseg_slice_085,medseg_slice_085,42,confidence_only_ema,detected_1__eligible_0__pixels_NA,True,False,,True,d876e4c6af02344d8ad832a161f3092892cc7e34e0e3141fcb33ab31a56403d1,d876e4c6af02344d8ad832a161f3092892cc7e34e0e3141fcb33ab31a56403d1
report_seed42_confidence_only_ema_medseg_slice_086,medseg_slice_086,42,confidence_only_ema,detected_1__eligible_0__pixels_NA,True,False,,True,d876e4c6af02344d8ad832a161f3092892cc7e34e0e3141fcb33ab31a56403d1,d876e4c6af02344d8ad832a161f3092892cc7e34e0e3141fcb33ab31a56403d1
report_seed42_confidence_only_ema_medseg_slice_087,medseg_slice_087,42,confidence_only_ema,detected_1__eligible_0__pixels_NA,True,False,,True,d876e4c6af02344d8ad832a161f3092892cc7e34e0e3141fcb33ab31a56403d1,d876e4c6af02344d8ad832a161f3092892cc7e34e0e3141fcb33ab31a56403d1
report_seed42_confidence_only_ema_medseg_slice_088,medseg_slice_088,42,confidence_only_ema,detected_1__eligible_0__pixels_NA,True,False,,True,d876e4c6af02344d8ad832a161f3092892cc7e34e0e3141fcb33ab31a56403d1,d876e4c6af02344d8ad832a161f3092892cc7e34e0e3141fcb33ab31a56403d1
report_seed42_confidence_only_ema_medseg_slice_089,medseg_slice_089,42,confidence_only_ema,detected_1__eligible_1__pixels_1081,True,False,,True,f450cf9bd7148f11178558dc00ca8ea7a06f86174a05f72614dcb21db5f891b4,f450cf9bd7148f11178558dc00ca8ea7a06f86174a05f72614dcb21db5f891b4
report_seed42_confidence_only_ema_medseg_slice_090,medseg_slice_090,42,confidence_only_ema,detected_1__eligible_0__pixels_NA,True,False,,True,d876e4c6af02344d8ad832a161f3092892cc7e34e0e3141fcb33ab31a56403d1,d876e4c6af02344d8ad832a161f3092892cc7e34e0e3141fcb33ab31a56403d1
report_seed42_confidence_only_ema_medseg_slice_091,medseg_slice_091,42,confidence_only_ema,detected_1__eligible_0__pixels_NA,True,False,,True,d876e4c6af02344d8ad832a161f3092892cc7e34e0e3141fcb33ab31a56403d1,d876e4c6af02344d8ad832a161f3092892cc7e34e0e3141fcb33ab31a56403d1
report_seed42_confidence_only_ema_medseg_slice_092,medseg_slice_092,42,confidence_only_ema,detected_1__eligible_0__pixels_NA,True,False,,True,d876e4c6af02344d8ad832a161f3092892cc7e34e0e3141fcb33ab31a56403d1,d876e4c6af02344d8ad832a161f3092892cc7e34e0e3141fcb33ab31a56403d1
report_seed42_confidence_only_ema_medseg_slice_093,medseg_slice_093,42,confidence_only_ema,detected_1__eligible_0__pixels_NA,True,False,,True,d876e4c6af02344d8ad832a161f3092892cc7e34e0e3141fcb33ab31a56403d1,d876e4c6af02344d8ad832a161f3092892cc7e34e0e3141fcb33ab31a56403d1
report_seed42_confidence_only_ema_medseg_slice_094,medseg_slice_094,42,confidence_only_ema,detected_1__eligible_0__pixels_NA,True,False,,True,d876e4c6af02344d8ad832a161f3092892cc7e34e0e3141fcb33ab31a56403d1,d876e4c6af02344d8ad832a161f3092892cc7e34e0e3141fcb33ab31a56403d1
report_seed42_confidence_only_ema_medseg_slice_095,medseg_slice_095,42,confidence_only_ema,detected_1__eligible_0__pixels_NA,True,False,,True,d876e4c6af02344d8ad832a161f3092892cc7e34e0e3141fcb33ab31a56403d1,d876e4c6af02344d8ad832a161f3092892cc7e34e0e3141fcb33ab31a56403d1
report_seed42_confidence_only_ema_medseg_slice_096,medseg_slice_096,42,confidence_only_ema,detected_1__eligible_0__pixels_NA,True,False,,True,d876e4c6af02344d8ad832a161f3092892cc7e34e0e3141fcb33ab31a56403d1,d876e4c6af02344d8ad832a161f3092892cc7e34e0e3141fcb33ab31a56403d1
report_seed42_confidence_only_ema_medseg_slice_097,medseg_slice_097,42,confidence_only_ema,detected_1__eligible_0__pixels_NA,True,False,,True,d876e4c6af02344d8ad832a161f3092892cc7e34e0e3141fcb33ab31a56403d1,d876e4c6af02344d8ad832a161f3092892cc7e34e0e3141fcb33ab31a56403d1
report_seed42_confidence_only_ema_medseg_slice_098,medseg_slice_098,42,confidence_only_ema,detected_1__eligible_0__pixels_NA,True,False,,True,d876e4c6af02344d8ad832a161f3092892cc7e34e0e3141fcb33ab31a56403d1,d876e4c6af02344d8ad832a161f3092892cc7e34e0e3141fcb33ab31a56403d1
report_seed42_confidence_only_ema_medseg_slice_099,medseg_slice_099,42,confidence_only_ema,detected_1__eligible_0__pixels_NA,True,False,,True,d876e4c6af02344d8ad832a161f3092892cc7e34e0e3141fcb33ab31a56403d1,d876e4c6af02344d8ad832a161f3092892cc7e34e0e3141fcb33ab31a56403d1
report_seed42_agreement_filtered_ema_medseg_slice_000,medseg_slice_000,42,agreement_filtered_ema,detected_1__eligible_0__pixels_NA,True,False,,True,d876e4c6af02344d8ad832a161f3092892cc7e34e0e3141fcb33ab31a56403d1,d876e4c6af02344d8ad832a161f3092892cc7e34e0e3141fcb33ab31a56403d1
report_seed42_agreement_filtered_ema_medseg_slice_001,medseg_slice_001,42,agreement_filtered_ema,detected_1__eligible_0__pixels_NA,True,False,,True,d876e4c6af02344d8ad832a161f3092892cc7e34e0e3141fcb33ab31a56403d1,d876e4c6af02344d8ad832a161f3092892cc7e34e0e3141fcb33ab31a56403d1
report_seed42_agreement_filtered_ema_medseg_slice_002,medseg_slice_002,42,agreement_filtered_ema,detected_1__eligible_1__pixels_1657,True,False,,True,3786c64555e314a60f45b99bc7afe21fda8ad7c3734c6fbeaa8e03a4a887fd7c,3786c64555e314a60f45b99bc7afe21fda8ad7c3734c6fbeaa8e03a4a887fd7c
report_seed42_agreement_filtered_ema_medseg_slice_003,medseg_slice_003,42,agreement_filtered_ema,detected_1__eligible_0__pixels_NA,True,False,,True,d876e4c6af02344d8ad832a161f3092892cc7e34e0e3141fcb33ab31a56403d1,d876e4c6af02344d8ad832a161f3092892cc7e34e0e3141fcb33ab31a56403d1
report_seed42_agreement_filtered_ema_medseg_slice_004,medseg_slice_004,42,agreement_filtered_ema,detected_1__eligible_0__pixels_NA,True,False,,True,d876e4c6af02344d8ad832a161f3092892cc7e34e0e3141fcb33ab31a56403d1,d876e4c6af02344d8ad832a161f3092892cc7e34e0e3141fcb33ab31a56403d1
report_seed42_agreement_filtered_ema_medseg_slice_005,medseg_slice_005,42,agreement_filtered_ema,detected_1__eligible_0__pixels_NA,True,False,,True,d876e4c6af02344d8ad832a161f3092892cc7e34e0e3141fcb33ab31a56403d1,d876e4c6af02344d8ad832a161f3092892cc7e34e0e3141fcb33ab31a56403d1
report_seed42_agreement_filtered_ema_medseg_slice_006,medseg_slice_006,42,agreement_filtered_ema,detected_1__eligible_0__pixels_NA,True,False,,True,d876e4c6af02344d8ad832a161f3092892cc7e34e0e3141fcb33ab31a56403d1,d876e4c6af02344d8ad832a161f3092892cc7e34e0e3141fcb33ab31a56403d1
report_seed42_agreement_filtered_ema_medseg_slice_007,medseg_slice_007,42,agreement_filtered_ema,detected_1__eligible_0__pixels_NA,True,False,,True,d876e4c6af02344d8ad832a161f3092892cc7e34e0e3141fcb33ab31a56403d1,d876e4c6af02344d8ad832a161f3092892cc7e34e0e3141fcb33ab31a56403d1
report_seed42_agreement_filtered_ema_medseg_slice_008,medseg_slice_008,42,agreement_filtered_ema,detected_1__eligible_0__pixels_NA,True,False,,True,d876e4c6af02344d8ad832a161f3092892cc7e34e0e3141fcb33ab31a56403d1,d876e4c6af02344d8ad832a161f3092892cc7e34e0e3141fcb33ab31a56403d1
report_seed42_agreement_filtered_ema_medseg_slice_009,medseg_slice_009,42,agreement_filtered_ema,detected_1__eligible_0__pixels_NA,True,False,,True,d876e4c6af02344d8ad832a161f3092892cc7e34e0e3141fcb33ab31a56403d1,d876e4c6af02344d8ad832a161f3092892cc7e34e0e3141fcb33ab31a56403d1
report_seed42_agreement_filtered_ema_medseg_slice_010,medseg_slice_010,42,agreement_filtered_ema,detected_1__eligible_0__pixels_NA,True,False,,True,d876e4c6af02344d8ad832a161f3092892cc7e34e0e3141fcb33ab31a56403d1,d876e4c6af02344d8ad832a161f3092892cc7e34e0e3141fcb33ab31a56403d1
report_seed42_agreement_filtered_ema_medseg_slice_011,medseg_slice_011,42,agreement_filtered_ema,detected_1__eligible_0__pixels_NA,True,False,,True,d876e4c6af02344d8ad832a161f3092892cc7e34e0e3141fcb33ab31a56403d1,d876e4c6af02344d8ad832a161f3092892cc7e34e0e3141fcb33ab31a56403d1
report_seed42_agreement_filtered_ema_medseg_slice_012,medseg_slice_012,42,agreement_filtered_ema,detected_1__eligible_0__pixels_NA,True,False,,True,d876e4c6af02344d8ad832a161f3092892cc7e34e0e3141fcb33ab31a56403d1,d876e4c6af02344d8ad832a161f3092892cc7e34e0e3141fcb33ab31a56403d1
report_seed42_agreement_filtered_ema_medseg_slice_013,medseg_slice_013,42,agreement_filtered_ema,detected_1__eligible_0__pixels_NA,True,False,,True,d876e4c6af02344d8ad832a161f3092892cc7e34e0e3141fcb33ab31a56403d1,d876e4c6af02344d8ad832a161f3092892cc7e34e0e3141fcb33ab31a56403d1
report_seed42_agreement_filtered_ema_medseg_slice_014,medseg_slice_014,42,agreement_filtered_ema,detected_1__eligible_0__pixels_NA,True,False,,True,d876e4c6af02344d8ad832a161f3092892cc7e34e0e3141fcb33ab31a56403d1,d876e4c6af02344d8ad832a161f3092892cc7e34e0e3141fcb33ab31a56403d1
report_seed42_agreement_filtered_ema_medseg_slice_015,medseg_slice_015,42,agreement_filtered_ema,detected_1__eligible_0__pixels_NA,True,False,,True,d876e4c6af02344d8ad832a161f3092892cc7e34e0e3141fcb33ab31a56403d1,d876e4c6af02344d8ad832a161f3092892cc7e34e0e3141fcb33ab31a56403d1
report_seed42_agreement_filtered_ema_medseg_slice_016,medseg_slice_016,42,agreement_filtered_ema,detected_1__eligible_0__pixels_NA,True,False,,True,d876e4c6af02344d8ad832a161f3092892cc7e34e0e3141fcb33ab31a56403d1,d876e4c6af02344d8ad832a161f3092892cc7e34e0e3141fcb33ab31a56403d1
report_seed42_agreement_filtered_ema_medseg_slice_017,medseg_slice_017,42,agreement_filtered_ema,detected_1__eligible_0__pixels_NA,True,False,,True,d876e4c6af02344d8ad832a161f3092892cc7e34e0e3141fcb33ab31a56403d1,d876e4c6af02344d8ad832a161f3092892cc7e34e0e3141fcb33ab31a56403d1
report_seed42_agreement_filtered_ema_medseg_slice_018,medseg_slice_018,42,agreement_filtered_ema,detected_1__eligible_0__pixels_NA,True,False,,True,d876e4c6af02344d8ad832a161f3092892cc7e34e0e3141fcb33ab31a56403d1,d876e4c6af02344d8ad832a161f3092892cc7e34e0e3141fcb33ab31a56403d1
report_seed42_agreement_filtered_ema_medseg_slice_019,medseg_slice_019,42,agreement_filtered_ema,detected_1__eligible_0__pixels_NA,True,False,,True,d876e4c6af02344d8ad832a161f3092892cc7e34e0e3141fcb33ab31a56403d1,d876e4c6af02344d8ad832a161f3092892cc7e34e0e3141fcb33ab31a56403d1
report_seed42_agreement_filtered_ema_medseg_slice_020,medseg_slice_020,42,agreement_filtered_ema,detected_1__eligible_0__pixels_NA,True,False,,True,d876e4c6af02344d8ad832a161f3092892cc7e34e0e3141fcb33ab31a56403d1,d876e4c6af02344d8ad832a161f3092892cc7e34e0e3141fcb33ab31a56403d1
report_seed42_agreement_filtered_ema_medseg_slice_021,medseg_slice_021,42,agreement_filtered_ema,detected_1__eligible_0__pixels_NA,True,False,,True,d876e4c6af02344d8ad832a161f3092892cc7e34e0e3141fcb33ab31a56403d1,d876e4c6af02344d8ad832a161f3092892cc7e34e0e3141fcb33ab31a56403d1
report_seed42_agreement_filtered_ema_medseg_slice_022,medseg_slice_022,42,agreement_filtered_ema,detected_1__eligible_0__pixels_NA,True,False,,True,d876e4c6af02344d8ad832a161f3092892cc7e34e0e3141fcb33ab31a56403d1,d876e4c6af02344d8ad832a161f3092892cc7e34e0e3141fcb33ab31a56403d1
report_seed42_agreement_filtered_ema_medseg_slice_023,medseg_slice_023,42,agreement_filtered_ema,detected_1__eligible_0__pixels_NA,True,False,,True,d876e4c6af02344d8ad832a161f3092892cc7e34e0e3141fcb33ab31a56403d1,d876e4c6af02344d8ad832a161f3092892cc7e34e0e3141fcb33ab31a56403d1
report_seed42_agreement_filtered_ema_medseg_slice_024,medseg_slice_024,42,agreement_filtered_ema,detected_1__eligible_0__pixels_NA,True,False,,True,d876e4c6af02344d8ad832a161f3092892cc7e34e0e3141fcb33ab31a56403d1,d876e4c6af02344d8ad832a161f3092892cc7e34e0e3141fcb33ab31a56403d1
report_seed42_agreement_filtered_ema_medseg_slice_025,medseg_slice_025,42,agreement_filtered_ema,detected_1__eligible_0__pixels_NA,True,False,,True,d876e4c6af02344d8ad832a161f3092892cc7e34e0e3141fcb33ab31a56403d1,d876e4c6af02344d8ad832a161f3092892cc7e34e0e3141fcb33ab31a56403d1
report_seed42_agreement_filtered_ema_medseg_slice_026,medseg_slice_026,42,agreement_filtered_ema,detected_1__eligible_0__pixels_NA,True,False,,True,d876e4c6af02344d8ad832a161f3092892cc7e34e0e3141fcb33ab31a56403d1,d876e4c6af02344d8ad832a161f3092892cc7e34e0e3141fcb33ab31a56403d1
report_seed42_agreement_filtered_ema_medseg_slice_027,medseg_slice_027,42,agreement_filtered_ema,detected_1__eligible_0__pixels_NA,True,False,,True,d876e4c6af02344d8ad832a161f3092892cc7e34e0e3141fcb33ab31a56403d1,d876e4c6af02344d8ad832a161f3092892cc7e34e0e3141fcb33ab31a56403d1
report_seed42_agreement_filtered_ema_medseg_slice_028,medseg_slice_028,42,agreement_filtered_ema,detected_1__eligible_0__pixels_NA,True,False,,True,d876e4c6af02344d8ad832a161f3092892cc7e34e0e3141fcb33ab31a56403d1,d876e4c6af02344d8ad832a161f3092892cc7e34e0e3141fcb33ab31a56403d1
report_seed42_agreement_filtered_ema_medseg_slice_029,medseg_slice_029,42,agreement_filtered_ema,detected_1__eligible_0__pixels_NA,True,False,,True,d876e4c6af02344d8ad832a161f3092892cc7e34e0e3141fcb33ab31a56403d1,d876e4c6af02344d8ad832a161f3092892cc7e34e0e3141fcb33ab31a56403d1
report_seed42_agreement_filtered_ema_medseg_slice_030,medseg_slice_030,42,agreement_filtered_ema,detected_1__eligible_0__pixels_NA,True,False,,True,d876e4c6af02344d8ad832a161f3092892cc7e34e0e3141fcb33ab31a56403d1,d876e4c6af02344d8ad832a161f3092892cc7e34e0e3141fcb33ab31a56403d1
report_seed42_agreement_filtered_ema_medseg_slice_031,medseg_slice_031,42,agreement_filtered_ema,detected_1__eligible_0__pixels_NA,True,False,,True,d876e4c6af02344d8ad832a161f3092892cc7e34e0e3141fcb33ab31a56403d1,d876e4c6af02344d8ad832a161f3092892cc7e34e0e3141fcb33ab31a56403d1
report_seed42_agreement_filtered_ema_medseg_slice_032,medseg_slice_032,42,agreement_filtered_ema,detected_1__eligible_0__pixels_NA,True,False,,True,d876e4c6af02344d8ad832a161f3092892cc7e34e0e3141fcb33ab31a56403d1,d876e4c6af02344d8ad832a161f3092892cc7e34e0e3141fcb33ab31a56403d1
report_seed42_agreement_filtered_ema_medseg_slice_033,medseg_slice_033,42,agreement_filtered_ema,detected_1__eligible_0__pixels_NA,True,False,,True,d876e4c6af02344d8ad832a161f3092892cc7e34e0e3141fcb33ab31a56403d1,d876e4c6af02344d8ad832a161f3092892cc7e34e0e3141fcb33ab31a56403d1
report_seed42_agreement_filtered_ema_medseg_slice_034,medseg_slice_034,42,agreement_filtered_ema,detected_1__eligible_0__pixels_NA,True,False,,True,d876e4c6af02344d8ad832a161f3092892cc7e34e0e3141fcb33ab31a56403d1,d876e4c6af02344d8ad832a161f3092892cc7e34e0e3141fcb33ab31a56403d1
report_seed42_agreement_filtered_ema_medseg_slice_035,medseg_slice_035,42,agreement_filtered_ema,detected_1__eligible_0__pixels_NA,True,False,,True,d876e4c6af02344d8ad832a161f3092892cc7e34e0e3141fcb33ab31a56403d1,d876e4c6af02344d8ad832a161f3092892cc7e34e0e3141fcb33ab31a56403d1
report_seed42_agreement_filtered_ema_medseg_slice_036,medseg_slice_036,42,agreement_filtered_ema,detected_1__eligible_0__pixels_NA,True,False,,True,d876e4c6af02344d8ad832a161f3092892cc7e34e0e3141fcb33ab31a56403d1,d876e4c6af02344d8ad832a161f3092892cc7e34e0e3141fcb33ab31a56403d1
report_seed42_agreement_filtered_ema_medseg_slice_037,medseg_slice_037,42,agreement_filtered_ema,detected_1__eligible_0__pixels_NA,True,False,,True,d876e4c6af02344d8ad832a161f3092892cc7e34e0e3141fcb33ab31a56403d1,d876e4c6af02344d8ad832a161f3092892cc7e34e0e3141fcb33ab31a56403d1
report_seed42_agreement_filtered_ema_medseg_slice_038,medseg_slice_038,42,agreement_filtered_ema,detected_1__eligible_0__pixels_NA,True,False,,True,d876e4c6af02344d8ad832a161f3092892cc7e34e0e3141fcb33ab31a56403d1,d876e4c6af02344d8ad832a161f3092892cc7e34e0e3141fcb33ab31a56403d1
report_seed42_agreement_filtered_ema_medseg_slice_039,medseg_slice_039,42,agreement_filtered_ema,detected_1__eligible_0__pixels_NA,True,False,,True,d876e4c6af02344d8ad832a161f3092892cc7e34e0e3141fcb33ab31a56403d1,d876e4c6af02344d8ad832a161f3092892cc7e34e0e3141fcb33ab31a56403d1
report_seed42_agreement_filtered_ema_medseg_slice_040,medseg_slice_040,42,agreement_filtered_ema,detected_1__eligible_0__pixels_NA,True,False,,True,d876e4c6af02344d8ad832a161f3092892cc7e34e0e3141fcb33ab31a56403d1,d876e4c6af02344d8ad832a161f3092892cc7e34e0e3141fcb33ab31a56403d1
report_seed42_agreement_filtered_ema_medseg_slice_041,medseg_slice_041,42,agreement_filtered_ema,detected_1__eligible_0__pixels_NA,True,False,,True,d876e4c6af02344d8ad832a161f3092892cc7e34e0e3141fcb33ab31a56403d1,d876e4c6af02344d8ad832a161f3092892cc7e34e0e3141fcb33ab31a56403d1
report_seed42_agreement_filtered_ema_medseg_slice_042,medseg_slice_042,42,agreement_filtered_ema,detected_1__eligible_0__pixels_NA,True,False,,True,d876e4c6af02344d8ad832a161f3092892cc7e34e0e3141fcb33ab31a56403d1,d876e4c6af02344d8ad832a161f3092892cc7e34e0e3141fcb33ab31a56403d1
report_seed42_agreement_filtered_ema_medseg_slice_043,medseg_slice_043,42,agreement_filtered_ema,detected_1__eligible_0__pixels_NA,True,False,,True,d876e4c6af02344d8ad832a161f3092892cc7e34e0e3141fcb33ab31a56403d1,d876e4c6af02344d8ad832a161f3092892cc7e34e0e3141fcb33ab31a56403d1
report_seed42_agreement_filtered_ema_medseg_slice_044,medseg_slice_044,42,agreement_filtered_ema,detected_1__eligible_0__pixels_NA,True,False,,True,d876e4c6af02344d8ad832a161f3092892cc7e34e0e3141fcb33ab31a56403d1,d876e4c6af02344d8ad832a161f3092892cc7e34e0e3141fcb33ab31a56403d1
report_seed42_agreement_filtered_ema_medseg_slice_045,medseg_slice_045,42,agreement_filtered_ema,detected_1__eligible_0__pixels_NA,True,False,,True,d876e4c6af02344d8ad832a161f3092892cc7e34e0e3141fcb33ab31a56403d1,d876e4c6af02344d8ad832a161f3092892cc7e34e0e3141fcb33ab31a56403d1
report_seed42_agreement_filtered_ema_medseg_slice_046,medseg_slice_046,42,agreement_filtered_ema,detected_1__eligible_0__pixels_NA,True,False,,True,d876e4c6af02344d8ad832a161f3092892cc7e34e0e3141fcb33ab31a56403d1,d876e4c6af02344d8ad832a161f3092892cc7e34e0e3141fcb33ab31a56403d1
report_seed42_agreement_filtered_ema_medseg_slice_047,medseg_slice_047,42,agreement_filtered_ema,detected_1__eligible_0__pixels_NA,True,False,,True,d876e4c6af02344d8ad832a161f3092892cc7e34e0e3141fcb33ab31a56403d1,d876e4c6af02344d8ad832a161f3092892cc7e34e0e3141fcb33ab31a56403d1
report_seed42_agreement_filtered_ema_medseg_slice_048,medseg_slice_048,42,agreement_filtered_ema,detected_1__eligible_0__pixels_NA,True,False,,True,d876e4c6af02344d8ad832a161f3092892cc7e34e0e3141fcb33ab31a56403d1,d876e4c6af02344d8ad832a161f3092892cc7e34e0e3141fcb33ab31a56403d1
report_seed42_agreement_filtered_ema_medseg_slice_049,medseg_slice_049,42,agreement_filtered_ema,detected_1__eligible_0__pixels_NA,True,False,,True,d876e4c6af02344d8ad832a161f3092892cc7e34e0e3141fcb33ab31a56403d1,d876e4c6af02344d8ad832a161f3092892cc7e34e0e3141fcb33ab31a56403d1
report_seed42_agreement_filtered_ema_medseg_slice_050,medseg_slice_050,42,agreement_filtered_ema,detected_1__eligible_0__pixels_NA,True,False,,True,d876e4c6af02344d8ad832a161f3092892cc7e34e0e3141fcb33ab31a56403d1,d876e4c6af02344d8ad832a161f3092892cc7e34e0e3141fcb33ab31a56403d1
report_seed42_agreement_filtered_ema_medseg_slice_051,medseg_slice_051,42,agreement_filtered_ema,detected_1__eligible_0__pixels_NA,True,False,,True,d876e4c6af02344d8ad832a161f3092892cc7e34e0e3141fcb33ab31a56403d1,d876e4c6af02344d8ad832a161f3092892cc7e34e0e3141fcb33ab31a56403d1
report_seed42_agreement_filtered_ema_medseg_slice_052,medseg_slice_052,42,agreement_filtered_ema,detected_1__eligible_0__pixels_NA,True,False,,True,d876e4c6af02344d8ad832a161f3092892cc7e34e0e3141fcb33ab31a56403d1,d876e4c6af02344d8ad832a161f3092892cc7e34e0e3141fcb33ab31a56403d1
report_seed42_agreement_filtered_ema_medseg_slice_053,medseg_slice_053,42,agreement_filtered_ema,detected_1__eligible_0__pixels_NA,True,False,,True,d876e4c6af02344d8ad832a161f3092892cc7e34e0e3141fcb33ab31a56403d1,d876e4c6af02344d8ad832a161f3092892cc7e34e0e3141fcb33ab31a56403d1
report_seed42_agreement_filtered_ema_medseg_slice_054,medseg_slice_054,42,agreement_filtered_ema,detected_1__eligible_0__pixels_NA,True,False,,True,d876e4c6af02344d8ad832a161f3092892cc7e34e0e3141fcb33ab31a56403d1,d876e4c6af02344d8ad832a161f3092892cc7e34e0e3141fcb33ab31a56403d1
report_seed42_agreement_filtered_ema_medseg_slice_055,medseg_slice_055,42,agreement_filtered_ema,detected_1__eligible_0__pixels_NA,True,False,,True,d876e4c6af02344d8ad832a161f3092892cc7e34e0e3141fcb33ab31a56403d1,d876e4c6af02344d8ad832a161f3092892cc7e34e0e3141fcb33ab31a56403d1
report_seed42_agreement_filtered_ema_medseg_slice_056,medseg_slice_056,42,agreement_filtered_ema,detected_1__eligible_0__pixels_NA,True,False,,True,d876e4c6af02344d8ad832a161f3092892cc7e34e0e3141fcb33ab31a56403d1,d876e4c6af02344d8ad832a161f3092892cc7e34e0e3141fcb33ab31a56403d1
report_seed42_agreement_filtered_ema_medseg_slice_057,medseg_slice_057,42,agreement_filtered_ema,detected_1__eligible_0__pixels_NA,True,False,,True,d876e4c6af02344d8ad832a161f3092892cc7e34e0e3141fcb33ab31a56403d1,d876e4c6af02344d8ad832a161f3092892cc7e34e0e3141fcb33ab31a56403d1
report_seed42_agreement_filtered_ema_medseg_slice_058,medseg_slice_058,42,agreement_filtered_ema,detected_1__eligible_0__pixels_NA,True,False,,True,d876e4c6af02344d8ad832a161f3092892cc7e34e0e3141fcb33ab31a56403d1,d876e4c6af02344d8ad832a161f3092892cc7e34e0e3141fcb33ab31a56403d1
report_seed42_agreement_filtered_ema_medseg_slice_059,medseg_slice_059,42,agreement_filtered_ema,detected_1__eligible_0__pixels_NA,True,False,,True,d876e4c6af02344d8ad832a161f3092892cc7e34e0e3141fcb33ab31a56403d1,d876e4c6af02344d8ad832a161f3092892cc7e34e0e3141fcb33ab31a56403d1
report_seed42_agreement_filtered_ema_medseg_slice_060,medseg_slice_060,42,agreement_filtered_ema,detected_1__eligible_0__pixels_NA,True,False,,True,d876e4c6af02344d8ad832a161f3092892cc7e34e0e3141fcb33ab31a56403d1,d876e4c6af02344d8ad832a161f3092892cc7e34e0e3141fcb33ab31a56403d1
report_seed42_agreement_filtered_ema_medseg_slice_061,medseg_slice_061,42,agreement_filtered_ema,detected_1__eligible_0__pixels_NA,True,False,,True,d876e4c6af02344d8ad832a161f3092892cc7e34e0e3141fcb33ab31a56403d1,d876e4c6af02344d8ad832a161f3092892cc7e34e0e3141fcb33ab31a56403d1
report_seed42_agreement_filtered_ema_medseg_slice_062,medseg_slice_062,42,agreement_filtered_ema,detected_1__eligible_0__pixels_NA,True,False,,True,d876e4c6af02344d8ad832a161f3092892cc7e34e0e3141fcb33ab31a56403d1,d876e4c6af02344d8ad832a161f3092892cc7e34e0e3141fcb33ab31a56403d1
report_seed42_agreement_filtered_ema_medseg_slice_063,medseg_slice_063,42,agreement_filtered_ema,detected_1__eligible_0__pixels_NA,True,False,,True,d876e4c6af02344d8ad832a161f3092892cc7e34e0e3141fcb33ab31a56403d1,d876e4c6af02344d8ad832a161f3092892cc7e34e0e3141fcb33ab31a56403d1
report_seed42_agreement_filtered_ema_medseg_slice_064,medseg_slice_064,42,agreement_filtered_ema,detected_1__eligible_0__pixels_NA,True,False,,True,d876e4c6af02344d8ad832a161f3092892cc7e34e0e3141fcb33ab31a56403d1,d876e4c6af02344d8ad832a161f3092892cc7e34e0e3141fcb33ab31a56403d1
report_seed42_agreement_filtered_ema_medseg_slice_065,medseg_slice_065,42,agreement_filtered_ema,detected_1__eligible_0__pixels_NA,True,False,,True,d876e4c6af02344d8ad832a161f3092892cc7e34e0e3141fcb33ab31a56403d1,d876e4c6af02344d8ad832a161f3092892cc7e34e0e3141fcb33ab31a56403d1
report_seed42_agreement_filtered_ema_medseg_slice_066,medseg_slice_066,42,agreement_filtered_ema,detected_1__eligible_0__pixels_NA,True,False,,True,d876e4c6af02344d8ad832a161f3092892cc7e34e0e3141fcb33ab31a56403d1,d876e4c6af02344d8ad832a161f3092892cc7e34e0e3141fcb33ab31a56403d1
report_seed42_agreement_filtered_ema_medseg_slice_067,medseg_slice_067,42,agreement_filtered_ema,detected_1__eligible_0__pixels_NA,True,False,,True,d876e4c6af02344d8ad832a161f3092892cc7e34e0e3141fcb33ab31a56403d1,d876e4c6af02344d8ad832a161f3092892cc7e34e0e3141fcb33ab31a56403d1
report_seed42_agreement_filtered_ema_medseg_slice_068,medseg_slice_068,42,agreement_filtered_ema,detected_1__eligible_0__pixels_NA,True,False,,True,d876e4c6af02344d8ad832a161f3092892cc7e34e0e3141fcb33ab31a56403d1,d876e4c6af02344d8ad832a161f3092892cc7e34e0e3141fcb33ab31a56403d1
report_seed42_agreement_filtered_ema_medseg_slice_069,medseg_slice_069,42,agreement_filtered_ema,detected_1__eligible_0__pixels_NA,True,False,,True,d876e4c6af02344d8ad832a161f3092892cc7e34e0e3141fcb33ab31a56403d1,d876e4c6af02344d8ad832a161f3092892cc7e34e0e3141fcb33ab31a56403d1
report_seed42_agreement_filtered_ema_medseg_slice_070,medseg_slice_070,42,agreement_filtered_ema,detected_1__eligible_0__pixels_NA,True,False,,True,d876e4c6af02344d8ad832a161f3092892cc7e34e0e3141fcb33ab31a56403d1,d876e4c6af02344d8ad832a161f3092892cc7e34e0e3141fcb33ab31a56403d1
report_seed42_agreement_filtered_ema_medseg_slice_071,medseg_slice_071,42,agreement_filtered_ema,detected_1__eligible_0__pixels_NA,True,False,,True,d876e4c6af02344d8ad832a161f3092892cc7e34e0e3141fcb33ab31a56403d1,d876e4c6af02344d8ad832a161f3092892cc7e34e0e3141fcb33ab31a56403d1
report_seed42_agreement_filtered_ema_medseg_slice_072,medseg_slice_072,42,agreement_filtered_ema,detected_1__eligible_0__pixels_NA,True,False,,True,d876e4c6af02344d8ad832a161f3092892cc7e34e0e3141fcb33ab31a56403d1,d876e4c6af02344d8ad832a161f3092892cc7e34e0e3141fcb33ab31a56403d1
report_seed42_agreement_filtered_ema_medseg_slice_073,medseg_slice_073,42,agreement_filtered_ema,detected_1__eligible_0__pixels_NA,True,False,,True,d876e4c6af02344d8ad832a161f3092892cc7e34e0e3141fcb33ab31a56403d1,d876e4c6af02344d8ad832a161f3092892cc7e34e0e3141fcb33ab31a56403d1
report_seed42_agreement_filtered_ema_medseg_slice_074,medseg_slice_074,42,agreement_filtered_ema,detected_1__eligible_0__pixels_NA,True,False,,True,d876e4c6af02344d8ad832a161f3092892cc7e34e0e3141fcb33ab31a56403d1,d876e4c6af02344d8ad832a161f3092892cc7e34e0e3141fcb33ab31a56403d1
report_seed42_agreement_filtered_ema_medseg_slice_075,medseg_slice_075,42,agreement_filtered_ema,detected_1__eligible_0__pixels_NA,True,False,,True,d876e4c6af02344d8ad832a161f3092892cc7e34e0e3141fcb33ab31a56403d1,d876e4c6af02344d8ad832a161f3092892cc7e34e0e3141fcb33ab31a56403d1
report_seed42_agreement_filtered_ema_medseg_slice_076,medseg_slice_076,42,agreement_filtered_ema,detected_1__eligible_0__pixels_NA,True,False,,True,d876e4c6af02344d8ad832a161f3092892cc7e34e0e3141fcb33ab31a56403d1,d876e4c6af02344d8ad832a161f3092892cc7e34e0e3141fcb33ab31a56403d1
report_seed42_agreement_filtered_ema_medseg_slice_077,medseg_slice_077,42,agreement_filtered_ema,detected_1__eligible_0__pixels_NA,True,False,,True,d876e4c6af02344d8ad832a161f3092892cc7e34e0e3141fcb33ab31a56403d1,d876e4c6af02344d8ad832a161f3092892cc7e34e0e3141fcb33ab31a56403d1
report_seed42_agreement_filtered_ema_medseg_slice_078,medseg_slice_078,42,agreement_filtered_ema,detected_1__eligible_0__pixels_NA,True,False,,True,d876e4c6af02344d8ad832a161f3092892cc7e34e0e3141fcb33ab31a56403d1,d876e4c6af02344d8ad832a161f3092892cc7e34e0e3141fcb33ab31a56403d1
report_seed42_agreement_filtered_ema_medseg_slice_079,medseg_slice_079,42,agreement_filtered_ema,detected_1__eligible_0__pixels_NA,True,False,,True,d876e4c6af02344d8ad832a161f3092892cc7e34e0e3141fcb33ab31a56403d1,d876e4c6af02344d8ad832a161f3092892cc7e34e0e3141fcb33ab31a56403d1
report_seed42_agreement_filtered_ema_medseg_slice_080,medseg_slice_080,42,agreement_filtered_ema,detected_1__eligible_0__pixels_NA,True,False,,True,d876e4c6af02344d8ad832a161f3092892cc7e34e0e3141fcb33ab31a56403d1,d876e4c6af02344d8ad832a161f3092892cc7e34e0e3141fcb33ab31a56403d1
report_seed42_agreement_filtered_ema_medseg_slice_081,medseg_slice_081,42,agreement_filtered_ema,detected_1__eligible_0__pixels_NA,True,False,,True,d876e4c6af02344d8ad832a161f3092892cc7e34e0e3141fcb33ab31a56403d1,d876e4c6af02344d8ad832a161f3092892cc7e34e0e3141fcb33ab31a56403d1
report_seed42_agreement_filtered_ema_medseg_slice_082,medseg_slice_082,42,agreement_filtered_ema,detected_1__eligible_0__pixels_NA,True,False,,True,d876e4c6af02344d8ad832a161f3092892cc7e34e0e3141fcb33ab31a56403d1,d876e4c6af02344d8ad832a161f3092892cc7e34e0e3141fcb33ab31a56403d1
report_seed42_agreement_filtered_ema_medseg_slice_083,medseg_slice_083,42,agreement_filtered_ema,detected_1__eligible_0__pixels_NA,True,False,,True,d876e4c6af02344d8ad832a161f3092892cc7e34e0e3141fcb33ab31a56403d1,d876e4c6af02344d8ad832a161f3092892cc7e34e0e3141fcb33ab31a56403d1
report_seed42_agreement_filtered_ema_medseg_slice_084,medseg_slice_084,42,agreement_filtered_ema,detected_1__eligible_0__pixels_NA,True,False,,True,d876e4c6af02344d8ad832a161f3092892cc7e34e0e3141fcb33ab31a56403d1,d876e4c6af02344d8ad832a161f3092892cc7e34e0e3141fcb33ab31a56403d1
report_seed42_agreement_filtered_ema_medseg_slice_085,medseg_slice_085,42,agreement_filtered_ema,detected_1__eligible_0__pixels_NA,True,False,,True,d876e4c6af02344d8ad832a161f3092892cc7e34e0e3141fcb33ab31a56403d1,d876e4c6af02344d8ad832a161f3092892cc7e34e0e3141fcb33ab31a56403d1
report_seed42_agreement_filtered_ema_medseg_slice_086,medseg_slice_086,42,agreement_filtered_ema,detected_1__eligible_0__pixels_NA,True,False,,True,d876e4c6af02344d8ad832a161f3092892cc7e34e0e3141fcb33ab31a56403d1,d876e4c6af02344d8ad832a161f3092892cc7e34e0e3141fcb33ab31a56403d1
report_seed42_agreement_filtered_ema_medseg_slice_087,medseg_slice_087,42,agreement_filtered_ema,detected_1__eligible_0__pixels_NA,True,False,,True,d876e4c6af02344d8ad832a161f3092892cc7e34e0e3141fcb33ab31a56403d1,d876e4c6af02344d8ad832a161f3092892cc7e34e0e3141fcb33ab31a56403d1
report_seed42_agreement_filtered_ema_medseg_slice_088,medseg_slice_088,42,agreement_filtered_ema,detected_1__eligible_0__pixels_NA,True,False,,True,d876e4c6af02344d8ad832a161f3092892cc7e34e0e3141fcb33ab31a56403d1,d876e4c6af02344d8ad832a161f3092892cc7e34e0e3141fcb33ab31a56403d1
report_seed42_agreement_filtered_ema_medseg_slice_089,medseg_slice_089,42,agreement_filtered_ema,detected_1__eligible_1__pixels_1619,True,False,,True,015f96fa4e15850b2beea8c9d2ab7753b8f705d5d37735b33692c3216e09e34d,015f96fa4e15850b2beea8c9d2ab7753b8f705d5d37735b33692c3216e09e34d
report_seed42_agreement_filtered_ema_medseg_slice_090,medseg_slice_090,42,agreement_filtered_ema,detected_1__eligible_0__pixels_NA,True,False,,True,d876e4c6af02344d8ad832a161f3092892cc7e34e0e3141fcb33ab31a56403d1,d876e4c6af02344d8ad832a161f3092892cc7e34e0e3141fcb33ab31a56403d1
report_seed42_agreement_filtered_ema_medseg_slice_091,medseg_slice_091,42,agreement_filtered_ema,detected_1__eligible_0__pixels_NA,True,False,,True,d876e4c6af02344d8ad832a161f3092892cc7e34e0e3141fcb33ab31a56403d1,d876e4c6af02344d8ad832a161f3092892cc7e34e0e3141fcb33ab31a56403d1
report_seed42_agreement_filtered_ema_medseg_slice_092,medseg_slice_092,42,agreement_filtered_ema,detected_1__eligible_0__pixels_NA,True,False,,True,d876e4c6af02344d8ad832a161f3092892cc7e34e0e3141fcb33ab31a56403d1,d876e4c6af02344d8ad832a161f3092892cc7e34e0e3141fcb33ab31a56403d1
report_seed42_agreement_filtered_ema_medseg_slice_093,medseg_slice_093,42,agreement_filtered_ema,detected_1__eligible_0__pixels_NA,True,False,,True,d876e4c6af02344d8ad832a161f3092892cc7e34e0e3141fcb33ab31a56403d1,d876e4c6af02344d8ad832a161f3092892cc7e34e0e3141fcb33ab31a56403d1
report_seed42_agreement_filtered_ema_medseg_slice_094,medseg_slice_094,42,agreement_filtered_ema,detected_1__eligible_0__pixels_NA,True,False,,True,d876e4c6af02344d8ad832a161f3092892cc7e34e0e3141fcb33ab31a56403d1,d876e4c6af02344d8ad832a161f3092892cc7e34e0e3141fcb33ab31a56403d1
report_seed42_agreement_filtered_ema_medseg_slice_095,medseg_slice_095,42,agreement_filtered_ema,detected_1__eligible_0__pixels_NA,True,False,,True,d876e4c6af02344d8ad832a161f3092892cc7e34e0e3141fcb33ab31a56403d1,d876e4c6af02344d8ad832a161f3092892cc7e34e0e3141fcb33ab31a56403d1
report_seed42_agreement_filtered_ema_medseg_slice_096,medseg_slice_096,42,agreement_filtered_ema,detected_1__eligible_0__pixels_NA,True,False,,True,d876e4c6af02344d8ad832a161f3092892cc7e34e0e3141fcb33ab31a56403d1,d876e4c6af02344d8ad832a161f3092892cc7e34e0e3141fcb33ab31a56403d1
report_seed42_agreement_filtered_ema_medseg_slice_097,medseg_slice_097,42,agreement_filtered_ema,detected_1__eligible_0__pixels_NA,True,False,,True,d876e4c6af02344d8ad832a161f3092892cc7e34e0e3141fcb33ab31a56403d1,d876e4c6af02344d8ad832a161f3092892cc7e34e0e3141fcb33ab31a56403d1
report_seed42_agreement_filtered_ema_medseg_slice_098,medseg_slice_098,42,agreement_filtered_ema,detected_1__eligible_0__pixels_NA,True,False,,True,d876e4c6af02344d8ad832a161f3092892cc7e34e0e3141fcb33ab31a56403d1,d876e4c6af02344d8ad832a161f3092892cc7e34e0e3141fcb33ab31a56403d1
report_seed42_agreement_filtered_ema_medseg_slice_099,medseg_slice_099,42,agreement_filtered_ema,detected_1__eligible_0__pixels_NA,True,False,,True,d876e4c6af02344d8ad832a161f3092892cc7e34e0e3141fcb33ab31a56403d1,d876e4c6af02344d8ad832a161f3092892cc7e34e0e3141fcb33ab31a56403d1
report_seed2026_supervised_medseg_slice_000,medseg_slice_000,2026,supervised,detected_1__eligible_0__pixels_NA,True,False,,True,d876e4c6af02344d8ad832a161f3092892cc7e34e0e3141fcb33ab31a56403d1,d876e4c6af02344d8ad832a161f3092892cc7e34e0e3141fcb33ab31a56403d1
report_seed2026_supervised_medseg_slice_001,medseg_slice_001,2026,supervised,detected_1__eligible_0__pixels_NA,True,False,,True,d876e4c6af02344d8ad832a161f3092892cc7e34e0e3141fcb33ab31a56403d1,d876e4c6af02344d8ad832a161f3092892cc7e34e0e3141fcb33ab31a56403d1
report_seed2026_supervised_medseg_slice_002,medseg_slice_002,2026,supervised,detected_1__eligible_1__pixels_806,True,False,,True,1844f68e2ecae7e6c9d9423aad5db5b0e723c440644c3f270c1038e9ab2fc339,1844f68e2ecae7e6c9d9423aad5db5b0e723c440644c3f270c1038e9ab2fc339
report_seed2026_supervised_medseg_slice_003,medseg_slice_003,2026,supervised,detected_1__eligible_0__pixels_NA,True,False,,True,d876e4c6af02344d8ad832a161f3092892cc7e34e0e3141fcb33ab31a56403d1,d876e4c6af02344d8ad832a161f3092892cc7e34e0e3141fcb33ab31a56403d1
report_seed2026_supervised_medseg_slice_004,medseg_slice_004,2026,supervised,detected_1__eligible_0__pixels_NA,True,False,,True,d876e4c6af02344d8ad832a161f3092892cc7e34e0e3141fcb33ab31a56403d1,d876e4c6af02344d8ad832a161f3092892cc7e34e0e3141fcb33ab31a56403d1
report_seed2026_supervised_medseg_slice_005,medseg_slice_005,2026,supervised,detected_1__eligible_0__pixels_NA,True,False,,True,d876e4c6af02344d8ad832a161f3092892cc7e34e0e3141fcb33ab31a56403d1,d876e4c6af02344d8ad832a161f3092892cc7e34e0e3141fcb33ab31a56403d1
report_seed2026_supervised_medseg_slice_006,medseg_slice_006,2026,supervised,detected_1__eligible_0__pixels_NA,True,False,,True,d876e4c6af02344d8ad832a161f3092892cc7e34e0e3141fcb33ab31a56403d1,d876e4c6af02344d8ad832a161f3092892cc7e34e0e3141fcb33ab31a56403d1
report_seed2026_supervised_medseg_slice_007,medseg_slice_007,2026,supervised,detected_1__eligible_0__pixels_NA,True,False,,True,d876e4c6af02344d8ad832a161f3092892cc7e34e0e3141fcb33ab31a56403d1,d876e4c6af02344d8ad832a161f3092892cc7e34e0e3141fcb33ab31a56403d1
report_seed2026_supervised_medseg_slice_008,medseg_slice_008,2026,supervised,detected_1__eligible_0__pixels_NA,True,False,,True,d876e4c6af02344d8ad832a161f3092892cc7e34e0e3141fcb33ab31a56403d1,d876e4c6af02344d8ad832a161f3092892cc7e34e0e3141fcb33ab31a56403d1
report_seed2026_supervised_medseg_slice_009,medseg_slice_009,2026,supervised,detected_1__eligible_0__pixels_NA,True,False,,True,d876e4c6af02344d8ad832a161f3092892cc7e34e0e3141fcb33ab31a56403d1,d876e4c6af02344d8ad832a161f3092892cc7e34e0e3141fcb33ab31a56403d1
report_seed2026_supervised_medseg_slice_010,medseg_slice_010,2026,supervised,detected_1__eligible_0__pixels_NA,True,False,,True,d876e4c6af02344d8ad832a161f3092892cc7e34e0e3141fcb33ab31a56403d1,d876e4c6af02344d8ad832a161f3092892cc7e34e0e3141fcb33ab31a56403d1
report_seed2026_supervised_medseg_slice_011,medseg_slice_011,2026,supervised,detected_1__eligible_0__pixels_NA,True,False,,True,d876e4c6af02344d8ad832a161f3092892cc7e34e0e3141fcb33ab31a56403d1,d876e4c6af02344d8ad832a161f3092892cc7e34e0e3141fcb33ab31a56403d1
report_seed2026_supervised_medseg_slice_012,medseg_slice_012,2026,supervised,detected_1__eligible_0__pixels_NA,True,False,,True,d876e4c6af02344d8ad832a161f3092892cc7e34e0e3141fcb33ab31a56403d1,d876e4c6af02344d8ad832a161f3092892cc7e34e0e3141fcb33ab31a56403d1
report_seed2026_supervised_medseg_slice_013,medseg_slice_013,2026,supervised,detected_1__eligible_0__pixels_NA,True,False,,True,d876e4c6af02344d8ad832a161f3092892cc7e34e0e3141fcb33ab31a56403d1,d876e4c6af02344d8ad832a161f3092892cc7e34e0e3141fcb33ab31a56403d1
report_seed2026_supervised_medseg_slice_014,medseg_slice_014,2026,supervised,detected_1__eligible_0__pixels_NA,True,False,,True,d876e4c6af02344d8ad832a161f3092892cc7e34e0e3141fcb33ab31a56403d1,d876e4c6af02344d8ad832a161f3092892cc7e34e0e3141fcb33ab31a56403d1
report_seed2026_supervised_medseg_slice_015,medseg_slice_015,2026,supervised,detected_1__eligible_0__pixels_NA,True,False,,True,d876e4c6af02344d8ad832a161f3092892cc7e34e0e3141fcb33ab31a56403d1,d876e4c6af02344d8ad832a161f3092892cc7e34e0e3141fcb33ab31a56403d1
report_seed2026_supervised_medseg_slice_016,medseg_slice_016,2026,supervised,detected_1__eligible_0__pixels_NA,True,False,,True,d876e4c6af02344d8ad832a161f3092892cc7e34e0e3141fcb33ab31a56403d1,d876e4c6af02344d8ad832a161f3092892cc7e34e0e3141fcb33ab31a56403d1
report_seed2026_supervised_medseg_slice_017,medseg_slice_017,2026,supervised,detected_1__eligible_0__pixels_NA,True,False,,True,d876e4c6af02344d8ad832a161f3092892cc7e34e0e3141fcb33ab31a56403d1,d876e4c6af02344d8ad832a161f3092892cc7e34e0e3141fcb33ab31a56403d1
report_seed2026_supervised_medseg_slice_018,medseg_slice_018,2026,supervised,detected_1__eligible_0__pixels_NA,True,False,,True,d876e4c6af02344d8ad832a161f3092892cc7e34e0e3141fcb33ab31a56403d1,d876e4c6af02344d8ad832a161f3092892cc7e34e0e3141fcb33ab31a56403d1
report_seed2026_supervised_medseg_slice_019,medseg_slice_019,2026,supervised,detected_1__eligible_0__pixels_NA,True,False,,True,d876e4c6af02344d8ad832a161f3092892cc7e34e0e3141fcb33ab31a56403d1,d876e4c6af02344d8ad832a161f3092892cc7e34e0e3141fcb33ab31a56403d1
report_seed2026_supervised_medseg_slice_020,medseg_slice_020,2026,supervised,detected_1__eligible_0__pixels_NA,True,False,,True,d876e4c6af02344d8ad832a161f3092892cc7e34e0e3141fcb33ab31a56403d1,d876e4c6af02344d8ad832a161f3092892cc7e34e0e3141fcb33ab31a56403d1
report_seed2026_supervised_medseg_slice_021,medseg_slice_021,2026,supervised,detected_1__eligible_0__pixels_NA,True,False,,True,d876e4c6af02344d8ad832a161f3092892cc7e34e0e3141fcb33ab31a56403d1,d876e4c6af02344d8ad832a161f3092892cc7e34e0e3141fcb33ab31a56403d1
report_seed2026_supervised_medseg_slice_022,medseg_slice_022,2026,supervised,detected_1__eligible_0__pixels_NA,True,False,,True,d876e4c6af02344d8ad832a161f3092892cc7e34e0e3141fcb33ab31a56403d1,d876e4c6af02344d8ad832a161f3092892cc7e34e0e3141fcb33ab31a56403d1
report_seed2026_supervised_medseg_slice_023,medseg_slice_023,2026,supervised,detected_1__eligible_0__pixels_NA,True,False,,True,d876e4c6af02344d8ad832a161f3092892cc7e34e0e3141fcb33ab31a56403d1,d876e4c6af02344d8ad832a161f3092892cc7e34e0e3141fcb33ab31a56403d1
report_seed2026_supervised_medseg_slice_024,medseg_slice_024,2026,supervised,detected_1__eligible_0__pixels_NA,True,False,,True,d876e4c6af02344d8ad832a161f3092892cc7e34e0e3141fcb33ab31a56403d1,d876e4c6af02344d8ad832a161f3092892cc7e34e0e3141fcb33ab31a56403d1
report_seed2026_supervised_medseg_slice_025,medseg_slice_025,2026,supervised,detected_1__eligible_0__pixels_NA,True,False,,True,d876e4c6af02344d8ad832a161f3092892cc7e34e0e3141fcb33ab31a56403d1,d876e4c6af02344d8ad832a161f3092892cc7e34e0e3141fcb33ab31a56403d1
report_seed2026_supervised_medseg_slice_026,medseg_slice_026,2026,supervised,detected_1__eligible_0__pixels_NA,True,False,,True,d876e4c6af02344d8ad832a161f3092892cc7e34e0e3141fcb33ab31a56403d1,d876e4c6af02344d8ad832a161f3092892cc7e34e0e3141fcb33ab31a56403d1
report_seed2026_supervised_medseg_slice_027,medseg_slice_027,2026,supervised,detected_1__eligible_0__pixels_NA,True,False,,True,d876e4c6af02344d8ad832a161f3092892cc7e34e0e3141fcb33ab31a56403d1,d876e4c6af02344d8ad832a161f3092892cc7e34e0e3141fcb33ab31a56403d1
report_seed2026_supervised_medseg_slice_028,medseg_slice_028,2026,supervised,detected_1__eligible_0__pixels_NA,True,False,,True,d876e4c6af02344d8ad832a161f3092892cc7e34e0e3141fcb33ab31a56403d1,d876e4c6af02344d8ad832a161f3092892cc7e34e0e3141fcb33ab31a56403d1
report_seed2026_supervised_medseg_slice_029,medseg_slice_029,2026,supervised,detected_1__eligible_0__pixels_NA,True,False,,True,d876e4c6af02344d8ad832a161f3092892cc7e34e0e3141fcb33ab31a56403d1,d876e4c6af02344d8ad832a161f3092892cc7e34e0e3141fcb33ab31a56403d1
report_seed2026_supervised_medseg_slice_030,medseg_slice_030,2026,supervised,detected_1__eligible_0__pixels_NA,True,False,,True,d876e4c6af02344d8ad832a161f3092892cc7e34e0e3141fcb33ab31a56403d1,d876e4c6af02344d8ad832a161f3092892cc7e34e0e3141fcb33ab31a56403d1
report_seed2026_supervised_medseg_slice_031,medseg_slice_031,2026,supervised,detected_1__eligible_0__pixels_NA,True,False,,True,d876e4c6af02344d8ad832a161f3092892cc7e34e0e3141fcb33ab31a56403d1,d876e4c6af02344d8ad832a161f3092892cc7e34e0e3141fcb33ab31a56403d1
report_seed2026_supervised_medseg_slice_032,medseg_slice_032,2026,supervised,detected_1__eligible_0__pixels_NA,True,False,,True,d876e4c6af02344d8ad832a161f3092892cc7e34e0e3141fcb33ab31a56403d1,d876e4c6af02344d8ad832a161f3092892cc7e34e0e3141fcb33ab31a56403d1
report_seed2026_supervised_medseg_slice_033,medseg_slice_033,2026,supervised,detected_1__eligible_0__pixels_NA,True,False,,True,d876e4c6af02344d8ad832a161f3092892cc7e34e0e3141fcb33ab31a56403d1,d876e4c6af02344d8ad832a161f3092892cc7e34e0e3141fcb33ab31a56403d1
report_seed2026_supervised_medseg_slice_034,medseg_slice_034,2026,supervised,detected_1__eligible_0__pixels_NA,True,False,,True,d876e4c6af02344d8ad832a161f3092892cc7e34e0e3141fcb33ab31a56403d1,d876e4c6af02344d8ad832a161f3092892cc7e34e0e3141fcb33ab31a56403d1
report_seed2026_supervised_medseg_slice_035,medseg_slice_035,2026,supervised,detected_1__eligible_0__pixels_NA,True,False,,True,d876e4c6af02344d8ad832a161f3092892cc7e34e0e3141fcb33ab31a56403d1,d876e4c6af02344d8ad832a161f3092892cc7e34e0e3141fcb33ab31a56403d1
report_seed2026_supervised_medseg_slice_036,medseg_slice_036,2026,supervised,detected_1__eligible_0__pixels_NA,True,False,,True,d876e4c6af02344d8ad832a161f3092892cc7e34e0e3141fcb33ab31a56403d1,d876e4c6af02344d8ad832a161f3092892cc7e34e0e3141fcb33ab31a56403d1
report_seed2026_supervised_medseg_slice_037,medseg_slice_037,2026,supervised,detected_1__eligible_0__pixels_NA,True,False,,True,d876e4c6af02344d8ad832a161f3092892cc7e34e0e3141fcb33ab31a56403d1,d876e4c6af02344d8ad832a161f3092892cc7e34e0e3141fcb33ab31a56403d1
report_seed2026_supervised_medseg_slice_038,medseg_slice_038,2026,supervised,detected_1__eligible_0__pixels_NA,True,False,,True,d876e4c6af02344d8ad832a161f3092892cc7e34e0e3141fcb33ab31a56403d1,d876e4c6af02344d8ad832a161f3092892cc7e34e0e3141fcb33ab31a56403d1
report_seed2026_supervised_medseg_slice_039,medseg_slice_039,2026,supervised,detected_1__eligible_0__pixels_NA,True,False,,True,d876e4c6af02344d8ad832a161f3092892cc7e34e0e3141fcb33ab31a56403d1,d876e4c6af02344d8ad832a161f3092892cc7e34e0e3141fcb33ab31a56403d1
report_seed2026_supervised_medseg_slice_040,medseg_slice_040,2026,supervised,detected_1__eligible_0__pixels_NA,True,False,,True,d876e4c6af02344d8ad832a161f3092892cc7e34e0e3141fcb33ab31a56403d1,d876e4c6af02344d8ad832a161f3092892cc7e34e0e3141fcb33ab31a56403d1
report_seed2026_supervised_medseg_slice_041,medseg_slice_041,2026,supervised,detected_1__eligible_0__pixels_NA,True,False,,True,d876e4c6af02344d8ad832a161f3092892cc7e34e0e3141fcb33ab31a56403d1,d876e4c6af02344d8ad832a161f3092892cc7e34e0e3141fcb33ab31a56403d1
report_seed2026_supervised_medseg_slice_042,medseg_slice_042,2026,supervised,detected_1__eligible_0__pixels_NA,True,False,,True,d876e4c6af02344d8ad832a161f3092892cc7e34e0e3141fcb33ab31a56403d1,d876e4c6af02344d8ad832a161f3092892cc7e34e0e3141fcb33ab31a56403d1
report_seed2026_supervised_medseg_slice_043,medseg_slice_043,2026,supervised,detected_1__eligible_0__pixels_NA,True,False,,True,d876e4c6af02344d8ad832a161f3092892cc7e34e0e3141fcb33ab31a56403d1,d876e4c6af02344d8ad832a161f3092892cc7e34e0e3141fcb33ab31a56403d1
report_seed2026_supervised_medseg_slice_044,medseg_slice_044,2026,supervised,detected_1__eligible_0__pixels_NA,True,False,,True,d876e4c6af02344d8ad832a161f3092892cc7e34e0e3141fcb33ab31a56403d1,d876e4c6af02344d8ad832a161f3092892cc7e34e0e3141fcb33ab31a56403d1
report_seed2026_supervised_medseg_slice_045,medseg_slice_045,2026,supervised,detected_1__eligible_0__pixels_NA,True,False,,True,d876e4c6af02344d8ad832a161f3092892cc7e34e0e3141fcb33ab31a56403d1,d876e4c6af02344d8ad832a161f3092892cc7e34e0e3141fcb33ab31a56403d1
report_seed2026_supervised_medseg_slice_046,medseg_slice_046,2026,supervised,detected_1__eligible_0__pixels_NA,True,False,,True,d876e4c6af02344d8ad832a161f3092892cc7e34e0e3141fcb33ab31a56403d1,d876e4c6af02344d8ad832a161f3092892cc7e34e0e3141fcb33ab31a56403d1
report_seed2026_supervised_medseg_slice_047,medseg_slice_047,2026,supervised,detected_1__eligible_0__pixels_NA,True,False,,True,d876e4c6af02344d8ad832a161f3092892cc7e34e0e3141fcb33ab31a56403d1,d876e4c6af02344d8ad832a161f3092892cc7e34e0e3141fcb33ab31a56403d1
report_seed2026_supervised_medseg_slice_048,medseg_slice_048,2026,supervised,detected_0__eligible_1__pixels_0,False,True,empty_prediction_wording,True,d351aefecc1f8a27ac91da57998a2f138369c1ffd5a86baf26308ee90f560504,4d6bf74566a2d0f8e9be8e2f78ffb18c365b09714a87ec39562a0ca7389fe036
report_seed2026_supervised_medseg_slice_049,medseg_slice_049,2026,supervised,detected_1__eligible_0__pixels_NA,True,False,,True,d876e4c6af02344d8ad832a161f3092892cc7e34e0e3141fcb33ab31a56403d1,d876e4c6af02344d8ad832a161f3092892cc7e34e0e3141fcb33ab31a56403d1
report_seed2026_supervised_medseg_slice_050,medseg_slice_050,2026,supervised,detected_1__eligible_0__pixels_NA,True,False,,True,d876e4c6af02344d8ad832a161f3092892cc7e34e0e3141fcb33ab31a56403d1,d876e4c6af02344d8ad832a161f3092892cc7e34e0e3141fcb33ab31a56403d1
report_seed2026_supervised_medseg_slice_051,medseg_slice_051,2026,supervised,detected_1__eligible_0__pixels_NA,True,False,,True,d876e4c6af02344d8ad832a161f3092892cc7e34e0e3141fcb33ab31a56403d1,d876e4c6af02344d8ad832a161f3092892cc7e34e0e3141fcb33ab31a56403d1
report_seed2026_supervised_medseg_slice_052,medseg_slice_052,2026,supervised,detected_1__eligible_1__pixels_1839,True,False,,True,62284d17d4411f702d514e76b07071228bad75e29bfd3b5ffa1d2015bd1cdca4,62284d17d4411f702d514e76b07071228bad75e29bfd3b5ffa1d2015bd1cdca4
report_seed2026_supervised_medseg_slice_053,medseg_slice_053,2026,supervised,detected_1__eligible_0__pixels_NA,True,False,,True,d876e4c6af02344d8ad832a161f3092892cc7e34e0e3141fcb33ab31a56403d1,d876e4c6af02344d8ad832a161f3092892cc7e34e0e3141fcb33ab31a56403d1
report_seed2026_supervised_medseg_slice_054,medseg_slice_054,2026,supervised,detected_1__eligible_0__pixels_NA,True,False,,True,d876e4c6af02344d8ad832a161f3092892cc7e34e0e3141fcb33ab31a56403d1,d876e4c6af02344d8ad832a161f3092892cc7e34e0e3141fcb33ab31a56403d1
report_seed2026_supervised_medseg_slice_055,medseg_slice_055,2026,supervised,detected_1__eligible_0__pixels_NA,True,False,,True,d876e4c6af02344d8ad832a161f3092892cc7e34e0e3141fcb33ab31a56403d1,d876e4c6af02344d8ad832a161f3092892cc7e34e0e3141fcb33ab31a56403d1
report_seed2026_supervised_medseg_slice_056,medseg_slice_056,2026,supervised,detected_1__eligible_0__pixels_NA,True,False,,True,d876e4c6af02344d8ad832a161f3092892cc7e34e0e3141fcb33ab31a56403d1,d876e4c6af02344d8ad832a161f3092892cc7e34e0e3141fcb33ab31a56403d1
report_seed2026_supervised_medseg_slice_057,medseg_slice_057,2026,supervised,detected_1__eligible_0__pixels_NA,True,False,,True,d876e4c6af02344d8ad832a161f3092892cc7e34e0e3141fcb33ab31a56403d1,d876e4c6af02344d8ad832a161f3092892cc7e34e0e3141fcb33ab31a56403d1
report_seed2026_supervised_medseg_slice_058,medseg_slice_058,2026,supervised,detected_1__eligible_0__pixels_NA,True,False,,True,d876e4c6af02344d8ad832a161f3092892cc7e34e0e3141fcb33ab31a56403d1,d876e4c6af02344d8ad832a161f3092892cc7e34e0e3141fcb33ab31a56403d1
report_seed2026_supervised_medseg_slice_059,medseg_slice_059,2026,supervised,detected_1__eligible_0__pixels_NA,True,False,,True,d876e4c6af02344d8ad832a161f3092892cc7e34e0e3141fcb33ab31a56403d1,d876e4c6af02344d8ad832a161f3092892cc7e34e0e3141fcb33ab31a56403d1
report_seed2026_supervised_medseg_slice_060,medseg_slice_060,2026,supervised,detected_1__eligible_0__pixels_NA,True,False,,True,d876e4c6af02344d8ad832a161f3092892cc7e34e0e3141fcb33ab31a56403d1,d876e4c6af02344d8ad832a161f3092892cc7e34e0e3141fcb33ab31a56403d1
report_seed2026_supervised_medseg_slice_061,medseg_slice_061,2026,supervised,detected_1__eligible_0__pixels_NA,True,False,,True,d876e4c6af02344d8ad832a161f3092892cc7e34e0e3141fcb33ab31a56403d1,d876e4c6af02344d8ad832a161f3092892cc7e34e0e3141fcb33ab31a56403d1
report_seed2026_supervised_medseg_slice_062,medseg_slice_062,2026,supervised,detected_1__eligible_1__pixels_3758,True,False,,True,cc6dadb46166ed7b51ce8f18114b3c52eee984902cdbe800912b7f5ca454f83f,cc6dadb46166ed7b51ce8f18114b3c52eee984902cdbe800912b7f5ca454f83f
report_seed2026_supervised_medseg_slice_063,medseg_slice_063,2026,supervised,detected_1__eligible_0__pixels_NA,True,False,,True,d876e4c6af02344d8ad832a161f3092892cc7e34e0e3141fcb33ab31a56403d1,d876e4c6af02344d8ad832a161f3092892cc7e34e0e3141fcb33ab31a56403d1
report_seed2026_supervised_medseg_slice_064,medseg_slice_064,2026,supervised,detected_1__eligible_1__pixels_1516,True,False,,True,e3162ffc8560678d6cdf8bc6905ac75cd0e3528c0abf337b2be9744769aec89f,e3162ffc8560678d6cdf8bc6905ac75cd0e3528c0abf337b2be9744769aec89f
report_seed2026_supervised_medseg_slice_065,medseg_slice_065,2026,supervised,detected_1__eligible_0__pixels_NA,True,False,,True,d876e4c6af02344d8ad832a161f3092892cc7e34e0e3141fcb33ab31a56403d1,d876e4c6af02344d8ad832a161f3092892cc7e34e0e3141fcb33ab31a56403d1
report_seed2026_supervised_medseg_slice_066,medseg_slice_066,2026,supervised,detected_1__eligible_1__pixels_1772,True,False,,True,c660cc183131adbf7dfc6aa0dce03346fe317acacc3a0739aa779c9af3abe46e,c660cc183131adbf7dfc6aa0dce03346fe317acacc3a0739aa779c9af3abe46e
report_seed2026_supervised_medseg_slice_067,medseg_slice_067,2026,supervised,detected_1__eligible_0__pixels_NA,True,False,,True,d876e4c6af02344d8ad832a161f3092892cc7e34e0e3141fcb33ab31a56403d1,d876e4c6af02344d8ad832a161f3092892cc7e34e0e3141fcb33ab31a56403d1
report_seed2026_supervised_medseg_slice_068,medseg_slice_068,2026,supervised,detected_1__eligible_0__pixels_NA,True,False,,True,d876e4c6af02344d8ad832a161f3092892cc7e34e0e3141fcb33ab31a56403d1,d876e4c6af02344d8ad832a161f3092892cc7e34e0e3141fcb33ab31a56403d1
report_seed2026_supervised_medseg_slice_069,medseg_slice_069,2026,supervised,detected_1__eligible_0__pixels_NA,True,False,,True,d876e4c6af02344d8ad832a161f3092892cc7e34e0e3141fcb33ab31a56403d1,d876e4c6af02344d8ad832a161f3092892cc7e34e0e3141fcb33ab31a56403d1
report_seed2026_supervised_medseg_slice_070,medseg_slice_070,2026,supervised,detected_1__eligible_0__pixels_NA,True,False,,True,d876e4c6af02344d8ad832a161f3092892cc7e34e0e3141fcb33ab31a56403d1,d876e4c6af02344d8ad832a161f3092892cc7e34e0e3141fcb33ab31a56403d1
report_seed2026_supervised_medseg_slice_071,medseg_slice_071,2026,supervised,detected_1__eligible_0__pixels_NA,True,False,,True,d876e4c6af02344d8ad832a161f3092892cc7e34e0e3141fcb33ab31a56403d1,d876e4c6af02344d8ad832a161f3092892cc7e34e0e3141fcb33ab31a56403d1
report_seed2026_supervised_medseg_slice_072,medseg_slice_072,2026,supervised,detected_1__eligible_0__pixels_NA,True,False,,True,d876e4c6af02344d8ad832a161f3092892cc7e34e0e3141fcb33ab31a56403d1,d876e4c6af02344d8ad832a161f3092892cc7e34e0e3141fcb33ab31a56403d1
report_seed2026_supervised_medseg_slice_073,medseg_slice_073,2026,supervised,detected_1__eligible_0__pixels_NA,True,False,,True,d876e4c6af02344d8ad832a161f3092892cc7e34e0e3141fcb33ab31a56403d1,d876e4c6af02344d8ad832a161f3092892cc7e34e0e3141fcb33ab31a56403d1
report_seed2026_supervised_medseg_slice_074,medseg_slice_074,2026,supervised,detected_1__eligible_0__pixels_NA,True,False,,True,d876e4c6af02344d8ad832a161f3092892cc7e34e0e3141fcb33ab31a56403d1,d876e4c6af02344d8ad832a161f3092892cc7e34e0e3141fcb33ab31a56403d1
report_seed2026_supervised_medseg_slice_075,medseg_slice_075,2026,supervised,detected_1__eligible_0__pixels_NA,True,False,,True,d876e4c6af02344d8ad832a161f3092892cc7e34e0e3141fcb33ab31a56403d1,d876e4c6af02344d8ad832a161f3092892cc7e34e0e3141fcb33ab31a56403d1
report_seed2026_supervised_medseg_slice_076,medseg_slice_076,2026,supervised,detected_1__eligible_0__pixels_NA,True,False,,True,d876e4c6af02344d8ad832a161f3092892cc7e34e0e3141fcb33ab31a56403d1,d876e4c6af02344d8ad832a161f3092892cc7e34e0e3141fcb33ab31a56403d1
report_seed2026_supervised_medseg_slice_077,medseg_slice_077,2026,supervised,detected_1__eligible_0__pixels_NA,True,False,,True,d876e4c6af02344d8ad832a161f3092892cc7e34e0e3141fcb33ab31a56403d1,d876e4c6af02344d8ad832a161f3092892cc7e34e0e3141fcb33ab31a56403d1
report_seed2026_supervised_medseg_slice_078,medseg_slice_078,2026,supervised,detected_1__eligible_0__pixels_NA,True,False,,True,d876e4c6af02344d8ad832a161f3092892cc7e34e0e3141fcb33ab31a56403d1,d876e4c6af02344d8ad832a161f3092892cc7e34e0e3141fcb33ab31a56403d1
report_seed2026_supervised_medseg_slice_079,medseg_slice_079,2026,supervised,detected_1__eligible_0__pixels_NA,True,False,,True,d876e4c6af02344d8ad832a161f3092892cc7e34e0e3141fcb33ab31a56403d1,d876e4c6af02344d8ad832a161f3092892cc7e34e0e3141fcb33ab31a56403d1
report_seed2026_supervised_medseg_slice_080,medseg_slice_080,2026,supervised,detected_1__eligible_0__pixels_NA,True,False,,True,d876e4c6af02344d8ad832a161f3092892cc7e34e0e3141fcb33ab31a56403d1,d876e4c6af02344d8ad832a161f3092892cc7e34e0e3141fcb33ab31a56403d1
report_seed2026_supervised_medseg_slice_081,medseg_slice_081,2026,supervised,detected_1__eligible_0__pixels_NA,True,False,,True,d876e4c6af02344d8ad832a161f3092892cc7e34e0e3141fcb33ab31a56403d1,d876e4c6af02344d8ad832a161f3092892cc7e34e0e3141fcb33ab31a56403d1
report_seed2026_supervised_medseg_slice_082,medseg_slice_082,2026,supervised,detected_1__eligible_0__pixels_NA,True,False,,True,d876e4c6af02344d8ad832a161f3092892cc7e34e0e3141fcb33ab31a56403d1,d876e4c6af02344d8ad832a161f3092892cc7e34e0e3141fcb33ab31a56403d1
report_seed2026_supervised_medseg_slice_083,medseg_slice_083,2026,supervised,detected_1__eligible_0__pixels_NA,True,False,,True,d876e4c6af02344d8ad832a161f3092892cc7e34e0e3141fcb33ab31a56403d1,d876e4c6af02344d8ad832a161f3092892cc7e34e0e3141fcb33ab31a56403d1
report_seed2026_supervised_medseg_slice_084,medseg_slice_084,2026,supervised,detected_1__eligible_0__pixels_NA,True,False,,True,d876e4c6af02344d8ad832a161f3092892cc7e34e0e3141fcb33ab31a56403d1,d876e4c6af02344d8ad832a161f3092892cc7e34e0e3141fcb33ab31a56403d1
report_seed2026_supervised_medseg_slice_085,medseg_slice_085,2026,supervised,detected_1__eligible_0__pixels_NA,True,False,,True,d876e4c6af02344d8ad832a161f3092892cc7e34e0e3141fcb33ab31a56403d1,d876e4c6af02344d8ad832a161f3092892cc7e34e0e3141fcb33ab31a56403d1
report_seed2026_supervised_medseg_slice_086,medseg_slice_086,2026,supervised,detected_1__eligible_1__pixels_3720,True,False,,True,f36c3ba082716354368a1a0198366101896ae43733e57af7e86fc53d3b177d68,f36c3ba082716354368a1a0198366101896ae43733e57af7e86fc53d3b177d68
report_seed2026_supervised_medseg_slice_087,medseg_slice_087,2026,supervised,detected_1__eligible_0__pixels_NA,True,False,,True,d876e4c6af02344d8ad832a161f3092892cc7e34e0e3141fcb33ab31a56403d1,d876e4c6af02344d8ad832a161f3092892cc7e34e0e3141fcb33ab31a56403d1
report_seed2026_supervised_medseg_slice_088,medseg_slice_088,2026,supervised,detected_1__eligible_0__pixels_NA,True,False,,True,d876e4c6af02344d8ad832a161f3092892cc7e34e0e3141fcb33ab31a56403d1,d876e4c6af02344d8ad832a161f3092892cc7e34e0e3141fcb33ab31a56403d1
report_seed2026_supervised_medseg_slice_089,medseg_slice_089,2026,supervised,detected_1__eligible_1__pixels_868,True,False,,True,a6577ec900ff2f0046280952e49734a1fed2591a3bf435b8e5fb3be17a4ed2ea,a6577ec900ff2f0046280952e49734a1fed2591a3bf435b8e5fb3be17a4ed2ea
report_seed2026_supervised_medseg_slice_090,medseg_slice_090,2026,supervised,detected_1__eligible_0__pixels_NA,True,False,,True,d876e4c6af02344d8ad832a161f3092892cc7e34e0e3141fcb33ab31a56403d1,d876e4c6af02344d8ad832a161f3092892cc7e34e0e3141fcb33ab31a56403d1
report_seed2026_supervised_medseg_slice_091,medseg_slice_091,2026,supervised,detected_1__eligible_0__pixels_NA,True,False,,True,d876e4c6af02344d8ad832a161f3092892cc7e34e0e3141fcb33ab31a56403d1,d876e4c6af02344d8ad832a161f3092892cc7e34e0e3141fcb33ab31a56403d1
report_seed2026_supervised_medseg_slice_092,medseg_slice_092,2026,supervised,detected_1__eligible_0__pixels_NA,True,False,,True,d876e4c6af02344d8ad832a161f3092892cc7e34e0e3141fcb33ab31a56403d1,d876e4c6af02344d8ad832a161f3092892cc7e34e0e3141fcb33ab31a56403d1
report_seed2026_supervised_medseg_slice_093,medseg_slice_093,2026,supervised,detected_1__eligible_0__pixels_NA,True,False,,True,d876e4c6af02344d8ad832a161f3092892cc7e34e0e3141fcb33ab31a56403d1,d876e4c6af02344d8ad832a161f3092892cc7e34e0e3141fcb33ab31a56403d1
report_seed2026_supervised_medseg_slice_094,medseg_slice_094,2026,supervised,detected_1__eligible_0__pixels_NA,True,False,,True,d876e4c6af02344d8ad832a161f3092892cc7e34e0e3141fcb33ab31a56403d1,d876e4c6af02344d8ad832a161f3092892cc7e34e0e3141fcb33ab31a56403d1
report_seed2026_supervised_medseg_slice_095,medseg_slice_095,2026,supervised,detected_1__eligible_0__pixels_NA,True,False,,True,d876e4c6af02344d8ad832a161f3092892cc7e34e0e3141fcb33ab31a56403d1,d876e4c6af02344d8ad832a161f3092892cc7e34e0e3141fcb33ab31a56403d1
report_seed2026_supervised_medseg_slice_096,medseg_slice_096,2026,supervised,detected_1__eligible_0__pixels_NA,True,False,,True,d876e4c6af02344d8ad832a161f3092892cc7e34e0e3141fcb33ab31a56403d1,d876e4c6af02344d8ad832a161f3092892cc7e34e0e3141fcb33ab31a56403d1
report_seed2026_supervised_medseg_slice_097,medseg_slice_097,2026,supervised,detected_1__eligible_0__pixels_NA,True,False,,True,d876e4c6af02344d8ad832a161f3092892cc7e34e0e3141fcb33ab31a56403d1,d876e4c6af02344d8ad832a161f3092892cc7e34e0e3141fcb33ab31a56403d1
report_seed2026_supervised_medseg_slice_098,medseg_slice_098,2026,supervised,detected_1__eligible_0__pixels_NA,True,False,,True,d876e4c6af02344d8ad832a161f3092892cc7e34e0e3141fcb33ab31a56403d1,d876e4c6af02344d8ad832a161f3092892cc7e34e0e3141fcb33ab31a56403d1
report_seed2026_supervised_medseg_slice_099,medseg_slice_099,2026,supervised,detected_1__eligible_0__pixels_NA,True,False,,True,d876e4c6af02344d8ad832a161f3092892cc7e34e0e3141fcb33ab31a56403d1,d876e4c6af02344d8ad832a161f3092892cc7e34e0e3141fcb33ab31a56403d1
report_seed2026_confidence_only_ema_medseg_slice_000,medseg_slice_000,2026,confidence_only_ema,detected_1__eligible_0__pixels_NA,True,False,,True,d876e4c6af02344d8ad832a161f3092892cc7e34e0e3141fcb33ab31a56403d1,d876e4c6af02344d8ad832a161f3092892cc7e34e0e3141fcb33ab31a56403d1
report_seed2026_confidence_only_ema_medseg_slice_001,medseg_slice_001,2026,confidence_only_ema,detected_1__eligible_0__pixels_NA,True,False,,True,d876e4c6af02344d8ad832a161f3092892cc7e34e0e3141fcb33ab31a56403d1,d876e4c6af02344d8ad832a161f3092892cc7e34e0e3141fcb33ab31a56403d1
report_seed2026_confidence_only_ema_medseg_slice_002,medseg_slice_002,2026,confidence_only_ema,detected_1__eligible_1__pixels_847,True,False,,True,0a4d3264b2df7ff35072795c08a45095e82d91c43451349c7270365637f93879,0a4d3264b2df7ff35072795c08a45095e82d91c43451349c7270365637f93879
report_seed2026_confidence_only_ema_medseg_slice_003,medseg_slice_003,2026,confidence_only_ema,detected_1__eligible_0__pixels_NA,True,False,,True,d876e4c6af02344d8ad832a161f3092892cc7e34e0e3141fcb33ab31a56403d1,d876e4c6af02344d8ad832a161f3092892cc7e34e0e3141fcb33ab31a56403d1
report_seed2026_confidence_only_ema_medseg_slice_004,medseg_slice_004,2026,confidence_only_ema,detected_1__eligible_0__pixels_NA,True,False,,True,d876e4c6af02344d8ad832a161f3092892cc7e34e0e3141fcb33ab31a56403d1,d876e4c6af02344d8ad832a161f3092892cc7e34e0e3141fcb33ab31a56403d1
report_seed2026_confidence_only_ema_medseg_slice_005,medseg_slice_005,2026,confidence_only_ema,detected_1__eligible_0__pixels_NA,True,False,,True,d876e4c6af02344d8ad832a161f3092892cc7e34e0e3141fcb33ab31a56403d1,d876e4c6af02344d8ad832a161f3092892cc7e34e0e3141fcb33ab31a56403d1
report_seed2026_confidence_only_ema_medseg_slice_006,medseg_slice_006,2026,confidence_only_ema,detected_1__eligible_0__pixels_NA,True,False,,True,d876e4c6af02344d8ad832a161f3092892cc7e34e0e3141fcb33ab31a56403d1,d876e4c6af02344d8ad832a161f3092892cc7e34e0e3141fcb33ab31a56403d1
report_seed2026_confidence_only_ema_medseg_slice_007,medseg_slice_007,2026,confidence_only_ema,detected_1__eligible_0__pixels_NA,True,False,,True,d876e4c6af02344d8ad832a161f3092892cc7e34e0e3141fcb33ab31a56403d1,d876e4c6af02344d8ad832a161f3092892cc7e34e0e3141fcb33ab31a56403d1
report_seed2026_confidence_only_ema_medseg_slice_008,medseg_slice_008,2026,confidence_only_ema,detected_1__eligible_0__pixels_NA,True,False,,True,d876e4c6af02344d8ad832a161f3092892cc7e34e0e3141fcb33ab31a56403d1,d876e4c6af02344d8ad832a161f3092892cc7e34e0e3141fcb33ab31a56403d1
report_seed2026_confidence_only_ema_medseg_slice_009,medseg_slice_009,2026,confidence_only_ema,detected_1__eligible_0__pixels_NA,True,False,,True,d876e4c6af02344d8ad832a161f3092892cc7e34e0e3141fcb33ab31a56403d1,d876e4c6af02344d8ad832a161f3092892cc7e34e0e3141fcb33ab31a56403d1
report_seed2026_confidence_only_ema_medseg_slice_010,medseg_slice_010,2026,confidence_only_ema,detected_1__eligible_0__pixels_NA,True,False,,True,d876e4c6af02344d8ad832a161f3092892cc7e34e0e3141fcb33ab31a56403d1,d876e4c6af02344d8ad832a161f3092892cc7e34e0e3141fcb33ab31a56403d1
report_seed2026_confidence_only_ema_medseg_slice_011,medseg_slice_011,2026,confidence_only_ema,detected_1__eligible_0__pixels_NA,True,False,,True,d876e4c6af02344d8ad832a161f3092892cc7e34e0e3141fcb33ab31a56403d1,d876e4c6af02344d8ad832a161f3092892cc7e34e0e3141fcb33ab31a56403d1
report_seed2026_confidence_only_ema_medseg_slice_012,medseg_slice_012,2026,confidence_only_ema,detected_1__eligible_0__pixels_NA,True,False,,True,d876e4c6af02344d8ad832a161f3092892cc7e34e0e3141fcb33ab31a56403d1,d876e4c6af02344d8ad832a161f3092892cc7e34e0e3141fcb33ab31a56403d1
report_seed2026_confidence_only_ema_medseg_slice_013,medseg_slice_013,2026,confidence_only_ema,detected_1__eligible_0__pixels_NA,True,False,,True,d876e4c6af02344d8ad832a161f3092892cc7e34e0e3141fcb33ab31a56403d1,d876e4c6af02344d8ad832a161f3092892cc7e34e0e3141fcb33ab31a56403d1
report_seed2026_confidence_only_ema_medseg_slice_014,medseg_slice_014,2026,confidence_only_ema,detected_1__eligible_0__pixels_NA,True,False,,True,d876e4c6af02344d8ad832a161f3092892cc7e34e0e3141fcb33ab31a56403d1,d876e4c6af02344d8ad832a161f3092892cc7e34e0e3141fcb33ab31a56403d1
report_seed2026_confidence_only_ema_medseg_slice_015,medseg_slice_015,2026,confidence_only_ema,detected_1__eligible_0__pixels_NA,True,False,,True,d876e4c6af02344d8ad832a161f3092892cc7e34e0e3141fcb33ab31a56403d1,d876e4c6af02344d8ad832a161f3092892cc7e34e0e3141fcb33ab31a56403d1
report_seed2026_confidence_only_ema_medseg_slice_016,medseg_slice_016,2026,confidence_only_ema,detected_1__eligible_0__pixels_NA,True,False,,True,d876e4c6af02344d8ad832a161f3092892cc7e34e0e3141fcb33ab31a56403d1,d876e4c6af02344d8ad832a161f3092892cc7e34e0e3141fcb33ab31a56403d1
report_seed2026_confidence_only_ema_medseg_slice_017,medseg_slice_017,2026,confidence_only_ema,detected_1__eligible_0__pixels_NA,True,False,,True,d876e4c6af02344d8ad832a161f3092892cc7e34e0e3141fcb33ab31a56403d1,d876e4c6af02344d8ad832a161f3092892cc7e34e0e3141fcb33ab31a56403d1
report_seed2026_confidence_only_ema_medseg_slice_018,medseg_slice_018,2026,confidence_only_ema,detected_1__eligible_0__pixels_NA,True,False,,True,d876e4c6af02344d8ad832a161f3092892cc7e34e0e3141fcb33ab31a56403d1,d876e4c6af02344d8ad832a161f3092892cc7e34e0e3141fcb33ab31a56403d1
report_seed2026_confidence_only_ema_medseg_slice_019,medseg_slice_019,2026,confidence_only_ema,detected_1__eligible_0__pixels_NA,True,False,,True,d876e4c6af02344d8ad832a161f3092892cc7e34e0e3141fcb33ab31a56403d1,d876e4c6af02344d8ad832a161f3092892cc7e34e0e3141fcb33ab31a56403d1
report_seed2026_confidence_only_ema_medseg_slice_020,medseg_slice_020,2026,confidence_only_ema,detected_1__eligible_0__pixels_NA,True,False,,True,d876e4c6af02344d8ad832a161f3092892cc7e34e0e3141fcb33ab31a56403d1,d876e4c6af02344d8ad832a161f3092892cc7e34e0e3141fcb33ab31a56403d1
report_seed2026_confidence_only_ema_medseg_slice_021,medseg_slice_021,2026,confidence_only_ema,detected_1__eligible_0__pixels_NA,True,False,,True,d876e4c6af02344d8ad832a161f3092892cc7e34e0e3141fcb33ab31a56403d1,d876e4c6af02344d8ad832a161f3092892cc7e34e0e3141fcb33ab31a56403d1
report_seed2026_confidence_only_ema_medseg_slice_022,medseg_slice_022,2026,confidence_only_ema,detected_1__eligible_0__pixels_NA,True,False,,True,d876e4c6af02344d8ad832a161f3092892cc7e34e0e3141fcb33ab31a56403d1,d876e4c6af02344d8ad832a161f3092892cc7e34e0e3141fcb33ab31a56403d1
report_seed2026_confidence_only_ema_medseg_slice_023,medseg_slice_023,2026,confidence_only_ema,detected_1__eligible_0__pixels_NA,True,False,,True,d876e4c6af02344d8ad832a161f3092892cc7e34e0e3141fcb33ab31a56403d1,d876e4c6af02344d8ad832a161f3092892cc7e34e0e3141fcb33ab31a56403d1
report_seed2026_confidence_only_ema_medseg_slice_024,medseg_slice_024,2026,confidence_only_ema,detected_1__eligible_0__pixels_NA,True,False,,True,d876e4c6af02344d8ad832a161f3092892cc7e34e0e3141fcb33ab31a56403d1,d876e4c6af02344d8ad832a161f3092892cc7e34e0e3141fcb33ab31a56403d1
report_seed2026_confidence_only_ema_medseg_slice_025,medseg_slice_025,2026,confidence_only_ema,detected_1__eligible_0__pixels_NA,True,False,,True,d876e4c6af02344d8ad832a161f3092892cc7e34e0e3141fcb33ab31a56403d1,d876e4c6af02344d8ad832a161f3092892cc7e34e0e3141fcb33ab31a56403d1
report_seed2026_confidence_only_ema_medseg_slice_026,medseg_slice_026,2026,confidence_only_ema,detected_1__eligible_0__pixels_NA,True,False,,True,d876e4c6af02344d8ad832a161f3092892cc7e34e0e3141fcb33ab31a56403d1,d876e4c6af02344d8ad832a161f3092892cc7e34e0e3141fcb33ab31a56403d1
report_seed2026_confidence_only_ema_medseg_slice_027,medseg_slice_027,2026,confidence_only_ema,detected_1__eligible_0__pixels_NA,True,False,,True,d876e4c6af02344d8ad832a161f3092892cc7e34e0e3141fcb33ab31a56403d1,d876e4c6af02344d8ad832a161f3092892cc7e34e0e3141fcb33ab31a56403d1
report_seed2026_confidence_only_ema_medseg_slice_028,medseg_slice_028,2026,confidence_only_ema,detected_1__eligible_0__pixels_NA,True,False,,True,d876e4c6af02344d8ad832a161f3092892cc7e34e0e3141fcb33ab31a56403d1,d876e4c6af02344d8ad832a161f3092892cc7e34e0e3141fcb33ab31a56403d1
report_seed2026_confidence_only_ema_medseg_slice_029,medseg_slice_029,2026,confidence_only_ema,detected_1__eligible_0__pixels_NA,True,False,,True,d876e4c6af02344d8ad832a161f3092892cc7e34e0e3141fcb33ab31a56403d1,d876e4c6af02344d8ad832a161f3092892cc7e34e0e3141fcb33ab31a56403d1
report_seed2026_confidence_only_ema_medseg_slice_030,medseg_slice_030,2026,confidence_only_ema,detected_1__eligible_0__pixels_NA,True,False,,True,d876e4c6af02344d8ad832a161f3092892cc7e34e0e3141fcb33ab31a56403d1,d876e4c6af02344d8ad832a161f3092892cc7e34e0e3141fcb33ab31a56403d1
report_seed2026_confidence_only_ema_medseg_slice_031,medseg_slice_031,2026,confidence_only_ema,detected_1__eligible_0__pixels_NA,True,False,,True,d876e4c6af02344d8ad832a161f3092892cc7e34e0e3141fcb33ab31a56403d1,d876e4c6af02344d8ad832a161f3092892cc7e34e0e3141fcb33ab31a56403d1
report_seed2026_confidence_only_ema_medseg_slice_032,medseg_slice_032,2026,confidence_only_ema,detected_1__eligible_0__pixels_NA,True,False,,True,d876e4c6af02344d8ad832a161f3092892cc7e34e0e3141fcb33ab31a56403d1,d876e4c6af02344d8ad832a161f3092892cc7e34e0e3141fcb33ab31a56403d1
report_seed2026_confidence_only_ema_medseg_slice_033,medseg_slice_033,2026,confidence_only_ema,detected_1__eligible_0__pixels_NA,True,False,,True,d876e4c6af02344d8ad832a161f3092892cc7e34e0e3141fcb33ab31a56403d1,d876e4c6af02344d8ad832a161f3092892cc7e34e0e3141fcb33ab31a56403d1
report_seed2026_confidence_only_ema_medseg_slice_034,medseg_slice_034,2026,confidence_only_ema,detected_1__eligible_0__pixels_NA,True,False,,True,d876e4c6af02344d8ad832a161f3092892cc7e34e0e3141fcb33ab31a56403d1,d876e4c6af02344d8ad832a161f3092892cc7e34e0e3141fcb33ab31a56403d1
report_seed2026_confidence_only_ema_medseg_slice_035,medseg_slice_035,2026,confidence_only_ema,detected_1__eligible_0__pixels_NA,True,False,,True,d876e4c6af02344d8ad832a161f3092892cc7e34e0e3141fcb33ab31a56403d1,d876e4c6af02344d8ad832a161f3092892cc7e34e0e3141fcb33ab31a56403d1
report_seed2026_confidence_only_ema_medseg_slice_036,medseg_slice_036,2026,confidence_only_ema,detected_1__eligible_0__pixels_NA,True,False,,True,d876e4c6af02344d8ad832a161f3092892cc7e34e0e3141fcb33ab31a56403d1,d876e4c6af02344d8ad832a161f3092892cc7e34e0e3141fcb33ab31a56403d1
report_seed2026_confidence_only_ema_medseg_slice_037,medseg_slice_037,2026,confidence_only_ema,detected_1__eligible_0__pixels_NA,True,False,,True,d876e4c6af02344d8ad832a161f3092892cc7e34e0e3141fcb33ab31a56403d1,d876e4c6af02344d8ad832a161f3092892cc7e34e0e3141fcb33ab31a56403d1
report_seed2026_confidence_only_ema_medseg_slice_038,medseg_slice_038,2026,confidence_only_ema,detected_1__eligible_0__pixels_NA,True,False,,True,d876e4c6af02344d8ad832a161f3092892cc7e34e0e3141fcb33ab31a56403d1,d876e4c6af02344d8ad832a161f3092892cc7e34e0e3141fcb33ab31a56403d1
report_seed2026_confidence_only_ema_medseg_slice_039,medseg_slice_039,2026,confidence_only_ema,detected_1__eligible_0__pixels_NA,True,False,,True,d876e4c6af02344d8ad832a161f3092892cc7e34e0e3141fcb33ab31a56403d1,d876e4c6af02344d8ad832a161f3092892cc7e34e0e3141fcb33ab31a56403d1
report_seed2026_confidence_only_ema_medseg_slice_040,medseg_slice_040,2026,confidence_only_ema,detected_1__eligible_0__pixels_NA,True,False,,True,d876e4c6af02344d8ad832a161f3092892cc7e34e0e3141fcb33ab31a56403d1,d876e4c6af02344d8ad832a161f3092892cc7e34e0e3141fcb33ab31a56403d1
report_seed2026_confidence_only_ema_medseg_slice_041,medseg_slice_041,2026,confidence_only_ema,detected_1__eligible_0__pixels_NA,True,False,,True,d876e4c6af02344d8ad832a161f3092892cc7e34e0e3141fcb33ab31a56403d1,d876e4c6af02344d8ad832a161f3092892cc7e34e0e3141fcb33ab31a56403d1
report_seed2026_confidence_only_ema_medseg_slice_042,medseg_slice_042,2026,confidence_only_ema,detected_1__eligible_0__pixels_NA,True,False,,True,d876e4c6af02344d8ad832a161f3092892cc7e34e0e3141fcb33ab31a56403d1,d876e4c6af02344d8ad832a161f3092892cc7e34e0e3141fcb33ab31a56403d1
report_seed2026_confidence_only_ema_medseg_slice_043,medseg_slice_043,2026,confidence_only_ema,detected_1__eligible_0__pixels_NA,True,False,,True,d876e4c6af02344d8ad832a161f3092892cc7e34e0e3141fcb33ab31a56403d1,d876e4c6af02344d8ad832a161f3092892cc7e34e0e3141fcb33ab31a56403d1
report_seed2026_confidence_only_ema_medseg_slice_044,medseg_slice_044,2026,confidence_only_ema,detected_1__eligible_0__pixels_NA,True,False,,True,d876e4c6af02344d8ad832a161f3092892cc7e34e0e3141fcb33ab31a56403d1,d876e4c6af02344d8ad832a161f3092892cc7e34e0e3141fcb33ab31a56403d1
report_seed2026_confidence_only_ema_medseg_slice_045,medseg_slice_045,2026,confidence_only_ema,detected_1__eligible_0__pixels_NA,True,False,,True,d876e4c6af02344d8ad832a161f3092892cc7e34e0e3141fcb33ab31a56403d1,d876e4c6af02344d8ad832a161f3092892cc7e34e0e3141fcb33ab31a56403d1
report_seed2026_confidence_only_ema_medseg_slice_046,medseg_slice_046,2026,confidence_only_ema,detected_1__eligible_0__pixels_NA,True,False,,True,d876e4c6af02344d8ad832a161f3092892cc7e34e0e3141fcb33ab31a56403d1,d876e4c6af02344d8ad832a161f3092892cc7e34e0e3141fcb33ab31a56403d1
report_seed2026_confidence_only_ema_medseg_slice_047,medseg_slice_047,2026,confidence_only_ema,detected_1__eligible_0__pixels_NA,True,False,,True,d876e4c6af02344d8ad832a161f3092892cc7e34e0e3141fcb33ab31a56403d1,d876e4c6af02344d8ad832a161f3092892cc7e34e0e3141fcb33ab31a56403d1
report_seed2026_confidence_only_ema_medseg_slice_048,medseg_slice_048,2026,confidence_only_ema,detected_1__eligible_0__pixels_NA,True,False,,True,d876e4c6af02344d8ad832a161f3092892cc7e34e0e3141fcb33ab31a56403d1,d876e4c6af02344d8ad832a161f3092892cc7e34e0e3141fcb33ab31a56403d1
report_seed2026_confidence_only_ema_medseg_slice_049,medseg_slice_049,2026,confidence_only_ema,detected_1__eligible_0__pixels_NA,True,False,,True,d876e4c6af02344d8ad832a161f3092892cc7e34e0e3141fcb33ab31a56403d1,d876e4c6af02344d8ad832a161f3092892cc7e34e0e3141fcb33ab31a56403d1
report_seed2026_confidence_only_ema_medseg_slice_050,medseg_slice_050,2026,confidence_only_ema,detected_1__eligible_0__pixels_NA,True,False,,True,d876e4c6af02344d8ad832a161f3092892cc7e34e0e3141fcb33ab31a56403d1,d876e4c6af02344d8ad832a161f3092892cc7e34e0e3141fcb33ab31a56403d1
report_seed2026_confidence_only_ema_medseg_slice_051,medseg_slice_051,2026,confidence_only_ema,detected_1__eligible_0__pixels_NA,True,False,,True,d876e4c6af02344d8ad832a161f3092892cc7e34e0e3141fcb33ab31a56403d1,d876e4c6af02344d8ad832a161f3092892cc7e34e0e3141fcb33ab31a56403d1
report_seed2026_confidence_only_ema_medseg_slice_052,medseg_slice_052,2026,confidence_only_ema,detected_1__eligible_0__pixels_NA,True,False,,True,d876e4c6af02344d8ad832a161f3092892cc7e34e0e3141fcb33ab31a56403d1,d876e4c6af02344d8ad832a161f3092892cc7e34e0e3141fcb33ab31a56403d1
report_seed2026_confidence_only_ema_medseg_slice_053,medseg_slice_053,2026,confidence_only_ema,detected_1__eligible_0__pixels_NA,True,False,,True,d876e4c6af02344d8ad832a161f3092892cc7e34e0e3141fcb33ab31a56403d1,d876e4c6af02344d8ad832a161f3092892cc7e34e0e3141fcb33ab31a56403d1
report_seed2026_confidence_only_ema_medseg_slice_054,medseg_slice_054,2026,confidence_only_ema,detected_1__eligible_0__pixels_NA,True,False,,True,d876e4c6af02344d8ad832a161f3092892cc7e34e0e3141fcb33ab31a56403d1,d876e4c6af02344d8ad832a161f3092892cc7e34e0e3141fcb33ab31a56403d1
report_seed2026_confidence_only_ema_medseg_slice_055,medseg_slice_055,2026,confidence_only_ema,detected_1__eligible_0__pixels_NA,True,False,,True,d876e4c6af02344d8ad832a161f3092892cc7e34e0e3141fcb33ab31a56403d1,d876e4c6af02344d8ad832a161f3092892cc7e34e0e3141fcb33ab31a56403d1
report_seed2026_confidence_only_ema_medseg_slice_056,medseg_slice_056,2026,confidence_only_ema,detected_1__eligible_0__pixels_NA,True,False,,True,d876e4c6af02344d8ad832a161f3092892cc7e34e0e3141fcb33ab31a56403d1,d876e4c6af02344d8ad832a161f3092892cc7e34e0e3141fcb33ab31a56403d1
report_seed2026_confidence_only_ema_medseg_slice_057,medseg_slice_057,2026,confidence_only_ema,detected_1__eligible_0__pixels_NA,True,False,,True,d876e4c6af02344d8ad832a161f3092892cc7e34e0e3141fcb33ab31a56403d1,d876e4c6af02344d8ad832a161f3092892cc7e34e0e3141fcb33ab31a56403d1
report_seed2026_confidence_only_ema_medseg_slice_058,medseg_slice_058,2026,confidence_only_ema,detected_1__eligible_0__pixels_NA,True,False,,True,d876e4c6af02344d8ad832a161f3092892cc7e34e0e3141fcb33ab31a56403d1,d876e4c6af02344d8ad832a161f3092892cc7e34e0e3141fcb33ab31a56403d1
report_seed2026_confidence_only_ema_medseg_slice_059,medseg_slice_059,2026,confidence_only_ema,detected_1__eligible_0__pixels_NA,True,False,,True,d876e4c6af02344d8ad832a161f3092892cc7e34e0e3141fcb33ab31a56403d1,d876e4c6af02344d8ad832a161f3092892cc7e34e0e3141fcb33ab31a56403d1
report_seed2026_confidence_only_ema_medseg_slice_060,medseg_slice_060,2026,confidence_only_ema,detected_1__eligible_0__pixels_NA,True,False,,True,d876e4c6af02344d8ad832a161f3092892cc7e34e0e3141fcb33ab31a56403d1,d876e4c6af02344d8ad832a161f3092892cc7e34e0e3141fcb33ab31a56403d1
report_seed2026_confidence_only_ema_medseg_slice_061,medseg_slice_061,2026,confidence_only_ema,detected_1__eligible_0__pixels_NA,True,False,,True,d876e4c6af02344d8ad832a161f3092892cc7e34e0e3141fcb33ab31a56403d1,d876e4c6af02344d8ad832a161f3092892cc7e34e0e3141fcb33ab31a56403d1
report_seed2026_confidence_only_ema_medseg_slice_062,medseg_slice_062,2026,confidence_only_ema,detected_1__eligible_1__pixels_5549,True,False,,True,718c0eac29f6a4c35342126c5e5c3504bf1282f2b51811d2ce01c330e0c6eb4b,718c0eac29f6a4c35342126c5e5c3504bf1282f2b51811d2ce01c330e0c6eb4b
report_seed2026_confidence_only_ema_medseg_slice_063,medseg_slice_063,2026,confidence_only_ema,detected_1__eligible_0__pixels_NA,True,False,,True,d876e4c6af02344d8ad832a161f3092892cc7e34e0e3141fcb33ab31a56403d1,d876e4c6af02344d8ad832a161f3092892cc7e34e0e3141fcb33ab31a56403d1
report_seed2026_confidence_only_ema_medseg_slice_064,medseg_slice_064,2026,confidence_only_ema,detected_1__eligible_0__pixels_NA,True,False,,True,d876e4c6af02344d8ad832a161f3092892cc7e34e0e3141fcb33ab31a56403d1,d876e4c6af02344d8ad832a161f3092892cc7e34e0e3141fcb33ab31a56403d1
report_seed2026_confidence_only_ema_medseg_slice_065,medseg_slice_065,2026,confidence_only_ema,detected_1__eligible_0__pixels_NA,True,False,,True,d876e4c6af02344d8ad832a161f3092892cc7e34e0e3141fcb33ab31a56403d1,d876e4c6af02344d8ad832a161f3092892cc7e34e0e3141fcb33ab31a56403d1
report_seed2026_confidence_only_ema_medseg_slice_066,medseg_slice_066,2026,confidence_only_ema,detected_1__eligible_1__pixels_2120,True,False,,True,0a302fe16661e968eb3db52457c958fe8b72edf672790e94434976ba4814981e,0a302fe16661e968eb3db52457c958fe8b72edf672790e94434976ba4814981e
report_seed2026_confidence_only_ema_medseg_slice_067,medseg_slice_067,2026,confidence_only_ema,detected_1__eligible_0__pixels_NA,True,False,,True,d876e4c6af02344d8ad832a161f3092892cc7e34e0e3141fcb33ab31a56403d1,d876e4c6af02344d8ad832a161f3092892cc7e34e0e3141fcb33ab31a56403d1
report_seed2026_confidence_only_ema_medseg_slice_068,medseg_slice_068,2026,confidence_only_ema,detected_1__eligible_0__pixels_NA,True,False,,True,d876e4c6af02344d8ad832a161f3092892cc7e34e0e3141fcb33ab31a56403d1,d876e4c6af02344d8ad832a161f3092892cc7e34e0e3141fcb33ab31a56403d1
report_seed2026_confidence_only_ema_medseg_slice_069,medseg_slice_069,2026,confidence_only_ema,detected_1__eligible_0__pixels_NA,True,False,,True,d876e4c6af02344d8ad832a161f3092892cc7e34e0e3141fcb33ab31a56403d1,d876e4c6af02344d8ad832a161f3092892cc7e34e0e3141fcb33ab31a56403d1
report_seed2026_confidence_only_ema_medseg_slice_070,medseg_slice_070,2026,confidence_only_ema,detected_1__eligible_0__pixels_NA,True,False,,True,d876e4c6af02344d8ad832a161f3092892cc7e34e0e3141fcb33ab31a56403d1,d876e4c6af02344d8ad832a161f3092892cc7e34e0e3141fcb33ab31a56403d1
report_seed2026_confidence_only_ema_medseg_slice_071,medseg_slice_071,2026,confidence_only_ema,detected_1__eligible_0__pixels_NA,True,False,,True,d876e4c6af02344d8ad832a161f3092892cc7e34e0e3141fcb33ab31a56403d1,d876e4c6af02344d8ad832a161f3092892cc7e34e0e3141fcb33ab31a56403d1
report_seed2026_confidence_only_ema_medseg_slice_072,medseg_slice_072,2026,confidence_only_ema,detected_1__eligible_0__pixels_NA,True,False,,True,d876e4c6af02344d8ad832a161f3092892cc7e34e0e3141fcb33ab31a56403d1,d876e4c6af02344d8ad832a161f3092892cc7e34e0e3141fcb33ab31a56403d1
report_seed2026_confidence_only_ema_medseg_slice_073,medseg_slice_073,2026,confidence_only_ema,detected_1__eligible_0__pixels_NA,True,False,,True,d876e4c6af02344d8ad832a161f3092892cc7e34e0e3141fcb33ab31a56403d1,d876e4c6af02344d8ad832a161f3092892cc7e34e0e3141fcb33ab31a56403d1
report_seed2026_confidence_only_ema_medseg_slice_074,medseg_slice_074,2026,confidence_only_ema,detected_1__eligible_0__pixels_NA,True,False,,True,d876e4c6af02344d8ad832a161f3092892cc7e34e0e3141fcb33ab31a56403d1,d876e4c6af02344d8ad832a161f3092892cc7e34e0e3141fcb33ab31a56403d1
report_seed2026_confidence_only_ema_medseg_slice_075,medseg_slice_075,2026,confidence_only_ema,detected_1__eligible_0__pixels_NA,True,False,,True,d876e4c6af02344d8ad832a161f3092892cc7e34e0e3141fcb33ab31a56403d1,d876e4c6af02344d8ad832a161f3092892cc7e34e0e3141fcb33ab31a56403d1
report_seed2026_confidence_only_ema_medseg_slice_076,medseg_slice_076,2026,confidence_only_ema,detected_1__eligible_0__pixels_NA,True,False,,True,d876e4c6af02344d8ad832a161f3092892cc7e34e0e3141fcb33ab31a56403d1,d876e4c6af02344d8ad832a161f3092892cc7e34e0e3141fcb33ab31a56403d1
report_seed2026_confidence_only_ema_medseg_slice_077,medseg_slice_077,2026,confidence_only_ema,detected_1__eligible_0__pixels_NA,True,False,,True,d876e4c6af02344d8ad832a161f3092892cc7e34e0e3141fcb33ab31a56403d1,d876e4c6af02344d8ad832a161f3092892cc7e34e0e3141fcb33ab31a56403d1
report_seed2026_confidence_only_ema_medseg_slice_078,medseg_slice_078,2026,confidence_only_ema,detected_1__eligible_0__pixels_NA,True,False,,True,d876e4c6af02344d8ad832a161f3092892cc7e34e0e3141fcb33ab31a56403d1,d876e4c6af02344d8ad832a161f3092892cc7e34e0e3141fcb33ab31a56403d1
report_seed2026_confidence_only_ema_medseg_slice_079,medseg_slice_079,2026,confidence_only_ema,detected_1__eligible_0__pixels_NA,True,False,,True,d876e4c6af02344d8ad832a161f3092892cc7e34e0e3141fcb33ab31a56403d1,d876e4c6af02344d8ad832a161f3092892cc7e34e0e3141fcb33ab31a56403d1
report_seed2026_confidence_only_ema_medseg_slice_080,medseg_slice_080,2026,confidence_only_ema,detected_1__eligible_0__pixels_NA,True,False,,True,d876e4c6af02344d8ad832a161f3092892cc7e34e0e3141fcb33ab31a56403d1,d876e4c6af02344d8ad832a161f3092892cc7e34e0e3141fcb33ab31a56403d1
report_seed2026_confidence_only_ema_medseg_slice_081,medseg_slice_081,2026,confidence_only_ema,detected_1__eligible_0__pixels_NA,True,False,,True,d876e4c6af02344d8ad832a161f3092892cc7e34e0e3141fcb33ab31a56403d1,d876e4c6af02344d8ad832a161f3092892cc7e34e0e3141fcb33ab31a56403d1
report_seed2026_confidence_only_ema_medseg_slice_082,medseg_slice_082,2026,confidence_only_ema,detected_1__eligible_0__pixels_NA,True,False,,True,d876e4c6af02344d8ad832a161f3092892cc7e34e0e3141fcb33ab31a56403d1,d876e4c6af02344d8ad832a161f3092892cc7e34e0e3141fcb33ab31a56403d1
report_seed2026_confidence_only_ema_medseg_slice_083,medseg_slice_083,2026,confidence_only_ema,detected_1__eligible_0__pixels_NA,True,False,,True,d876e4c6af02344d8ad832a161f3092892cc7e34e0e3141fcb33ab31a56403d1,d876e4c6af02344d8ad832a161f3092892cc7e34e0e3141fcb33ab31a56403d1
report_seed2026_confidence_only_ema_medseg_slice_084,medseg_slice_084,2026,confidence_only_ema,detected_1__eligible_0__pixels_NA,True,False,,True,d876e4c6af02344d8ad832a161f3092892cc7e34e0e3141fcb33ab31a56403d1,d876e4c6af02344d8ad832a161f3092892cc7e34e0e3141fcb33ab31a56403d1
report_seed2026_confidence_only_ema_medseg_slice_085,medseg_slice_085,2026,confidence_only_ema,detected_1__eligible_0__pixels_NA,True,False,,True,d876e4c6af02344d8ad832a161f3092892cc7e34e0e3141fcb33ab31a56403d1,d876e4c6af02344d8ad832a161f3092892cc7e34e0e3141fcb33ab31a56403d1
report_seed2026_confidence_only_ema_medseg_slice_086,medseg_slice_086,2026,confidence_only_ema,detected_1__eligible_0__pixels_NA,True,False,,True,d876e4c6af02344d8ad832a161f3092892cc7e34e0e3141fcb33ab31a56403d1,d876e4c6af02344d8ad832a161f3092892cc7e34e0e3141fcb33ab31a56403d1
report_seed2026_confidence_only_ema_medseg_slice_087,medseg_slice_087,2026,confidence_only_ema,detected_1__eligible_0__pixels_NA,True,False,,True,d876e4c6af02344d8ad832a161f3092892cc7e34e0e3141fcb33ab31a56403d1,d876e4c6af02344d8ad832a161f3092892cc7e34e0e3141fcb33ab31a56403d1
report_seed2026_confidence_only_ema_medseg_slice_088,medseg_slice_088,2026,confidence_only_ema,detected_1__eligible_0__pixels_NA,True,False,,True,d876e4c6af02344d8ad832a161f3092892cc7e34e0e3141fcb33ab31a56403d1,d876e4c6af02344d8ad832a161f3092892cc7e34e0e3141fcb33ab31a56403d1
report_seed2026_confidence_only_ema_medseg_slice_089,medseg_slice_089,2026,confidence_only_ema,detected_1__eligible_1__pixels_750,True,False,,True,e23ed810dbb4e838318b8e6752206817352d22470349dd40990f910326eb1932,e23ed810dbb4e838318b8e6752206817352d22470349dd40990f910326eb1932
report_seed2026_confidence_only_ema_medseg_slice_090,medseg_slice_090,2026,confidence_only_ema,detected_1__eligible_0__pixels_NA,True,False,,True,d876e4c6af02344d8ad832a161f3092892cc7e34e0e3141fcb33ab31a56403d1,d876e4c6af02344d8ad832a161f3092892cc7e34e0e3141fcb33ab31a56403d1
report_seed2026_confidence_only_ema_medseg_slice_091,medseg_slice_091,2026,confidence_only_ema,detected_1__eligible_0__pixels_NA,True,False,,True,d876e4c6af02344d8ad832a161f3092892cc7e34e0e3141fcb33ab31a56403d1,d876e4c6af02344d8ad832a161f3092892cc7e34e0e3141fcb33ab31a56403d1
report_seed2026_confidence_only_ema_medseg_slice_092,medseg_slice_092,2026,confidence_only_ema,detected_1__eligible_0__pixels_NA,True,False,,True,d876e4c6af02344d8ad832a161f3092892cc7e34e0e3141fcb33ab31a56403d1,d876e4c6af02344d8ad832a161f3092892cc7e34e0e3141fcb33ab31a56403d1
report_seed2026_confidence_only_ema_medseg_slice_093,medseg_slice_093,2026,confidence_only_ema,detected_1__eligible_0__pixels_NA,True,False,,True,d876e4c6af02344d8ad832a161f3092892cc7e34e0e3141fcb33ab31a56403d1,d876e4c6af02344d8ad832a161f3092892cc7e34e0e3141fcb33ab31a56403d1
report_seed2026_confidence_only_ema_medseg_slice_094,medseg_slice_094,2026,confidence_only_ema,detected_1__eligible_0__pixels_NA,True,False,,True,d876e4c6af02344d8ad832a161f3092892cc7e34e0e3141fcb33ab31a56403d1,d876e4c6af02344d8ad832a161f3092892cc7e34e0e3141fcb33ab31a56403d1
report_seed2026_confidence_only_ema_medseg_slice_095,medseg_slice_095,2026,confidence_only_ema,detected_1__eligible_0__pixels_NA,True,False,,True,d876e4c6af02344d8ad832a161f3092892cc7e34e0e3141fcb33ab31a56403d1,d876e4c6af02344d8ad832a161f3092892cc7e34e0e3141fcb33ab31a56403d1
report_seed2026_confidence_only_ema_medseg_slice_096,medseg_slice_096,2026,confidence_only_ema,detected_1__eligible_0__pixels_NA,True,False,,True,d876e4c6af02344d8ad832a161f3092892cc7e34e0e3141fcb33ab31a56403d1,d876e4c6af02344d8ad832a161f3092892cc7e34e0e3141fcb33ab31a56403d1
report_seed2026_confidence_only_ema_medseg_slice_097,medseg_slice_097,2026,confidence_only_ema,detected_1__eligible_0__pixels_NA,True,False,,True,d876e4c6af02344d8ad832a161f3092892cc7e34e0e3141fcb33ab31a56403d1,d876e4c6af02344d8ad832a161f3092892cc7e34e0e3141fcb33ab31a56403d1
report_seed2026_confidence_only_ema_medseg_slice_098,medseg_slice_098,2026,confidence_only_ema,detected_1__eligible_0__pixels_NA,True,False,,True,d876e4c6af02344d8ad832a161f3092892cc7e34e0e3141fcb33ab31a56403d1,d876e4c6af02344d8ad832a161f3092892cc7e34e0e3141fcb33ab31a56403d1
report_seed2026_confidence_only_ema_medseg_slice_099,medseg_slice_099,2026,confidence_only_ema,detected_1__eligible_0__pixels_NA,True,False,,True,d876e4c6af02344d8ad832a161f3092892cc7e34e0e3141fcb33ab31a56403d1,d876e4c6af02344d8ad832a161f3092892cc7e34e0e3141fcb33ab31a56403d1
report_seed2026_agreement_filtered_ema_medseg_slice_000,medseg_slice_000,2026,agreement_filtered_ema,detected_1__eligible_0__pixels_NA,True,False,,True,d876e4c6af02344d8ad832a161f3092892cc7e34e0e3141fcb33ab31a56403d1,d876e4c6af02344d8ad832a161f3092892cc7e34e0e3141fcb33ab31a56403d1
report_seed2026_agreement_filtered_ema_medseg_slice_001,medseg_slice_001,2026,agreement_filtered_ema,detected_1__eligible_0__pixels_NA,True,False,,True,d876e4c6af02344d8ad832a161f3092892cc7e34e0e3141fcb33ab31a56403d1,d876e4c6af02344d8ad832a161f3092892cc7e34e0e3141fcb33ab31a56403d1
report_seed2026_agreement_filtered_ema_medseg_slice_002,medseg_slice_002,2026,agreement_filtered_ema,detected_1__eligible_1__pixels_844,True,False,,True,6a4149b1a620fc4695c15311873aee238a35f1c9d4bd5a414f513ea9f16e4dfb,6a4149b1a620fc4695c15311873aee238a35f1c9d4bd5a414f513ea9f16e4dfb
report_seed2026_agreement_filtered_ema_medseg_slice_003,medseg_slice_003,2026,agreement_filtered_ema,detected_1__eligible_0__pixels_NA,True,False,,True,d876e4c6af02344d8ad832a161f3092892cc7e34e0e3141fcb33ab31a56403d1,d876e4c6af02344d8ad832a161f3092892cc7e34e0e3141fcb33ab31a56403d1
report_seed2026_agreement_filtered_ema_medseg_slice_004,medseg_slice_004,2026,agreement_filtered_ema,detected_1__eligible_0__pixels_NA,True,False,,True,d876e4c6af02344d8ad832a161f3092892cc7e34e0e3141fcb33ab31a56403d1,d876e4c6af02344d8ad832a161f3092892cc7e34e0e3141fcb33ab31a56403d1
report_seed2026_agreement_filtered_ema_medseg_slice_005,medseg_slice_005,2026,agreement_filtered_ema,detected_1__eligible_0__pixels_NA,True,False,,True,d876e4c6af02344d8ad832a161f3092892cc7e34e0e3141fcb33ab31a56403d1,d876e4c6af02344d8ad832a161f3092892cc7e34e0e3141fcb33ab31a56403d1
report_seed2026_agreement_filtered_ema_medseg_slice_006,medseg_slice_006,2026,agreement_filtered_ema,detected_1__eligible_0__pixels_NA,True,False,,True,d876e4c6af02344d8ad832a161f3092892cc7e34e0e3141fcb33ab31a56403d1,d876e4c6af02344d8ad832a161f3092892cc7e34e0e3141fcb33ab31a56403d1
report_seed2026_agreement_filtered_ema_medseg_slice_007,medseg_slice_007,2026,agreement_filtered_ema,detected_1__eligible_0__pixels_NA,True,False,,True,d876e4c6af02344d8ad832a161f3092892cc7e34e0e3141fcb33ab31a56403d1,d876e4c6af02344d8ad832a161f3092892cc7e34e0e3141fcb33ab31a56403d1
report_seed2026_agreement_filtered_ema_medseg_slice_008,medseg_slice_008,2026,agreement_filtered_ema,detected_1__eligible_0__pixels_NA,True,False,,True,d876e4c6af02344d8ad832a161f3092892cc7e34e0e3141fcb33ab31a56403d1,d876e4c6af02344d8ad832a161f3092892cc7e34e0e3141fcb33ab31a56403d1
report_seed2026_agreement_filtered_ema_medseg_slice_009,medseg_slice_009,2026,agreement_filtered_ema,detected_1__eligible_0__pixels_NA,True,False,,True,d876e4c6af02344d8ad832a161f3092892cc7e34e0e3141fcb33ab31a56403d1,d876e4c6af02344d8ad832a161f3092892cc7e34e0e3141fcb33ab31a56403d1
report_seed2026_agreement_filtered_ema_medseg_slice_010,medseg_slice_010,2026,agreement_filtered_ema,detected_1__eligible_0__pixels_NA,True,False,,True,d876e4c6af02344d8ad832a161f3092892cc7e34e0e3141fcb33ab31a56403d1,d876e4c6af02344d8ad832a161f3092892cc7e34e0e3141fcb33ab31a56403d1
report_seed2026_agreement_filtered_ema_medseg_slice_011,medseg_slice_011,2026,agreement_filtered_ema,detected_1__eligible_0__pixels_NA,True,False,,True,d876e4c6af02344d8ad832a161f3092892cc7e34e0e3141fcb33ab31a56403d1,d876e4c6af02344d8ad832a161f3092892cc7e34e0e3141fcb33ab31a56403d1
report_seed2026_agreement_filtered_ema_medseg_slice_012,medseg_slice_012,2026,agreement_filtered_ema,detected_1__eligible_0__pixels_NA,True,False,,True,d876e4c6af02344d8ad832a161f3092892cc7e34e0e3141fcb33ab31a56403d1,d876e4c6af02344d8ad832a161f3092892cc7e34e0e3141fcb33ab31a56403d1
report_seed2026_agreement_filtered_ema_medseg_slice_013,medseg_slice_013,2026,agreement_filtered_ema,detected_1__eligible_0__pixels_NA,True,False,,True,d876e4c6af02344d8ad832a161f3092892cc7e34e0e3141fcb33ab31a56403d1,d876e4c6af02344d8ad832a161f3092892cc7e34e0e3141fcb33ab31a56403d1
report_seed2026_agreement_filtered_ema_medseg_slice_014,medseg_slice_014,2026,agreement_filtered_ema,detected_1__eligible_0__pixels_NA,True,False,,True,d876e4c6af02344d8ad832a161f3092892cc7e34e0e3141fcb33ab31a56403d1,d876e4c6af02344d8ad832a161f3092892cc7e34e0e3141fcb33ab31a56403d1
report_seed2026_agreement_filtered_ema_medseg_slice_015,medseg_slice_015,2026,agreement_filtered_ema,detected_1__eligible_0__pixels_NA,True,False,,True,d876e4c6af02344d8ad832a161f3092892cc7e34e0e3141fcb33ab31a56403d1,d876e4c6af02344d8ad832a161f3092892cc7e34e0e3141fcb33ab31a56403d1
report_seed2026_agreement_filtered_ema_medseg_slice_016,medseg_slice_016,2026,agreement_filtered_ema,detected_1__eligible_0__pixels_NA,True,False,,True,d876e4c6af02344d8ad832a161f3092892cc7e34e0e3141fcb33ab31a56403d1,d876e4c6af02344d8ad832a161f3092892cc7e34e0e3141fcb33ab31a56403d1
report_seed2026_agreement_filtered_ema_medseg_slice_017,medseg_slice_017,2026,agreement_filtered_ema,detected_1__eligible_0__pixels_NA,True,False,,True,d876e4c6af02344d8ad832a161f3092892cc7e34e0e3141fcb33ab31a56403d1,d876e4c6af02344d8ad832a161f3092892cc7e34e0e3141fcb33ab31a56403d1
report_seed2026_agreement_filtered_ema_medseg_slice_018,medseg_slice_018,2026,agreement_filtered_ema,detected_1__eligible_0__pixels_NA,True,False,,True,d876e4c6af02344d8ad832a161f3092892cc7e34e0e3141fcb33ab31a56403d1,d876e4c6af02344d8ad832a161f3092892cc7e34e0e3141fcb33ab31a56403d1
report_seed2026_agreement_filtered_ema_medseg_slice_019,medseg_slice_019,2026,agreement_filtered_ema,detected_1__eligible_0__pixels_NA,True,False,,True,d876e4c6af02344d8ad832a161f3092892cc7e34e0e3141fcb33ab31a56403d1,d876e4c6af02344d8ad832a161f3092892cc7e34e0e3141fcb33ab31a56403d1
report_seed2026_agreement_filtered_ema_medseg_slice_020,medseg_slice_020,2026,agreement_filtered_ema,detected_1__eligible_0__pixels_NA,True,False,,True,d876e4c6af02344d8ad832a161f3092892cc7e34e0e3141fcb33ab31a56403d1,d876e4c6af02344d8ad832a161f3092892cc7e34e0e3141fcb33ab31a56403d1
report_seed2026_agreement_filtered_ema_medseg_slice_021,medseg_slice_021,2026,agreement_filtered_ema,detected_1__eligible_0__pixels_NA,True,False,,True,d876e4c6af02344d8ad832a161f3092892cc7e34e0e3141fcb33ab31a56403d1,d876e4c6af02344d8ad832a161f3092892cc7e34e0e3141fcb33ab31a56403d1
report_seed2026_agreement_filtered_ema_medseg_slice_022,medseg_slice_022,2026,agreement_filtered_ema,detected_1__eligible_0__pixels_NA,True,False,,True,d876e4c6af02344d8ad832a161f3092892cc7e34e0e3141fcb33ab31a56403d1,d876e4c6af02344d8ad832a161f3092892cc7e34e0e3141fcb33ab31a56403d1
report_seed2026_agreement_filtered_ema_medseg_slice_023,medseg_slice_023,2026,agreement_filtered_ema,detected_1__eligible_0__pixels_NA,True,False,,True,d876e4c6af02344d8ad832a161f3092892cc7e34e0e3141fcb33ab31a56403d1,d876e4c6af02344d8ad832a161f3092892cc7e34e0e3141fcb33ab31a56403d1
report_seed2026_agreement_filtered_ema_medseg_slice_024,medseg_slice_024,2026,agreement_filtered_ema,detected_1__eligible_0__pixels_NA,True,False,,True,d876e4c6af02344d8ad832a161f3092892cc7e34e0e3141fcb33ab31a56403d1,d876e4c6af02344d8ad832a161f3092892cc7e34e0e3141fcb33ab31a56403d1
report_seed2026_agreement_filtered_ema_medseg_slice_025,medseg_slice_025,2026,agreement_filtered_ema,detected_1__eligible_0__pixels_NA,True,False,,True,d876e4c6af02344d8ad832a161f3092892cc7e34e0e3141fcb33ab31a56403d1,d876e4c6af02344d8ad832a161f3092892cc7e34e0e3141fcb33ab31a56403d1
report_seed2026_agreement_filtered_ema_medseg_slice_026,medseg_slice_026,2026,agreement_filtered_ema,detected_1__eligible_0__pixels_NA,True,False,,True,d876e4c6af02344d8ad832a161f3092892cc7e34e0e3141fcb33ab31a56403d1,d876e4c6af02344d8ad832a161f3092892cc7e34e0e3141fcb33ab31a56403d1
report_seed2026_agreement_filtered_ema_medseg_slice_027,medseg_slice_027,2026,agreement_filtered_ema,detected_1__eligible_0__pixels_NA,True,False,,True,d876e4c6af02344d8ad832a161f3092892cc7e34e0e3141fcb33ab31a56403d1,d876e4c6af02344d8ad832a161f3092892cc7e34e0e3141fcb33ab31a56403d1
report_seed2026_agreement_filtered_ema_medseg_slice_028,medseg_slice_028,2026,agreement_filtered_ema,detected_1__eligible_0__pixels_NA,True,False,,True,d876e4c6af02344d8ad832a161f3092892cc7e34e0e3141fcb33ab31a56403d1,d876e4c6af02344d8ad832a161f3092892cc7e34e0e3141fcb33ab31a56403d1
report_seed2026_agreement_filtered_ema_medseg_slice_029,medseg_slice_029,2026,agreement_filtered_ema,detected_1__eligible_0__pixels_NA,True,False,,True,d876e4c6af02344d8ad832a161f3092892cc7e34e0e3141fcb33ab31a56403d1,d876e4c6af02344d8ad832a161f3092892cc7e34e0e3141fcb33ab31a56403d1
report_seed2026_agreement_filtered_ema_medseg_slice_030,medseg_slice_030,2026,agreement_filtered_ema,detected_1__eligible_0__pixels_NA,True,False,,True,d876e4c6af02344d8ad832a161f3092892cc7e34e0e3141fcb33ab31a56403d1,d876e4c6af02344d8ad832a161f3092892cc7e34e0e3141fcb33ab31a56403d1
report_seed2026_agreement_filtered_ema_medseg_slice_031,medseg_slice_031,2026,agreement_filtered_ema,detected_1__eligible_0__pixels_NA,True,False,,True,d876e4c6af02344d8ad832a161f3092892cc7e34e0e3141fcb33ab31a56403d1,d876e4c6af02344d8ad832a161f3092892cc7e34e0e3141fcb33ab31a56403d1
report_seed2026_agreement_filtered_ema_medseg_slice_032,medseg_slice_032,2026,agreement_filtered_ema,detected_1__eligible_0__pixels_NA,True,False,,True,d876e4c6af02344d8ad832a161f3092892cc7e34e0e3141fcb33ab31a56403d1,d876e4c6af02344d8ad832a161f3092892cc7e34e0e3141fcb33ab31a56403d1
report_seed2026_agreement_filtered_ema_medseg_slice_033,medseg_slice_033,2026,agreement_filtered_ema,detected_1__eligible_0__pixels_NA,True,False,,True,d876e4c6af02344d8ad832a161f3092892cc7e34e0e3141fcb33ab31a56403d1,d876e4c6af02344d8ad832a161f3092892cc7e34e0e3141fcb33ab31a56403d1
report_seed2026_agreement_filtered_ema_medseg_slice_034,medseg_slice_034,2026,agreement_filtered_ema,detected_1__eligible_0__pixels_NA,True,False,,True,d876e4c6af02344d8ad832a161f3092892cc7e34e0e3141fcb33ab31a56403d1,d876e4c6af02344d8ad832a161f3092892cc7e34e0e3141fcb33ab31a56403d1
report_seed2026_agreement_filtered_ema_medseg_slice_035,medseg_slice_035,2026,agreement_filtered_ema,detected_1__eligible_0__pixels_NA,True,False,,True,d876e4c6af02344d8ad832a161f3092892cc7e34e0e3141fcb33ab31a56403d1,d876e4c6af02344d8ad832a161f3092892cc7e34e0e3141fcb33ab31a56403d1
report_seed2026_agreement_filtered_ema_medseg_slice_036,medseg_slice_036,2026,agreement_filtered_ema,detected_1__eligible_0__pixels_NA,True,False,,True,d876e4c6af02344d8ad832a161f3092892cc7e34e0e3141fcb33ab31a56403d1,d876e4c6af02344d8ad832a161f3092892cc7e34e0e3141fcb33ab31a56403d1
report_seed2026_agreement_filtered_ema_medseg_slice_037,medseg_slice_037,2026,agreement_filtered_ema,detected_1__eligible_0__pixels_NA,True,False,,True,d876e4c6af02344d8ad832a161f3092892cc7e34e0e3141fcb33ab31a56403d1,d876e4c6af02344d8ad832a161f3092892cc7e34e0e3141fcb33ab31a56403d1
report_seed2026_agreement_filtered_ema_medseg_slice_038,medseg_slice_038,2026,agreement_filtered_ema,detected_1__eligible_0__pixels_NA,True,False,,True,d876e4c6af02344d8ad832a161f3092892cc7e34e0e3141fcb33ab31a56403d1,d876e4c6af02344d8ad832a161f3092892cc7e34e0e3141fcb33ab31a56403d1
report_seed2026_agreement_filtered_ema_medseg_slice_039,medseg_slice_039,2026,agreement_filtered_ema,detected_1__eligible_0__pixels_NA,True,False,,True,d876e4c6af02344d8ad832a161f3092892cc7e34e0e3141fcb33ab31a56403d1,d876e4c6af02344d8ad832a161f3092892cc7e34e0e3141fcb33ab31a56403d1
report_seed2026_agreement_filtered_ema_medseg_slice_040,medseg_slice_040,2026,agreement_filtered_ema,detected_1__eligible_0__pixels_NA,True,False,,True,d876e4c6af02344d8ad832a161f3092892cc7e34e0e3141fcb33ab31a56403d1,d876e4c6af02344d8ad832a161f3092892cc7e34e0e3141fcb33ab31a56403d1
report_seed2026_agreement_filtered_ema_medseg_slice_041,medseg_slice_041,2026,agreement_filtered_ema,detected_1__eligible_0__pixels_NA,True,False,,True,d876e4c6af02344d8ad832a161f3092892cc7e34e0e3141fcb33ab31a56403d1,d876e4c6af02344d8ad832a161f3092892cc7e34e0e3141fcb33ab31a56403d1
report_seed2026_agreement_filtered_ema_medseg_slice_042,medseg_slice_042,2026,agreement_filtered_ema,detected_1__eligible_0__pixels_NA,True,False,,True,d876e4c6af02344d8ad832a161f3092892cc7e34e0e3141fcb33ab31a56403d1,d876e4c6af02344d8ad832a161f3092892cc7e34e0e3141fcb33ab31a56403d1
report_seed2026_agreement_filtered_ema_medseg_slice_043,medseg_slice_043,2026,agreement_filtered_ema,detected_1__eligible_0__pixels_NA,True,False,,True,d876e4c6af02344d8ad832a161f3092892cc7e34e0e3141fcb33ab31a56403d1,d876e4c6af02344d8ad832a161f3092892cc7e34e0e3141fcb33ab31a56403d1
report_seed2026_agreement_filtered_ema_medseg_slice_044,medseg_slice_044,2026,agreement_filtered_ema,detected_1__eligible_0__pixels_NA,True,False,,True,d876e4c6af02344d8ad832a161f3092892cc7e34e0e3141fcb33ab31a56403d1,d876e4c6af02344d8ad832a161f3092892cc7e34e0e3141fcb33ab31a56403d1
report_seed2026_agreement_filtered_ema_medseg_slice_045,medseg_slice_045,2026,agreement_filtered_ema,detected_1__eligible_0__pixels_NA,True,False,,True,d876e4c6af02344d8ad832a161f3092892cc7e34e0e3141fcb33ab31a56403d1,d876e4c6af02344d8ad832a161f3092892cc7e34e0e3141fcb33ab31a56403d1
report_seed2026_agreement_filtered_ema_medseg_slice_046,medseg_slice_046,2026,agreement_filtered_ema,detected_1__eligible_0__pixels_NA,True,False,,True,d876e4c6af02344d8ad832a161f3092892cc7e34e0e3141fcb33ab31a56403d1,d876e4c6af02344d8ad832a161f3092892cc7e34e0e3141fcb33ab31a56403d1
report_seed2026_agreement_filtered_ema_medseg_slice_047,medseg_slice_047,2026,agreement_filtered_ema,detected_1__eligible_0__pixels_NA,True,False,,True,d876e4c6af02344d8ad832a161f3092892cc7e34e0e3141fcb33ab31a56403d1,d876e4c6af02344d8ad832a161f3092892cc7e34e0e3141fcb33ab31a56403d1
report_seed2026_agreement_filtered_ema_medseg_slice_048,medseg_slice_048,2026,agreement_filtered_ema,detected_1__eligible_1__pixels_46,True,False,,True,7bbdb358615ce71eec7f55235cd1a0f42ba793257f329f65d1bb889bc190a50a,7bbdb358615ce71eec7f55235cd1a0f42ba793257f329f65d1bb889bc190a50a
report_seed2026_agreement_filtered_ema_medseg_slice_049,medseg_slice_049,2026,agreement_filtered_ema,detected_1__eligible_0__pixels_NA,True,False,,True,d876e4c6af02344d8ad832a161f3092892cc7e34e0e3141fcb33ab31a56403d1,d876e4c6af02344d8ad832a161f3092892cc7e34e0e3141fcb33ab31a56403d1
report_seed2026_agreement_filtered_ema_medseg_slice_050,medseg_slice_050,2026,agreement_filtered_ema,detected_1__eligible_0__pixels_NA,True,False,,True,d876e4c6af02344d8ad832a161f3092892cc7e34e0e3141fcb33ab31a56403d1,d876e4c6af02344d8ad832a161f3092892cc7e34e0e3141fcb33ab31a56403d1
report_seed2026_agreement_filtered_ema_medseg_slice_051,medseg_slice_051,2026,agreement_filtered_ema,detected_1__eligible_0__pixels_NA,True,False,,True,d876e4c6af02344d8ad832a161f3092892cc7e34e0e3141fcb33ab31a56403d1,d876e4c6af02344d8ad832a161f3092892cc7e34e0e3141fcb33ab31a56403d1
report_seed2026_agreement_filtered_ema_medseg_slice_052,medseg_slice_052,2026,agreement_filtered_ema,detected_1__eligible_0__pixels_NA,True,False,,True,d876e4c6af02344d8ad832a161f3092892cc7e34e0e3141fcb33ab31a56403d1,d876e4c6af02344d8ad832a161f3092892cc7e34e0e3141fcb33ab31a56403d1
report_seed2026_agreement_filtered_ema_medseg_slice_053,medseg_slice_053,2026,agreement_filtered_ema,detected_1__eligible_0__pixels_NA,True,False,,True,d876e4c6af02344d8ad832a161f3092892cc7e34e0e3141fcb33ab31a56403d1,d876e4c6af02344d8ad832a161f3092892cc7e34e0e3141fcb33ab31a56403d1
report_seed2026_agreement_filtered_ema_medseg_slice_054,medseg_slice_054,2026,agreement_filtered_ema,detected_1__eligible_0__pixels_NA,True,False,,True,d876e4c6af02344d8ad832a161f3092892cc7e34e0e3141fcb33ab31a56403d1,d876e4c6af02344d8ad832a161f3092892cc7e34e0e3141fcb33ab31a56403d1
report_seed2026_agreement_filtered_ema_medseg_slice_055,medseg_slice_055,2026,agreement_filtered_ema,detected_1__eligible_0__pixels_NA,True,False,,True,d876e4c6af02344d8ad832a161f3092892cc7e34e0e3141fcb33ab31a56403d1,d876e4c6af02344d8ad832a161f3092892cc7e34e0e3141fcb33ab31a56403d1
report_seed2026_agreement_filtered_ema_medseg_slice_056,medseg_slice_056,2026,agreement_filtered_ema,detected_1__eligible_0__pixels_NA,True,False,,True,d876e4c6af02344d8ad832a161f3092892cc7e34e0e3141fcb33ab31a56403d1,d876e4c6af02344d8ad832a161f3092892cc7e34e0e3141fcb33ab31a56403d1
report_seed2026_agreement_filtered_ema_medseg_slice_057,medseg_slice_057,2026,agreement_filtered_ema,detected_1__eligible_0__pixels_NA,True,False,,True,d876e4c6af02344d8ad832a161f3092892cc7e34e0e3141fcb33ab31a56403d1,d876e4c6af02344d8ad832a161f3092892cc7e34e0e3141fcb33ab31a56403d1
report_seed2026_agreement_filtered_ema_medseg_slice_058,medseg_slice_058,2026,agreement_filtered_ema,detected_1__eligible_0__pixels_NA,True,False,,True,d876e4c6af02344d8ad832a161f3092892cc7e34e0e3141fcb33ab31a56403d1,d876e4c6af02344d8ad832a161f3092892cc7e34e0e3141fcb33ab31a56403d1
report_seed2026_agreement_filtered_ema_medseg_slice_059,medseg_slice_059,2026,agreement_filtered_ema,detected_1__eligible_0__pixels_NA,True,False,,True,d876e4c6af02344d8ad832a161f3092892cc7e34e0e3141fcb33ab31a56403d1,d876e4c6af02344d8ad832a161f3092892cc7e34e0e3141fcb33ab31a56403d1
report_seed2026_agreement_filtered_ema_medseg_slice_060,medseg_slice_060,2026,agreement_filtered_ema,detected_1__eligible_0__pixels_NA,True,False,,True,d876e4c6af02344d8ad832a161f3092892cc7e34e0e3141fcb33ab31a56403d1,d876e4c6af02344d8ad832a161f3092892cc7e34e0e3141fcb33ab31a56403d1
report_seed2026_agreement_filtered_ema_medseg_slice_061,medseg_slice_061,2026,agreement_filtered_ema,detected_1__eligible_0__pixels_NA,True,False,,True,d876e4c6af02344d8ad832a161f3092892cc7e34e0e3141fcb33ab31a56403d1,d876e4c6af02344d8ad832a161f3092892cc7e34e0e3141fcb33ab31a56403d1
report_seed2026_agreement_filtered_ema_medseg_slice_062,medseg_slice_062,2026,agreement_filtered_ema,detected_1__eligible_1__pixels_5537,True,False,,True,45cb32e2fa56831749c69f5344af3a8032f7cfe386a5090c5dba8064e03caa05,45cb32e2fa56831749c69f5344af3a8032f7cfe386a5090c5dba8064e03caa05
report_seed2026_agreement_filtered_ema_medseg_slice_063,medseg_slice_063,2026,agreement_filtered_ema,detected_1__eligible_0__pixels_NA,True,False,,True,d876e4c6af02344d8ad832a161f3092892cc7e34e0e3141fcb33ab31a56403d1,d876e4c6af02344d8ad832a161f3092892cc7e34e0e3141fcb33ab31a56403d1
report_seed2026_agreement_filtered_ema_medseg_slice_064,medseg_slice_064,2026,agreement_filtered_ema,detected_1__eligible_0__pixels_NA,True,False,,True,d876e4c6af02344d8ad832a161f3092892cc7e34e0e3141fcb33ab31a56403d1,d876e4c6af02344d8ad832a161f3092892cc7e34e0e3141fcb33ab31a56403d1
report_seed2026_agreement_filtered_ema_medseg_slice_065,medseg_slice_065,2026,agreement_filtered_ema,detected_1__eligible_0__pixels_NA,True,False,,True,d876e4c6af02344d8ad832a161f3092892cc7e34e0e3141fcb33ab31a56403d1,d876e4c6af02344d8ad832a161f3092892cc7e34e0e3141fcb33ab31a56403d1
report_seed2026_agreement_filtered_ema_medseg_slice_066,medseg_slice_066,2026,agreement_filtered_ema,detected_1__eligible_1__pixels_2117,True,False,,True,a2dc9ba1839331d6d34cf246d9d9e3c06d4444a227a229dad04ebc37bb5b2c33,a2dc9ba1839331d6d34cf246d9d9e3c06d4444a227a229dad04ebc37bb5b2c33
report_seed2026_agreement_filtered_ema_medseg_slice_067,medseg_slice_067,2026,agreement_filtered_ema,detected_1__eligible_0__pixels_NA,True,False,,True,d876e4c6af02344d8ad832a161f3092892cc7e34e0e3141fcb33ab31a56403d1,d876e4c6af02344d8ad832a161f3092892cc7e34e0e3141fcb33ab31a56403d1
report_seed2026_agreement_filtered_ema_medseg_slice_068,medseg_slice_068,2026,agreement_filtered_ema,detected_1__eligible_0__pixels_NA,True,False,,True,d876e4c6af02344d8ad832a161f3092892cc7e34e0e3141fcb33ab31a56403d1,d876e4c6af02344d8ad832a161f3092892cc7e34e0e3141fcb33ab31a56403d1
report_seed2026_agreement_filtered_ema_medseg_slice_069,medseg_slice_069,2026,agreement_filtered_ema,detected_1__eligible_0__pixels_NA,True,False,,True,d876e4c6af02344d8ad832a161f3092892cc7e34e0e3141fcb33ab31a56403d1,d876e4c6af02344d8ad832a161f3092892cc7e34e0e3141fcb33ab31a56403d1
report_seed2026_agreement_filtered_ema_medseg_slice_070,medseg_slice_070,2026,agreement_filtered_ema,detected_1__eligible_0__pixels_NA,True,False,,True,d876e4c6af02344d8ad832a161f3092892cc7e34e0e3141fcb33ab31a56403d1,d876e4c6af02344d8ad832a161f3092892cc7e34e0e3141fcb33ab31a56403d1
report_seed2026_agreement_filtered_ema_medseg_slice_071,medseg_slice_071,2026,agreement_filtered_ema,detected_1__eligible_0__pixels_NA,True,False,,True,d876e4c6af02344d8ad832a161f3092892cc7e34e0e3141fcb33ab31a56403d1,d876e4c6af02344d8ad832a161f3092892cc7e34e0e3141fcb33ab31a56403d1
report_seed2026_agreement_filtered_ema_medseg_slice_072,medseg_slice_072,2026,agreement_filtered_ema,detected_1__eligible_0__pixels_NA,True,False,,True,d876e4c6af02344d8ad832a161f3092892cc7e34e0e3141fcb33ab31a56403d1,d876e4c6af02344d8ad832a161f3092892cc7e34e0e3141fcb33ab31a56403d1
report_seed2026_agreement_filtered_ema_medseg_slice_073,medseg_slice_073,2026,agreement_filtered_ema,detected_1__eligible_0__pixels_NA,True,False,,True,d876e4c6af02344d8ad832a161f3092892cc7e34e0e3141fcb33ab31a56403d1,d876e4c6af02344d8ad832a161f3092892cc7e34e0e3141fcb33ab31a56403d1
report_seed2026_agreement_filtered_ema_medseg_slice_074,medseg_slice_074,2026,agreement_filtered_ema,detected_1__eligible_0__pixels_NA,True,False,,True,d876e4c6af02344d8ad832a161f3092892cc7e34e0e3141fcb33ab31a56403d1,d876e4c6af02344d8ad832a161f3092892cc7e34e0e3141fcb33ab31a56403d1
report_seed2026_agreement_filtered_ema_medseg_slice_075,medseg_slice_075,2026,agreement_filtered_ema,detected_1__eligible_0__pixels_NA,True,False,,True,d876e4c6af02344d8ad832a161f3092892cc7e34e0e3141fcb33ab31a56403d1,d876e4c6af02344d8ad832a161f3092892cc7e34e0e3141fcb33ab31a56403d1
report_seed2026_agreement_filtered_ema_medseg_slice_076,medseg_slice_076,2026,agreement_filtered_ema,detected_1__eligible_0__pixels_NA,True,False,,True,d876e4c6af02344d8ad832a161f3092892cc7e34e0e3141fcb33ab31a56403d1,d876e4c6af02344d8ad832a161f3092892cc7e34e0e3141fcb33ab31a56403d1
report_seed2026_agreement_filtered_ema_medseg_slice_077,medseg_slice_077,2026,agreement_filtered_ema,detected_1__eligible_0__pixels_NA,True,False,,True,d876e4c6af02344d8ad832a161f3092892cc7e34e0e3141fcb33ab31a56403d1,d876e4c6af02344d8ad832a161f3092892cc7e34e0e3141fcb33ab31a56403d1
report_seed2026_agreement_filtered_ema_medseg_slice_078,medseg_slice_078,2026,agreement_filtered_ema,detected_1__eligible_0__pixels_NA,True,False,,True,d876e4c6af02344d8ad832a161f3092892cc7e34e0e3141fcb33ab31a56403d1,d876e4c6af02344d8ad832a161f3092892cc7e34e0e3141fcb33ab31a56403d1
report_seed2026_agreement_filtered_ema_medseg_slice_079,medseg_slice_079,2026,agreement_filtered_ema,detected_1__eligible_0__pixels_NA,True,False,,True,d876e4c6af02344d8ad832a161f3092892cc7e34e0e3141fcb33ab31a56403d1,d876e4c6af02344d8ad832a161f3092892cc7e34e0e3141fcb33ab31a56403d1
report_seed2026_agreement_filtered_ema_medseg_slice_080,medseg_slice_080,2026,agreement_filtered_ema,detected_1__eligible_0__pixels_NA,True,False,,True,d876e4c6af02344d8ad832a161f3092892cc7e34e0e3141fcb33ab31a56403d1,d876e4c6af02344d8ad832a161f3092892cc7e34e0e3141fcb33ab31a56403d1
report_seed2026_agreement_filtered_ema_medseg_slice_081,medseg_slice_081,2026,agreement_filtered_ema,detected_1__eligible_0__pixels_NA,True,False,,True,d876e4c6af02344d8ad832a161f3092892cc7e34e0e3141fcb33ab31a56403d1,d876e4c6af02344d8ad832a161f3092892cc7e34e0e3141fcb33ab31a56403d1
report_seed2026_agreement_filtered_ema_medseg_slice_082,medseg_slice_082,2026,agreement_filtered_ema,detected_1__eligible_0__pixels_NA,True,False,,True,d876e4c6af02344d8ad832a161f3092892cc7e34e0e3141fcb33ab31a56403d1,d876e4c6af02344d8ad832a161f3092892cc7e34e0e3141fcb33ab31a56403d1
report_seed2026_agreement_filtered_ema_medseg_slice_083,medseg_slice_083,2026,agreement_filtered_ema,detected_1__eligible_0__pixels_NA,True,False,,True,d876e4c6af02344d8ad832a161f3092892cc7e34e0e3141fcb33ab31a56403d1,d876e4c6af02344d8ad832a161f3092892cc7e34e0e3141fcb33ab31a56403d1
report_seed2026_agreement_filtered_ema_medseg_slice_084,medseg_slice_084,2026,agreement_filtered_ema,detected_1__eligible_0__pixels_NA,True,False,,True,d876e4c6af02344d8ad832a161f3092892cc7e34e0e3141fcb33ab31a56403d1,d876e4c6af02344d8ad832a161f3092892cc7e34e0e3141fcb33ab31a56403d1
report_seed2026_agreement_filtered_ema_medseg_slice_085,medseg_slice_085,2026,agreement_filtered_ema,detected_1__eligible_0__pixels_NA,True,False,,True,d876e4c6af02344d8ad832a161f3092892cc7e34e0e3141fcb33ab31a56403d1,d876e4c6af02344d8ad832a161f3092892cc7e34e0e3141fcb33ab31a56403d1
report_seed2026_agreement_filtered_ema_medseg_slice_086,medseg_slice_086,2026,agreement_filtered_ema,detected_1__eligible_0__pixels_NA,True,False,,True,d876e4c6af02344d8ad832a161f3092892cc7e34e0e3141fcb33ab31a56403d1,d876e4c6af02344d8ad832a161f3092892cc7e34e0e3141fcb33ab31a56403d1
report_seed2026_agreement_filtered_ema_medseg_slice_087,medseg_slice_087,2026,agreement_filtered_ema,detected_1__eligible_0__pixels_NA,True,False,,True,d876e4c6af02344d8ad832a161f3092892cc7e34e0e3141fcb33ab31a56403d1,d876e4c6af02344d8ad832a161f3092892cc7e34e0e3141fcb33ab31a56403d1
report_seed2026_agreement_filtered_ema_medseg_slice_088,medseg_slice_088,2026,agreement_filtered_ema,detected_1__eligible_0__pixels_NA,True,False,,True,d876e4c6af02344d8ad832a161f3092892cc7e34e0e3141fcb33ab31a56403d1,d876e4c6af02344d8ad832a161f3092892cc7e34e0e3141fcb33ab31a56403d1
report_seed2026_agreement_filtered_ema_medseg_slice_089,medseg_slice_089,2026,agreement_filtered_ema,detected_1__eligible_1__pixels_714,True,False,,True,8ca001b968c6ade17bc24306cd17efdef8a1bea0a0bf745b8980fbd1000cf625,8ca001b968c6ade17bc24306cd17efdef8a1bea0a0bf745b8980fbd1000cf625
report_seed2026_agreement_filtered_ema_medseg_slice_090,medseg_slice_090,2026,agreement_filtered_ema,detected_1__eligible_0__pixels_NA,True,False,,True,d876e4c6af02344d8ad832a161f3092892cc7e34e0e3141fcb33ab31a56403d1,d876e4c6af02344d8ad832a161f3092892cc7e34e0e3141fcb33ab31a56403d1
report_seed2026_agreement_filtered_ema_medseg_slice_091,medseg_slice_091,2026,agreement_filtered_ema,detected_1__eligible_0__pixels_NA,True,False,,True,d876e4c6af02344d8ad832a161f3092892cc7e34e0e3141fcb33ab31a56403d1,d876e4c6af02344d8ad832a161f3092892cc7e34e0e3141fcb33ab31a56403d1
report_seed2026_agreement_filtered_ema_medseg_slice_092,medseg_slice_092,2026,agreement_filtered_ema,detected_1__eligible_0__pixels_NA,True,False,,True,d876e4c6af02344d8ad832a161f3092892cc7e34e0e3141fcb33ab31a56403d1,d876e4c6af02344d8ad832a161f3092892cc7e34e0e3141fcb33ab31a56403d1
report_seed2026_agreement_filtered_ema_medseg_slice_093,medseg_slice_093,2026,agreement_filtered_ema,detected_1__eligible_0__pixels_NA,True,False,,True,d876e4c6af02344d8ad832a161f3092892cc7e34e0e3141fcb33ab31a56403d1,d876e4c6af02344d8ad832a161f3092892cc7e34e0e3141fcb33ab31a56403d1
report_seed2026_agreement_filtered_ema_medseg_slice_094,medseg_slice_094,2026,agreement_filtered_ema,detected_1__eligible_0__pixels_NA,True,False,,True,d876e4c6af02344d8ad832a161f3092892cc7e34e0e3141fcb33ab31a56403d1,d876e4c6af02344d8ad832a161f3092892cc7e34e0e3141fcb33ab31a56403d1
report_seed2026_agreement_filtered_ema_medseg_slice_095,medseg_slice_095,2026,agreement_filtered_ema,detected_1__eligible_0__pixels_NA,True,False,,True,d876e4c6af02344d8ad832a161f3092892cc7e34e0e3141fcb33ab31a56403d1,d876e4c6af02344d8ad832a161f3092892cc7e34e0e3141fcb33ab31a56403d1
report_seed2026_agreement_filtered_ema_medseg_slice_096,medseg_slice_096,2026,agreement_filtered_ema,detected_1__eligible_0__pixels_NA,True,False,,True,d876e4c6af02344d8ad832a161f3092892cc7e34e0e3141fcb33ab31a56403d1,d876e4c6af02344d8ad832a161f3092892cc7e34e0e3141fcb33ab31a56403d1
report_seed2026_agreement_filtered_ema_medseg_slice_097,medseg_slice_097,2026,agreement_filtered_ema,detected_1__eligible_0__pixels_NA,True,False,,True,d876e4c6af02344d8ad832a161f3092892cc7e34e0e3141fcb33ab31a56403d1,d876e4c6af02344d8ad832a161f3092892cc7e34e0e3141fcb33ab31a56403d1
report_seed2026_agreement_filtered_ema_medseg_slice_098,medseg_slice_098,2026,agreement_filtered_ema,detected_1__eligible_0__pixels_NA,True,False,,True,d876e4c6af02344d8ad832a161f3092892cc7e34e0e3141fcb33ab31a56403d1,d876e4c6af02344d8ad832a161f3092892cc7e34e0e3141fcb33ab31a56403d1
report_seed2026_agreement_filtered_ema_medseg_slice_099,medseg_slice_099,2026,agreement_filtered_ema,detected_1__eligible_0__pixels_NA,True,False,,True,d876e4c6af02344d8ad832a161f3092892cc7e34e0e3141fcb33ab31a56403d1,d876e4c6af02344d8ad832a161f3092892cc7e34e0e3141fcb33ab31a56403d1
