seed,method,case_id,evidence_file,evidence_sha256,source_image_sha256,prediction_sha256,checkpoint_sha256,single_view_lesion_pixels,four_view_lesion_pixels,stability_range_available,case_uncertainty_score,source_p80_gate,passes_default_gate,lesion_extent_report_eligible
17,supervised,medseg_slice_000,evidence/notebook10_corrected/seed_17/supervised/medseg_slice_000.json,1db53b506ed1dbd074fccce5caf5ab4fbf46f1260096991d5bf11c7f30d0b87c,b44ef2c7f8ff2d4eb46c0358fc7d75bae4affa13021f6dd0c440db145c48ccb0,de6581a5e627dccfba631544b1da9dd110012efa0fb63638c7da7fc1db36bfd0,951f54537c9d712525b7192219966dd9e0c414c10e860a93366681be51ac2541,34010,34843,False,0.5633925795555115,0.3670630306005479,False,False
17,supervised,medseg_slice_001,evidence/notebook10_corrected/seed_17/supervised/medseg_slice_001.json,254bfbf823ffabcf58a323b61ea2c7c920c4eecec463fbfedce1a8079a69bb53,e571d08ce7190f80e9e3f0f84a27cf9107c39bd2c66aeb08b9a4f8ff05ec421e,8fca28df758ec639231842ab94b10cbd97012631a8607ce875047c05d2008808,951f54537c9d712525b7192219966dd9e0c414c10e860a93366681be51ac2541,41656,44456,False,0.6540147662162781,0.3670630306005479,False,False
17,supervised,medseg_slice_002,evidence/notebook10_corrected/seed_17/supervised/medseg_slice_002.json,36375f0d362cbfa367190d36b8cdaa8af782cfc27f4612b52f1c35cd0aacb16a,a83a4c0bde6cf92d6f78db7564887bf2d0607df421c52476525fd532e6ef2111,1389ce1f0189153307147edb5095755c5e0871388afa25898e5c2672e43bcf78,951f54537c9d712525b7192219966dd9e0c414c10e860a93366681be51ac2541,691,721,False,0.1633791476488113,0.3670630306005479,True,True
17,supervised,medseg_slice_003,evidence/notebook10_corrected/seed_17/supervised/medseg_slice_003.json,ae7ee90261d62e5d8fe47001b8fdb449268dfcd4da17208f0573bcae18e04d3b,6a05e0202644ff0edc9e7d0117462f77b7f7be072d7c67cc0b9a83fbf9c2712b,4f2cc772409b5a4fcbfe256d3c3e084008931d31d49b8306476429aa915aea18,951f54537c9d712525b7192219966dd9e0c414c10e860a93366681be51ac2541,11800,12749,False,0.5954511761665344,0.3670630306005479,False,False
17,supervised,medseg_slice_004,evidence/notebook10_corrected/seed_17/supervised/medseg_slice_004.json,a92ba8c13d0b9a583eef7ab1904e7b6d3ec280c55adab3a897d1342835350511,b3908a7a85943e8479c7be67e3b63e7952cc8d635f288f687d585f77c8dc14d9,719a2ee5eb4a8bfbd6b24bfd8c414f6e25cc523c49382d8c575a7597c4271c2d,951f54537c9d712525b7192219966dd9e0c414c10e860a93366681be51ac2541,10140,10770,False,0.5563292503356934,0.3670630306005479,False,False
17,supervised,medseg_slice_005,evidence/notebook10_corrected/seed_17/supervised/medseg_slice_005.json,c1f615d32615e7b377ab3913a5bee8752bb7c715a224e18ff9b6a04b0fa668cc,af2ad96bbf24e5a6cc75e151b4307234ab112e13a0fe54710c994a93d64d5c10,8a46cf4be1a92931eaeae3b1a51ade51e6158b8b1feb7e22980ef9114d9cbabb,951f54537c9d712525b7192219966dd9e0c414c10e860a93366681be51ac2541,3708,3729,False,0.4081960022449493,0.3670630306005479,False,False
17,supervised,medseg_slice_006,evidence/notebook10_corrected/seed_17/supervised/medseg_slice_006.json,d85d74e1a2655f0d8fd4bb6e37aaf3e2a495d7b82e4bf9bcce66b6aad545c549,516fb37f4234a91e854eec43b160b1096141be8f4f0c53f02f0b132efb09c542,884cb9b7f19c2b350443075915b7da34bca5d0e1968fb664b89979179e7e38ce,951f54537c9d712525b7192219966dd9e0c414c10e860a93366681be51ac2541,8226,8183,False,0.5600910782814026,0.3670630306005479,False,False
17,supervised,medseg_slice_007,evidence/notebook10_corrected/seed_17/supervised/medseg_slice_007.json,9491656c5484d128bc5d35c5d54b7d68a59e06cd065294d8edf31d785bf6062b,da68396b1640a1b722af4808aa8ff224ca07504b8deaaef2fbf4ee008a8140a5,ea6a165b2e099c1f0afdedfcb2b31e5d7b67250bce171fd7e7b9ec00295048ad,951f54537c9d712525b7192219966dd9e0c414c10e860a93366681be51ac2541,26007,31789,False,0.6566140055656433,0.3670630306005479,False,False
17,supervised,medseg_slice_008,evidence/notebook10_corrected/seed_17/supervised/medseg_slice_008.json,578184e019ffa0932e9ac7ddf185a52883e9bdfe3e75b65fd8aff3237a1982d3,79465d5cc370a5be742d3599d594e51e01467820a2b97d21490e63e9e6e0de52,082a1f7ca6e04fc04ad1b2f6b118e777e05ff1cc596eae762bb55cd64fda96c7,951f54537c9d712525b7192219966dd9e0c414c10e860a93366681be51ac2541,48902,50009,False,0.6070922017097473,0.3670630306005479,False,False
17,supervised,medseg_slice_009,evidence/notebook10_corrected/seed_17/supervised/medseg_slice_009.json,c4ba9bca4920f2697828c8f27eb974a3cea4e1ed834f8db4c18d31a89e27774d,8126b2e2bc2ec9c708eaacdf05ca723f53a114c9bd3790b191d140cb105b1ffb,2e068f22b5fd5dfa54d6a4d51310a36ea6d8cc02ce0c28f506a808133b7137ef,951f54537c9d712525b7192219966dd9e0c414c10e860a93366681be51ac2541,24023,24642,False,0.5825440883636475,0.3670630306005479,False,False
17,supervised,medseg_slice_010,evidence/notebook10_corrected/seed_17/supervised/medseg_slice_010.json,a0c49472395ace748e6beffbe19cef0b13f7ee3c7824761b3ddc52821f37ab12,a8b1372d3fb351e2e26b8e6c40100f02cfdf03b5a8a094c406d80dcce17de21e,c8046f02f6ca7a05cb5fc961bccf3247d357b96f37c8542956052a318cbaf759,951f54537c9d712525b7192219966dd9e0c414c10e860a93366681be51ac2541,14587,14588,False,0.5856044888496399,0.3670630306005479,False,False
17,supervised,medseg_slice_011,evidence/notebook10_corrected/seed_17/supervised/medseg_slice_011.json,368e637d37205214c6ba07084eb01664975307369e940a5186ecf31e6cb5f46c,941d1b91ce054ba75f295f8a8809a50a04d261a7952e8dc22e0046478ca93d69,e419146bbd501d3abda98ae4d103e756a35fe60c60712879c5bb4d3043f3d597,951f54537c9d712525b7192219966dd9e0c414c10e860a93366681be51ac2541,9786,10599,False,0.5817545056343079,0.3670630306005479,False,False
17,supervised,medseg_slice_012,evidence/notebook10_corrected/seed_17/supervised/medseg_slice_012.json,2a9190ddfece215c54a8a3fc065ca709cfe0f0171934036fd3a3e88224489e7e,f22d417a5fbbd9ed5644a3b7fc1e13bdde3df2c88d30bb9439dd1bdf56e5d05c,fc9ba111d13e01058341d9288867d3c55ed93963078d9332eecf201e7d875fd8,951f54537c9d712525b7192219966dd9e0c414c10e860a93366681be51ac2541,12894,14253,False,0.601205050945282,0.3670630306005479,False,False
17,supervised,medseg_slice_013,evidence/notebook10_corrected/seed_17/supervised/medseg_slice_013.json,63f2ec76a4cda8c10d142a0ac9572284a737799828395cdec1a504ea0a45c973,dea377d9f46f5a3fe79292ddf7ad5196236298876d42cfe2a51e2ee17c5c3924,3fa2dc4c6dff040922926303f646e7146e698665cc8f7d8eaafa447287a47247,951f54537c9d712525b7192219966dd9e0c414c10e860a93366681be51ac2541,18342,18071,False,0.5790353417396545,0.3670630306005479,False,False
17,supervised,medseg_slice_014,evidence/notebook10_corrected/seed_17/supervised/medseg_slice_014.json,7b6e5839869f47c07ec68ce633c4fa928fa1b6632ee5299c6cb3b37c05f7eb78,8f139089de3c9bc56ebed8b37af5167f32660014f2d19599d91a34a6c4f27161,4904941d9a89d1c8e932e2b0cf127853a9a543d90f55aafdcc0e8f17535b56e5,951f54537c9d712525b7192219966dd9e0c414c10e860a93366681be51ac2541,12781,13576,False,0.5931663513183594,0.3670630306005479,False,False
17,supervised,medseg_slice_015,evidence/notebook10_corrected/seed_17/supervised/medseg_slice_015.json,5c1b6f6838067377026923bf08eaad1e4ba944d51dd3e72317c25d34ed645fd8,582b5ca7348736a56bc23f381b5a0e3cac5862102bc2d6fde657e6e75a6f710d,151ba3d0ed8024fcdf1748a319952b1fd1339a116e94739673e8a3d522b7ec26,951f54537c9d712525b7192219966dd9e0c414c10e860a93366681be51ac2541,17746,19908,False,0.6415565609931946,0.3670630306005479,False,False
17,supervised,medseg_slice_016,evidence/notebook10_corrected/seed_17/supervised/medseg_slice_016.json,44dac4af0c5142eb19e02068980c4066a4ec9d2e6724ea62616b9c094fb47943,fdc4a85404bed33b5dfd484fe4fd1969f30a7cbf7fc988790259cdf9c7644654,f56a4fcf4998c99f9e47ec2e8410f0c4ee09105700e5f39bc15b7295c623fbf0,951f54537c9d712525b7192219966dd9e0c414c10e860a93366681be51ac2541,4007,4033,False,0.4890884459018707,0.3670630306005479,False,False
17,supervised,medseg_slice_017,evidence/notebook10_corrected/seed_17/supervised/medseg_slice_017.json,b538c9d3a01be7a8e8ee45a4b35ddbd10a44bf78adb659105f7d17659c7685be,7775c778bdd582ab20aa3afc83ffd03773fb40a232562bc402343fc1e693ecd6,f2f706e170c6c3dded332a2083d862cc03ac813726177fb60874c26ddedc2573,951f54537c9d712525b7192219966dd9e0c414c10e860a93366681be51ac2541,7837,7856,False,0.5178712010383606,0.3670630306005479,False,False
17,supervised,medseg_slice_018,evidence/notebook10_corrected/seed_17/supervised/medseg_slice_018.json,eee1e805559cc7783806c0643df9fac2b5c155ec0fc22800519cd757219ddd40,56deb1aeba7d7848cec70b0c7e0e55fd875b43962ca976c935bc90ffaba047ce,5133dae4aa6820bf4f263bc9f28ca506d437b6adc8fe27aed74dd918a3889e54,951f54537c9d712525b7192219966dd9e0c414c10e860a93366681be51ac2541,11408,11358,False,0.5563700199127197,0.3670630306005479,False,False
17,supervised,medseg_slice_019,evidence/notebook10_corrected/seed_17/supervised/medseg_slice_019.json,c0dc88a4d74e08330710e87bd89cec6afd9fad8726ece8dfb698973fbedfc204,5350c75b58c51fd8d7e962094df0b534d4ca835998c419e0b1cf02bd6bc530ff,6fa31d15bc41ecc0832fa179eb1a34daeb83af55e31f2c66a45dee87290a4c12,951f54537c9d712525b7192219966dd9e0c414c10e860a93366681be51ac2541,35811,35787,False,0.5808742642402649,0.3670630306005479,False,False
17,supervised,medseg_slice_020,evidence/notebook10_corrected/seed_17/supervised/medseg_slice_020.json,73014620a1b97b9169c4e5d302220e1bbaeafb36a309296a21c242e71fbdc636,18b4eaa7ad5b66d486f8b995ccc6f893216f79cee8783310444dd7d5c8d9353d,47d1545bbf782c8a3142c2ac572073d9b6e0a4bf82231c91aa44e1df0f8c8673,951f54537c9d712525b7192219966dd9e0c414c10e860a93366681be51ac2541,7442,7907,False,0.5753540396690369,0.3670630306005479,False,False
17,supervised,medseg_slice_021,evidence/notebook10_corrected/seed_17/supervised/medseg_slice_021.json,e616a02ae0297f3d50c3f60c567f9915815ebc5d8a6a9b2b238cdfaad6d56f63,81aa23526708a85a4a1d06f3b6881b609b51f7d5f585ba6d81a869615d98c475,2d6d0796fa59c1c5af7a6ae156309316738cb947076df7190a76273a2e83cd11,951f54537c9d712525b7192219966dd9e0c414c10e860a93366681be51ac2541,13486,14258,False,0.612270712852478,0.3670630306005479,False,False
17,supervised,medseg_slice_022,evidence/notebook10_corrected/seed_17/supervised/medseg_slice_022.json,546f2dbd59683e6b1e2547d7da5928db2916d880ec46562a4c2eb6405f56d023,64ee0cbad7d15a836dae2c915c0907accbad8d9ce932dca1a347e449c8125b63,be7c4d850f66e9f7c5c1970d8f82d3b1a78190be98b6db6cad8f37991e1a1d26,951f54537c9d712525b7192219966dd9e0c414c10e860a93366681be51ac2541,5571,5115,False,0.7547406554222107,0.3670630306005479,False,False
17,supervised,medseg_slice_023,evidence/notebook10_corrected/seed_17/supervised/medseg_slice_023.json,b52a2ce0e602ba12116e0da10eb5ff5acd88a191f855a7fe2360558b84d98376,9af7705482ff778f22df10e76dbde4bab2e80cf71faffcd88908b3e60e8c8d49,84873d07194126d6b206eb82ef165afbd07741ad0a93c0ed12301339a814f2c5,951f54537c9d712525b7192219966dd9e0c414c10e860a93366681be51ac2541,9406,9795,False,0.5646637678146362,0.3670630306005479,False,False
17,supervised,medseg_slice_024,evidence/notebook10_corrected/seed_17/supervised/medseg_slice_024.json,9b20c65ff3fdcad3896aba383feffcfc5390686aae65b30da621ebfd55de6412,ab8bc522616ae39913d84db14bb5d7e8ea6c3286e016cdb6b4d038bc66e6df9a,4df9c12cadcd8c85fbb63759b9f2c7d5b8c5e08c203a754803931874c6117467,951f54537c9d712525b7192219966dd9e0c414c10e860a93366681be51ac2541,3581,3618,False,0.4160553812980652,0.3670630306005479,False,False
17,supervised,medseg_slice_025,evidence/notebook10_corrected/seed_17/supervised/medseg_slice_025.json,5fcb9c9e5ded0bac10828c4d22897f9ab9ebcc18523912372b3d15ef641f22c4,2f45dd8fe78fd78812c326ca9449b33ae769db450dca0469ed15a41ef19d46d0,a4fd783e372133b480793d7a14d2b46efad9c05a8c89d0f74c519f770eb4c478,951f54537c9d712525b7192219966dd9e0c414c10e860a93366681be51ac2541,25702,26256,False,0.5895857214927673,0.3670630306005479,False,False
17,supervised,medseg_slice_026,evidence/notebook10_corrected/seed_17/supervised/medseg_slice_026.json,4b06e4b79bf545dfb3b44ffed310ddfc371999c551973a82f61ba0e5171d573c,6e134155fe1a0ddb2e32d25c2b36e4dfe6b57d525f22bdbebac02edfe0f7681e,d4ac2351465b5fb3fa306d29ccf83153440568e2895f8cbddbf355869937f306,951f54537c9d712525b7192219966dd9e0c414c10e860a93366681be51ac2541,9182,9054,False,0.5631272792816162,0.3670630306005479,False,False
17,supervised,medseg_slice_027,evidence/notebook10_corrected/seed_17/supervised/medseg_slice_027.json,023115e32dbf559472e2d9e336a2da3a5c6aa5eb0b182e3bc3fe6f996c9555e2,c8eaf82c83154dd8158c7e1a0e512bae8f17583b66170cd7ed653d0138faa54f,b8b7afb7a1a27b78c951e0bfe738546bfa7020e59ee19e628fb002f9ca308978,951f54537c9d712525b7192219966dd9e0c414c10e860a93366681be51ac2541,6447,6524,False,0.575842559337616,0.3670630306005479,False,False
17,supervised,medseg_slice_028,evidence/notebook10_corrected/seed_17/supervised/medseg_slice_028.json,24c8c532c7a7fc95c81970e771973fe00e0356cbf9cfbdc7300745e787068e9f,a27464836bd308a475a125fa843754a105e600bb2ad4b812edd6f5a56d1aa211,c9711c2cc0c8c438732e8c49aa8d3336d2741a38be6e510125d9beb6b491d795,951f54537c9d712525b7192219966dd9e0c414c10e860a93366681be51ac2541,12394,12815,False,0.5701556205749512,0.3670630306005479,False,False
17,supervised,medseg_slice_029,evidence/notebook10_corrected/seed_17/supervised/medseg_slice_029.json,4df8f28cc5634a2d9e8c5fbbce31bc678d41502d6646958d9ceb52c3c2e1e2e5,33f8db11afe1c7eb5e6b62468eba9718dec4c8c697e2bf6bd50db334f5d41501,09d1765dd0b23df883b6111cac053c8226955811b3a6dd735daea7696b74a164,951f54537c9d712525b7192219966dd9e0c414c10e860a93366681be51ac2541,43863,46450,False,0.6239938139915466,0.3670630306005479,False,False
17,supervised,medseg_slice_030,evidence/notebook10_corrected/seed_17/supervised/medseg_slice_030.json,bcdb673f8ee01284a9549742f9074a8424554e3db9d39f315a20f102d4bd1ad1,6d1c3d9a2f370934ad345b4a33296a76f85147d0dec6a96b636c1d011b4dda94,20a3173af7764ca22a586d5a51c7c48f55cc89d969844e5fe851e7f3fd8d6eb9,951f54537c9d712525b7192219966dd9e0c414c10e860a93366681be51ac2541,19091,18049,False,0.6076368689537048,0.3670630306005479,False,False
17,supervised,medseg_slice_031,evidence/notebook10_corrected/seed_17/supervised/medseg_slice_031.json,8f9c01446aab85cac9139c5ecc7bf9a4464738b69343a6fae54474b9b76601e6,991cb01759b8dbda7afbd6424ced95443902778d16681e21b293708db7fd55e8,177de76f11f7d3afc3ef494bdf9349c48aa567d01269cd82851b188790f58fbb,951f54537c9d712525b7192219966dd9e0c414c10e860a93366681be51ac2541,17691,18116,False,0.5686162710189819,0.3670630306005479,False,False
17,supervised,medseg_slice_032,evidence/notebook10_corrected/seed_17/supervised/medseg_slice_032.json,c1d952c2fd1c05820a940404d53da855b80faebc0475faac609c1bafb1a0c2e5,f292b8fdbbbc83332748ca351fa281ae14bfbd711d6a17a3f2ee9803d38e7c6a,e52e7ec449e2ac6bc53e8be02fefa22d69bafbe7b08ea0d4ce9ae2f383c6718c,951f54537c9d712525b7192219966dd9e0c414c10e860a93366681be51ac2541,49783,49524,False,0.5933271050453186,0.3670630306005479,False,False
17,supervised,medseg_slice_033,evidence/notebook10_corrected/seed_17/supervised/medseg_slice_033.json,0e4bf54c7e129314553ba6b5c098a59e8f794fbc12040c725a795b4209e562a3,4bdc25659921942b0073cc584192a52c6246d92a61d9eeb454dc05f7e9ccbdbc,e1c4b4c1586f18b2561d6cbb30de69c66b4510201b5dbe55822fec57965416b5,951f54537c9d712525b7192219966dd9e0c414c10e860a93366681be51ac2541,4329,4170,False,0.5656164884567261,0.3670630306005479,False,False
17,supervised,medseg_slice_034,evidence/notebook10_corrected/seed_17/supervised/medseg_slice_034.json,6ff664fe6f6abeec89807a7e1ec1604c7e0aa5f29e1619a4e351a55afad799c7,fa92ecb25062aa754d4d9a19e5ee08d7253265278db40d20103165636e62d96f,add69d3f10c4cee83c69601f40a0009cc7d5efeb98ba5c84fbf5f4a388e0cfdf,951f54537c9d712525b7192219966dd9e0c414c10e860a93366681be51ac2541,13852,13406,False,0.5857065916061401,0.3670630306005479,False,False
17,supervised,medseg_slice_035,evidence/notebook10_corrected/seed_17/supervised/medseg_slice_035.json,bbe6695d00c741a00b7d60e54fc35714254abc28d954d16cec0df5986cc4d46b,d20e77f5482d23ee3df3b2b3003d51c3aae144d1c4f8c557cd4c6b49e07dacbd,12afc339a4124b3bff83e18d9bbe6866f562e0dd8c5d320dfbc7f6366bc67eeb,951f54537c9d712525b7192219966dd9e0c414c10e860a93366681be51ac2541,13814,13929,False,0.4921876490116119,0.3670630306005479,False,False
17,supervised,medseg_slice_036,evidence/notebook10_corrected/seed_17/supervised/medseg_slice_036.json,ae06e3cab461cc1f7e0f89a245cf87975d156460b19c535dd39dfa89aeb1e461,615ede383872d94b4a833ee952ccb931871ed330c0a519daf35f47f5996e83a0,4404754422ad3b9cbadf20aa1db432c3da2eeccccf705e9ea85e8c0c4750302c,951f54537c9d712525b7192219966dd9e0c414c10e860a93366681be51ac2541,12942,13615,False,0.5953983664512634,0.3670630306005479,False,False
17,supervised,medseg_slice_037,evidence/notebook10_corrected/seed_17/supervised/medseg_slice_037.json,d94bab6d8f786a3216d8a0c24efeed824149ec04898b2f49046b551cbbf4ea9b,7dea0c2ba5c3bcf88de9c78871733bac5d9af9a1c6847872d8d9ebc9f2c53456,99fb94d65f94c4730c149f6a97dd5bba2e439ea395cc954deffa8cff796cf701,951f54537c9d712525b7192219966dd9e0c414c10e860a93366681be51ac2541,14119,14738,False,0.575954020023346,0.3670630306005479,False,False
17,supervised,medseg_slice_038,evidence/notebook10_corrected/seed_17/supervised/medseg_slice_038.json,7b272bce92b2f139b9d26b20bbacd965a8a1337fc68fde57200f7cc3d8cce9cf,86b5cc9a8600d01a664a40c852886ea6364e258a1b2bff81eb7256b62c297e0e,9919178a414094054842dbb1690a6b6800569066a7536175047cb8c1da4f722e,951f54537c9d712525b7192219966dd9e0c414c10e860a93366681be51ac2541,11860,12834,False,0.5946894884109497,0.3670630306005479,False,False
17,supervised,medseg_slice_039,evidence/notebook10_corrected/seed_17/supervised/medseg_slice_039.json,6ac7e43bc499dbafc259985daf0fb9e7115090f093dce5d58aba0ba18b00b7c5,0fcf785cd38185d0d087ef0ffadec9a1d66e67ed54e57ee1dd04a21f0ebab134,10504c7ae03166f281ef95fae3faa1d580835c335ef015c5fcc492f98810f81e,951f54537c9d712525b7192219966dd9e0c414c10e860a93366681be51ac2541,42486,41799,False,0.6153314709663391,0.3670630306005479,False,False
17,supervised,medseg_slice_040,evidence/notebook10_corrected/seed_17/supervised/medseg_slice_040.json,c462b4659e4e8181f6910e30e5591098891a778ab7a58cae009eb3e64224a86a,6c78bdd3cbbd2242af2d95d81389bf5a7ee7c6567a18829785e3b39d8afffb6d,31bb56735518e65ddbd619e4d448912943a156622b38aec081d0d05140f2cc48,951f54537c9d712525b7192219966dd9e0c414c10e860a93366681be51ac2541,6202,6295,False,0.4573562443256378,0.3670630306005479,False,False
17,supervised,medseg_slice_041,evidence/notebook10_corrected/seed_17/supervised/medseg_slice_041.json,66805df282c19ad54e4ae3984d7a9ee69391f42d7d417ff340d95f9a8719b416,9c75b70c6327bf6e31fa3135b9fb0fcf3ca9fc30aa896550f0a942436f56e3db,b4e32f1aca0260914f1a9955367ea435328bf7e43424231c5e03478ba998424b,951f54537c9d712525b7192219966dd9e0c414c10e860a93366681be51ac2541,25409,25689,False,0.547601580619812,0.3670630306005479,False,False
17,supervised,medseg_slice_042,evidence/notebook10_corrected/seed_17/supervised/medseg_slice_042.json,5585723f0f4b72a95c1993bc5663688fd6717a45ddaaf464ae724cee2ff7ac2e,0cc526956ec56831244b119eef0c69ac7ca108b7c0a3ea2dfa55bf5f2d6d3163,373d50ff6b984ee993411a7e3791272c3003bf41e6b3d1bd9f5ab138cbddda01,951f54537c9d712525b7192219966dd9e0c414c10e860a93366681be51ac2541,19692,18821,False,0.6528503894805908,0.3670630306005479,False,False
17,supervised,medseg_slice_043,evidence/notebook10_corrected/seed_17/supervised/medseg_slice_043.json,b4419bb13c1ae323e0123628c9fb0e56f67db2917eb7389a73f7879c27ccbcbd,46432f1b9e86148c029fd9a47a636c704041b9b36fa269c4e95a0377b73f6574,d7c91cf5dba1b6351853f416b648ad6e5c4c12b24312eff8ae67dd949cc63ed4,951f54537c9d712525b7192219966dd9e0c414c10e860a93366681be51ac2541,13722,13560,False,0.5588754415512085,0.3670630306005479,False,False
17,supervised,medseg_slice_044,evidence/notebook10_corrected/seed_17/supervised/medseg_slice_044.json,80571e26e4b65877297d9ac15d31be1d0a4d2214b4776e6ffa23f64cded7c6ec,62327805fe0bdcfca5d4229bdfd4d6ca113527e54d34b52fbb84daeae6649cff,8402d370d32c408c0a25cd6c6cfb04e3b1a3fd3db7ef6acedf9050a10f2a55f3,951f54537c9d712525b7192219966dd9e0c414c10e860a93366681be51ac2541,5990,5761,False,0.5338376760482788,0.3670630306005479,False,False
17,supervised,medseg_slice_045,evidence/notebook10_corrected/seed_17/supervised/medseg_slice_045.json,e5804b47c8a73d4f12d4a7c35c380c6a7b6b7c32346ad16aaefc67fbbfc51f25,6051c48383f7b9e17ac4b8f6b5d55884691b44daca2e40200599b9ee71e628f6,d6593e9a3e1f08d64322eaa17999b56581aafa0f794e40e6aee98da05e0646e2,951f54537c9d712525b7192219966dd9e0c414c10e860a93366681be51ac2541,18970,19770,False,0.5904889106750488,0.3670630306005479,False,False
17,supervised,medseg_slice_046,evidence/notebook10_corrected/seed_17/supervised/medseg_slice_046.json,61a14144a715f836c77fa698eb8eb511c9612f2ca9185314c21d22155bd30015,2eb1583cef892b6dd50a263c31d011298400fe917978ee2af035d4f906e8044a,84ad4ba4d0189f7dfb5f9d83fa7705a1cd8225415a90d486fb3b9f1025ff1d28,951f54537c9d712525b7192219966dd9e0c414c10e860a93366681be51ac2541,3318,3607,False,0.4645784795284271,0.3670630306005479,False,False
17,supervised,medseg_slice_047,evidence/notebook10_corrected/seed_17/supervised/medseg_slice_047.json,b5f9d455b55077c128ad776c61eb0775bca78425ecf3de1b787ee28035484941,599f52419ba04d8654b279eb242d7adf8cd8808efb441c346c1d48645e8884df,7d2bd645c24927279bef99e69825a32795ee85914c0e6283384c0270549682d4,951f54537c9d712525b7192219966dd9e0c414c10e860a93366681be51ac2541,27430,27184,False,0.5671160221099854,0.3670630306005479,False,False
17,supervised,medseg_slice_048,evidence/notebook10_corrected/seed_17/supervised/medseg_slice_048.json,ffd9c41912f547b206066a3bca87dc43454a3aba712e2a444eafec51c44f4843,1a0a4f94eb8c89cf9c9f6518cff762ad4cc84f36cc4aad40fe7a5077d06383c6,b4eb573cde43a831ad2646a38cbd6eeac93542be7b6986aee24f4c77d301e2f9,951f54537c9d712525b7192219966dd9e0c414c10e860a93366681be51ac2541,0,0,False,0.1293842494487762,0.3670630306005479,True,True
17,supervised,medseg_slice_049,evidence/notebook10_corrected/seed_17/supervised/medseg_slice_049.json,5189fc2af39fdc2453f5b65837447dfc71ad5bc54f4453c3ad09ccfe8022b9d4,bfe5c22279be9fd16e131ffcf4c45716f555a80e8bf2cf5548a138f7a04ad198,611d140e7d10d8d222f075d05ca37992921dfd3acc72f8852928c0b21287b002,951f54537c9d712525b7192219966dd9e0c414c10e860a93366681be51ac2541,8233,8372,False,0.4644770622253418,0.3670630306005479,False,False
17,supervised,medseg_slice_050,evidence/notebook10_corrected/seed_17/supervised/medseg_slice_050.json,a6f7fb15afd399d1d5bd237c60893a04f17302adf065824246535655e57b536e,6555903cfc6d3803550ef86433f64485518329216c578b6289e9181ac0397950,f7be677cc4b312d91af77365cc021a71919547fdce5a002827cba31d2ecac95e,951f54537c9d712525b7192219966dd9e0c414c10e860a93366681be51ac2541,11657,12988,False,0.6202453374862671,0.3670630306005479,False,False
17,supervised,medseg_slice_051,evidence/notebook10_corrected/seed_17/supervised/medseg_slice_051.json,966171af2f2078fd625bf53b803b25d5e2c1a89073574bad4a9619f8cda4aad7,3df139597aa1b0ae7da043646935a1da1ae062c7566a524db57f1474892ab158,db5859d67624e6c98f52ec2cefb3aa1af2db7dc577a93f418e9cf342879d12a6,951f54537c9d712525b7192219966dd9e0c414c10e860a93366681be51ac2541,45782,47119,False,0.6007911562919617,0.3670630306005479,False,False
17,supervised,medseg_slice_052,evidence/notebook10_corrected/seed_17/supervised/medseg_slice_052.json,f922b0b6181a1103db4850e3fe50c096c675aec2f689e02597d98b18f139948a,947d10c4f46f27d4b12ef9b1fa165636306c8991c21e9225c4fb1b2bb00a6ca9,20542390cea242e5cd15e7a82337ac5b32284ff12fd3c5e200a868591c41a9aa,951f54537c9d712525b7192219966dd9e0c414c10e860a93366681be51ac2541,4014,4471,False,0.5652866363525391,0.3670630306005479,False,False
17,supervised,medseg_slice_053,evidence/notebook10_corrected/seed_17/supervised/medseg_slice_053.json,0a5881a5fbb3c2daf5ae406525c89091903598124ca832ac35156ef61b75f0e3,6b77c6872f4cba2318444a68c589acd81a42ac9e5c650c9edabd258fe66225de,7d282f3f044083c7a33d3a6cc86f2a6e4a3bbacd4ec4008b365a7cf9a2d83569,951f54537c9d712525b7192219966dd9e0c414c10e860a93366681be51ac2541,42159,43096,False,0.6909377574920654,0.3670630306005479,False,False
17,supervised,medseg_slice_054,evidence/notebook10_corrected/seed_17/supervised/medseg_slice_054.json,9279b60ee165503b7a1bbeb8b81f97e2396f374493cdc47925fe8e851474f7ab,bed928cf09892a2e88c9b802bc0786a408ad642d4573a641024b32f6d69369f3,82e2d2c324f6694647d7ffa612aadb753615da425faef5deeaedc8404bf9cb62,951f54537c9d712525b7192219966dd9e0c414c10e860a93366681be51ac2541,14153,13974,False,0.5096413493156433,0.3670630306005479,False,False
17,supervised,medseg_slice_055,evidence/notebook10_corrected/seed_17/supervised/medseg_slice_055.json,b25a5bb180435b64af0d61d5683fb379ac5ba0e51f4efdde76bf8fb559ee68e3,9b830341fd52efe1641062e7c4991bf8503c7d889302a72aa266d828011539e8,1807d8ec7363254a45b635407c48785d48de734ce341d81ac48025dd40225301,951f54537c9d712525b7192219966dd9e0c414c10e860a93366681be51ac2541,34732,36098,False,0.611201286315918,0.3670630306005479,False,False
17,supervised,medseg_slice_056,evidence/notebook10_corrected/seed_17/supervised/medseg_slice_056.json,c478b8c4b9c2bc0d38afa6a9caa5f18c286647a56203c5d549e5d1e40e115b34,bd95ed4d5fbf50f55d5bd7667991f6471a878bf8a891ac37d0d81a4000735107,d61e0937eaf3a661db786ce1ffb5a3cd84621cf61d15ea1ebd68108896f6f820,951f54537c9d712525b7192219966dd9e0c414c10e860a93366681be51ac2541,5373,5590,False,0.5476143956184387,0.3670630306005479,False,False
17,supervised,medseg_slice_057,evidence/notebook10_corrected/seed_17/supervised/medseg_slice_057.json,687a74a7e4ce71eea4d2b9cc357f66ad83784bbea9bfa24537689d9e835a4c32,72e1841c935c9964794b40c746e187245203b38fae29bf0caeb2e7a02c46c5c6,899d5da7e43e187b7990b81741cd10b8c788590ed053f8254c7ae874c0d3777d,951f54537c9d712525b7192219966dd9e0c414c10e860a93366681be51ac2541,29769,30290,False,0.5623670816421509,0.3670630306005479,False,False
17,supervised,medseg_slice_058,evidence/notebook10_corrected/seed_17/supervised/medseg_slice_058.json,7274b34a7373f19836a77822e9e2036c6140966954cf98c7e056c751f6e11825,75255b5303a732feb9eab706e92e55632c4ab305b2e361e60bd0cfe123ae170f,f4d89f7c75632dca70c7e755b3d13b5914cbbfad50eaf23411221849278d925e,951f54537c9d712525b7192219966dd9e0c414c10e860a93366681be51ac2541,37671,38001,False,0.5705119371414185,0.3670630306005479,False,False
17,supervised,medseg_slice_059,evidence/notebook10_corrected/seed_17/supervised/medseg_slice_059.json,6d269748dedf2e3c14a7ff2c1ed0cce5cb6d4acbd0f81d44acbefe8a2219b5bd,66432a86c920010c446c160b5cd6716aa210f043133d4f5013dc52cacf07093d,c71e0571946f689b949b25ad14f96fd6000ee5b28ea428035b4598e281662633,951f54537c9d712525b7192219966dd9e0c414c10e860a93366681be51ac2541,29518,31632,False,0.6196522116661072,0.3670630306005479,False,False
17,supervised,medseg_slice_060,evidence/notebook10_corrected/seed_17/supervised/medseg_slice_060.json,99c25bf51d1ac34948333c1fdef6f47cf8750090e1b82c83fac8bca3679ebd68,cd3c4fcc0293decb3fe5d6cc2605c992fc0c5dcd0f600ee6608e2825c77d8613,632918f5574ef36eae00992e36f0eb80eff19f9e9ec2b71c69bcd646d9ba39f4,951f54537c9d712525b7192219966dd9e0c414c10e860a93366681be51ac2541,42555,44075,False,0.6023970246315002,0.3670630306005479,False,False
17,supervised,medseg_slice_061,evidence/notebook10_corrected/seed_17/supervised/medseg_slice_061.json,e7d5dc3844da03695ccb4ce294bf02d7db379a26d831090627fa9e3adfba63e7,6deb5ee0627e5581fc35f43720cacd11f4bdbf4ed6bb1340ef5438070445bc82,bbf0702ce21445037556a067d1bf37068bb54548a4966727ef043f469cb9947f,951f54537c9d712525b7192219966dd9e0c414c10e860a93366681be51ac2541,4687,4874,False,0.5151983499526978,0.3670630306005479,False,False
17,supervised,medseg_slice_062,evidence/notebook10_corrected/seed_17/supervised/medseg_slice_062.json,ce52fc08561c68419b7deb997e79ec8ab91cfdd65e5ad69447f65eb7c2b8b93e,4e8d39e256ff340b2a45f4378b868d050f22e607ca7b4f9a6e71f8712d4fa13c,dc8f4c9cc457314d60098bb0c456e2dc4218b60738e2a3842267a3275491f9fe,951f54537c9d712525b7192219966dd9e0c414c10e860a93366681be51ac2541,96840,95412,False,0.536516010761261,0.3670630306005479,False,False
17,supervised,medseg_slice_063,evidence/notebook10_corrected/seed_17/supervised/medseg_slice_063.json,ac738e2d5ec2f1c6d591fe5609c7faab6231d7cab3241fdad8cdd5b1e49c7f12,4889473fac3da948fc3f811865dc1c349fb522b402944f43b446c1ee77b07406,0320b041899e04d058c038a95aeff4bea21855601c95d8c594c5b98340615fd3,951f54537c9d712525b7192219966dd9e0c414c10e860a93366681be51ac2541,6164,6217,False,0.4683322012424469,0.3670630306005479,False,False
17,supervised,medseg_slice_064,evidence/notebook10_corrected/seed_17/supervised/medseg_slice_064.json,10c10a8793287a0013261e5689eb05920fd680b4578f903a0a459fbb7c671bb0,03fcb275fd8e2728d23b62183eda8538d6e5dbe04daf74037d187950ae5bb596,955049ab51da6f90f416b23df16f412b248bdd2b3c53c72e8b2cdd7eae44649a,951f54537c9d712525b7192219966dd9e0c414c10e860a93366681be51ac2541,2014,1884,False,0.3597432076931,0.3670630306005479,True,True
17,supervised,medseg_slice_065,evidence/notebook10_corrected/seed_17/supervised/medseg_slice_065.json,f7da82b4b3627f06fa5662e09a151723756b4e114eb60ce322e33fced5523b1e,78ced4fafa033d183d63214bde76d7ab4fe12dede9ac7b3ef9bc08b27b3571db,53898b8e6a6a7248adece18f6e849a6e8631cb6dcb75e61cf4bfb4dc7f5a725a,951f54537c9d712525b7192219966dd9e0c414c10e860a93366681be51ac2541,9949,10087,False,0.5187573432922363,0.3670630306005479,False,False
17,supervised,medseg_slice_066,evidence/notebook10_corrected/seed_17/supervised/medseg_slice_066.json,cd6d9e378ef292ce5d648b5ea976652f636d2a9fe048da0e9d6bf8c94fc9fcb3,90bd0e396d4496086e1a7832dfb230ed407815031b7fb6c08838557943d849cf,653a583532e9815284357c88c8cbf9aeb41c720dc93c5ec20ae0f65255c7110e,951f54537c9d712525b7192219966dd9e0c414c10e860a93366681be51ac2541,1304,1646,False,0.4491596817970276,0.3670630306005479,False,False
17,supervised,medseg_slice_067,evidence/notebook10_corrected/seed_17/supervised/medseg_slice_067.json,65223f8ab3e0141ebc9328c0ab7b6ecb9093a0842d34ed5b562ec5353b2b4bfe,da25e3994dce35c43bd05f586c032b0ab14e4a8288b55ca6abfce1f2be8ac0b5,6d9618b2e0e7979433199ef0d55cb9a3499d24eca94b839c32610d83de5d1b79,951f54537c9d712525b7192219966dd9e0c414c10e860a93366681be51ac2541,15016,15451,False,0.5418255925178528,0.3670630306005479,False,False
17,supervised,medseg_slice_068,evidence/notebook10_corrected/seed_17/supervised/medseg_slice_068.json,0dfb8e20c5f464af9175e578c61134bef5513d12967de0cbe14ac789eb2059ad,611d6571ef4fc4f7661ee81f2d9e7fc82e0b44519762e3126e58f974d314b6a7,f273cf0ffe9cc3d842840e8b8b23240395d3b60bda31b01f8288ec17e3afc437,951f54537c9d712525b7192219966dd9e0c414c10e860a93366681be51ac2541,16502,17219,False,0.6082351207733154,0.3670630306005479,False,False
17,supervised,medseg_slice_069,evidence/notebook10_corrected/seed_17/supervised/medseg_slice_069.json,4a48c283f6c93394cf7273d6212cc69e6bb6069aed552726da4c691addb93bc8,173dc9154cef478382c0b157519d6fee70353d4cfc9171dea449104af3d052f5,4f6c44987f7a403ddf21cdf78dc8c78eaa501e9c25d87df54048da561fec0831,951f54537c9d712525b7192219966dd9e0c414c10e860a93366681be51ac2541,36730,38167,False,0.6251057982444763,0.3670630306005479,False,False
17,supervised,medseg_slice_070,evidence/notebook10_corrected/seed_17/supervised/medseg_slice_070.json,345cbefe6c83ecd5f96949357988b48f75bcb08b6cf5151f5b13f4c22b48a602,4544eaa872af69cbed8988da4d5d0c3475e23a7aaf2b01fb97f10737d582cbb4,ff81a33c4bc2ae6c5cfc945ef528318ccdde74085882e78d1cf157b7d962f311,951f54537c9d712525b7192219966dd9e0c414c10e860a93366681be51ac2541,17094,16783,False,0.5895082354545593,0.3670630306005479,False,False
17,supervised,medseg_slice_071,evidence/notebook10_corrected/seed_17/supervised/medseg_slice_071.json,d29c25f32861338818ddc9d1ec18c04a4ef668a58656d9b548a0dc51d1a4b111,17e403ea17c691de6e3ae789596346f869afeb92512e5672a15e7d8abbb9267f,937a4c56d03bdc5305daf4289e807762c27cb2d8161119dc5fbf365aabd2aa5b,951f54537c9d712525b7192219966dd9e0c414c10e860a93366681be51ac2541,36412,36356,False,0.5638259053230286,0.3670630306005479,False,False
17,supervised,medseg_slice_072,evidence/notebook10_corrected/seed_17/supervised/medseg_slice_072.json,58c433704e667c2a6a682ccace008b306dd21fc3932cdfca98b01e40446989a2,2a410a9ac5ea84153d3c47b98dc566183b1b9979ab90f5c80a5d8f33642a09bf,0ee76fc17dfcee897fe17e10176044aa3f48031b5db0907d2e8bda0ef1c6dc04,951f54537c9d712525b7192219966dd9e0c414c10e860a93366681be51ac2541,28289,28740,False,0.5926225781440735,0.3670630306005479,False,False
17,supervised,medseg_slice_073,evidence/notebook10_corrected/seed_17/supervised/medseg_slice_073.json,2acc80394105d6bf7d541883d3fdb321c813973e7a64e288a207ae7b1daf73e6,18ed5ef2c0a1d1f7ac900b4f4b090538011062498178b1152a7a4ba447105dc1,80804c7cb6bc71865dd53253c76ec8c91fdd0e648831b87fd3d0480f990c6378,951f54537c9d712525b7192219966dd9e0c414c10e860a93366681be51ac2541,9388,9420,False,0.544330894947052,0.3670630306005479,False,False
17,supervised,medseg_slice_074,evidence/notebook10_corrected/seed_17/supervised/medseg_slice_074.json,1e0f4f35c9015f48fc24694fc9c72bdcec1a3b0c08155098b136a8a0ac53b710,d47587d79aa5ed20903af43972eaa5bc2bb401101ad705e138ded0a366077814,2b338e732d2c17af0ab9193031e34bf9ee21f65587f2dae7460ac1afab3757ec,951f54537c9d712525b7192219966dd9e0c414c10e860a93366681be51ac2541,3733,4174,False,0.5686108469963074,0.3670630306005479,False,False
17,supervised,medseg_slice_075,evidence/notebook10_corrected/seed_17/supervised/medseg_slice_075.json,590830bfd47687ff39c617e52ab89717beeb86a116aa373712b1b0f110fca77a,2b20e4b08b199c5775c6e26773d4702063487ca22eb3d447d8b6526848f9e38e,b56bd98add8359a8bd83749dc3765048ff0a34a0eb861c037bf39dc3b4485466,951f54537c9d712525b7192219966dd9e0c414c10e860a93366681be51ac2541,17367,17590,False,0.5735253691673279,0.3670630306005479,False,False
17,supervised,medseg_slice_076,evidence/notebook10_corrected/seed_17/supervised/medseg_slice_076.json,6f0795b5ab9271b68032072f83c99b7718059ebd06f28f42916e33f053bca187,1376dfdafb090109d5fe682f4105fd82e79722762cec0f8f008738cc4565f7a2,a3c9888ff35c902d9777c7af2c702280036c78ef5efb3cd5b2f660f6504a7436,951f54537c9d712525b7192219966dd9e0c414c10e860a93366681be51ac2541,43073,43264,False,0.5917711853981018,0.3670630306005479,False,False
17,supervised,medseg_slice_077,evidence/notebook10_corrected/seed_17/supervised/medseg_slice_077.json,99641b3c7cb2121368b35ced9c65c0ba8f3b7ce86d07b0b28bf17e9ac7fb2f96,fa404920c04ae68ad75b0b586d130242052bb7f5ed1f63fce55d47a0d9616ed5,e42ab212bf57c6ed917d9b0365a066e96c359f40eedf20d741017cba260edd3f,951f54537c9d712525b7192219966dd9e0c414c10e860a93366681be51ac2541,25053,25034,False,0.533950924873352,0.3670630306005479,False,False
17,supervised,medseg_slice_078,evidence/notebook10_corrected/seed_17/supervised/medseg_slice_078.json,4ef03c2335c7c4349006738a1b30f10ce486aff022361e959929d652244d45b7,1a23c315b6201c57f1853ae092ca71dfe151ccd85e520ab1b2a6e67f82232a72,52e85558fe9fbd2bbb6f7a476880ecb532dac1baf971b93c0543ba5e4c97dd44,951f54537c9d712525b7192219966dd9e0c414c10e860a93366681be51ac2541,22414,22774,False,0.5946829915046692,0.3670630306005479,False,False
17,supervised,medseg_slice_079,evidence/notebook10_corrected/seed_17/supervised/medseg_slice_079.json,d6824e4bd81293c1795869c951be774d51c6967d748d192f91e22c8ae8e10a1e,8dfcbcc7ba15437a9ff853a0f4a546a82e6bed74f0f1c527a423e61338bd0c8d,d018207e54fbd9dd8d165fdd7a2a8ef75405c7edd557c0f2664a1c1b18125226,951f54537c9d712525b7192219966dd9e0c414c10e860a93366681be51ac2541,37791,37064,False,0.5750704407691956,0.3670630306005479,False,False
17,supervised,medseg_slice_080,evidence/notebook10_corrected/seed_17/supervised/medseg_slice_080.json,502e5e415e1d8dbfe39436abce52a42e8b3d222e040231ecca7e4ba6fa8176c1,e9cd70df971fbe33f4bd19eabaf9bcd53a492a5d57da12dc7751e69fde173bf2,623dab6dc36c9e0368ae0fda54a8e782ba3bcf8201931ba3351bfa1e5be9e059,951f54537c9d712525b7192219966dd9e0c414c10e860a93366681be51ac2541,16484,16527,False,0.545066773891449,0.3670630306005479,False,False
17,supervised,medseg_slice_081,evidence/notebook10_corrected/seed_17/supervised/medseg_slice_081.json,053eb3eba1c299dbe0cfea6c680160be01572d4963ad80148a3344dc4719aac8,f15fb59625c42ab05fc0d719acc290fae7d8e54066e8197ec67b86a31cc9197b,0ae898c122036c2567dd3c401fcb2eee50b3bd3e84d0a5abb9b7b82a50e107cc,951f54537c9d712525b7192219966dd9e0c414c10e860a93366681be51ac2541,3748,3791,False,0.3759982585906982,0.3670630306005479,False,False
17,supervised,medseg_slice_082,evidence/notebook10_corrected/seed_17/supervised/medseg_slice_082.json,dddb287ef8d640c7473914f81aaa9ec2cf5dfd96d87565bb274266499443a589,52500249be87efa71b05d17360462f671f24acb04027fc9ad0779f281f27fe62,db22d7c775efa08601022ade5abc0e2b6f48cc56a50adee752c5398dc953966a,951f54537c9d712525b7192219966dd9e0c414c10e860a93366681be51ac2541,9916,9995,False,0.5384902358055115,0.3670630306005479,False,False
17,supervised,medseg_slice_083,evidence/notebook10_corrected/seed_17/supervised/medseg_slice_083.json,6bb07796e238afc6e70a25bb737345f4cb9c44c1bfbc27811f16c7f77c4eb79e,2777c02e05128caa1569850d49d834d41bd84e0238de401ba4f506df31b190e4,1c7f7e6dd55e308603db779e1b5bf2acda0b908065cfd96f33cdc272bbb99bb9,951f54537c9d712525b7192219966dd9e0c414c10e860a93366681be51ac2541,2506,2645,False,0.4088160395622253,0.3670630306005479,False,False
17,supervised,medseg_slice_084,evidence/notebook10_corrected/seed_17/supervised/medseg_slice_084.json,f878bb21ccc32b975b66a0cc94699788940d79b26c39d9b7fe03eb44693d651c,026775d2c8e50ecb200ecf1bff2de83e631bbfb47b6c1bb2929e1837a82ee0ba,768bc848bfddfc9b9a200cd2558840ba394fcc2c398d67a09cfc33b1f926365b,951f54537c9d712525b7192219966dd9e0c414c10e860a93366681be51ac2541,5914,6447,False,0.6069309711456299,0.3670630306005479,False,False
17,supervised,medseg_slice_085,evidence/notebook10_corrected/seed_17/supervised/medseg_slice_085.json,12718c40a22e5b0318c78aa68065d16c85d7ff4ae8a56122d3943668ba8153af,1a83cfc87b7827614338e7584e034e4825c6b00cdd79a264856ece86db71f76d,79b04c8ae90fd49b39d48ef42bb248484956261abde45211fa445155ea619c74,951f54537c9d712525b7192219966dd9e0c414c10e860a93366681be51ac2541,25021,25215,False,0.5532643795013428,0.3670630306005479,False,False
17,supervised,medseg_slice_086,evidence/notebook10_corrected/seed_17/supervised/medseg_slice_086.json,20e824ad4df764d986d72b07bcf2852425660ab0dcc18f4b812e5589f323092c,eb33c520222e906cd1928eaa6e641d93338b343871d22e726187ed3282bd7aba,02751851436d3f0f48ac23ba6f69cb26968790a00cca17abe2f333267dc27f1d,951f54537c9d712525b7192219966dd9e0c414c10e860a93366681be51ac2541,3943,4180,False,0.4576124250888824,0.3670630306005479,False,False
17,supervised,medseg_slice_087,evidence/notebook10_corrected/seed_17/supervised/medseg_slice_087.json,8d2ac0da4bfbaf5042642c801bc05e596793ead9fd6026e42355ab3247b331a5,71b6a3474ce9d3bc1f43853c32d7f0932cd49bb2026e8a48506c61cafc8a8ebc,1fc7dbbb3ba3044b7d4b9c7a3eb9f2c7a52e5a68b9cd7a921c36598c338e6b97,951f54537c9d712525b7192219966dd9e0c414c10e860a93366681be51ac2541,27783,26696,False,0.576825737953186,0.3670630306005479,False,False
17,supervised,medseg_slice_088,evidence/notebook10_corrected/seed_17/supervised/medseg_slice_088.json,72dbc76a064fa645c5cb2e1f302a9fc5e38cadb5b8fdace5ba6898aeacb88606,54f628ad7ccb3bce4073d076c72f44ddc628531a007a24e42353f5e48de59b77,ed395c3e81e08fecfe2fd081149db5f23408eddd353908d9efeb84d1e25fb0f9,951f54537c9d712525b7192219966dd9e0c414c10e860a93366681be51ac2541,14606,15467,False,0.5961079597473145,0.3670630306005479,False,False
17,supervised,medseg_slice_089,evidence/notebook10_corrected/seed_17/supervised/medseg_slice_089.json,7adfbd921457675e02ee96bda5b9ed29d7a51e71f34f340a13a010f7efb3d8fa,4b2b14bd7faa5bedfa75db01c2d28d18a8c76b3cf9a160f6ebf5680d2f2f117c,08aec40089bdf5cf0b643564bea55131153a54eb4b44d38a4db29a9cfe71b4dd,951f54537c9d712525b7192219966dd9e0c414c10e860a93366681be51ac2541,795,850,False,0.2644586563110351,0.3670630306005479,True,True
17,supervised,medseg_slice_090,evidence/notebook10_corrected/seed_17/supervised/medseg_slice_090.json,cd5209407e48c69be16dcf08fd5fc3fdbe15beb8c7d19d8a417605f237e63d8c,381278d48cabda98d106bc4223d81ce6f2d668949b128abab3387d5b0a0b20c2,1c28e2b4d2a25d5e833a7b08329f29653061dd91015f85fe1552d55dce3ecc92,951f54537c9d712525b7192219966dd9e0c414c10e860a93366681be51ac2541,11904,12948,False,0.5926680564880371,0.3670630306005479,False,False
17,supervised,medseg_slice_091,evidence/notebook10_corrected/seed_17/supervised/medseg_slice_091.json,e8ade3d4c5f1c3632536d226cacff8105481f082f3c48016f4e8ebec262e0628,2e2ed6c8129cab6f77b3a56db9159a0dff3c09a402040bb88e812f085f409d40,0570e04140a912d33f83d3f87e40b89226cac9e5e1fe60b7fea3304eda78897f,951f54537c9d712525b7192219966dd9e0c414c10e860a93366681be51ac2541,7644,7575,False,0.5102074146270752,0.3670630306005479,False,False
17,supervised,medseg_slice_092,evidence/notebook10_corrected/seed_17/supervised/medseg_slice_092.json,6f98dcc76aaf77e6d5c355f4c0e139f06c4ad6a5f942c7ab824bc20d8da91bbb,ac9d67f83b27a9bc11ecb219be66336dd29a551c2339ff613706a508abd07055,86281eb1d74f37fb680feafc42588f412844a7abfb0f61924808faf059d5b79b,951f54537c9d712525b7192219966dd9e0c414c10e860a93366681be51ac2541,15522,16150,False,0.5776258707046509,0.3670630306005479,False,False
17,supervised,medseg_slice_093,evidence/notebook10_corrected/seed_17/supervised/medseg_slice_093.json,99ee7a10014dc436fa0c5bbf38c02588ca2b5f6feb17aee627c605edaa8d99fe,8f6e71b6a69bbc05e72f804af8ab24b635370f68ec0717e225f526e30f5aa356,fc498815cf205f62e28ea554fd4872ccd2c44b56995584cf84c0484c6027ea7c,951f54537c9d712525b7192219966dd9e0c414c10e860a93366681be51ac2541,5991,6156,False,0.5327020883560181,0.3670630306005479,False,False
17,supervised,medseg_slice_094,evidence/notebook10_corrected/seed_17/supervised/medseg_slice_094.json,3fdf3bb452940e27a05bff11648ebb7f1d35fdf1c3d22ea8b1fa7d63968fd8a5,8f2050855ab04c9d92c01af93d2378678f9114fbdf6a7dd366696fd11fe1c9e4,3c5057f3163d61acdab2a365940cc1473d1315d49fc834cdba6d6b486234e167,951f54537c9d712525b7192219966dd9e0c414c10e860a93366681be51ac2541,7023,7737,False,0.6032339334487915,0.3670630306005479,False,False
17,supervised,medseg_slice_095,evidence/notebook10_corrected/seed_17/supervised/medseg_slice_095.json,00c0000dcc7f08d7dabadbf75eb15218d8ab1e9be4d2602854cc468c06a638f6,8dd47a71fdd1fc0ba9e75076db4c871e78590540ede0109fd6441a70e10e30eb,aaa7c753ec1ff88026494dd9eb0b3caaa2a620b69412e6b3c1adbf42f2a17f07,951f54537c9d712525b7192219966dd9e0c414c10e860a93366681be51ac2541,9090,9504,False,0.5255406498908997,0.3670630306005479,False,False
17,supervised,medseg_slice_096,evidence/notebook10_corrected/seed_17/supervised/medseg_slice_096.json,c3b73d4d406ace762907bb2c6bd1ca22d296bfd04f93c010521d3b0ff687f98b,2dc2cfcafe292992cd5b95eb0d45a0cb75805f3dc41e36949537fd1251d26a76,a7a809e08c4dcfdc3fb1d6012b87214abdb07344a18786a985829aef5a4bc400,951f54537c9d712525b7192219966dd9e0c414c10e860a93366681be51ac2541,44154,45515,False,0.5814242362976074,0.3670630306005479,False,False
17,supervised,medseg_slice_097,evidence/notebook10_corrected/seed_17/supervised/medseg_slice_097.json,04de532f7861b6887c94fb42e311005ba48dd4b08276d064893d587412a6c298,804ba71bf2ef9fabd78bf16e9e974e7b517c29651650e25d742d5d7f390448d3,a3caa7dd4299e599dc3487edbb365347d9b0402a8b58e13eca48d8c6af0c69c1,951f54537c9d712525b7192219966dd9e0c414c10e860a93366681be51ac2541,5476,5455,False,0.4518302679061889,0.3670630306005479,False,False
17,supervised,medseg_slice_098,evidence/notebook10_corrected/seed_17/supervised/medseg_slice_098.json,eadeb326b78e84ab029750e033de8d9e8a47e6bdfa64d7ffe6335dde6da2aacb,5cca738fe3754447379d593b74b1630e47b03422bebe1952646b90f0dfa17104,325e49f2a6f9f03f8aec674c4a9beaa672fc606ab63471e10138c73c1ad91bb9,951f54537c9d712525b7192219966dd9e0c414c10e860a93366681be51ac2541,40581,42024,False,0.6213219165802002,0.3670630306005479,False,False
17,supervised,medseg_slice_099,evidence/notebook10_corrected/seed_17/supervised/medseg_slice_099.json,e4167dee743e82051de28cbb4ae41cb54db16994852aaad8a992e882da298374,451ff5a5de6e98464e9a72f2053fda7c31ad6cc8ce01f49f8072529ad90cb9c6,c4c862ec1ce1f17bb621548de9048fa6b2ee34ce35a15a74ae9e545d91c0c8a8,951f54537c9d712525b7192219966dd9e0c414c10e860a93366681be51ac2541,12460,13112,False,0.5922108292579651,0.3670630306005479,False,False
17,confidence_only_ema,medseg_slice_000,evidence/notebook10_corrected/seed_17/confidence_only_ema/medseg_slice_000.json,e2c94eaf6d6d83bf8aff9652a5ebf728e4f75db4778110e100172a67650c3d44,b44ef2c7f8ff2d4eb46c0358fc7d75bae4affa13021f6dd0c440db145c48ccb0,d7b5bfde4abcc9ba56cebb5443c8efb939ce4f66fcab97dfc5de8c023708b675,6442561030cd15ca0f22a01a7dd0c3074829cae480cc632cf225e97cfb33d2e0,37794,38266,False,0.5586304068565369,0.3622264176607133,False,False
17,confidence_only_ema,medseg_slice_001,evidence/notebook10_corrected/seed_17/confidence_only_ema/medseg_slice_001.json,d7e0fa9d6231bfa1d31f1e192a42d0619852635aa3ec293f892a52c2bc1f8d64,e571d08ce7190f80e9e3f0f84a27cf9107c39bd2c66aeb08b9a4f8ff05ec421e,0797db7b5233c61dbe561e1444c4c5ea4334d3f70ac63974b4e1bb4027231043,6442561030cd15ca0f22a01a7dd0c3074829cae480cc632cf225e97cfb33d2e0,49230,52608,False,0.6635137796401978,0.3622264176607133,False,False
17,confidence_only_ema,medseg_slice_002,evidence/notebook10_corrected/seed_17/confidence_only_ema/medseg_slice_002.json,2a6034a17b590e9fc84446c9ae4e68b9e60c79148e2bd423f61cd7e54ad7f4b9,a83a4c0bde6cf92d6f78db7564887bf2d0607df421c52476525fd532e6ef2111,48beb2ff86805c5f2772735805567dc667913a7f5b655b8e9413b78c9fdb05a1,6442561030cd15ca0f22a01a7dd0c3074829cae480cc632cf225e97cfb33d2e0,787,820,False,0.1760111153125763,0.3622264176607133,True,True
17,confidence_only_ema,medseg_slice_003,evidence/notebook10_corrected/seed_17/confidence_only_ema/medseg_slice_003.json,2fde5e069ef9a850e4e1f74759dec37a4daa8d1797fba84ef9d9a9c5e321ff05,6a05e0202644ff0edc9e7d0117462f77b7f7be072d7c67cc0b9a83fbf9c2712b,58a62903284d3988d6b30e61284117af8b5e3733295c6a07296288a2897e5bb3,6442561030cd15ca0f22a01a7dd0c3074829cae480cc632cf225e97cfb33d2e0,14858,16209,False,0.6457517743110657,0.3622264176607133,False,False
17,confidence_only_ema,medseg_slice_004,evidence/notebook10_corrected/seed_17/confidence_only_ema/medseg_slice_004.json,b58b088533b1b1f0737685ed7bfefaf22f861b3e630fa9c0ca1fa6c33d134c3a,b3908a7a85943e8479c7be67e3b63e7952cc8d635f288f687d585f77c8dc14d9,956f2197c74deb568b7f82da6e130661fbad85bda1331b9644a17392f53916e0,6442561030cd15ca0f22a01a7dd0c3074829cae480cc632cf225e97cfb33d2e0,11281,11934,False,0.5851255655288696,0.3622264176607133,False,False
17,confidence_only_ema,medseg_slice_005,evidence/notebook10_corrected/seed_17/confidence_only_ema/medseg_slice_005.json,ec62c0d0b1141e06be2fe6b1dab3ac46dacdaa32d5242625fcc8558c3a60de45,af2ad96bbf24e5a6cc75e151b4307234ab112e13a0fe54710c994a93d64d5c10,7d62f4c93d2720da0f7906b4e1bec956de2c3cecd789ec029810afa5290a4f6c,6442561030cd15ca0f22a01a7dd0c3074829cae480cc632cf225e97cfb33d2e0,4238,4379,False,0.442218005657196,0.3622264176607133,False,False
17,confidence_only_ema,medseg_slice_006,evidence/notebook10_corrected/seed_17/confidence_only_ema/medseg_slice_006.json,bb87b37aa804e947c502c7eb0a746aa622d29271480f8f0d7872c66d347d2c0a,516fb37f4234a91e854eec43b160b1096141be8f4f0c53f02f0b132efb09c542,426362f1ccf482f8d63439c14a2a9b4ec80e21807ad6baa4bb4375b4a0ba0926,6442561030cd15ca0f22a01a7dd0c3074829cae480cc632cf225e97cfb33d2e0,7558,7834,False,0.572974443435669,0.3622264176607133,False,False
17,confidence_only_ema,medseg_slice_007,evidence/notebook10_corrected/seed_17/confidence_only_ema/medseg_slice_007.json,3edbcb4d211f206f5eaedb92341f30fe2fa3c857d311acf9e80a6f91184c1ed4,da68396b1640a1b722af4808aa8ff224ca07504b8deaaef2fbf4ee008a8140a5,57177587cb48081eabc1d90a7fd4745c37fedfd66bd6496b75641c55bb8637bd,6442561030cd15ca0f22a01a7dd0c3074829cae480cc632cf225e97cfb33d2e0,47309,55057,False,0.7141280174255371,0.3622264176607133,False,False
17,confidence_only_ema,medseg_slice_008,evidence/notebook10_corrected/seed_17/confidence_only_ema/medseg_slice_008.json,bd298eac5a12c6972acda984fb8fe8ff21a425eb9f5ae43b0de901fb5be66e03,79465d5cc370a5be742d3599d594e51e01467820a2b97d21490e63e9e6e0de52,ed8a1459814457e8a93d44f795d96bbef04fa4b6ab2e6e30d3dfd2669594fadc,6442561030cd15ca0f22a01a7dd0c3074829cae480cc632cf225e97cfb33d2e0,55051,55819,False,0.5884473919868469,0.3622264176607133,False,False
17,confidence_only_ema,medseg_slice_009,evidence/notebook10_corrected/seed_17/confidence_only_ema/medseg_slice_009.json,5134293f753bc75e02d950678d3824b2b2d04e0345ce5a41a13d6cb0ae0cdb54,8126b2e2bc2ec9c708eaacdf05ca723f53a114c9bd3790b191d140cb105b1ffb,407046201a7e65f4d23c5b9f751350eacd5b477e10c7768fca2a2961c09756c7,6442561030cd15ca0f22a01a7dd0c3074829cae480cc632cf225e97cfb33d2e0,28106,28687,False,0.5667105317115784,0.3622264176607133,False,False
17,confidence_only_ema,medseg_slice_010,evidence/notebook10_corrected/seed_17/confidence_only_ema/medseg_slice_010.json,e0ddb4ce6682976ee5a40c977d6e2e53f221adafefad222a6dd152c327eac346,a8b1372d3fb351e2e26b8e6c40100f02cfdf03b5a8a094c406d80dcce17de21e,6690cc58d676f8c9329ad7ddfd9d3c4cfca7b4d60f395d79ab275f58953d275e,6442561030cd15ca0f22a01a7dd0c3074829cae480cc632cf225e97cfb33d2e0,15938,16134,False,0.5874523520469666,0.3622264176607133,False,False
17,confidence_only_ema,medseg_slice_011,evidence/notebook10_corrected/seed_17/confidence_only_ema/medseg_slice_011.json,b05f790a6d1dbac33245888d71818440c9b6c516b3addff0fca8d1252b744759,941d1b91ce054ba75f295f8a8809a50a04d261a7952e8dc22e0046478ca93d69,63f4eeead729ec01def228210f789ad8a0255a66ec03c28088ab78f507f2fa5c,6442561030cd15ca0f22a01a7dd0c3074829cae480cc632cf225e97cfb33d2e0,11594,12627,False,0.5924873352050781,0.3622264176607133,False,False
17,confidence_only_ema,medseg_slice_012,evidence/notebook10_corrected/seed_17/confidence_only_ema/medseg_slice_012.json,0a6e12c13747235c3b2971b8f8a4b5d0418ce1e9f9d6c91579605d519320c340,f22d417a5fbbd9ed5644a3b7fc1e13bdde3df2c88d30bb9439dd1bdf56e5d05c,a7834f3547898c57e48ff095ad9270dc335c961feb6aaa783fb1f046e9406083,6442561030cd15ca0f22a01a7dd0c3074829cae480cc632cf225e97cfb33d2e0,16440,17333,False,0.6133745312690735,0.3622264176607133,False,False
17,confidence_only_ema,medseg_slice_013,evidence/notebook10_corrected/seed_17/confidence_only_ema/medseg_slice_013.json,b2ffffdeac78c92d9bd87416b89bfb82519c19adee482bbe6e70afb408d8729d,dea377d9f46f5a3fe79292ddf7ad5196236298876d42cfe2a51e2ee17c5c3924,f978f67f6b5b35782e811f1b04f97a0af6f5dbcbd73fc2f8fc33018dc24aff09,6442561030cd15ca0f22a01a7dd0c3074829cae480cc632cf225e97cfb33d2e0,20099,20520,False,0.5760362148284912,0.3622264176607133,False,False
17,confidence_only_ema,medseg_slice_014,evidence/notebook10_corrected/seed_17/confidence_only_ema/medseg_slice_014.json,2bce050f166a756809cbadb86858573c4f3c7048c64734dc7a47eebecaeb7337,8f139089de3c9bc56ebed8b37af5167f32660014f2d19599d91a34a6c4f27161,b298432d21a699cd2cbb4f44d629ffa6b0e46e45e9edfc6714d1672fe4def953,6442561030cd15ca0f22a01a7dd0c3074829cae480cc632cf225e97cfb33d2e0,14857,15469,False,0.607089102268219,0.3622264176607133,False,False
17,confidence_only_ema,medseg_slice_015,evidence/notebook10_corrected/seed_17/confidence_only_ema/medseg_slice_015.json,48b9f4cdf4518cdfeb37c1fd41bcc48296ec92d65b6c843735cd46d57b85aa57,582b5ca7348736a56bc23f381b5a0e3cac5862102bc2d6fde657e6e75a6f710d,f35d95e221305d79bf3b55d325ee1a2fb7e0eda05bc7bab366feff93eb676e14,6442561030cd15ca0f22a01a7dd0c3074829cae480cc632cf225e97cfb33d2e0,23902,25233,False,0.6554121971130371,0.3622264176607133,False,False
17,confidence_only_ema,medseg_slice_016,evidence/notebook10_corrected/seed_17/confidence_only_ema/medseg_slice_016.json,cc2075529b57ad7f82643179c7cb5923a8281f2061ca8980c2d211e6f9bbd998,fdc4a85404bed33b5dfd484fe4fd1969f30a7cbf7fc988790259cdf9c7644654,8fe201d02dca5614fb9e505d3c5e7cdf36a501398f53a142dc26d278a7048686,6442561030cd15ca0f22a01a7dd0c3074829cae480cc632cf225e97cfb33d2e0,3957,4068,False,0.4537036120891571,0.3622264176607133,False,False
17,confidence_only_ema,medseg_slice_017,evidence/notebook10_corrected/seed_17/confidence_only_ema/medseg_slice_017.json,c19467c8978043a3be41065bd12258e35323d0063908786ccb272a06d0dcf799,7775c778bdd582ab20aa3afc83ffd03773fb40a232562bc402343fc1e693ecd6,d25fe6569ad7487f6a33acb97a3fc0821478419d71de20191865519bac3ece25,6442561030cd15ca0f22a01a7dd0c3074829cae480cc632cf225e97cfb33d2e0,9550,9685,False,0.5489885807037354,0.3622264176607133,False,False
17,confidence_only_ema,medseg_slice_018,evidence/notebook10_corrected/seed_17/confidence_only_ema/medseg_slice_018.json,5bf807d7c5e978dbb9c86e967c0e9e05778591ddc2b5a434bb97d221a8174af7,56deb1aeba7d7848cec70b0c7e0e55fd875b43962ca976c935bc90ffaba047ce,b25adf73e47357a46913b23e0cb7ad397e2aa07c30c845c69443ae4a3004e841,6442561030cd15ca0f22a01a7dd0c3074829cae480cc632cf225e97cfb33d2e0,12850,13189,False,0.6088846325874329,0.3622264176607133,False,False
17,confidence_only_ema,medseg_slice_019,evidence/notebook10_corrected/seed_17/confidence_only_ema/medseg_slice_019.json,3db1738ca5edfab656384f58d0e075b01c03f5dc6f1a6cd24f5f31a94bade333,5350c75b58c51fd8d7e962094df0b534d4ca835998c419e0b1cf02bd6bc530ff,fce45b3fc3ba813753bdb94596707456f86097b77e951e7b74331c4a9cbc3ed2,6442561030cd15ca0f22a01a7dd0c3074829cae480cc632cf225e97cfb33d2e0,43988,44022,False,0.5699506402015686,0.3622264176607133,False,False
17,confidence_only_ema,medseg_slice_020,evidence/notebook10_corrected/seed_17/confidence_only_ema/medseg_slice_020.json,c7ded8354801849863afa32e29c2c20d1e6a61b32fa2eaf3fd21b6a768158a27,18b4eaa7ad5b66d486f8b995ccc6f893216f79cee8783310444dd7d5c8d9353d,98f4894bcc18cfd55706db84e715300f5789abdf1086843da93808ce9d406007,6442561030cd15ca0f22a01a7dd0c3074829cae480cc632cf225e97cfb33d2e0,7830,8421,False,0.5820102095603943,0.3622264176607133,False,False
17,confidence_only_ema,medseg_slice_021,evidence/notebook10_corrected/seed_17/confidence_only_ema/medseg_slice_021.json,5ca9971e91cb2c4598426a31bc3df34ded384d68484e308a858a35dfe5211549,81aa23526708a85a4a1d06f3b6881b609b51f7d5f585ba6d81a869615d98c475,7e0b3b81c13f6c9665454ae85d6cb9e994089332a223ff612ad408aea5b681d6,6442561030cd15ca0f22a01a7dd0c3074829cae480cc632cf225e97cfb33d2e0,15966,16831,False,0.6923445463180542,0.3622264176607133,False,False
17,confidence_only_ema,medseg_slice_022,evidence/notebook10_corrected/seed_17/confidence_only_ema/medseg_slice_022.json,bb61786e221188e0574404d50086be070b2845a5ccd4730932bbbf3481272124,64ee0cbad7d15a836dae2c915c0907accbad8d9ce932dca1a347e449c8125b63,2ead18f80146f6f6be7051440891e94cdfcfa55a127ae0b1e58728cdaad5cde3,6442561030cd15ca0f22a01a7dd0c3074829cae480cc632cf225e97cfb33d2e0,7321,7990,False,0.8177897930145264,0.3622264176607133,False,False
17,confidence_only_ema,medseg_slice_023,evidence/notebook10_corrected/seed_17/confidence_only_ema/medseg_slice_023.json,a060be7ba84f25950ade26fac4be3bf722dd712d9c54afd3a220edde5a486f5d,9af7705482ff778f22df10e76dbde4bab2e80cf71faffcd88908b3e60e8c8d49,6dc7cfa6b26438512486cce55cb1914f2f3c12b6d10a65422058a1402c203be0,6442561030cd15ca0f22a01a7dd0c3074829cae480cc632cf225e97cfb33d2e0,11626,12008,False,0.5541001558303833,0.3622264176607133,False,False
17,confidence_only_ema,medseg_slice_024,evidence/notebook10_corrected/seed_17/confidence_only_ema/medseg_slice_024.json,e0dcbdca2dd57a566c057d56d23867ae48d87358ed95f655cbeadd0bf19dbc44,ab8bc522616ae39913d84db14bb5d7e8ea6c3286e016cdb6b4d038bc66e6df9a,4bc64a6171d691ef38795728195e673411e24c96ad58a27c956348c0e89c994c,6442561030cd15ca0f22a01a7dd0c3074829cae480cc632cf225e97cfb33d2e0,4304,4308,False,0.5022713541984558,0.3622264176607133,False,False
17,confidence_only_ema,medseg_slice_025,evidence/notebook10_corrected/seed_17/confidence_only_ema/medseg_slice_025.json,c4406f8e279595c8598c8365fe6cd65e197aa1b703fba1b224003ac18ea20aab,2f45dd8fe78fd78812c326ca9449b33ae769db450dca0469ed15a41ef19d46d0,12f1bcf21747a217f50a39920c5c0b5367095be6ed5c822be45e3945c90a6f4c,6442561030cd15ca0f22a01a7dd0c3074829cae480cc632cf225e97cfb33d2e0,30343,31095,False,0.601861834526062,0.3622264176607133,False,False
17,confidence_only_ema,medseg_slice_026,evidence/notebook10_corrected/seed_17/confidence_only_ema/medseg_slice_026.json,9b2e578683c97000174428d0a757bccd37ad6a61ab853de8a7954382fa0417f7,6e134155fe1a0ddb2e32d25c2b36e4dfe6b57d525f22bdbebac02edfe0f7681e,1f1fb689c7c2321297be4d2d31d2e27107c4dcaa9795042a02dbc04647d24e6a,6442561030cd15ca0f22a01a7dd0c3074829cae480cc632cf225e97cfb33d2e0,8533,8549,False,0.5633676648139954,0.3622264176607133,False,False
17,confidence_only_ema,medseg_slice_027,evidence/notebook10_corrected/seed_17/confidence_only_ema/medseg_slice_027.json,df3e7de9a11b91e595c5946b1eb4c78760d9f8c7f73ee52d88c228d1359eaec4,c8eaf82c83154dd8158c7e1a0e512bae8f17583b66170cd7ed653d0138faa54f,cbc5d27ff935d6e488b162d707d4a1cf2800c6c4c81f5d13015f02cfc3105375,6442561030cd15ca0f22a01a7dd0c3074829cae480cc632cf225e97cfb33d2e0,6833,7230,False,0.617077648639679,0.3622264176607133,False,False
17,confidence_only_ema,medseg_slice_028,evidence/notebook10_corrected/seed_17/confidence_only_ema/medseg_slice_028.json,aaad8e5a0ef926d27f52f3a522e06ab789f0249d0a9b49287aa511c57d3f2211,a27464836bd308a475a125fa843754a105e600bb2ad4b812edd6f5a56d1aa211,76b3744912ae95a1539ba0e90fb4e07099668b153d53135d0e5d6ef829e4f519,6442561030cd15ca0f22a01a7dd0c3074829cae480cc632cf225e97cfb33d2e0,13514,14107,False,0.5921280384063721,0.3622264176607133,False,False
17,confidence_only_ema,medseg_slice_029,evidence/notebook10_corrected/seed_17/confidence_only_ema/medseg_slice_029.json,4590c431ff9e1e441684bc4648cd7a87441183323273f129067752a29e00513c,33f8db11afe1c7eb5e6b62468eba9718dec4c8c697e2bf6bd50db334f5d41501,23108feaa655151f8866e4cd315d838da6b84ae41abbc0044e7912b567dd833d,6442561030cd15ca0f22a01a7dd0c3074829cae480cc632cf225e97cfb33d2e0,51718,53983,False,0.6275151371955872,0.3622264176607133,False,False
17,confidence_only_ema,medseg_slice_030,evidence/notebook10_corrected/seed_17/confidence_only_ema/medseg_slice_030.json,150c2e8c030d2f05f2d31d3aa6f45b1a90db36d06d18743cb1f53a67e3bdc72d,6d1c3d9a2f370934ad345b4a33296a76f85147d0dec6a96b636c1d011b4dda94,17cdcfbf134aec4777fb9a031231e9af9c65c0c99d4ab2e388a789bfd2841761,6442561030cd15ca0f22a01a7dd0c3074829cae480cc632cf225e97cfb33d2e0,26539,25446,False,0.6009278297424316,0.3622264176607133,False,False
17,confidence_only_ema,medseg_slice_031,evidence/notebook10_corrected/seed_17/confidence_only_ema/medseg_slice_031.json,6408447f31b9e5ac73895f3e317d48f0ea33090688b4205f0dc7d1a54cf2d7ab,991cb01759b8dbda7afbd6424ced95443902778d16681e21b293708db7fd55e8,10f89195adc853adb3138b763f05a058fd09fe9aa77fc5ead3c60f8db51a0de0,6442561030cd15ca0f22a01a7dd0c3074829cae480cc632cf225e97cfb33d2e0,17557,18533,False,0.5916196703910828,0.3622264176607133,False,False
17,confidence_only_ema,medseg_slice_032,evidence/notebook10_corrected/seed_17/confidence_only_ema/medseg_slice_032.json,679fa27c333bd28a4f648a95bca085d6b2eb0ec55cdf0d18eb09fc757895942f,f292b8fdbbbc83332748ca351fa281ae14bfbd711d6a17a3f2ee9803d38e7c6a,92221f012706ee028dd91057bb7689ca3e1e4ee25d240d51271c0d307eec4275,6442561030cd15ca0f22a01a7dd0c3074829cae480cc632cf225e97cfb33d2e0,57372,57263,False,0.5481030941009521,0.3622264176607133,False,False
17,confidence_only_ema,medseg_slice_033,evidence/notebook10_corrected/seed_17/confidence_only_ema/medseg_slice_033.json,4d6996da8fbe46d1dd3c1c385131e40f76a370e107913fe6297a472dbf143ba6,4bdc25659921942b0073cc584192a52c6246d92a61d9eeb454dc05f7e9ccbdbc,a988527ab139564d99b665166471a984675fe95d6a68cebbcb454e8ce4665e0b,6442561030cd15ca0f22a01a7dd0c3074829cae480cc632cf225e97cfb33d2e0,4546,5217,False,0.6255573034286499,0.3622264176607133,False,False
17,confidence_only_ema,medseg_slice_034,evidence/notebook10_corrected/seed_17/confidence_only_ema/medseg_slice_034.json,0e8ac7667d20a0bf49930a734a496a06dfd47049424d76a1834def7d7cc181b5,fa92ecb25062aa754d4d9a19e5ee08d7253265278db40d20103165636e62d96f,97590c6e0d1e45eb0405ba9f71a64ce847f5a5e1747beebe4cad9e8b84f4afe4,6442561030cd15ca0f22a01a7dd0c3074829cae480cc632cf225e97cfb33d2e0,15585,15104,False,0.571484386920929,0.3622264176607133,False,False
17,confidence_only_ema,medseg_slice_035,evidence/notebook10_corrected/seed_17/confidence_only_ema/medseg_slice_035.json,a2e97c0117ed299e556d7e45e31debaa5a7842022983cd67d7194bbd6e2a9cfd,d20e77f5482d23ee3df3b2b3003d51c3aae144d1c4f8c557cd4c6b49e07dacbd,2fabfe46b53cd9b48e41c47ab9278c2583af511e94de787824f6f213173633b1,6442561030cd15ca0f22a01a7dd0c3074829cae480cc632cf225e97cfb33d2e0,14552,14643,False,0.5121135711669922,0.3622264176607133,False,False
17,confidence_only_ema,medseg_slice_036,evidence/notebook10_corrected/seed_17/confidence_only_ema/medseg_slice_036.json,be1b8b1990922ce83d297024e92abbc994699a41c9644895522ad7db54bd9fd7,615ede383872d94b4a833ee952ccb931871ed330c0a519daf35f47f5996e83a0,93f0d2a95c516959e3fa86af2b9e5d8ef31c8b90fede66ba2d3ee65bdc3b44b0,6442561030cd15ca0f22a01a7dd0c3074829cae480cc632cf225e97cfb33d2e0,16105,15924,False,0.6307980418205261,0.3622264176607133,False,False
17,confidence_only_ema,medseg_slice_037,evidence/notebook10_corrected/seed_17/confidence_only_ema/medseg_slice_037.json,35137c4bd67553a78fc0fad84a783379065f9fba12d63304af5ddcc7fb0f326e,7dea0c2ba5c3bcf88de9c78871733bac5d9af9a1c6847872d8d9ebc9f2c53456,1afdae2bf9035360f8f5fb070a3754e4a6522e34e7bad53eb93d4fd3037d07e7,6442561030cd15ca0f22a01a7dd0c3074829cae480cc632cf225e97cfb33d2e0,15717,15833,False,0.5689828395843506,0.3622264176607133,False,False
17,confidence_only_ema,medseg_slice_038,evidence/notebook10_corrected/seed_17/confidence_only_ema/medseg_slice_038.json,e2ad70f5705e2a07f718bbca86ce60b4631ce8edfdaf0211208c09b48ca3b926,86b5cc9a8600d01a664a40c852886ea6364e258a1b2bff81eb7256b62c297e0e,80ef0d4380e0006c57fb2a46daef7c220864a8d535e8ec786b965699066b8e8d,6442561030cd15ca0f22a01a7dd0c3074829cae480cc632cf225e97cfb33d2e0,15684,16605,False,0.6939277052879333,0.3622264176607133,False,False
17,confidence_only_ema,medseg_slice_039,evidence/notebook10_corrected/seed_17/confidence_only_ema/medseg_slice_039.json,b547accebb68b0714db34fae119e1cf1e1b91af606f4fce829737e7ac4b7b08b,0fcf785cd38185d0d087ef0ffadec9a1d66e67ed54e57ee1dd04a21f0ebab134,96e125b8cccee9a67aac856aeb694e67d6c4b9d42fe6b76ef470c47dafd5fe1c,6442561030cd15ca0f22a01a7dd0c3074829cae480cc632cf225e97cfb33d2e0,56715,56444,False,0.5852819681167603,0.3622264176607133,False,False
17,confidence_only_ema,medseg_slice_040,evidence/notebook10_corrected/seed_17/confidence_only_ema/medseg_slice_040.json,b162ee53618440424803ff4ca2e77451a065df73e0b6fa1a7cd8a6a7195010e6,6c78bdd3cbbd2242af2d95d81389bf5a7ee7c6567a18829785e3b39d8afffb6d,9e8d60e30f490ed24f2331ea7781093ed6b4697e2ca7016690c206ecb58438c0,6442561030cd15ca0f22a01a7dd0c3074829cae480cc632cf225e97cfb33d2e0,6320,6631,False,0.4789812862873077,0.3622264176607133,False,False
17,confidence_only_ema,medseg_slice_041,evidence/notebook10_corrected/seed_17/confidence_only_ema/medseg_slice_041.json,2ce63839bb9ee66f7b07c12d0146e21e7f4849e6db510b72dfb209df871fa843,9c75b70c6327bf6e31fa3135b9fb0fcf3ca9fc30aa896550f0a942436f56e3db,e5b4edfd7a1565e4e1ccce98f06614326a3041959b8a7951cfaad6ec2654fb6d,6442561030cd15ca0f22a01a7dd0c3074829cae480cc632cf225e97cfb33d2e0,27534,27636,False,0.5378395318984985,0.3622264176607133,False,False
17,confidence_only_ema,medseg_slice_042,evidence/notebook10_corrected/seed_17/confidence_only_ema/medseg_slice_042.json,f547b8fed1d251e0a125e67d89ee55cb3e6fd4b797fea0c2548bf18575335678,0cc526956ec56831244b119eef0c69ac7ca108b7c0a3ea2dfa55bf5f2d6d3163,0f4f881c5944b65ea2c17fd6ee3ebd87a922f15b247d34c3389499e663886a57,6442561030cd15ca0f22a01a7dd0c3074829cae480cc632cf225e97cfb33d2e0,24496,24817,False,0.624860942363739,0.3622264176607133,False,False
17,confidence_only_ema,medseg_slice_043,evidence/notebook10_corrected/seed_17/confidence_only_ema/medseg_slice_043.json,88f087fcff5e8416ee5e399ed4fdf8956594560ff3da4811a09873fb363ee6eb,46432f1b9e86148c029fd9a47a636c704041b9b36fa269c4e95a0377b73f6574,ee24435cf554e747405d0cbf5a49561cd96b96b3c550db3b5304598451ab464f,6442561030cd15ca0f22a01a7dd0c3074829cae480cc632cf225e97cfb33d2e0,15071,15176,False,0.5796435475349426,0.3622264176607133,False,False
17,confidence_only_ema,medseg_slice_044,evidence/notebook10_corrected/seed_17/confidence_only_ema/medseg_slice_044.json,3ea6ffc02e75824654fc760658e80c55da83423e99db5e3ec796f12bddd52a09,62327805fe0bdcfca5d4229bdfd4d6ca113527e54d34b52fbb84daeae6649cff,b086a8f527e68b608af0a83537eed7a85bf5a997f847dad3f9fc7156ba59649b,6442561030cd15ca0f22a01a7dd0c3074829cae480cc632cf225e97cfb33d2e0,5423,5465,False,0.5038342475891113,0.3622264176607133,False,False
17,confidence_only_ema,medseg_slice_045,evidence/notebook10_corrected/seed_17/confidence_only_ema/medseg_slice_045.json,a74ffdcd3bf7dac0dbe4283c452ed55e1a0159d6ad4a8ac3b643a15a87a42b04,6051c48383f7b9e17ac4b8f6b5d55884691b44daca2e40200599b9ee71e628f6,06e3fd4bccf5fc13be19a2e8512f68ea8b3d177ac1e8af9ef60eac3065efe07b,6442561030cd15ca0f22a01a7dd0c3074829cae480cc632cf225e97cfb33d2e0,20115,21504,False,0.6331297755241394,0.3622264176607133,False,False
17,confidence_only_ema,medseg_slice_046,evidence/notebook10_corrected/seed_17/confidence_only_ema/medseg_slice_046.json,4a340a388a0d2f978b332e4e6d13ffe2cd0dc8fb350f52cfff08e830429ec028,2eb1583cef892b6dd50a263c31d011298400fe917978ee2af035d4f906e8044a,0c4511cf49716b45c3d717bea34c224b4dae4662dd14881db4bb6b764f1e7f62,6442561030cd15ca0f22a01a7dd0c3074829cae480cc632cf225e97cfb33d2e0,3653,4058,False,0.5203990340232849,0.3622264176607133,False,False
17,confidence_only_ema,medseg_slice_047,evidence/notebook10_corrected/seed_17/confidence_only_ema/medseg_slice_047.json,3c77162dfa2da251a7c501c1fb0170777e1c120254c308976d5a715819de44ab,599f52419ba04d8654b279eb242d7adf8cd8808efb441c346c1d48645e8884df,e475c459ef2bae0428df7da29d2697ac861ddaf5d67967120f5802a1ad90052b,6442561030cd15ca0f22a01a7dd0c3074829cae480cc632cf225e97cfb33d2e0,30974,30903,False,0.5746614336967468,0.3622264176607133,False,False
17,confidence_only_ema,medseg_slice_048,evidence/notebook10_corrected/seed_17/confidence_only_ema/medseg_slice_048.json,20175e1d8d1b02c4097ea80b4521f9842ffe36bd34ce7ff78e3d8b4a0046c3c3,1a0a4f94eb8c89cf9c9f6518cff762ad4cc84f36cc4aad40fe7a5077d06383c6,191ac536c308f347435c125f3746e172be46579dd4d9ff83f567bceec559a524,6442561030cd15ca0f22a01a7dd0c3074829cae480cc632cf225e97cfb33d2e0,0,0,False,0.060604628175497,0.3622264176607133,True,True
17,confidence_only_ema,medseg_slice_049,evidence/notebook10_corrected/seed_17/confidence_only_ema/medseg_slice_049.json,e216fc45c63d3d9871e254558c43fcd78f2bda99527583e175510ce5568edd0f,bfe5c22279be9fd16e131ffcf4c45716f555a80e8bf2cf5548a138f7a04ad198,8a5b0c948c3ba075ed0888886970d5703fabb78ab483c24566a83cf1e27135a6,6442561030cd15ca0f22a01a7dd0c3074829cae480cc632cf225e97cfb33d2e0,9578,9794,False,0.5151588916778564,0.3622264176607133,False,False
17,confidence_only_ema,medseg_slice_050,evidence/notebook10_corrected/seed_17/confidence_only_ema/medseg_slice_050.json,cd8cbf973131e63e386f63f3c9c47429904cddfefe80886d2a1064b37b98e74a,6555903cfc6d3803550ef86433f64485518329216c578b6289e9181ac0397950,a5630212db9bc41d67f6685291cb917a8b4793cf9fb5eaacd833a990fb5bdb72,6442561030cd15ca0f22a01a7dd0c3074829cae480cc632cf225e97cfb33d2e0,12989,15070,False,0.6919406056404114,0.3622264176607133,False,False
17,confidence_only_ema,medseg_slice_051,evidence/notebook10_corrected/seed_17/confidence_only_ema/medseg_slice_051.json,418fa23e60a200fd607a0f4a52ca9e00787ec9e1ad04baa1462e177afe10ba9c,3df139597aa1b0ae7da043646935a1da1ae062c7566a524db57f1474892ab158,9b2322ea6221da6397d35ca99059680d657127cf3c29e746c6c57859ff2e939a,6442561030cd15ca0f22a01a7dd0c3074829cae480cc632cf225e97cfb33d2e0,59251,61575,False,0.6553054451942444,0.3622264176607133,False,False
17,confidence_only_ema,medseg_slice_052,evidence/notebook10_corrected/seed_17/confidence_only_ema/medseg_slice_052.json,81daf5fbc28b5a2105687c243a911069f247844e0d694a7ae98368f2c3898156,947d10c4f46f27d4b12ef9b1fa165636306c8991c21e9225c4fb1b2bb00a6ca9,290131842866cd894d7eed07c3df904dc64ad85855ea14f4823f6be784b6cd06,6442561030cd15ca0f22a01a7dd0c3074829cae480cc632cf225e97cfb33d2e0,5920,6153,False,0.5694727897644043,0.3622264176607133,False,False
17,confidence_only_ema,medseg_slice_053,evidence/notebook10_corrected/seed_17/confidence_only_ema/medseg_slice_053.json,c6f0ba7809485592c5d47c5c033d730f36bec2dbb189c1acd6ed079460e992b4,6b77c6872f4cba2318444a68c589acd81a42ac9e5c650c9edabd258fe66225de,3afd17c717506103ecee8f3dafe4a776e3f956fcc6f6c04f768f6b156e329fe4,6442561030cd15ca0f22a01a7dd0c3074829cae480cc632cf225e97cfb33d2e0,46859,47370,False,0.6140781044960022,0.3622264176607133,False,False
17,confidence_only_ema,medseg_slice_054,evidence/notebook10_corrected/seed_17/confidence_only_ema/medseg_slice_054.json,11a63838e13329586934404046410f3fc22ee161c459a84e2a2f7a75a0bb2f04,bed928cf09892a2e88c9b802bc0786a408ad642d4573a641024b32f6d69369f3,c9fb69e846dd66e795a380924cd190d337a4e7dd08163564576ef420cffc5fb0,6442561030cd15ca0f22a01a7dd0c3074829cae480cc632cf225e97cfb33d2e0,15145,15030,False,0.493847131729126,0.3622264176607133,False,False
17,confidence_only_ema,medseg_slice_055,evidence/notebook10_corrected/seed_17/confidence_only_ema/medseg_slice_055.json,3e91dd7241bd0307288c8359d32cc2a8e0883e180ab21c9e74d131edc43fce34,9b830341fd52efe1641062e7c4991bf8503c7d889302a72aa266d828011539e8,d12e44eea5b4631594f7f22ae9a191c0c5fcc6d19d7caea4b73c0cbece3f4b6d,6442561030cd15ca0f22a01a7dd0c3074829cae480cc632cf225e97cfb33d2e0,43350,45117,False,0.6939725875854492,0.3622264176607133,False,False
17,confidence_only_ema,medseg_slice_056,evidence/notebook10_corrected/seed_17/confidence_only_ema/medseg_slice_056.json,2297e4e001d5b46934043d84672885144e7388eb5c74d6d8c28be3dd064d8b40,bd95ed4d5fbf50f55d5bd7667991f6471a878bf8a891ac37d0d81a4000735107,200593bf2f93e3f792128ba9a356243bed69ac588449ff65a6d49139cff43e9c,6442561030cd15ca0f22a01a7dd0c3074829cae480cc632cf225e97cfb33d2e0,5565,6025,False,0.5580319166183472,0.3622264176607133,False,False
17,confidence_only_ema,medseg_slice_057,evidence/notebook10_corrected/seed_17/confidence_only_ema/medseg_slice_057.json,a64c6827206588bc1a41c91812ed690b259b99a55e9b020c64923a833e6ca4c5,72e1841c935c9964794b40c746e187245203b38fae29bf0caeb2e7a02c46c5c6,ddf052ef15ec6b304d69dd3578ff188faa13a7b54f418f014bd69f64f1fbd3a2,6442561030cd15ca0f22a01a7dd0c3074829cae480cc632cf225e97cfb33d2e0,33770,34215,False,0.576127827167511,0.3622264176607133,False,False
17,confidence_only_ema,medseg_slice_058,evidence/notebook10_corrected/seed_17/confidence_only_ema/medseg_slice_058.json,8764122e45cf530963287d935979f109d4a4cba76169109a0b84e3058c6fdb0e,75255b5303a732feb9eab706e92e55632c4ab305b2e361e60bd0cfe123ae170f,d80b40de3364b88bd0a60d031111bb1d0bf2af70252d3c0add1ee873dcfd60d5,6442561030cd15ca0f22a01a7dd0c3074829cae480cc632cf225e97cfb33d2e0,40390,41412,False,0.5903213620185852,0.3622264176607133,False,False
17,confidence_only_ema,medseg_slice_059,evidence/notebook10_corrected/seed_17/confidence_only_ema/medseg_slice_059.json,92cab76af41a6287047336873f1592793cbab671c421797e6f7460299e345385,66432a86c920010c446c160b5cd6716aa210f043133d4f5013dc52cacf07093d,ccd62ef41959469c373c719969c8c0801cef747b105354d48bd6e9a50029751a,6442561030cd15ca0f22a01a7dd0c3074829cae480cc632cf225e97cfb33d2e0,34988,36975,False,0.6096913814544678,0.3622264176607133,False,False
17,confidence_only_ema,medseg_slice_060,evidence/notebook10_corrected/seed_17/confidence_only_ema/medseg_slice_060.json,690a2ae3275b55b180fc798328b72e362ed3d0b6e876113e635bec1886466e16,cd3c4fcc0293decb3fe5d6cc2605c992fc0c5dcd0f600ee6608e2825c77d8613,39fd3bc92cfb79d116bfca82370de021808d4f65ed220ca458af788bad473a24,6442561030cd15ca0f22a01a7dd0c3074829cae480cc632cf225e97cfb33d2e0,51478,54208,False,0.6150373816490173,0.3622264176607133,False,False
17,confidence_only_ema,medseg_slice_061,evidence/notebook10_corrected/seed_17/confidence_only_ema/medseg_slice_061.json,280745b11914841314d0723c9efd3fdd82d353535f16442c0bb2d3125b104aa0,6deb5ee0627e5581fc35f43720cacd11f4bdbf4ed6bb1340ef5438070445bc82,9f02236451fe804c21f0b51ca318337a11639f0eb46d9ef3f901e95ed2bbb31c,6442561030cd15ca0f22a01a7dd0c3074829cae480cc632cf225e97cfb33d2e0,5140,5400,False,0.5125272274017334,0.3622264176607133,False,False
17,confidence_only_ema,medseg_slice_062,evidence/notebook10_corrected/seed_17/confidence_only_ema/medseg_slice_062.json,f42391668522c58fd5f5c44e22590f2aa51082f684f3314ed57da01f4baffd8e,4e8d39e256ff340b2a45f4378b868d050f22e607ca7b4f9a6e71f8712d4fa13c,773c2e28680b2270dd3b9f9ced3281539f53aca2cc291fad594255251a86c808,6442561030cd15ca0f22a01a7dd0c3074829cae480cc632cf225e97cfb33d2e0,133374,133816,False,0.6362369656562805,0.3622264176607133,False,False
17,confidence_only_ema,medseg_slice_063,evidence/notebook10_corrected/seed_17/confidence_only_ema/medseg_slice_063.json,c6c007dc7bbc00ebbb40faf8af9dd940c31116b161bcf22f5929b2baf6e321de,4889473fac3da948fc3f811865dc1c349fb522b402944f43b446c1ee77b07406,c8272e87e94f6e376eda4929c690c80acd4905f56c731f2946cfe5d268320297,6442561030cd15ca0f22a01a7dd0c3074829cae480cc632cf225e97cfb33d2e0,6288,6508,False,0.4725890159606933,0.3622264176607133,False,False
17,confidence_only_ema,medseg_slice_064,evidence/notebook10_corrected/seed_17/confidence_only_ema/medseg_slice_064.json,9e42ea61dfb32232bc3e8df6f06f2e59fa8986f02231e9ba900709ae1e278e70,03fcb275fd8e2728d23b62183eda8538d6e5dbe04daf74037d187950ae5bb596,801920942286fd49d8e16d20a35e2cd4ebae8feaa1962a57a777fc7be9792e0b,6442561030cd15ca0f22a01a7dd0c3074829cae480cc632cf225e97cfb33d2e0,2132,2195,False,0.3347291946411133,0.3622264176607133,True,True
17,confidence_only_ema,medseg_slice_065,evidence/notebook10_corrected/seed_17/confidence_only_ema/medseg_slice_065.json,57b672f801068452a7481d204ea75a28fbfae9401fd01c2f89d5b32e7a9a4900,78ced4fafa033d183d63214bde76d7ab4fe12dede9ac7b3ef9bc08b27b3571db,e911f79d56d49f4d38a77dbe0a6c4ddf3e569c73110a27afa865f2f5b1323cbf,6442561030cd15ca0f22a01a7dd0c3074829cae480cc632cf225e97cfb33d2e0,9997,10387,False,0.5202843546867371,0.3622264176607133,False,False
17,confidence_only_ema,medseg_slice_066,evidence/notebook10_corrected/seed_17/confidence_only_ema/medseg_slice_066.json,11910fb2a8bc6cae4ec3314d563daa167c6425cb2bb1b9848d4b58ba42f0b01e,90bd0e396d4496086e1a7832dfb230ed407815031b7fb6c08838557943d849cf,9192f9e3ed197c7fbebaa89a52e78512bba38ccbb28bbd55ef4d815e167c16ab,6442561030cd15ca0f22a01a7dd0c3074829cae480cc632cf225e97cfb33d2e0,1333,1407,False,0.2326574772596359,0.3622264176607133,True,True
17,confidence_only_ema,medseg_slice_067,evidence/notebook10_corrected/seed_17/confidence_only_ema/medseg_slice_067.json,f12a67a6ae05527209c05938c24a4a9c463d21fdba92d52693ed47d19fad2363,da25e3994dce35c43bd05f586c032b0ab14e4a8288b55ca6abfce1f2be8ac0b5,a391daa56dcf8ef4777402106cb0d9753d7d6a372d5ece402e2784cb84d65a0e,6442561030cd15ca0f22a01a7dd0c3074829cae480cc632cf225e97cfb33d2e0,15913,16362,False,0.5492722988128662,0.3622264176607133,False,False
17,confidence_only_ema,medseg_slice_068,evidence/notebook10_corrected/seed_17/confidence_only_ema/medseg_slice_068.json,7d8c8519149cf99967b7c109872befbdd6289cfc15d166cc24eb240aee4cf858,611d6571ef4fc4f7661ee81f2d9e7fc82e0b44519762e3126e58f974d314b6a7,d3221811e9a97fa2f53b4dab74bd6e8e9a1a98844c303dbf656f96ff89a80fbc,6442561030cd15ca0f22a01a7dd0c3074829cae480cc632cf225e97cfb33d2e0,18264,18986,False,0.631184458732605,0.3622264176607133,False,False
17,confidence_only_ema,medseg_slice_069,evidence/notebook10_corrected/seed_17/confidence_only_ema/medseg_slice_069.json,a779d3318124041fed5843322970d5516d40873638333334026b4221712f40e0,173dc9154cef478382c0b157519d6fee70353d4cfc9171dea449104af3d052f5,d7187864eddd21e96700b15f7155f14a48093465ceb74f0b1989beb0f47609b5,6442561030cd15ca0f22a01a7dd0c3074829cae480cc632cf225e97cfb33d2e0,47102,48175,False,0.6284401416778564,0.3622264176607133,False,False
17,confidence_only_ema,medseg_slice_070,evidence/notebook10_corrected/seed_17/confidence_only_ema/medseg_slice_070.json,f2cbc61c236c5b772abfc135c31a10d894e2e0974418783c8ca9bd9ee33bd956,4544eaa872af69cbed8988da4d5d0c3475e23a7aaf2b01fb97f10737d582cbb4,81fdd930d50f383b0b56e6e97a8ab7f19950c93fed7e9d76a4a0cc16fe3cc3b9,6442561030cd15ca0f22a01a7dd0c3074829cae480cc632cf225e97cfb33d2e0,18855,18790,False,0.5836037397384644,0.3622264176607133,False,False
17,confidence_only_ema,medseg_slice_071,evidence/notebook10_corrected/seed_17/confidence_only_ema/medseg_slice_071.json,10900d999fa0ecd57b4a3d701c2cab75f61c4132043bcdf3872bbe9ebed6d514,17e403ea17c691de6e3ae789596346f869afeb92512e5672a15e7d8abbb9267f,2e130eaa27e47eb6ae587e75112558c65421846cdb436a29b3b1d1ca608bd245,6442561030cd15ca0f22a01a7dd0c3074829cae480cc632cf225e97cfb33d2e0,39622,40220,False,0.5671713948249817,0.3622264176607133,False,False
17,confidence_only_ema,medseg_slice_072,evidence/notebook10_corrected/seed_17/confidence_only_ema/medseg_slice_072.json,390c010b8ab73c314d4057c331b6f39629131615e77ed291fd6f6326991a8409,2a410a9ac5ea84153d3c47b98dc566183b1b9979ab90f5c80a5d8f33642a09bf,e99a63b49ca1593c209f1a11ff49e9dc902d2bdc7d462f99872418321cd860f0,6442561030cd15ca0f22a01a7dd0c3074829cae480cc632cf225e97cfb33d2e0,34702,35288,False,0.5782854557037354,0.3622264176607133,False,False
17,confidence_only_ema,medseg_slice_073,evidence/notebook10_corrected/seed_17/confidence_only_ema/medseg_slice_073.json,bd539ae4045dbe4dcfc0ce5b591026842dc133382b256b4c9b2b6906106bfb93,18ed5ef2c0a1d1f7ac900b4f4b090538011062498178b1152a7a4ba447105dc1,a2fbd1aa822eabc7b7ae7c0762c19453f61bee497755f3b6ea92a2e979eb33bb,6442561030cd15ca0f22a01a7dd0c3074829cae480cc632cf225e97cfb33d2e0,8314,8652,False,0.5183776617050171,0.3622264176607133,False,False
17,confidence_only_ema,medseg_slice_074,evidence/notebook10_corrected/seed_17/confidence_only_ema/medseg_slice_074.json,c8f4f2a379cf30a863c4ef19b1e7f3f92bcfdeefa53e95981194054cc1d445ff,d47587d79aa5ed20903af43972eaa5bc2bb401101ad705e138ded0a366077814,7d12c52fbb15a74e3ad290c90e691dae2738c7d33402b6c2c641d60323f29fca,6442561030cd15ca0f22a01a7dd0c3074829cae480cc632cf225e97cfb33d2e0,4276,4443,False,0.572994589805603,0.3622264176607133,False,False
17,confidence_only_ema,medseg_slice_075,evidence/notebook10_corrected/seed_17/confidence_only_ema/medseg_slice_075.json,49e194d0b92dd75405ab02a6029795979b9c2ee155c64234f039b10a6e7399f9,2b20e4b08b199c5775c6e26773d4702063487ca22eb3d447d8b6526848f9e38e,60783db91c689eee6f9f66ff10c0a6bc37f2720e64d20a2100f97cc3060f86ef,6442561030cd15ca0f22a01a7dd0c3074829cae480cc632cf225e97cfb33d2e0,20943,21445,False,0.6158024668693542,0.3622264176607133,False,False
17,confidence_only_ema,medseg_slice_076,evidence/notebook10_corrected/seed_17/confidence_only_ema/medseg_slice_076.json,e7ec630c508edebc7836d4f1012a0d16ab3be2ef4a2495ed4953edd83998f3b2,1376dfdafb090109d5fe682f4105fd82e79722762cec0f8f008738cc4565f7a2,ccf23c999717a24ed2edcfbcbf0109eac1bc160b6056a21801c7434d22d1fae2,6442561030cd15ca0f22a01a7dd0c3074829cae480cc632cf225e97cfb33d2e0,54292,54412,False,0.5713269114494324,0.3622264176607133,False,False
17,confidence_only_ema,medseg_slice_077,evidence/notebook10_corrected/seed_17/confidence_only_ema/medseg_slice_077.json,12113668ca6b35b2520797c84ded03b6db8273739cf7c883bf58256cdefebff7,fa404920c04ae68ad75b0b586d130242052bb7f5ed1f63fce55d47a0d9616ed5,c1337f3ab1e23e76b90c7d20fb190d636c6d89e87501740bda0bbda7290e495b,6442561030cd15ca0f22a01a7dd0c3074829cae480cc632cf225e97cfb33d2e0,26927,26829,False,0.5282562375068665,0.3622264176607133,False,False
17,confidence_only_ema,medseg_slice_078,evidence/notebook10_corrected/seed_17/confidence_only_ema/medseg_slice_078.json,e4bdcf08222c7f164e7a7acf9e641a4ddb998673507bc185c3527084da2a4b35,1a23c315b6201c57f1853ae092ca71dfe151ccd85e520ab1b2a6e67f82232a72,0c17ebc35b15c401e6f09b5b15e1df568dab50c130a978e7014bc841015cb3d1,6442561030cd15ca0f22a01a7dd0c3074829cae480cc632cf225e97cfb33d2e0,23831,24389,False,0.549621045589447,0.3622264176607133,False,False
17,confidence_only_ema,medseg_slice_079,evidence/notebook10_corrected/seed_17/confidence_only_ema/medseg_slice_079.json,e2c92475a1bdddc83c0547e9c0d5009aa0d5c39366edf9ca74eb394e812c5492,8dfcbcc7ba15437a9ff853a0f4a546a82e6bed74f0f1c527a423e61338bd0c8d,d0e9263dcd758842e9045170213f2b9a535ac207479216d3a746872b04de4356,6442561030cd15ca0f22a01a7dd0c3074829cae480cc632cf225e97cfb33d2e0,45166,45330,False,0.5444496273994446,0.3622264176607133,False,False
17,confidence_only_ema,medseg_slice_080,evidence/notebook10_corrected/seed_17/confidence_only_ema/medseg_slice_080.json,25072e75e6b9913546814a750b5de504813d5dbf2ee927fd0cb20b3be2c91692,e9cd70df971fbe33f4bd19eabaf9bcd53a492a5d57da12dc7751e69fde173bf2,7062cafbf52e1e02517fe0d12304b3e11a8533f7597db875d019338625ae00ee,6442561030cd15ca0f22a01a7dd0c3074829cae480cc632cf225e97cfb33d2e0,18545,18489,False,0.5650655031204224,0.3622264176607133,False,False
17,confidence_only_ema,medseg_slice_081,evidence/notebook10_corrected/seed_17/confidence_only_ema/medseg_slice_081.json,9a2e985116697b77784cb3dda30c4255fed4e5272dafd95c9e29245dc8bc482c,f15fb59625c42ab05fc0d719acc290fae7d8e54066e8197ec67b86a31cc9197b,f877bf9c172e187e43278f6045bcd6bb906ca9b6b3d8c04f21cf47e0c4ea25f5,6442561030cd15ca0f22a01a7dd0c3074829cae480cc632cf225e97cfb33d2e0,4316,4410,False,0.50188148021698,0.3622264176607133,False,False
17,confidence_only_ema,medseg_slice_082,evidence/notebook10_corrected/seed_17/confidence_only_ema/medseg_slice_082.json,c03436417c9bd6f8b67d01fe310a4e1b35f2b7cbc7f1b25dbbb96045d797efef,52500249be87efa71b05d17360462f671f24acb04027fc9ad0779f281f27fe62,cc95646891bccd54e68f778c11f95a62dca65cc320be3e153081494589d9f2fc,6442561030cd15ca0f22a01a7dd0c3074829cae480cc632cf225e97cfb33d2e0,10184,10447,False,0.5293962955474854,0.3622264176607133,False,False
17,confidence_only_ema,medseg_slice_083,evidence/notebook10_corrected/seed_17/confidence_only_ema/medseg_slice_083.json,c4d261e5a717af3ee0f9996b81b729f01c4bb3fa7fffdc15db5386437d1fa052,2777c02e05128caa1569850d49d834d41bd84e0238de401ba4f506df31b190e4,809342fe25a0dec5be66047b31402019c687f9960934d8469b3d0cd064c87cb1,6442561030cd15ca0f22a01a7dd0c3074829cae480cc632cf225e97cfb33d2e0,2884,2972,False,0.4163849949836731,0.3622264176607133,False,False
17,confidence_only_ema,medseg_slice_084,evidence/notebook10_corrected/seed_17/confidence_only_ema/medseg_slice_084.json,a0ca6351859bdc111d5e90ccf8986bd1148161150a8fc11277b6df92b71c3f23,026775d2c8e50ecb200ecf1bff2de83e631bbfb47b6c1bb2929e1837a82ee0ba,edc8617a87571587871dd992492436fb7afe63966c9a34a1d588899f64a5c7f8,6442561030cd15ca0f22a01a7dd0c3074829cae480cc632cf225e97cfb33d2e0,8383,9337,False,0.665211021900177,0.3622264176607133,False,False
17,confidence_only_ema,medseg_slice_085,evidence/notebook10_corrected/seed_17/confidence_only_ema/medseg_slice_085.json,cf8f234233984473c0ac003eb75a4b27040cda1b3fa889296c90214e7992624a,1a83cfc87b7827614338e7584e034e4825c6b00cdd79a264856ece86db71f76d,e306f8bf837a89e4d852bd1f4f541516f26ca9280ae5b126c1b4815b96ce77d2,6442561030cd15ca0f22a01a7dd0c3074829cae480cc632cf225e97cfb33d2e0,28442,28943,False,0.5710229277610779,0.3622264176607133,False,False
17,confidence_only_ema,medseg_slice_086,evidence/notebook10_corrected/seed_17/confidence_only_ema/medseg_slice_086.json,6378e35e943f1ac70fd789945d83791e5b509750491bb3e91634b777f482e57f,eb33c520222e906cd1928eaa6e641d93338b343871d22e726187ed3282bd7aba,ca19406f76a6078b12a6f7634d5cb22129e79decdc57a3c08b6620e0941b8d98,6442561030cd15ca0f22a01a7dd0c3074829cae480cc632cf225e97cfb33d2e0,4252,4484,False,0.4393578767776489,0.3622264176607133,False,False
17,confidence_only_ema,medseg_slice_087,evidence/notebook10_corrected/seed_17/confidence_only_ema/medseg_slice_087.json,c9a29a13cc8972f8e10858b5b19062f3a8c908ec14102716836b2432fd32f07e,71b6a3474ce9d3bc1f43853c32d7f0932cd49bb2026e8a48506c61cafc8a8ebc,2545bf07b1aaf22549c44e7e76f5b848257487ee0dcfdbe4f935c6b1c26ef6fe,6442561030cd15ca0f22a01a7dd0c3074829cae480cc632cf225e97cfb33d2e0,35834,35151,False,0.5883738994598389,0.3622264176607133,False,False
17,confidence_only_ema,medseg_slice_088,evidence/notebook10_corrected/seed_17/confidence_only_ema/medseg_slice_088.json,7c919d773d71498616e17e41856914e0a34731ed6040772aa9b32249a5ce9b26,54f628ad7ccb3bce4073d076c72f44ddc628531a007a24e42353f5e48de59b77,9258f5f2a5be2a4feb73f7fab165823ef788f7fc3164fda1f8fe9c4905f03cc8,6442561030cd15ca0f22a01a7dd0c3074829cae480cc632cf225e97cfb33d2e0,16138,17414,False,0.612711489200592,0.3622264176607133,False,False
17,confidence_only_ema,medseg_slice_089,evidence/notebook10_corrected/seed_17/confidence_only_ema/medseg_slice_089.json,bb3a98fbc494c9340dc3099d44a60af8112898c76afd2951ea6e55e517ae62fc,4b2b14bd7faa5bedfa75db01c2d28d18a8c76b3cf9a160f6ebf5680d2f2f117c,410999c3b0df6e8b80d1a864989227d597bdc13980b84f17d8885e012a920805,6442561030cd15ca0f22a01a7dd0c3074829cae480cc632cf225e97cfb33d2e0,970,1021,False,0.2216156721115112,0.3622264176607133,True,True
17,confidence_only_ema,medseg_slice_090,evidence/notebook10_corrected/seed_17/confidence_only_ema/medseg_slice_090.json,592cefa2715d2436197524b8135ff42e5ce77c2c14b3d9a83b1371f0b8b2cd83,381278d48cabda98d106bc4223d81ce6f2d668949b128abab3387d5b0a0b20c2,9c87374709e6c9552a154f23ad42664fd93bd29dcdc94abe55a69b30b27301fb,6442561030cd15ca0f22a01a7dd0c3074829cae480cc632cf225e97cfb33d2e0,14110,14791,False,0.567207396030426,0.3622264176607133,False,False
17,confidence_only_ema,medseg_slice_091,evidence/notebook10_corrected/seed_17/confidence_only_ema/medseg_slice_091.json,2de84898ff0812cc474883268cd15c16820c949c445e45e691c884fa3968bcec,2e2ed6c8129cab6f77b3a56db9159a0dff3c09a402040bb88e812f085f409d40,2a75bede1be110832d8b994b11a0157253206a2a1d00b0ffdfe533c03e266dd2,6442561030cd15ca0f22a01a7dd0c3074829cae480cc632cf225e97cfb33d2e0,8289,8557,False,0.5122866630554199,0.3622264176607133,False,False
17,confidence_only_ema,medseg_slice_092,evidence/notebook10_corrected/seed_17/confidence_only_ema/medseg_slice_092.json,a6d88c38977d04dd8cbffc328976be2be937ac5b710ce0d16d87974d9bae1c83,ac9d67f83b27a9bc11ecb219be66336dd29a551c2339ff613706a508abd07055,7f81ae5833d6d344dd2ce8a01a28c290749ee7d91ac1e5e80bd312c6937cb881,6442561030cd15ca0f22a01a7dd0c3074829cae480cc632cf225e97cfb33d2e0,17380,17675,False,0.5910829901695251,0.3622264176607133,False,False
17,confidence_only_ema,medseg_slice_093,evidence/notebook10_corrected/seed_17/confidence_only_ema/medseg_slice_093.json,5b1094887079aca27c1236a8e3d15b35c965c38f6212b8aa0e099135d0fa47a8,8f6e71b6a69bbc05e72f804af8ab24b635370f68ec0717e225f526e30f5aa356,5e642e332b73a5200c281cad9fcb64d5499d908655e861a21aec235ab207b828,6442561030cd15ca0f22a01a7dd0c3074829cae480cc632cf225e97cfb33d2e0,6996,7298,False,0.5622298121452332,0.3622264176607133,False,False
17,confidence_only_ema,medseg_slice_094,evidence/notebook10_corrected/seed_17/confidence_only_ema/medseg_slice_094.json,283fcdd719f826520ea7c6cdacbcb37ad66226583e4bf335081f55d93763c3a6,8f2050855ab04c9d92c01af93d2378678f9114fbdf6a7dd366696fd11fe1c9e4,7818252c9dcaa5c394931388ffbeb3a263ee0560013c621288b4c6447b5b1d7a,6442561030cd15ca0f22a01a7dd0c3074829cae480cc632cf225e97cfb33d2e0,8566,9418,False,0.6264097690582275,0.3622264176607133,False,False
17,confidence_only_ema,medseg_slice_095,evidence/notebook10_corrected/seed_17/confidence_only_ema/medseg_slice_095.json,37e89cd2f85d5c4adc4bc2d51de08f2d0005cd28885eaa985dcad3854fc483d0,8dd47a71fdd1fc0ba9e75076db4c871e78590540ede0109fd6441a70e10e30eb,59094e69a808461534b13cafb01486c3011bb8163730b09cef075cd7a8d188cc,6442561030cd15ca0f22a01a7dd0c3074829cae480cc632cf225e97cfb33d2e0,9540,10030,False,0.5293748378753662,0.3622264176607133,False,False
17,confidence_only_ema,medseg_slice_096,evidence/notebook10_corrected/seed_17/confidence_only_ema/medseg_slice_096.json,4f958f4c4d5a08c307de2cf3c2a7a68545a4fcd58b9c7b08ce4dffdc54d8cf84,2dc2cfcafe292992cd5b95eb0d45a0cb75805f3dc41e36949537fd1251d26a76,3aed7d62f22abb0c104448f5d75e3ca128662a6fa06509dff956170db5967828,6442561030cd15ca0f22a01a7dd0c3074829cae480cc632cf225e97cfb33d2e0,54063,55552,False,0.6103893518447876,0.3622264176607133,False,False
17,confidence_only_ema,medseg_slice_097,evidence/notebook10_corrected/seed_17/confidence_only_ema/medseg_slice_097.json,bc3b2acb4712806b2e110823f6b2e42f47a7fc5b6436b70466b40f65cfe4db62,804ba71bf2ef9fabd78bf16e9e974e7b517c29651650e25d742d5d7f390448d3,44e5f2d453d0e332da05f90c6f9f2a91b4863f226544d7d1e5af90cd3817dfbc,6442561030cd15ca0f22a01a7dd0c3074829cae480cc632cf225e97cfb33d2e0,6806,6858,False,0.556573212146759,0.3622264176607133,False,False
17,confidence_only_ema,medseg_slice_098,evidence/notebook10_corrected/seed_17/confidence_only_ema/medseg_slice_098.json,bfbc1901052386c0d3e14be9543396446fdb9631594db41d2d0892c3a776b017,5cca738fe3754447379d593b74b1630e47b03422bebe1952646b90f0dfa17104,3144a8ba4f8af72427d2b117d774afa03b7768dd1e509ade4be0686b7b56a6f5,6442561030cd15ca0f22a01a7dd0c3074829cae480cc632cf225e97cfb33d2e0,50283,51357,False,0.6167866587638855,0.3622264176607133,False,False
17,confidence_only_ema,medseg_slice_099,evidence/notebook10_corrected/seed_17/confidence_only_ema/medseg_slice_099.json,8a66c2271f36214321628f85ceb8b79434158fb6c883f736ba9bbf956e675414,451ff5a5de6e98464e9a72f2053fda7c31ad6cc8ce01f49f8072529ad90cb9c6,e667f845691003502afd0bb07a49cf30a461a24a61a6fb9ccb50284f62583370,6442561030cd15ca0f22a01a7dd0c3074829cae480cc632cf225e97cfb33d2e0,14082,15163,False,0.629919171333313,0.3622264176607133,False,False
17,agreement_filtered_ema,medseg_slice_000,evidence/notebook10_corrected/seed_17/agreement_filtered_ema/medseg_slice_000.json,c8b6bee5fde9c6b9e81334ef20780d22d2e3f960c5b1eef36a2ab427976da161,b44ef2c7f8ff2d4eb46c0358fc7d75bae4affa13021f6dd0c440db145c48ccb0,4383c56187a0667e8331907cffee9dfe0d0787d512af17021cca42394744adb7,1ab434a8634082d8c6701fcc24c35115b302a7508bc27ed851946726b2edb8b8,37784,38258,False,0.5586234331130981,0.3623300343751908,False,False
17,agreement_filtered_ema,medseg_slice_001,evidence/notebook10_corrected/seed_17/agreement_filtered_ema/medseg_slice_001.json,7460ebd683c40e475cfb68f0ba5e18881e1a07d82da15e9649773dd49a1e6b5b,e571d08ce7190f80e9e3f0f84a27cf9107c39bd2c66aeb08b9a4f8ff05ec421e,ce764aad10bd63194c6434a7a3fb5667fb0ecdd1f48a420736827db36a0e0df3,1ab434a8634082d8c6701fcc24c35115b302a7508bc27ed851946726b2edb8b8,49228,52611,False,0.6637076139450073,0.3623300343751908,False,False
17,agreement_filtered_ema,medseg_slice_002,evidence/notebook10_corrected/seed_17/agreement_filtered_ema/medseg_slice_002.json,71c8b3725e231dae9c055e7473ac2a51dcf24a70f24db7edd2ec19b7c9689327,a83a4c0bde6cf92d6f78db7564887bf2d0607df421c52476525fd532e6ef2111,357e17ea0df743d9c26830d56957600e4364feb5741396ce61e1b15706291627,1ab434a8634082d8c6701fcc24c35115b302a7508bc27ed851946726b2edb8b8,787,820,False,0.1760299950838089,0.3623300343751908,True,True
17,agreement_filtered_ema,medseg_slice_003,evidence/notebook10_corrected/seed_17/agreement_filtered_ema/medseg_slice_003.json,84f3cdc24e204b8348c17b004476750cff6c4a800758278fb0abe085ecc85ccd,6a05e0202644ff0edc9e7d0117462f77b7f7be072d7c67cc0b9a83fbf9c2712b,62fbddcd8e4a86e852977dabb48fd5788c3222ed2a5686d2098e6c22790cd93a,1ab434a8634082d8c6701fcc24c35115b302a7508bc27ed851946726b2edb8b8,14845,16208,False,0.6456893682479858,0.3623300343751908,False,False
17,agreement_filtered_ema,medseg_slice_004,evidence/notebook10_corrected/seed_17/agreement_filtered_ema/medseg_slice_004.json,b8b0d44fb1cd7acc9cacd3cebfcce4032e341a1f92c6cf1e3cdc5da5e70c2399,b3908a7a85943e8479c7be67e3b63e7952cc8d635f288f687d585f77c8dc14d9,1df014fea1740256d0e9e255aa55c45d76504a96fc6c12f9481fe0eb32bb903f,1ab434a8634082d8c6701fcc24c35115b302a7508bc27ed851946726b2edb8b8,11277,11936,False,0.5851778984069824,0.3623300343751908,False,False
17,agreement_filtered_ema,medseg_slice_005,evidence/notebook10_corrected/seed_17/agreement_filtered_ema/medseg_slice_005.json,16fba77f2b97828b36e9e6383063e8d55c1998436535d1ad9e25052fd48f0550,af2ad96bbf24e5a6cc75e151b4307234ab112e13a0fe54710c994a93d64d5c10,529d27be79ccd631b7b0bcaa94c6112e41df563dc399e09756591d75a24f394d,1ab434a8634082d8c6701fcc24c35115b302a7508bc27ed851946726b2edb8b8,4236,4377,False,0.4420226514339447,0.3623300343751908,False,False
17,agreement_filtered_ema,medseg_slice_006,evidence/notebook10_corrected/seed_17/agreement_filtered_ema/medseg_slice_006.json,740440108967b3f7a6c39b0958953d1ae4f2ca468404bd279cc11e066bc92802,516fb37f4234a91e854eec43b160b1096141be8f4f0c53f02f0b132efb09c542,879af7ec050ee4890947553999c86b47f552fe317ec25d20a195a9f804bffc1e,1ab434a8634082d8c6701fcc24c35115b302a7508bc27ed851946726b2edb8b8,7546,7832,False,0.5728945136070251,0.3623300343751908,False,False
17,agreement_filtered_ema,medseg_slice_007,evidence/notebook10_corrected/seed_17/agreement_filtered_ema/medseg_slice_007.json,38ea5f04230da8baac9c361749629a2378a130a97d782677c2bd6ffca71bdf44,da68396b1640a1b722af4808aa8ff224ca07504b8deaaef2fbf4ee008a8140a5,87ea0733a16eddfe861b990751ebd5422b9a1e78fbdd9daad497d6ad86b6a3fb,1ab434a8634082d8c6701fcc24c35115b302a7508bc27ed851946726b2edb8b8,47316,55057,False,0.7145338654518127,0.3623300343751908,False,False
17,agreement_filtered_ema,medseg_slice_008,evidence/notebook10_corrected/seed_17/agreement_filtered_ema/medseg_slice_008.json,b58e38bb22300e6bc7587632c77db144b85bc19b9240d4ca361acd5e0832bb9e,79465d5cc370a5be742d3599d594e51e01467820a2b97d21490e63e9e6e0de52,9321d6988cf66c88a73aa1ddc7ac0b41d0f0ba9c8165edc6785790461c843e6e,1ab434a8634082d8c6701fcc24c35115b302a7508bc27ed851946726b2edb8b8,55073,55825,False,0.58837890625,0.3623300343751908,False,False
17,agreement_filtered_ema,medseg_slice_009,evidence/notebook10_corrected/seed_17/agreement_filtered_ema/medseg_slice_009.json,9b7f6ad8377eee8e3d210b09eec12d2a546ac4206d8a87f8ad0931b52163effb,8126b2e2bc2ec9c708eaacdf05ca723f53a114c9bd3790b191d140cb105b1ffb,a1ad7e7ff0b93f0a048444f82852e2321ccdcf7975ca16264cbe762913348f1f,1ab434a8634082d8c6701fcc24c35115b302a7508bc27ed851946726b2edb8b8,28098,28679,False,0.5667896270751953,0.3623300343751908,False,False
17,agreement_filtered_ema,medseg_slice_010,evidence/notebook10_corrected/seed_17/agreement_filtered_ema/medseg_slice_010.json,39c7528169e776f93fd3b87f68d84ee2d3878331728b29d27f4311892ea8420e,a8b1372d3fb351e2e26b8e6c40100f02cfdf03b5a8a094c406d80dcce17de21e,6b3dcb15eeff6c6b99ed3dabc78943f0d341ddb8ebcda364953f8c11872c227f,1ab434a8634082d8c6701fcc24c35115b302a7508bc27ed851946726b2edb8b8,15931,16129,False,0.5873915553092957,0.3623300343751908,False,False
17,agreement_filtered_ema,medseg_slice_011,evidence/notebook10_corrected/seed_17/agreement_filtered_ema/medseg_slice_011.json,c641c17bf103e1252e73c990deb9b05982c5bdd72e79a6a59da00b16fa3758b3,941d1b91ce054ba75f295f8a8809a50a04d261a7952e8dc22e0046478ca93d69,fdd019ca86eadb76602544d704aa172ac3007fde2e4348d49f0113410fae3d08,1ab434a8634082d8c6701fcc24c35115b302a7508bc27ed851946726b2edb8b8,11594,12629,False,0.5924418568611145,0.3623300343751908,False,False
17,agreement_filtered_ema,medseg_slice_012,evidence/notebook10_corrected/seed_17/agreement_filtered_ema/medseg_slice_012.json,75f0b33c37edad4e80654b32fbada821611eaace1c38b00c5e08eb6f9118e4fc,f22d417a5fbbd9ed5644a3b7fc1e13bdde3df2c88d30bb9439dd1bdf56e5d05c,6c3a420ffa4fca241caac5d59d384e9d1895082adfb1f816bec03efae0fa080e,1ab434a8634082d8c6701fcc24c35115b302a7508bc27ed851946726b2edb8b8,16427,17324,False,0.6135058403015137,0.3623300343751908,False,False
17,agreement_filtered_ema,medseg_slice_013,evidence/notebook10_corrected/seed_17/agreement_filtered_ema/medseg_slice_013.json,374e755826138f7c2753b01676572ffac5ede5a539898b2f004fcd736b042a3d,dea377d9f46f5a3fe79292ddf7ad5196236298876d42cfe2a51e2ee17c5c3924,aea94813090f0764fdaac972fdc23e7fa3a589f2876a058f62ab238d493ebdaf,1ab434a8634082d8c6701fcc24c35115b302a7508bc27ed851946726b2edb8b8,20100,20518,False,0.5761280059814453,0.3623300343751908,False,False
17,agreement_filtered_ema,medseg_slice_014,evidence/notebook10_corrected/seed_17/agreement_filtered_ema/medseg_slice_014.json,6ea21c1d7d68b2e765c885fe6a66a9cdce2d0eb87ade80c18c2de76d4420295c,8f139089de3c9bc56ebed8b37af5167f32660014f2d19599d91a34a6c4f27161,6d6ea66e355c36a3dc6083641c1715f9c188e5f182d083f242c245f06adf8eb4,1ab434a8634082d8c6701fcc24c35115b302a7508bc27ed851946726b2edb8b8,14839,15468,False,0.6070544719696045,0.3623300343751908,False,False
17,agreement_filtered_ema,medseg_slice_015,evidence/notebook10_corrected/seed_17/agreement_filtered_ema/medseg_slice_015.json,e6ee23e84353f16a3df561c8ba6a0094f872a14aff4d6fc2c82ed23f606a0cb7,582b5ca7348736a56bc23f381b5a0e3cac5862102bc2d6fde657e6e75a6f710d,863ebf78b332e0adc41d960dfe1f61e85936348d007f8f55cae1a0de889940c2,1ab434a8634082d8c6701fcc24c35115b302a7508bc27ed851946726b2edb8b8,23905,25269,False,0.6553930640220642,0.3623300343751908,False,False
17,agreement_filtered_ema,medseg_slice_016,evidence/notebook10_corrected/seed_17/agreement_filtered_ema/medseg_slice_016.json,c102b33bda049f636ce715cc57997492855b1b711ea22a557c2a5b4cefc377a4,fdc4a85404bed33b5dfd484fe4fd1969f30a7cbf7fc988790259cdf9c7644654,133907f51021679fa3e9d18b1000ef6863f93c2cdde2106da1ccbf55b501c6c6,1ab434a8634082d8c6701fcc24c35115b302a7508bc27ed851946726b2edb8b8,3953,4066,False,0.4536141753196716,0.3623300343751908,False,False
17,agreement_filtered_ema,medseg_slice_017,evidence/notebook10_corrected/seed_17/agreement_filtered_ema/medseg_slice_017.json,dfe5c8f8ce9da99f636672b2dbcfe3b446360a96e423480959078333a0149a4d,7775c778bdd582ab20aa3afc83ffd03773fb40a232562bc402343fc1e693ecd6,a0cf3645f35556017e57974b690a4bb133965c12215a84739ca2ab0a0735dd36,1ab434a8634082d8c6701fcc24c35115b302a7508bc27ed851946726b2edb8b8,9544,9685,False,0.5490651726722717,0.3623300343751908,False,False
17,agreement_filtered_ema,medseg_slice_018,evidence/notebook10_corrected/seed_17/agreement_filtered_ema/medseg_slice_018.json,e22c26e4ca0fc0025272ec91526c919ced0fc441402d8bc4f069a1652af8341e,56deb1aeba7d7848cec70b0c7e0e55fd875b43962ca976c935bc90ffaba047ce,6570a9c3f5f9e3f3faf910c9376cb2abd56da9a517345e3391337ab9e436b9ea,1ab434a8634082d8c6701fcc24c35115b302a7508bc27ed851946726b2edb8b8,12849,13189,False,0.6089325547218323,0.3623300343751908,False,False
17,agreement_filtered_ema,medseg_slice_019,evidence/notebook10_corrected/seed_17/agreement_filtered_ema/medseg_slice_019.json,4dfc33cfbdcd60110a8c6afa30980c898febfb2777dec2f8f821594b2df49355,5350c75b58c51fd8d7e962094df0b534d4ca835998c419e0b1cf02bd6bc530ff,e26b9e52921066bde2e241b790267fe05ce38aa12bc96e86ba215037e922d0ff,1ab434a8634082d8c6701fcc24c35115b302a7508bc27ed851946726b2edb8b8,43992,44020,False,0.5699014067649841,0.3623300343751908,False,False
17,agreement_filtered_ema,medseg_slice_020,evidence/notebook10_corrected/seed_17/agreement_filtered_ema/medseg_slice_020.json,bcd223c51357dd7890312cb85b58e9903b06eea039e662f932f7b1974b74b12c,18b4eaa7ad5b66d486f8b995ccc6f893216f79cee8783310444dd7d5c8d9353d,89975c9bd05e14d1b04e2bc7086f4db6852d230ad3564ccf57bb3e95f4120475,1ab434a8634082d8c6701fcc24c35115b302a7508bc27ed851946726b2edb8b8,7825,8417,False,0.5820892453193665,0.3623300343751908,False,False
17,agreement_filtered_ema,medseg_slice_021,evidence/notebook10_corrected/seed_17/agreement_filtered_ema/medseg_slice_021.json,198299309ed940f3fd97f9b0e10c20e384efa6c04a5c0bd1856452919a0fd496,81aa23526708a85a4a1d06f3b6881b609b51f7d5f585ba6d81a869615d98c475,72d09ba96a6438b9902c6e95a94f3f6fa15efb28780ebd675a40744754f75501,1ab434a8634082d8c6701fcc24c35115b302a7508bc27ed851946726b2edb8b8,15964,16821,False,0.6924652457237244,0.3623300343751908,False,False
17,agreement_filtered_ema,medseg_slice_022,evidence/notebook10_corrected/seed_17/agreement_filtered_ema/medseg_slice_022.json,5302a1378278fdc67a5b59ea84f777531d6e4200accb2b79250f1947fa821395,64ee0cbad7d15a836dae2c915c0907accbad8d9ce932dca1a347e449c8125b63,8f33e185854f6fc755c8fbca4ae0bce0dae97d02e249c46661b2811833136cc6,1ab434a8634082d8c6701fcc24c35115b302a7508bc27ed851946726b2edb8b8,7317,7989,False,0.81796795129776,0.3623300343751908,False,False
17,agreement_filtered_ema,medseg_slice_023,evidence/notebook10_corrected/seed_17/agreement_filtered_ema/medseg_slice_023.json,db7226d078cc28553228fb61af44640daabc0f6927e251cdb7fa2ca1b6d8e373,9af7705482ff778f22df10e76dbde4bab2e80cf71faffcd88908b3e60e8c8d49,e4953e41c7c638baa4815a71f4041f23f1bc4be614643a1f2e2e8a58e0f59f79,1ab434a8634082d8c6701fcc24c35115b302a7508bc27ed851946726b2edb8b8,11619,12004,False,0.5541019439697266,0.3623300343751908,False,False
17,agreement_filtered_ema,medseg_slice_024,evidence/notebook10_corrected/seed_17/agreement_filtered_ema/medseg_slice_024.json,293d5b35bca7f1fb1900c17fc5e3301cd1ca7b763264b14229078786d72537de,ab8bc522616ae39913d84db14bb5d7e8ea6c3286e016cdb6b4d038bc66e6df9a,c3a672dd94a647e4a1c0618c79bb6d9dac48528da4228a1b6b8869f018df1d9a,1ab434a8634082d8c6701fcc24c35115b302a7508bc27ed851946726b2edb8b8,4288,4296,False,0.5019152760505676,0.3623300343751908,False,False
17,agreement_filtered_ema,medseg_slice_025,evidence/notebook10_corrected/seed_17/agreement_filtered_ema/medseg_slice_025.json,4969e49279e83753b8a6a92bf26cdcc3c058b515a8a73568a4197c4e461bc6e5,2f45dd8fe78fd78812c326ca9449b33ae769db450dca0469ed15a41ef19d46d0,aa271890409a75e9c9d677fcef16306cb6a71cfe9b031b6830cfade0b18712e6,1ab434a8634082d8c6701fcc24c35115b302a7508bc27ed851946726b2edb8b8,30342,31101,False,0.601829469203949,0.3623300343751908,False,False
17,agreement_filtered_ema,medseg_slice_026,evidence/notebook10_corrected/seed_17/agreement_filtered_ema/medseg_slice_026.json,bf0553df7023ec52c7193af65463cf9033de204716ae88918b80784c11c2c435,6e134155fe1a0ddb2e32d25c2b36e4dfe6b57d525f22bdbebac02edfe0f7681e,9e925c18f330686fe2ddb56c5f20f1a9d6b0a2f34cb50d539aad213dfe0dcfef,1ab434a8634082d8c6701fcc24c35115b302a7508bc27ed851946726b2edb8b8,8539,8550,False,0.5632023215293884,0.3623300343751908,False,False
17,agreement_filtered_ema,medseg_slice_027,evidence/notebook10_corrected/seed_17/agreement_filtered_ema/medseg_slice_027.json,e2bfee82d3dcd216bcbc5b73a5c601324ceed40a39413780fae06a44a111197a,c8eaf82c83154dd8158c7e1a0e512bae8f17583b66170cd7ed653d0138faa54f,806b7e24a2f9a91a9003cfa6ec0c2e7a4873ef5300010bf51c569e1d9aa344bc,1ab434a8634082d8c6701fcc24c35115b302a7508bc27ed851946726b2edb8b8,6833,7227,False,0.616904079914093,0.3623300343751908,False,False
17,agreement_filtered_ema,medseg_slice_028,evidence/notebook10_corrected/seed_17/agreement_filtered_ema/medseg_slice_028.json,8e02ed22dcf13008bf6df66c034bee374558430a8db44825057711532cb26038,a27464836bd308a475a125fa843754a105e600bb2ad4b812edd6f5a56d1aa211,3dfc402b75e3cbc21cb993abcba261097da9bf718898e640e72ff461e932dcbf,1ab434a8634082d8c6701fcc24c35115b302a7508bc27ed851946726b2edb8b8,13511,14102,False,0.5920678973197937,0.3623300343751908,False,False
17,agreement_filtered_ema,medseg_slice_029,evidence/notebook10_corrected/seed_17/agreement_filtered_ema/medseg_slice_029.json,df3fca92b008f53e84ab140446c5527298e3553f23510da3f65777eafee8c13a,33f8db11afe1c7eb5e6b62468eba9718dec4c8c697e2bf6bd50db334f5d41501,2128666e27ea88e9acef685f734806102294008563ac07d1c3240d31be1cb198,1ab434a8634082d8c6701fcc24c35115b302a7508bc27ed851946726b2edb8b8,51722,53981,False,0.6275957226753235,0.3623300343751908,False,False
17,agreement_filtered_ema,medseg_slice_030,evidence/notebook10_corrected/seed_17/agreement_filtered_ema/medseg_slice_030.json,b7738b42923280d7e8ebedd2aff5cbc2d45c7fbe883d6aaa9db1b5eec14cd3ce,6d1c3d9a2f370934ad345b4a33296a76f85147d0dec6a96b636c1d011b4dda94,753a538e5214df6d50403605c933905867545f66c99fb4f414cd2c35d7e164eb,1ab434a8634082d8c6701fcc24c35115b302a7508bc27ed851946726b2edb8b8,26554,25457,False,0.6008668541908264,0.3623300343751908,False,False
17,agreement_filtered_ema,medseg_slice_031,evidence/notebook10_corrected/seed_17/agreement_filtered_ema/medseg_slice_031.json,4edf5890aae7fbb382cfcfde056b460db413a7057d3ed21e34a9dd41a0bfcb4d,991cb01759b8dbda7afbd6424ced95443902778d16681e21b293708db7fd55e8,b815d874385ad5edb7a6f4b4b928894b416ebd12b4de9bc5b6985db21cd42bae,1ab434a8634082d8c6701fcc24c35115b302a7508bc27ed851946726b2edb8b8,17555,18530,False,0.5916544198989868,0.3623300343751908,False,False
17,agreement_filtered_ema,medseg_slice_032,evidence/notebook10_corrected/seed_17/agreement_filtered_ema/medseg_slice_032.json,87eb78fcc4c60ba9ae3535f46d407811d74d9f730ca293a41c8eae07033a4909,f292b8fdbbbc83332748ca351fa281ae14bfbd711d6a17a3f2ee9803d38e7c6a,e45b3f2ce6ddf090526c4423b93a8481d04aa96e600325fecba9b339861c89e3,1ab434a8634082d8c6701fcc24c35115b302a7508bc27ed851946726b2edb8b8,57389,57281,False,0.5480760335922241,0.3623300343751908,False,False
17,agreement_filtered_ema,medseg_slice_033,evidence/notebook10_corrected/seed_17/agreement_filtered_ema/medseg_slice_033.json,4e16714e9494597b898bc3aebd9c34a8d515a419fc67c37b91875b5519e265d1,4bdc25659921942b0073cc584192a52c6246d92a61d9eeb454dc05f7e9ccbdbc,73f0a3e44ae5e18988ca313ebbcded13eaef09efe9229e98b9ebc79608639514,1ab434a8634082d8c6701fcc24c35115b302a7508bc27ed851946726b2edb8b8,4544,5219,False,0.6255667805671692,0.3623300343751908,False,False
17,agreement_filtered_ema,medseg_slice_034,evidence/notebook10_corrected/seed_17/agreement_filtered_ema/medseg_slice_034.json,dd4d66cf6ff043cc1e849b1ca27c5f2e99d2b0d3dfd16540c8a5a402b3903254,fa92ecb25062aa754d4d9a19e5ee08d7253265278db40d20103165636e62d96f,56f1af35511f7bff98a09c2b8725d79c40490f9eefb9b9baa48aa62c85abfb26,1ab434a8634082d8c6701fcc24c35115b302a7508bc27ed851946726b2edb8b8,15605,15117,False,0.5715210437774658,0.3623300343751908,False,False
17,agreement_filtered_ema,medseg_slice_035,evidence/notebook10_corrected/seed_17/agreement_filtered_ema/medseg_slice_035.json,1a83faa5c0b30dd201b49aada091a8525ba2f94633cdcfb826909188eb8d3ae0,d20e77f5482d23ee3df3b2b3003d51c3aae144d1c4f8c557cd4c6b49e07dacbd,996a26733fd949006c7b4c0db42b16cb8a71b711edc382b2c4b8e5012b0f22cd,1ab434a8634082d8c6701fcc24c35115b302a7508bc27ed851946726b2edb8b8,14549,14634,False,0.5120178461074829,0.3623300343751908,False,False
17,agreement_filtered_ema,medseg_slice_036,evidence/notebook10_corrected/seed_17/agreement_filtered_ema/medseg_slice_036.json,e34f666e1047e79f5fa28c00235fc1f073a23ad7d4f155c43e1662421a54ce57,615ede383872d94b4a833ee952ccb931871ed330c0a519daf35f47f5996e83a0,243fca1380522b215b46c77e3363e25bdbe1fd09c126b169efd45cc8509e99a1,1ab434a8634082d8c6701fcc24c35115b302a7508bc27ed851946726b2edb8b8,16090,15919,False,0.6307344436645508,0.3623300343751908,False,False
17,agreement_filtered_ema,medseg_slice_037,evidence/notebook10_corrected/seed_17/agreement_filtered_ema/medseg_slice_037.json,f766aeec9ce545075d415769b6c6de57f47fe7e9da88662fb83e2f4e9e6205a9,7dea0c2ba5c3bcf88de9c78871733bac5d9af9a1c6847872d8d9ebc9f2c53456,920a5ad9728b30d2d0895f6c7b30a17de7a08672a1576860bba6c4cb445defd0,1ab434a8634082d8c6701fcc24c35115b302a7508bc27ed851946726b2edb8b8,15717,15834,False,0.5689910054206848,0.3623300343751908,False,False
17,agreement_filtered_ema,medseg_slice_038,evidence/notebook10_corrected/seed_17/agreement_filtered_ema/medseg_slice_038.json,c395c1a27c66299a5246209a18c9893d383ff490acdc47c421af19b41569b9d8,86b5cc9a8600d01a664a40c852886ea6364e258a1b2bff81eb7256b62c297e0e,72c510c8bd11dd0f6c7e4d6349838b492f3703efec068eebea4af0252e8849fa,1ab434a8634082d8c6701fcc24c35115b302a7508bc27ed851946726b2edb8b8,15689,16603,False,0.6938157081604004,0.3623300343751908,False,False
17,agreement_filtered_ema,medseg_slice_039,evidence/notebook10_corrected/seed_17/agreement_filtered_ema/medseg_slice_039.json,beb06405f3f233dd27413e11cab106d1d5dac059ecab2f24ea46f2bee0fbaddc,0fcf785cd38185d0d087ef0ffadec9a1d66e67ed54e57ee1dd04a21f0ebab134,a1e7874f93d6e3b75e78ed6913854c445d9b02274eb72813e98c41d87cc50267,1ab434a8634082d8c6701fcc24c35115b302a7508bc27ed851946726b2edb8b8,56738,56465,False,0.585278332233429,0.3623300343751908,False,False
17,agreement_filtered_ema,medseg_slice_040,evidence/notebook10_corrected/seed_17/agreement_filtered_ema/medseg_slice_040.json,85fa3cf8a38fa518f19311096e6db6d78bd2e856b2e3a757feb5a1a80bee1584,6c78bdd3cbbd2242af2d95d81389bf5a7ee7c6567a18829785e3b39d8afffb6d,339e649b26a8d31937be85fe61a420aa81d0b8da9351ac5cac9f733fb40e389a,1ab434a8634082d8c6701fcc24c35115b302a7508bc27ed851946726b2edb8b8,6318,6626,False,0.4787360727787018,0.3623300343751908,False,False
17,agreement_filtered_ema,medseg_slice_041,evidence/notebook10_corrected/seed_17/agreement_filtered_ema/medseg_slice_041.json,3ccd2faaf4586e4e844ccc640bf999e8ea53823be0464f4d20d617e91d5a5707,9c75b70c6327bf6e31fa3135b9fb0fcf3ca9fc30aa896550f0a942436f56e3db,590b5290b523e89bf4e230fd1b6d1cbbf63028416f13c4683c0e55a8ec02b4fb,1ab434a8634082d8c6701fcc24c35115b302a7508bc27ed851946726b2edb8b8,27534,27632,False,0.5377430319786072,0.3623300343751908,False,False
17,agreement_filtered_ema,medseg_slice_042,evidence/notebook10_corrected/seed_17/agreement_filtered_ema/medseg_slice_042.json,dc71a856306e1abe74d16cce52594746df704ac1b324a132638e59f53264628f,0cc526956ec56831244b119eef0c69ac7ca108b7c0a3ea2dfa55bf5f2d6d3163,0a823247f449f54bad040a04112bb226b15bea992fefdaceac1462a58db33ad6,1ab434a8634082d8c6701fcc24c35115b302a7508bc27ed851946726b2edb8b8,24494,24814,False,0.6244934797286987,0.3623300343751908,False,False
17,agreement_filtered_ema,medseg_slice_043,evidence/notebook10_corrected/seed_17/agreement_filtered_ema/medseg_slice_043.json,aa2e8373436dc902064240b960cd875f1651f49547a8ca440025381afcb02434,46432f1b9e86148c029fd9a47a636c704041b9b36fa269c4e95a0377b73f6574,ad156796ead7b4266ec210b9fee5413eb287353f5ec969f45ce5313f1abc2000,1ab434a8634082d8c6701fcc24c35115b302a7508bc27ed851946726b2edb8b8,15067,15175,False,0.5796228051185608,0.3623300343751908,False,False
17,agreement_filtered_ema,medseg_slice_044,evidence/notebook10_corrected/seed_17/agreement_filtered_ema/medseg_slice_044.json,5a60a5cf117990e32ab4f1ecd465c57f1000d707c15ad3d1daa77006fa2139a3,62327805fe0bdcfca5d4229bdfd4d6ca113527e54d34b52fbb84daeae6649cff,1b85cb3be75e7c79e397e61f9a7b604a20dc873524a6a18054621c6a1deda626,1ab434a8634082d8c6701fcc24c35115b302a7508bc27ed851946726b2edb8b8,5423,5467,False,0.5037820339202881,0.3623300343751908,False,False
17,agreement_filtered_ema,medseg_slice_045,evidence/notebook10_corrected/seed_17/agreement_filtered_ema/medseg_slice_045.json,10d7e4ad1e0bfce653b58101762734962e05136a6eacbf1b67dd919e7eaec91c,6051c48383f7b9e17ac4b8f6b5d55884691b44daca2e40200599b9ee71e628f6,b35e1c03ee789198d4eb9a6537618aeafd86546a44d918c5a99db1060f951508,1ab434a8634082d8c6701fcc24c35115b302a7508bc27ed851946726b2edb8b8,20121,21508,False,0.6331193447113037,0.3623300343751908,False,False
17,agreement_filtered_ema,medseg_slice_046,evidence/notebook10_corrected/seed_17/agreement_filtered_ema/medseg_slice_046.json,5df187230d68c69f5e049a826341ea2840effc9d974fdc3c164c3010485f12a5,2eb1583cef892b6dd50a263c31d011298400fe917978ee2af035d4f906e8044a,d7e4d8d0a06643cbcde5704b6a202ca31dd7b052aebe3167601c48d205aee2a1,1ab434a8634082d8c6701fcc24c35115b302a7508bc27ed851946726b2edb8b8,3655,4054,False,0.5204023122787476,0.3623300343751908,False,False
17,agreement_filtered_ema,medseg_slice_047,evidence/notebook10_corrected/seed_17/agreement_filtered_ema/medseg_slice_047.json,48f6741f4cb94680c49b202890de5d90c79a9d22dbd56ba3e40f4b1a7d14aff5,599f52419ba04d8654b279eb242d7adf8cd8808efb441c346c1d48645e8884df,681712dd4d0b7d7bd79088b5222ead0a82fec0f9d79129400e0cf998d59495b5,1ab434a8634082d8c6701fcc24c35115b302a7508bc27ed851946726b2edb8b8,30987,30914,False,0.5746805667877197,0.3623300343751908,False,False
17,agreement_filtered_ema,medseg_slice_048,evidence/notebook10_corrected/seed_17/agreement_filtered_ema/medseg_slice_048.json,ffd2bc10689126a7b300a8e1f2a0831a2bac6c3ee2bf71448539eb69271f81e5,1a0a4f94eb8c89cf9c9f6518cff762ad4cc84f36cc4aad40fe7a5077d06383c6,19b2620cc3e287d94f30fbf25c03ef1344b38e61a79727668ffacb5da2adb954,1ab434a8634082d8c6701fcc24c35115b302a7508bc27ed851946726b2edb8b8,0,0,False,0.0606582500040531,0.3623300343751908,True,True
17,agreement_filtered_ema,medseg_slice_049,evidence/notebook10_corrected/seed_17/agreement_filtered_ema/medseg_slice_049.json,7d378f7b2ef9c568a20e572810674fbce4e9d1d82769c5306e865b54450ffe58,bfe5c22279be9fd16e131ffcf4c45716f555a80e8bf2cf5548a138f7a04ad198,8c200008b13c60c3dcff62e35d634350c7382126e7ac0cc0c9df177295e61188,1ab434a8634082d8c6701fcc24c35115b302a7508bc27ed851946726b2edb8b8,9580,9797,False,0.515170693397522,0.3623300343751908,False,False
17,agreement_filtered_ema,medseg_slice_050,evidence/notebook10_corrected/seed_17/agreement_filtered_ema/medseg_slice_050.json,578546d3272808a224a3fbb2e2659d6b67dbee4cefda653ff1b807339c5743fc,6555903cfc6d3803550ef86433f64485518329216c578b6289e9181ac0397950,deb1cf713967c17c0dd724afb31f9f1b18cef58105dc79a372eac8c387a37934,1ab434a8634082d8c6701fcc24c35115b302a7508bc27ed851946726b2edb8b8,12989,15066,False,0.6918581128120422,0.3623300343751908,False,False
17,agreement_filtered_ema,medseg_slice_051,evidence/notebook10_corrected/seed_17/agreement_filtered_ema/medseg_slice_051.json,17fb8a2ba554a1b4170a8017cd34e267192396478cfe9938d990ca34a24f82df,3df139597aa1b0ae7da043646935a1da1ae062c7566a524db57f1474892ab158,767bbe3a42f28b00dff7a4f5688cc8063eb5959ecb8284c99bce2e3577b0fc88,1ab434a8634082d8c6701fcc24c35115b302a7508bc27ed851946726b2edb8b8,59217,61555,False,0.6551787853240967,0.3623300343751908,False,False
17,agreement_filtered_ema,medseg_slice_052,evidence/notebook10_corrected/seed_17/agreement_filtered_ema/medseg_slice_052.json,6b54fb0a54e404ec4b4a54131e4572498c47a4547cac20268cc609f84c0dbb15,947d10c4f46f27d4b12ef9b1fa165636306c8991c21e9225c4fb1b2bb00a6ca9,d6da0fa4afb0e8206addc79ecfc1a9448adce832435aba06736e93013264165b,1ab434a8634082d8c6701fcc24c35115b302a7508bc27ed851946726b2edb8b8,5918,6141,False,0.5697464346885681,0.3623300343751908,False,False
17,agreement_filtered_ema,medseg_slice_053,evidence/notebook10_corrected/seed_17/agreement_filtered_ema/medseg_slice_053.json,2c7f1415bf285e7b9b37d96df5dd2cf364c964026650d8e457f2040fe1f97916,6b77c6872f4cba2318444a68c589acd81a42ac9e5c650c9edabd258fe66225de,af6bfb661c985c229119403d33a3a4d76f59e628d2cef60c00fdfc4b9485f530,1ab434a8634082d8c6701fcc24c35115b302a7508bc27ed851946726b2edb8b8,46858,47371,False,0.6141135096549988,0.3623300343751908,False,False
17,agreement_filtered_ema,medseg_slice_054,evidence/notebook10_corrected/seed_17/agreement_filtered_ema/medseg_slice_054.json,197901e5bd6873a59c151e9d0492b6e084e0322c40a584fe76c82869efd7d995,bed928cf09892a2e88c9b802bc0786a408ad642d4573a641024b32f6d69369f3,9c5924fde58bfd47f5f5401913826da1b8c4fe80b65f7dcd4c264d5ca0afcba0,1ab434a8634082d8c6701fcc24c35115b302a7508bc27ed851946726b2edb8b8,15150,15030,False,0.4938767552375793,0.3623300343751908,False,False
17,agreement_filtered_ema,medseg_slice_055,evidence/notebook10_corrected/seed_17/agreement_filtered_ema/medseg_slice_055.json,60fcf8281c961b5afecd9e12cc71974bc7b1e7f45d1535c74d55e4412e9f74f4,9b830341fd52efe1641062e7c4991bf8503c7d889302a72aa266d828011539e8,b3b647a4fb55b724db6978a5b8708c8bb2612d700868d81175aaf9399d6b10ea,1ab434a8634082d8c6701fcc24c35115b302a7508bc27ed851946726b2edb8b8,43351,45109,False,0.6931378841400146,0.3623300343751908,False,False
17,agreement_filtered_ema,medseg_slice_056,evidence/notebook10_corrected/seed_17/agreement_filtered_ema/medseg_slice_056.json,a3d7ecf0f829094110cc984b7a0da759b2db3f794db625257ec7837eb9af839b,bd95ed4d5fbf50f55d5bd7667991f6471a878bf8a891ac37d0d81a4000735107,bbc6a7f5d1b0b90471ce963d87b8ae266be69e47736306000ed879c5d089847c,1ab434a8634082d8c6701fcc24c35115b302a7508bc27ed851946726b2edb8b8,5562,6025,False,0.5579413175582886,0.3623300343751908,False,False
17,agreement_filtered_ema,medseg_slice_057,evidence/notebook10_corrected/seed_17/agreement_filtered_ema/medseg_slice_057.json,bed7fbcc63c13998cef83f044ef3e1849a92333c31ddbadece778164200c3cb8,72e1841c935c9964794b40c746e187245203b38fae29bf0caeb2e7a02c46c5c6,f335f23642afb9907e32a629abd3a564d1dbafdd8226bb78ef02b14d8afe3e88,1ab434a8634082d8c6701fcc24c35115b302a7508bc27ed851946726b2edb8b8,33781,34218,False,0.5760107636451721,0.3623300343751908,False,False
17,agreement_filtered_ema,medseg_slice_058,evidence/notebook10_corrected/seed_17/agreement_filtered_ema/medseg_slice_058.json,04247169c4c0a24a795f67b31fa3b4e8274fbfd8506c44c3f7524da5cdf7498a,75255b5303a732feb9eab706e92e55632c4ab305b2e361e60bd0cfe123ae170f,fa896c30317c1a8d8cc1180f9ab7a021431b4f8644b3c4fc3f4553dc8ad832ca,1ab434a8634082d8c6701fcc24c35115b302a7508bc27ed851946726b2edb8b8,40390,41416,False,0.5902749300003052,0.3623300343751908,False,False
17,agreement_filtered_ema,medseg_slice_059,evidence/notebook10_corrected/seed_17/agreement_filtered_ema/medseg_slice_059.json,0fa677eee9204d0b2ffb736bd2613ac6c80ad294bd1242a26699949805ae47b6,66432a86c920010c446c160b5cd6716aa210f043133d4f5013dc52cacf07093d,9775ebca0f5d89e93ad441b6abe870cf36d896059f658d291a0c466497ed8704,1ab434a8634082d8c6701fcc24c35115b302a7508bc27ed851946726b2edb8b8,34987,36974,False,0.6096889972686768,0.3623300343751908,False,False
17,agreement_filtered_ema,medseg_slice_060,evidence/notebook10_corrected/seed_17/agreement_filtered_ema/medseg_slice_060.json,fbce6005445fea082f87d7525eb0f00eb7c7933bad51c7ebbf27b0ba8e108923,cd3c4fcc0293decb3fe5d6cc2605c992fc0c5dcd0f600ee6608e2825c77d8613,cb80c3a447b02f2a1cd7438dbbe81fe2e0c18a68b1b3c5194cb4b6ecb7300ba0,1ab434a8634082d8c6701fcc24c35115b302a7508bc27ed851946726b2edb8b8,51488,54220,False,0.6150243878364563,0.3623300343751908,False,False
17,agreement_filtered_ema,medseg_slice_061,evidence/notebook10_corrected/seed_17/agreement_filtered_ema/medseg_slice_061.json,5cbdb9a3e0d245436d4bbc6227e4d554f9f51976bc5628f57035022c34eeedc9,6deb5ee0627e5581fc35f43720cacd11f4bdbf4ed6bb1340ef5438070445bc82,5d6094a0a1efec170b0a5ade786780c6caf9a9959262b6c18d1632f52282f1de,1ab434a8634082d8c6701fcc24c35115b302a7508bc27ed851946726b2edb8b8,5140,5398,False,0.5124931931495667,0.3623300343751908,False,False
17,agreement_filtered_ema,medseg_slice_062,evidence/notebook10_corrected/seed_17/agreement_filtered_ema/medseg_slice_062.json,9946dba375ba475149a5d3d69929f05ff7c8f190467dfa4d1200a4393db3b627,4e8d39e256ff340b2a45f4378b868d050f22e607ca7b4f9a6e71f8712d4fa13c,d235a5439cb0ea9c481ff040df0a71ee38c129ea103396365dc166552ff7b92d,1ab434a8634082d8c6701fcc24c35115b302a7508bc27ed851946726b2edb8b8,133364,133794,False,0.6368902921676636,0.3623300343751908,False,False
17,agreement_filtered_ema,medseg_slice_063,evidence/notebook10_corrected/seed_17/agreement_filtered_ema/medseg_slice_063.json,a680c679b142d099a7985df895d348db9afd5e7b84671ebf811d1424778e176b,4889473fac3da948fc3f811865dc1c349fb522b402944f43b446c1ee77b07406,69e34d02c692481a3e4bdcceb661855c8871d2c52c2424872115b9110c61729a,1ab434a8634082d8c6701fcc24c35115b302a7508bc27ed851946726b2edb8b8,6288,6508,False,0.4725654721260071,0.3623300343751908,False,False
17,agreement_filtered_ema,medseg_slice_064,evidence/notebook10_corrected/seed_17/agreement_filtered_ema/medseg_slice_064.json,df5be6d55744dab2f969ac3acd77ec6e88a4532c3b30890ba6c4e20210d6b3e4,03fcb275fd8e2728d23b62183eda8538d6e5dbe04daf74037d187950ae5bb596,4c974f4d94b2898e7af55c7bfa2f7e38f3c741ce2980a3e0143f64560c033d62,1ab434a8634082d8c6701fcc24c35115b302a7508bc27ed851946726b2edb8b8,2132,2195,False,0.3345248103141784,0.3623300343751908,True,True
17,agreement_filtered_ema,medseg_slice_065,evidence/notebook10_corrected/seed_17/agreement_filtered_ema/medseg_slice_065.json,1cda40247c728f67035cb92edf6218c0f693d45485c4bb557cc6b548e07962d5,78ced4fafa033d183d63214bde76d7ab4fe12dede9ac7b3ef9bc08b27b3571db,11f572184677b0fa4a16868f5a615dae694876805b5545f44007315fe187bc69,1ab434a8634082d8c6701fcc24c35115b302a7508bc27ed851946726b2edb8b8,9998,10387,False,0.5201895833015442,0.3623300343751908,False,False
17,agreement_filtered_ema,medseg_slice_066,evidence/notebook10_corrected/seed_17/agreement_filtered_ema/medseg_slice_066.json,a522eaf380debbacb66ad35414ae2e9f5891e91bdaaf58fde9f3db05b7d0faef,90bd0e396d4496086e1a7832dfb230ed407815031b7fb6c08838557943d849cf,21283c62c8d5cd390227e5dda542f7112dbef6ebc6acb77c3327c3ea155ebfb8,1ab434a8634082d8c6701fcc24c35115b302a7508bc27ed851946726b2edb8b8,1331,1411,False,0.2327155321836471,0.3623300343751908,True,True
17,agreement_filtered_ema,medseg_slice_067,evidence/notebook10_corrected/seed_17/agreement_filtered_ema/medseg_slice_067.json,7533a31bd9ff68a67019cef8016b0221d79c6ac39520da3649104a7cafdf6c36,da25e3994dce35c43bd05f586c032b0ab14e4a8288b55ca6abfce1f2be8ac0b5,bad661d14997cab5339ae161e7c177e3b2ee480e6c2d90e1c37b67d4db9f9705,1ab434a8634082d8c6701fcc24c35115b302a7508bc27ed851946726b2edb8b8,15912,16364,False,0.5492152571678162,0.3623300343751908,False,False
17,agreement_filtered_ema,medseg_slice_068,evidence/notebook10_corrected/seed_17/agreement_filtered_ema/medseg_slice_068.json,86691cd4d26b7b12a0dfde7ea41c336cb8a629cc57b2dd7de3a4c406c317a6ee,611d6571ef4fc4f7661ee81f2d9e7fc82e0b44519762e3126e58f974d314b6a7,285c6af0b83cf44eb78d653fd5222764a5eac15186ec735bfb6bf8c368f50497,1ab434a8634082d8c6701fcc24c35115b302a7508bc27ed851946726b2edb8b8,18254,18972,False,0.6311960220336914,0.3623300343751908,False,False
17,agreement_filtered_ema,medseg_slice_069,evidence/notebook10_corrected/seed_17/agreement_filtered_ema/medseg_slice_069.json,bb36ee003585f337897d6ef0a2c1f98ef2bdb02eb442f0b0007bf0a19c1e2bef,173dc9154cef478382c0b157519d6fee70353d4cfc9171dea449104af3d052f5,632e02a379bc553b5b6158a3f8b0674d8cc0c9a576d02b621b81cd7e4b50488c,1ab434a8634082d8c6701fcc24c35115b302a7508bc27ed851946726b2edb8b8,47089,48163,False,0.6288355588912964,0.3623300343751908,False,False
17,agreement_filtered_ema,medseg_slice_070,evidence/notebook10_corrected/seed_17/agreement_filtered_ema/medseg_slice_070.json,a09bf907e2bb260d35629631a9cce48149445fc1c94fa5c58bd08270a04a3ebc,4544eaa872af69cbed8988da4d5d0c3475e23a7aaf2b01fb97f10737d582cbb4,bb91f7af9ff018f4027ad40f9e97c92e94a96a5f088e990ffbce60ea8c76db2b,1ab434a8634082d8c6701fcc24c35115b302a7508bc27ed851946726b2edb8b8,18857,18790,False,0.5835379362106323,0.3623300343751908,False,False
17,agreement_filtered_ema,medseg_slice_071,evidence/notebook10_corrected/seed_17/agreement_filtered_ema/medseg_slice_071.json,571bc997614ecb67a58b37ae0b64da51f38b8aa9e03936d00dadcde22e30f216,17e403ea17c691de6e3ae789596346f869afeb92512e5672a15e7d8abbb9267f,df02b9032e8693e3053feb9280204772396947cd12325ab3d4a928ccdbffcbd6,1ab434a8634082d8c6701fcc24c35115b302a7508bc27ed851946726b2edb8b8,39628,40218,False,0.5671738386154175,0.3623300343751908,False,False
17,agreement_filtered_ema,medseg_slice_072,evidence/notebook10_corrected/seed_17/agreement_filtered_ema/medseg_slice_072.json,7ba9f4f4b9de5c44125790e1048dce7f9894627ad6e32d53b3cf58ddcc57ab62,2a410a9ac5ea84153d3c47b98dc566183b1b9979ab90f5c80a5d8f33642a09bf,786f244b0d6bac79cb23046753e665c526ae8c4ebcfff7879305f057e06db363,1ab434a8634082d8c6701fcc24c35115b302a7508bc27ed851946726b2edb8b8,34699,35279,False,0.5782880187034607,0.3623300343751908,False,False
17,agreement_filtered_ema,medseg_slice_073,evidence/notebook10_corrected/seed_17/agreement_filtered_ema/medseg_slice_073.json,c10109c4c95c0d17520b82bd306592df976adf342f865733fe82fc4dd7b2f0ee,18ed5ef2c0a1d1f7ac900b4f4b090538011062498178b1152a7a4ba447105dc1,03b97f37be99c3904958cdbd276a0386ce9594950b576a4c996f3b8d8b4b5a26,1ab434a8634082d8c6701fcc24c35115b302a7508bc27ed851946726b2edb8b8,8314,8657,False,0.5186520218849182,0.3623300343751908,False,False
17,agreement_filtered_ema,medseg_slice_074,evidence/notebook10_corrected/seed_17/agreement_filtered_ema/medseg_slice_074.json,5ad7582082b1f03c551b1d6d816cc2b298113855a70b4d270ec37d28688b8f17,d47587d79aa5ed20903af43972eaa5bc2bb401101ad705e138ded0a366077814,ff081f9417985b199d61e6adbc8a36c511f407d6f121fd6ed7e105af23aba325,1ab434a8634082d8c6701fcc24c35115b302a7508bc27ed851946726b2edb8b8,4277,4441,False,0.5731767416000366,0.3623300343751908,False,False
17,agreement_filtered_ema,medseg_slice_075,evidence/notebook10_corrected/seed_17/agreement_filtered_ema/medseg_slice_075.json,be05b874d22ec281f5c6a618837752bd8a0a544d10b18e4c9377db855e60893d,2b20e4b08b199c5775c6e26773d4702063487ca22eb3d447d8b6526848f9e38e,6f808c9a3b275ea1e0da23bfde8f647b41da8f4e3e5a4b460701d8504bfc3503,1ab434a8634082d8c6701fcc24c35115b302a7508bc27ed851946726b2edb8b8,20937,21447,False,0.615678071975708,0.3623300343751908,False,False
17,agreement_filtered_ema,medseg_slice_076,evidence/notebook10_corrected/seed_17/agreement_filtered_ema/medseg_slice_076.json,ccc011a2280d6847d91e50729f0a6f7d308263c4a3d5e4168192b0da4c42e868,1376dfdafb090109d5fe682f4105fd82e79722762cec0f8f008738cc4565f7a2,1296ca06f417934841e408dfda0feea33f0364a723a2983ee962c341d822804a,1ab434a8634082d8c6701fcc24c35115b302a7508bc27ed851946726b2edb8b8,54311,54430,False,0.5713503360748291,0.3623300343751908,False,False
17,agreement_filtered_ema,medseg_slice_077,evidence/notebook10_corrected/seed_17/agreement_filtered_ema/medseg_slice_077.json,7ccbf88b421a4303fa23b59edfbecdeabbf07770938f5bdd92fef4012da556cd,fa404920c04ae68ad75b0b586d130242052bb7f5ed1f63fce55d47a0d9616ed5,ae4e8b87f0d3c3ca28dd496d7d8f46fcd747beed2ae4c7dcd8cd08617d98fde1,1ab434a8634082d8c6701fcc24c35115b302a7508bc27ed851946726b2edb8b8,26924,26829,False,0.5281884074211121,0.3623300343751908,False,False
17,agreement_filtered_ema,medseg_slice_078,evidence/notebook10_corrected/seed_17/agreement_filtered_ema/medseg_slice_078.json,981cd6196569c7958ea7c0be68f140b73f51bb4f102744c1d7cf0de3de25c5df,1a23c315b6201c57f1853ae092ca71dfe151ccd85e520ab1b2a6e67f82232a72,74e5ae5176d04f754933ebda2c9f8e9eabce732ea82bd79f9aa3204e6c3cd9ab,1ab434a8634082d8c6701fcc24c35115b302a7508bc27ed851946726b2edb8b8,23831,24400,False,0.5496275424957275,0.3623300343751908,False,False
17,agreement_filtered_ema,medseg_slice_079,evidence/notebook10_corrected/seed_17/agreement_filtered_ema/medseg_slice_079.json,108298660f13b4ec23ce9fbec5d8e5bb3118664c15afb78d9da8b2a60315ee1f,8dfcbcc7ba15437a9ff853a0f4a546a82e6bed74f0f1c527a423e61338bd0c8d,efe1bdf65794171da1da48bff269622860f01120586368e0cb25aa342f418607,1ab434a8634082d8c6701fcc24c35115b302a7508bc27ed851946726b2edb8b8,45187,45352,False,0.5443854331970215,0.3623300343751908,False,False
17,agreement_filtered_ema,medseg_slice_080,evidence/notebook10_corrected/seed_17/agreement_filtered_ema/medseg_slice_080.json,0e4146914344ea11fda5385b4a2390c80029e873b267ad2b1c9b32e86d630d86,e9cd70df971fbe33f4bd19eabaf9bcd53a492a5d57da12dc7751e69fde173bf2,9c5878d278b0fb9fe77aa1094fceaa7e1880552dcffb2fa4cb4cfd95854df995,1ab434a8634082d8c6701fcc24c35115b302a7508bc27ed851946726b2edb8b8,18541,18485,False,0.5650545954704285,0.3623300343751908,False,False
17,agreement_filtered_ema,medseg_slice_081,evidence/notebook10_corrected/seed_17/agreement_filtered_ema/medseg_slice_081.json,b0432b5aba2f2481e67d39b753e10cc2e24495aa12add49a8a9a32c89ab049a4,f15fb59625c42ab05fc0d719acc290fae7d8e54066e8197ec67b86a31cc9197b,621779d4f3096b8a7f812ce3b478ef8757cb22b31c9f196144fa187ba0895706,1ab434a8634082d8c6701fcc24c35115b302a7508bc27ed851946726b2edb8b8,4316,4415,False,0.5018917918205261,0.3623300343751908,False,False
17,agreement_filtered_ema,medseg_slice_082,evidence/notebook10_corrected/seed_17/agreement_filtered_ema/medseg_slice_082.json,cd82b785d77e5b81007fbbb62ae8cf4e53056a74d2dd0ed09b4112b4dd6cee79,52500249be87efa71b05d17360462f671f24acb04027fc9ad0779f281f27fe62,2885ac29d5f6d9fae8b5d16e1214bab2f47a7d48754d32a5d66bf46465fa6634,1ab434a8634082d8c6701fcc24c35115b302a7508bc27ed851946726b2edb8b8,10185,10443,False,0.5293712615966797,0.3623300343751908,False,False
17,agreement_filtered_ema,medseg_slice_083,evidence/notebook10_corrected/seed_17/agreement_filtered_ema/medseg_slice_083.json,e7cfb9da806c016ac8e1eb4a6d5043af670b28b8f5b5ab0d35ff37c556a4ae69,2777c02e05128caa1569850d49d834d41bd84e0238de401ba4f506df31b190e4,9bca2ea21432a7b5736731cab50a8af0079e8e08e24c6204abb4db382bd88a6b,1ab434a8634082d8c6701fcc24c35115b302a7508bc27ed851946726b2edb8b8,2884,2972,False,0.4162428975105285,0.3623300343751908,False,False
17,agreement_filtered_ema,medseg_slice_084,evidence/notebook10_corrected/seed_17/agreement_filtered_ema/medseg_slice_084.json,1e231a718c4e42139ba0065ba5ca2d0198ed74fd069664120c9c3d0daae852aa,026775d2c8e50ecb200ecf1bff2de83e631bbfb47b6c1bb2929e1837a82ee0ba,a55610b7b313686cf3f257a059254e08efc33e61343c31437809a1e4aad3854b,1ab434a8634082d8c6701fcc24c35115b302a7508bc27ed851946726b2edb8b8,8373,9329,False,0.6651036143302917,0.3623300343751908,False,False
17,agreement_filtered_ema,medseg_slice_085,evidence/notebook10_corrected/seed_17/agreement_filtered_ema/medseg_slice_085.json,11399b1d503237a04cd8e39624a863f7793079196353795058c77ed7a85869e8,1a83cfc87b7827614338e7584e034e4825c6b00cdd79a264856ece86db71f76d,317ba8bdaf80fd83c31eca2547d3ba54dda259369ce5c2a794a5b74adb0e4554,1ab434a8634082d8c6701fcc24c35115b302a7508bc27ed851946726b2edb8b8,28430,28946,False,0.5710071325302124,0.3623300343751908,False,False
17,agreement_filtered_ema,medseg_slice_086,evidence/notebook10_corrected/seed_17/agreement_filtered_ema/medseg_slice_086.json,387a4198636eb1948a324bfc5622a61a5d084cc3b01053217e41d09a077c65f6,eb33c520222e906cd1928eaa6e641d93338b343871d22e726187ed3282bd7aba,376a4da707a8bff08d923c94496fca36a7e9926c71cfebaab8d7ef1ef82d5fd7,1ab434a8634082d8c6701fcc24c35115b302a7508bc27ed851946726b2edb8b8,4250,4483,False,0.4391459822654724,0.3623300343751908,False,False
17,agreement_filtered_ema,medseg_slice_087,evidence/notebook10_corrected/seed_17/agreement_filtered_ema/medseg_slice_087.json,d4dcc7e456bd0a4f8fb36db3e7022fdaf1b7080564f712ad1c1fcc9aeb806353,71b6a3474ce9d3bc1f43853c32d7f0932cd49bb2026e8a48506c61cafc8a8ebc,7222c4c6659711b7d69f638608ace5a5277fbcb2a609df1915fe5faa49e763e5,1ab434a8634082d8c6701fcc24c35115b302a7508bc27ed851946726b2edb8b8,35839,35161,False,0.5882203578948975,0.3623300343751908,False,False
17,agreement_filtered_ema,medseg_slice_088,evidence/notebook10_corrected/seed_17/agreement_filtered_ema/medseg_slice_088.json,fb6534fa89ee5ae5109b97856049107c05a5dc1518d1eea0637af289d19a87a4,54f628ad7ccb3bce4073d076c72f44ddc628531a007a24e42353f5e48de59b77,74028bb1a7fe365cdc1ce083fd325ba653502a7196724ca574d92df2c8a9b61b,1ab434a8634082d8c6701fcc24c35115b302a7508bc27ed851946726b2edb8b8,16132,17412,False,0.6127484440803528,0.3623300343751908,False,False
17,agreement_filtered_ema,medseg_slice_089,evidence/notebook10_corrected/seed_17/agreement_filtered_ema/medseg_slice_089.json,a020a9939b4db3991ac3ff8bc492d1050df3980ab73af2a5b820f208807b039d,4b2b14bd7faa5bedfa75db01c2d28d18a8c76b3cf9a160f6ebf5680d2f2f117c,6194a81076bf4a43e6716960575dd88fa7f1d1aa5e860059459bcc7cfbbf75d7,1ab434a8634082d8c6701fcc24c35115b302a7508bc27ed851946726b2edb8b8,970,1021,False,0.2214506715536117,0.3623300343751908,True,True
17,agreement_filtered_ema,medseg_slice_090,evidence/notebook10_corrected/seed_17/agreement_filtered_ema/medseg_slice_090.json,4a0c8af1ceb52e812cc927926b3b3508aa5b397e3747cfcb0a68bfa1fb5f04b1,381278d48cabda98d106bc4223d81ce6f2d668949b128abab3387d5b0a0b20c2,8b4ac08700512cee18a2f92e75aa680a111e6ccfc86cea585c500290adfd6123,1ab434a8634082d8c6701fcc24c35115b302a7508bc27ed851946726b2edb8b8,14103,14785,False,0.5673546195030212,0.3623300343751908,False,False
17,agreement_filtered_ema,medseg_slice_091,evidence/notebook10_corrected/seed_17/agreement_filtered_ema/medseg_slice_091.json,d9a3052837870d844fff49163680f7c408e6d37ff15d237e9117ed46455cfc19,2e2ed6c8129cab6f77b3a56db9159a0dff3c09a402040bb88e812f085f409d40,13bd2c4a8284fea3282eaa151131747774970cfbb4573efe0caf3b4716656362,1ab434a8634082d8c6701fcc24c35115b302a7508bc27ed851946726b2edb8b8,8285,8551,False,0.5122104287147522,0.3623300343751908,False,False
17,agreement_filtered_ema,medseg_slice_092,evidence/notebook10_corrected/seed_17/agreement_filtered_ema/medseg_slice_092.json,dc6542bdb391a64cf31f35addfcd937a50a994d40b2055409bdb34da060ec3b2,ac9d67f83b27a9bc11ecb219be66336dd29a551c2339ff613706a508abd07055,a00f5f7aac557bfa13617e75833090844ef2f837f512fcdf2e8d156e28296ead,1ab434a8634082d8c6701fcc24c35115b302a7508bc27ed851946726b2edb8b8,17371,17671,False,0.5911025404930115,0.3623300343751908,False,False
17,agreement_filtered_ema,medseg_slice_093,evidence/notebook10_corrected/seed_17/agreement_filtered_ema/medseg_slice_093.json,05470c74b84c31e30c4812b4fa2e8cc1de476963ec6dccc963151ff70b0418e7,8f6e71b6a69bbc05e72f804af8ab24b635370f68ec0717e225f526e30f5aa356,0b08e4e1895f7e449fd3d81240bd6e92390aa3c5e50a94f24ed087ecdc0d4ddf,1ab434a8634082d8c6701fcc24c35115b302a7508bc27ed851946726b2edb8b8,6986,7296,False,0.5620856285095215,0.3623300343751908,False,False
17,agreement_filtered_ema,medseg_slice_094,evidence/notebook10_corrected/seed_17/agreement_filtered_ema/medseg_slice_094.json,4fc776b41bea4fcbb80d19350b7a7854fcb153022c0260c4524d0377b5015b32,8f2050855ab04c9d92c01af93d2378678f9114fbdf6a7dd366696fd11fe1c9e4,86637398c1eefb2782b4adc7dfac831b356a04a1547c8fedb9d6a893d30dab06,1ab434a8634082d8c6701fcc24c35115b302a7508bc27ed851946726b2edb8b8,8565,9427,False,0.6263865232467651,0.3623300343751908,False,False
17,agreement_filtered_ema,medseg_slice_095,evidence/notebook10_corrected/seed_17/agreement_filtered_ema/medseg_slice_095.json,e1b76c1fc7b242b7c4fcdb08b088413daa1a284ebc9f1d16e16f3ee75c97bd77,8dd47a71fdd1fc0ba9e75076db4c871e78590540ede0109fd6441a70e10e30eb,e4b623682b33a9ec07e163646725bee2d4294f65953a2dc3a37b06cf7b8d302e,1ab434a8634082d8c6701fcc24c35115b302a7508bc27ed851946726b2edb8b8,9536,10032,False,0.529448926448822,0.3623300343751908,False,False
17,agreement_filtered_ema,medseg_slice_096,evidence/notebook10_corrected/seed_17/agreement_filtered_ema/medseg_slice_096.json,dd82839329a7ed3c7922c105bbbdfeac70650a03cc7f4a1d5949fca5b7493b2c,2dc2cfcafe292992cd5b95eb0d45a0cb75805f3dc41e36949537fd1251d26a76,492cbee9de1bc627b7bde6efb38de6c5922d1e1b17eddc8bbb6b3ae5b19cf11b,1ab434a8634082d8c6701fcc24c35115b302a7508bc27ed851946726b2edb8b8,54065,55565,False,0.6104822158813477,0.3623300343751908,False,False
17,agreement_filtered_ema,medseg_slice_097,evidence/notebook10_corrected/seed_17/agreement_filtered_ema/medseg_slice_097.json,3d907540b35dfa1d215c535f89d5d201e2ec5192ed8cd596ce08e6080a38f8e0,804ba71bf2ef9fabd78bf16e9e974e7b517c29651650e25d742d5d7f390448d3,038cf5477c36d764ff6e148dd68f83574561f4c5d76e6214d196cf82970a0462,1ab434a8634082d8c6701fcc24c35115b302a7508bc27ed851946726b2edb8b8,6810,6854,False,0.5566122531890869,0.3623300343751908,False,False
17,agreement_filtered_ema,medseg_slice_098,evidence/notebook10_corrected/seed_17/agreement_filtered_ema/medseg_slice_098.json,c59a16af58cc8e377fecc74151fe8e4225b98434b591f63a5fe6dc2ff5ddd585,5cca738fe3754447379d593b74b1630e47b03422bebe1952646b90f0dfa17104,9c12e0332edffc67cbe1ae4c790f19eba8c7ffaad3a15f41d7a033a7b77a8daf,1ab434a8634082d8c6701fcc24c35115b302a7508bc27ed851946726b2edb8b8,50300,51366,False,0.616688072681427,0.3623300343751908,False,False
17,agreement_filtered_ema,medseg_slice_099,evidence/notebook10_corrected/seed_17/agreement_filtered_ema/medseg_slice_099.json,c2d8b848e9258bf418d54f640c00fc9b7c944564cd6c327099f0de3509c0ec80,451ff5a5de6e98464e9a72f2053fda7c31ad6cc8ce01f49f8072529ad90cb9c6,255329e3f1d308ee8f18aa3d05171c82146d2bd4845b0cb3afea1e84af6ee517,1ab434a8634082d8c6701fcc24c35115b302a7508bc27ed851946726b2edb8b8,14076,15163,False,0.6298211216926575,0.3623300343751908,False,False
42,supervised,medseg_slice_000,evidence/notebook10_corrected/seed_42/supervised/medseg_slice_000.json,169ed4e4b305ee2c8b620eb086b750298e3b8c5aa1dc09c09c88ac0051163c37,b44ef2c7f8ff2d4eb46c0358fc7d75bae4affa13021f6dd0c440db145c48ccb0,9c76b178744f2de84b73824d085bc271ceaff7b697269421f6a73f9392e4592b,91ad9b1fdf8b0554a12eb22c5f68088302346a779287cff1bbdfd76fb725fd72,35474,35710,False,0.5561133027076721,0.3722557842731476,False,False
42,supervised,medseg_slice_001,evidence/notebook10_corrected/seed_42/supervised/medseg_slice_001.json,57802591969f6e2f19dd328918bcc0452178b6eb72d7b68817ea182fb08fe4c6,e571d08ce7190f80e9e3f0f84a27cf9107c39bd2c66aeb08b9a4f8ff05ec421e,55458d7444d45040391c2ebe8e6de6c8248b7326dcf37f8600bfce85e3b90d43,91ad9b1fdf8b0554a12eb22c5f68088302346a779287cff1bbdfd76fb725fd72,52583,53745,False,0.6146918535232544,0.3722557842731476,False,False
42,supervised,medseg_slice_002,evidence/notebook10_corrected/seed_42/supervised/medseg_slice_002.json,47b0b97bde87e7b898b9ccf9c234dafe03eeb988ca263759a8efb3d2297aea49,a83a4c0bde6cf92d6f78db7564887bf2d0607df421c52476525fd532e6ef2111,1a7ca586d0d6fe04e80891f4230f076be8b611cba4ad5d534d25495a22ce73b7,91ad9b1fdf8b0554a12eb22c5f68088302346a779287cff1bbdfd76fb725fd72,666,685,False,0.1753013581037521,0.3722557842731476,True,True
42,supervised,medseg_slice_003,evidence/notebook10_corrected/seed_42/supervised/medseg_slice_003.json,fa7481649e8894130e3a6711b2f6e06b819f480e137ba7a3ee9eb5733e1c61ef,6a05e0202644ff0edc9e7d0117462f77b7f7be072d7c67cc0b9a83fbf9c2712b,fcf272bbcd1a46efa5d962652bb1b866f032bcd2f179f691da0c4572a92ded97,91ad9b1fdf8b0554a12eb22c5f68088302346a779287cff1bbdfd76fb725fd72,13940,15279,False,0.6360734105110168,0.3722557842731476,False,False
42,supervised,medseg_slice_004,evidence/notebook10_corrected/seed_42/supervised/medseg_slice_004.json,c4ecc45ab0f2ef31614a1c926afb870429b34dd7e86383d82b69167831fee62c,b3908a7a85943e8479c7be67e3b63e7952cc8d635f288f687d585f77c8dc14d9,7d264d2a8155b1c5508d0a9f64f16b50241dc6cc7fc261c8f917e7095cc86321,91ad9b1fdf8b0554a12eb22c5f68088302346a779287cff1bbdfd76fb725fd72,15828,15990,False,0.5711821913719177,0.3722557842731476,False,False
42,supervised,medseg_slice_005,evidence/notebook10_corrected/seed_42/supervised/medseg_slice_005.json,084130ad0b36dde68f802eaa6d12795fa8aa3a773ab59087f19b08a77f79ee0c,af2ad96bbf24e5a6cc75e151b4307234ab112e13a0fe54710c994a93d64d5c10,ba7b5360238cf0dda172ad6a83787339129038ef681c4167120b2751985399eb,91ad9b1fdf8b0554a12eb22c5f68088302346a779287cff1bbdfd76fb725fd72,8357,7970,False,0.5603774785995483,0.3722557842731476,False,False
42,supervised,medseg_slice_006,evidence/notebook10_corrected/seed_42/supervised/medseg_slice_006.json,c66f3cb2e85c07639683c3d8cc4b1bdb965d6cabf3727bd9ffb3fcab3a018b36,516fb37f4234a91e854eec43b160b1096141be8f4f0c53f02f0b132efb09c542,e20ad56453d5e4e3836f989eb08efdda143eefed8ab3749575b40c0a3023381b,91ad9b1fdf8b0554a12eb22c5f68088302346a779287cff1bbdfd76fb725fd72,7456,7623,False,0.4890829622745514,0.3722557842731476,False,False
42,supervised,medseg_slice_007,evidence/notebook10_corrected/seed_42/supervised/medseg_slice_007.json,b935303039e6c0a831d0a65bb2c0635f73d6dbc25e1f9b1e7eb3c4e96c75b391,da68396b1640a1b722af4808aa8ff224ca07504b8deaaef2fbf4ee008a8140a5,30b338dab6d72d328e382f632edaabf78cb9c7b4e2c07fa04f066da156207082,91ad9b1fdf8b0554a12eb22c5f68088302346a779287cff1bbdfd76fb725fd72,44683,46581,False,0.6091911792755127,0.3722557842731476,False,False
42,supervised,medseg_slice_008,evidence/notebook10_corrected/seed_42/supervised/medseg_slice_008.json,051ff2f86aa387c2a0adb3c3de94a02bfb971f88467374e7e1fdae78d4fdc7cd,79465d5cc370a5be742d3599d594e51e01467820a2b97d21490e63e9e6e0de52,1a63c302cb4e9d24aced47aff313070c3563ad564761af141df4a6e413afbd53,91ad9b1fdf8b0554a12eb22c5f68088302346a779287cff1bbdfd76fb725fd72,51973,52605,False,0.5620924234390259,0.3722557842731476,False,False
42,supervised,medseg_slice_009,evidence/notebook10_corrected/seed_42/supervised/medseg_slice_009.json,b65ad24c8f08abe2058ed0641cb776177ec3116839c9695b82efe8beaa909006,8126b2e2bc2ec9c708eaacdf05ca723f53a114c9bd3790b191d140cb105b1ffb,1a1c04f46d43e4356b60b4178f04530b62513c0db70f8994a4055d6c6b62ce04,91ad9b1fdf8b0554a12eb22c5f68088302346a779287cff1bbdfd76fb725fd72,25187,26390,False,0.5975000858306885,0.3722557842731476,False,False
42,supervised,medseg_slice_010,evidence/notebook10_corrected/seed_42/supervised/medseg_slice_010.json,90473cba1de3dcc13a162ea42b3338ced22bd96232f3e667f01b6e9ff3a24bf2,a8b1372d3fb351e2e26b8e6c40100f02cfdf03b5a8a094c406d80dcce17de21e,117835198884e8508b165a8ae1bcb27240e1300d097d83a1dc431007b087b567,91ad9b1fdf8b0554a12eb22c5f68088302346a779287cff1bbdfd76fb725fd72,19256,19004,False,0.6007952690124512,0.3722557842731476,False,False
42,supervised,medseg_slice_011,evidence/notebook10_corrected/seed_42/supervised/medseg_slice_011.json,6d404520fda35c7b5ab2319060cd610d560a2884c6300225703da2a8ec8220a2,941d1b91ce054ba75f295f8a8809a50a04d261a7952e8dc22e0046478ca93d69,0114bd21f83a475d976f41e87844809dc6f3d72bcd96a1076b725acb0fe82de0,91ad9b1fdf8b0554a12eb22c5f68088302346a779287cff1bbdfd76fb725fd72,11522,12453,False,0.5899991989135742,0.3722557842731476,False,False
42,supervised,medseg_slice_012,evidence/notebook10_corrected/seed_42/supervised/medseg_slice_012.json,23dffca2fba2eb90d05366e778cb848714313e54607b34fce858f7fae135a4c8,f22d417a5fbbd9ed5644a3b7fc1e13bdde3df2c88d30bb9439dd1bdf56e5d05c,6c763c4b0c9339133b05db592c548492dd459d8faff03a5dcb851f1d6cf7d020,91ad9b1fdf8b0554a12eb22c5f68088302346a779287cff1bbdfd76fb725fd72,16153,17014,False,0.6034301519393921,0.3722557842731476,False,False
42,supervised,medseg_slice_013,evidence/notebook10_corrected/seed_42/supervised/medseg_slice_013.json,25cdd02ddbe3b871546b932313136b82bb493a7784f812d9b3772d9c92f29ab6,dea377d9f46f5a3fe79292ddf7ad5196236298876d42cfe2a51e2ee17c5c3924,37eca861d98f4bbd39e98cd77a0da355c32cade7b46a35047ec8e73ad0fb72e7,91ad9b1fdf8b0554a12eb22c5f68088302346a779287cff1bbdfd76fb725fd72,20863,20725,False,0.5613449811935425,0.3722557842731476,False,False
42,supervised,medseg_slice_014,evidence/notebook10_corrected/seed_42/supervised/medseg_slice_014.json,30ee5fb1a1512f10dbaf25dbf76bc1f7c1a82d45e55afe869a52d00188365d58,8f139089de3c9bc56ebed8b37af5167f32660014f2d19599d91a34a6c4f27161,05a2aace6158c548a8fca53cd23438e8d68a9f6bba2cc08de67eb38b4a0ed0ec,91ad9b1fdf8b0554a12eb22c5f68088302346a779287cff1bbdfd76fb725fd72,14043,14953,False,0.5820831060409546,0.3722557842731476,False,False
42,supervised,medseg_slice_015,evidence/notebook10_corrected/seed_42/supervised/medseg_slice_015.json,6084ab68662179d28d82e92b2a890306d9b6d043c36f1481b420186c36bfb3d6,582b5ca7348736a56bc23f381b5a0e3cac5862102bc2d6fde657e6e75a6f710d,2f921acf0b1a095d2d81b9d2d98e5a34d22d351fc916df1a57ef758626d4a950,91ad9b1fdf8b0554a12eb22c5f68088302346a779287cff1bbdfd76fb725fd72,27522,27861,False,0.5936927199363708,0.3722557842731476,False,False
42,supervised,medseg_slice_016,evidence/notebook10_corrected/seed_42/supervised/medseg_slice_016.json,cf7d62680c3de8eed0d8f083494ef966918f6d2dbd5a62d266cca959a93a804a,fdc4a85404bed33b5dfd484fe4fd1969f30a7cbf7fc988790259cdf9c7644654,543f73dacde71cc0154dab58afd9fd7fdabe77ed10033952eaed4db42d1ce1c2,91ad9b1fdf8b0554a12eb22c5f68088302346a779287cff1bbdfd76fb725fd72,5563,5209,False,0.533870279788971,0.3722557842731476,False,False
42,supervised,medseg_slice_017,evidence/notebook10_corrected/seed_42/supervised/medseg_slice_017.json,9d7fa9b0e011db0e3ba12d4ce7ba4c81c4a42f2ff4ae790c2625795a8edae081,7775c778bdd582ab20aa3afc83ffd03773fb40a232562bc402343fc1e693ecd6,9d9aef682ad8facb9d7fa3f7fcc5b144cd7debde40c9e9ccd6433037cc86dbe7,91ad9b1fdf8b0554a12eb22c5f68088302346a779287cff1bbdfd76fb725fd72,11783,12129,False,0.596789538860321,0.3722557842731476,False,False
42,supervised,medseg_slice_018,evidence/notebook10_corrected/seed_42/supervised/medseg_slice_018.json,e9f00872e7a7ac7d9a1cbb87eb10d002a4d759d164f42856ad6eff1f93d49b8b,56deb1aeba7d7848cec70b0c7e0e55fd875b43962ca976c935bc90ffaba047ce,a145edf09131eed2917883e941fc617c22e4bfef3ef6077026d50b169de298bc,91ad9b1fdf8b0554a12eb22c5f68088302346a779287cff1bbdfd76fb725fd72,13448,13041,False,0.5639240145683289,0.3722557842731476,False,False
42,supervised,medseg_slice_019,evidence/notebook10_corrected/seed_42/supervised/medseg_slice_019.json,475f4d48ca15e9f3e01f62d9be3f77af2c01c947b0d285587c7a76692a16e224,5350c75b58c51fd8d7e962094df0b534d4ca835998c419e0b1cf02bd6bc530ff,a655a6b89236a4199d81c3027bd65a25a1aab269ff515413812140f43d59eb77,91ad9b1fdf8b0554a12eb22c5f68088302346a779287cff1bbdfd76fb725fd72,37267,37904,False,0.57692950963974,0.3722557842731476,False,False
42,supervised,medseg_slice_020,evidence/notebook10_corrected/seed_42/supervised/medseg_slice_020.json,64548654f761a73afee733478d1b74352ef960b54caa9ce8502a6d2dbab697f6,18b4eaa7ad5b66d486f8b995ccc6f893216f79cee8783310444dd7d5c8d9353d,de2ffa6b64144be631d55249e4655d34682e280037d199d3af12f43218ac79b5,91ad9b1fdf8b0554a12eb22c5f68088302346a779287cff1bbdfd76fb725fd72,11610,12223,False,0.5674005150794983,0.3722557842731476,False,False
42,supervised,medseg_slice_021,evidence/notebook10_corrected/seed_42/supervised/medseg_slice_021.json,4dbf9df52a2a8cf7dbe8e9c293d960e7b2cdd3173729bacf75860fc080147574,81aa23526708a85a4a1d06f3b6881b609b51f7d5f585ba6d81a869615d98c475,d688132d2691fc0c18a1834bbd8cb0e2472196af4f017f99806e3c60551589ca,91ad9b1fdf8b0554a12eb22c5f68088302346a779287cff1bbdfd76fb725fd72,22166,22745,False,0.6199150085449219,0.3722557842731476,False,False
42,supervised,medseg_slice_022,evidence/notebook10_corrected/seed_42/supervised/medseg_slice_022.json,4d372b3f80bcbe02979d9a4648e6b11ef485863529b89f0042702043980a19d2,64ee0cbad7d15a836dae2c915c0907accbad8d9ce932dca1a347e449c8125b63,60066faa738ed3dc2d15199971d5f66e2a0b55ce7bcc9c2a4791a06637d455b0,91ad9b1fdf8b0554a12eb22c5f68088302346a779287cff1bbdfd76fb725fd72,7609,7229,False,0.7449054718017578,0.3722557842731476,False,False
42,supervised,medseg_slice_023,evidence/notebook10_corrected/seed_42/supervised/medseg_slice_023.json,357fbc53fc490fcef96db254f9d93c90428b3e402314c8e411d4543d36af9bcb,9af7705482ff778f22df10e76dbde4bab2e80cf71faffcd88908b3e60e8c8d49,9aac98e94af20d4f0c9d686226958b186c1d9e2d1894fe801271800d487f69c3,91ad9b1fdf8b0554a12eb22c5f68088302346a779287cff1bbdfd76fb725fd72,10413,10307,False,0.5414416790008545,0.3722557842731476,False,False
42,supervised,medseg_slice_024,evidence/notebook10_corrected/seed_42/supervised/medseg_slice_024.json,78ec9b8c3d97b72403d708130673dad5c6b9aef143426bbf342aaeab16a21022,ab8bc522616ae39913d84db14bb5d7e8ea6c3286e016cdb6b4d038bc66e6df9a,8b278bea8546ba1b4328fab15d608b1118811684fd8d5cc9d405d8b15bb1c1a6,91ad9b1fdf8b0554a12eb22c5f68088302346a779287cff1bbdfd76fb725fd72,4178,4218,False,0.5136123895645142,0.3722557842731476,False,False
42,supervised,medseg_slice_025,evidence/notebook10_corrected/seed_42/supervised/medseg_slice_025.json,024b8b44912ed242c592460e3ed93981bb2796b6a0bb77631983e080454908a8,2f45dd8fe78fd78812c326ca9449b33ae769db450dca0469ed15a41ef19d46d0,834bc1e6b9ae61bad9797fc11dc3316249bf78775bc6a9d7a6f76fe7c68def47,91ad9b1fdf8b0554a12eb22c5f68088302346a779287cff1bbdfd76fb725fd72,29769,30278,False,0.6059789657592773,0.3722557842731476,False,False
42,supervised,medseg_slice_026,evidence/notebook10_corrected/seed_42/supervised/medseg_slice_026.json,dd40229dcc68e00c1346c05cf53447010a106290e8eb9866b3088db6e2cf42f8,6e134155fe1a0ddb2e32d25c2b36e4dfe6b57d525f22bdbebac02edfe0f7681e,5f2004b41d476e0d9dce2fcd8d63a24d0c4edbd341eb922a58838c01dc88b225,91ad9b1fdf8b0554a12eb22c5f68088302346a779287cff1bbdfd76fb725fd72,7474,7519,False,0.4749106764793396,0.3722557842731476,False,False
42,supervised,medseg_slice_027,evidence/notebook10_corrected/seed_42/supervised/medseg_slice_027.json,c516d8fc7390d2b15511c1131aa1610d00a8cc184fdb376fe0ee91794f76d168,c8eaf82c83154dd8158c7e1a0e512bae8f17583b66170cd7ed653d0138faa54f,1a386d2bcf7898046c9285b4bf986232c0ac9e9fcca5f1440c0aff41e202a6b4,91ad9b1fdf8b0554a12eb22c5f68088302346a779287cff1bbdfd76fb725fd72,5407,5570,False,0.4982493817806244,0.3722557842731476,False,False
42,supervised,medseg_slice_028,evidence/notebook10_corrected/seed_42/supervised/medseg_slice_028.json,130498ea1c5d85f2a556abc3157a3ca509ec55ef57ea18de7723863c3ccd4f16,a27464836bd308a475a125fa843754a105e600bb2ad4b812edd6f5a56d1aa211,0f705f8c47408ebfe2cb88e0754a22348cfdec22d260e0994d32d985af39ca7e,91ad9b1fdf8b0554a12eb22c5f68088302346a779287cff1bbdfd76fb725fd72,13610,14179,False,0.5547964572906494,0.3722557842731476,False,False
42,supervised,medseg_slice_029,evidence/notebook10_corrected/seed_42/supervised/medseg_slice_029.json,06a2b61153109f5d164e4af194dded33f72669c88ad13e7d2079a612d7d6c5f9,33f8db11afe1c7eb5e6b62468eba9718dec4c8c697e2bf6bd50db334f5d41501,007b10ce2a79159fbf04c59623db0600f3f835e242f898f6b54edb8fdc84e39b,91ad9b1fdf8b0554a12eb22c5f68088302346a779287cff1bbdfd76fb725fd72,51285,51957,False,0.5570217967033386,0.3722557842731476,False,False
42,supervised,medseg_slice_030,evidence/notebook10_corrected/seed_42/supervised/medseg_slice_030.json,13208c5daa5c9f4c95c6115f9cc69b3ccb493cca61eda1a0b5911f4b869b6240,6d1c3d9a2f370934ad345b4a33296a76f85147d0dec6a96b636c1d011b4dda94,8fb47127775148de2cca38d7103edb225d9cff06397bf1a0a8cf3cf7ef9f2a03,91ad9b1fdf8b0554a12eb22c5f68088302346a779287cff1bbdfd76fb725fd72,13683,13182,False,0.5966707468032837,0.3722557842731476,False,False
42,supervised,medseg_slice_031,evidence/notebook10_corrected/seed_42/supervised/medseg_slice_031.json,f1dbe060306faad7f31ed399fb127f08cfc3d79a328a0985202c972091676b4f,991cb01759b8dbda7afbd6424ced95443902778d16681e21b293708db7fd55e8,1d70508274e3640238aafde7ace42fcad63a531bd238001786e681d953903909,91ad9b1fdf8b0554a12eb22c5f68088302346a779287cff1bbdfd76fb725fd72,22906,23059,False,0.5911329388618469,0.3722557842731476,False,False
42,supervised,medseg_slice_032,evidence/notebook10_corrected/seed_42/supervised/medseg_slice_032.json,a6a469194325ceaa0de5d92ec4a4e02bb539f705530065fbe059e73d872dc5bc,f292b8fdbbbc83332748ca351fa281ae14bfbd711d6a17a3f2ee9803d38e7c6a,d6dfe3f93a49a84ad2c8e68a009c9277a2ff20cbb3fd26c70629b95c7bb17712,91ad9b1fdf8b0554a12eb22c5f68088302346a779287cff1bbdfd76fb725fd72,33913,32145,False,0.6377514004707336,0.3722557842731476,False,False
42,supervised,medseg_slice_033,evidence/notebook10_corrected/seed_42/supervised/medseg_slice_033.json,b2233aff9994a7f91eac9c7beb49009b8b494f58e6744bbfde41dd2f895ca8ac,4bdc25659921942b0073cc584192a52c6246d92a61d9eeb454dc05f7e9ccbdbc,f55e401232b5c7793f56ba86c67d21e32b47f3411940e2c7fe66678f0f89e174,91ad9b1fdf8b0554a12eb22c5f68088302346a779287cff1bbdfd76fb725fd72,6106,6139,False,0.5614342093467712,0.3722557842731476,False,False
42,supervised,medseg_slice_034,evidence/notebook10_corrected/seed_42/supervised/medseg_slice_034.json,9f32bef839320a8968d9e3a3012067bee0af256c344ea12105ddf15565ff4848,fa92ecb25062aa754d4d9a19e5ee08d7253265278db40d20103165636e62d96f,408c9b2a8b30f3cc18a166db662a8194d56fe72ec0149b3c8a3d33bb8182bd34,91ad9b1fdf8b0554a12eb22c5f68088302346a779287cff1bbdfd76fb725fd72,11661,10889,False,0.5856232047080994,0.3722557842731476,False,False
42,supervised,medseg_slice_035,evidence/notebook10_corrected/seed_42/supervised/medseg_slice_035.json,7c9a961579f422d949223e7b9b427f9191933abbb27c0a4e3e5961574a98f046,d20e77f5482d23ee3df3b2b3003d51c3aae144d1c4f8c557cd4c6b49e07dacbd,ab9d848b97d7e6a3a90f989b5c1621c6cdade803d34510369e7b3f4c4aaff8e1,91ad9b1fdf8b0554a12eb22c5f68088302346a779287cff1bbdfd76fb725fd72,15004,15131,False,0.535734236240387,0.3722557842731476,False,False
42,supervised,medseg_slice_036,evidence/notebook10_corrected/seed_42/supervised/medseg_slice_036.json,c5a590373e5f3d3f501152172d678bfdc21b00b0bdcfa43f03e178cc8488ac37,615ede383872d94b4a833ee952ccb931871ed330c0a519daf35f47f5996e83a0,c0b20b1c63c9ff54d9426adf63c2638830142d5d7bebbb27da854e688ceba93a,91ad9b1fdf8b0554a12eb22c5f68088302346a779287cff1bbdfd76fb725fd72,11537,11720,False,0.61024010181427,0.3722557842731476,False,False
42,supervised,medseg_slice_037,evidence/notebook10_corrected/seed_42/supervised/medseg_slice_037.json,b8eea5aed9e37416443a606430aca77d27248d0a5310a9673e09c465571f4bdd,7dea0c2ba5c3bcf88de9c78871733bac5d9af9a1c6847872d8d9ebc9f2c53456,adfb5d675563b43bda137816debc0c02ca104de19d4507b21739ac8fbda9b92c,91ad9b1fdf8b0554a12eb22c5f68088302346a779287cff1bbdfd76fb725fd72,17764,17552,False,0.5820717811584473,0.3722557842731476,False,False
42,supervised,medseg_slice_038,evidence/notebook10_corrected/seed_42/supervised/medseg_slice_038.json,51e47c78e7bdf50c1cd231f29867ff6e072b431a1d713711e9d20516eb9fa834,86b5cc9a8600d01a664a40c852886ea6364e258a1b2bff81eb7256b62c297e0e,88e124921082dc3ccfe1ee558620ae1ded89af6d4a3961ea564f17283328108f,91ad9b1fdf8b0554a12eb22c5f68088302346a779287cff1bbdfd76fb725fd72,18626,19112,False,0.610842227935791,0.3722557842731476,False,False
42,supervised,medseg_slice_039,evidence/notebook10_corrected/seed_42/supervised/medseg_slice_039.json,5c2279c009a7a52991af4e979c5848fd2f4211202d9a2d314ff8eed895862285,0fcf785cd38185d0d087ef0ffadec9a1d66e67ed54e57ee1dd04a21f0ebab134,540d15976b71bf9629badcc1f11e760b4d06141f8d70ea16d7d8c4392041b361,91ad9b1fdf8b0554a12eb22c5f68088302346a779287cff1bbdfd76fb725fd72,45740,43325,False,0.6920507550239563,0.3722557842731476,False,False
42,supervised,medseg_slice_040,evidence/notebook10_corrected/seed_42/supervised/medseg_slice_040.json,c4e56b1e76bd22088f673b28c67e96991a7782a5756b23b95ada575c6fada8ab,6c78bdd3cbbd2242af2d95d81389bf5a7ee7c6567a18829785e3b39d8afffb6d,291d9eff9327b61a5cea2b4e610b9c2967fa9a62e3bbda975134b1d613113359,91ad9b1fdf8b0554a12eb22c5f68088302346a779287cff1bbdfd76fb725fd72,8958,8821,False,0.5298656225204468,0.3722557842731476,False,False
42,supervised,medseg_slice_041,evidence/notebook10_corrected/seed_42/supervised/medseg_slice_041.json,d45548b558c1313fff3d1578a21bdca87480c1d743bd0a91425db212c60c556b,9c75b70c6327bf6e31fa3135b9fb0fcf3ca9fc30aa896550f0a942436f56e3db,c6e193a2554f57543af458fb47a460f6a2f8619dc9e5d1e8504293d090c32922,91ad9b1fdf8b0554a12eb22c5f68088302346a779287cff1bbdfd76fb725fd72,23619,23628,False,0.6295819282531738,0.3722557842731476,False,False
42,supervised,medseg_slice_042,evidence/notebook10_corrected/seed_42/supervised/medseg_slice_042.json,c722f9a69881a055fadc23b2fe32910f6afef3366315e501e8b87eb2c832a671,0cc526956ec56831244b119eef0c69ac7ca108b7c0a3ea2dfa55bf5f2d6d3163,9811d42a589f7d9d611dac5a45fdb2b1b763d3b5d9a0268b560f2c7fdd1e8e99,91ad9b1fdf8b0554a12eb22c5f68088302346a779287cff1bbdfd76fb725fd72,21351,21010,False,0.6988534331321716,0.3722557842731476,False,False
42,supervised,medseg_slice_043,evidence/notebook10_corrected/seed_42/supervised/medseg_slice_043.json,159fc5445526ff70589b7d0ad5695414b50cccf1a26980ab83738ab2a79101ef,46432f1b9e86148c029fd9a47a636c704041b9b36fa269c4e95a0377b73f6574,dfeff4b0f166f669c32697e3629f9b7bd88f4eab5790b33d3ef634b343394c54,91ad9b1fdf8b0554a12eb22c5f68088302346a779287cff1bbdfd76fb725fd72,17861,17676,False,0.5884926915168762,0.3722557842731476,False,False
42,supervised,medseg_slice_044,evidence/notebook10_corrected/seed_42/supervised/medseg_slice_044.json,5144fa43288f5c02d5966751796b92430eedd1346d556637aea6976c6c3a3e0f,62327805fe0bdcfca5d4229bdfd4d6ca113527e54d34b52fbb84daeae6649cff,a2f72f02b029c819a210a9eebb27109660fbd4c753098c7a772f9835fbfd4b93,91ad9b1fdf8b0554a12eb22c5f68088302346a779287cff1bbdfd76fb725fd72,8404,8124,False,0.5596584677696228,0.3722557842731476,False,False
42,supervised,medseg_slice_045,evidence/notebook10_corrected/seed_42/supervised/medseg_slice_045.json,f4aad8619716080a1f38eab6efed8663bf0f10925406c94ee3a5d1db593f5d4f,6051c48383f7b9e17ac4b8f6b5d55884691b44daca2e40200599b9ee71e628f6,3eb280927ab938e48c7f02c0680dedfcb16d7605a192a6029c3e1a703b4c923e,91ad9b1fdf8b0554a12eb22c5f68088302346a779287cff1bbdfd76fb725fd72,29364,29087,False,0.5846402645111084,0.3722557842731476,False,False
42,supervised,medseg_slice_046,evidence/notebook10_corrected/seed_42/supervised/medseg_slice_046.json,abea9343602efeb542eb2abff9db581a83e2b840fec6022abc011add2d598787,2eb1583cef892b6dd50a263c31d011298400fe917978ee2af035d4f906e8044a,e87af238bcbb7ba84dd7de3aa583494e455d10f758351e798c6fca7bba7bc816,91ad9b1fdf8b0554a12eb22c5f68088302346a779287cff1bbdfd76fb725fd72,7850,6975,False,0.5967376232147217,0.3722557842731476,False,False
42,supervised,medseg_slice_047,evidence/notebook10_corrected/seed_42/supervised/medseg_slice_047.json,cea46859969c9c7d05c501be699ce9fbf2aeb4b20b881c512268b75e75199714,599f52419ba04d8654b279eb242d7adf8cd8808efb441c346c1d48645e8884df,63cde8c2546598242b4ce74e1e2bad20b1ec539b2739a07cf12a4417dad400d7,91ad9b1fdf8b0554a12eb22c5f68088302346a779287cff1bbdfd76fb725fd72,27534,27470,False,0.5579792261123657,0.3722557842731476,False,False
42,supervised,medseg_slice_048,evidence/notebook10_corrected/seed_42/supervised/medseg_slice_048.json,bb268ed46cb699f379dfc0fdfa145db88142d5a097589e46d2f9b794dd73bd45,1a0a4f94eb8c89cf9c9f6518cff762ad4cc84f36cc4aad40fe7a5077d06383c6,50b13d71e9cb74943598bd563c790452110dda6ef77c0ca25202a5d7504f7bf1,91ad9b1fdf8b0554a12eb22c5f68088302346a779287cff1bbdfd76fb725fd72,96,45,False,0.3541402518749237,0.3722557842731476,True,True
42,supervised,medseg_slice_049,evidence/notebook10_corrected/seed_42/supervised/medseg_slice_049.json,4efdc785d42add243ebbfbeff0abaf75ca01ee494e7b51c94108f3bbadea508d,bfe5c22279be9fd16e131ffcf4c45716f555a80e8bf2cf5548a138f7a04ad198,96f03b23737793ae2303e0922e14db00b155081ac16ab44d748ec71a73c089d9,91ad9b1fdf8b0554a12eb22c5f68088302346a779287cff1bbdfd76fb725fd72,29096,26085,False,0.5445773601531982,0.3722557842731476,False,False
42,supervised,medseg_slice_050,evidence/notebook10_corrected/seed_42/supervised/medseg_slice_050.json,cb960590d2e174e5a57069841ff210f1a112e96492e7ebfa66445bd8ca9af460,6555903cfc6d3803550ef86433f64485518329216c578b6289e9181ac0397950,b38d67923166a9cd0ba47fd36c84514bddf112dd45e07803d4b2c90d16c16d30,91ad9b1fdf8b0554a12eb22c5f68088302346a779287cff1bbdfd76fb725fd72,13560,14573,False,0.5983519554138184,0.3722557842731476,False,False
42,supervised,medseg_slice_051,evidence/notebook10_corrected/seed_42/supervised/medseg_slice_051.json,6eab3c45d244e4d651fc536cdb60c1190358ca0310f76940f6f17fa2b4d99c46,3df139597aa1b0ae7da043646935a1da1ae062c7566a524db57f1474892ab158,2117e697c23b7d20f7593ba28d9e75ec3e2f3fe40f4eb25c587881e5e10daa39,91ad9b1fdf8b0554a12eb22c5f68088302346a779287cff1bbdfd76fb725fd72,60626,61891,False,0.5885584950447083,0.3722557842731476,False,False
42,supervised,medseg_slice_052,evidence/notebook10_corrected/seed_42/supervised/medseg_slice_052.json,80bcf036f0bda2f71e219e94193a4df9f5b8cdceecc132cc920ae1150a27a059,947d10c4f46f27d4b12ef9b1fa165636306c8991c21e9225c4fb1b2bb00a6ca9,bfbb8cc8da2dc37aedc45f3ff8bcb5fc6dbfb0f34dae56ec1f6367e84e9b58b5,91ad9b1fdf8b0554a12eb22c5f68088302346a779287cff1bbdfd76fb725fd72,4498,4855,False,0.5470706820487976,0.3722557842731476,False,False
42,supervised,medseg_slice_053,evidence/notebook10_corrected/seed_42/supervised/medseg_slice_053.json,f049172b4740fcd87081fdc3b4cddcf21f8c2a99109d3066f0ef586996eae311,6b77c6872f4cba2318444a68c589acd81a42ac9e5c650c9edabd258fe66225de,8d0ed3f9a4bfaa7b38d70a6ccc4b642d15fc3db857714d53749d978b1018f4aa,91ad9b1fdf8b0554a12eb22c5f68088302346a779287cff1bbdfd76fb725fd72,46548,46479,False,0.6101807951927185,0.3722557842731476,False,False
42,supervised,medseg_slice_054,evidence/notebook10_corrected/seed_42/supervised/medseg_slice_054.json,e1007be322445e4d47b748136011d11c0426bc5933e5bc6de195b556dbf478c1,bed928cf09892a2e88c9b802bc0786a408ad642d4573a641024b32f6d69369f3,e6cee101b5a7e627b9f37d37af9802716031303ad0572591e84a1a955f79bbe0,91ad9b1fdf8b0554a12eb22c5f68088302346a779287cff1bbdfd76fb725fd72,12180,12151,False,0.5442252159118652,0.3722557842731476,False,False
42,supervised,medseg_slice_055,evidence/notebook10_corrected/seed_42/supervised/medseg_slice_055.json,5c3ddfad0c2679868e98c590671f040d4ad44983d5fd39219dbc13a4a7b09d4a,9b830341fd52efe1641062e7c4991bf8503c7d889302a72aa266d828011539e8,03393cdabcff532b5391f5815175a6ccd3a1d5b02ac29562dbd2ee81636f079b,91ad9b1fdf8b0554a12eb22c5f68088302346a779287cff1bbdfd76fb725fd72,40273,41112,False,0.5711226463317871,0.3722557842731476,False,False
42,supervised,medseg_slice_056,evidence/notebook10_corrected/seed_42/supervised/medseg_slice_056.json,f3c0caf1d290b70c12214b5c99893e6eb0b45c17c61166ddee84ed0575346b4b,bd95ed4d5fbf50f55d5bd7667991f6471a878bf8a891ac37d0d81a4000735107,854a359401c0d9a6066c27df3c945ff57b896a0352c208b46cb66cdd66e35568,91ad9b1fdf8b0554a12eb22c5f68088302346a779287cff1bbdfd76fb725fd72,6401,6706,False,0.5665919184684753,0.3722557842731476,False,False
42,supervised,medseg_slice_057,evidence/notebook10_corrected/seed_42/supervised/medseg_slice_057.json,e399f179f5cfc2ead953508f0992a4807c0c3101cc3e61360ffa7b6f74c1cf0a,72e1841c935c9964794b40c746e187245203b38fae29bf0caeb2e7a02c46c5c6,8f5eab8ec9b1d9a6c531a0e7794068e53993f75b3e5af69f3e856e3c1381bc12,91ad9b1fdf8b0554a12eb22c5f68088302346a779287cff1bbdfd76fb725fd72,35593,35258,False,0.6212441921234131,0.3722557842731476,False,False
42,supervised,medseg_slice_058,evidence/notebook10_corrected/seed_42/supervised/medseg_slice_058.json,66bd838a7b7a0032f1d16a4791ea4c8a55d0cc92ea7d8dcd2c60e1c8d896fae0,75255b5303a732feb9eab706e92e55632c4ab305b2e361e60bd0cfe123ae170f,0b38878270f3e30c632627fc7359778515223d2bcd2529e87bdd6f31310951c1,91ad9b1fdf8b0554a12eb22c5f68088302346a779287cff1bbdfd76fb725fd72,38595,38459,False,0.5514209270477295,0.3722557842731476,False,False
42,supervised,medseg_slice_059,evidence/notebook10_corrected/seed_42/supervised/medseg_slice_059.json,9661a1bfb37fa2ae2506756002ca197dda460368d950844af40d3d1e363ecf73,66432a86c920010c446c160b5cd6716aa210f043133d4f5013dc52cacf07093d,0d04212f6a0e14560eb3983bebae659a67735ebf2e6378a59b1bae0cebb38162,91ad9b1fdf8b0554a12eb22c5f68088302346a779287cff1bbdfd76fb725fd72,35914,36531,False,0.5606598854064941,0.3722557842731476,False,False
42,supervised,medseg_slice_060,evidence/notebook10_corrected/seed_42/supervised/medseg_slice_060.json,f5608a022dd384ad88888c4f9e41c059a2f4b1b1de82d34fe1e4a15f7d74fb28,cd3c4fcc0293decb3fe5d6cc2605c992fc0c5dcd0f600ee6608e2825c77d8613,56a8c4a4c7bfea073cf8c973c9184fd1c2961a434d043f9a727f411f4dd180df,91ad9b1fdf8b0554a12eb22c5f68088302346a779287cff1bbdfd76fb725fd72,54748,55776,False,0.5670040249824524,0.3722557842731476,False,False
42,supervised,medseg_slice_061,evidence/notebook10_corrected/seed_42/supervised/medseg_slice_061.json,3d280ed425a6f0c3abc895d9926b6ad0c5b282f09fc66655332ded1724c3c2f8,6deb5ee0627e5581fc35f43720cacd11f4bdbf4ed6bb1340ef5438070445bc82,3b253c71d9340448f1de17df39bd4d80a1accd5cc39d4e1a4344ae2948c1c312,91ad9b1fdf8b0554a12eb22c5f68088302346a779287cff1bbdfd76fb725fd72,8217,8021,False,0.5525178909301758,0.3722557842731476,False,False
42,supervised,medseg_slice_062,evidence/notebook10_corrected/seed_42/supervised/medseg_slice_062.json,9ae1ec1aaf5330e4d38b308a1c406d0de29460affad8b3639eafcd6d55314e35,4e8d39e256ff340b2a45f4378b868d050f22e607ca7b4f9a6e71f8712d4fa13c,69d1928337397bfc86408d17bbe067209129ade9082cda345b6371e1a530641b,91ad9b1fdf8b0554a12eb22c5f68088302346a779287cff1bbdfd76fb725fd72,120747,119939,False,0.5377123951911926,0.3722557842731476,False,False
42,supervised,medseg_slice_063,evidence/notebook10_corrected/seed_42/supervised/medseg_slice_063.json,c9f5365707ab2b7faca30181724593dc4d7046fe0d0f354b7b0d9d7da827ebc8,4889473fac3da948fc3f811865dc1c349fb522b402944f43b446c1ee77b07406,873403e7b4aada8dbd2f0fbee1f3479c8e49721b4b2e56985f65c47f60ff3391,91ad9b1fdf8b0554a12eb22c5f68088302346a779287cff1bbdfd76fb725fd72,6894,6883,False,0.478982537984848,0.3722557842731476,False,False
42,supervised,medseg_slice_064,evidence/notebook10_corrected/seed_42/supervised/medseg_slice_064.json,ea93ebfeeb9d1a39f5a6a934613cc7fed061de5178a181aac005ed92c5a1de8f,03fcb275fd8e2728d23b62183eda8538d6e5dbe04daf74037d187950ae5bb596,9fc5a3e3286313316c190b9546f9dc62230cb42d69216ed6b6e269fc21a52d15,91ad9b1fdf8b0554a12eb22c5f68088302346a779287cff1bbdfd76fb725fd72,3032,2748,False,0.497450441122055,0.3722557842731476,False,False
42,supervised,medseg_slice_065,evidence/notebook10_corrected/seed_42/supervised/medseg_slice_065.json,6c73b30136a447c5eabd548330202a0799c6d8a882cbde16e20a5771eff4b5ca,78ced4fafa033d183d63214bde76d7ab4fe12dede9ac7b3ef9bc08b27b3571db,98a47bcd96962ab3632833b3966b8bcb871f34d68dc105937b6ec452ff68234c,91ad9b1fdf8b0554a12eb22c5f68088302346a779287cff1bbdfd76fb725fd72,10919,10930,False,0.4840439856052398,0.3722557842731476,False,False
42,supervised,medseg_slice_066,evidence/notebook10_corrected/seed_42/supervised/medseg_slice_066.json,f82d06f821e145355249b327281b6f2d1dc165e3a808fd600eae38379fc8cc7a,90bd0e396d4496086e1a7832dfb230ed407815031b7fb6c08838557943d849cf,30f6669d78b4d8141e43bd21b51862d6ba29317da5317988d71669f320cfa230,91ad9b1fdf8b0554a12eb22c5f68088302346a779287cff1bbdfd76fb725fd72,2704,2792,False,0.4621878266334533,0.3722557842731476,False,False
42,supervised,medseg_slice_067,evidence/notebook10_corrected/seed_42/supervised/medseg_slice_067.json,c44748e399d138f8a7be45cc8995ac25ca0e9db0e1695f6dcdba9575d954745e,da25e3994dce35c43bd05f586c032b0ab14e4a8288b55ca6abfce1f2be8ac0b5,c105bd684bff9e7648f8ebea56ddb4a8a0dc6e673d251c60afe61fa03a1f7048,91ad9b1fdf8b0554a12eb22c5f68088302346a779287cff1bbdfd76fb725fd72,16578,16769,False,0.5311750173568726,0.3722557842731476,False,False
42,supervised,medseg_slice_068,evidence/notebook10_corrected/seed_42/supervised/medseg_slice_068.json,f1c708ea8286f21f699e0370a52dcfa724752dda5edcc781122ddcc330d309f6,611d6571ef4fc4f7661ee81f2d9e7fc82e0b44519762e3126e58f974d314b6a7,0fde326b1f4f184c02ca80a1601d7b1ddf2580c8f2494e8742d48a73f5860a9b,91ad9b1fdf8b0554a12eb22c5f68088302346a779287cff1bbdfd76fb725fd72,22578,22838,False,0.5977665781974792,0.3722557842731476,False,False
42,supervised,medseg_slice_069,evidence/notebook10_corrected/seed_42/supervised/medseg_slice_069.json,05adf0b6c1a528a8a05235e8c73df8c404e5c48cb3cfc1bc386770bab1082fbe,173dc9154cef478382c0b157519d6fee70353d4cfc9171dea449104af3d052f5,36f4c509f6966e6ac317a945dc1301dc86ff3fbff6efeb9eff3c5a8d0adfb95f,91ad9b1fdf8b0554a12eb22c5f68088302346a779287cff1bbdfd76fb725fd72,42319,43922,False,0.6455711126327515,0.3722557842731476,False,False
42,supervised,medseg_slice_070,evidence/notebook10_corrected/seed_42/supervised/medseg_slice_070.json,0830fd5cc5de6682b14fe4077325c6f0e69a00017bf3616f9268ba71675783af,4544eaa872af69cbed8988da4d5d0c3475e23a7aaf2b01fb97f10737d582cbb4,76041573c320439e330895c186149b69b6dd8388f79db22d4e73119594db2738,91ad9b1fdf8b0554a12eb22c5f68088302346a779287cff1bbdfd76fb725fd72,16522,16171,False,0.5905895829200745,0.3722557842731476,False,False
42,supervised,medseg_slice_071,evidence/notebook10_corrected/seed_42/supervised/medseg_slice_071.json,9aa65f2830586041465ca77ed43e409bb51ae0072b7cc351ca3e7467878b15c2,17e403ea17c691de6e3ae789596346f869afeb92512e5672a15e7d8abbb9267f,4d7781b37d42915d796fe8b5c8998550562dd552183dce2602d64ad32f75d1a8,91ad9b1fdf8b0554a12eb22c5f68088302346a779287cff1bbdfd76fb725fd72,39815,39712,False,0.5510327816009521,0.3722557842731476,False,False
42,supervised,medseg_slice_072,evidence/notebook10_corrected/seed_42/supervised/medseg_slice_072.json,0b10732843c5a984bd5c6100a8b349239c8452c0487fafe457d81d79672f862c,2a410a9ac5ea84153d3c47b98dc566183b1b9979ab90f5c80a5d8f33642a09bf,ae3436f7f88013feab32059a3a00b1573f9794c8baac14098aeaaa819a67e316,91ad9b1fdf8b0554a12eb22c5f68088302346a779287cff1bbdfd76fb725fd72,27540,27308,False,0.6139311790466309,0.3722557842731476,False,False
42,supervised,medseg_slice_073,evidence/notebook10_corrected/seed_42/supervised/medseg_slice_073.json,1c5e6a684e581e3054f0c34888d3d8c321e70cfdac2a5eee2d9f14eb3bcb3cca,18ed5ef2c0a1d1f7ac900b4f4b090538011062498178b1152a7a4ba447105dc1,1b3da48aefc4f8e4137220b17c5b248664ca585b721410a5a5e7f01b6ceedd98,91ad9b1fdf8b0554a12eb22c5f68088302346a779287cff1bbdfd76fb725fd72,9425,9180,False,0.5236594676971436,0.3722557842731476,False,False
42,supervised,medseg_slice_074,evidence/notebook10_corrected/seed_42/supervised/medseg_slice_074.json,812257da43fec46a09851346bda032c73146159543bd8e0046a4cd5ac9b29d4c,d47587d79aa5ed20903af43972eaa5bc2bb401101ad705e138ded0a366077814,34c570cbb12254a3b251e38bdde1d88d9b9a18c93cdcaa7eb97c8d791d3d2c34,91ad9b1fdf8b0554a12eb22c5f68088302346a779287cff1bbdfd76fb725fd72,3476,3384,False,0.4942074716091156,0.3722557842731476,False,False
42,supervised,medseg_slice_075,evidence/notebook10_corrected/seed_42/supervised/medseg_slice_075.json,d5e79fe2563fae9f041877e3e29114c14ba8f1dad18ed75c892042c1de70bd63,2b20e4b08b199c5775c6e26773d4702063487ca22eb3d447d8b6526848f9e38e,bb80d6513f3838850388c4e2a8707d497443260891dca1ce07e6d61c57cd3d50,91ad9b1fdf8b0554a12eb22c5f68088302346a779287cff1bbdfd76fb725fd72,22476,22661,False,0.5672969818115234,0.3722557842731476,False,False
42,supervised,medseg_slice_076,evidence/notebook10_corrected/seed_42/supervised/medseg_slice_076.json,36c203317bacc16842938fabe33728ced036ef0bf4b7be575317396bd3eb6353,1376dfdafb090109d5fe682f4105fd82e79722762cec0f8f008738cc4565f7a2,b290338ccc53261c23a93d7d610329ae9269070b651daedae0fa3e94c943892a,91ad9b1fdf8b0554a12eb22c5f68088302346a779287cff1bbdfd76fb725fd72,45098,44634,False,0.5793939828872681,0.3722557842731476,False,False
42,supervised,medseg_slice_077,evidence/notebook10_corrected/seed_42/supervised/medseg_slice_077.json,efd1ef829a4dc387b34c266821e8d97b347e7ec326e713a2ef5371e9590131c2,fa404920c04ae68ad75b0b586d130242052bb7f5ed1f63fce55d47a0d9616ed5,d35a1aee03883cf55acc9f9c25338ee12b0d00623fada6de1291e7aeec34e003,91ad9b1fdf8b0554a12eb22c5f68088302346a779287cff1bbdfd76fb725fd72,26409,25934,False,0.5325848460197449,0.3722557842731476,False,False
42,supervised,medseg_slice_078,evidence/notebook10_corrected/seed_42/supervised/medseg_slice_078.json,c855a17aa4572f81f103f7ba03b1779dd17e8f1a838e9ab2146b8fb142888cfb,1a23c315b6201c57f1853ae092ca71dfe151ccd85e520ab1b2a6e67f82232a72,ddec3ace107c9684378a853d1921fa5180aaab57b4eece3d72e9b092f567573f,91ad9b1fdf8b0554a12eb22c5f68088302346a779287cff1bbdfd76fb725fd72,19609,19177,False,0.6586782336235046,0.3722557842731476,False,False
42,supervised,medseg_slice_079,evidence/notebook10_corrected/seed_42/supervised/medseg_slice_079.json,da99ac77a36511ed641b589e8b61b52f4cd6ac65a2b03d7d4ffd87490b22b2f9,8dfcbcc7ba15437a9ff853a0f4a546a82e6bed74f0f1c527a423e61338bd0c8d,e2052ed73273383a20d6ed5792c55bc9c1e2f49c8ad1b602e3ebf7a85d3034f0,91ad9b1fdf8b0554a12eb22c5f68088302346a779287cff1bbdfd76fb725fd72,31872,31589,False,0.6476300954818726,0.3722557842731476,False,False
42,supervised,medseg_slice_080,evidence/notebook10_corrected/seed_42/supervised/medseg_slice_080.json,4ee7401dac506b7f48232b73d24a8c7b58a74dbec7a0bcdf483dddccd0660dc0,e9cd70df971fbe33f4bd19eabaf9bcd53a492a5d57da12dc7751e69fde173bf2,1816ffe960e78012273ded91ea05d0c353b667bd8af8cd5483b49113f2bab6e1,91ad9b1fdf8b0554a12eb22c5f68088302346a779287cff1bbdfd76fb725fd72,21176,21510,False,0.5531491637229919,0.3722557842731476,False,False
42,supervised,medseg_slice_081,evidence/notebook10_corrected/seed_42/supervised/medseg_slice_081.json,59ba80e98c642cf0c9dbc071afb6e3ee232612285c35469e2c1ce9e9ee5a0ebf,f15fb59625c42ab05fc0d719acc290fae7d8e54066e8197ec67b86a31cc9197b,febdc2ce4cc0d3bc88e80d0be23b5d13c5c91ac937f4710b27494620a98c91d5,91ad9b1fdf8b0554a12eb22c5f68088302346a779287cff1bbdfd76fb725fd72,5488,5927,False,0.5610926151275635,0.3722557842731476,False,False
42,supervised,medseg_slice_082,evidence/notebook10_corrected/seed_42/supervised/medseg_slice_082.json,08a7d322186327f3d95ac88a6b071b653031868122acdd97f2f8c4f89ba01f38,52500249be87efa71b05d17360462f671f24acb04027fc9ad0779f281f27fe62,27aa885bdae6816082cc983578480d180f7958f789ba8ac0a9d3caa328406e0c,91ad9b1fdf8b0554a12eb22c5f68088302346a779287cff1bbdfd76fb725fd72,12334,12275,False,0.5040075778961182,0.3722557842731476,False,False
42,supervised,medseg_slice_083,evidence/notebook10_corrected/seed_42/supervised/medseg_slice_083.json,04acfaf22846dc14d9014d11adb78a3e9b3ea85e90e3d60f565f90fbf5befe99,2777c02e05128caa1569850d49d834d41bd84e0238de401ba4f506df31b190e4,6fc01b203bc62d5331337661c7db7b3bf879b49332b220b02146760374728891,91ad9b1fdf8b0554a12eb22c5f68088302346a779287cff1bbdfd76fb725fd72,3005,3219,False,0.5061808228492737,0.3722557842731476,False,False
42,supervised,medseg_slice_084,evidence/notebook10_corrected/seed_42/supervised/medseg_slice_084.json,98d015afa1804e03ff6a127f7f2bc29babf7712515fdd0e650c45fc6f247fdbf,026775d2c8e50ecb200ecf1bff2de83e631bbfb47b6c1bb2929e1837a82ee0ba,db954a0c2cf4387fa06ab5125181b95b760a7e2917ab9cd80042abd1d5321487,91ad9b1fdf8b0554a12eb22c5f68088302346a779287cff1bbdfd76fb725fd72,9190,9837,False,0.5764120221138,0.3722557842731476,False,False
42,supervised,medseg_slice_085,evidence/notebook10_corrected/seed_42/supervised/medseg_slice_085.json,58f247f7800f75b9e1bb402d3e2292bd5652630d42948cfbcf347fad8e8479af,1a83cfc87b7827614338e7584e034e4825c6b00cdd79a264856ece86db71f76d,35a06affc8d1a1c7ab668a5be2ca23c951e561dd7a68d0f4bc9e79f304a7de4a,91ad9b1fdf8b0554a12eb22c5f68088302346a779287cff1bbdfd76fb725fd72,28756,29160,False,0.5567188262939453,0.3722557842731476,False,False
42,supervised,medseg_slice_086,evidence/notebook10_corrected/seed_42/supervised/medseg_slice_086.json,f10103c162d15c958b4fffb1a0a5305b855921460899012b4d01a4e75686b689,eb33c520222e906cd1928eaa6e641d93338b343871d22e726187ed3282bd7aba,870024d6126de32203c116e262cd561b50fee694277b0fdc4ed333443d3c2334,91ad9b1fdf8b0554a12eb22c5f68088302346a779287cff1bbdfd76fb725fd72,5079,5114,False,0.5026996731758118,0.3722557842731476,False,False
42,supervised,medseg_slice_087,evidence/notebook10_corrected/seed_42/supervised/medseg_slice_087.json,7385c15b2cfd3e0c6f269c968e80ad19763671c224c3472c3feaa855dc7c49ac,71b6a3474ce9d3bc1f43853c32d7f0932cd49bb2026e8a48506c61cafc8a8ebc,2c6e0ac7b828cf67cc2ee5e6d09d75ed018ade025dc8f7f81d4890909bb2143b,91ad9b1fdf8b0554a12eb22c5f68088302346a779287cff1bbdfd76fb725fd72,22639,22162,False,0.5684012770652771,0.3722557842731476,False,False
42,supervised,medseg_slice_088,evidence/notebook10_corrected/seed_42/supervised/medseg_slice_088.json,b411c63ac918619bad842669b8a1df0b7c50aa2b02fb532f219534dbc1738376,54f628ad7ccb3bce4073d076c72f44ddc628531a007a24e42353f5e48de59b77,bcb9cd4c218390470665bd8a4a09068a066bbfe0fa1420e231d18dbed22f0a38,91ad9b1fdf8b0554a12eb22c5f68088302346a779287cff1bbdfd76fb725fd72,16438,17504,False,0.5874876976013184,0.3722557842731476,False,False
42,supervised,medseg_slice_089,evidence/notebook10_corrected/seed_42/supervised/medseg_slice_089.json,1f0c852d29273cd99ecd1b5746494dd1704fa716a1775ff7ff227c33aa1cc319,4b2b14bd7faa5bedfa75db01c2d28d18a8c76b3cf9a160f6ebf5680d2f2f117c,f27b6a1b03e12172fec5a1184851ae027984f1bbef50d0653bcbd54d59df3019,91ad9b1fdf8b0554a12eb22c5f68088302346a779287cff1bbdfd76fb725fd72,1000,1013,False,0.1816660463809967,0.3722557842731476,True,True
42,supervised,medseg_slice_090,evidence/notebook10_corrected/seed_42/supervised/medseg_slice_090.json,f36e443f53ccbf65f78d974a610a9c9a94d1d8deeae1e0b06351ef9f4db43d91,381278d48cabda98d106bc4223d81ce6f2d668949b128abab3387d5b0a0b20c2,ac32697faedac1e54a4e391ae0c888c7eef0762e282fe32e87b98ed401f37b57,91ad9b1fdf8b0554a12eb22c5f68088302346a779287cff1bbdfd76fb725fd72,13470,14138,False,0.5933337807655334,0.3722557842731476,False,False
42,supervised,medseg_slice_091,evidence/notebook10_corrected/seed_42/supervised/medseg_slice_091.json,07be60d91398d9e2512576d38dd47f755c240986a70877eca688d82edd81663f,2e2ed6c8129cab6f77b3a56db9159a0dff3c09a402040bb88e812f085f409d40,17524c90773099c6d40100bc2fbbf512caf7827f5bf3a8a9cc98b2d459cbea89,91ad9b1fdf8b0554a12eb22c5f68088302346a779287cff1bbdfd76fb725fd72,12576,12777,False,0.5818154811859131,0.3722557842731476,False,False
42,supervised,medseg_slice_092,evidence/notebook10_corrected/seed_42/supervised/medseg_slice_092.json,ea9e4a7edef76bc041a61b6a4a23a31a5a4fdec9543310b81bbe4fda97de4cc8,ac9d67f83b27a9bc11ecb219be66336dd29a551c2339ff613706a508abd07055,16881c0956f7242f97c6330bca9f7b05df6b534586473d9a5c7d9fcf9ef6ef90,91ad9b1fdf8b0554a12eb22c5f68088302346a779287cff1bbdfd76fb725fd72,18866,19103,False,0.5534518361091614,0.3722557842731476,False,False
42,supervised,medseg_slice_093,evidence/notebook10_corrected/seed_42/supervised/medseg_slice_093.json,fcc15a02b13737cb24ec73dbbfe69598d2cef8346befb2b75fa3ffb81ba7c956,8f6e71b6a69bbc05e72f804af8ab24b635370f68ec0717e225f526e30f5aa356,f718db96e29116b900c810cd95ebb06b5088d060cfccc55c7311abdd84f633cf,91ad9b1fdf8b0554a12eb22c5f68088302346a779287cff1bbdfd76fb725fd72,9151,9204,False,0.5888955593109131,0.3722557842731476,False,False
42,supervised,medseg_slice_094,evidence/notebook10_corrected/seed_42/supervised/medseg_slice_094.json,c42fd43598f160d386a7bff32ef125711a5521ed26a7e72b087f5bdeb923fd19,8f2050855ab04c9d92c01af93d2378678f9114fbdf6a7dd366696fd11fe1c9e4,d3cd14c3b3c1477e08c74aea1a7baf5c0319aab3ab45d8db03d370c3be618f91,91ad9b1fdf8b0554a12eb22c5f68088302346a779287cff1bbdfd76fb725fd72,8782,9523,False,0.6285375356674194,0.3722557842731476,False,False
42,supervised,medseg_slice_095,evidence/notebook10_corrected/seed_42/supervised/medseg_slice_095.json,62d71dd4f92faa18c98b5c7e84e980f25d655cd7fb2893b5fbbc60346dd7cf3f,8dd47a71fdd1fc0ba9e75076db4c871e78590540ede0109fd6441a70e10e30eb,a1feba16690a199645fb71c6b082ed605b8228cfc4dae1b2c6d2fdf17744db8a,91ad9b1fdf8b0554a12eb22c5f68088302346a779287cff1bbdfd76fb725fd72,32362,27633,False,0.5458493232727051,0.3722557842731476,False,False
42,supervised,medseg_slice_096,evidence/notebook10_corrected/seed_42/supervised/medseg_slice_096.json,7bc8002d7c0c7c8d4898c343802dedeb9c56ce874ed0ffa758d07eec4e75334b,2dc2cfcafe292992cd5b95eb0d45a0cb75805f3dc41e36949537fd1251d26a76,49a03e4b9867d3bd826cc70e95805d3d3b13da9b53d2458db48af98dba9b3d67,91ad9b1fdf8b0554a12eb22c5f68088302346a779287cff1bbdfd76fb725fd72,55745,56104,False,0.5731716752052307,0.3722557842731476,False,False
42,supervised,medseg_slice_097,evidence/notebook10_corrected/seed_42/supervised/medseg_slice_097.json,fba67c0ea325b71080bc1fa1be4e457ea19798e8b4c98f8cda2cccdae05cce13,804ba71bf2ef9fabd78bf16e9e974e7b517c29651650e25d742d5d7f390448d3,f5ed2bdc4e2abbc8371e4a41273458df21e885c66ca8888ff6ce5dffd03afcf7,91ad9b1fdf8b0554a12eb22c5f68088302346a779287cff1bbdfd76fb725fd72,8543,8213,False,0.5645038485527039,0.3722557842731476,False,False
42,supervised,medseg_slice_098,evidence/notebook10_corrected/seed_42/supervised/medseg_slice_098.json,ff6d0d9f24651e2ce9b626efba0085ddf6781aca7bbf0900f6aedbaf1c931e7f,5cca738fe3754447379d593b74b1630e47b03422bebe1952646b90f0dfa17104,27f05c0b3c432750bd6a266386789c5ef987812f8d5adf6bfe1339844e8d71a3,91ad9b1fdf8b0554a12eb22c5f68088302346a779287cff1bbdfd76fb725fd72,48442,48611,False,0.5884125232696533,0.3722557842731476,False,False
42,supervised,medseg_slice_099,evidence/notebook10_corrected/seed_42/supervised/medseg_slice_099.json,171029ede4da756952edded5164b7aa8b5a655f2c92cad3d0bb16957b8fa5d04,451ff5a5de6e98464e9a72f2053fda7c31ad6cc8ce01f49f8072529ad90cb9c6,27a560d7220b5dc8875a4a03799670cd15a79fa6dd7c591d15510f281125f543,91ad9b1fdf8b0554a12eb22c5f68088302346a779287cff1bbdfd76fb725fd72,16188,16360,False,0.5303930640220642,0.3722557842731476,False,False
42,confidence_only_ema,medseg_slice_000,evidence/notebook10_corrected/seed_42/confidence_only_ema/medseg_slice_000.json,f17f40fe5dee8c285b99a59a68d5aebd5de21aa09bda7a08afd2a3210708239e,b44ef2c7f8ff2d4eb46c0358fc7d75bae4affa13021f6dd0c440db145c48ccb0,b8d92ada6e3b756b9fc32a4f157c5c40ad88bf147a07f3e1d029738ccf1804ef,13784fafa978be4e8b3976a632761a1f80bb6d2e2a5e1f104b5cf217336c1f09,34756,34579,False,0.5512528419494629,0.3972122430801392,False,False
42,confidence_only_ema,medseg_slice_001,evidence/notebook10_corrected/seed_42/confidence_only_ema/medseg_slice_001.json,a7ebc84c6567b316f66f7e24afe14e946c2944cedef0b181b656a55d73fe5240,e571d08ce7190f80e9e3f0f84a27cf9107c39bd2c66aeb08b9a4f8ff05ec421e,f0e135616f0074b1af1ea4ce2ac4ca6df0faf6134941f75d38e66c5c4b4b045b,13784fafa978be4e8b3976a632761a1f80bb6d2e2a5e1f104b5cf217336c1f09,49036,48599,False,0.6132215261459351,0.3972122430801392,False,False
42,confidence_only_ema,medseg_slice_002,evidence/notebook10_corrected/seed_42/confidence_only_ema/medseg_slice_002.json,24cb1f71e3ec15a05bd474527d59e579be02f3fb5200fe7e9f3eb68b2c62d047,a83a4c0bde6cf92d6f78db7564887bf2d0607df421c52476525fd532e6ef2111,f6e5e5d9f2952429ed9e9ae8635f2f7b090e2909aeb5ed111807f52ce1dee1e4,13784fafa978be4e8b3976a632761a1f80bb6d2e2a5e1f104b5cf217336c1f09,968,1013,False,0.2568704485893249,0.3972122430801392,True,True
42,confidence_only_ema,medseg_slice_003,evidence/notebook10_corrected/seed_42/confidence_only_ema/medseg_slice_003.json,0e07a5b10cae718481d0aece26e1cfff0f19f21be652ffc0bf21f5d47345ffda,6a05e0202644ff0edc9e7d0117462f77b7f7be072d7c67cc0b9a83fbf9c2712b,fb002e37d604db34dc5cb7e2bb3ace4f64779067575a8949b0c89675d085912b,13784fafa978be4e8b3976a632761a1f80bb6d2e2a5e1f104b5cf217336c1f09,12156,12454,False,0.6000516414642334,0.3972122430801392,False,False
42,confidence_only_ema,medseg_slice_004,evidence/notebook10_corrected/seed_42/confidence_only_ema/medseg_slice_004.json,9e33cc91881e3ac335a1ca92cf8410b15eba0849037ff1e83a546a3d410e75a3,b3908a7a85943e8479c7be67e3b63e7952cc8d635f288f687d585f77c8dc14d9,407ecc6ccd0a740ddfa1f160dd124423f5f5ce6f846633041afdff581b3d8492,13784fafa978be4e8b3976a632761a1f80bb6d2e2a5e1f104b5cf217336c1f09,15802,15358,False,0.5781168341636658,0.3972122430801392,False,False
42,confidence_only_ema,medseg_slice_005,evidence/notebook10_corrected/seed_42/confidence_only_ema/medseg_slice_005.json,3765f9e6158383f314c14201e46ecd21d6351ae4adc3cafb14f603106a857d91,af2ad96bbf24e5a6cc75e151b4307234ab112e13a0fe54710c994a93d64d5c10,954226c82efbc60e23021d1d41ff0d677f1caccb9988ee1192578164be99ca66,13784fafa978be4e8b3976a632761a1f80bb6d2e2a5e1f104b5cf217336c1f09,11404,10712,False,0.6125481128692627,0.3972122430801392,False,False
42,confidence_only_ema,medseg_slice_006,evidence/notebook10_corrected/seed_42/confidence_only_ema/medseg_slice_006.json,ed692eee63a5901cdf563c9e7d3237c1ceb6cc886fb1b979ea1e6573e90be8f1,516fb37f4234a91e854eec43b160b1096141be8f4f0c53f02f0b132efb09c542,9847b2c505ebc1b302fec7a811c51735deb33ee3d30c4a418a4b112bc5fa7958,13784fafa978be4e8b3976a632761a1f80bb6d2e2a5e1f104b5cf217336c1f09,7662,7665,False,0.5221040844917297,0.3972122430801392,False,False
42,confidence_only_ema,medseg_slice_007,evidence/notebook10_corrected/seed_42/confidence_only_ema/medseg_slice_007.json,71684bc52a4715f90eb62146d1f407f8ccdbf576e65148ca4529c1ebd3f18dfe,da68396b1640a1b722af4808aa8ff224ca07504b8deaaef2fbf4ee008a8140a5,75dd2952d53c2da5f5621eff2ee5f39a103dfccc4697a95b95a4be964f1a2ddc,13784fafa978be4e8b3976a632761a1f80bb6d2e2a5e1f104b5cf217336c1f09,45704,46097,False,0.6452986001968384,0.3972122430801392,False,False
42,confidence_only_ema,medseg_slice_008,evidence/notebook10_corrected/seed_42/confidence_only_ema/medseg_slice_008.json,635e4b6c14a9d8941aa0a97bf45bafb789b67fdf3eaa179b09f21fd385307d5c,79465d5cc370a5be742d3599d594e51e01467820a2b97d21490e63e9e6e0de52,645d9d5d21cdf4d106bc524bcf18c8d5b5e6551ed94b6304a0b7310d5b7d0371,13784fafa978be4e8b3976a632761a1f80bb6d2e2a5e1f104b5cf217336c1f09,50447,50133,False,0.5696640014648438,0.3972122430801392,False,False
42,confidence_only_ema,medseg_slice_009,evidence/notebook10_corrected/seed_42/confidence_only_ema/medseg_slice_009.json,bcd29daaf957367a48b2368004309b0ae30b530cc34042541d2c702c7c6f225e,8126b2e2bc2ec9c708eaacdf05ca723f53a114c9bd3790b191d140cb105b1ffb,ce3dd5da88993821bd43f064470bdf70ee74fd8a678f50f9e144129e87a09a3a,13784fafa978be4e8b3976a632761a1f80bb6d2e2a5e1f104b5cf217336c1f09,25755,25734,False,0.5702364444732666,0.3972122430801392,False,False
42,confidence_only_ema,medseg_slice_010,evidence/notebook10_corrected/seed_42/confidence_only_ema/medseg_slice_010.json,64747af6e6f47b4c4d2a46d9ec9002319af316b3850d9dfa5dfbda048a1b6e6b,a8b1372d3fb351e2e26b8e6c40100f02cfdf03b5a8a094c406d80dcce17de21e,bb5e5a66b7d16124661e1798a2113275d6760b8bd3947b396878fb9a64b0813f,13784fafa978be4e8b3976a632761a1f80bb6d2e2a5e1f104b5cf217336c1f09,24386,23076,False,0.6251345276832581,0.3972122430801392,False,False
42,confidence_only_ema,medseg_slice_011,evidence/notebook10_corrected/seed_42/confidence_only_ema/medseg_slice_011.json,b0b962987503680cd9c476b60b7806c152b13afbabdef8d014cb22ee9af2ed6e,941d1b91ce054ba75f295f8a8809a50a04d261a7952e8dc22e0046478ca93d69,a249e2f0ca7c08f6aecc798cd47c8fc469f14ee699ab73434b1125cc22f4df5f,13784fafa978be4e8b3976a632761a1f80bb6d2e2a5e1f104b5cf217336c1f09,12783,13479,False,0.6282630562782288,0.3972122430801392,False,False
42,confidence_only_ema,medseg_slice_012,evidence/notebook10_corrected/seed_42/confidence_only_ema/medseg_slice_012.json,a13445e4c67b1ec38c1310ccaff67019db51d60bca56cd333ffde04dd20516cb,f22d417a5fbbd9ed5644a3b7fc1e13bdde3df2c88d30bb9439dd1bdf56e5d05c,ee403a7e321e84bab6f5c96e80d70b2ae001c98c13d3852ed0fc20a74bba3a4c,13784fafa978be4e8b3976a632761a1f80bb6d2e2a5e1f104b5cf217336c1f09,15540,15891,False,0.5783822536468506,0.3972122430801392,False,False
42,confidence_only_ema,medseg_slice_013,evidence/notebook10_corrected/seed_42/confidence_only_ema/medseg_slice_013.json,65ab8572d7fe0099f44cb38198455836c21566b46fa1c3625c8df7f0010917b5,dea377d9f46f5a3fe79292ddf7ad5196236298876d42cfe2a51e2ee17c5c3924,0e0908afb9b520a69a476474af778cb9b120a9128c81265cba956b58fbe8be1f,13784fafa978be4e8b3976a632761a1f80bb6d2e2a5e1f104b5cf217336c1f09,23464,22841,False,0.5671924352645874,0.3972122430801392,False,False
42,confidence_only_ema,medseg_slice_014,evidence/notebook10_corrected/seed_42/confidence_only_ema/medseg_slice_014.json,bce52acaeb004ff521f95ef7332cb2e65bd0c80eb19b0d02fcc82e72b6010c94,8f139089de3c9bc56ebed8b37af5167f32660014f2d19599d91a34a6c4f27161,94bb6cce462de6a871b2ebfa8d7b453c9971773bc12968f196a3a5841a9332c3,13784fafa978be4e8b3976a632761a1f80bb6d2e2a5e1f104b5cf217336c1f09,13204,13573,False,0.5797684788703918,0.3972122430801392,False,False
42,confidence_only_ema,medseg_slice_015,evidence/notebook10_corrected/seed_42/confidence_only_ema/medseg_slice_015.json,7d2c51a34a5faa15aa99fef60387fae3df33f38c829defe2790ba0471e3b6180,582b5ca7348736a56bc23f381b5a0e3cac5862102bc2d6fde657e6e75a6f710d,1d04a7e13303f5e597c578bbcd8ffd6dcd868f8d263dd33f9ef3df56d6f51450,13784fafa978be4e8b3976a632761a1f80bb6d2e2a5e1f104b5cf217336c1f09,29519,29074,False,0.6047859787940979,0.3972122430801392,False,False
42,confidence_only_ema,medseg_slice_016,evidence/notebook10_corrected/seed_42/confidence_only_ema/medseg_slice_016.json,cf4dbda6573a09d3e7ecbb0e74ce8bee9cb4ffd789a726fbf1374caaf6f865a6,fdc4a85404bed33b5dfd484fe4fd1969f30a7cbf7fc988790259cdf9c7644654,6d8047b867050e1cd4d5a96f74b8b1fae2efea9bad26c26e0e821c289a2b9e35,13784fafa978be4e8b3976a632761a1f80bb6d2e2a5e1f104b5cf217336c1f09,10002,9624,False,0.6228065490722656,0.3972122430801392,False,False
42,confidence_only_ema,medseg_slice_017,evidence/notebook10_corrected/seed_42/confidence_only_ema/medseg_slice_017.json,e38edd0d5be8c569ec881d26cd492eec0b17901669ddb4aa770f55d870040670,7775c778bdd582ab20aa3afc83ffd03773fb40a232562bc402343fc1e693ecd6,6880e178581afdbc59b133cde235dd77e9b51ab9676beb600ada226e71b44c4c,13784fafa978be4e8b3976a632761a1f80bb6d2e2a5e1f104b5cf217336c1f09,15617,15638,False,0.6043305993080139,0.3972122430801392,False,False
42,confidence_only_ema,medseg_slice_018,evidence/notebook10_corrected/seed_42/confidence_only_ema/medseg_slice_018.json,47594d3bcff4e6ebb20b46d316d76c7f22fd6240a2d370ef5b68040ba52a132f,56deb1aeba7d7848cec70b0c7e0e55fd875b43962ca976c935bc90ffaba047ce,fc4d15033a8bf887b01ebd0b1f2f2a0693c16e91a220c8796a17c91ae21170da,13784fafa978be4e8b3976a632761a1f80bb6d2e2a5e1f104b5cf217336c1f09,13266,12961,False,0.574414849281311,0.3972122430801392,False,False
42,confidence_only_ema,medseg_slice_019,evidence/notebook10_corrected/seed_42/confidence_only_ema/medseg_slice_019.json,6299b2860f7aee51a1c8a38475d593a9fdc434cca16e17cafca814343559c660,5350c75b58c51fd8d7e962094df0b534d4ca835998c419e0b1cf02bd6bc530ff,2c107e7a5235ead3cafb6cfee9dbeb6fadc8d4b3f79e2819d62d8078dd9f4756,13784fafa978be4e8b3976a632761a1f80bb6d2e2a5e1f104b5cf217336c1f09,32113,32485,False,0.5715917944908142,0.3972122430801392,False,False
42,confidence_only_ema,medseg_slice_020,evidence/notebook10_corrected/seed_42/confidence_only_ema/medseg_slice_020.json,ece02de99e54106a622da5e29bece450f70adfd4ac0b7a1aa8938c1072527770,18b4eaa7ad5b66d486f8b995ccc6f893216f79cee8783310444dd7d5c8d9353d,dcc69fd8a1e1283a72633cde5cfc4bfee6286a29fb7d24891a9a8b45cec6b872,13784fafa978be4e8b3976a632761a1f80bb6d2e2a5e1f104b5cf217336c1f09,11231,11295,False,0.5579589009284973,0.3972122430801392,False,False
42,confidence_only_ema,medseg_slice_021,evidence/notebook10_corrected/seed_42/confidence_only_ema/medseg_slice_021.json,3413fb34d4823504b4a88d409bbf06a13a57eb1450ac3707c129ac88a0bc08e9,81aa23526708a85a4a1d06f3b6881b609b51f7d5f585ba6d81a869615d98c475,82ad89e44d430983c4f73e1054268e4eeb5fa1d1e5aa9d0bb0fe1a88227ef7e0,13784fafa978be4e8b3976a632761a1f80bb6d2e2a5e1f104b5cf217336c1f09,21812,21932,False,0.600734531879425,0.3972122430801392,False,False
42,confidence_only_ema,medseg_slice_022,evidence/notebook10_corrected/seed_42/confidence_only_ema/medseg_slice_022.json,3be5e74e166e4257334149aa3cb7afe77860c36ce8fb9c20f10dea5e3f4e3cfe,64ee0cbad7d15a836dae2c915c0907accbad8d9ce932dca1a347e449c8125b63,6a71bd4b12642da691792a783de12a132af43fb2c4e563b4383ef126338559a2,13784fafa978be4e8b3976a632761a1f80bb6d2e2a5e1f104b5cf217336c1f09,4675,3897,False,0.7877805233001709,0.3972122430801392,False,False
42,confidence_only_ema,medseg_slice_023,evidence/notebook10_corrected/seed_42/confidence_only_ema/medseg_slice_023.json,cf4e14f0355c88e8ce594e5eef5cf725b660930b3c66833b0875f7cf94e9b762,9af7705482ff778f22df10e76dbde4bab2e80cf71faffcd88908b3e60e8c8d49,a8331a08564ad98eba23010261a9806e7730312861dc9deb3081f7c34ea7f00d,13784fafa978be4e8b3976a632761a1f80bb6d2e2a5e1f104b5cf217336c1f09,8313,7953,False,0.5547900199890137,0.3972122430801392,False,False
42,confidence_only_ema,medseg_slice_024,evidence/notebook10_corrected/seed_42/confidence_only_ema/medseg_slice_024.json,c40ef1fcb7cabb93bf38aa81e6262fc22525ee3c9c3b8ec10d5dc4e53b370bcf,ab8bc522616ae39913d84db14bb5d7e8ea6c3286e016cdb6b4d038bc66e6df9a,30fb0fef795802cc50e1b58f2e98de43240997c9dfb84ca1d9ea96000594ec0a,13784fafa978be4e8b3976a632761a1f80bb6d2e2a5e1f104b5cf217336c1f09,5543,5207,False,0.5729719996452332,0.3972122430801392,False,False
42,confidence_only_ema,medseg_slice_025,evidence/notebook10_corrected/seed_42/confidence_only_ema/medseg_slice_025.json,6e4fb3e1ba87b50faa9e1e652bbe436347cde52148f0cb6688bfb294b9e55d1b,2f45dd8fe78fd78812c326ca9449b33ae769db450dca0469ed15a41ef19d46d0,abc88790f03cff53a1c2a0bcb37840cfeca4025f4127722d90ccfc029646d474,13784fafa978be4e8b3976a632761a1f80bb6d2e2a5e1f104b5cf217336c1f09,31207,31878,False,0.5971436500549316,0.3972122430801392,False,False
42,confidence_only_ema,medseg_slice_026,evidence/notebook10_corrected/seed_42/confidence_only_ema/medseg_slice_026.json,b014ca9b8d8d6477511da6eb778c99224e5545ff791ae4f4d00492641e4c947e,6e134155fe1a0ddb2e32d25c2b36e4dfe6b57d525f22bdbebac02edfe0f7681e,899c165a3de682dd0946914e699ea050e30a76acdd5a471caa6e9d0688e65e5c,13784fafa978be4e8b3976a632761a1f80bb6d2e2a5e1f104b5cf217336c1f09,7821,7750,False,0.5158330798149109,0.3972122430801392,False,False
42,confidence_only_ema,medseg_slice_027,evidence/notebook10_corrected/seed_42/confidence_only_ema/medseg_slice_027.json,f8f7682c8f5d8759e3c4ecf8557d456f8c90e95d18d6a0ef0182fd8b8328e7d6,c8eaf82c83154dd8158c7e1a0e512bae8f17583b66170cd7ed653d0138faa54f,7cfe4e74f2386ffdf5a7ebab096cec9f961c07f90a86a5b550beeb7ad9e406c5,13784fafa978be4e8b3976a632761a1f80bb6d2e2a5e1f104b5cf217336c1f09,5466,5412,False,0.5755524039268494,0.3972122430801392,False,False
42,confidence_only_ema,medseg_slice_028,evidence/notebook10_corrected/seed_42/confidence_only_ema/medseg_slice_028.json,a05d848163e14c93b6e86b28467a2990a2f3673860a8988d667c6eddca4f42d1,a27464836bd308a475a125fa843754a105e600bb2ad4b812edd6f5a56d1aa211,a2f5dd765e4c0b8945d64083ceb05bf20827480365f6f2597d7056c103f3beee,13784fafa978be4e8b3976a632761a1f80bb6d2e2a5e1f104b5cf217336c1f09,12425,12386,False,0.5453641414642334,0.3972122430801392,False,False
42,confidence_only_ema,medseg_slice_029,evidence/notebook10_corrected/seed_42/confidence_only_ema/medseg_slice_029.json,d294520cda3e44062b946db084ce3d3eb0bdb59ab7bd31a0ab44da6c52ccdabf,33f8db11afe1c7eb5e6b62468eba9718dec4c8c697e2bf6bd50db334f5d41501,bf219512990a58b18471bd714af8f88005679254d1827da5d28f59af32c08ea2,13784fafa978be4e8b3976a632761a1f80bb6d2e2a5e1f104b5cf217336c1f09,48474,48425,False,0.5631750226020813,0.3972122430801392,False,False
42,confidence_only_ema,medseg_slice_030,evidence/notebook10_corrected/seed_42/confidence_only_ema/medseg_slice_030.json,e79183f174c173202e160c2884142b54fec9df527f3967b298128bffbd5201e8,6d1c3d9a2f370934ad345b4a33296a76f85147d0dec6a96b636c1d011b4dda94,82443ea576e704dd6bfc63a3fcd467392555fa09f511b2a97e0405d8f2f41ef6,13784fafa978be4e8b3976a632761a1f80bb6d2e2a5e1f104b5cf217336c1f09,14443,13625,False,0.5789292454719543,0.3972122430801392,False,False
42,confidence_only_ema,medseg_slice_031,evidence/notebook10_corrected/seed_42/confidence_only_ema/medseg_slice_031.json,a885b7986c27b74a19078d81e34cf16a3e03e7c3317ad2b5743c2e5558fc3790,991cb01759b8dbda7afbd6424ced95443902778d16681e21b293708db7fd55e8,1506087a053aa067e75bba4feb513fe4d91c7f05ca27ab29f61e5574b72b828a,13784fafa978be4e8b3976a632761a1f80bb6d2e2a5e1f104b5cf217336c1f09,21980,21113,False,0.6069322228431702,0.3972122430801392,False,False
42,confidence_only_ema,medseg_slice_032,evidence/notebook10_corrected/seed_42/confidence_only_ema/medseg_slice_032.json,4fef170e6d1eb2a398333a21916a4e1ef7593686bed67b9df40eb315f7d06581,f292b8fdbbbc83332748ca351fa281ae14bfbd711d6a17a3f2ee9803d38e7c6a,41fdcf8a910392c534d55dff07d3f7c837a8a2d65a61ee7467e39d94ad703f4f,13784fafa978be4e8b3976a632761a1f80bb6d2e2a5e1f104b5cf217336c1f09,40078,37749,False,0.5990283489227295,0.3972122430801392,False,False
42,confidence_only_ema,medseg_slice_033,evidence/notebook10_corrected/seed_42/confidence_only_ema/medseg_slice_033.json,906afd75fb800abae73185e0c4a8332103276ba75289fb773091bce96907d546,4bdc25659921942b0073cc584192a52c6246d92a61d9eeb454dc05f7e9ccbdbc,4e6360046e9bf58012687535963ed848312fb886c6b33bd6a7b5be735caba8b1,13784fafa978be4e8b3976a632761a1f80bb6d2e2a5e1f104b5cf217336c1f09,7076,6998,False,0.5841372609138489,0.3972122430801392,False,False
42,confidence_only_ema,medseg_slice_034,evidence/notebook10_corrected/seed_42/confidence_only_ema/medseg_slice_034.json,70067483944b575af741cc5d200eb405a8583b4d627589ca82593ab87e669e6d,fa92ecb25062aa754d4d9a19e5ee08d7253265278db40d20103165636e62d96f,189514e97be3a1ad6aa97949ec643d6d899fecf23ab3b0e4d492525807ffa3e6,13784fafa978be4e8b3976a632761a1f80bb6d2e2a5e1f104b5cf217336c1f09,16466,15089,False,0.617139458656311,0.3972122430801392,False,False
42,confidence_only_ema,medseg_slice_035,evidence/notebook10_corrected/seed_42/confidence_only_ema/medseg_slice_035.json,bcab6e43f6ad1bef4125aedc40b8bb207d0e0a47d7e75aabb940d3acb5f2b612,d20e77f5482d23ee3df3b2b3003d51c3aae144d1c4f8c557cd4c6b49e07dacbd,aa48807dc42b8cc026eb7ecc7d27881fb59031b05f325ecc38cb725eabf088fd,13784fafa978be4e8b3976a632761a1f80bb6d2e2a5e1f104b5cf217336c1f09,15084,14992,False,0.5670823454856873,0.3972122430801392,False,False
42,confidence_only_ema,medseg_slice_036,evidence/notebook10_corrected/seed_42/confidence_only_ema/medseg_slice_036.json,a8c62dfff5abbf6ef62527913b2f53ce4f4ffdc1a2d99a9c8fe4d450ee7f80d4,615ede383872d94b4a833ee952ccb931871ed330c0a519daf35f47f5996e83a0,2472e21445a2ccda4b76660f2be173218911f6d1b3c477fc0f97e4113bcbafcb,13784fafa978be4e8b3976a632761a1f80bb6d2e2a5e1f104b5cf217336c1f09,11084,10566,False,0.6114366054534912,0.3972122430801392,False,False
42,confidence_only_ema,medseg_slice_037,evidence/notebook10_corrected/seed_42/confidence_only_ema/medseg_slice_037.json,057f6ff678c7dda39108615789a5f882aad2bb1f2ec754bdca0dd3be3039f238,7dea0c2ba5c3bcf88de9c78871733bac5d9af9a1c6847872d8d9ebc9f2c53456,6a132c94fff8d2819ca210addd11b6935384d7a686c1235008e5ee08e64ec4d3,13784fafa978be4e8b3976a632761a1f80bb6d2e2a5e1f104b5cf217336c1f09,18974,18324,False,0.6021592617034912,0.3972122430801392,False,False
42,confidence_only_ema,medseg_slice_038,evidence/notebook10_corrected/seed_42/confidence_only_ema/medseg_slice_038.json,c906b87584509a19204259098d12956e245da53716a31bea3135012a3ca42bff,86b5cc9a8600d01a664a40c852886ea6364e258a1b2bff81eb7256b62c297e0e,47980896431bdd8eaab4279af527bddd99bb8eef53eb8bafbdea3cd888014234,13784fafa978be4e8b3976a632761a1f80bb6d2e2a5e1f104b5cf217336c1f09,17607,17355,False,0.7022925019264221,0.3972122430801392,False,False
42,confidence_only_ema,medseg_slice_039,evidence/notebook10_corrected/seed_42/confidence_only_ema/medseg_slice_039.json,c92f0b708c5c7f7b0b3994f1a5ae62231fddc50c68f64ab6a9850f161db9702c,0fcf785cd38185d0d087ef0ffadec9a1d66e67ed54e57ee1dd04a21f0ebab134,8b2744cf3f8536be2f99a3795fcfb9423baace53ec44573d7f120f510a46cf86,13784fafa978be4e8b3976a632761a1f80bb6d2e2a5e1f104b5cf217336c1f09,41068,38844,False,0.6057478189468384,0.3972122430801392,False,False
42,confidence_only_ema,medseg_slice_040,evidence/notebook10_corrected/seed_42/confidence_only_ema/medseg_slice_040.json,bdab761c8cd6eb14c88cbfcfa796146cbb6ea1b1aa110bbff9dca41ee3d32fc1,6c78bdd3cbbd2242af2d95d81389bf5a7ee7c6567a18829785e3b39d8afffb6d,01ada77ea9493129259198e610e1c20fe967783054ef2b6e53b121cf839c789c,13784fafa978be4e8b3976a632761a1f80bb6d2e2a5e1f104b5cf217336c1f09,9584,9110,False,0.5989657044410706,0.3972122430801392,False,False
42,confidence_only_ema,medseg_slice_041,evidence/notebook10_corrected/seed_42/confidence_only_ema/medseg_slice_041.json,03dfa3020a97cf8569ef613772b90d995ee107b71f476a9168eee6a0ca985a6f,9c75b70c6327bf6e31fa3135b9fb0fcf3ca9fc30aa896550f0a942436f56e3db,59e625ee705652bca38c82bbb7ca843a7bde3c773074724ae33acfdf886ef945,13784fafa978be4e8b3976a632761a1f80bb6d2e2a5e1f104b5cf217336c1f09,23038,22135,False,0.638414204120636,0.3972122430801392,False,False
42,confidence_only_ema,medseg_slice_042,evidence/notebook10_corrected/seed_42/confidence_only_ema/medseg_slice_042.json,ffe1d4eea316ee92068e0f41c62af3a51d3da014c03f02953129267480db260a,0cc526956ec56831244b119eef0c69ac7ca108b7c0a3ea2dfa55bf5f2d6d3163,cedae567ae9f13c3fa517b55b58688847880ff528a47996dfe5eabd57611ea59,13784fafa978be4e8b3976a632761a1f80bb6d2e2a5e1f104b5cf217336c1f09,30330,29434,False,0.6092443466186523,0.3972122430801392,False,False
42,confidence_only_ema,medseg_slice_043,evidence/notebook10_corrected/seed_42/confidence_only_ema/medseg_slice_043.json,d293ff9b352c8f0681aadd1ee484de41ab1010daa46458b8ecccaba9811631b1,46432f1b9e86148c029fd9a47a636c704041b9b36fa269c4e95a0377b73f6574,1d77161459e5b8646079b809df38040cf53660e6a26719d255021ab798775c7f,13784fafa978be4e8b3976a632761a1f80bb6d2e2a5e1f104b5cf217336c1f09,20914,20502,False,0.6225351095199585,0.3972122430801392,False,False
42,confidence_only_ema,medseg_slice_044,evidence/notebook10_corrected/seed_42/confidence_only_ema/medseg_slice_044.json,e5080f58f4316d861d40c8fe1d9fd9f0ff5b6ab91f0a1a7b919b484197057233,62327805fe0bdcfca5d4229bdfd4d6ca113527e54d34b52fbb84daeae6649cff,4f01816fe796a5d9009be5a418e8b8990b641129a74cf2aed4088bcd59d4fd25,13784fafa978be4e8b3976a632761a1f80bb6d2e2a5e1f104b5cf217336c1f09,12357,11443,False,0.6097638607025146,0.3972122430801392,False,False
42,confidence_only_ema,medseg_slice_045,evidence/notebook10_corrected/seed_42/confidence_only_ema/medseg_slice_045.json,64c94246f95e0854acce7a8424da140bbc1ee34244fca9de2340393311f24dc0,6051c48383f7b9e17ac4b8f6b5d55884691b44daca2e40200599b9ee71e628f6,685d96fbea284382ff6361fdccd16a00c7d79762bc07591dc690618ac36bfb77,13784fafa978be4e8b3976a632761a1f80bb6d2e2a5e1f104b5cf217336c1f09,25555,25169,False,0.5920572876930237,0.3972122430801392,False,False
42,confidence_only_ema,medseg_slice_046,evidence/notebook10_corrected/seed_42/confidence_only_ema/medseg_slice_046.json,a1b46eda0f08726aa0002b2fd96aa13020b581832b52037c698ef497dd7ebdf9,2eb1583cef892b6dd50a263c31d011298400fe917978ee2af035d4f906e8044a,3e1b189bd9e0924209d82154b7f2b2353a2f2c11951d0fc9c1740362b6b167f6,13784fafa978be4e8b3976a632761a1f80bb6d2e2a5e1f104b5cf217336c1f09,14058,12720,False,0.6109377145767212,0.3972122430801392,False,False
42,confidence_only_ema,medseg_slice_047,evidence/notebook10_corrected/seed_42/confidence_only_ema/medseg_slice_047.json,fd6b6460d458a8e3238fa40e2c8677e205f0b6b205c1d90ebd133bfa7bcb791b,599f52419ba04d8654b279eb242d7adf8cd8808efb441c346c1d48645e8884df,e4b12ff2906e298534e000485eb6874c64e68b62678d6647b5403c8c92c96dbd,13784fafa978be4e8b3976a632761a1f80bb6d2e2a5e1f104b5cf217336c1f09,21007,20779,False,0.5872350335121155,0.3972122430801392,False,False
42,confidence_only_ema,medseg_slice_048,evidence/notebook10_corrected/seed_42/confidence_only_ema/medseg_slice_048.json,f1b5d71bab587744eda1909304df787ca33745daab76884bc260e325443aa3bc,1a0a4f94eb8c89cf9c9f6518cff762ad4cc84f36cc4aad40fe7a5077d06383c6,3b5fde0f11f2af196fd908144351ee7791beafed4c456fdf9c0c3633c32983c1,13784fafa978be4e8b3976a632761a1f80bb6d2e2a5e1f104b5cf217336c1f09,440,316,False,0.4162183701992035,0.3972122430801392,False,False
42,confidence_only_ema,medseg_slice_049,evidence/notebook10_corrected/seed_42/confidence_only_ema/medseg_slice_049.json,9df8fc8ecb78cd9f3e51e825ac3f596975ff9546369730f4c09d2a76135f377f,bfe5c22279be9fd16e131ffcf4c45716f555a80e8bf2cf5548a138f7a04ad198,a35df3d00043dcb8f3415bc115608262a48774368a17d16f4754d478b1faf53d,13784fafa978be4e8b3976a632761a1f80bb6d2e2a5e1f104b5cf217336c1f09,16246,13323,False,0.5760457515716553,0.3972122430801392,False,False
42,confidence_only_ema,medseg_slice_050,evidence/notebook10_corrected/seed_42/confidence_only_ema/medseg_slice_050.json,b301676a452dc588e307820f085c1a990e859959e0e58c0a5cddbe223e6cd74d,6555903cfc6d3803550ef86433f64485518329216c578b6289e9181ac0397950,5c56087aa54af08d480f61e509967898bbe9d6c2589f8841959de42bd5b072ff,13784fafa978be4e8b3976a632761a1f80bb6d2e2a5e1f104b5cf217336c1f09,12097,12492,False,0.6264005303382874,0.3972122430801392,False,False
42,confidence_only_ema,medseg_slice_051,evidence/notebook10_corrected/seed_42/confidence_only_ema/medseg_slice_051.json,7c4604d44b0b9e06b2562b639cdcb8faf8f342ac314f423f4d83649e88fb3dcf,3df139597aa1b0ae7da043646935a1da1ae062c7566a524db57f1474892ab158,50d152d398bcd07ee99f293b23894e93905daaf3f0784d67baeb319a682eeaa5,13784fafa978be4e8b3976a632761a1f80bb6d2e2a5e1f104b5cf217336c1f09,61501,61405,False,0.5786770582199097,0.3972122430801392,False,False
42,confidence_only_ema,medseg_slice_052,evidence/notebook10_corrected/seed_42/confidence_only_ema/medseg_slice_052.json,5de8b9142219609915f4c00afbc2d665b77fddf533842f95e377fcb3b27de448,947d10c4f46f27d4b12ef9b1fa165636306c8991c21e9225c4fb1b2bb00a6ca9,84bf4ee740a19973088874ab46764ffca8572e9d5dda760c2c3ae9ac0f9c3151,13784fafa978be4e8b3976a632761a1f80bb6d2e2a5e1f104b5cf217336c1f09,4700,4731,False,0.5489945411682129,0.3972122430801392,False,False
42,confidence_only_ema,medseg_slice_053,evidence/notebook10_corrected/seed_42/confidence_only_ema/medseg_slice_053.json,3325384bcfb0a5fea3994c2e78638251ba55c5561d309ce5e5c01a86280b61cb,6b77c6872f4cba2318444a68c589acd81a42ac9e5c650c9edabd258fe66225de,c30160e38e02232042b4b28c468af43639c6aebe33cafab8cce109b9aef26691,13784fafa978be4e8b3976a632761a1f80bb6d2e2a5e1f104b5cf217336c1f09,43532,43564,False,0.5786051750183105,0.3972122430801392,False,False
42,confidence_only_ema,medseg_slice_054,evidence/notebook10_corrected/seed_42/confidence_only_ema/medseg_slice_054.json,251c13f7bb86467ccb47e69dd855e083001bd9dc0909cded1750db0f8d0eebde,bed928cf09892a2e88c9b802bc0786a408ad642d4573a641024b32f6d69369f3,2b74fe6e33ae87a6dea06474fc44a052d93a61279280c1e91d41a97588c79a9a,13784fafa978be4e8b3976a632761a1f80bb6d2e2a5e1f104b5cf217336c1f09,11978,11523,False,0.6790804862976074,0.3972122430801392,False,False
42,confidence_only_ema,medseg_slice_055,evidence/notebook10_corrected/seed_42/confidence_only_ema/medseg_slice_055.json,012a87a007210216d4eeaf8db19a62dae8983996a654e1cdebf667889569676c,9b830341fd52efe1641062e7c4991bf8503c7d889302a72aa266d828011539e8,a7e340352d60b4798b326fbd0b67b29cbce251d9c65a5ee58df582d09980070b,13784fafa978be4e8b3976a632761a1f80bb6d2e2a5e1f104b5cf217336c1f09,41513,40442,False,0.7276467084884644,0.3972122430801392,False,False
42,confidence_only_ema,medseg_slice_056,evidence/notebook10_corrected/seed_42/confidence_only_ema/medseg_slice_056.json,a07afb8e3cae8ccad9b457e9c102ee012310205f8ea93c7e80df26c401306128,bd95ed4d5fbf50f55d5bd7667991f6471a878bf8a891ac37d0d81a4000735107,b142cc06793e8139c7ad9cfa1fab9857878fd268a76f82e35a3a80a30829dd6a,13784fafa978be4e8b3976a632761a1f80bb6d2e2a5e1f104b5cf217336c1f09,9202,9512,False,0.6147032380104065,0.3972122430801392,False,False
42,confidence_only_ema,medseg_slice_057,evidence/notebook10_corrected/seed_42/confidence_only_ema/medseg_slice_057.json,a5b35686216a5add6d9d5a34d2b97a070ec95f074900f9c56ea1d8191e8aa67d,72e1841c935c9964794b40c746e187245203b38fae29bf0caeb2e7a02c46c5c6,ef7e7c4f96304f6c3be7ccadc612b656407f5c9d628c3ac678512f8d13bd300c,13784fafa978be4e8b3976a632761a1f80bb6d2e2a5e1f104b5cf217336c1f09,41941,40467,False,0.6429541707038879,0.3972122430801392,False,False
42,confidence_only_ema,medseg_slice_058,evidence/notebook10_corrected/seed_42/confidence_only_ema/medseg_slice_058.json,fd4eb25b363978386298648277c8048c315ad725133aba6786d62ca6e16300ac,75255b5303a732feb9eab706e92e55632c4ab305b2e361e60bd0cfe123ae170f,6d3c8c4d5ab5d92c8643a770e9259712e88e2c15600fd2db4c4d5c7a52f40986,13784fafa978be4e8b3976a632761a1f80bb6d2e2a5e1f104b5cf217336c1f09,34122,33580,False,0.5651832222938538,0.3972122430801392,False,False
42,confidence_only_ema,medseg_slice_059,evidence/notebook10_corrected/seed_42/confidence_only_ema/medseg_slice_059.json,1b3903b0ebd1e1d7959aa9b75c8a7d8299f5dce67f876d9731a25dda112385aa,66432a86c920010c446c160b5cd6716aa210f043133d4f5013dc52cacf07093d,1608dd3845d27b4f467057774c7bf364f4188558bf1bf3661ced0d88c4373f7b,13784fafa978be4e8b3976a632761a1f80bb6d2e2a5e1f104b5cf217336c1f09,32145,32137,False,0.560766875743866,0.3972122430801392,False,False
42,confidence_only_ema,medseg_slice_060,evidence/notebook10_corrected/seed_42/confidence_only_ema/medseg_slice_060.json,dd83196d8bc8f2ee4e3c712176b0ff81c7d57f6ff659d46aebeccd7b6bf7b5dc,cd3c4fcc0293decb3fe5d6cc2605c992fc0c5dcd0f600ee6608e2825c77d8613,9f2bb17424d15bd8bd8de106fcf65086ef2ecf0e24472afc10c2b68a786f1c0b,13784fafa978be4e8b3976a632761a1f80bb6d2e2a5e1f104b5cf217336c1f09,48805,49098,False,0.6017150282859802,0.3972122430801392,False,False
42,confidence_only_ema,medseg_slice_061,evidence/notebook10_corrected/seed_42/confidence_only_ema/medseg_slice_061.json,1ab7d6c0e27f19ee3f2c9a14ffc72a2378509510fdc67a3ef75c342853dd48ac,6deb5ee0627e5581fc35f43720cacd11f4bdbf4ed6bb1340ef5438070445bc82,9a93bb70c6c406c2579fcf2939cd23bbd440d6bc65ec6e6f2f124a58f95c43ff,13784fafa978be4e8b3976a632761a1f80bb6d2e2a5e1f104b5cf217336c1f09,12610,12178,False,0.5950579643249512,0.3972122430801392,False,False
42,confidence_only_ema,medseg_slice_062,evidence/notebook10_corrected/seed_42/confidence_only_ema/medseg_slice_062.json,e9ad06d506b1feab8f8c2a536142d7185af69aaeac001e86f2fda94c80dafa7c,4e8d39e256ff340b2a45f4378b868d050f22e607ca7b4f9a6e71f8712d4fa13c,cdd9bc929125bd0fa67eb2b10715daadbbd4d9cefd3b3f98b0806a6496b7303d,13784fafa978be4e8b3976a632761a1f80bb6d2e2a5e1f104b5cf217336c1f09,127345,125513,False,0.6273051500320435,0.3972122430801392,False,False
42,confidence_only_ema,medseg_slice_063,evidence/notebook10_corrected/seed_42/confidence_only_ema/medseg_slice_063.json,8e98fdcf7dc82ad3383d7509f67a98e23c03c92c9e9b1ab15cfb6aff7c9580e0,4889473fac3da948fc3f811865dc1c349fb522b402944f43b446c1ee77b07406,f4002fafd05639f27c46f2c2de442cf6a2277db6dc3311bf8b3ccacdbbf0167b,13784fafa978be4e8b3976a632761a1f80bb6d2e2a5e1f104b5cf217336c1f09,8732,8234,False,0.658013105392456,0.3972122430801392,False,False
42,confidence_only_ema,medseg_slice_064,evidence/notebook10_corrected/seed_42/confidence_only_ema/medseg_slice_064.json,c080681bd339d6c6233e9a3ada811bc98b67fb2f49738a7bfb2d49fb2947efc9,03fcb275fd8e2728d23b62183eda8538d6e5dbe04daf74037d187950ae5bb596,61a30a2b4b163fecd63f045cb2549d769be2f28a6756c36d453da40d68ec57ee,13784fafa978be4e8b3976a632761a1f80bb6d2e2a5e1f104b5cf217336c1f09,5977,5855,False,0.5759798288345337,0.3972122430801392,False,False
42,confidence_only_ema,medseg_slice_065,evidence/notebook10_corrected/seed_42/confidence_only_ema/medseg_slice_065.json,4e8dca252a5db0fbbb26d89b9f97d0c56c7ced3ee865892956fda9f949a2bb87,78ced4fafa033d183d63214bde76d7ab4fe12dede9ac7b3ef9bc08b27b3571db,cf898faa87f35eaf08962c8b29491e54055c8ea161eda938294c33a26d90bb0f,13784fafa978be4e8b3976a632761a1f80bb6d2e2a5e1f104b5cf217336c1f09,10671,10431,False,0.5157750248908997,0.3972122430801392,False,False
42,confidence_only_ema,medseg_slice_066,evidence/notebook10_corrected/seed_42/confidence_only_ema/medseg_slice_066.json,9f33f9c83d29ae544f8da1d70e9422c688cd44373175279274a7cc913afcd35e,90bd0e396d4496086e1a7832dfb230ed407815031b7fb6c08838557943d849cf,ea92bb22017618cfbce6f0e79336b969eb7167e417795f13702dcc04adf2ea83,13784fafa978be4e8b3976a632761a1f80bb6d2e2a5e1f104b5cf217336c1f09,4768,4648,False,0.5919109582901001,0.3972122430801392,False,False
42,confidence_only_ema,medseg_slice_067,evidence/notebook10_corrected/seed_42/confidence_only_ema/medseg_slice_067.json,c23989ee3fc7354815424a2363700140f99eb228388b4bac05df05c73c742f5f,da25e3994dce35c43bd05f586c032b0ab14e4a8288b55ca6abfce1f2be8ac0b5,25e59f0d4b49826aee33a27771f9bb90860d2ed97293a6efb572db22e9357faf,13784fafa978be4e8b3976a632761a1f80bb6d2e2a5e1f104b5cf217336c1f09,16748,16646,False,0.5582058429718018,0.3972122430801392,False,False
42,confidence_only_ema,medseg_slice_068,evidence/notebook10_corrected/seed_42/confidence_only_ema/medseg_slice_068.json,ae87b32f0edf2170f06112146216788c9084a5f1639c02a64b4a005ac9d906f3,611d6571ef4fc4f7661ee81f2d9e7fc82e0b44519762e3126e58f974d314b6a7,188a1cbd741d706a550ffb1296537a4f7445ff98d3e258d1fbf1844e2ab49e4e,13784fafa978be4e8b3976a632761a1f80bb6d2e2a5e1f104b5cf217336c1f09,21590,21382,False,0.5938666462898254,0.3972122430801392,False,False
42,confidence_only_ema,medseg_slice_069,evidence/notebook10_corrected/seed_42/confidence_only_ema/medseg_slice_069.json,7c09d688ea72ff3134d19f3d0cccee6673e37c15d3cd9fbb34cfbe8496b8bbbc,173dc9154cef478382c0b157519d6fee70353d4cfc9171dea449104af3d052f5,1927a8a5cb96fc3d1a8c451c67ced838d8d11da4f6e243a0f8d2783dd6c1cda6,13784fafa978be4e8b3976a632761a1f80bb6d2e2a5e1f104b5cf217336c1f09,47128,47001,False,0.6034612655639648,0.3972122430801392,False,False
42,confidence_only_ema,medseg_slice_070,evidence/notebook10_corrected/seed_42/confidence_only_ema/medseg_slice_070.json,bca96da6fd3bcfa93098cfac3e459530070dff85e9e70fd7cb0e7579ccd91366,4544eaa872af69cbed8988da4d5d0c3475e23a7aaf2b01fb97f10737d582cbb4,25722e5d5b41004112a4a8f1c03dc0a60bc6a08c8173e10783407a17e470c15c,13784fafa978be4e8b3976a632761a1f80bb6d2e2a5e1f104b5cf217336c1f09,16310,15143,False,0.631312906742096,0.3972122430801392,False,False
42,confidence_only_ema,medseg_slice_071,evidence/notebook10_corrected/seed_42/confidence_only_ema/medseg_slice_071.json,04a56163ca9db367912688dc7ee4b88f90cfce9c9a706e76271ac911513b7bb9,17e403ea17c691de6e3ae789596346f869afeb92512e5672a15e7d8abbb9267f,6f1571fae201fd5cfa2090c6b1b8c87fc798d4c8a9808b47f0076ead0a2df810,13784fafa978be4e8b3976a632761a1f80bb6d2e2a5e1f104b5cf217336c1f09,35083,34789,False,0.5658727288246155,0.3972122430801392,False,False
42,confidence_only_ema,medseg_slice_072,evidence/notebook10_corrected/seed_42/confidence_only_ema/medseg_slice_072.json,4a798f34aa296fb6075c1dcb402977d88a6a3a78f4a4baf4e1a230290acca034,2a410a9ac5ea84153d3c47b98dc566183b1b9979ab90f5c80a5d8f33642a09bf,bd8026ae6fd966f664127f450bf46969afe3192b111e2db06ac339c7bd441a72,13784fafa978be4e8b3976a632761a1f80bb6d2e2a5e1f104b5cf217336c1f09,24410,22636,False,0.6469239592552185,0.3972122430801392,False,False
42,confidence_only_ema,medseg_slice_073,evidence/notebook10_corrected/seed_42/confidence_only_ema/medseg_slice_073.json,beff542b3903a8d41bb748fc9dc8ebc57d53286f4a5234ede026d8183d387073,18ed5ef2c0a1d1f7ac900b4f4b090538011062498178b1152a7a4ba447105dc1,528988f2c536365f906b6f254c75e1c7bfe46c6b7ad7d0b4613648dd52d56119,13784fafa978be4e8b3976a632761a1f80bb6d2e2a5e1f104b5cf217336c1f09,9567,9357,False,0.5692744255065918,0.3972122430801392,False,False
42,confidence_only_ema,medseg_slice_074,evidence/notebook10_corrected/seed_42/confidence_only_ema/medseg_slice_074.json,c92d04c2d37f12ef4492678fa5672bd4afe4f177b27aa76ef34875d406400c23,d47587d79aa5ed20903af43972eaa5bc2bb401101ad705e138ded0a366077814,41800b4c29b1550befb279416a18aee026331fabaf38fca434797338efd233d8,13784fafa978be4e8b3976a632761a1f80bb6d2e2a5e1f104b5cf217336c1f09,3173,2870,False,0.5542460680007935,0.3972122430801392,False,False
42,confidence_only_ema,medseg_slice_075,evidence/notebook10_corrected/seed_42/confidence_only_ema/medseg_slice_075.json,765f67999919be2273386003112e33e32a567a010c17771b540fa29c236c0b15,2b20e4b08b199c5775c6e26773d4702063487ca22eb3d447d8b6526848f9e38e,43dc391db9f223ec5e03ba7b146aa5386214f01b496d70e9032c6d6d812f3fe2,13784fafa978be4e8b3976a632761a1f80bb6d2e2a5e1f104b5cf217336c1f09,20489,19856,False,0.5874136686325073,0.3972122430801392,False,False
42,confidence_only_ema,medseg_slice_076,evidence/notebook10_corrected/seed_42/confidence_only_ema/medseg_slice_076.json,e0c6ec686a88bfa4a6a11d3b44fcf862fc456438256e5e9b660a75b0dc76c33f,1376dfdafb090109d5fe682f4105fd82e79722762cec0f8f008738cc4565f7a2,54559c966b96b1c998b55f7852485d5ac1be17e6952b96a5b50cd3bb2e81f093,13784fafa978be4e8b3976a632761a1f80bb6d2e2a5e1f104b5cf217336c1f09,37969,37727,False,0.6000763177871704,0.3972122430801392,False,False
42,confidence_only_ema,medseg_slice_077,evidence/notebook10_corrected/seed_42/confidence_only_ema/medseg_slice_077.json,6a807d60ccc4bbe1932fd56569d15d7f999598b26260903b3f30eb10c2130c2e,fa404920c04ae68ad75b0b586d130242052bb7f5ed1f63fce55d47a0d9616ed5,ed3efecfa3c22d6db5ab89e6e27ccef7e1bd5ba8042372a079cf7f4ab66cbc35,13784fafa978be4e8b3976a632761a1f80bb6d2e2a5e1f104b5cf217336c1f09,25373,24430,False,0.5887141823768616,0.3972122430801392,False,False
42,confidence_only_ema,medseg_slice_078,evidence/notebook10_corrected/seed_42/confidence_only_ema/medseg_slice_078.json,6fc4f5a7dd7ed9e53610832b45ce08f721aab2c3edf5098b39f6b2f2300274ca,1a23c315b6201c57f1853ae092ca71dfe151ccd85e520ab1b2a6e67f82232a72,113b587b906ab582bdb31afc6eb8c78b50098a80855535aeb8e9a292c3d826ec,13784fafa978be4e8b3976a632761a1f80bb6d2e2a5e1f104b5cf217336c1f09,22766,22575,False,0.5730218887329102,0.3972122430801392,False,False
42,confidence_only_ema,medseg_slice_079,evidence/notebook10_corrected/seed_42/confidence_only_ema/medseg_slice_079.json,7b552cbe0200a56e8f38fc107603af290216e37983607a4c6e2bb79bdf085ef5,8dfcbcc7ba15437a9ff853a0f4a546a82e6bed74f0f1c527a423e61338bd0c8d,a2519f9889912d0d8b1a596bcdedae1a582400c6f43d10c8da69b7b22e6533df,13784fafa978be4e8b3976a632761a1f80bb6d2e2a5e1f104b5cf217336c1f09,32707,31849,False,0.593201756477356,0.3972122430801392,False,False
42,confidence_only_ema,medseg_slice_080,evidence/notebook10_corrected/seed_42/confidence_only_ema/medseg_slice_080.json,b3a7fd267dc0f3cb5c68cbbb6813fe83aab32e528fa19c48d6fc5169f1308bdc,e9cd70df971fbe33f4bd19eabaf9bcd53a492a5d57da12dc7751e69fde173bf2,316b1c24776f3e7b396b3f3cb046553bf0a20a2fd12430b4933e62e7d1a598bd,13784fafa978be4e8b3976a632761a1f80bb6d2e2a5e1f104b5cf217336c1f09,19673,19360,False,0.5776338577270508,0.3972122430801392,False,False
42,confidence_only_ema,medseg_slice_081,evidence/notebook10_corrected/seed_42/confidence_only_ema/medseg_slice_081.json,4e3a365542b98330dcc625dea3a4adb522cd6a091fc9a2eca75d651f216a9409,f15fb59625c42ab05fc0d719acc290fae7d8e54066e8197ec67b86a31cc9197b,fe11505e18a803c035c1f205ab375e384fac8df5041ce87ae25f0a0278fe7e91,13784fafa978be4e8b3976a632761a1f80bb6d2e2a5e1f104b5cf217336c1f09,9579,9881,False,0.8384770750999451,0.3972122430801392,False,False
42,confidence_only_ema,medseg_slice_082,evidence/notebook10_corrected/seed_42/confidence_only_ema/medseg_slice_082.json,b4edcf3ee0961fd2bad9a99e5b4a8f29d74351217a03334e5012de7ea008afa8,52500249be87efa71b05d17360462f671f24acb04027fc9ad0779f281f27fe62,4220cb303f6d52d7c3f5240e3c200af13be3ff7b9c157fdfaf8c1c3b887ffb8c,13784fafa978be4e8b3976a632761a1f80bb6d2e2a5e1f104b5cf217336c1f09,12730,12865,False,0.5537304878234863,0.3972122430801392,False,False
42,confidence_only_ema,medseg_slice_083,evidence/notebook10_corrected/seed_42/confidence_only_ema/medseg_slice_083.json,a9bbcb77f9a603ca79293bcdadad96c2b998709f2c97949c0c3ef320ad9c893d,2777c02e05128caa1569850d49d834d41bd84e0238de401ba4f506df31b190e4,c89b9cb89f7bc0cd8099bb46e3dd103649f79a7f89e3b36b6751a11354a91405,13784fafa978be4e8b3976a632761a1f80bb6d2e2a5e1f104b5cf217336c1f09,9749,9704,False,0.6372631788253784,0.3972122430801392,False,False
42,confidence_only_ema,medseg_slice_084,evidence/notebook10_corrected/seed_42/confidence_only_ema/medseg_slice_084.json,12a0b3da1278a2599a891e8e2b32d0c9a14e76d9b07f9ebfaeeebc8cd654c758,026775d2c8e50ecb200ecf1bff2de83e631bbfb47b6c1bb2929e1837a82ee0ba,44a09963492902d57fd81a3cf8bac28f8609521b6d4813a46c57d40519e6ea07,13784fafa978be4e8b3976a632761a1f80bb6d2e2a5e1f104b5cf217336c1f09,7450,7536,False,0.6071868538856506,0.3972122430801392,False,False
42,confidence_only_ema,medseg_slice_085,evidence/notebook10_corrected/seed_42/confidence_only_ema/medseg_slice_085.json,dbf3b39c2f0d30e73d659547b69ea373a02404cf5b2da197716c18b70cf18b7a,1a83cfc87b7827614338e7584e034e4825c6b00cdd79a264856ece86db71f76d,a77c7894d8bdcc507d26beb8d2e55acf0dd1f9752c6fbecd4406220c506f0c2b,13784fafa978be4e8b3976a632761a1f80bb6d2e2a5e1f104b5cf217336c1f09,24678,24737,False,0.5595425963401794,0.3972122430801392,False,False
42,confidence_only_ema,medseg_slice_086,evidence/notebook10_corrected/seed_42/confidence_only_ema/medseg_slice_086.json,6eebb4ab9fac1dc54e5af5c42279999949b9eed6fbd0290fa3bddd7b6e2d5f5d,eb33c520222e906cd1928eaa6e641d93338b343871d22e726187ed3282bd7aba,b000a836a6433fa3293f54fda5ff4beee54cf3e0613108167ae0240b63269a68,13784fafa978be4e8b3976a632761a1f80bb6d2e2a5e1f104b5cf217336c1f09,5263,5211,False,0.5386654138565063,0.3972122430801392,False,False
42,confidence_only_ema,medseg_slice_087,evidence/notebook10_corrected/seed_42/confidence_only_ema/medseg_slice_087.json,309e371d3889a49c49dce87f644c77055a534010da4aa54718000e53d123bb29,71b6a3474ce9d3bc1f43853c32d7f0932cd49bb2026e8a48506c61cafc8a8ebc,159321ca6b0b37bc2f9730fc79254596e276cf9a7ebd99912b677cd79bef2c77,13784fafa978be4e8b3976a632761a1f80bb6d2e2a5e1f104b5cf217336c1f09,20341,20682,False,0.5738033056259155,0.3972122430801392,False,False
42,confidence_only_ema,medseg_slice_088,evidence/notebook10_corrected/seed_42/confidence_only_ema/medseg_slice_088.json,faa28a1261b5b5ee4791a73ecc509439158fb4008cc23cabb93ae82fb349afda,54f628ad7ccb3bce4073d076c72f44ddc628531a007a24e42353f5e48de59b77,a2523416b6447d68af0c2635794029b1183e88fd61f0817b05f87c54fe41bd7b,13784fafa978be4e8b3976a632761a1f80bb6d2e2a5e1f104b5cf217336c1f09,16760,17214,False,0.5944263935089111,0.3972122430801392,False,False
42,confidence_only_ema,medseg_slice_089,evidence/notebook10_corrected/seed_42/confidence_only_ema/medseg_slice_089.json,c0fd11ca45fb47fa7b4e45be26f49c53ada8d4e4060c1a68491e060edad73ed7,4b2b14bd7faa5bedfa75db01c2d28d18a8c76b3cf9a160f6ebf5680d2f2f117c,e1a8a67792d70bb9451c3cc078c45d4e3e121afe29d98c14eb842690a092fb23,13784fafa978be4e8b3976a632761a1f80bb6d2e2a5e1f104b5cf217336c1f09,1081,1115,False,0.1851929426193237,0.3972122430801392,True,True
42,confidence_only_ema,medseg_slice_090,evidence/notebook10_corrected/seed_42/confidence_only_ema/medseg_slice_090.json,81157472eeb6bceebf34f830ff102914342ea94bae52f2021718e95aa59ba5be,381278d48cabda98d106bc4223d81ce6f2d668949b128abab3387d5b0a0b20c2,d49cf9671a83cee363f94907d5599539b120baf0852301e2dbab095b8cefb382,13784fafa978be4e8b3976a632761a1f80bb6d2e2a5e1f104b5cf217336c1f09,12271,12336,False,0.5573393106460571,0.3972122430801392,False,False
42,confidence_only_ema,medseg_slice_091,evidence/notebook10_corrected/seed_42/confidence_only_ema/medseg_slice_091.json,4e1a902f62a61be8546c676902ee8b1e34269ecf98078d9a92865f7a85f9a5fa,2e2ed6c8129cab6f77b3a56db9159a0dff3c09a402040bb88e812f085f409d40,4a055220d371e60f4ce986f5cc81aaaa13c2419dbf75789f5e0c8bf69229953f,13784fafa978be4e8b3976a632761a1f80bb6d2e2a5e1f104b5cf217336c1f09,17606,17916,False,0.610253632068634,0.3972122430801392,False,False
42,confidence_only_ema,medseg_slice_092,evidence/notebook10_corrected/seed_42/confidence_only_ema/medseg_slice_092.json,7989e925e7b5404db1a0c34af0de6937dd0bcca9cc2e7542852f55f623bc7a9f,ac9d67f83b27a9bc11ecb219be66336dd29a551c2339ff613706a508abd07055,dfc74006d157b38b952fbe7b7d06c160d707b1766d211bf5b2856f8e3c875252,13784fafa978be4e8b3976a632761a1f80bb6d2e2a5e1f104b5cf217336c1f09,16150,15621,False,0.6069692373275757,0.3972122430801392,False,False
42,confidence_only_ema,medseg_slice_093,evidence/notebook10_corrected/seed_42/confidence_only_ema/medseg_slice_093.json,5fe96a575b6a0047891d01f7f097370e5fc89441b5df3ef17b41ea23294dd62d,8f6e71b6a69bbc05e72f804af8ab24b635370f68ec0717e225f526e30f5aa356,a3844707e535249c77535041a60d2ad87a17772c72ad66b9335b00c49405e5d7,13784fafa978be4e8b3976a632761a1f80bb6d2e2a5e1f104b5cf217336c1f09,15499,15147,False,0.6063812971115112,0.3972122430801392,False,False
42,confidence_only_ema,medseg_slice_094,evidence/notebook10_corrected/seed_42/confidence_only_ema/medseg_slice_094.json,5fc2eb13715da88041a1e6064531d924ef01e99921d4cc122015a4d6a1dd629d,8f2050855ab04c9d92c01af93d2378678f9114fbdf6a7dd366696fd11fe1c9e4,6a14c00413d1490ec33eaa77b943b4efa6c57a506596f4c0b8f5757ef1fe1c99,13784fafa978be4e8b3976a632761a1f80bb6d2e2a5e1f104b5cf217336c1f09,8980,9194,False,0.6382837295532227,0.3972122430801392,False,False
42,confidence_only_ema,medseg_slice_095,evidence/notebook10_corrected/seed_42/confidence_only_ema/medseg_slice_095.json,9f402816a1903fc33901cbc9b473c9e5e75c268493057144acd9e892b7cc5d59,8dd47a71fdd1fc0ba9e75076db4c871e78590540ede0109fd6441a70e10e30eb,29892ede247496cf897fc164eddb5bde0ab48f42dfa3b6056bc8984a43611f18,13784fafa978be4e8b3976a632761a1f80bb6d2e2a5e1f104b5cf217336c1f09,28224,19863,False,0.5901216268539429,0.3972122430801392,False,False
42,confidence_only_ema,medseg_slice_096,evidence/notebook10_corrected/seed_42/confidence_only_ema/medseg_slice_096.json,93a34dcacf78c914bd6ca6f5837f5327c6dba94e2a72d9a34caaa8a8087ef04a,2dc2cfcafe292992cd5b95eb0d45a0cb75805f3dc41e36949537fd1251d26a76,9afda0308339fed28f808118e2ba16a621053d2a9f6756933dad9fec62c8a829,13784fafa978be4e8b3976a632761a1f80bb6d2e2a5e1f104b5cf217336c1f09,55002,54146,False,0.6028396487236023,0.3972122430801392,False,False
42,confidence_only_ema,medseg_slice_097,evidence/notebook10_corrected/seed_42/confidence_only_ema/medseg_slice_097.json,982665c65d1eab0672ccd6dd52887d252969b3e2d0110ada03160c29083e3859,804ba71bf2ef9fabd78bf16e9e974e7b517c29651650e25d742d5d7f390448d3,cdae2f4e1ada375a94a3b689fb45d57c827027f7cb45d530b84f34cec9c10c71,13784fafa978be4e8b3976a632761a1f80bb6d2e2a5e1f104b5cf217336c1f09,7469,7270,False,0.5445424914360046,0.3972122430801392,False,False
42,confidence_only_ema,medseg_slice_098,evidence/notebook10_corrected/seed_42/confidence_only_ema/medseg_slice_098.json,272a192c5bca902480fab9cf78dd6dd9f718cd664a1f0935f86bb6532cd46c07,5cca738fe3754447379d593b74b1630e47b03422bebe1952646b90f0dfa17104,a6be098e5ddd22da8005cfb3757a1a98e6e7c556415ce98c32b428921d80b908,13784fafa978be4e8b3976a632761a1f80bb6d2e2a5e1f104b5cf217336c1f09,45408,44957,False,0.5852798223495483,0.3972122430801392,False,False
42,confidence_only_ema,medseg_slice_099,evidence/notebook10_corrected/seed_42/confidence_only_ema/medseg_slice_099.json,9471913486930f890d005601f0c0d98748d7d32ca7eee846a3d5d88d5abe441a,451ff5a5de6e98464e9a72f2053fda7c31ad6cc8ce01f49f8072529ad90cb9c6,4f4fa3e18bb41f0725e84548f29c1729f5ae7248c4b3d82ee2308cbfeffbf844,13784fafa978be4e8b3976a632761a1f80bb6d2e2a5e1f104b5cf217336c1f09,14650,14730,False,0.6009818911552429,0.3972122430801392,False,False
42,agreement_filtered_ema,medseg_slice_000,evidence/notebook10_corrected/seed_42/agreement_filtered_ema/medseg_slice_000.json,39af3c1892afb147faac3dab2eb954cfaa3ffdf57cf75389dd3c688cd9aa3db6,b44ef2c7f8ff2d4eb46c0358fc7d75bae4affa13021f6dd0c440db145c48ccb0,c499e54d279c76178db85305e0cd3c8c3464fb19821551d8f6df1fe2bb01ecbe,c21508029cc21cadcc88004c36dd8acc8a3bfbe885646b7a64e358f65e1d7e3a,36384,36128,False,0.5402575135231018,0.4145253539085389,False,False
42,agreement_filtered_ema,medseg_slice_001,evidence/notebook10_corrected/seed_42/agreement_filtered_ema/medseg_slice_001.json,cf7419e87184303038a1f8635f1e32322b9bc018c775650c042f7c387510ac16,e571d08ce7190f80e9e3f0f84a27cf9107c39bd2c66aeb08b9a4f8ff05ec421e,5c88e5b70a76714e164c424c3f387037edf2dcad0c3cb705b5c54ef763e614ed,c21508029cc21cadcc88004c36dd8acc8a3bfbe885646b7a64e358f65e1d7e3a,43567,43479,False,0.6097841858863831,0.4145253539085389,False,False
42,agreement_filtered_ema,medseg_slice_002,evidence/notebook10_corrected/seed_42/agreement_filtered_ema/medseg_slice_002.json,f5580385acd40accd0028703fbcff3f887f08de7903db76d1daa46b065b22d2f,a83a4c0bde6cf92d6f78db7564887bf2d0607df421c52476525fd532e6ef2111,ea56fdb56425161e6ca03314751d131f09a1f32626b2bae6c36c5d825400ae7f,c21508029cc21cadcc88004c36dd8acc8a3bfbe885646b7a64e358f65e1d7e3a,1657,1493,False,0.3465269804000854,0.4145253539085389,True,True
42,agreement_filtered_ema,medseg_slice_003,evidence/notebook10_corrected/seed_42/agreement_filtered_ema/medseg_slice_003.json,7c9f9c99b238c3a87a7d78452505c645d9b02f38ebaa42f2e02b7b7e72c36238,6a05e0202644ff0edc9e7d0117462f77b7f7be072d7c67cc0b9a83fbf9c2712b,70dab4e2ebf959075cc6fce8ab509239ea175a5442598b8f81295c96711a41c0,c21508029cc21cadcc88004c36dd8acc8a3bfbe885646b7a64e358f65e1d7e3a,15519,14882,False,0.587459146976471,0.4145253539085389,False,False
42,agreement_filtered_ema,medseg_slice_004,evidence/notebook10_corrected/seed_42/agreement_filtered_ema/medseg_slice_004.json,a5120eb79c56c17a1c2fc8f41b763d2c7e0ffe143358150781e71e937740d2c4,b3908a7a85943e8479c7be67e3b63e7952cc8d635f288f687d585f77c8dc14d9,8298341221dccac698c2381e2a53c9cbab4a967ebee14dfb44a5d1de13a65df7,c21508029cc21cadcc88004c36dd8acc8a3bfbe885646b7a64e358f65e1d7e3a,16243,16336,False,0.5763810873031616,0.4145253539085389,False,False
42,agreement_filtered_ema,medseg_slice_005,evidence/notebook10_corrected/seed_42/agreement_filtered_ema/medseg_slice_005.json,9a7bfc3802d05e26cd706f73acabfa88f2356c0e4b3e6c71f2093ef225e49adc,af2ad96bbf24e5a6cc75e151b4307234ab112e13a0fe54710c994a93d64d5c10,acc035438f95ca09b96bdb239f1baf42d49e675f7553b79ed7decd5bf8865727,c21508029cc21cadcc88004c36dd8acc8a3bfbe885646b7a64e358f65e1d7e3a,9550,8747,False,0.5934776663780212,0.4145253539085389,False,False
42,agreement_filtered_ema,medseg_slice_006,evidence/notebook10_corrected/seed_42/agreement_filtered_ema/medseg_slice_006.json,af35931f721fa465816c249d2df783c103e738685fa27574dd1b27bded85bdf2,516fb37f4234a91e854eec43b160b1096141be8f4f0c53f02f0b132efb09c542,8302ca6c04acc48740a34cd3ba3bfa34c89fac07958174c5a92cd0509b58e267,c21508029cc21cadcc88004c36dd8acc8a3bfbe885646b7a64e358f65e1d7e3a,8467,8033,False,0.5610081553459167,0.4145253539085389,False,False
42,agreement_filtered_ema,medseg_slice_007,evidence/notebook10_corrected/seed_42/agreement_filtered_ema/medseg_slice_007.json,259dc2aebdcf59c476b62ae0bc30d6ed92a2f96ad76fc8b73d1aa45e869b42f8,da68396b1640a1b722af4808aa8ff224ca07504b8deaaef2fbf4ee008a8140a5,5516700af1d501023ddfd2548f9077718e59f02696eab23665a251ba7f3d02cf,c21508029cc21cadcc88004c36dd8acc8a3bfbe885646b7a64e358f65e1d7e3a,53813,51478,False,0.6133232712745667,0.4145253539085389,False,False
42,agreement_filtered_ema,medseg_slice_008,evidence/notebook10_corrected/seed_42/agreement_filtered_ema/medseg_slice_008.json,0980e973c00e09d4cfda73100e592533dc9a1405909349ca810652b250f29676,79465d5cc370a5be742d3599d594e51e01467820a2b97d21490e63e9e6e0de52,2fa1f4df7d6c3bfa21577c9c6a76ed88368f1f8281ab44b7b44790b26d580fd9,c21508029cc21cadcc88004c36dd8acc8a3bfbe885646b7a64e358f65e1d7e3a,50096,48713,False,0.5700370073318481,0.4145253539085389,False,False
42,agreement_filtered_ema,medseg_slice_009,evidence/notebook10_corrected/seed_42/agreement_filtered_ema/medseg_slice_009.json,52ee4b3b5a1104c67025b4336916e28fa552de83846daca618a30b22a99e13f4,8126b2e2bc2ec9c708eaacdf05ca723f53a114c9bd3790b191d140cb105b1ffb,9843fcdc722e46b994f6c0f463cd8cc71513d79053e2f72bc71479242c6fb322,c21508029cc21cadcc88004c36dd8acc8a3bfbe885646b7a64e358f65e1d7e3a,25846,25173,False,0.5548998117446899,0.4145253539085389,False,False
42,agreement_filtered_ema,medseg_slice_010,evidence/notebook10_corrected/seed_42/agreement_filtered_ema/medseg_slice_010.json,1b50b845e5bf6e68aa2906eca71c42cd58c4427af2f4084d8f4887d58121c9a3,a8b1372d3fb351e2e26b8e6c40100f02cfdf03b5a8a094c406d80dcce17de21e,7343ff9c143cc4f6f1bc72b3f429e57caf16d8ba321ea0412c5a008bd98bc507,c21508029cc21cadcc88004c36dd8acc8a3bfbe885646b7a64e358f65e1d7e3a,25309,24384,False,0.6046764850616455,0.4145253539085389,False,False
42,agreement_filtered_ema,medseg_slice_011,evidence/notebook10_corrected/seed_42/agreement_filtered_ema/medseg_slice_011.json,e29ac8a499ea4a0ca98066cea8613b490ac0b175a90968ac99ddc385143f09d3,941d1b91ce054ba75f295f8a8809a50a04d261a7952e8dc22e0046478ca93d69,8e36ab49eecbe1b7d617733a1be62a704031031d2cee872918e285a3a1bbd2ea,c21508029cc21cadcc88004c36dd8acc8a3bfbe885646b7a64e358f65e1d7e3a,12814,12981,False,0.5640057921409607,0.4145253539085389,False,False
42,agreement_filtered_ema,medseg_slice_012,evidence/notebook10_corrected/seed_42/agreement_filtered_ema/medseg_slice_012.json,785aefadd6c77a9b90c708d45b8d87575c1a10ac6bbf53c1f70e83f472e6fd1e,f22d417a5fbbd9ed5644a3b7fc1e13bdde3df2c88d30bb9439dd1bdf56e5d05c,809fcaa0ff95fdcd35a2e0adab7a5bfc5a3e608411f3e434c1a4e7407bb2ec6f,c21508029cc21cadcc88004c36dd8acc8a3bfbe885646b7a64e358f65e1d7e3a,18131,17967,False,0.5385349988937378,0.4145253539085389,False,False
42,agreement_filtered_ema,medseg_slice_013,evidence/notebook10_corrected/seed_42/agreement_filtered_ema/medseg_slice_013.json,a5adb0f435cb2f46714e4b53414d886f6d1b430b6bd949a2682225504081b8ca,dea377d9f46f5a3fe79292ddf7ad5196236298876d42cfe2a51e2ee17c5c3924,2823fb80f34b712dd2e7a4852f2625cf32e72d747e008c82b0f8a2821fa27e6f,c21508029cc21cadcc88004c36dd8acc8a3bfbe885646b7a64e358f65e1d7e3a,25531,24782,False,0.5648764371871948,0.4145253539085389,False,False
42,agreement_filtered_ema,medseg_slice_014,evidence/notebook10_corrected/seed_42/agreement_filtered_ema/medseg_slice_014.json,d4a9e64998343d3162af7bcb93232f680967a4268195b1629a5ce791eba563f3,8f139089de3c9bc56ebed8b37af5167f32660014f2d19599d91a34a6c4f27161,7334b7d172fc958aa9ea7a08c728c133c9b05aeb607de1ca7498c386436f2d3c,c21508029cc21cadcc88004c36dd8acc8a3bfbe885646b7a64e358f65e1d7e3a,13318,13857,False,0.5738065838813782,0.4145253539085389,False,False
42,agreement_filtered_ema,medseg_slice_015,evidence/notebook10_corrected/seed_42/agreement_filtered_ema/medseg_slice_015.json,0319c071a6ed7dd12fb315fbedb6206fa7659903ac42cb3b42d8c1978206c61d,582b5ca7348736a56bc23f381b5a0e3cac5862102bc2d6fde657e6e75a6f710d,7c162538c037a9a2535f1c4f9cddbd56643b8eb844e4481c2f0ce41697a75328,c21508029cc21cadcc88004c36dd8acc8a3bfbe885646b7a64e358f65e1d7e3a,31126,29989,False,0.6104686260223389,0.4145253539085389,False,False
42,agreement_filtered_ema,medseg_slice_016,evidence/notebook10_corrected/seed_42/agreement_filtered_ema/medseg_slice_016.json,caf1ba7622b04c930799fe7c23566a6ece5e21e6695433521ffb605e6bb7e86c,fdc4a85404bed33b5dfd484fe4fd1969f30a7cbf7fc988790259cdf9c7644654,40a7a943136c3fb82eb3aebe6fb2bde605f760db3ef3b10e3db906559dfc75c7,c21508029cc21cadcc88004c36dd8acc8a3bfbe885646b7a64e358f65e1d7e3a,8559,8128,False,0.6073852777481079,0.4145253539085389,False,False
42,agreement_filtered_ema,medseg_slice_017,evidence/notebook10_corrected/seed_42/agreement_filtered_ema/medseg_slice_017.json,b1e7091a814b75b6b4631cfd2aed955033ab6a2325acb501134e83702f92a012,7775c778bdd582ab20aa3afc83ffd03773fb40a232562bc402343fc1e693ecd6,535153f96eeff95ba50b44ad7854ce25ace502d7f04a8267429ff71877a0c86c,c21508029cc21cadcc88004c36dd8acc8a3bfbe885646b7a64e358f65e1d7e3a,13290,12976,False,0.6017051339149475,0.4145253539085389,False,False
42,agreement_filtered_ema,medseg_slice_018,evidence/notebook10_corrected/seed_42/agreement_filtered_ema/medseg_slice_018.json,788b95b9d08c7878b5977524eddb0d485591cb9ee076b0665ebb562e5c823f1a,56deb1aeba7d7848cec70b0c7e0e55fd875b43962ca976c935bc90ffaba047ce,3d881783ca57a3896c0df44ac2364d18249f396cfb5139aa6162f1f1bdab53e2,c21508029cc21cadcc88004c36dd8acc8a3bfbe885646b7a64e358f65e1d7e3a,16685,15937,False,0.5599443912506104,0.4145253539085389,False,False
42,agreement_filtered_ema,medseg_slice_019,evidence/notebook10_corrected/seed_42/agreement_filtered_ema/medseg_slice_019.json,0e769d50110852281fe0c80b03fce7fed7e92b6ab730bed5c61413a79aa25e07,5350c75b58c51fd8d7e962094df0b534d4ca835998c419e0b1cf02bd6bc530ff,00a50eda9f920e0c503dba8bd3c0a96087dabdb34aaa52174893bb5f4b095562,c21508029cc21cadcc88004c36dd8acc8a3bfbe885646b7a64e358f65e1d7e3a,34286,33689,False,0.5676075220108032,0.4145253539085389,False,False
42,agreement_filtered_ema,medseg_slice_020,evidence/notebook10_corrected/seed_42/agreement_filtered_ema/medseg_slice_020.json,43f334fb88d7b23c9f78c7e40d32b95cb514d937ecb330bf171063c24b08e480,18b4eaa7ad5b66d486f8b995ccc6f893216f79cee8783310444dd7d5c8d9353d,14ccff9235aca70e7da412e14317fc3a0904743aef450e642315d63fb61737b2,c21508029cc21cadcc88004c36dd8acc8a3bfbe885646b7a64e358f65e1d7e3a,13066,12867,False,0.5685040354728699,0.4145253539085389,False,False
42,agreement_filtered_ema,medseg_slice_021,evidence/notebook10_corrected/seed_42/agreement_filtered_ema/medseg_slice_021.json,c887cf6de4558ae9874f87b119e34f4148f108c48400a2e30cea6c06b5df051c,81aa23526708a85a4a1d06f3b6881b609b51f7d5f585ba6d81a869615d98c475,282c05e20677053193f536ad9145e6fd61b2a992c5ad49384c800e28d1fb3fc0,c21508029cc21cadcc88004c36dd8acc8a3bfbe885646b7a64e358f65e1d7e3a,24683,23686,False,0.6353203058242798,0.4145253539085389,False,False
42,agreement_filtered_ema,medseg_slice_022,evidence/notebook10_corrected/seed_42/agreement_filtered_ema/medseg_slice_022.json,3d6691fb6c70b0ec2b9850dbd400502d281d20207b354c2eaecdeb4a88b474a6,64ee0cbad7d15a836dae2c915c0907accbad8d9ce932dca1a347e449c8125b63,e4b3fbfe556c8e0f55a7cf7450382a48da1266a8848ee7f9494e12b0970965db,c21508029cc21cadcc88004c36dd8acc8a3bfbe885646b7a64e358f65e1d7e3a,841,454,False,0.5167901515960693,0.4145253539085389,False,False
42,agreement_filtered_ema,medseg_slice_023,evidence/notebook10_corrected/seed_42/agreement_filtered_ema/medseg_slice_023.json,f608a58f588ae4e92c22f1fe45f60fc4a4ed7915fd10a4e7f21891f4c65b51b0,9af7705482ff778f22df10e76dbde4bab2e80cf71faffcd88908b3e60e8c8d49,24817fa12e49727528adbabfe92f2e0ddb26c527061728ddd398b0851714c7cd,c21508029cc21cadcc88004c36dd8acc8a3bfbe885646b7a64e358f65e1d7e3a,8833,7952,False,0.5622581839561462,0.4145253539085389,False,False
42,agreement_filtered_ema,medseg_slice_024,evidence/notebook10_corrected/seed_42/agreement_filtered_ema/medseg_slice_024.json,d6fc44875f5632b2d17b645b4a7a8a2346207d129c4d712f35250216eb8f6421,ab8bc522616ae39913d84db14bb5d7e8ea6c3286e016cdb6b4d038bc66e6df9a,3697a94ea67e001d31646ec830ccdfd47dc9464c10dadd461f68388b47d68c96,c21508029cc21cadcc88004c36dd8acc8a3bfbe885646b7a64e358f65e1d7e3a,6426,5923,False,0.585996687412262,0.4145253539085389,False,False
42,agreement_filtered_ema,medseg_slice_025,evidence/notebook10_corrected/seed_42/agreement_filtered_ema/medseg_slice_025.json,060b0b844c562e0aff77beabe203da49fffdd0282ebc8a8889c819e322285114,2f45dd8fe78fd78812c326ca9449b33ae769db450dca0469ed15a41ef19d46d0,a6ff7f517fa07cec9666052423b8be13517be016c7517835b28179994fda629c,c21508029cc21cadcc88004c36dd8acc8a3bfbe885646b7a64e358f65e1d7e3a,31933,32493,False,0.6027411818504333,0.4145253539085389,False,False
42,agreement_filtered_ema,medseg_slice_026,evidence/notebook10_corrected/seed_42/agreement_filtered_ema/medseg_slice_026.json,1fcd199aaca9cdf8bbc40ef5c31515e1e1ff846bbb826a4a5e947d59c9eaae06,6e134155fe1a0ddb2e32d25c2b36e4dfe6b57d525f22bdbebac02edfe0f7681e,5943bc8d8b117a19ae923b461df561d00cd6e51112c36768c5025ee3f149f455,c21508029cc21cadcc88004c36dd8acc8a3bfbe885646b7a64e358f65e1d7e3a,9579,9163,False,0.6041041016578674,0.4145253539085389,False,False
42,agreement_filtered_ema,medseg_slice_027,evidence/notebook10_corrected/seed_42/agreement_filtered_ema/medseg_slice_027.json,72e794d334175da3e72c40656a975c19dbc8553a7a9aec9445f964cbfae3021b,c8eaf82c83154dd8158c7e1a0e512bae8f17583b66170cd7ed653d0138faa54f,8943e0aa5adda0f1f5cfc22a17aeb61d669aa52c0ea4ac072ca59b8e80957a82,c21508029cc21cadcc88004c36dd8acc8a3bfbe885646b7a64e358f65e1d7e3a,5530,5502,False,0.5521364808082581,0.4145253539085389,False,False
42,agreement_filtered_ema,medseg_slice_028,evidence/notebook10_corrected/seed_42/agreement_filtered_ema/medseg_slice_028.json,c039e7e26329cb132178aa2c0a9b783661f01da2b73a35765c0fc7b1c52180ef,a27464836bd308a475a125fa843754a105e600bb2ad4b812edd6f5a56d1aa211,d925c9b9185abc54ba7247bc3f92fab91fbddb1789e10d63578fb641e3d2d142,c21508029cc21cadcc88004c36dd8acc8a3bfbe885646b7a64e358f65e1d7e3a,14198,14075,False,0.5208443999290466,0.4145253539085389,False,False
42,agreement_filtered_ema,medseg_slice_029,evidence/notebook10_corrected/seed_42/agreement_filtered_ema/medseg_slice_029.json,2bc8d4515c0a687ef0b61f71ea4ac30721faef6541aceab122bd6d3b12940668,33f8db11afe1c7eb5e6b62468eba9718dec4c8c697e2bf6bd50db334f5d41501,5b77715f7e23d4140004e0c2ef8f044a0ff4379aa25e2d010fd382209c34b017,c21508029cc21cadcc88004c36dd8acc8a3bfbe885646b7a64e358f65e1d7e3a,46659,45475,False,0.5705553293228149,0.4145253539085389,False,False
42,agreement_filtered_ema,medseg_slice_030,evidence/notebook10_corrected/seed_42/agreement_filtered_ema/medseg_slice_030.json,d9e6198be027d0ba4c6e10a93e9ff5c697a8509f2056e27a618d8f9a00d45202,6d1c3d9a2f370934ad345b4a33296a76f85147d0dec6a96b636c1d011b4dda94,91c49011f94603200fb86976024e5b4e990a32be944ed2361641ab1f0bf7b4da,c21508029cc21cadcc88004c36dd8acc8a3bfbe885646b7a64e358f65e1d7e3a,11917,11488,False,0.5492757558822632,0.4145253539085389,False,False
42,agreement_filtered_ema,medseg_slice_031,evidence/notebook10_corrected/seed_42/agreement_filtered_ema/medseg_slice_031.json,50ab37a260fb891c83ccad26b2554dc46e64c1076266037fdd6be60d722dea89,991cb01759b8dbda7afbd6424ced95443902778d16681e21b293708db7fd55e8,2428784b975009b94156b44b3eb3b37c06169774b6cb394cb815d8a6a300c156,c21508029cc21cadcc88004c36dd8acc8a3bfbe885646b7a64e358f65e1d7e3a,25194,24454,False,0.5856274962425232,0.4145253539085389,False,False
42,agreement_filtered_ema,medseg_slice_032,evidence/notebook10_corrected/seed_42/agreement_filtered_ema/medseg_slice_032.json,c1f379f623fae57f3b727b61d1c091c85bfda69c3d7e09cb3853f8586886d6dc,f292b8fdbbbc83332748ca351fa281ae14bfbd711d6a17a3f2ee9803d38e7c6a,1da526df447eeec54cfb7c11ddd3393e0ceee29a1379ec1358d0a42232ef4da7,c21508029cc21cadcc88004c36dd8acc8a3bfbe885646b7a64e358f65e1d7e3a,54415,52693,False,0.5657932758331299,0.4145253539085389,False,False
42,agreement_filtered_ema,medseg_slice_033,evidence/notebook10_corrected/seed_42/agreement_filtered_ema/medseg_slice_033.json,3257f95dc71e8ab056c5b17eab4e0f3dbb05c58889171631706c134a6f285fdb,4bdc25659921942b0073cc584192a52c6246d92a61d9eeb454dc05f7e9ccbdbc,fcf145957749ca1cd3af518fa5b0d0f6983944f96468a294495a87d5b7dc50cf,c21508029cc21cadcc88004c36dd8acc8a3bfbe885646b7a64e358f65e1d7e3a,6098,5924,False,0.553726315498352,0.4145253539085389,False,False
42,agreement_filtered_ema,medseg_slice_034,evidence/notebook10_corrected/seed_42/agreement_filtered_ema/medseg_slice_034.json,819a77983a8384555f1fc71469b25bfbed932fd305394e47f1507ada7377ed43,fa92ecb25062aa754d4d9a19e5ee08d7253265278db40d20103165636e62d96f,840b2fcf03f28cc915be0a232fbabac9c616246cbbdcaf67d021249507f0bdbf,c21508029cc21cadcc88004c36dd8acc8a3bfbe885646b7a64e358f65e1d7e3a,13991,13885,False,0.5883781909942627,0.4145253539085389,False,False
42,agreement_filtered_ema,medseg_slice_035,evidence/notebook10_corrected/seed_42/agreement_filtered_ema/medseg_slice_035.json,57896973d35d90f93e71a46a3adb1028b9172464779080c6a9ec94d3f2c7be0d,d20e77f5482d23ee3df3b2b3003d51c3aae144d1c4f8c557cd4c6b49e07dacbd,e13802530484231cc1c5a43d5f86e8f305b173a477f34a19ecf3d71d9184ecf1,c21508029cc21cadcc88004c36dd8acc8a3bfbe885646b7a64e358f65e1d7e3a,15914,15704,False,0.545397937297821,0.4145253539085389,False,False
42,agreement_filtered_ema,medseg_slice_036,evidence/notebook10_corrected/seed_42/agreement_filtered_ema/medseg_slice_036.json,11603e337856c0d671d400d92b9eee90766f9a3abdb6f394a72bfa400d8450cc,615ede383872d94b4a833ee952ccb931871ed330c0a519daf35f47f5996e83a0,e8b5ef104a79b86de5a14f740418a3ba5861fb2749a0c3e9d69d5241c26d9fef,c21508029cc21cadcc88004c36dd8acc8a3bfbe885646b7a64e358f65e1d7e3a,10788,9837,False,0.600963294506073,0.4145253539085389,False,False
42,agreement_filtered_ema,medseg_slice_037,evidence/notebook10_corrected/seed_42/agreement_filtered_ema/medseg_slice_037.json,f53b486645abd22bf0409c0d47afd0208d91af8c2ffada246f7dd74da4eb1ceb,7dea0c2ba5c3bcf88de9c78871733bac5d9af9a1c6847872d8d9ebc9f2c53456,ae6c15736c2b29928213a71552bdb4023d733cd40545b747267a62b41259f21c,c21508029cc21cadcc88004c36dd8acc8a3bfbe885646b7a64e358f65e1d7e3a,23453,22616,False,0.6026852130889893,0.4145253539085389,False,False
42,agreement_filtered_ema,medseg_slice_038,evidence/notebook10_corrected/seed_42/agreement_filtered_ema/medseg_slice_038.json,e5d7f2f7203de897500fd268d333f5b84b4c3166a3588bedd1df698b82eb9e8c,86b5cc9a8600d01a664a40c852886ea6364e258a1b2bff81eb7256b62c297e0e,97d3ee4acbca95c9e6fa28fe8f16948ecb1fd8737ae0f76c449eeac789619f24,c21508029cc21cadcc88004c36dd8acc8a3bfbe885646b7a64e358f65e1d7e3a,17617,17650,False,0.5667856335639954,0.4145253539085389,False,False
42,agreement_filtered_ema,medseg_slice_039,evidence/notebook10_corrected/seed_42/agreement_filtered_ema/medseg_slice_039.json,963343a15ebdb70af6fc1ba282ce98427a023acff4d0beaab3f0dd678e24372d,0fcf785cd38185d0d087ef0ffadec9a1d66e67ed54e57ee1dd04a21f0ebab134,34f88dae8a8b535af645296d268465f894da0e8214e05c9627176d2702706150,c21508029cc21cadcc88004c36dd8acc8a3bfbe885646b7a64e358f65e1d7e3a,33491,32546,False,0.5694664120674133,0.4145253539085389,False,False
42,agreement_filtered_ema,medseg_slice_040,evidence/notebook10_corrected/seed_42/agreement_filtered_ema/medseg_slice_040.json,837e7783db982e3b43d65e468fc2779e39bf8ec3c4fb5a9f2461b029b55d9d37,6c78bdd3cbbd2242af2d95d81389bf5a7ee7c6567a18829785e3b39d8afffb6d,a0228b44eeed634d81970dea796c29517fa68c49c70b775178117c9d9478b04e,c21508029cc21cadcc88004c36dd8acc8a3bfbe885646b7a64e358f65e1d7e3a,9461,8699,False,0.5728501081466675,0.4145253539085389,False,False
42,agreement_filtered_ema,medseg_slice_041,evidence/notebook10_corrected/seed_42/agreement_filtered_ema/medseg_slice_041.json,3406becd53220e6438a5aa025102035faa0fe9d95ace1c3c34baefc72f7c349b,9c75b70c6327bf6e31fa3135b9fb0fcf3ca9fc30aa896550f0a942436f56e3db,d1cb4634cf9e35586842823e035a3e6a256e1e12df973284a34caae407d58db5,c21508029cc21cadcc88004c36dd8acc8a3bfbe885646b7a64e358f65e1d7e3a,27170,26556,False,0.5966560244560242,0.4145253539085389,False,False
42,agreement_filtered_ema,medseg_slice_042,evidence/notebook10_corrected/seed_42/agreement_filtered_ema/medseg_slice_042.json,8c79b72f5c12319477a569122c70d32b029e9f0c0d408319a615064bd7a36def,0cc526956ec56831244b119eef0c69ac7ca108b7c0a3ea2dfa55bf5f2d6d3163,d9a863eb05432cfb5b79719a3ac8d35b3a54a5399321841849961eadde470d8a,c21508029cc21cadcc88004c36dd8acc8a3bfbe885646b7a64e358f65e1d7e3a,27256,26086,False,0.6235287189483643,0.4145253539085389,False,False
42,agreement_filtered_ema,medseg_slice_043,evidence/notebook10_corrected/seed_42/agreement_filtered_ema/medseg_slice_043.json,dc5d7924e6098652d6dfe82869eca13e4fa305273a943ab6544751d1106e10a0,46432f1b9e86148c029fd9a47a636c704041b9b36fa269c4e95a0377b73f6574,03f9c531096c61209e2944c2580dfc7e3ac0cfc65734c27e6d97d2c7fca43002,c21508029cc21cadcc88004c36dd8acc8a3bfbe885646b7a64e358f65e1d7e3a,22431,21965,False,0.5797786116600037,0.4145253539085389,False,False
42,agreement_filtered_ema,medseg_slice_044,evidence/notebook10_corrected/seed_42/agreement_filtered_ema/medseg_slice_044.json,0a0029e9e1379fee2dffd75d4125dc240275fb8dd8a371e564e2f09cf5f60557,62327805fe0bdcfca5d4229bdfd4d6ca113527e54d34b52fbb84daeae6649cff,6d1501fe1ecadca87030efed1e3e8da9a5a38fe1fae117f4a47ac20f557c1be1,c21508029cc21cadcc88004c36dd8acc8a3bfbe885646b7a64e358f65e1d7e3a,11642,10955,False,0.5919896960258484,0.4145253539085389,False,False
42,agreement_filtered_ema,medseg_slice_045,evidence/notebook10_corrected/seed_42/agreement_filtered_ema/medseg_slice_045.json,215d9ddc47c4662c8924f162257f80b0457784b378a47538f739b8b5b79bb974,6051c48383f7b9e17ac4b8f6b5d55884691b44daca2e40200599b9ee71e628f6,636ca747a091dee7acfacd24739d5bddae3884868728c73516af82c9deb82462,c21508029cc21cadcc88004c36dd8acc8a3bfbe885646b7a64e358f65e1d7e3a,33059,30203,False,0.6213735342025757,0.4145253539085389,False,False
42,agreement_filtered_ema,medseg_slice_046,evidence/notebook10_corrected/seed_42/agreement_filtered_ema/medseg_slice_046.json,077a7644164ef13fd5976613b786feea05b3d64105dbcbe369f6e726ab8161e8,2eb1583cef892b6dd50a263c31d011298400fe917978ee2af035d4f906e8044a,1fad4ed9cfcbcf2594862dbd928e65f8a7f346ce2c442e19392ddb07254efe00,c21508029cc21cadcc88004c36dd8acc8a3bfbe885646b7a64e358f65e1d7e3a,9497,8748,False,0.592883288860321,0.4145253539085389,False,False
42,agreement_filtered_ema,medseg_slice_047,evidence/notebook10_corrected/seed_42/agreement_filtered_ema/medseg_slice_047.json,86a069cfc637e4993647f47fab65502a36840a618fc08fd5a4f4350810245370,599f52419ba04d8654b279eb242d7adf8cd8808efb441c346c1d48645e8884df,d63199c14550c68dd0039bd12d2d951cc271875338f4f671a0a4d285c1e4e949,c21508029cc21cadcc88004c36dd8acc8a3bfbe885646b7a64e358f65e1d7e3a,17088,16454,False,0.5862642526626587,0.4145253539085389,False,False
42,agreement_filtered_ema,medseg_slice_048,evidence/notebook10_corrected/seed_42/agreement_filtered_ema/medseg_slice_048.json,ccf05e327332d102ed0ffa25d3bb9291ec67c4f9727529409ad3b1c42a3155cc,1a0a4f94eb8c89cf9c9f6518cff762ad4cc84f36cc4aad40fe7a5077d06383c6,b67543b07f12504197ddeb6a10d8e3393a4d80cce48c991e5793f9b604b20007,c21508029cc21cadcc88004c36dd8acc8a3bfbe885646b7a64e358f65e1d7e3a,193,43,False,0.5120300054550171,0.4145253539085389,False,False
42,agreement_filtered_ema,medseg_slice_049,evidence/notebook10_corrected/seed_42/agreement_filtered_ema/medseg_slice_049.json,a577506c43e526080cb8044b1e109db8ceea0126cb2a9ff974c27d7c51c7cca3,bfe5c22279be9fd16e131ffcf4c45716f555a80e8bf2cf5548a138f7a04ad198,d75a5054fe51d9d0f3670428e45697fb76ff97b48e3345ca07546967a9737204,c21508029cc21cadcc88004c36dd8acc8a3bfbe885646b7a64e358f65e1d7e3a,8124,7867,False,0.4964037239551544,0.4145253539085389,False,False
42,agreement_filtered_ema,medseg_slice_050,evidence/notebook10_corrected/seed_42/agreement_filtered_ema/medseg_slice_050.json,b80129119a41d56f174dc0da37fa8da463dca54df6aae076ab41e0bef955ffae,6555903cfc6d3803550ef86433f64485518329216c578b6289e9181ac0397950,9915818dc9ef2e20cb531c7e4c8f04caec5d693d033bc6e6b29a6d9d9a282d6d,c21508029cc21cadcc88004c36dd8acc8a3bfbe885646b7a64e358f65e1d7e3a,12272,12266,False,0.5752900242805481,0.4145253539085389,False,False
42,agreement_filtered_ema,medseg_slice_051,evidence/notebook10_corrected/seed_42/agreement_filtered_ema/medseg_slice_051.json,aeabe8e40b97f0926fa46f0d16489c10a6cac40d3c2ab30ded7b7acefc2a9c89,3df139597aa1b0ae7da043646935a1da1ae062c7566a524db57f1474892ab158,16be83152b54d40cebc11b57a0bd848c7b800b7e67a4938abd860371e2776eb0,c21508029cc21cadcc88004c36dd8acc8a3bfbe885646b7a64e358f65e1d7e3a,72251,69645,False,0.6070172190666199,0.4145253539085389,False,False
42,agreement_filtered_ema,medseg_slice_052,evidence/notebook10_corrected/seed_42/agreement_filtered_ema/medseg_slice_052.json,a202e5648c699b960f48cbc046d5eec9d8a8442fd93c12fc03f0025ab0363677,947d10c4f46f27d4b12ef9b1fa165636306c8991c21e9225c4fb1b2bb00a6ca9,592cec24ed7f49b58af41045e7f433dc844f35ab30024afa821d02612c4baca5,c21508029cc21cadcc88004c36dd8acc8a3bfbe885646b7a64e358f65e1d7e3a,3721,3571,False,0.5141177177429199,0.4145253539085389,False,False
42,agreement_filtered_ema,medseg_slice_053,evidence/notebook10_corrected/seed_42/agreement_filtered_ema/medseg_slice_053.json,ce7edc5fa35daa130ab58907a399ec9600354f91ec451179570459a6d0d7893d,6b77c6872f4cba2318444a68c589acd81a42ac9e5c650c9edabd258fe66225de,67466bc08348d1c0c3a4b218de1d7e38577af1fae85b97905758f9a3f5849e2e,c21508029cc21cadcc88004c36dd8acc8a3bfbe885646b7a64e358f65e1d7e3a,54803,53552,False,0.6085362434387207,0.4145253539085389,False,False
42,agreement_filtered_ema,medseg_slice_054,evidence/notebook10_corrected/seed_42/agreement_filtered_ema/medseg_slice_054.json,51d37f3fd8ef94946850fe1d2cdfc707237c8e0e70d1739e150395a13e7281de,bed928cf09892a2e88c9b802bc0786a408ad642d4573a641024b32f6d69369f3,e9e05ac012a105eec7ab5770587ef463ad2d40c5418b836280c023756669e62a,c21508029cc21cadcc88004c36dd8acc8a3bfbe885646b7a64e358f65e1d7e3a,11322,10990,False,0.5925129055976868,0.4145253539085389,False,False
42,agreement_filtered_ema,medseg_slice_055,evidence/notebook10_corrected/seed_42/agreement_filtered_ema/medseg_slice_055.json,e76a5799ecd4622da9421bed830a20ad417038d7642669631fd868ef74c3187b,9b830341fd52efe1641062e7c4991bf8503c7d889302a72aa266d828011539e8,cae97d7626edd1215e21aba9916f3d8011ad3a9b3544e5bf422ee0966b75f97c,c21508029cc21cadcc88004c36dd8acc8a3bfbe885646b7a64e358f65e1d7e3a,36609,35036,False,0.573310136795044,0.4145253539085389,False,False
42,agreement_filtered_ema,medseg_slice_056,evidence/notebook10_corrected/seed_42/agreement_filtered_ema/medseg_slice_056.json,7cd8eb6802849ef2e87880b9cdd08865f66bc4289b55a44d0ad6b005cb3a8b0a,bd95ed4d5fbf50f55d5bd7667991f6471a878bf8a891ac37d0d81a4000735107,57d1f6b1d9ed2e7727f6fa56304c4ea3705d9ba5c16d4f27acfa15e6c5f5817a,c21508029cc21cadcc88004c36dd8acc8a3bfbe885646b7a64e358f65e1d7e3a,10524,10520,False,0.5626992583274841,0.4145253539085389,False,False
42,agreement_filtered_ema,medseg_slice_057,evidence/notebook10_corrected/seed_42/agreement_filtered_ema/medseg_slice_057.json,a778ce3461d0e6d97ebc55184ad39eb943d2eb5de70e0850c9e6b37ec1505c60,72e1841c935c9964794b40c746e187245203b38fae29bf0caeb2e7a02c46c5c6,39cee984a7be12ac1fbfbfdc675f680471ecb39b1319236554ebf15df0d2d940,c21508029cc21cadcc88004c36dd8acc8a3bfbe885646b7a64e358f65e1d7e3a,39443,38487,False,0.6068419814109802,0.4145253539085389,False,False
42,agreement_filtered_ema,medseg_slice_058,evidence/notebook10_corrected/seed_42/agreement_filtered_ema/medseg_slice_058.json,f291e82fa0b47023ec1a5f6e564bb5464bdf183d1abb08a761a3ad796060edc0,75255b5303a732feb9eab706e92e55632c4ab305b2e361e60bd0cfe123ae170f,b3afb2fd001e857061fdd175297f89b3eebbd246b9b58fd36d2f3264eef994f0,c21508029cc21cadcc88004c36dd8acc8a3bfbe885646b7a64e358f65e1d7e3a,31028,30700,False,0.5606454610824585,0.4145253539085389,False,False
42,agreement_filtered_ema,medseg_slice_059,evidence/notebook10_corrected/seed_42/agreement_filtered_ema/medseg_slice_059.json,149b05ff6ed7576c748d51cd92e8b447000493c42b14b4a2bda49c09fdcbed14,66432a86c920010c446c160b5cd6716aa210f043133d4f5013dc52cacf07093d,73f21e0250be23aa8099812634589a36a6b788e931b799182c56e9fe318fd4c5,c21508029cc21cadcc88004c36dd8acc8a3bfbe885646b7a64e358f65e1d7e3a,33695,32312,False,0.5855392217636108,0.4145253539085389,False,False
42,agreement_filtered_ema,medseg_slice_060,evidence/notebook10_corrected/seed_42/agreement_filtered_ema/medseg_slice_060.json,f769effb9fbc9fd31efb04b0b0cc1137d64b4e2bbd72238367fe87664b243094,cd3c4fcc0293decb3fe5d6cc2605c992fc0c5dcd0f600ee6608e2825c77d8613,85df93b15b80a349cea8d2328b4765b768b56a71ef0102d6804d48c10fa2daeb,c21508029cc21cadcc88004c36dd8acc8a3bfbe885646b7a64e358f65e1d7e3a,47329,47814,False,0.581063449382782,0.4145253539085389,False,False
42,agreement_filtered_ema,medseg_slice_061,evidence/notebook10_corrected/seed_42/agreement_filtered_ema/medseg_slice_061.json,a8881be526a70b5986ccfbad066aff563eb759089c2a4ef82d884d6ae3f47747,6deb5ee0627e5581fc35f43720cacd11f4bdbf4ed6bb1340ef5438070445bc82,90336d43ea59c8553e94ece3cff102399a7ddde190ad62570d7bf33108da0308,c21508029cc21cadcc88004c36dd8acc8a3bfbe885646b7a64e358f65e1d7e3a,10274,9652,False,0.5857219099998474,0.4145253539085389,False,False
42,agreement_filtered_ema,medseg_slice_062,evidence/notebook10_corrected/seed_42/agreement_filtered_ema/medseg_slice_062.json,c8ec93835bae8a563412737d656c01eb87fb49bf75c11437ab097bb36ea7bcec,4e8d39e256ff340b2a45f4378b868d050f22e607ca7b4f9a6e71f8712d4fa13c,8dda1d2400ec4cd53cf046da08eed618abf5d5744ef2c0eac335a5851eccfaf6,c21508029cc21cadcc88004c36dd8acc8a3bfbe885646b7a64e358f65e1d7e3a,124944,122638,False,0.610143780708313,0.4145253539085389,False,False
42,agreement_filtered_ema,medseg_slice_063,evidence/notebook10_corrected/seed_42/agreement_filtered_ema/medseg_slice_063.json,8157a2433963f58555b67173ff786a833ffbe6cb1f8ecd42ea8ce83d09be1e1e,4889473fac3da948fc3f811865dc1c349fb522b402944f43b446c1ee77b07406,a894bc916caa067ba113200a8b0c3e980c7132900c33403573a1f939c8c93a6f,c21508029cc21cadcc88004c36dd8acc8a3bfbe885646b7a64e358f65e1d7e3a,7629,7477,False,0.5280086398124695,0.4145253539085389,False,False
42,agreement_filtered_ema,medseg_slice_064,evidence/notebook10_corrected/seed_42/agreement_filtered_ema/medseg_slice_064.json,249f87e2dc3830bd7d1bbdce8d7b7fd883a2eaff46e0e165334be842b14d55c8,03fcb275fd8e2728d23b62183eda8538d6e5dbe04daf74037d187950ae5bb596,fe34a00bcbbf1a29ebca6f62171becb1f891f37eb0991efb0f5850fcc5319a5c,c21508029cc21cadcc88004c36dd8acc8a3bfbe885646b7a64e358f65e1d7e3a,2691,2565,False,0.5013276934623718,0.4145253539085389,False,False
42,agreement_filtered_ema,medseg_slice_065,evidence/notebook10_corrected/seed_42/agreement_filtered_ema/medseg_slice_065.json,5aff2389d0a945f00e46c6f3fcf549fd0d989a67db45b0a4d99d93d660913c2c,78ced4fafa033d183d63214bde76d7ab4fe12dede9ac7b3ef9bc08b27b3571db,1b6ed5b01c6063ff0e25c69af4e554adb7be36454daf51ee1aace7771be8ff5a,c21508029cc21cadcc88004c36dd8acc8a3bfbe885646b7a64e358f65e1d7e3a,11075,10766,False,0.5106028914451599,0.4145253539085389,False,False
42,agreement_filtered_ema,medseg_slice_066,evidence/notebook10_corrected/seed_42/agreement_filtered_ema/medseg_slice_066.json,f435ad661c502daae6ce8bcdeb0022edd1db5ef8716ab63dd4dea6935d4f4e72,90bd0e396d4496086e1a7832dfb230ed407815031b7fb6c08838557943d849cf,a2ddb698eeb8c3ec3eb598b9b93917124012da4c899dd40a6dfbf375764d9275,c21508029cc21cadcc88004c36dd8acc8a3bfbe885646b7a64e358f65e1d7e3a,5118,4854,False,0.59894198179245,0.4145253539085389,False,False
42,agreement_filtered_ema,medseg_slice_067,evidence/notebook10_corrected/seed_42/agreement_filtered_ema/medseg_slice_067.json,b885ac99355960d3ff7243568ef626f915024b3d5672499166148cb0b005eb68,da25e3994dce35c43bd05f586c032b0ab14e4a8288b55ca6abfce1f2be8ac0b5,e4deaabf792bd9505c7cf1b8a813a36db06d77c2c3525d599c5d0059374020e6,c21508029cc21cadcc88004c36dd8acc8a3bfbe885646b7a64e358f65e1d7e3a,16631,16554,False,0.5232778787612915,0.4145253539085389,False,False
42,agreement_filtered_ema,medseg_slice_068,evidence/notebook10_corrected/seed_42/agreement_filtered_ema/medseg_slice_068.json,d1359c29df2ab012d01f03cd4f4ffa8fa3c87f3cae03a569020e4309e498e4cf,611d6571ef4fc4f7661ee81f2d9e7fc82e0b44519762e3126e58f974d314b6a7,c72263f695bfe012a6690c83e49a5bbb2e13155a71586dabaa16b102ef6371c7,c21508029cc21cadcc88004c36dd8acc8a3bfbe885646b7a64e358f65e1d7e3a,20569,19760,False,0.5965636372566223,0.4145253539085389,False,False
42,agreement_filtered_ema,medseg_slice_069,evidence/notebook10_corrected/seed_42/agreement_filtered_ema/medseg_slice_069.json,7708ae76f255f570af405cf50f6fb24c724bc0b184f9dfdd90a5b568563d2533,173dc9154cef478382c0b157519d6fee70353d4cfc9171dea449104af3d052f5,32fcd8504305d0cd31bf41614f13f373d71e2831abdca690c1b268561574edd6,c21508029cc21cadcc88004c36dd8acc8a3bfbe885646b7a64e358f65e1d7e3a,55771,53660,False,0.6350101232528687,0.4145253539085389,False,False
42,agreement_filtered_ema,medseg_slice_070,evidence/notebook10_corrected/seed_42/agreement_filtered_ema/medseg_slice_070.json,89392d26e0247fb6489b89d7508278b908e3530c0f160bf43948ea3ada5a1c36,4544eaa872af69cbed8988da4d5d0c3475e23a7aaf2b01fb97f10737d582cbb4,6c25092eb4586921667f12d50dcea3bd7886ea8dc472ea647d7e72477e1fc658,c21508029cc21cadcc88004c36dd8acc8a3bfbe885646b7a64e358f65e1d7e3a,15453,14431,False,0.5741604566574097,0.4145253539085389,False,False
42,agreement_filtered_ema,medseg_slice_071,evidence/notebook10_corrected/seed_42/agreement_filtered_ema/medseg_slice_071.json,4e10a7540a42c65bd2a10e4e1cfc73acd5fbe70b3af89d703ee0c25772951ad5,17e403ea17c691de6e3ae789596346f869afeb92512e5672a15e7d8abbb9267f,1e8f02eb30bc2cc730592f10da2876587808973a521a3445ee2b226638136172,c21508029cc21cadcc88004c36dd8acc8a3bfbe885646b7a64e358f65e1d7e3a,35974,34703,False,0.5638514161109924,0.4145253539085389,False,False
42,agreement_filtered_ema,medseg_slice_072,evidence/notebook10_corrected/seed_42/agreement_filtered_ema/medseg_slice_072.json,a85232d9f0e0b6e600bbed213d1b99facb80383831b6319f8b4721011189bafc,2a410a9ac5ea84153d3c47b98dc566183b1b9979ab90f5c80a5d8f33642a09bf,2d44a58b4a8799ca55a2091d222a7dfd1c0e234cda15cd58429b99297ace2d21,c21508029cc21cadcc88004c36dd8acc8a3bfbe885646b7a64e358f65e1d7e3a,21412,19842,False,0.6082401275634766,0.4145253539085389,False,False
42,agreement_filtered_ema,medseg_slice_073,evidence/notebook10_corrected/seed_42/agreement_filtered_ema/medseg_slice_073.json,5e63ec94521135916e68074aeb1ca494958a92cfd5a955215414265940292ba8,18ed5ef2c0a1d1f7ac900b4f4b090538011062498178b1152a7a4ba447105dc1,763abbf4dc2d8304b94fbd9fc265a521ebf1e04649a7c0d3d78b23b9f419fc15,c21508029cc21cadcc88004c36dd8acc8a3bfbe885646b7a64e358f65e1d7e3a,10037,9144,False,0.5944753289222717,0.4145253539085389,False,False
42,agreement_filtered_ema,medseg_slice_074,evidence/notebook10_corrected/seed_42/agreement_filtered_ema/medseg_slice_074.json,3ca6be7f8e241fb035f10c1079d8590fd674a2043c174760d35381417cd7aac6,d47587d79aa5ed20903af43972eaa5bc2bb401101ad705e138ded0a366077814,fe855866193e367914969c94db32e5bd9096a6f01d760a5c99c06ca1aeaced46,c21508029cc21cadcc88004c36dd8acc8a3bfbe885646b7a64e358f65e1d7e3a,1825,1390,False,0.5179972052574158,0.4145253539085389,False,False
42,agreement_filtered_ema,medseg_slice_075,evidence/notebook10_corrected/seed_42/agreement_filtered_ema/medseg_slice_075.json,379ac424974beb6bd30b84b5a8d7b462cfbb6ed060851736b10d6b0d3951a585,2b20e4b08b199c5775c6e26773d4702063487ca22eb3d447d8b6526848f9e38e,806c41fe1f635e4df5bd952770e412c11422fc724686b22086a2206c26f3f415,c21508029cc21cadcc88004c36dd8acc8a3bfbe885646b7a64e358f65e1d7e3a,20735,19826,False,0.57229083776474,0.4145253539085389,False,False
42,agreement_filtered_ema,medseg_slice_076,evidence/notebook10_corrected/seed_42/agreement_filtered_ema/medseg_slice_076.json,80d60ea49b7dabb0477d5d737eac2ebd6ba2c84a25aa63fe36339bc7eb8b6fef,1376dfdafb090109d5fe682f4105fd82e79722762cec0f8f008738cc4565f7a2,080958312a71d5958f9d16eda71d806979187d7c841d8ce7369d850df8b3ec52,c21508029cc21cadcc88004c36dd8acc8a3bfbe885646b7a64e358f65e1d7e3a,35098,35292,False,0.5637941956520081,0.4145253539085389,False,False
42,agreement_filtered_ema,medseg_slice_077,evidence/notebook10_corrected/seed_42/agreement_filtered_ema/medseg_slice_077.json,0233ee1e56f905f1a015ecbe4c39723d38c03cd5a4066ca7d62cdb7f3f1d2da3,fa404920c04ae68ad75b0b586d130242052bb7f5ed1f63fce55d47a0d9616ed5,6e8accce8b2f9485a2bfc68711904f9afc5d2338092c9a06787057dde546878d,c21508029cc21cadcc88004c36dd8acc8a3bfbe885646b7a64e358f65e1d7e3a,26123,25166,False,0.5592796206474304,0.4145253539085389,False,False
42,agreement_filtered_ema,medseg_slice_078,evidence/notebook10_corrected/seed_42/agreement_filtered_ema/medseg_slice_078.json,93252a34685a3cf6ca503da6f3c6b34d7604fb24024ce2002629067cda8bb240,1a23c315b6201c57f1853ae092ca71dfe151ccd85e520ab1b2a6e67f82232a72,adfb13114b226842ca6d148541becee7649750a70fc33c5e8b77befaa06ed114,c21508029cc21cadcc88004c36dd8acc8a3bfbe885646b7a64e358f65e1d7e3a,14898,14042,False,0.6428308486938477,0.4145253539085389,False,False
42,agreement_filtered_ema,medseg_slice_079,evidence/notebook10_corrected/seed_42/agreement_filtered_ema/medseg_slice_079.json,2347d4963ebd90fe578722d4cf328699e3518dc78ab356426cdb92ef05545167,8dfcbcc7ba15437a9ff853a0f4a546a82e6bed74f0f1c527a423e61338bd0c8d,2b0e9273076261a2bf0c6199885d3c3c7ce680301c46b6c1d5f59e8e3e712d6d,c21508029cc21cadcc88004c36dd8acc8a3bfbe885646b7a64e358f65e1d7e3a,36861,37379,False,0.5606299638748169,0.4145253539085389,False,False
42,agreement_filtered_ema,medseg_slice_080,evidence/notebook10_corrected/seed_42/agreement_filtered_ema/medseg_slice_080.json,b34aef41fbbe16c8d941936971ddb5dc3b65105053c02802be9eb1d3e56a8f90,e9cd70df971fbe33f4bd19eabaf9bcd53a492a5d57da12dc7751e69fde173bf2,a32927a539d92006a8889375c45fb030f328740c41cc4a8ee51fe3bfc004473a,c21508029cc21cadcc88004c36dd8acc8a3bfbe885646b7a64e358f65e1d7e3a,19666,19216,False,0.5558069944381714,0.4145253539085389,False,False
42,agreement_filtered_ema,medseg_slice_081,evidence/notebook10_corrected/seed_42/agreement_filtered_ema/medseg_slice_081.json,7174a9dad1813fbd0c52b277c350176f1b54442a369a28c4b62f3a767b9de212,f15fb59625c42ab05fc0d719acc290fae7d8e54066e8197ec67b86a31cc9197b,a0122121647fcff0ea5d1990eeb4648d10df6e8432bf40c1706a0002668f61c1,c21508029cc21cadcc88004c36dd8acc8a3bfbe885646b7a64e358f65e1d7e3a,13491,11691,False,0.8769841194152832,0.4145253539085389,False,False
42,agreement_filtered_ema,medseg_slice_082,evidence/notebook10_corrected/seed_42/agreement_filtered_ema/medseg_slice_082.json,9d593d355b76bb14d9d0cfde164b58c3a3ce1247541270d3997bba6f28b4d409,52500249be87efa71b05d17360462f671f24acb04027fc9ad0779f281f27fe62,7134ce8e990e9146999acc43e233dd7c0d41abb092871c10be95b546bfdb1596,c21508029cc21cadcc88004c36dd8acc8a3bfbe885646b7a64e358f65e1d7e3a,13285,13286,False,0.5479744672775269,0.4145253539085389,False,False
42,agreement_filtered_ema,medseg_slice_083,evidence/notebook10_corrected/seed_42/agreement_filtered_ema/medseg_slice_083.json,ead4fe3b546288943aa2f4a6050b7835c733521fa465ee5ef2377fa5c0659484,2777c02e05128caa1569850d49d834d41bd84e0238de401ba4f506df31b190e4,e74304cb0bdbce238fffeb4e18ec993232b4918e30a04aa0626f0789de6c681f,c21508029cc21cadcc88004c36dd8acc8a3bfbe885646b7a64e358f65e1d7e3a,5174,4890,False,0.6059851050376892,0.4145253539085389,False,False
42,agreement_filtered_ema,medseg_slice_084,evidence/notebook10_corrected/seed_42/agreement_filtered_ema/medseg_slice_084.json,d54290d72c8c0836dc463cf904385d2f7bb050f36795356768e5536b97896e5e,026775d2c8e50ecb200ecf1bff2de83e631bbfb47b6c1bb2929e1837a82ee0ba,ffc82ada0d958534e80fe338c519c87a42181c022449a845c2744a23b02e022e,c21508029cc21cadcc88004c36dd8acc8a3bfbe885646b7a64e358f65e1d7e3a,8082,7394,False,0.5627761483192444,0.4145253539085389,False,False
42,agreement_filtered_ema,medseg_slice_085,evidence/notebook10_corrected/seed_42/agreement_filtered_ema/medseg_slice_085.json,869fcefde5966e11f0d8abc5ee6a57a89dd3d527ce1b15d35ae3ae3184959190,1a83cfc87b7827614338e7584e034e4825c6b00cdd79a264856ece86db71f76d,ad37485fe2508ff80ec60031905761171d58e0014ed456cb9d79d0e873629dc8,c21508029cc21cadcc88004c36dd8acc8a3bfbe885646b7a64e358f65e1d7e3a,26789,25826,False,0.5521543025970459,0.4145253539085389,False,False
42,agreement_filtered_ema,medseg_slice_086,evidence/notebook10_corrected/seed_42/agreement_filtered_ema/medseg_slice_086.json,618b8f6a5479d478b234a2894a1ec6891b769612409d1077341cdd0a149c2c68,eb33c520222e906cd1928eaa6e641d93338b343871d22e726187ed3282bd7aba,75941ea37c007245013bed5cbbb4b0d485d6895456b6f803afd1d40fb115ed9c,c21508029cc21cadcc88004c36dd8acc8a3bfbe885646b7a64e358f65e1d7e3a,5777,5361,False,0.5568259954452515,0.4145253539085389,False,False
42,agreement_filtered_ema,medseg_slice_087,evidence/notebook10_corrected/seed_42/agreement_filtered_ema/medseg_slice_087.json,da1b3a4571588f2e063dbf696989a9e4333246884b4ef5489e95320ab0a83321,71b6a3474ce9d3bc1f43853c32d7f0932cd49bb2026e8a48506c61cafc8a8ebc,33f2b50637186ab3349b7074e5ec13f160a99a4b239e832c90a41f309af77d1d,c21508029cc21cadcc88004c36dd8acc8a3bfbe885646b7a64e358f65e1d7e3a,26490,26263,False,0.5598737597465515,0.4145253539085389,False,False
42,agreement_filtered_ema,medseg_slice_088,evidence/notebook10_corrected/seed_42/agreement_filtered_ema/medseg_slice_088.json,28b88c9950a970db4ce2954729522d83a4d3d377c2b40045f6ee364010a67763,54f628ad7ccb3bce4073d076c72f44ddc628531a007a24e42353f5e48de59b77,1ae6f8c2cc31a5fdec07ad13d53470876e437b30b511c196fe07cbc3e14a0801,c21508029cc21cadcc88004c36dd8acc8a3bfbe885646b7a64e358f65e1d7e3a,18192,18507,False,0.5745006203651428,0.4145253539085389,False,False
42,agreement_filtered_ema,medseg_slice_089,evidence/notebook10_corrected/seed_42/agreement_filtered_ema/medseg_slice_089.json,eb7ae576dfaf29128adcb5f01f1b8b4bc90a361cde51e22c0a019218c47a2bdf,4b2b14bd7faa5bedfa75db01c2d28d18a8c76b3cf9a160f6ebf5680d2f2f117c,54e92c6adc73bddce8bcd1c82874e67f2f0416d92f26e1551f5ddd5e8aab361e,c21508029cc21cadcc88004c36dd8acc8a3bfbe885646b7a64e358f65e1d7e3a,1619,1579,False,0.2453536987304687,0.4145253539085389,True,True
42,agreement_filtered_ema,medseg_slice_090,evidence/notebook10_corrected/seed_42/agreement_filtered_ema/medseg_slice_090.json,359b098e2776316f05008d4efdfe241ce1128514264bfb05581eabfae9115e5d,381278d48cabda98d106bc4223d81ce6f2d668949b128abab3387d5b0a0b20c2,789791a16506ddff3639c22522a963ee900085ecde1c5b35ed3864029acd7e6b,c21508029cc21cadcc88004c36dd8acc8a3bfbe885646b7a64e358f65e1d7e3a,13171,13239,False,0.5908932089805603,0.4145253539085389,False,False
42,agreement_filtered_ema,medseg_slice_091,evidence/notebook10_corrected/seed_42/agreement_filtered_ema/medseg_slice_091.json,25e8c6bb105e66dd51cb0f26b4dc3e1f1a1f676d33cde09eeb4d94833df68617,2e2ed6c8129cab6f77b3a56db9159a0dff3c09a402040bb88e812f085f409d40,2d26d575f3ca297a55a4ed938364ec32f0a3feab69ff9507b50720dba8b46a5b,c21508029cc21cadcc88004c36dd8acc8a3bfbe885646b7a64e358f65e1d7e3a,12440,12858,False,0.6154804229736328,0.4145253539085389,False,False
42,agreement_filtered_ema,medseg_slice_092,evidence/notebook10_corrected/seed_42/agreement_filtered_ema/medseg_slice_092.json,2506fd129335741b873a696641959af1add708bfb6b8fe5b81c577701e1cf066,ac9d67f83b27a9bc11ecb219be66336dd29a551c2339ff613706a508abd07055,a273eaeba3cce82392f873ecbf33dda0909abe6c8128d80c0aff1294600b5776,c21508029cc21cadcc88004c36dd8acc8a3bfbe885646b7a64e358f65e1d7e3a,16728,16320,False,0.5497132539749146,0.4145253539085389,False,False
42,agreement_filtered_ema,medseg_slice_093,evidence/notebook10_corrected/seed_42/agreement_filtered_ema/medseg_slice_093.json,0b4bbdf8380a753b258a48dd1ba1d6a701e87a1a08b7e86eee31271fc7313a95,8f6e71b6a69bbc05e72f804af8ab24b635370f68ec0717e225f526e30f5aa356,442dc9151f223f042e2eba3ceda0042a9700877622c0256fdfe04471d3dc0d95,c21508029cc21cadcc88004c36dd8acc8a3bfbe885646b7a64e358f65e1d7e3a,10900,10789,False,0.6073832511901855,0.4145253539085389,False,False
42,agreement_filtered_ema,medseg_slice_094,evidence/notebook10_corrected/seed_42/agreement_filtered_ema/medseg_slice_094.json,8862b525ee411a74e0ddb6979d7496be4b8f586d4f092cea2e7f3e57d033bc31,8f2050855ab04c9d92c01af93d2378678f9114fbdf6a7dd366696fd11fe1c9e4,81377dd89aeb645de38dee6943ab7d9d2d61ffc0a54836687e876e84d2101f4f,c21508029cc21cadcc88004c36dd8acc8a3bfbe885646b7a64e358f65e1d7e3a,10433,10363,False,0.5900818109512329,0.4145253539085389,False,False
42,agreement_filtered_ema,medseg_slice_095,evidence/notebook10_corrected/seed_42/agreement_filtered_ema/medseg_slice_095.json,a243893df64e75b382816ecdb0e6439f43c8bcd155d9526565f315d6a381fd3c,8dd47a71fdd1fc0ba9e75076db4c871e78590540ede0109fd6441a70e10e30eb,33ee0861a67e9f9dd9ed0e4d20cc819547b108d1b38ad3fb63727fe2cd26b290,c21508029cc21cadcc88004c36dd8acc8a3bfbe885646b7a64e358f65e1d7e3a,9510,9357,False,0.5044362545013428,0.4145253539085389,False,False
42,agreement_filtered_ema,medseg_slice_096,evidence/notebook10_corrected/seed_42/agreement_filtered_ema/medseg_slice_096.json,f538092a83cc719b8bd4eecc2b41a57f74ee39fac13232f43f8da1bad9f34ff3,2dc2cfcafe292992cd5b95eb0d45a0cb75805f3dc41e36949537fd1251d26a76,194a72248cf2d8bcdbb879182e82a538422a3972f6f5b3a7160e55290b62493d,c21508029cc21cadcc88004c36dd8acc8a3bfbe885646b7a64e358f65e1d7e3a,62808,60060,False,0.6021392941474915,0.4145253539085389,False,False
42,agreement_filtered_ema,medseg_slice_097,evidence/notebook10_corrected/seed_42/agreement_filtered_ema/medseg_slice_097.json,f30cf4cc8fa65d21b6a0e4ca9373d4b9a379982987d7862a034b3ae8bc5fe5e6,804ba71bf2ef9fabd78bf16e9e974e7b517c29651650e25d742d5d7f390448d3,3de9398b49e147f3faeac634de2793136887d4f2c332bfc28ff13913614de67a,c21508029cc21cadcc88004c36dd8acc8a3bfbe885646b7a64e358f65e1d7e3a,7524,7324,False,0.5377046465873718,0.4145253539085389,False,False
42,agreement_filtered_ema,medseg_slice_098,evidence/notebook10_corrected/seed_42/agreement_filtered_ema/medseg_slice_098.json,84313d78a597185e447978b537e50fe2dd3da96b82f8557ab1814cf046ce3235,5cca738fe3754447379d593b74b1630e47b03422bebe1952646b90f0dfa17104,f744af1a49311428a2fe2bb6f62ddc18cec79bd851f3b9e18683696f94933a62,c21508029cc21cadcc88004c36dd8acc8a3bfbe885646b7a64e358f65e1d7e3a,41183,40247,False,0.5856714844703674,0.4145253539085389,False,False
42,agreement_filtered_ema,medseg_slice_099,evidence/notebook10_corrected/seed_42/agreement_filtered_ema/medseg_slice_099.json,21aad7563bb705fd4c59527423f423f43d922310166f832b37786a2ca3bef21b,451ff5a5de6e98464e9a72f2053fda7c31ad6cc8ce01f49f8072529ad90cb9c6,c54c7e2e3225f874c7e2f9e0cc3b1a998e15f1e6c2446553a3c4e4aa07a1ee6e,c21508029cc21cadcc88004c36dd8acc8a3bfbe885646b7a64e358f65e1d7e3a,15027,14772,False,0.5340458154678345,0.4145253539085389,False,False
2026,supervised,medseg_slice_000,evidence/notebook10_corrected/seed_2026/supervised/medseg_slice_000.json,6d1b17c3fedf6eb75b582a3e6a275af7745db942f152cd8d9a5cfa95c8acefea,b44ef2c7f8ff2d4eb46c0358fc7d75bae4affa13021f6dd0c440db145c48ccb0,19d82cdcec966bcbe3c017ea5d45eea7e60447e9a1d0bb2ca66a0db48313fb00,24afba620d7569d980f963ec53cc7dcbb82474aeaa8057972722786a71a8caa6,21835,23066,False,0.6229276061058044,0.4250306069850922,False,False
2026,supervised,medseg_slice_001,evidence/notebook10_corrected/seed_2026/supervised/medseg_slice_001.json,854916db146176a4fe42cccec54edc9dc9064eb9dc10a2dac0e8d43b3d3fde35,e571d08ce7190f80e9e3f0f84a27cf9107c39bd2c66aeb08b9a4f8ff05ec421e,57b9297ad5855472359b41fb9375297d18509fd5f5ba5767accfb595a2c8f52d,24afba620d7569d980f963ec53cc7dcbb82474aeaa8057972722786a71a8caa6,14493,15068,False,0.6303945779800415,0.4250306069850922,False,False
2026,supervised,medseg_slice_002,evidence/notebook10_corrected/seed_2026/supervised/medseg_slice_002.json,7955e73dfd2b691d7d159e7bdc729b9aedea9f0bc87a7ec448406bc9f90b30b3,a83a4c0bde6cf92d6f78db7564887bf2d0607df421c52476525fd532e6ef2111,109e863a5efa6c55554cd52d4d1eb95d60025f565ed50cffaa3ba279b0f6eba9,24afba620d7569d980f963ec53cc7dcbb82474aeaa8057972722786a71a8caa6,806,814,False,0.1800994575023651,0.4250306069850922,True,True
2026,supervised,medseg_slice_003,evidence/notebook10_corrected/seed_2026/supervised/medseg_slice_003.json,09415cf1f5251b73e5e8bdaea597420fffaac70272b12460d220e30e3c52c6d2,6a05e0202644ff0edc9e7d0117462f77b7f7be072d7c67cc0b9a83fbf9c2712b,b2b25ca375086d7f8781e50dcef282be3a5c6d3d4661f070c60d3e6f733c059a,24afba620d7569d980f963ec53cc7dcbb82474aeaa8057972722786a71a8caa6,8425,9552,False,0.6672558188438416,0.4250306069850922,False,False
2026,supervised,medseg_slice_004,evidence/notebook10_corrected/seed_2026/supervised/medseg_slice_004.json,9876b0b39c890374190ca1271aee69e658cdd794fd7b3571cc645ebbc3fbb8f5,b3908a7a85943e8479c7be67e3b63e7952cc8d635f288f687d585f77c8dc14d9,0194ffe2e325cba88dc2c96cb63d07db5cc2ca29bef68aee66cc37e7a19e906a,24afba620d7569d980f963ec53cc7dcbb82474aeaa8057972722786a71a8caa6,8282,8454,False,0.5621152520179749,0.4250306069850922,False,False
2026,supervised,medseg_slice_005,evidence/notebook10_corrected/seed_2026/supervised/medseg_slice_005.json,331b40ea21ecc54efb2c4d32c59ed5dbb2ba815fabd562cdf1b166ea3d02ccfb,af2ad96bbf24e5a6cc75e151b4307234ab112e13a0fe54710c994a93d64d5c10,8a13dbeeebf783c95a9433d0b9cca58bc66c5a5853e214a30194374f08ae7745,24afba620d7569d980f963ec53cc7dcbb82474aeaa8057972722786a71a8caa6,4140,4224,False,0.4413370788097381,0.4250306069850922,False,False
2026,supervised,medseg_slice_006,evidence/notebook10_corrected/seed_2026/supervised/medseg_slice_006.json,76ee350ec2da81427448ed7707124421cf8485d270f1b4add6a2d8c048a66b32,516fb37f4234a91e854eec43b160b1096141be8f4f0c53f02f0b132efb09c542,9cb581a5f4359f71469fcc75f206b6ed82aa8c28130132f01bcd89b8fbc30e4e,24afba620d7569d980f963ec53cc7dcbb82474aeaa8057972722786a71a8caa6,6338,6161,False,0.496282011270523,0.4250306069850922,False,False
2026,supervised,medseg_slice_007,evidence/notebook10_corrected/seed_2026/supervised/medseg_slice_007.json,896ecf2de38b8faa659cff33f6ed1f151e9cde7c10e1751524c98cdbd3dcd385,da68396b1640a1b722af4808aa8ff224ca07504b8deaaef2fbf4ee008a8140a5,92cdaefff4895ac2567bd909e14880969b532293841ec9cb98fbc488903ce6fe,24afba620d7569d980f963ec53cc7dcbb82474aeaa8057972722786a71a8caa6,2388,2597,False,0.5677557587623596,0.4250306069850922,False,False
2026,supervised,medseg_slice_008,evidence/notebook10_corrected/seed_2026/supervised/medseg_slice_008.json,190e212e6d7213bd13ef0b581bc91ebdae820d4ab7093004df17d84b3bbb03ca,79465d5cc370a5be742d3599d594e51e01467820a2b97d21490e63e9e6e0de52,c9a3137ed4064244478056382f528011f394dafc1759478f414eae234359d793,24afba620d7569d980f963ec53cc7dcbb82474aeaa8057972722786a71a8caa6,18485,18638,False,0.6347132921218872,0.4250306069850922,False,False
2026,supervised,medseg_slice_009,evidence/notebook10_corrected/seed_2026/supervised/medseg_slice_009.json,c986886ed2cbbb214c0789fe5c26a6018b0276c9d45e824990f41c59c6254a64,8126b2e2bc2ec9c708eaacdf05ca723f53a114c9bd3790b191d140cb105b1ffb,b2547c70fc2a1dedf16f7eec8dd6f5a315ec4de30050ec5c853f56dc45b2a6fa,24afba620d7569d980f963ec53cc7dcbb82474aeaa8057972722786a71a8caa6,10017,10982,False,0.6297788023948669,0.4250306069850922,False,False
2026,supervised,medseg_slice_010,evidence/notebook10_corrected/seed_2026/supervised/medseg_slice_010.json,adbc0a01d3f965cced19682ca8ef63e0e5d2e337661566f296a6ae3fa41b5a02,a8b1372d3fb351e2e26b8e6c40100f02cfdf03b5a8a094c406d80dcce17de21e,8715700a564bfaa9c15549d630099b77a59f38b4610a6ed959a7b3b1cab0d58f,24afba620d7569d980f963ec53cc7dcbb82474aeaa8057972722786a71a8caa6,12679,12637,False,0.603352963924408,0.4250306069850922,False,False
2026,supervised,medseg_slice_011,evidence/notebook10_corrected/seed_2026/supervised/medseg_slice_011.json,2fbf555e8668db64c9c7dd241c96438e928b156c202fd202644e8c1152ae8232,941d1b91ce054ba75f295f8a8809a50a04d261a7952e8dc22e0046478ca93d69,0b9e6f4fea23d4cf38911ca0892197796dbc24f2eef7a875b4543b4ceb7c6f0c,24afba620d7569d980f963ec53cc7dcbb82474aeaa8057972722786a71a8caa6,6674,7056,False,0.5894782543182373,0.4250306069850922,False,False
2026,supervised,medseg_slice_012,evidence/notebook10_corrected/seed_2026/supervised/medseg_slice_012.json,ba26fc2a7f0a4bcac78724d92614336db8260f99518b398e65b6a0c910b4a2b7,f22d417a5fbbd9ed5644a3b7fc1e13bdde3df2c88d30bb9439dd1bdf56e5d05c,d3731e9ec3f0c0b5411d9a536f6ebf7bf243a79eca775d72708b8b233069ff47,24afba620d7569d980f963ec53cc7dcbb82474aeaa8057972722786a71a8caa6,7272,9917,False,0.7643738985061646,0.4250306069850922,False,False
2026,supervised,medseg_slice_013,evidence/notebook10_corrected/seed_2026/supervised/medseg_slice_013.json,9a6e732f4db5c9db7702ea5c5906852fe2379ebfdac445959d011f457d3b2cf2,dea377d9f46f5a3fe79292ddf7ad5196236298876d42cfe2a51e2ee17c5c3924,0e8dd2b804e9400c8df3f457f26a76d993af8bb939692d63f3b7067141d71c08,24afba620d7569d980f963ec53cc7dcbb82474aeaa8057972722786a71a8caa6,14551,14259,False,0.5838785767555237,0.4250306069850922,False,False
2026,supervised,medseg_slice_014,evidence/notebook10_corrected/seed_2026/supervised/medseg_slice_014.json,a3d650df3ade54783810957e1ee97a85d929f7171fd40c14bbc871b5c1458592,8f139089de3c9bc56ebed8b37af5167f32660014f2d19599d91a34a6c4f27161,c09de097bdc19e21b0bf19a0e4583031ac1def31a2187cc2ebb150720e69bd1f,24afba620d7569d980f963ec53cc7dcbb82474aeaa8057972722786a71a8caa6,5352,5760,False,0.6096083521842957,0.4250306069850922,False,False
2026,supervised,medseg_slice_015,evidence/notebook10_corrected/seed_2026/supervised/medseg_slice_015.json,e61fa08b89578a525be746787d023a745f21d2e3af1e0baaecb1d81d23780de1,582b5ca7348736a56bc23f381b5a0e3cac5862102bc2d6fde657e6e75a6f710d,2ad937d53f54c4b3eb81e503074f761f94aec1d209951e7ac06b726572e1e231,24afba620d7569d980f963ec53cc7dcbb82474aeaa8057972722786a71a8caa6,3820,5071,False,0.635360598564148,0.4250306069850922,False,False
2026,supervised,medseg_slice_016,evidence/notebook10_corrected/seed_2026/supervised/medseg_slice_016.json,bd6e046bf8599f1d4f21f585735b1ac50e2839424b35a9933748dfe815266134,fdc4a85404bed33b5dfd484fe4fd1969f30a7cbf7fc988790259cdf9c7644654,033bb9669a55e8c19b6b72a2c4caf2790da5046fc46b6eb6de0a8be4d745b41a,24afba620d7569d980f963ec53cc7dcbb82474aeaa8057972722786a71a8caa6,3543,3712,False,0.4275007545948028,0.4250306069850922,False,False
2026,supervised,medseg_slice_017,evidence/notebook10_corrected/seed_2026/supervised/medseg_slice_017.json,3c2435e209fd822c783293de61e8692be69d06f831310a088bdbc777435f4853,7775c778bdd582ab20aa3afc83ffd03773fb40a232562bc402343fc1e693ecd6,e96ed702f2f87c19a410982011dcead2a4c895a4a992469e41d846107e557089,24afba620d7569d980f963ec53cc7dcbb82474aeaa8057972722786a71a8caa6,7806,8038,False,0.5510502457618713,0.4250306069850922,False,False
2026,supervised,medseg_slice_018,evidence/notebook10_corrected/seed_2026/supervised/medseg_slice_018.json,7126ef2449a495c90e00bacd7f426afc379f30a15db940ddc192b51a7960d952,56deb1aeba7d7848cec70b0c7e0e55fd875b43962ca976c935bc90ffaba047ce,627207fabc5b1c58f2b1dd0c396978252b8b576e51f302ab35a3742ac7cb8720,24afba620d7569d980f963ec53cc7dcbb82474aeaa8057972722786a71a8caa6,5635,5811,False,0.5249601602554321,0.4250306069850922,False,False
2026,supervised,medseg_slice_019,evidence/notebook10_corrected/seed_2026/supervised/medseg_slice_019.json,f12a1704971f0306561e4773a71c12c6dc503a76da743d3e9523d22b1f81418c,5350c75b58c51fd8d7e962094df0b534d4ca835998c419e0b1cf02bd6bc530ff,ef1885fc1ff556ed69ccc5e3eed59b2f2d996b8236386fef3844455c78e7fcc5,24afba620d7569d980f963ec53cc7dcbb82474aeaa8057972722786a71a8caa6,10808,9976,False,0.5776732563972473,0.4250306069850922,False,False
2026,supervised,medseg_slice_020,evidence/notebook10_corrected/seed_2026/supervised/medseg_slice_020.json,f0c0ac372537af461de318ac06571003150218ad09629e3b0a29a3938eccff8f,18b4eaa7ad5b66d486f8b995ccc6f893216f79cee8783310444dd7d5c8d9353d,26c9415be948a35ced5c3070fc410254f78f3994d003d981d9f401cf4aa28f96,24afba620d7569d980f963ec53cc7dcbb82474aeaa8057972722786a71a8caa6,5790,5988,False,0.5149005651473999,0.4250306069850922,False,False
2026,supervised,medseg_slice_021,evidence/notebook10_corrected/seed_2026/supervised/medseg_slice_021.json,10bf97c1ca4d9e274b59fb21f392e08827d51005b067a78f6b38acf3c8447cc2,81aa23526708a85a4a1d06f3b6881b609b51f7d5f585ba6d81a869615d98c475,2ad7eff5939ba582d3c1c24b84e18bec049794b09d80567fb14263e8290b1007,24afba620d7569d980f963ec53cc7dcbb82474aeaa8057972722786a71a8caa6,11889,12239,False,0.5899084210395813,0.4250306069850922,False,False
2026,supervised,medseg_slice_022,evidence/notebook10_corrected/seed_2026/supervised/medseg_slice_022.json,7c575260d1fa23e67d36bfbdac2463bb569ae8b681454e2c6c5e5f8e2521421a,64ee0cbad7d15a836dae2c915c0907accbad8d9ce932dca1a347e449c8125b63,e5e06e599b1e9188043733d0382633ade55caef4013d0f7d2d1836533fd268de,24afba620d7569d980f963ec53cc7dcbb82474aeaa8057972722786a71a8caa6,8034,7185,False,0.5761626362800598,0.4250306069850922,False,False
2026,supervised,medseg_slice_023,evidence/notebook10_corrected/seed_2026/supervised/medseg_slice_023.json,8ba2e951fbfacae47e0a8bea5b4732f86ab93fa1cb1e6a9495718ea74f1c172a,9af7705482ff778f22df10e76dbde4bab2e80cf71faffcd88908b3e60e8c8d49,be948af55f46a51d9336a8cff3ea75ac6d5f577d7997b3b34b8a34a4189f516b,24afba620d7569d980f963ec53cc7dcbb82474aeaa8057972722786a71a8caa6,3901,4084,False,0.5781289935112,0.4250306069850922,False,False
2026,supervised,medseg_slice_024,evidence/notebook10_corrected/seed_2026/supervised/medseg_slice_024.json,937f8c63fc9cd2703260e4b8261408ac8d0a62efa0eca4820c92be9cfd9c2eb6,ab8bc522616ae39913d84db14bb5d7e8ea6c3286e016cdb6b4d038bc66e6df9a,397029cc0d354d7ad96e212a898bec1df1ce597f712a06e404b1840b17ed0505,24afba620d7569d980f963ec53cc7dcbb82474aeaa8057972722786a71a8caa6,3134,3063,False,0.4816448092460632,0.4250306069850922,False,False
2026,supervised,medseg_slice_025,evidence/notebook10_corrected/seed_2026/supervised/medseg_slice_025.json,e7a494a3dd79ce17934425b99d1d73883440b5ec29c7369e19a47aa7de96a70f,2f45dd8fe78fd78812c326ca9449b33ae769db450dca0469ed15a41ef19d46d0,da5d53e257f442b64355d3b2e3a1bd93036f9eab8e10574b6ef889c91fd1619d,24afba620d7569d980f963ec53cc7dcbb82474aeaa8057972722786a71a8caa6,13261,14661,False,0.6186959743499756,0.4250306069850922,False,False
2026,supervised,medseg_slice_026,evidence/notebook10_corrected/seed_2026/supervised/medseg_slice_026.json,686df995c7ac9bb91a40304ada6f54fd56e98b3a372f5b63e74c9a102457e67a,6e134155fe1a0ddb2e32d25c2b36e4dfe6b57d525f22bdbebac02edfe0f7681e,c9c9491580ca50b3ed465229455007b09dcd4a01836d8c4911d45bf7ac78fa4c,24afba620d7569d980f963ec53cc7dcbb82474aeaa8057972722786a71a8caa6,5961,5884,False,0.4671304523944855,0.4250306069850922,False,False
2026,supervised,medseg_slice_027,evidence/notebook10_corrected/seed_2026/supervised/medseg_slice_027.json,1b3a57567efa140dfa8608a6878a70f61abe9f4b2845bb102cbe0851965956da,c8eaf82c83154dd8158c7e1a0e512bae8f17583b66170cd7ed653d0138faa54f,ae49311f4975acebdb574ce52ad99cd137db9be5a9d7bed8cfa5967729c1532f,24afba620d7569d980f963ec53cc7dcbb82474aeaa8057972722786a71a8caa6,5079,4908,False,0.4585130512714386,0.4250306069850922,False,False
2026,supervised,medseg_slice_028,evidence/notebook10_corrected/seed_2026/supervised/medseg_slice_028.json,9112f8a4eec6d2fb712037f3248a42b2b7de0a96fc9552fb7035757831d9bd9b,a27464836bd308a475a125fa843754a105e600bb2ad4b812edd6f5a56d1aa211,73589b07cec4c7949719ec34aeb2fa8565adff8d6138558b7d599c2b60ea992d,24afba620d7569d980f963ec53cc7dcbb82474aeaa8057972722786a71a8caa6,8929,9934,False,0.6181478500366211,0.4250306069850922,False,False
2026,supervised,medseg_slice_029,evidence/notebook10_corrected/seed_2026/supervised/medseg_slice_029.json,05f18ffd3b9b355bbababb22eb42542aa1aa7e22acab871781c4cfbaaac3bf10,33f8db11afe1c7eb5e6b62468eba9718dec4c8c697e2bf6bd50db334f5d41501,a1d5af4e682bcedb72830365951d1603ec3281c1c7a30eb1b0c127fada562da1,24afba620d7569d980f963ec53cc7dcbb82474aeaa8057972722786a71a8caa6,12883,14206,False,0.6667860150337219,0.4250306069850922,False,False
2026,supervised,medseg_slice_030,evidence/notebook10_corrected/seed_2026/supervised/medseg_slice_030.json,eaa6f229969b3e788d56d48b7469b63f84ea553091c6031334e0d7d9e8a59c07,6d1c3d9a2f370934ad345b4a33296a76f85147d0dec6a96b636c1d011b4dda94,7e25c05da64652fa03331de16dd7161eda6ae87d4caa71840ddbe5401f6bdbe8,24afba620d7569d980f963ec53cc7dcbb82474aeaa8057972722786a71a8caa6,2163,1739,False,0.5453490018844604,0.4250306069850922,False,False
2026,supervised,medseg_slice_031,evidence/notebook10_corrected/seed_2026/supervised/medseg_slice_031.json,af7ea350a9a4e66436f7291a3139cee0934279f1d043a388794e6e04a52e6604,991cb01759b8dbda7afbd6424ced95443902778d16681e21b293708db7fd55e8,baaa85bdf09b67bf5ee5842c5c9953057b92fde4a9de5e9139f0783f2bbfa5c4,24afba620d7569d980f963ec53cc7dcbb82474aeaa8057972722786a71a8caa6,14314,14288,False,0.5965650081634521,0.4250306069850922,False,False
2026,supervised,medseg_slice_032,evidence/notebook10_corrected/seed_2026/supervised/medseg_slice_032.json,6553d80eed4eb0d7b136540376426c4986ee4d1321ad03c93f540abcdbc36b07,f292b8fdbbbc83332748ca351fa281ae14bfbd711d6a17a3f2ee9803d38e7c6a,e3819f941bbfe6946152ee3a0df702592e5e1ddb0937d29e9fc7696c031d6baf,24afba620d7569d980f963ec53cc7dcbb82474aeaa8057972722786a71a8caa6,3904,3128,False,0.5500227808952332,0.4250306069850922,False,False
2026,supervised,medseg_slice_033,evidence/notebook10_corrected/seed_2026/supervised/medseg_slice_033.json,5c95b25fb2e6ac971a87abf63b9e613e59f7343bcc1fd5475594371b231b0663,4bdc25659921942b0073cc584192a52c6246d92a61d9eeb454dc05f7e9ccbdbc,0050e91d2377f66d6d492a7aae15e2c4403b8514e3c281edb0502f2c6a9e0294,24afba620d7569d980f963ec53cc7dcbb82474aeaa8057972722786a71a8caa6,2442,2325,False,0.4791093170642853,0.4250306069850922,False,False
2026,supervised,medseg_slice_034,evidence/notebook10_corrected/seed_2026/supervised/medseg_slice_034.json,7d438dd79b860462f35136192b29b250763d429e83941a94deaf0140ff056047,fa92ecb25062aa754d4d9a19e5ee08d7253265278db40d20103165636e62d96f,c89aad1c09237ad6e199b36e4cb3ce2df69d0de216263ffcc638f6b28f2343b3,24afba620d7569d980f963ec53cc7dcbb82474aeaa8057972722786a71a8caa6,3555,3228,False,0.5047082304954529,0.4250306069850922,False,False
2026,supervised,medseg_slice_035,evidence/notebook10_corrected/seed_2026/supervised/medseg_slice_035.json,1dabb835c6182354a52711efa3531186ce8bb806796ae910dfbcfbaddb517d57,d20e77f5482d23ee3df3b2b3003d51c3aae144d1c4f8c557cd4c6b49e07dacbd,85cd33c02560522fb0011e1438b5c174ce724d91a8c3d841a6781e9320344a1a,24afba620d7569d980f963ec53cc7dcbb82474aeaa8057972722786a71a8caa6,12603,12470,False,0.5291836261749268,0.4250306069850922,False,False
2026,supervised,medseg_slice_036,evidence/notebook10_corrected/seed_2026/supervised/medseg_slice_036.json,1a06bab3b9f7fb326610dcbcaedea53bbbc4a0227c2c122203a602f2501380f0,615ede383872d94b4a833ee952ccb931871ed330c0a519daf35f47f5996e83a0,4e354c06642334c7315b54e998f69bcfffde1a82b633a441aaf17ef0438804ae,24afba620d7569d980f963ec53cc7dcbb82474aeaa8057972722786a71a8caa6,4750,5624,False,0.6231087446212769,0.4250306069850922,False,False
2026,supervised,medseg_slice_037,evidence/notebook10_corrected/seed_2026/supervised/medseg_slice_037.json,6502a931edd827b5006c72a74ab93d9df2c90a1160b2d3a4097ac84bfb1a9371,7dea0c2ba5c3bcf88de9c78871733bac5d9af9a1c6847872d8d9ebc9f2c53456,dd5a608f2025b4c7ba54d3c302cc5a362683708c982cf5cd84f5d7be139f1407,24afba620d7569d980f963ec53cc7dcbb82474aeaa8057972722786a71a8caa6,14599,14217,False,0.60518878698349,0.4250306069850922,False,False
2026,supervised,medseg_slice_038,evidence/notebook10_corrected/seed_2026/supervised/medseg_slice_038.json,3f8920e5e4868c7add3d2ca9d4ecf51f00bb90492526c069a9aa38a9792d6777,86b5cc9a8600d01a664a40c852886ea6364e258a1b2bff81eb7256b62c297e0e,e9eba1e410f859d8e34f7020c2d3c6d9512033dd536509edfdabf7829a5a663c,24afba620d7569d980f963ec53cc7dcbb82474aeaa8057972722786a71a8caa6,11778,12018,False,0.6347662806510925,0.4250306069850922,False,False
2026,supervised,medseg_slice_039,evidence/notebook10_corrected/seed_2026/supervised/medseg_slice_039.json,a4ad7f8bc2bcb1d7b2ed5ebdd02e4ddef8c9e7f9d54e9b07e37a414b19cae61c,0fcf785cd38185d0d087ef0ffadec9a1d66e67ed54e57ee1dd04a21f0ebab134,e0d9b72bb3045487fdd60909290ca647ba294f6d18aa8acecde64e4d7208a854,24afba620d7569d980f963ec53cc7dcbb82474aeaa8057972722786a71a8caa6,7370,5775,False,0.6449013948440552,0.4250306069850922,False,False
2026,supervised,medseg_slice_040,evidence/notebook10_corrected/seed_2026/supervised/medseg_slice_040.json,9d8cb49fa133a2d58eba2e4300b1dd2c676473aff01ec1f8ad9a81ab9a224e3d,6c78bdd3cbbd2242af2d95d81389bf5a7ee7c6567a18829785e3b39d8afffb6d,8e856972449f91e1acb6c9f56bb5626c801fb26035d10a5d16b715f7690d0f24,24afba620d7569d980f963ec53cc7dcbb82474aeaa8057972722786a71a8caa6,5818,5922,False,0.4682002663612366,0.4250306069850922,False,False
2026,supervised,medseg_slice_041,evidence/notebook10_corrected/seed_2026/supervised/medseg_slice_041.json,6a001f3ad5f3becbd33c2ae506577115f56440a6cc806f099d610294e9121b13,9c75b70c6327bf6e31fa3135b9fb0fcf3ca9fc30aa896550f0a942436f56e3db,120342d44bc42bcce2ed92f001f793ef02e57955a5f8382010c32fe941167bfc,24afba620d7569d980f963ec53cc7dcbb82474aeaa8057972722786a71a8caa6,13530,13351,False,0.5804821252822876,0.4250306069850922,False,False
2026,supervised,medseg_slice_042,evidence/notebook10_corrected/seed_2026/supervised/medseg_slice_042.json,3b940764a486ff3162b4eaabcd2e0d3805d66817ec6c4507a1556ed4a9f4c805,0cc526956ec56831244b119eef0c69ac7ca108b7c0a3ea2dfa55bf5f2d6d3163,9e7f8034baeb658ae3241e2a451079ca09d4b18b90310467bc4420a6c10a0567,24afba620d7569d980f963ec53cc7dcbb82474aeaa8057972722786a71a8caa6,6674,6426,False,0.5987542271614075,0.4250306069850922,False,False
2026,supervised,medseg_slice_043,evidence/notebook10_corrected/seed_2026/supervised/medseg_slice_043.json,4b073d30eebf128e3e6ecb0d2e55c63caa566f504e3d9401e891cad1bb39d82a,46432f1b9e86148c029fd9a47a636c704041b9b36fa269c4e95a0377b73f6574,eeec8411b35d1834eebb20d5eaf40238f244d1abaee667b61d3ea127d53cf9c0,24afba620d7569d980f963ec53cc7dcbb82474aeaa8057972722786a71a8caa6,11073,11177,False,0.5702154636383057,0.4250306069850922,False,False
2026,supervised,medseg_slice_044,evidence/notebook10_corrected/seed_2026/supervised/medseg_slice_044.json,8b5feaa64cf80ff2e8ad02633dc28c110b0855c0c1ecdf041d1976c1a2628cf7,62327805fe0bdcfca5d4229bdfd4d6ca113527e54d34b52fbb84daeae6649cff,36151b42ffc1174fd10652df65af29fde781345b61570d66361e17e7e1188a89,24afba620d7569d980f963ec53cc7dcbb82474aeaa8057972722786a71a8caa6,3861,3795,False,0.4953783750534057,0.4250306069850922,False,False
2026,supervised,medseg_slice_045,evidence/notebook10_corrected/seed_2026/supervised/medseg_slice_045.json,7efbd4035f521b7c4233dc0cc4557b4949f7da94efb6a97a81b194f8ebb354ec,6051c48383f7b9e17ac4b8f6b5d55884691b44daca2e40200599b9ee71e628f6,ed92b7922ac2e2c07869feb49ece6c80d571328049ea10e36faae34464072e0b,24afba620d7569d980f963ec53cc7dcbb82474aeaa8057972722786a71a8caa6,10130,10228,False,0.5831687450408936,0.4250306069850922,False,False
2026,supervised,medseg_slice_046,evidence/notebook10_corrected/seed_2026/supervised/medseg_slice_046.json,9d190c89c649e9eb20320299c5b2f07cfd3408d15f7c2e845111884ccef26ce3,2eb1583cef892b6dd50a263c31d011298400fe917978ee2af035d4f906e8044a,aff640a2beb9f109c1147c0d8ec20366548cde3561871f264bad02405ed2a3a0,24afba620d7569d980f963ec53cc7dcbb82474aeaa8057972722786a71a8caa6,3561,3707,False,0.4875835478305816,0.4250306069850922,False,False
2026,supervised,medseg_slice_047,evidence/notebook10_corrected/seed_2026/supervised/medseg_slice_047.json,d92d369f520056dbb0d784f4240c757cdc16bcff3bc713454889152d547d08ea,599f52419ba04d8654b279eb242d7adf8cd8808efb441c346c1d48645e8884df,ae63b552a00cca232e57db8432ddb0575102af69d3a9985b799c2eeb0b62e067,24afba620d7569d980f963ec53cc7dcbb82474aeaa8057972722786a71a8caa6,15280,14731,False,0.6162490248680115,0.4250306069850922,False,False
2026,supervised,medseg_slice_048,evidence/notebook10_corrected/seed_2026/supervised/medseg_slice_048.json,cff798b547f8bcb950d33b7825a1c4028a8716ee948a37d57f952a9c45d8119f,1a0a4f94eb8c89cf9c9f6518cff762ad4cc84f36cc4aad40fe7a5077d06383c6,bb155ba2de9808de8f1a6ce3f7ab3ad15c5e27e7036fee989477e02c5e457f8a,24afba620d7569d980f963ec53cc7dcbb82474aeaa8057972722786a71a8caa6,0,0,False,0.1283257156610489,0.4250306069850922,True,True
2026,supervised,medseg_slice_049,evidence/notebook10_corrected/seed_2026/supervised/medseg_slice_049.json,07ea50ce5de6475c09e3335bc47fadf33f97fdbbc4fbc9e69b566fb21793ab84,bfe5c22279be9fd16e131ffcf4c45716f555a80e8bf2cf5548a138f7a04ad198,99c3c1a72c3abd94b75a748901f280137b493681206df629cf6971ed3b931b41,24afba620d7569d980f963ec53cc7dcbb82474aeaa8057972722786a71a8caa6,7131,7274,False,0.5516546368598938,0.4250306069850922,False,False
2026,supervised,medseg_slice_050,evidence/notebook10_corrected/seed_2026/supervised/medseg_slice_050.json,41672d5aeb0c3b774b213b06ded6bb2767829963c40b0b0fe206ea2f99bb7aee,6555903cfc6d3803550ef86433f64485518329216c578b6289e9181ac0397950,5e1947f062db4cdf043a59420b0caab65bd84b0acec6fff1293fa8e481ab8194,24afba620d7569d980f963ec53cc7dcbb82474aeaa8057972722786a71a8caa6,5455,6654,False,0.671531617641449,0.4250306069850922,False,False
2026,supervised,medseg_slice_051,evidence/notebook10_corrected/seed_2026/supervised/medseg_slice_051.json,c591a37acfe0e745a6a970dad233255d0154158c883e0b91c392b58c6e3baade,3df139597aa1b0ae7da043646935a1da1ae062c7566a524db57f1474892ab158,591cfcc784056475011445956c7442dd7a4d725d46e83f32ae33550bebfac941,24afba620d7569d980f963ec53cc7dcbb82474aeaa8057972722786a71a8caa6,25829,25132,False,0.6685702204704285,0.4250306069850922,False,False
2026,supervised,medseg_slice_052,evidence/notebook10_corrected/seed_2026/supervised/medseg_slice_052.json,a9c8dca35e8798c9a82440391117bce7fe62ff998b7dda66865354cb293dbe9d,947d10c4f46f27d4b12ef9b1fa165636306c8991c21e9225c4fb1b2bb00a6ca9,0f31a391c8f3a97585917c04bc5126ef836edc65a2e89b615070a95137206a2e,24afba620d7569d980f963ec53cc7dcbb82474aeaa8057972722786a71a8caa6,1839,1918,False,0.4090783894062042,0.4250306069850922,True,True
2026,supervised,medseg_slice_053,evidence/notebook10_corrected/seed_2026/supervised/medseg_slice_053.json,ceaef3d9d2bcfd2195643c3f756f02272a664eb0318696d173a4aec19731ff0f,6b77c6872f4cba2318444a68c589acd81a42ac9e5c650c9edabd258fe66225de,467a104db2667997c09226a2c3dd406d4fe494167084b58009b7721409565a7a,24afba620d7569d980f963ec53cc7dcbb82474aeaa8057972722786a71a8caa6,37450,37351,False,0.5723440051078796,0.4250306069850922,False,False
2026,supervised,medseg_slice_054,evidence/notebook10_corrected/seed_2026/supervised/medseg_slice_054.json,cff6d47d48839c11c8e7ebe8da8f1f61601ee492dadbd6213bb82a23b5db91fc,bed928cf09892a2e88c9b802bc0786a408ad642d4573a641024b32f6d69369f3,8523bd375f740667080bb7b4ad4c4673c5b06dba20bba42e99aa8143034a102d,24afba620d7569d980f963ec53cc7dcbb82474aeaa8057972722786a71a8caa6,10163,9559,False,0.6184113621711731,0.4250306069850922,False,False
2026,supervised,medseg_slice_055,evidence/notebook10_corrected/seed_2026/supervised/medseg_slice_055.json,b80906280486ad19b14f1e6c2e395bb9fc91cd76a197400346c0e75d88cadeae,9b830341fd52efe1641062e7c4991bf8503c7d889302a72aa266d828011539e8,7f42b2e02530c8c05c66f2d77987f28361a7ac90987979cd70634d80f008d165,24afba620d7569d980f963ec53cc7dcbb82474aeaa8057972722786a71a8caa6,26380,25323,False,0.6417930722236633,0.4250306069850922,False,False
2026,supervised,medseg_slice_056,evidence/notebook10_corrected/seed_2026/supervised/medseg_slice_056.json,35eddd1e4b4ce4103d79a5345aeca44d1503042b8cda94df0609441afcd496d0,bd95ed4d5fbf50f55d5bd7667991f6471a878bf8a891ac37d0d81a4000735107,64d2f256ef678a6aa9a7aeba63948dee7847f05e79cabdfe274f41847532f048,24afba620d7569d980f963ec53cc7dcbb82474aeaa8057972722786a71a8caa6,3910,3893,False,0.4983757436275482,0.4250306069850922,False,False
2026,supervised,medseg_slice_057,evidence/notebook10_corrected/seed_2026/supervised/medseg_slice_057.json,e7611f55080d1828b644b70b925ebe1899854134fd269f2fda4f2b4c2df4319d,72e1841c935c9964794b40c746e187245203b38fae29bf0caeb2e7a02c46c5c6,83aaab70118f6b7c49d450fd6c66ed94482506cd3699c339ecb899be3cac50be,24afba620d7569d980f963ec53cc7dcbb82474aeaa8057972722786a71a8caa6,20276,19425,False,0.6539008021354675,0.4250306069850922,False,False
2026,supervised,medseg_slice_058,evidence/notebook10_corrected/seed_2026/supervised/medseg_slice_058.json,96864f51f8bd41ff56d5535de9b39345d8ebfaca6736af3a98c9017f46cb4175,75255b5303a732feb9eab706e92e55632c4ab305b2e361e60bd0cfe123ae170f,35a0b099ac96e97843d802accd93a1aaac9c648fe1e51e27fcf023740e997962,24afba620d7569d980f963ec53cc7dcbb82474aeaa8057972722786a71a8caa6,29322,28309,False,0.6038112640380859,0.4250306069850922,False,False
2026,supervised,medseg_slice_059,evidence/notebook10_corrected/seed_2026/supervised/medseg_slice_059.json,8024318f248e62a6ee973e2b3ae4f24aaea3eca54351ae8bdddf154369925053,66432a86c920010c446c160b5cd6716aa210f043133d4f5013dc52cacf07093d,947300c2475acfc63f098d319b42fce7021e78ade3483e156e84714dd016e2a4,24afba620d7569d980f963ec53cc7dcbb82474aeaa8057972722786a71a8caa6,16824,16922,False,0.6046134233474731,0.4250306069850922,False,False
2026,supervised,medseg_slice_060,evidence/notebook10_corrected/seed_2026/supervised/medseg_slice_060.json,22d7c5f37cd11896fe20622970fa7ef785cb7f58d1b140f24ba6fc3f6400b2a7,cd3c4fcc0293decb3fe5d6cc2605c992fc0c5dcd0f600ee6608e2825c77d8613,e7d5ae1c23a7ca57b7becadf29cda5c7da8720c3fb8ac42e0b7adbdfa04d143e,24afba620d7569d980f963ec53cc7dcbb82474aeaa8057972722786a71a8caa6,23511,25946,False,0.6668585538864136,0.4250306069850922,False,False
2026,supervised,medseg_slice_061,evidence/notebook10_corrected/seed_2026/supervised/medseg_slice_061.json,210a4206e28f10055b0824cf2eb896def9986c58620b27fc9a6bf75e737fefa0,6deb5ee0627e5581fc35f43720cacd11f4bdbf4ed6bb1340ef5438070445bc82,019a30920ddea3155385209d03b02c6c5dbb7aeed7e333fc3f4ae44f53147843,24afba620d7569d980f963ec53cc7dcbb82474aeaa8057972722786a71a8caa6,3718,3828,False,0.5145414471626282,0.4250306069850922,False,False
2026,supervised,medseg_slice_062,evidence/notebook10_corrected/seed_2026/supervised/medseg_slice_062.json,0ceee12373c1296a4ca2dd1a7601e897860207c15e64f810f4c67fe06e98296a,4e8d39e256ff340b2a45f4378b868d050f22e607ca7b4f9a6e71f8712d4fa13c,d857ef28124540f809545f2f851f82a2d2473a1d00fdd1e2534f22f4b10d0294,24afba620d7569d980f963ec53cc7dcbb82474aeaa8057972722786a71a8caa6,3758,3760,False,0.3787436187267303,0.4250306069850922,True,True
2026,supervised,medseg_slice_063,evidence/notebook10_corrected/seed_2026/supervised/medseg_slice_063.json,8b7cafcbf615837971ae62839077190f9c4d7953a571041ea3f8591243718e6d,4889473fac3da948fc3f811865dc1c349fb522b402944f43b446c1ee77b07406,c3d5ef0b7f2720d7a1f1ab00735033c6c1ecb7fc123e4f13101f1221a5434ca0,24afba620d7569d980f963ec53cc7dcbb82474aeaa8057972722786a71a8caa6,5351,5439,False,0.4594961702823639,0.4250306069850922,False,False
2026,supervised,medseg_slice_064,evidence/notebook10_corrected/seed_2026/supervised/medseg_slice_064.json,1b2589e06093f838cc29169e43ff26ecbb188d87db57f538b838a7af3a7d20da,03fcb275fd8e2728d23b62183eda8538d6e5dbe04daf74037d187950ae5bb596,fd9eb43dba45d8d16e92d12bc147a4e0b4b8c36d01bfe85ce3d307c8e16bac55,24afba620d7569d980f963ec53cc7dcbb82474aeaa8057972722786a71a8caa6,1516,1468,False,0.3145013451576233,0.4250306069850922,True,True
2026,supervised,medseg_slice_065,evidence/notebook10_corrected/seed_2026/supervised/medseg_slice_065.json,4b652fa1345aa5c06a869c7fc1d74311721f7009af060207560de9e568ac6fee,78ced4fafa033d183d63214bde76d7ab4fe12dede9ac7b3ef9bc08b27b3571db,8e3311daea725496bc8ecfe1327eb64f4e23005f02cf2364be3c940437505aca,24afba620d7569d980f963ec53cc7dcbb82474aeaa8057972722786a71a8caa6,9437,9458,False,0.484668105840683,0.4250306069850922,False,False
2026,supervised,medseg_slice_066,evidence/notebook10_corrected/seed_2026/supervised/medseg_slice_066.json,74ed9609e9d6ae26c39eee28301dc857ba57db98cb83e196c18da508ce1f6541,90bd0e396d4496086e1a7832dfb230ed407815031b7fb6c08838557943d849cf,d1afc2a212ed0b7c38e01445914cdd9093fd6029f69b65d2cc046a27bfd94428,24afba620d7569d980f963ec53cc7dcbb82474aeaa8057972722786a71a8caa6,1772,1765,False,0.2163765132427215,0.4250306069850922,True,True
2026,supervised,medseg_slice_067,evidence/notebook10_corrected/seed_2026/supervised/medseg_slice_067.json,e4dfb00435459dbcd47a8319e58ca230a04fb7fd5afe6ecc48342893b4440130,da25e3994dce35c43bd05f586c032b0ab14e4a8288b55ca6abfce1f2be8ac0b5,19c0f9c961aaa8935f4aa1f03e723506ba44d727e9df2d4e17ebcb60e2a997a1,24afba620d7569d980f963ec53cc7dcbb82474aeaa8057972722786a71a8caa6,13696,13720,False,0.5671772956848145,0.4250306069850922,False,False
2026,supervised,medseg_slice_068,evidence/notebook10_corrected/seed_2026/supervised/medseg_slice_068.json,85cf7b988ae02ad240015a13dd7fda7e2b9d48d19225bee17978f66d278ccacf,611d6571ef4fc4f7661ee81f2d9e7fc82e0b44519762e3126e58f974d314b6a7,9c9f3c4fda0b9d523659e2f5962e27dc6b2a578e439d2416205047008b6b2a42,24afba620d7569d980f963ec53cc7dcbb82474aeaa8057972722786a71a8caa6,8875,9022,False,0.5942195653915405,0.4250306069850922,False,False
2026,supervised,medseg_slice_069,evidence/notebook10_corrected/seed_2026/supervised/medseg_slice_069.json,bdf7f8ae0bec2f92a41aca3859bfc9181aa6351412e7e54b8fca4043e708c578,173dc9154cef478382c0b157519d6fee70353d4cfc9171dea449104af3d052f5,dd166b45ac67930b216cae0031864538d87993057f35e4f810ed6bba43ed10fa,24afba620d7569d980f963ec53cc7dcbb82474aeaa8057972722786a71a8caa6,12613,12510,False,0.6132495999336243,0.4250306069850922,False,False
2026,supervised,medseg_slice_070,evidence/notebook10_corrected/seed_2026/supervised/medseg_slice_070.json,ac7dbf650fa4ed3f629b9abdb04ff0f295f408c04c4d24f15c6b636c705bae18,4544eaa872af69cbed8988da4d5d0c3475e23a7aaf2b01fb97f10737d582cbb4,3e1900e3d2f13af43cabcf38a273ca81547b89f5a37fd081c7ee0c34a4c9351a,24afba620d7569d980f963ec53cc7dcbb82474aeaa8057972722786a71a8caa6,12767,12507,False,0.5907391309738159,0.4250306069850922,False,False
2026,supervised,medseg_slice_071,evidence/notebook10_corrected/seed_2026/supervised/medseg_slice_071.json,85ef709cda689396ca3f6bbedb5c4af838cf05aa3a318ca50946e2cd5e92075c,17e403ea17c691de6e3ae789596346f869afeb92512e5672a15e7d8abbb9267f,ee97944266f86ed62b19818acefc270ed600ac6a9b4802b4219b190d304cdc2a,24afba620d7569d980f963ec53cc7dcbb82474aeaa8057972722786a71a8caa6,20763,20983,False,0.5788643956184387,0.4250306069850922,False,False
2026,supervised,medseg_slice_072,evidence/notebook10_corrected/seed_2026/supervised/medseg_slice_072.json,f86816c911fb7640f237b8e092aac786b3bf60cae2f92c2a9f45d32ca252b67b,2a410a9ac5ea84153d3c47b98dc566183b1b9979ab90f5c80a5d8f33642a09bf,730cbe26d51e6e8afda4b1879a0a727bb7d6e0a1a2ad968e68e273cb170e78fa,24afba620d7569d980f963ec53cc7dcbb82474aeaa8057972722786a71a8caa6,13916,13534,False,0.6176155209541321,0.4250306069850922,False,False
2026,supervised,medseg_slice_073,evidence/notebook10_corrected/seed_2026/supervised/medseg_slice_073.json,72329cb40c068e1fb9c2f4ad514181a6e34e0616b26b1850b263db01db33da92,18ed5ef2c0a1d1f7ac900b4f4b090538011062498178b1152a7a4ba447105dc1,ef268d615d288cf6a0f56ef6eb650e69a0751c6ab9ccd5de2af907bd6039bb64,24afba620d7569d980f963ec53cc7dcbb82474aeaa8057972722786a71a8caa6,6795,6878,False,0.5531438589096069,0.4250306069850922,False,False
2026,supervised,medseg_slice_074,evidence/notebook10_corrected/seed_2026/supervised/medseg_slice_074.json,d6ced8c7e9c2a80d12655332866fb5337417b551546244f1d394d7c28d8764fe,d47587d79aa5ed20903af43972eaa5bc2bb401101ad705e138ded0a366077814,65698b241c371344123cc649d6212057d0d6245b47984028ef5ffcd6c7f32cb0,24afba620d7569d980f963ec53cc7dcbb82474aeaa8057972722786a71a8caa6,3423,3465,False,0.5791141986846924,0.4250306069850922,False,False
2026,supervised,medseg_slice_075,evidence/notebook10_corrected/seed_2026/supervised/medseg_slice_075.json,1a9edaa09f72808f8749909a9aca4f6d984aa8f8dad411733087a587c4eba4f3,2b20e4b08b199c5775c6e26773d4702063487ca22eb3d447d8b6526848f9e38e,10c75927af39e57146e60dd38c50b38bd5555efd22f8dfed93ad2507efe22a0b,24afba620d7569d980f963ec53cc7dcbb82474aeaa8057972722786a71a8caa6,10426,10500,False,0.6155921816825867,0.4250306069850922,False,False
2026,supervised,medseg_slice_076,evidence/notebook10_corrected/seed_2026/supervised/medseg_slice_076.json,a01fd42987b66923d3c194647b7922b9e2d4978c6589bd43e6a303f40fd7d4df,1376dfdafb090109d5fe682f4105fd82e79722762cec0f8f008738cc4565f7a2,38eea607c06f6b2fa6f876521170f0fca0a9f693e308cde4275826b717faafb8,24afba620d7569d980f963ec53cc7dcbb82474aeaa8057972722786a71a8caa6,7421,7356,False,0.6042506694793701,0.4250306069850922,False,False
2026,supervised,medseg_slice_077,evidence/notebook10_corrected/seed_2026/supervised/medseg_slice_077.json,fbf370afd433e05dceeb0ea417ed3b92f844b08288787ce4ef7766299fd05d9a,fa404920c04ae68ad75b0b586d130242052bb7f5ed1f63fce55d47a0d9616ed5,d66cefbcf6e4763b2f0ed10825c200e6d84d2088dee6bb9af3f22fe407ea1d52,24afba620d7569d980f963ec53cc7dcbb82474aeaa8057972722786a71a8caa6,21090,21013,False,0.5724126696586609,0.4250306069850922,False,False
2026,supervised,medseg_slice_078,evidence/notebook10_corrected/seed_2026/supervised/medseg_slice_078.json,57f02b277cc8dac747bec38362ba0653ebeccfd227dd816c90b17f8ba779d659,1a23c315b6201c57f1853ae092ca71dfe151ccd85e520ab1b2a6e67f82232a72,0dab01b52bbb316065044915a1e3037dd737ffbfddbce1d375c9792c828831fc,24afba620d7569d980f963ec53cc7dcbb82474aeaa8057972722786a71a8caa6,11553,11149,False,0.6281388401985168,0.4250306069850922,False,False
2026,supervised,medseg_slice_079,evidence/notebook10_corrected/seed_2026/supervised/medseg_slice_079.json,ff91f3dba9c9798a08be76f3e344ab218ba90fb5f27fb86c199425c6ded0b601,8dfcbcc7ba15437a9ff853a0f4a546a82e6bed74f0f1c527a423e61338bd0c8d,2c99379859b85f536325ea4e378dbc8db98b068e2e0b9237dc65d1c61a3ed736,24afba620d7569d980f963ec53cc7dcbb82474aeaa8057972722786a71a8caa6,5933,5041,False,0.5973225235939026,0.4250306069850922,False,False
2026,supervised,medseg_slice_080,evidence/notebook10_corrected/seed_2026/supervised/medseg_slice_080.json,f8005564d842f53896c9f4af22a7ea55f1d6e730ee5e6621d3a76bed4dcbac38,e9cd70df971fbe33f4bd19eabaf9bcd53a492a5d57da12dc7751e69fde173bf2,9d3140a9ee29a07fc085662e54229f8424c667aa694bb6bc333d7e0d53492921,24afba620d7569d980f963ec53cc7dcbb82474aeaa8057972722786a71a8caa6,13325,13424,False,0.5761521458625793,0.4250306069850922,False,False
2026,supervised,medseg_slice_081,evidence/notebook10_corrected/seed_2026/supervised/medseg_slice_081.json,4b656b6b1088eadb1521afb1c1c67d9e8361e89df6072e12b80f6d7c82bfdc67,f15fb59625c42ab05fc0d719acc290fae7d8e54066e8197ec67b86a31cc9197b,c81181ae4bebeb291ea19d0f16930634b0a54366ebe203549e7251af3fad7f3a,24afba620d7569d980f963ec53cc7dcbb82474aeaa8057972722786a71a8caa6,4083,4345,False,0.5085489153862,0.4250306069850922,False,False
2026,supervised,medseg_slice_082,evidence/notebook10_corrected/seed_2026/supervised/medseg_slice_082.json,ff5869a6868aff550040c88bf2d1eddf6c85e63a6044fa63260db9a2d40aef65,52500249be87efa71b05d17360462f671f24acb04027fc9ad0779f281f27fe62,64bbdaef992037ab525f3012eab60d37c25f8afa8a0c6d7665a12a826a24deb7,24afba620d7569d980f963ec53cc7dcbb82474aeaa8057972722786a71a8caa6,9746,9650,False,0.4808871150016784,0.4250306069850922,False,False
2026,supervised,medseg_slice_083,evidence/notebook10_corrected/seed_2026/supervised/medseg_slice_083.json,4503be48b72b495ef187cac26961be364ebed37b8fd8a2607d9e75c95fa01621,2777c02e05128caa1569850d49d834d41bd84e0238de401ba4f506df31b190e4,49471b3d5345cea5730398a6fa0489ad91d692d7a905dad25eac31ca8f3dde12,24afba620d7569d980f963ec53cc7dcbb82474aeaa8057972722786a71a8caa6,2565,2675,False,0.451238065958023,0.4250306069850922,False,False
2026,supervised,medseg_slice_084,evidence/notebook10_corrected/seed_2026/supervised/medseg_slice_084.json,de1f13d5ad6fb6ca663251acf9c1911bcffe0098c6ca71577cee926a4c5085f1,026775d2c8e50ecb200ecf1bff2de83e631bbfb47b6c1bb2929e1837a82ee0ba,e0342e9b7120a9507e0d63effee65ba1a9abc7c980d6d711e87fce5236055aa3,24afba620d7569d980f963ec53cc7dcbb82474aeaa8057972722786a71a8caa6,3149,3081,False,0.4921354353427887,0.4250306069850922,False,False
2026,supervised,medseg_slice_085,evidence/notebook10_corrected/seed_2026/supervised/medseg_slice_085.json,8901371f6d04dba05fa22de04afaac5ba61b5411b839e2e64b88acbba2cfb741,1a83cfc87b7827614338e7584e034e4825c6b00cdd79a264856ece86db71f76d,25216ed4560e4edc0de411dd4e20e3614d44b648770287a29650e8b670ca9c25,24afba620d7569d980f963ec53cc7dcbb82474aeaa8057972722786a71a8caa6,18984,18899,False,0.577584981918335,0.4250306069850922,False,False
2026,supervised,medseg_slice_086,evidence/notebook10_corrected/seed_2026/supervised/medseg_slice_086.json,af523ba7e2929000219e25ed53a9fe3b42a66a200bc915a97649111c028d6c91,eb33c520222e906cd1928eaa6e641d93338b343871d22e726187ed3282bd7aba,53625e22f0a4950e4f53e0f6e034796e30198a50aaeb51609394226703e148fd,24afba620d7569d980f963ec53cc7dcbb82474aeaa8057972722786a71a8caa6,3720,3688,False,0.4025737047195434,0.4250306069850922,True,True
2026,supervised,medseg_slice_087,evidence/notebook10_corrected/seed_2026/supervised/medseg_slice_087.json,e4353236a888af7f762dc6958c08d24d69032d2448b9ff9041334e6090ef5e68,71b6a3474ce9d3bc1f43853c32d7f0932cd49bb2026e8a48506c61cafc8a8ebc,fcd479c6ead1dd0f7c55a829fb597f50d65306afaaaade7fe8860fab910e471b,24afba620d7569d980f963ec53cc7dcbb82474aeaa8057972722786a71a8caa6,9255,8556,False,0.5783904790878296,0.4250306069850922,False,False
2026,supervised,medseg_slice_088,evidence/notebook10_corrected/seed_2026/supervised/medseg_slice_088.json,e6e9f15c74a02c6a01a5d511df9520701a5d9928a5e2ac4e1ce5d8cbc23c5af6,54f628ad7ccb3bce4073d076c72f44ddc628531a007a24e42353f5e48de59b77,9302833feed3b6cbab7d53aacdf6f509dd260ba8f248b6aec70e1c7404bb983f,24afba620d7569d980f963ec53cc7dcbb82474aeaa8057972722786a71a8caa6,9112,10391,False,0.6397213935852051,0.4250306069850922,False,False
2026,supervised,medseg_slice_089,evidence/notebook10_corrected/seed_2026/supervised/medseg_slice_089.json,e8f6caa440511192ddf348263f9470dc11951608a6e79902bb09f9b15e3caafa,4b2b14bd7faa5bedfa75db01c2d28d18a8c76b3cf9a160f6ebf5680d2f2f117c,b3100f87aa858ccb31b640fa41d6691174f8226e7d9a9fc1483a695c7f78d3c5,24afba620d7569d980f963ec53cc7dcbb82474aeaa8057972722786a71a8caa6,868,889,False,0.2386081516742706,0.4250306069850922,True,True
2026,supervised,medseg_slice_090,evidence/notebook10_corrected/seed_2026/supervised/medseg_slice_090.json,63c61fac112e0bd18b22867b797e4aea28d4150dbcdf539b3662bc70e717a773,381278d48cabda98d106bc4223d81ce6f2d668949b128abab3387d5b0a0b20c2,ba33b15be815a210990c897f1bb9752c77a59beffc48f45f643cd510fb3e674f,24afba620d7569d980f963ec53cc7dcbb82474aeaa8057972722786a71a8caa6,4242,5214,False,0.6275715827941895,0.4250306069850922,False,False
2026,supervised,medseg_slice_091,evidence/notebook10_corrected/seed_2026/supervised/medseg_slice_091.json,5bf41314cf490c223836f1f4509b72bc57fb2cb3453c1955cd973ba20691574d,2e2ed6c8129cab6f77b3a56db9159a0dff3c09a402040bb88e812f085f409d40,4c24c0eb892e6b363e721666a862b39e02b1f051cee5c3b86fa38f7b86b7f264,24afba620d7569d980f963ec53cc7dcbb82474aeaa8057972722786a71a8caa6,8427,8402,False,0.5536621809005737,0.4250306069850922,False,False
2026,supervised,medseg_slice_092,evidence/notebook10_corrected/seed_2026/supervised/medseg_slice_092.json,757f7744d8742b38177f99236d286567f029d86940f0a6454084e62b7223b274,ac9d67f83b27a9bc11ecb219be66336dd29a551c2339ff613706a508abd07055,0603f31d111d2ce3b9cb8ffad0b03eaeaddd6ba72f2ee96a84138602d68c947c,24afba620d7569d980f963ec53cc7dcbb82474aeaa8057972722786a71a8caa6,6705,7063,False,0.602544903755188,0.4250306069850922,False,False
2026,supervised,medseg_slice_093,evidence/notebook10_corrected/seed_2026/supervised/medseg_slice_093.json,a4866a105fe2e2fac88fa1fe6647392dc49c0bd5ad8f50ebedd2a53cc11b8a17,8f6e71b6a69bbc05e72f804af8ab24b635370f68ec0717e225f526e30f5aa356,4919947026518cd4b295cd22ada6a3f8b9d45c228ed5664984da41a3407c86e9,24afba620d7569d980f963ec53cc7dcbb82474aeaa8057972722786a71a8caa6,6193,6091,False,0.5917804837226868,0.4250306069850922,False,False
2026,supervised,medseg_slice_094,evidence/notebook10_corrected/seed_2026/supervised/medseg_slice_094.json,fe96cad5acf83ef289e9327fd5655b9e709f68c00d1436e31a4e698171eaebe1,8f2050855ab04c9d92c01af93d2378678f9114fbdf6a7dd366696fd11fe1c9e4,032edb92c99e753268fd617d56e120f1bd6878769b3b00e14be0657e662cdc62,24afba620d7569d980f963ec53cc7dcbb82474aeaa8057972722786a71a8caa6,4831,5199,False,0.601196825504303,0.4250306069850922,False,False
2026,supervised,medseg_slice_095,evidence/notebook10_corrected/seed_2026/supervised/medseg_slice_095.json,5ba7e76f54d06b9b9228c44364eb237b7af157c56b4c696bc7a478e3f751b25e,8dd47a71fdd1fc0ba9e75076db4c871e78590540ede0109fd6441a70e10e30eb,c1c95cd2bf0bbfb1fd9d2b26c05c28624f3699ffd8b77649966cdca894636098,24afba620d7569d980f963ec53cc7dcbb82474aeaa8057972722786a71a8caa6,6980,7089,False,0.5768916010856628,0.4250306069850922,False,False
2026,supervised,medseg_slice_096,evidence/notebook10_corrected/seed_2026/supervised/medseg_slice_096.json,f9999eaae6b13553dfa600be4c034677f46a2dcc00ce2cf2a764647bbd2e7973,2dc2cfcafe292992cd5b95eb0d45a0cb75805f3dc41e36949537fd1251d26a76,a1648c33e821d186bda9832c608d9b183933371a90e1468217710305f750a7f9,24afba620d7569d980f963ec53cc7dcbb82474aeaa8057972722786a71a8caa6,27214,25051,False,0.6580567955970764,0.4250306069850922,False,False
2026,supervised,medseg_slice_097,evidence/notebook10_corrected/seed_2026/supervised/medseg_slice_097.json,6d378b8741b21a7d4be1d971fee68dc5f9aed9d6cf59d37e504d2d74ba15f711,804ba71bf2ef9fabd78bf16e9e974e7b517c29651650e25d742d5d7f390448d3,89d863e6134a66a4e20e120dbc4a5b6d56ac0fa5ccca5e0e504da5c626e02ef3,24afba620d7569d980f963ec53cc7dcbb82474aeaa8057972722786a71a8caa6,5307,5065,False,0.5342114567756653,0.4250306069850922,False,False
2026,supervised,medseg_slice_098,evidence/notebook10_corrected/seed_2026/supervised/medseg_slice_098.json,64af72f930b422e0582a56ad1d8345d751d90c9dd5a1f4d516443263eb37d924,5cca738fe3754447379d593b74b1630e47b03422bebe1952646b90f0dfa17104,4f217c0b2cbd93465e92608f3cfd80c73a5134429d6879e2bb81cfdfd82497bc,24afba620d7569d980f963ec53cc7dcbb82474aeaa8057972722786a71a8caa6,15518,15111,False,0.6636825203895569,0.4250306069850922,False,False
2026,supervised,medseg_slice_099,evidence/notebook10_corrected/seed_2026/supervised/medseg_slice_099.json,c06fa5667b3cdf2bc9163422d130c83159dd55f9180f3316f1799addde6356e6,451ff5a5de6e98464e9a72f2053fda7c31ad6cc8ce01f49f8072529ad90cb9c6,e21ba1e8e492e67209d6742ed94bfe9f0c6938fc88f744aa822bfb9dbafb926e,24afba620d7569d980f963ec53cc7dcbb82474aeaa8057972722786a71a8caa6,8289,8880,False,0.5860613584518433,0.4250306069850922,False,False
2026,confidence_only_ema,medseg_slice_000,evidence/notebook10_corrected/seed_2026/confidence_only_ema/medseg_slice_000.json,9c70d752376104a7c9cba34197a3cb3a4fa726fc5d478c38444af67eef901987,b44ef2c7f8ff2d4eb46c0358fc7d75bae4affa13021f6dd0c440db145c48ccb0,8cfbfd550abdeac4196cc08de2fff604f73d717feeb44b060c1a416c117d6038,d7cd9310594f89057e6b64d191f2cb837cca0b149ccf0d1f2666985cd0eee933,37503,36976,False,0.5910444855690002,0.4483832478523255,False,False
2026,confidence_only_ema,medseg_slice_001,evidence/notebook10_corrected/seed_2026/confidence_only_ema/medseg_slice_001.json,ca3c0773d5751bd4e22a6ff399dedcbfde1d71a0c7ddb44ff36caa869a0969ab,e571d08ce7190f80e9e3f0f84a27cf9107c39bd2c66aeb08b9a4f8ff05ec421e,5682a1cec013fe4e8bff9f0281db68942ae18b981fbdc8c43e2bca0d1aa68214,d7cd9310594f89057e6b64d191f2cb837cca0b149ccf0d1f2666985cd0eee933,44639,47121,False,0.7027614712715149,0.4483832478523255,False,False
2026,confidence_only_ema,medseg_slice_002,evidence/notebook10_corrected/seed_2026/confidence_only_ema/medseg_slice_002.json,67234c31ff98f2bc45a8ee98a38f7db29f4d764530c50e4c37c03b381cbbc3db,a83a4c0bde6cf92d6f78db7564887bf2d0607df421c52476525fd532e6ef2111,50586119c5eea88476ce4e7be40c9bdd61a3c7c36c94c818953358a2e909d8b6,d7cd9310594f89057e6b64d191f2cb837cca0b149ccf0d1f2666985cd0eee933,847,866,False,0.1967059224843979,0.4483832478523255,True,True
2026,confidence_only_ema,medseg_slice_003,evidence/notebook10_corrected/seed_2026/confidence_only_ema/medseg_slice_003.json,db337be1adc0462b7a54e93a6189a4e9a82579aaa19290dd74a69c8cb6b458f1,6a05e0202644ff0edc9e7d0117462f77b7f7be072d7c67cc0b9a83fbf9c2712b,07513e07a7ee60e6b4d3d6e44ef8b61071c03c19ab11c3b3e156fe5cdb5f6896,d7cd9310594f89057e6b64d191f2cb837cca0b149ccf0d1f2666985cd0eee933,16270,16239,False,0.6470001339912415,0.4483832478523255,False,False
2026,confidence_only_ema,medseg_slice_004,evidence/notebook10_corrected/seed_2026/confidence_only_ema/medseg_slice_004.json,ecfe1e1cdbc6c8f7b7e7d664ff2c6ab70ac2542ff646f110c5d1eb6db6d26cfe,b3908a7a85943e8479c7be67e3b63e7952cc8d635f288f687d585f77c8dc14d9,0202269925d1b5d28f40cca699e2d4199399bac0f7919db8a35533145c07fa92,d7cd9310594f89057e6b64d191f2cb837cca0b149ccf0d1f2666985cd0eee933,13192,13312,False,0.6382073760032654,0.4483832478523255,False,False
2026,confidence_only_ema,medseg_slice_005,evidence/notebook10_corrected/seed_2026/confidence_only_ema/medseg_slice_005.json,0b19e94d9e77b1fd5b3f3d15a5ae9ab100687f542970cecc3cbee753c52a3b2a,af2ad96bbf24e5a6cc75e151b4307234ab112e13a0fe54710c994a93d64d5c10,8e9a03a4b9c4a55b0b205e37feb518cffc8ee4e000dfcc91e7043f2229666de2,d7cd9310594f89057e6b64d191f2cb837cca0b149ccf0d1f2666985cd0eee933,6534,6250,False,0.5695792436599731,0.4483832478523255,False,False
2026,confidence_only_ema,medseg_slice_006,evidence/notebook10_corrected/seed_2026/confidence_only_ema/medseg_slice_006.json,6369584b895f9d748853eeeca3ebd7751668d236e0010c22f36f013fed41461f,516fb37f4234a91e854eec43b160b1096141be8f4f0c53f02f0b132efb09c542,f61165ab5d4afeedb530df11be72cdd9603da0b239097f9f3a87502ec591b12e,d7cd9310594f89057e6b64d191f2cb837cca0b149ccf0d1f2666985cd0eee933,8057,8199,False,0.5132368803024292,0.4483832478523255,False,False
2026,confidence_only_ema,medseg_slice_007,evidence/notebook10_corrected/seed_2026/confidence_only_ema/medseg_slice_007.json,3fb39ff8bfd7806801f0747ee0a5344ed50a117012eb253f32f003a1d042c0c8,da68396b1640a1b722af4808aa8ff224ca07504b8deaaef2fbf4ee008a8140a5,5a18deef0b751bebd65c152b0199d027b08cb15d96eca05cf510d8528b21859a,d7cd9310594f89057e6b64d191f2cb837cca0b149ccf0d1f2666985cd0eee933,36956,40023,False,0.6237419843673706,0.4483832478523255,False,False
2026,confidence_only_ema,medseg_slice_008,evidence/notebook10_corrected/seed_2026/confidence_only_ema/medseg_slice_008.json,35e289c09be954864438ba588af97f0936e68f89828f9a43357640c894e4ae37,79465d5cc370a5be742d3599d594e51e01467820a2b97d21490e63e9e6e0de52,59082a983a0ed2847af527d376886855d1d8691e64ec46b4782eeb57cfcda6b7,d7cd9310594f89057e6b64d191f2cb837cca0b149ccf0d1f2666985cd0eee933,54031,54240,False,0.6026349067687988,0.4483832478523255,False,False
2026,confidence_only_ema,medseg_slice_009,evidence/notebook10_corrected/seed_2026/confidence_only_ema/medseg_slice_009.json,f5171e2ef8d8b7915f5a963f66be426eda7e8e8cce2d42eca1eb3949013d31e9,8126b2e2bc2ec9c708eaacdf05ca723f53a114c9bd3790b191d140cb105b1ffb,542caccdc11708c78a1c7470ac8c387513ca226ef7e1b6a1c4d11fea184bb2d3,d7cd9310594f89057e6b64d191f2cb837cca0b149ccf0d1f2666985cd0eee933,27839,27609,False,0.5939227938652039,0.4483832478523255,False,False
2026,confidence_only_ema,medseg_slice_010,evidence/notebook10_corrected/seed_2026/confidence_only_ema/medseg_slice_010.json,5ad4c36a9087148d89d492607b9e2756dea8c1f75ed2ce350061ac91dabe31dc,a8b1372d3fb351e2e26b8e6c40100f02cfdf03b5a8a094c406d80dcce17de21e,36ca0f2ca15fb071b9edf4a4bd13d0cb1d02a314941eeefda903c76d6917f642,d7cd9310594f89057e6b64d191f2cb837cca0b149ccf0d1f2666985cd0eee933,23486,22442,False,0.6455357670783997,0.4483832478523255,False,False
2026,confidence_only_ema,medseg_slice_011,evidence/notebook10_corrected/seed_2026/confidence_only_ema/medseg_slice_011.json,df8280ddb10f3ff29ee61001b40f5ead3a38562361e2d35789fc6510b63f9692,941d1b91ce054ba75f295f8a8809a50a04d261a7952e8dc22e0046478ca93d69,d2fc39c00e65fa31471dcc458c304e959ef2e4441e266eaa5ad26e854e02762d,d7cd9310594f89057e6b64d191f2cb837cca0b149ccf0d1f2666985cd0eee933,15914,16306,False,0.6166983842849731,0.4483832478523255,False,False
2026,confidence_only_ema,medseg_slice_012,evidence/notebook10_corrected/seed_2026/confidence_only_ema/medseg_slice_012.json,c97bd4a554595b7e5ddc23ac89bfd7e5dcecdba0240bc19245c38c9e680f7668,f22d417a5fbbd9ed5644a3b7fc1e13bdde3df2c88d30bb9439dd1bdf56e5d05c,3a4ebb3b0a25e451b8dea97a96a182013e0ba7e274796b08e0854b7b7ce8985e,d7cd9310594f89057e6b64d191f2cb837cca0b149ccf0d1f2666985cd0eee933,19211,19350,False,0.5764133930206299,0.4483832478523255,False,False
2026,confidence_only_ema,medseg_slice_013,evidence/notebook10_corrected/seed_2026/confidence_only_ema/medseg_slice_013.json,cec4c8e552e120979d33408cf6feae74ec412545d3c0457bc1ec6475cc8e4302,dea377d9f46f5a3fe79292ddf7ad5196236298876d42cfe2a51e2ee17c5c3924,503e1cff0c42bbef3529ab5b6c0a2e0d89ee875d3034fe335b420b7d3a35c918,d7cd9310594f89057e6b64d191f2cb837cca0b149ccf0d1f2666985cd0eee933,25040,25339,False,0.6291263103485107,0.4483832478523255,False,False
2026,confidence_only_ema,medseg_slice_014,evidence/notebook10_corrected/seed_2026/confidence_only_ema/medseg_slice_014.json,b16b73b9d0e6e1818928bd93ad5e0c114db1d2982ed07f24ef815d9abd1941e6,8f139089de3c9bc56ebed8b37af5167f32660014f2d19599d91a34a6c4f27161,2efef0b44ce791458daf6f65b931e548ea97c12d5e69e7ec312659cf77836347,d7cd9310594f89057e6b64d191f2cb837cca0b149ccf0d1f2666985cd0eee933,17912,18367,False,0.6409839987754822,0.4483832478523255,False,False
2026,confidence_only_ema,medseg_slice_015,evidence/notebook10_corrected/seed_2026/confidence_only_ema/medseg_slice_015.json,c9a32ea22e6f4f84244274654147fe21fc147e7bb84ef83dbef68a536160adbd,582b5ca7348736a56bc23f381b5a0e3cac5862102bc2d6fde657e6e75a6f710d,09eb74aaed090525797a691164c69319522c9bb8ddd5da47ca318e975f5024d3,d7cd9310594f89057e6b64d191f2cb837cca0b149ccf0d1f2666985cd0eee933,27247,27660,False,0.6134145855903625,0.4483832478523255,False,False
2026,confidence_only_ema,medseg_slice_016,evidence/notebook10_corrected/seed_2026/confidence_only_ema/medseg_slice_016.json,c896bc8e61df826a4d7478d591b3a968ebc2bf211445505a297a2c354e5e3f62,fdc4a85404bed33b5dfd484fe4fd1969f30a7cbf7fc988790259cdf9c7644654,a9e3e8c2a7ea75ba147aa9da03b6bada2ccb6ad3e55e0ad17b3966c5837fbaa1,d7cd9310594f89057e6b64d191f2cb837cca0b149ccf0d1f2666985cd0eee933,4991,5250,False,0.5662170648574829,0.4483832478523255,False,False
2026,confidence_only_ema,medseg_slice_017,evidence/notebook10_corrected/seed_2026/confidence_only_ema/medseg_slice_017.json,3df46b9eea211e90d6cf566e0d93a47f456a4539e0a3fb1042bd312cadcaf1b0,7775c778bdd582ab20aa3afc83ffd03773fb40a232562bc402343fc1e693ecd6,771de700c06d6d57ad9dbd494b1b12b277428927e97347f9e8921aa66215a09b,d7cd9310594f89057e6b64d191f2cb837cca0b149ccf0d1f2666985cd0eee933,13051,13171,False,0.6528221368789673,0.4483832478523255,False,False
2026,confidence_only_ema,medseg_slice_018,evidence/notebook10_corrected/seed_2026/confidence_only_ema/medseg_slice_018.json,a1fd39d04a9190978037962c0e074d68f5451217e3458b3701df6a84d2326c77,56deb1aeba7d7848cec70b0c7e0e55fd875b43962ca976c935bc90ffaba047ce,ffd95b30c13f5047f50f4aa2307311103e676f1c0a3431763e5768db486ee3e4,d7cd9310594f89057e6b64d191f2cb837cca0b149ccf0d1f2666985cd0eee933,15117,15160,False,0.6279196739196777,0.4483832478523255,False,False
2026,confidence_only_ema,medseg_slice_019,evidence/notebook10_corrected/seed_2026/confidence_only_ema/medseg_slice_019.json,357c674287712bd83b3c43472c25bccf60de78dc793e18ab794d389bd296d0ec,5350c75b58c51fd8d7e962094df0b534d4ca835998c419e0b1cf02bd6bc530ff,a1314fb78098f417ef0a14ec1ff8ad519ba8b3927f44317171c884014efc2158,d7cd9310594f89057e6b64d191f2cb837cca0b149ccf0d1f2666985cd0eee933,38947,39478,False,0.6594719886779785,0.4483832478523255,False,False
2026,confidence_only_ema,medseg_slice_020,evidence/notebook10_corrected/seed_2026/confidence_only_ema/medseg_slice_020.json,a953a2ad0cb21eda42d52aa42857b53f21c2e334a52f7ce08221189ad9fa5bb7,18b4eaa7ad5b66d486f8b995ccc6f893216f79cee8783310444dd7d5c8d9353d,32385184a8965ad0e885a5b0f3dcab9353feb6f9799ffc43a4b23223dd493e95,d7cd9310594f89057e6b64d191f2cb837cca0b149ccf0d1f2666985cd0eee933,9424,9718,False,0.6239756941795349,0.4483832478523255,False,False
2026,confidence_only_ema,medseg_slice_021,evidence/notebook10_corrected/seed_2026/confidence_only_ema/medseg_slice_021.json,1969684ecdfe779215ffc3bbb1651e62172503a17f59fcd3b4dba765c017aa05,81aa23526708a85a4a1d06f3b6881b609b51f7d5f585ba6d81a869615d98c475,d40b0ff16e7c67d7b7c71dee9bf9025a4406ddd7d87cacbc2975dc49ecab80ec,d7cd9310594f89057e6b64d191f2cb837cca0b149ccf0d1f2666985cd0eee933,19231,18566,False,0.6629909873008728,0.4483832478523255,False,False
2026,confidence_only_ema,medseg_slice_022,evidence/notebook10_corrected/seed_2026/confidence_only_ema/medseg_slice_022.json,6fb3c665280d5ce03c53bb7811b5df7a0a0a6398e378c55c442c1046536053fa,64ee0cbad7d15a836dae2c915c0907accbad8d9ce932dca1a347e449c8125b63,31675f4fc548819c94ee8afefca6145b00d538b21d39ed8c50ce5004e28e7f96,d7cd9310594f89057e6b64d191f2cb837cca0b149ccf0d1f2666985cd0eee933,1747,1199,False,0.5226132869720459,0.4483832478523255,False,False
2026,confidence_only_ema,medseg_slice_023,evidence/notebook10_corrected/seed_2026/confidence_only_ema/medseg_slice_023.json,04866ee7244b019fc79bc733dd94b7861333eac8fe76db27fc5204b6231582f1,9af7705482ff778f22df10e76dbde4bab2e80cf71faffcd88908b3e60e8c8d49,a11a2e6d94369429700a37393f65378f67ca46cedd4db18e37201cf21df11e9c,d7cd9310594f89057e6b64d191f2cb837cca0b149ccf0d1f2666985cd0eee933,11198,11369,False,0.5560257434844971,0.4483832478523255,False,False
2026,confidence_only_ema,medseg_slice_024,evidence/notebook10_corrected/seed_2026/confidence_only_ema/medseg_slice_024.json,b9af27e4bff8f5ad15b001b3e2c3b9b09aaa8d90dace29824040c7f63855541e,ab8bc522616ae39913d84db14bb5d7e8ea6c3286e016cdb6b4d038bc66e6df9a,e0931afeb474a88b415885ca5d07d6970a59cb4476f769fe2531533e64bd2fcb,d7cd9310594f89057e6b64d191f2cb837cca0b149ccf0d1f2666985cd0eee933,5553,5395,False,0.6041758060455322,0.4483832478523255,False,False
2026,confidence_only_ema,medseg_slice_025,evidence/notebook10_corrected/seed_2026/confidence_only_ema/medseg_slice_025.json,699959428176eebf79cefe9911c1a1b9765237331a75066ef50478e905b5836b,2f45dd8fe78fd78812c326ca9449b33ae769db450dca0469ed15a41ef19d46d0,f570238dec8b7dd959bd819c7c9b9ddb45eb9a587ec24d0fbeeaa88bba7595c5,d7cd9310594f89057e6b64d191f2cb837cca0b149ccf0d1f2666985cd0eee933,34480,34536,False,0.6536288857460022,0.4483832478523255,False,False
2026,confidence_only_ema,medseg_slice_026,evidence/notebook10_corrected/seed_2026/confidence_only_ema/medseg_slice_026.json,5c67e9cd4f2c5230b78c4973b2e0aa151f4e08c8241a13436161add511dabb2a,6e134155fe1a0ddb2e32d25c2b36e4dfe6b57d525f22bdbebac02edfe0f7681e,55ae83cf740892101f829f4c6ef65bcedcafafd082028681b978f01f880151fe,d7cd9310594f89057e6b64d191f2cb837cca0b149ccf0d1f2666985cd0eee933,9239,9181,False,0.5426909327507019,0.4483832478523255,False,False
2026,confidence_only_ema,medseg_slice_027,evidence/notebook10_corrected/seed_2026/confidence_only_ema/medseg_slice_027.json,1df7f90d7f2c5da12c8220237c35ca9882ef0ae03f0666230a12344086a57b70,c8eaf82c83154dd8158c7e1a0e512bae8f17583b66170cd7ed653d0138faa54f,e277c439339e4c1fd24d6011da0a6b8c81a838436b6600f5ebd63c7425727ac1,d7cd9310594f89057e6b64d191f2cb837cca0b149ccf0d1f2666985cd0eee933,7819,7659,False,0.5809671878814697,0.4483832478523255,False,False
2026,confidence_only_ema,medseg_slice_028,evidence/notebook10_corrected/seed_2026/confidence_only_ema/medseg_slice_028.json,9c7cae01ce7ed4ecfacacd732a95e0d398b50191edea8803aea7584cabb27ce5,a27464836bd308a475a125fa843754a105e600bb2ad4b812edd6f5a56d1aa211,ff7c1a64ffbbd2be38151682b7784162117aa9f3c79bfe6451b74e6b50a608e1,d7cd9310594f89057e6b64d191f2cb837cca0b149ccf0d1f2666985cd0eee933,14938,14776,False,0.5732510089874268,0.4483832478523255,False,False
2026,confidence_only_ema,medseg_slice_029,evidence/notebook10_corrected/seed_2026/confidence_only_ema/medseg_slice_029.json,fd6b368eafd8794e6a4e95a5e69c0c4119a9d973d8072e0859deb33294ae4a29,33f8db11afe1c7eb5e6b62468eba9718dec4c8c697e2bf6bd50db334f5d41501,f2992837360131a3356c3c9afe5f1eefcb92258180a180dad83432c5fe5d2e31,d7cd9310594f89057e6b64d191f2cb837cca0b149ccf0d1f2666985cd0eee933,55872,55565,False,0.5713988542556763,0.4483832478523255,False,False
2026,confidence_only_ema,medseg_slice_030,evidence/notebook10_corrected/seed_2026/confidence_only_ema/medseg_slice_030.json,5a1cf98e63d9f2e35751fece1cf49d606491f4578f323bf5847c34c4ec8a7dd2,6d1c3d9a2f370934ad345b4a33296a76f85147d0dec6a96b636c1d011b4dda94,18ca91c62b02cfc280af1208e664b2f222bc7d5a2f3fbdcbf067d1aac12bac10,d7cd9310594f89057e6b64d191f2cb837cca0b149ccf0d1f2666985cd0eee933,22632,21285,False,0.6029168367385864,0.4483832478523255,False,False
2026,confidence_only_ema,medseg_slice_031,evidence/notebook10_corrected/seed_2026/confidence_only_ema/medseg_slice_031.json,78d9e803682b51f516cfe9cbf8b9b9d136aba17cf6554ee41ff8cef3fb9f2cd0,991cb01759b8dbda7afbd6424ced95443902778d16681e21b293708db7fd55e8,90be1228e59fca3ce508a578dd0650ada915ccda191b223b8263193ce2f9ef9f,d7cd9310594f89057e6b64d191f2cb837cca0b149ccf0d1f2666985cd0eee933,24777,25085,False,0.6371234655380249,0.4483832478523255,False,False
2026,confidence_only_ema,medseg_slice_032,evidence/notebook10_corrected/seed_2026/confidence_only_ema/medseg_slice_032.json,84f8c84f2e019194d84ba93098ef8fcc6191e56c9a0948fe4c2240084f5f023c,f292b8fdbbbc83332748ca351fa281ae14bfbd711d6a17a3f2ee9803d38e7c6a,9e6c427ffcf694bb19d3bd15b1a2d3e01257ec2cc9b1f1c482ab202f6023f7fa,d7cd9310594f89057e6b64d191f2cb837cca0b149ccf0d1f2666985cd0eee933,55827,54217,False,0.5864408016204834,0.4483832478523255,False,False
2026,confidence_only_ema,medseg_slice_033,evidence/notebook10_corrected/seed_2026/confidence_only_ema/medseg_slice_033.json,5c3fc6702905a06619d5b53adf74302a3bd0baa4427679230d821ddf3be0caf9,4bdc25659921942b0073cc584192a52c6246d92a61d9eeb454dc05f7e9ccbdbc,4a86d2e787c66257f160bb5860825c97f9d01c02ffffdb167b3d64610eefc92d,d7cd9310594f89057e6b64d191f2cb837cca0b149ccf0d1f2666985cd0eee933,5115,5293,False,0.6829248666763306,0.4483832478523255,False,False
2026,confidence_only_ema,medseg_slice_034,evidence/notebook10_corrected/seed_2026/confidence_only_ema/medseg_slice_034.json,06ac3667a2039dc9eda682b769c07c0737ec50407c21f047d455ff3bf66f7f27,fa92ecb25062aa754d4d9a19e5ee08d7253265278db40d20103165636e62d96f,7e3f04e0c1ac3086b01c5d7f39e458d6581bcf3de895f42b5391664e177a2b07,d7cd9310594f89057e6b64d191f2cb837cca0b149ccf0d1f2666985cd0eee933,27399,24475,False,0.6653636693954468,0.4483832478523255,False,False
2026,confidence_only_ema,medseg_slice_035,evidence/notebook10_corrected/seed_2026/confidence_only_ema/medseg_slice_035.json,9c11e5dac04141ad46928b86b11db93d25124a124699358464bb815f96ffc1c6,d20e77f5482d23ee3df3b2b3003d51c3aae144d1c4f8c557cd4c6b49e07dacbd,e0485f9e42aead1e29ce89a2da806cf52f563a8363c8f29c180ddccf44ddeaab,d7cd9310594f89057e6b64d191f2cb837cca0b149ccf0d1f2666985cd0eee933,15507,15214,False,0.5971183180809021,0.4483832478523255,False,False
2026,confidence_only_ema,medseg_slice_036,evidence/notebook10_corrected/seed_2026/confidence_only_ema/medseg_slice_036.json,38b6d5ad50e9b3daf05c5ecb073535b19edb02feaa0208ed35a03481405b9688,615ede383872d94b4a833ee952ccb931871ed330c0a519daf35f47f5996e83a0,4a41f4ecb1f517ee1468e667e351eada248754a5deae5315b993bf4bde07ac65,d7cd9310594f89057e6b64d191f2cb837cca0b149ccf0d1f2666985cd0eee933,17696,17735,False,0.6015653610229492,0.4483832478523255,False,False
2026,confidence_only_ema,medseg_slice_037,evidence/notebook10_corrected/seed_2026/confidence_only_ema/medseg_slice_037.json,fbdb35de0d38c155737b3a83ee95f23bd721cd1d86f38671fef59384aa382ce8,7dea0c2ba5c3bcf88de9c78871733bac5d9af9a1c6847872d8d9ebc9f2c53456,6a9ad21c2812b481b61766b4d5a281bc155efb68d5caacf28cbb3c3554d12457,d7cd9310594f89057e6b64d191f2cb837cca0b149ccf0d1f2666985cd0eee933,20463,19632,False,0.6268179416656494,0.4483832478523255,False,False
2026,confidence_only_ema,medseg_slice_038,evidence/notebook10_corrected/seed_2026/confidence_only_ema/medseg_slice_038.json,d9e04269ac1e4156f9436510abf7808137ca55d48b6e7a06d690576c86bef845,86b5cc9a8600d01a664a40c852886ea6364e258a1b2bff81eb7256b62c297e0e,5d88aa3cc2f316ada92d6720c1742294f2fdb3e24195c7bf64738d9d6eaa4df8,d7cd9310594f89057e6b64d191f2cb837cca0b149ccf0d1f2666985cd0eee933,15949,16522,False,0.6551451086997986,0.4483832478523255,False,False
2026,confidence_only_ema,medseg_slice_039,evidence/notebook10_corrected/seed_2026/confidence_only_ema/medseg_slice_039.json,44123180bf66e3c438be3943987d7de8ad320d9c9797864b4169d00efa7142b7,0fcf785cd38185d0d087ef0ffadec9a1d66e67ed54e57ee1dd04a21f0ebab134,9cb3f074fcdea50ed33ae5d59d27bef1c2a2012976afc119a975a394a0481461,d7cd9310594f89057e6b64d191f2cb837cca0b149ccf0d1f2666985cd0eee933,52622,50623,False,0.5779982209205627,0.4483832478523255,False,False
2026,confidence_only_ema,medseg_slice_040,evidence/notebook10_corrected/seed_2026/confidence_only_ema/medseg_slice_040.json,8e37ec6ff90304b12404357e7c8e46a7d122ea80f42b9f9d8f092f63aff4c307,6c78bdd3cbbd2242af2d95d81389bf5a7ee7c6567a18829785e3b39d8afffb6d,edc89bf4572be9b4bebfb42ad7d907e35c6bbe2f175c50532d8eb685a1aad2b4,d7cd9310594f89057e6b64d191f2cb837cca0b149ccf0d1f2666985cd0eee933,8040,7784,False,0.5656088590621948,0.4483832478523255,False,False
2026,confidence_only_ema,medseg_slice_041,evidence/notebook10_corrected/seed_2026/confidence_only_ema/medseg_slice_041.json,7d1901b1d8e64c7f9731c403f62fbfeabed5c9ffda40a0c6d1c9b4c5cf05e863,9c75b70c6327bf6e31fa3135b9fb0fcf3ca9fc30aa896550f0a942436f56e3db,e7a30bae8e9b95e0a686318e5f09ca8ecf1ece25480e3e5e8ea61c51f6969c15,d7cd9310594f89057e6b64d191f2cb837cca0b149ccf0d1f2666985cd0eee933,26171,26118,False,0.5699894428253174,0.4483832478523255,False,False
2026,confidence_only_ema,medseg_slice_042,evidence/notebook10_corrected/seed_2026/confidence_only_ema/medseg_slice_042.json,52d29ff9b74124827907e6e52f434db64ecd375bf367eab75ab6e01c6488965d,0cc526956ec56831244b119eef0c69ac7ca108b7c0a3ea2dfa55bf5f2d6d3163,cb9a962b669d2a5e1cab275eb7b18529350f6191f50e18b490698b96291b5cee,d7cd9310594f89057e6b64d191f2cb837cca0b149ccf0d1f2666985cd0eee933,31896,32746,False,0.6630885004997253,0.4483832478523255,False,False
2026,confidence_only_ema,medseg_slice_043,evidence/notebook10_corrected/seed_2026/confidence_only_ema/medseg_slice_043.json,507858e361fb59cee7d6af71593825372aa44743e875ee09b9908bd2116697a1,46432f1b9e86148c029fd9a47a636c704041b9b36fa269c4e95a0377b73f6574,c08809c8c9ff3b4ea745571f130c92aaefa6fbf43447952d70468a2054665bf6,d7cd9310594f89057e6b64d191f2cb837cca0b149ccf0d1f2666985cd0eee933,21149,20846,False,0.6203896999359131,0.4483832478523255,False,False
2026,confidence_only_ema,medseg_slice_044,evidence/notebook10_corrected/seed_2026/confidence_only_ema/medseg_slice_044.json,68d7c1e4dddd0d1e31bdcdac70aea829725abedcc6c6405ee3e0f6bddb860b7c,62327805fe0bdcfca5d4229bdfd4d6ca113527e54d34b52fbb84daeae6649cff,7a6f3000225a1b85631ae941959c425d05c0ed34e19fd473ae29c3adc3889b3e,d7cd9310594f89057e6b64d191f2cb837cca0b149ccf0d1f2666985cd0eee933,6984,7152,False,0.6516188979148865,0.4483832478523255,False,False
2026,confidence_only_ema,medseg_slice_045,evidence/notebook10_corrected/seed_2026/confidence_only_ema/medseg_slice_045.json,8e9d88019ebf4e29019a791c678b128edb0f3923e66b21aedf0a2453007865d7,6051c48383f7b9e17ac4b8f6b5d55884691b44daca2e40200599b9ee71e628f6,9a50b6cdd60706e2ef504c31467e9cb4ed6581fb0926d1d10d2ff3b869aade9a,d7cd9310594f89057e6b64d191f2cb837cca0b149ccf0d1f2666985cd0eee933,32296,33365,False,0.6556455492973328,0.4483832478523255,False,False
2026,confidence_only_ema,medseg_slice_046,evidence/notebook10_corrected/seed_2026/confidence_only_ema/medseg_slice_046.json,716904c94e31a964d4b9756c9ddd21dbe27129d68e1cee215ff87cc8ffcff766,2eb1583cef892b6dd50a263c31d011298400fe917978ee2af035d4f906e8044a,378a39ed7b168a6af07e2947929e4b0d0ecd79772ea05cddc8e8e600a56e5ede,d7cd9310594f89057e6b64d191f2cb837cca0b149ccf0d1f2666985cd0eee933,7007,6661,False,0.605722963809967,0.4483832478523255,False,False
2026,confidence_only_ema,medseg_slice_047,evidence/notebook10_corrected/seed_2026/confidence_only_ema/medseg_slice_047.json,c71cee9b2cef4efcd57e8c7f0cb9890328a43cbc583646fe600aa09872d5fb0e,599f52419ba04d8654b279eb242d7adf8cd8808efb441c346c1d48645e8884df,cbae122b9137bb6d6758541fa08f062c024b9927c5cf1f02efa1b17a936928d5,d7cd9310594f89057e6b64d191f2cb837cca0b149ccf0d1f2666985cd0eee933,29648,29481,False,0.5681958794593811,0.4483832478523255,False,False
2026,confidence_only_ema,medseg_slice_048,evidence/notebook10_corrected/seed_2026/confidence_only_ema/medseg_slice_048.json,626d9ce0d06db192a0b0d36eaf2fb48f77d7c0ff20575d7e73c3691d38d2299c,1a0a4f94eb8c89cf9c9f6518cff762ad4cc84f36cc4aad40fe7a5077d06383c6,035e7237a6ed988e3ff973e1012704247615cf9a5155d78050922d809da74f49,d7cd9310594f89057e6b64d191f2cb837cca0b149ccf0d1f2666985cd0eee933,76,12,False,0.534666121006012,0.4483832478523255,False,False
2026,confidence_only_ema,medseg_slice_049,evidence/notebook10_corrected/seed_2026/confidence_only_ema/medseg_slice_049.json,821e1070c7e070ebf43b90176d8343674730851dbddbe8c93ae1c1229194a798,bfe5c22279be9fd16e131ffcf4c45716f555a80e8bf2cf5548a138f7a04ad198,3e74ded150d7283b2684f8fcbce13d27a27e67ff75484347bac3ffbade6cd98f,d7cd9310594f89057e6b64d191f2cb837cca0b149ccf0d1f2666985cd0eee933,9559,9639,False,0.658363938331604,0.4483832478523255,False,False
2026,confidence_only_ema,medseg_slice_050,evidence/notebook10_corrected/seed_2026/confidence_only_ema/medseg_slice_050.json,2f621eef984b32a7703c629941e5443a0c89282201893edec82b8f64ba2b447c,6555903cfc6d3803550ef86433f64485518329216c578b6289e9181ac0397950,4d563222b0f6839df47fda349f18321358d873c58cfa55b056456dfaa1b30cfe,d7cd9310594f89057e6b64d191f2cb837cca0b149ccf0d1f2666985cd0eee933,16853,16911,False,0.6233034133911133,0.4483832478523255,False,False
2026,confidence_only_ema,medseg_slice_051,evidence/notebook10_corrected/seed_2026/confidence_only_ema/medseg_slice_051.json,f35f6ba9d26b28c972848b69dbad4104904a78700e32ea97981683debc829b91,3df139597aa1b0ae7da043646935a1da1ae062c7566a524db57f1474892ab158,11995ed9c624ba448d28b3928051c73e66121352618be7598e7c6e2ad902717f,d7cd9310594f89057e6b64d191f2cb837cca0b149ccf0d1f2666985cd0eee933,70426,70479,False,0.6133140325546265,0.4483832478523255,False,False
2026,confidence_only_ema,medseg_slice_052,evidence/notebook10_corrected/seed_2026/confidence_only_ema/medseg_slice_052.json,f11c859cb0fb149b315b52cc33b3c2c8ac69616e39e27d0bdd4d85525ea1050e,947d10c4f46f27d4b12ef9b1fa165636306c8991c21e9225c4fb1b2bb00a6ca9,41bc1787dc1c7a194a0446a77414a89937ce93ac55b4e109a88c6a4eda6032f1,d7cd9310594f89057e6b64d191f2cb837cca0b149ccf0d1f2666985cd0eee933,4576,4884,False,0.6772258877754211,0.4483832478523255,False,False
2026,confidence_only_ema,medseg_slice_053,evidence/notebook10_corrected/seed_2026/confidence_only_ema/medseg_slice_053.json,0028ece518eab3cb35d67807066f2375f9044774ee8d400dcf26e491408c816e,6b77c6872f4cba2318444a68c589acd81a42ac9e5c650c9edabd258fe66225de,51c410c7b218ac3a2dc8b2559a315765960470c1928dfc4e669feabdb49e501d,d7cd9310594f89057e6b64d191f2cb837cca0b149ccf0d1f2666985cd0eee933,48290,47401,False,0.6165782809257507,0.4483832478523255,False,False
2026,confidence_only_ema,medseg_slice_054,evidence/notebook10_corrected/seed_2026/confidence_only_ema/medseg_slice_054.json,f5eea8bfd845a7bc43cacf0102792b645ed23d97409dc0fae3992f355259027b,bed928cf09892a2e88c9b802bc0786a408ad642d4573a641024b32f6d69369f3,74a6621f42f4c1f4cae8b0b4a5a12a589ce76a176bb3de10a280bc0a004e290e,d7cd9310594f89057e6b64d191f2cb837cca0b149ccf0d1f2666985cd0eee933,12707,12616,False,0.5279819965362549,0.4483832478523255,False,False
2026,confidence_only_ema,medseg_slice_055,evidence/notebook10_corrected/seed_2026/confidence_only_ema/medseg_slice_055.json,2e2f6ee2cdb59d03837edafb714629ed9232a9747ae9678f8937d043097f0ee4,9b830341fd52efe1641062e7c4991bf8503c7d889302a72aa266d828011539e8,c4511f73bf4e7cd54347d60655f36cdb9d27cd3e345fa0809a1c88eb9a295862,d7cd9310594f89057e6b64d191f2cb837cca0b149ccf0d1f2666985cd0eee933,43467,42959,False,0.5651633739471436,0.4483832478523255,False,False
2026,confidence_only_ema,medseg_slice_056,evidence/notebook10_corrected/seed_2026/confidence_only_ema/medseg_slice_056.json,3a7f876a38328f9557bfe25d5b1bc5794a4dc1d38879841406847bb087939aac,bd95ed4d5fbf50f55d5bd7667991f6471a878bf8a891ac37d0d81a4000735107,6a84a1da334d424ebcbe3c0d347d7f47de7ba967229313dd512f1b724fb28d2c,d7cd9310594f89057e6b64d191f2cb837cca0b149ccf0d1f2666985cd0eee933,9790,9195,False,0.6457938551902771,0.4483832478523255,False,False
2026,confidence_only_ema,medseg_slice_057,evidence/notebook10_corrected/seed_2026/confidence_only_ema/medseg_slice_057.json,35659e6f516c39d491602deca443b5c49436f68c6c9a4b3a00b336f4db1ad893,72e1841c935c9964794b40c746e187245203b38fae29bf0caeb2e7a02c46c5c6,ba795c7df7b5573608506ad0f4d30adf4e28aa1cf292a7a373d5c3a7c0404ad8,d7cd9310594f89057e6b64d191f2cb837cca0b149ccf0d1f2666985cd0eee933,39241,38784,False,0.6073569059371948,0.4483832478523255,False,False
2026,confidence_only_ema,medseg_slice_058,evidence/notebook10_corrected/seed_2026/confidence_only_ema/medseg_slice_058.json,087360c705b7dbda65aac15ed8592298fde45ccfcb3c3f0e53cddfc53a4599a1,75255b5303a732feb9eab706e92e55632c4ab305b2e361e60bd0cfe123ae170f,47d811a5dd98f4b4fa5f2b1972d77c4c99e31a469913a9742835a59d37d2e570,d7cd9310594f89057e6b64d191f2cb837cca0b149ccf0d1f2666985cd0eee933,48043,47088,False,0.6185095906257629,0.4483832478523255,False,False
2026,confidence_only_ema,medseg_slice_059,evidence/notebook10_corrected/seed_2026/confidence_only_ema/medseg_slice_059.json,eb2f6912c6993b5596fef4a181285bb5db8ea77ecac89afba61958cd63b488d4,66432a86c920010c446c160b5cd6716aa210f043133d4f5013dc52cacf07093d,edae9bb7b4b071ff3226628674027a63a6f6051eda490e7d9ae3dfde53381833,d7cd9310594f89057e6b64d191f2cb837cca0b149ccf0d1f2666985cd0eee933,34349,34940,False,0.6102316975593567,0.4483832478523255,False,False
2026,confidence_only_ema,medseg_slice_060,evidence/notebook10_corrected/seed_2026/confidence_only_ema/medseg_slice_060.json,68f9999783413c2e1773bb1eea89d1b48d0f6a9b222814aa411607b6cf0199f5,cd3c4fcc0293decb3fe5d6cc2605c992fc0c5dcd0f600ee6608e2825c77d8613,a894f65576fefbf08141dceacb05c7eb0e03bafcc581f6853d1df14a0641ee47,d7cd9310594f89057e6b64d191f2cb837cca0b149ccf0d1f2666985cd0eee933,58482,58470,False,0.6305421590805054,0.4483832478523255,False,False
2026,confidence_only_ema,medseg_slice_061,evidence/notebook10_corrected/seed_2026/confidence_only_ema/medseg_slice_061.json,dcaa4dc14feca31e854ed6244b21f303fa5cf8ba5d44c82178c9dbca46a14ad1,6deb5ee0627e5581fc35f43720cacd11f4bdbf4ed6bb1340ef5438070445bc82,9d3c870a147880b5ce1a99df12ae769f3302abd91ddccdca1c5eb5750226cd98,d7cd9310594f89057e6b64d191f2cb837cca0b149ccf0d1f2666985cd0eee933,8783,8479,False,0.6220391988754272,0.4483832478523255,False,False
2026,confidence_only_ema,medseg_slice_062,evidence/notebook10_corrected/seed_2026/confidence_only_ema/medseg_slice_062.json,b30189567f217a7d36ff3f8a459e8ceb8e34ab4404d733dee4a571805097234e,4e8d39e256ff340b2a45f4378b868d050f22e607ca7b4f9a6e71f8712d4fa13c,8e7af1017036a3e99795d91db9a14d0ecd4fe9cc5945460583d53e202559ae9c,d7cd9310594f89057e6b64d191f2cb837cca0b149ccf0d1f2666985cd0eee933,5549,5536,False,0.4059035181999206,0.4483832478523255,True,True
2026,confidence_only_ema,medseg_slice_063,evidence/notebook10_corrected/seed_2026/confidence_only_ema/medseg_slice_063.json,4fa50027aced57d5db0625882b3a97ba6952db3b0b6ee73d8e93ccb7948b4f34,4889473fac3da948fc3f811865dc1c349fb522b402944f43b446c1ee77b07406,38b5843ddb797eb92b8a30c3859511a1b192380549f2a2d75fda0ffc72640a94,d7cd9310594f89057e6b64d191f2cb837cca0b149ccf0d1f2666985cd0eee933,6942,6881,False,0.4987362921237945,0.4483832478523255,False,False
2026,confidence_only_ema,medseg_slice_064,evidence/notebook10_corrected/seed_2026/confidence_only_ema/medseg_slice_064.json,5350e86f679452bce368763b17660a6f1e08e98ea74dc9058771dc40e26c9684,03fcb275fd8e2728d23b62183eda8538d6e5dbe04daf74037d187950ae5bb596,e0d4b86b69fe1255a0bc67a5b4995ac775ca58c4e19c7326a138faf15a9cb1ca,d7cd9310594f89057e6b64d191f2cb837cca0b149ccf0d1f2666985cd0eee933,4167,3942,False,0.5851706266403198,0.4483832478523255,False,False
2026,confidence_only_ema,medseg_slice_065,evidence/notebook10_corrected/seed_2026/confidence_only_ema/medseg_slice_065.json,191f785ca9d9a11317a54f6b4a7614cfd6572f45c34cb76edec9018fc307210d,78ced4fafa033d183d63214bde76d7ab4fe12dede9ac7b3ef9bc08b27b3571db,268b542bfb8f58e86ff705bc8be8ea36063e78c50765ce4e02b96811fcd0eff2,d7cd9310594f89057e6b64d191f2cb837cca0b149ccf0d1f2666985cd0eee933,10945,10931,False,0.5483543872833252,0.4483832478523255,False,False
2026,confidence_only_ema,medseg_slice_066,evidence/notebook10_corrected/seed_2026/confidence_only_ema/medseg_slice_066.json,08db8af2c2f421a34a2cabad8e4116808ef914ad001a631930c1a82a37b35616,90bd0e396d4496086e1a7832dfb230ed407815031b7fb6c08838557943d849cf,c3f4c1923eda425d770a2f0ceabd447b4ef45972b66f8f2e319716670bbf0450,d7cd9310594f89057e6b64d191f2cb837cca0b149ccf0d1f2666985cd0eee933,2120,1871,False,0.4285797774791717,0.4483832478523255,True,True
2026,confidence_only_ema,medseg_slice_067,evidence/notebook10_corrected/seed_2026/confidence_only_ema/medseg_slice_067.json,32e40e0a976179b3fd4be0eef15874f72cf729c03ae247fe2008c00eb3ac7d79,da25e3994dce35c43bd05f586c032b0ab14e4a8288b55ca6abfce1f2be8ac0b5,b4689990aed5be1d872f11ec1e1b5a6dcebc8122b7ad7f72c8930fa96ce731f0,d7cd9310594f89057e6b64d191f2cb837cca0b149ccf0d1f2666985cd0eee933,18766,19030,False,0.6734750270843506,0.4483832478523255,False,False
2026,confidence_only_ema,medseg_slice_068,evidence/notebook10_corrected/seed_2026/confidence_only_ema/medseg_slice_068.json,2dc1ba9f022738494e4c5130f4e73f806584eb757da81f758643e8a49b814b2a,611d6571ef4fc4f7661ee81f2d9e7fc82e0b44519762e3126e58f974d314b6a7,9f780ea10d3a9c2e9151f607fe82407326b41f5f95fbb8e8e01a17e218a2761d,d7cd9310594f89057e6b64d191f2cb837cca0b149ccf0d1f2666985cd0eee933,18645,18995,False,0.6847313642501831,0.4483832478523255,False,False
2026,confidence_only_ema,medseg_slice_069,evidence/notebook10_corrected/seed_2026/confidence_only_ema/medseg_slice_069.json,cf37ad66b239e6b06e0398d84d1a31cc87ceb5894aef7d5086862950a1e5cc84,173dc9154cef478382c0b157519d6fee70353d4cfc9171dea449104af3d052f5,be4fae3a8f6d59f7756249b249ffe890d7d6265d0a2cf58e7f7bccb3f2617792,d7cd9310594f89057e6b64d191f2cb837cca0b149ccf0d1f2666985cd0eee933,53058,51745,False,0.6070429682731628,0.4483832478523255,False,False
2026,confidence_only_ema,medseg_slice_070,evidence/notebook10_corrected/seed_2026/confidence_only_ema/medseg_slice_070.json,c9f3b69f6f053885abfc634d8798a6823c7a5d789fea81c946bf8a3095637610,4544eaa872af69cbed8988da4d5d0c3475e23a7aaf2b01fb97f10737d582cbb4,5f443157629c1ed9ce889aec4118673d327b75a4532dcd91bc8661c8b58a426e,d7cd9310594f89057e6b64d191f2cb837cca0b149ccf0d1f2666985cd0eee933,17909,17742,False,0.6143933534622192,0.4483832478523255,False,False
2026,confidence_only_ema,medseg_slice_071,evidence/notebook10_corrected/seed_2026/confidence_only_ema/medseg_slice_071.json,3afc26879c0c05dc68119b9e85d7b3c5dc976b088621c5e1dcc373465859177c,17e403ea17c691de6e3ae789596346f869afeb92512e5672a15e7d8abbb9267f,b4ae319f7f7e902ca0fe4c60b06880733f9b3b2b1819680cf35102e490a27aa3,d7cd9310594f89057e6b64d191f2cb837cca0b149ccf0d1f2666985cd0eee933,43135,43070,False,0.5902195572853088,0.4483832478523255,False,False
2026,confidence_only_ema,medseg_slice_072,evidence/notebook10_corrected/seed_2026/confidence_only_ema/medseg_slice_072.json,3558e81f760a9743c224e4ed1280fa781b5600b32145106cf1139852864bb549,2a410a9ac5ea84153d3c47b98dc566183b1b9979ab90f5c80a5d8f33642a09bf,420500ae00e2c975f783a4d333ac432cb09f2166d26749a75e41bc368885c349,d7cd9310594f89057e6b64d191f2cb837cca0b149ccf0d1f2666985cd0eee933,24850,24105,False,0.6221756339073181,0.4483832478523255,False,False
2026,confidence_only_ema,medseg_slice_073,evidence/notebook10_corrected/seed_2026/confidence_only_ema/medseg_slice_073.json,c675b81f3fa7e8968bac991047bea02eb0c99518f56bbc5d8b80377a98d86364,18ed5ef2c0a1d1f7ac900b4f4b090538011062498178b1152a7a4ba447105dc1,868589da36c54f02ae8e998e0eb4b66a44e102fe13f39e382393d5e8a29c6f66,d7cd9310594f89057e6b64d191f2cb837cca0b149ccf0d1f2666985cd0eee933,9609,9464,False,0.593218982219696,0.4483832478523255,False,False
2026,confidence_only_ema,medseg_slice_074,evidence/notebook10_corrected/seed_2026/confidence_only_ema/medseg_slice_074.json,0095f8ae8d8b3c5b85ec3a68050d75c26cefd345bd3842be79df96d08d8b947e,d47587d79aa5ed20903af43972eaa5bc2bb401101ad705e138ded0a366077814,3a524ac5b70781c26627cdfe70473a19c28e8220761c0d6d66e40a4eda9c810d,d7cd9310594f89057e6b64d191f2cb837cca0b149ccf0d1f2666985cd0eee933,5612,5116,False,0.5550098419189453,0.4483832478523255,False,False
2026,confidence_only_ema,medseg_slice_075,evidence/notebook10_corrected/seed_2026/confidence_only_ema/medseg_slice_075.json,9cdd587d14d731faa3040c5d04a3c1a6fc8feb25a6f6d327f634354e54d3f634,2b20e4b08b199c5775c6e26773d4702063487ca22eb3d447d8b6526848f9e38e,91fde907580a106fbb47d780e8b12d76f9b25ef654ef7994a168d0bf18e42074,d7cd9310594f89057e6b64d191f2cb837cca0b149ccf0d1f2666985cd0eee933,23889,23813,False,0.6512022614479065,0.4483832478523255,False,False
2026,confidence_only_ema,medseg_slice_076,evidence/notebook10_corrected/seed_2026/confidence_only_ema/medseg_slice_076.json,59feaf85c1c9155f5dd933d40261a9a80dcf23a1331f93d7d05524a82663f46f,1376dfdafb090109d5fe682f4105fd82e79722762cec0f8f008738cc4565f7a2,a15418919485c3b928bf9108cb896c15cf407a812c91e91ffc45760ebc5d7ee5,d7cd9310594f89057e6b64d191f2cb837cca0b149ccf0d1f2666985cd0eee933,52424,51589,False,0.5764920115470886,0.4483832478523255,False,False
2026,confidence_only_ema,medseg_slice_077,evidence/notebook10_corrected/seed_2026/confidence_only_ema/medseg_slice_077.json,b9423d6bc86503620c123f3562f81be4c86797f445e7e37376724c1bce55c373,fa404920c04ae68ad75b0b586d130242052bb7f5ed1f63fce55d47a0d9616ed5,e433b8e3a20b7b49bf9c2824df7147ca63e83c885c928d01400188d03e856ea6,d7cd9310594f89057e6b64d191f2cb837cca0b149ccf0d1f2666985cd0eee933,26100,25847,False,0.5712747573852539,0.4483832478523255,False,False
2026,confidence_only_ema,medseg_slice_078,evidence/notebook10_corrected/seed_2026/confidence_only_ema/medseg_slice_078.json,70a974f882401f149188f083a7ff566ce746ff1b788ef746fad2c27cce5eefd8,1a23c315b6201c57f1853ae092ca71dfe151ccd85e520ab1b2a6e67f82232a72,4b5ea9a6d98d5ceab77faa067100527528ba52317a38af2953665b70e13c1cbb,d7cd9310594f89057e6b64d191f2cb837cca0b149ccf0d1f2666985cd0eee933,28117,28236,False,0.618803083896637,0.4483832478523255,False,False
2026,confidence_only_ema,medseg_slice_079,evidence/notebook10_corrected/seed_2026/confidence_only_ema/medseg_slice_079.json,a91561227afd4ad8ddc24a66aaf40fa906e5fbec1b253cab6c5dade7035e4249,8dfcbcc7ba15437a9ff853a0f4a546a82e6bed74f0f1c527a423e61338bd0c8d,947ccc6473b9a834fb2c9ba429081ebc8a15022521637eb4787cc275ef9097a8,d7cd9310594f89057e6b64d191f2cb837cca0b149ccf0d1f2666985cd0eee933,43921,43571,False,0.5475302338600159,0.4483832478523255,False,False
2026,confidence_only_ema,medseg_slice_080,evidence/notebook10_corrected/seed_2026/confidence_only_ema/medseg_slice_080.json,d9e185343aaec34b714ca29137793a6b775a2c4b5dedfe45992f60becb41856f,e9cd70df971fbe33f4bd19eabaf9bcd53a492a5d57da12dc7751e69fde173bf2,f22d6b5f1bf1f0b25f47a496111fda071c99a55705d810f16a5c9146d61cc79e,d7cd9310594f89057e6b64d191f2cb837cca0b149ccf0d1f2666985cd0eee933,19898,19193,False,0.6337760090827942,0.4483832478523255,False,False
2026,confidence_only_ema,medseg_slice_081,evidence/notebook10_corrected/seed_2026/confidence_only_ema/medseg_slice_081.json,8d6c03c378649908133c606f70e390f6de6e56b4e2809a619ef2d74c2034d95c,f15fb59625c42ab05fc0d719acc290fae7d8e54066e8197ec67b86a31cc9197b,a81b5f829aaefe306f4ce003353224a7052a19286709d2cca1b4b667fc957411,d7cd9310594f89057e6b64d191f2cb837cca0b149ccf0d1f2666985cd0eee933,6062,5569,False,0.7283163666725159,0.4483832478523255,False,False
2026,confidence_only_ema,medseg_slice_082,evidence/notebook10_corrected/seed_2026/confidence_only_ema/medseg_slice_082.json,b657b770b3e8ad133b9dc66533b8d60b11320904007e4251ef477333fec9250a,52500249be87efa71b05d17360462f671f24acb04027fc9ad0779f281f27fe62,5ff4ffe744d4fd4ec72c80294fe2c386f3036297e3b18dd5198238384efb2a30,d7cd9310594f89057e6b64d191f2cb837cca0b149ccf0d1f2666985cd0eee933,11313,11185,False,0.5110264420509338,0.4483832478523255,False,False
2026,confidence_only_ema,medseg_slice_083,evidence/notebook10_corrected/seed_2026/confidence_only_ema/medseg_slice_083.json,0131480f7e925b0b9ea90e77ce87d5374a31006383963604987c269189fcf013,2777c02e05128caa1569850d49d834d41bd84e0238de401ba4f506df31b190e4,1b605a3f4b83bc4688e2b687e4b2aac1be1e5b167b84c2fabdf6372a82dfecee,d7cd9310594f89057e6b64d191f2cb837cca0b149ccf0d1f2666985cd0eee933,7441,7183,False,0.6178680658340454,0.4483832478523255,False,False
2026,confidence_only_ema,medseg_slice_084,evidence/notebook10_corrected/seed_2026/confidence_only_ema/medseg_slice_084.json,412b29dd3d3ae80db46f911e7873d5cef2850b7773741fbe17d11edf9e8411cd,026775d2c8e50ecb200ecf1bff2de83e631bbfb47b6c1bb2929e1837a82ee0ba,c0e532fddebe6489e326651d8f3f8d2f81b0ae4d5092a19554840623d6a585c5,d7cd9310594f89057e6b64d191f2cb837cca0b149ccf0d1f2666985cd0eee933,8693,8766,False,0.6245160698890686,0.4483832478523255,False,False
2026,confidence_only_ema,medseg_slice_085,evidence/notebook10_corrected/seed_2026/confidence_only_ema/medseg_slice_085.json,a56cfaf7dd21821cd4151896f074e7b9840417545e21cbe03b23b36b257b5a90,1a83cfc87b7827614338e7584e034e4825c6b00cdd79a264856ece86db71f76d,d0cf438bb31e4a71b12be47bb3e4cae4b332ef68e78970ef2d0756281186aea0,d7cd9310594f89057e6b64d191f2cb837cca0b149ccf0d1f2666985cd0eee933,28168,28346,False,0.6719329357147217,0.4483832478523255,False,False
2026,confidence_only_ema,medseg_slice_086,evidence/notebook10_corrected/seed_2026/confidence_only_ema/medseg_slice_086.json,4b281aee775c3bd0d0ce57f484601a13a3bc985a4f257d238b8547936c8fc2c3,eb33c520222e906cd1928eaa6e641d93338b343871d22e726187ed3282bd7aba,dac25d7aa399c614f1467f65accaf2dd6d7321a267bb08bca478c2832fb01831,d7cd9310594f89057e6b64d191f2cb837cca0b149ccf0d1f2666985cd0eee933,4957,4985,False,0.5143604278564453,0.4483832478523255,False,False
2026,confidence_only_ema,medseg_slice_087,evidence/notebook10_corrected/seed_2026/confidence_only_ema/medseg_slice_087.json,f6989297a41323178a6901ab288cb62a2f4cd244d7db59bc15f735580a0f6a5f,71b6a3474ce9d3bc1f43853c32d7f0932cd49bb2026e8a48506c61cafc8a8ebc,31218dcdfd4220fa41834ec56832385287b93e94f574f5b0f3acc4e30ddf7b27,d7cd9310594f89057e6b64d191f2cb837cca0b149ccf0d1f2666985cd0eee933,32469,31040,False,0.6266952753067017,0.4483832478523255,False,False
2026,confidence_only_ema,medseg_slice_088,evidence/notebook10_corrected/seed_2026/confidence_only_ema/medseg_slice_088.json,19475fa0121fb61cdf42b58c1dea9a10dc929016d63c375badfcc6cae23207c9,54f628ad7ccb3bce4073d076c72f44ddc628531a007a24e42353f5e48de59b77,550b8364f6610fdb22694da448b879e3400f1815f747fce53bb1561eea935c82,d7cd9310594f89057e6b64d191f2cb837cca0b149ccf0d1f2666985cd0eee933,20945,21054,False,0.638047993183136,0.4483832478523255,False,False
2026,confidence_only_ema,medseg_slice_089,evidence/notebook10_corrected/seed_2026/confidence_only_ema/medseg_slice_089.json,0fb95b3d646b9cc3581ee67b5946d66a1664e34995899e5f2e064bab33316c3d,4b2b14bd7faa5bedfa75db01c2d28d18a8c76b3cf9a160f6ebf5680d2f2f117c,6075adf4debf10835d56d51b06e6d3311f81375fad58fb5caf1e5eb88b455ff5,d7cd9310594f89057e6b64d191f2cb837cca0b149ccf0d1f2666985cd0eee933,750,811,False,0.2438713759183883,0.4483832478523255,True,True
2026,confidence_only_ema,medseg_slice_090,evidence/notebook10_corrected/seed_2026/confidence_only_ema/medseg_slice_090.json,dea39ccf84c6ec8060c75b9ce408cd12cf4e8f7a224e6560a5771b522876993a,381278d48cabda98d106bc4223d81ce6f2d668949b128abab3387d5b0a0b20c2,b75dc462a5851b0134a43baa4d36a516e98295dd1af48bdf8d290ddffe7eb64d,d7cd9310594f89057e6b64d191f2cb837cca0b149ccf0d1f2666985cd0eee933,15636,15481,False,0.5868375897407532,0.4483832478523255,False,False
2026,confidence_only_ema,medseg_slice_091,evidence/notebook10_corrected/seed_2026/confidence_only_ema/medseg_slice_091.json,f3a26816940d360a66307e4cc0ec790d8d2b02a015c5785934229d7fa0c779aa,2e2ed6c8129cab6f77b3a56db9159a0dff3c09a402040bb88e812f085f409d40,8f57651a8d8814dde5cde13a9cdb5bd00585a1e743765b24781e31aba298292d,d7cd9310594f89057e6b64d191f2cb837cca0b149ccf0d1f2666985cd0eee933,13911,13571,False,0.6633279323577881,0.4483832478523255,False,False
2026,confidence_only_ema,medseg_slice_092,evidence/notebook10_corrected/seed_2026/confidence_only_ema/medseg_slice_092.json,2fa51aa64ab836072b554853419ded248bc8703385ccc9029906c16b715d8322,ac9d67f83b27a9bc11ecb219be66336dd29a551c2339ff613706a508abd07055,31c0f2ddd839910a786312ec3a4d04a593e6280afca94b26a4a4164d59c729a8,d7cd9310594f89057e6b64d191f2cb837cca0b149ccf0d1f2666985cd0eee933,18288,18040,False,0.6275729537010193,0.4483832478523255,False,False
2026,confidence_only_ema,medseg_slice_093,evidence/notebook10_corrected/seed_2026/confidence_only_ema/medseg_slice_093.json,216ace7da890c501857c27c0d61558b4d075cd519b591c0d8177d9edf51240af,8f6e71b6a69bbc05e72f804af8ab24b635370f68ec0717e225f526e30f5aa356,4514be511b3ab4265c163f39a045141950dff442946626f8841944199cfc6731,d7cd9310594f89057e6b64d191f2cb837cca0b149ccf0d1f2666985cd0eee933,10499,10063,False,0.6235116124153137,0.4483832478523255,False,False
2026,confidence_only_ema,medseg_slice_094,evidence/notebook10_corrected/seed_2026/confidence_only_ema/medseg_slice_094.json,0adedc271da084cd2dc2ea6dce81dc7574a6c4f9ca99d9dd1db3a946700ec47e,8f2050855ab04c9d92c01af93d2378678f9114fbdf6a7dd366696fd11fe1c9e4,7c47ea5facd01990fdefbd6e5c68e699def9d1ec6b8c09d0e443d873d4ebabac,d7cd9310594f89057e6b64d191f2cb837cca0b149ccf0d1f2666985cd0eee933,14107,13615,False,0.6659453511238098,0.4483832478523255,False,False
2026,confidence_only_ema,medseg_slice_095,evidence/notebook10_corrected/seed_2026/confidence_only_ema/medseg_slice_095.json,7842ee15fb10981fa1cff734504e5581b2c204b5dfe10c51f49aad5158edc27a,8dd47a71fdd1fc0ba9e75076db4c871e78590540ede0109fd6441a70e10e30eb,3a48330b6c507af5ab5786056412ebbbe66e00dea154e356c04f994f1355d07d,d7cd9310594f89057e6b64d191f2cb837cca0b149ccf0d1f2666985cd0eee933,9701,9809,False,0.5360453128814697,0.4483832478523255,False,False
2026,confidence_only_ema,medseg_slice_096,evidence/notebook10_corrected/seed_2026/confidence_only_ema/medseg_slice_096.json,ccb04eaf32650fc63840b8c6c665c66bb2b659a50cd57adaaafa1d71cacc37bd,2dc2cfcafe292992cd5b95eb0d45a0cb75805f3dc41e36949537fd1251d26a76,dfd5720822c45697787e2eb766851fcceb793e5d0eac0a82656d4f647613ca21,d7cd9310594f89057e6b64d191f2cb837cca0b149ccf0d1f2666985cd0eee933,62745,61805,False,0.610175609588623,0.4483832478523255,False,False
2026,confidence_only_ema,medseg_slice_097,evidence/notebook10_corrected/seed_2026/confidence_only_ema/medseg_slice_097.json,9da39d15b83d21882c9e4261e9cb320e05b849ac3160ce0580bc6529b417f78c,804ba71bf2ef9fabd78bf16e9e974e7b517c29651650e25d742d5d7f390448d3,1f49cd43b7f2aaef7d56b434682eb3b5ee69ee31c929507405da696db1f3ba41,d7cd9310594f89057e6b64d191f2cb837cca0b149ccf0d1f2666985cd0eee933,9572,9145,False,0.5787916779518127,0.4483832478523255,False,False
2026,confidence_only_ema,medseg_slice_098,evidence/notebook10_corrected/seed_2026/confidence_only_ema/medseg_slice_098.json,9a6d3e3fd620c2f510d662593255c2447224d076a52bba7dc302fda67f0a0758,5cca738fe3754447379d593b74b1630e47b03422bebe1952646b90f0dfa17104,b721ef211931caf4cdf8ee2a02226f2f81d52296bb9e07726d803ffbd416cb50,d7cd9310594f89057e6b64d191f2cb837cca0b149ccf0d1f2666985cd0eee933,53492,53089,False,0.5756052136421204,0.4483832478523255,False,False
2026,confidence_only_ema,medseg_slice_099,evidence/notebook10_corrected/seed_2026/confidence_only_ema/medseg_slice_099.json,6406102e51946a3c2da87035f9fad2aa0a9f526858c04cbf749342813c5789c4,451ff5a5de6e98464e9a72f2053fda7c31ad6cc8ce01f49f8072529ad90cb9c6,a5a6d3e76c3c5f5a00bd261b85ea5fbba2e5e77220d8a6f681321312d70e3f41,d7cd9310594f89057e6b64d191f2cb837cca0b149ccf0d1f2666985cd0eee933,14680,15069,False,0.6129912734031677,0.4483832478523255,False,False
2026,agreement_filtered_ema,medseg_slice_000,evidence/notebook10_corrected/seed_2026/agreement_filtered_ema/medseg_slice_000.json,af75b8274894278508946cf56f686761d41189aedb5292eafd1ea8dbd959edf5,b44ef2c7f8ff2d4eb46c0358fc7d75bae4affa13021f6dd0c440db145c48ccb0,9db2b13b55f2c7ba52a6220968da287b98ab267e1febd8cde1f9e4af6815e7cc,a49c71ec63a7a63b6140e6668a68e128ed982975c10b6f98d409af4f9cc5ac55,37378,36847,False,0.590908408164978,0.4302663683891297,False,False
2026,agreement_filtered_ema,medseg_slice_001,evidence/notebook10_corrected/seed_2026/agreement_filtered_ema/medseg_slice_001.json,041f0be465d2d0c4a914a92f1314e33a9dd07e9ee18c64f03bf332eab0b03e80,e571d08ce7190f80e9e3f0f84a27cf9107c39bd2c66aeb08b9a4f8ff05ec421e,ae2fd2dfad3f17155f39fbf98c0abecec2e60c6a75df6b49777bdd64c6d724eb,a49c71ec63a7a63b6140e6668a68e128ed982975c10b6f98d409af4f9cc5ac55,44789,47110,False,0.7124128937721252,0.4302663683891297,False,False
2026,agreement_filtered_ema,medseg_slice_002,evidence/notebook10_corrected/seed_2026/agreement_filtered_ema/medseg_slice_002.json,964fbea52f7987f3e2682ae364a0ab78cbb1b37ecaf5870eacbb9b1fcf75fc5c,a83a4c0bde6cf92d6f78db7564887bf2d0607df421c52476525fd532e6ef2111,e484b161b39d125956299fbb0fe8bf4ca311875b27e35c291a706363529caf29,a49c71ec63a7a63b6140e6668a68e128ed982975c10b6f98d409af4f9cc5ac55,844,856,False,0.1772142201662063,0.4302663683891297,True,True
2026,agreement_filtered_ema,medseg_slice_003,evidence/notebook10_corrected/seed_2026/agreement_filtered_ema/medseg_slice_003.json,8a4d4b8390b1f81389bc21059da320db507b622ba788087dd5938d5480381c39,6a05e0202644ff0edc9e7d0117462f77b7f7be072d7c67cc0b9a83fbf9c2712b,a1a625efe6de91a312c36c2e89e9d3df8890aa8a2cad63ab7fada085defe0182,a49c71ec63a7a63b6140e6668a68e128ed982975c10b6f98d409af4f9cc5ac55,16372,16198,False,0.6540873646736145,0.4302663683891297,False,False
2026,agreement_filtered_ema,medseg_slice_004,evidence/notebook10_corrected/seed_2026/agreement_filtered_ema/medseg_slice_004.json,6484d67d4f3bba1df78045db5a09422f8c4b9190c9c8be72f8db1793962b3dfb,b3908a7a85943e8479c7be67e3b63e7952cc8d635f288f687d585f77c8dc14d9,bf6457122016285fcbb0a06d23d08efe770cdf263293b9496dfe21ebec229771,a49c71ec63a7a63b6140e6668a68e128ed982975c10b6f98d409af4f9cc5ac55,13118,13226,False,0.6381459832191467,0.4302663683891297,False,False
2026,agreement_filtered_ema,medseg_slice_005,evidence/notebook10_corrected/seed_2026/agreement_filtered_ema/medseg_slice_005.json,280a94d99981edf6f9e2065569a10dd673195533e019ec2d8e5c859dbfbf7a0c,af2ad96bbf24e5a6cc75e151b4307234ab112e13a0fe54710c994a93d64d5c10,c4026e3c47eb1147796607a3a23241e54e71dc2828de98acca7f055481ba5a70,a49c71ec63a7a63b6140e6668a68e128ed982975c10b6f98d409af4f9cc5ac55,6404,6094,False,0.5656746625900269,0.4302663683891297,False,False
2026,agreement_filtered_ema,medseg_slice_006,evidence/notebook10_corrected/seed_2026/agreement_filtered_ema/medseg_slice_006.json,45782ec30a07426cb063f624d6b6eb5a00ae7e2541d35afd95c4a2cf1efe4c63,516fb37f4234a91e854eec43b160b1096141be8f4f0c53f02f0b132efb09c542,cd7575d643a2dbdeff75dc18d8c9e80c1aa09865b1244239425a63e2c56c861e,a49c71ec63a7a63b6140e6668a68e128ed982975c10b6f98d409af4f9cc5ac55,8115,8216,False,0.5121611952781677,0.4302663683891297,False,False
2026,agreement_filtered_ema,medseg_slice_007,evidence/notebook10_corrected/seed_2026/agreement_filtered_ema/medseg_slice_007.json,6e7ad3f6d7168cb400bba4496c2e5792bc30b2034041fd62e59c3561ee4e9713,da68396b1640a1b722af4808aa8ff224ca07504b8deaaef2fbf4ee008a8140a5,18e85013eea2a4988db24a42a8f88a44ec14a95637d253da0158cb2fc9a99bc4,a49c71ec63a7a63b6140e6668a68e128ed982975c10b6f98d409af4f9cc5ac55,37709,40859,False,0.6312880516052246,0.4302663683891297,False,False
2026,agreement_filtered_ema,medseg_slice_008,evidence/notebook10_corrected/seed_2026/agreement_filtered_ema/medseg_slice_008.json,a30009941d5e7b928636e494f49924d9f9e085e3528caf027232d7a7e6f74e20,79465d5cc370a5be742d3599d594e51e01467820a2b97d21490e63e9e6e0de52,309bf48923ae32c1d922943638f9753eb08301a26bbc039f44c0df1d24e4a71f,a49c71ec63a7a63b6140e6668a68e128ed982975c10b6f98d409af4f9cc5ac55,54020,54258,False,0.6026210188865662,0.4302663683891297,False,False
2026,agreement_filtered_ema,medseg_slice_009,evidence/notebook10_corrected/seed_2026/agreement_filtered_ema/medseg_slice_009.json,49d8335689efe0784865c36d00864168971e1d5fbcb1a1257083e18d5f3177ef,8126b2e2bc2ec9c708eaacdf05ca723f53a114c9bd3790b191d140cb105b1ffb,efa99b762608cf905d2a75707745e5f3f419905c6b45889851a1af291a76ce1e,a49c71ec63a7a63b6140e6668a68e128ed982975c10b6f98d409af4f9cc5ac55,27677,27475,False,0.5983994603157043,0.4302663683891297,False,False
2026,agreement_filtered_ema,medseg_slice_010,evidence/notebook10_corrected/seed_2026/agreement_filtered_ema/medseg_slice_010.json,7d374952adaf6c6cd08d7948ea9d5e28fa179895b097347639be399000695203,a8b1372d3fb351e2e26b8e6c40100f02cfdf03b5a8a094c406d80dcce17de21e,69a0f43ed7af9e9cb73605bf1a5c3d8a5e95958c18e4272dcdadf9fc3c942fa2,a49c71ec63a7a63b6140e6668a68e128ed982975c10b6f98d409af4f9cc5ac55,22998,21860,False,0.6486617922782898,0.4302663683891297,False,False
2026,agreement_filtered_ema,medseg_slice_011,evidence/notebook10_corrected/seed_2026/agreement_filtered_ema/medseg_slice_011.json,fc2bc733466ca0041178bb6aecc4cd0265db94f04aeb12f118774f973106f222,941d1b91ce054ba75f295f8a8809a50a04d261a7952e8dc22e0046478ca93d69,8d182554e2e8e94144dcd926accc17564b49349391fa8ab4fdbd6e0bf501d360,a49c71ec63a7a63b6140e6668a68e128ed982975c10b6f98d409af4f9cc5ac55,15953,16372,False,0.6164094805717468,0.4302663683891297,False,False
2026,agreement_filtered_ema,medseg_slice_012,evidence/notebook10_corrected/seed_2026/agreement_filtered_ema/medseg_slice_012.json,d8ce06b22ac21839fc61743d9f2404001df12b3923ae6037125f609ccf95b800,f22d417a5fbbd9ed5644a3b7fc1e13bdde3df2c88d30bb9439dd1bdf56e5d05c,a35e1bca2d3483591b6054305b1ae9a548ec1233c720b730fe27c16cf6e106f8,a49c71ec63a7a63b6140e6668a68e128ed982975c10b6f98d409af4f9cc5ac55,19067,19252,False,0.5790155529975891,0.4302663683891297,False,False
2026,agreement_filtered_ema,medseg_slice_013,evidence/notebook10_corrected/seed_2026/agreement_filtered_ema/medseg_slice_013.json,c9f3ed944612e968e9064b8cccc0378a05eb29e43f22fc2cf6604ee1a0c1263d,dea377d9f46f5a3fe79292ddf7ad5196236298876d42cfe2a51e2ee17c5c3924,96ca5ffcddd64c5aceaba6960c2c4fdef990888e033e45feeeb8a4c5452f4b48,a49c71ec63a7a63b6140e6668a68e128ed982975c10b6f98d409af4f9cc5ac55,24516,24763,False,0.6283618807792664,0.4302663683891297,False,False
2026,agreement_filtered_ema,medseg_slice_014,evidence/notebook10_corrected/seed_2026/agreement_filtered_ema/medseg_slice_014.json,cf40045e9c0a446659ea55aaabff344e0923033736715fd0c525004a41cdc6e5,8f139089de3c9bc56ebed8b37af5167f32660014f2d19599d91a34a6c4f27161,8cb060eb1fdc23c892686b210063dc766d4fff4a6c1d116e870d3fa8ff6a5173,a49c71ec63a7a63b6140e6668a68e128ed982975c10b6f98d409af4f9cc5ac55,17845,18228,False,0.6442575454711914,0.4302663683891297,False,False
2026,agreement_filtered_ema,medseg_slice_015,evidence/notebook10_corrected/seed_2026/agreement_filtered_ema/medseg_slice_015.json,319c87fa1ba5b93ea66d315f51f73a6edaf559d3c9240bc38e2114d481d7f58c,582b5ca7348736a56bc23f381b5a0e3cac5862102bc2d6fde657e6e75a6f710d,9bb2b6b62d448bbdf5e3cba04e0a08f0c982c383c9a3effed88e7957bec45208,a49c71ec63a7a63b6140e6668a68e128ed982975c10b6f98d409af4f9cc5ac55,27093,27483,False,0.6122183799743652,0.4302663683891297,False,False
2026,agreement_filtered_ema,medseg_slice_016,evidence/notebook10_corrected/seed_2026/agreement_filtered_ema/medseg_slice_016.json,0eaf4ea0d1403b1a106ab24acd5aaef549933e017b46c658b904e13937d325a8,fdc4a85404bed33b5dfd484fe4fd1969f30a7cbf7fc988790259cdf9c7644654,e72c7628cb5b201461431a4980f25a74a74e70f1db9b817da8c8f707b3aebeea,a49c71ec63a7a63b6140e6668a68e128ed982975c10b6f98d409af4f9cc5ac55,4882,5061,False,0.5639437437057495,0.4302663683891297,False,False
2026,agreement_filtered_ema,medseg_slice_017,evidence/notebook10_corrected/seed_2026/agreement_filtered_ema/medseg_slice_017.json,3ca45428b9aeb017e3cdec6ab5b09ba0be5784023d8f6b391acbbafff29ba52c,7775c778bdd582ab20aa3afc83ffd03773fb40a232562bc402343fc1e693ecd6,cf2dcfa0b60a73b8d89c28bc04bd6a25a0a4a529668af760761b66fcb2b07691,a49c71ec63a7a63b6140e6668a68e128ed982975c10b6f98d409af4f9cc5ac55,12711,12941,False,0.6523280143737793,0.4302663683891297,False,False
2026,agreement_filtered_ema,medseg_slice_018,evidence/notebook10_corrected/seed_2026/agreement_filtered_ema/medseg_slice_018.json,284feba36e7f7b9beb00161fbc43ffdf73bda8472903d21bb266c6605b9759b9,56deb1aeba7d7848cec70b0c7e0e55fd875b43962ca976c935bc90ffaba047ce,494db7fe64f3ad3673f8c5c0bdf99e914a042631a0eb1dbaa2cfad182778a146,a49c71ec63a7a63b6140e6668a68e128ed982975c10b6f98d409af4f9cc5ac55,15103,15161,False,0.6363815069198608,0.4302663683891297,False,False
2026,agreement_filtered_ema,medseg_slice_019,evidence/notebook10_corrected/seed_2026/agreement_filtered_ema/medseg_slice_019.json,4e45f40660d3480210b6bb7461a02562342f251334359ae30dd179a80ee67581,5350c75b58c51fd8d7e962094df0b534d4ca835998c419e0b1cf02bd6bc530ff,2a3f92f8b8f0278881a4daf50f0dd9b4f98d79ef738271d2138bb5a6255bb4ed,a49c71ec63a7a63b6140e6668a68e128ed982975c10b6f98d409af4f9cc5ac55,38175,38868,False,0.6622702479362488,0.4302663683891297,False,False
2026,agreement_filtered_ema,medseg_slice_020,evidence/notebook10_corrected/seed_2026/agreement_filtered_ema/medseg_slice_020.json,8b58a67df70d9588ca5e9a463a48e2faf8acd577a0bee03daf11b7f057f50009,18b4eaa7ad5b66d486f8b995ccc6f893216f79cee8783310444dd7d5c8d9353d,04b6bae4c3640b8de3647ff62663d4cec9b462effcf5f9f8f0c8b7aca37e75a5,a49c71ec63a7a63b6140e6668a68e128ed982975c10b6f98d409af4f9cc5ac55,9287,9582,False,0.6259337663650513,0.4302663683891297,False,False
2026,agreement_filtered_ema,medseg_slice_021,evidence/notebook10_corrected/seed_2026/agreement_filtered_ema/medseg_slice_021.json,01eb78991f601e483e7c34617650f186134fa86991b2dbcca8d7810b9a7a08a9,81aa23526708a85a4a1d06f3b6881b609b51f7d5f585ba6d81a869615d98c475,520710c4363ea7729476c2d35d0b3247a650ec6e6d5e2594f8c0062e6de86b8c,a49c71ec63a7a63b6140e6668a68e128ed982975c10b6f98d409af4f9cc5ac55,18901,18238,False,0.6574665904045105,0.4302663683891297,False,False
2026,agreement_filtered_ema,medseg_slice_022,evidence/notebook10_corrected/seed_2026/agreement_filtered_ema/medseg_slice_022.json,a93c6dd6e6933229d727fefcf44a25c6dee60efe0d5310468ddf840b27104bf6,64ee0cbad7d15a836dae2c915c0907accbad8d9ce932dca1a347e449c8125b63,896e9c8aca6f3b727ca828900ecaefc0e4cc1d46a10d9789255e319c102395d7,a49c71ec63a7a63b6140e6668a68e128ed982975c10b6f98d409af4f9cc5ac55,1548,1054,False,0.4857063293457031,0.4302663683891297,False,False
2026,agreement_filtered_ema,medseg_slice_023,evidence/notebook10_corrected/seed_2026/agreement_filtered_ema/medseg_slice_023.json,e001ce570d4a1d74c6e16c4c8fb9319d787b1750618d5e8aefcb0a09eec85a44,9af7705482ff778f22df10e76dbde4bab2e80cf71faffcd88908b3e60e8c8d49,91fb4ac642785b34077d2429ef72fb0de6abaaabcf7180860f063e61e3dfc77f,a49c71ec63a7a63b6140e6668a68e128ed982975c10b6f98d409af4f9cc5ac55,11176,11317,False,0.5604971647262573,0.4302663683891297,False,False
2026,agreement_filtered_ema,medseg_slice_024,evidence/notebook10_corrected/seed_2026/agreement_filtered_ema/medseg_slice_024.json,f2c9028bb23f9997e5af0c533162b1b790613bd75d45b84f66b82a453b639b4b,ab8bc522616ae39913d84db14bb5d7e8ea6c3286e016cdb6b4d038bc66e6df9a,ab04858bced64e79641dced098d8de2261a93dc10f06451220546953a52a167e,a49c71ec63a7a63b6140e6668a68e128ed982975c10b6f98d409af4f9cc5ac55,5381,5212,False,0.6047141551971436,0.4302663683891297,False,False
2026,agreement_filtered_ema,medseg_slice_025,evidence/notebook10_corrected/seed_2026/agreement_filtered_ema/medseg_slice_025.json,38b50ae14d7087bdc84afbd9b26f5a47204d2546f5e7c8d7c5db6d1608bc0464,2f45dd8fe78fd78812c326ca9449b33ae769db450dca0469ed15a41ef19d46d0,55acb1aa12581b78ebe41768f8e2608f639a38332c67ffd8a1cb993e55ea047a,a49c71ec63a7a63b6140e6668a68e128ed982975c10b6f98d409af4f9cc5ac55,33511,33549,False,0.6551551222801208,0.4302663683891297,False,False
2026,agreement_filtered_ema,medseg_slice_026,evidence/notebook10_corrected/seed_2026/agreement_filtered_ema/medseg_slice_026.json,59720df2fe24dd5ec9fc5a25017373bee607726e73e278df9358b559856624b2,6e134155fe1a0ddb2e32d25c2b36e4dfe6b57d525f22bdbebac02edfe0f7681e,211854f25103fd19b5661643aa5229736e60bedd55438a36b4ad7bc59e8ae209,a49c71ec63a7a63b6140e6668a68e128ed982975c10b6f98d409af4f9cc5ac55,9188,9137,False,0.5471469759941101,0.4302663683891297,False,False
2026,agreement_filtered_ema,medseg_slice_027,evidence/notebook10_corrected/seed_2026/agreement_filtered_ema/medseg_slice_027.json,277a39f9d1abf1294725844407e7028d33c984cfdc1751133ce6f07dee4ff80e,c8eaf82c83154dd8158c7e1a0e512bae8f17583b66170cd7ed653d0138faa54f,d0e3dee71d81f05fda4fcd38df4879d6c8257f432a4b657fb52f46a16f2db501,a49c71ec63a7a63b6140e6668a68e128ed982975c10b6f98d409af4f9cc5ac55,7783,7574,False,0.5849024653434753,0.4302663683891297,False,False
2026,agreement_filtered_ema,medseg_slice_028,evidence/notebook10_corrected/seed_2026/agreement_filtered_ema/medseg_slice_028.json,2bfb12e0ad24044f69027f77a760ebff213e2b1ace976fcde2df0da3c6ef9b3b,a27464836bd308a475a125fa843754a105e600bb2ad4b812edd6f5a56d1aa211,32c5a7c7bd239089f071976978af8ce2c8c4f0eb00b57ad50b662a38e5fe8658,a49c71ec63a7a63b6140e6668a68e128ed982975c10b6f98d409af4f9cc5ac55,14767,14641,False,0.5740130543708801,0.4302663683891297,False,False
2026,agreement_filtered_ema,medseg_slice_029,evidence/notebook10_corrected/seed_2026/agreement_filtered_ema/medseg_slice_029.json,bb3b475936eae4206222ecf601bc22a8c376b427043b6cf6d40af59127c77001,33f8db11afe1c7eb5e6b62468eba9718dec4c8c697e2bf6bd50db334f5d41501,04dc994410e6653f1dae90fadb2d1f76067c8f5fbbb3c1b9e88f9066ad8f1ddb,a49c71ec63a7a63b6140e6668a68e128ed982975c10b6f98d409af4f9cc5ac55,55783,55435,False,0.5793226957321167,0.4302663683891297,False,False
2026,agreement_filtered_ema,medseg_slice_030,evidence/notebook10_corrected/seed_2026/agreement_filtered_ema/medseg_slice_030.json,6d222ded8d8dd925323da88f6c5a025f3a8f7e49dc9ac2dbf8b0340570160649,6d1c3d9a2f370934ad345b4a33296a76f85147d0dec6a96b636c1d011b4dda94,9b62eea2861677e74af2b2dba87cd16f078c5779d9567467bc2604f15e38ea31,a49c71ec63a7a63b6140e6668a68e128ed982975c10b6f98d409af4f9cc5ac55,22570,21332,False,0.6051263213157654,0.4302663683891297,False,False
2026,agreement_filtered_ema,medseg_slice_031,evidence/notebook10_corrected/seed_2026/agreement_filtered_ema/medseg_slice_031.json,3de939c8c1b54395ebd555408d1943e7ed2d6b55c3a38b2ac72b4e8ae6262b43,991cb01759b8dbda7afbd6424ced95443902778d16681e21b293708db7fd55e8,61253dd42db91117ac10a222f5073dc3d37fea5dcac12cb32866a295dd6ce034,a49c71ec63a7a63b6140e6668a68e128ed982975c10b6f98d409af4f9cc5ac55,24301,24552,False,0.6358236074447632,0.4302663683891297,False,False
2026,agreement_filtered_ema,medseg_slice_032,evidence/notebook10_corrected/seed_2026/agreement_filtered_ema/medseg_slice_032.json,ac2a4d539f42695951f02d817e9e625aa08c814d99fb8c12a99ba585e993030c,f292b8fdbbbc83332748ca351fa281ae14bfbd711d6a17a3f2ee9803d38e7c6a,eaded5541060683af568e5efc86635760e0640bccb449c4e8f7f72b6a54ce63f,a49c71ec63a7a63b6140e6668a68e128ed982975c10b6f98d409af4f9cc5ac55,54972,53528,False,0.5859881043434143,0.4302663683891297,False,False
2026,agreement_filtered_ema,medseg_slice_033,evidence/notebook10_corrected/seed_2026/agreement_filtered_ema/medseg_slice_033.json,eafedaa07b7cf730f35386e9c55583537bf85a0c171766445628146c14d46618,4bdc25659921942b0073cc584192a52c6246d92a61d9eeb454dc05f7e9ccbdbc,2202cd371dc88b073769400e8e26c5e44d5ccf691b183e94c6f153ac80ac157d,a49c71ec63a7a63b6140e6668a68e128ed982975c10b6f98d409af4f9cc5ac55,4209,4371,False,0.6885639429092407,0.4302663683891297,False,False
2026,agreement_filtered_ema,medseg_slice_034,evidence/notebook10_corrected/seed_2026/agreement_filtered_ema/medseg_slice_034.json,d52e974634d28998d064000da67c3d4fa55c7cebc016571f493e1c956460a75e,fa92ecb25062aa754d4d9a19e5ee08d7253265278db40d20103165636e62d96f,c245a40e225c92b841ef039d6d566666ea8253b6e6be89921292e5b7f70a78e6,a49c71ec63a7a63b6140e6668a68e128ed982975c10b6f98d409af4f9cc5ac55,26317,23510,False,0.6688067317008972,0.4302663683891297,False,False
2026,agreement_filtered_ema,medseg_slice_035,evidence/notebook10_corrected/seed_2026/agreement_filtered_ema/medseg_slice_035.json,c73be988d6f8a0b10844ddccf9d15f6fafb95c03d4e1b644412628af81f12b00,d20e77f5482d23ee3df3b2b3003d51c3aae144d1c4f8c557cd4c6b49e07dacbd,84ded6930b2edfc32d35da82167053a48754cf93b2bc21db8aa5f90c60f1fb5a,a49c71ec63a7a63b6140e6668a68e128ed982975c10b6f98d409af4f9cc5ac55,15289,14962,False,0.5967406034469604,0.4302663683891297,False,False
2026,agreement_filtered_ema,medseg_slice_036,evidence/notebook10_corrected/seed_2026/agreement_filtered_ema/medseg_slice_036.json,1b6d7276b7a261eb3218a20e435dd67662ad0d2aee272d6d5fd11fd125748ea9,615ede383872d94b4a833ee952ccb931871ed330c0a519daf35f47f5996e83a0,7b219c9ef2fb0da1f10aae976136360cd280591950b454444973e8f9d7e56f8c,a49c71ec63a7a63b6140e6668a68e128ed982975c10b6f98d409af4f9cc5ac55,17785,17681,False,0.6016929745674133,0.4302663683891297,False,False
2026,agreement_filtered_ema,medseg_slice_037,evidence/notebook10_corrected/seed_2026/agreement_filtered_ema/medseg_slice_037.json,c22ebd3d0ae92ac782424fcca7d4fbdca688edf3d3f75944f74620c8287e22fe,7dea0c2ba5c3bcf88de9c78871733bac5d9af9a1c6847872d8d9ebc9f2c53456,8fb26f01c40a418135da941ea796e43a0ffa1b781423faaf26105bdc8f49cc8c,a49c71ec63a7a63b6140e6668a68e128ed982975c10b6f98d409af4f9cc5ac55,20172,19354,False,0.6278889775276184,0.4302663683891297,False,False
2026,agreement_filtered_ema,medseg_slice_038,evidence/notebook10_corrected/seed_2026/agreement_filtered_ema/medseg_slice_038.json,6146c3dbdef3d9af3f114bb0c8df22ca8c2cca07b3ed524f1a4b24832da6061d,86b5cc9a8600d01a664a40c852886ea6364e258a1b2bff81eb7256b62c297e0e,ea56e16bbaec699ddcd28eaebd079b950800ad3cde68eede6b20c0663fd5b38e,a49c71ec63a7a63b6140e6668a68e128ed982975c10b6f98d409af4f9cc5ac55,15761,16358,False,0.6440380811691284,0.4302663683891297,False,False
2026,agreement_filtered_ema,medseg_slice_039,evidence/notebook10_corrected/seed_2026/agreement_filtered_ema/medseg_slice_039.json,529ea3dbe401766420d473540e692b6ab7719bc1f3e986fd73b107f304fcf940,0fcf785cd38185d0d087ef0ffadec9a1d66e67ed54e57ee1dd04a21f0ebab134,5ffdec1080844ff3b3813fdd369917862308ad36a269a3271549787713c8987a,a49c71ec63a7a63b6140e6668a68e128ed982975c10b6f98d409af4f9cc5ac55,51775,49691,False,0.5881837606430054,0.4302663683891297,False,False
2026,agreement_filtered_ema,medseg_slice_040,evidence/notebook10_corrected/seed_2026/agreement_filtered_ema/medseg_slice_040.json,ff42acb4d3fce8a0dc34d38f5e275cd1b332c544f8ef0a0fda97c2040413c509,6c78bdd3cbbd2242af2d95d81389bf5a7ee7c6567a18829785e3b39d8afffb6d,d5bbda5c749e95f6ce88776d1e17404fe7509084e9b9bd5269412e1cee05ccf2,a49c71ec63a7a63b6140e6668a68e128ed982975c10b6f98d409af4f9cc5ac55,7839,7639,False,0.5489380955696106,0.4302663683891297,False,False
2026,agreement_filtered_ema,medseg_slice_041,evidence/notebook10_corrected/seed_2026/agreement_filtered_ema/medseg_slice_041.json,1cab73326300f5892c95da0c693d679543c7ea4ac45d708521b465d5d00619cf,9c75b70c6327bf6e31fa3135b9fb0fcf3ca9fc30aa896550f0a942436f56e3db,bd4d33b7889eed7a8444adcb398ce86546a8102a876e9a2ddc7fe6a4343e3920,a49c71ec63a7a63b6140e6668a68e128ed982975c10b6f98d409af4f9cc5ac55,25896,25764,False,0.5691749453544617,0.4302663683891297,False,False
2026,agreement_filtered_ema,medseg_slice_042,evidence/notebook10_corrected/seed_2026/agreement_filtered_ema/medseg_slice_042.json,1a8c12e788bb6256c1d0238c524d4e87c9665ea246386b842bf38b4e4f3829a6,0cc526956ec56831244b119eef0c69ac7ca108b7c0a3ea2dfa55bf5f2d6d3163,d63edeb06df7a95ef40b60f591489cc425187d031792893ddeb84a5df54c6e2a,a49c71ec63a7a63b6140e6668a68e128ed982975c10b6f98d409af4f9cc5ac55,30475,31195,False,0.6538124084472656,0.4302663683891297,False,False
2026,agreement_filtered_ema,medseg_slice_043,evidence/notebook10_corrected/seed_2026/agreement_filtered_ema/medseg_slice_043.json,ee94d6175972aadb05cb4518c308d9993fb2112c3a103d7156c1688652e977c9,46432f1b9e86148c029fd9a47a636c704041b9b36fa269c4e95a0377b73f6574,ca0f717a077cedb83bd6656332b4b7dad7133f678a5cb2402629cc8e6ccbbc67,a49c71ec63a7a63b6140e6668a68e128ed982975c10b6f98d409af4f9cc5ac55,20618,20300,False,0.6236016750335693,0.4302663683891297,False,False
2026,agreement_filtered_ema,medseg_slice_044,evidence/notebook10_corrected/seed_2026/agreement_filtered_ema/medseg_slice_044.json,ed459acbf752a6ff332b5b8c22c908ba7828687ca842244c4d51b8906ce0199d,62327805fe0bdcfca5d4229bdfd4d6ca113527e54d34b52fbb84daeae6649cff,7dae5cf2a96993b953b47d37946b4249d6a0270b7b0e602414bb66f9b1dfdbba,a49c71ec63a7a63b6140e6668a68e128ed982975c10b6f98d409af4f9cc5ac55,6846,7034,False,0.6383650898933411,0.4302663683891297,False,False
2026,agreement_filtered_ema,medseg_slice_045,evidence/notebook10_corrected/seed_2026/agreement_filtered_ema/medseg_slice_045.json,9092ea417c3a22e87e1a4693657b3ab6a414919442979b5b94d3821c96546aaf,6051c48383f7b9e17ac4b8f6b5d55884691b44daca2e40200599b9ee71e628f6,6e715c7bfcc16112540a259dbfcc60f8c9e76e43eb1f95ffd0f2bc8b9c609c93,a49c71ec63a7a63b6140e6668a68e128ed982975c10b6f98d409af4f9cc5ac55,31639,32645,False,0.6562584638595581,0.4302663683891297,False,False
2026,agreement_filtered_ema,medseg_slice_046,evidence/notebook10_corrected/seed_2026/agreement_filtered_ema/medseg_slice_046.json,16b9e772b5241910ca499a59c1fc8754759790f69589f9ccf0ee6561f6c37b65,2eb1583cef892b6dd50a263c31d011298400fe917978ee2af035d4f906e8044a,ff40555887bf0204d87ea983d3d802d51ce66925e87e58165bc6b92ffe48a652,a49c71ec63a7a63b6140e6668a68e128ed982975c10b6f98d409af4f9cc5ac55,6712,6392,False,0.6046191453933716,0.4302663683891297,False,False
2026,agreement_filtered_ema,medseg_slice_047,evidence/notebook10_corrected/seed_2026/agreement_filtered_ema/medseg_slice_047.json,d9e9c0bbe730c9612ffac7b652e1f58d15e1ad81bc91cdff3a84a5b95697e5b9,599f52419ba04d8654b279eb242d7adf8cd8808efb441c346c1d48645e8884df,0475050fbe3ae3cc0191a95a7f5dfc621dd455b4066a3439aab7c3defd4cee0b,a49c71ec63a7a63b6140e6668a68e128ed982975c10b6f98d409af4f9cc5ac55,29427,29347,False,0.5697147250175476,0.4302663683891297,False,False
2026,agreement_filtered_ema,medseg_slice_048,evidence/notebook10_corrected/seed_2026/agreement_filtered_ema/medseg_slice_048.json,ac3e6760df20ac4bf57e09f868a2bf445ab894091c29732500f2fd176a85b957,1a0a4f94eb8c89cf9c9f6518cff762ad4cc84f36cc4aad40fe7a5077d06383c6,dda11bbc66ddf63956571b7fb00fb2e437043e8eb8d05b53c0a2ddb7d828e8c0,a49c71ec63a7a63b6140e6668a68e128ed982975c10b6f98d409af4f9cc5ac55,46,0,False,0.2469099313020706,0.4302663683891297,True,True
2026,agreement_filtered_ema,medseg_slice_049,evidence/notebook10_corrected/seed_2026/agreement_filtered_ema/medseg_slice_049.json,63ca2e9da9fb9edf2db62328272574b3f955986be9c304e3c8c2d47056bbe250,bfe5c22279be9fd16e131ffcf4c45716f555a80e8bf2cf5548a138f7a04ad198,88ff69cf0af10c99c99873338959f927acce490734df05601cceb86a569cf639,a49c71ec63a7a63b6140e6668a68e128ed982975c10b6f98d409af4f9cc5ac55,9518,9543,False,0.6409345269203186,0.4302663683891297,False,False
2026,agreement_filtered_ema,medseg_slice_050,evidence/notebook10_corrected/seed_2026/agreement_filtered_ema/medseg_slice_050.json,ddcf423fe53d215d65fb9cfbe28ffa4c8055c73e6a4beb0e0a94258388c6f75f,6555903cfc6d3803550ef86433f64485518329216c578b6289e9181ac0397950,81c2333a7523dd640cc2e3601387a2bdefa12fb70d47202b23314c70dbcd5339,a49c71ec63a7a63b6140e6668a68e128ed982975c10b6f98d409af4f9cc5ac55,16894,16921,False,0.6240809559822083,0.4302663683891297,False,False
2026,agreement_filtered_ema,medseg_slice_051,evidence/notebook10_corrected/seed_2026/agreement_filtered_ema/medseg_slice_051.json,471874212d94845f2884ed6625d89f15fcf74ec3435942a4e4b05f840281f90e,3df139597aa1b0ae7da043646935a1da1ae062c7566a524db57f1474892ab158,b6bd390da69222b7d573fd1429720e20bdab204e0e6956b7d4814efa3d23e522,a49c71ec63a7a63b6140e6668a68e128ed982975c10b6f98d409af4f9cc5ac55,69786,69730,False,0.6231639981269836,0.4302663683891297,False,False
2026,agreement_filtered_ema,medseg_slice_052,evidence/notebook10_corrected/seed_2026/agreement_filtered_ema/medseg_slice_052.json,b9a1adaaa3918164f19205097850b45a5916f1558cf25b3d336d4df3d681fc70,947d10c4f46f27d4b12ef9b1fa165636306c8991c21e9225c4fb1b2bb00a6ca9,dc2d1be3f6507cf8e375c12b4724decd625e4f93a0411e69ab0bda0c07701378,a49c71ec63a7a63b6140e6668a68e128ed982975c10b6f98d409af4f9cc5ac55,4320,4593,False,0.6813870072364807,0.4302663683891297,False,False
2026,agreement_filtered_ema,medseg_slice_053,evidence/notebook10_corrected/seed_2026/agreement_filtered_ema/medseg_slice_053.json,48e9e45730316ae632c167f8fe12c60d2de0db12082b7ecbafdff6213204fe8c,6b77c6872f4cba2318444a68c589acd81a42ac9e5c650c9edabd258fe66225de,77a699861976cd7fe2992a1624884fd1b6732d1301bb746b34f7f1632395f4ab,a49c71ec63a7a63b6140e6668a68e128ed982975c10b6f98d409af4f9cc5ac55,47772,46854,False,0.6216210722923279,0.4302663683891297,False,False
2026,agreement_filtered_ema,medseg_slice_054,evidence/notebook10_corrected/seed_2026/agreement_filtered_ema/medseg_slice_054.json,2a40ccbc3f43c672018a41a62247aad5b8b5627578efe49aee75398c5ac6b8cd,bed928cf09892a2e88c9b802bc0786a408ad642d4573a641024b32f6d69369f3,c2baa20f5c599c61f4e3ae1f8faa577145ef449781769ee31a1aa03503dea356,a49c71ec63a7a63b6140e6668a68e128ed982975c10b6f98d409af4f9cc5ac55,12656,12558,False,0.5280627608299255,0.4302663683891297,False,False
2026,agreement_filtered_ema,medseg_slice_055,evidence/notebook10_corrected/seed_2026/agreement_filtered_ema/medseg_slice_055.json,ba7e9b87d8aa6e2f122e623e74f5742ddbe4b66ea56a3fbced95b86a0abd5de0,9b830341fd52efe1641062e7c4991bf8503c7d889302a72aa266d828011539e8,54646531abdca8dda4134d439efd397cd9ca3a182d4c1b6cd7df4995073c5da5,a49c71ec63a7a63b6140e6668a68e128ed982975c10b6f98d409af4f9cc5ac55,43440,42891,False,0.5666981339454651,0.4302663683891297,False,False
2026,agreement_filtered_ema,medseg_slice_056,evidence/notebook10_corrected/seed_2026/agreement_filtered_ema/medseg_slice_056.json,9e7111788d4721ad8511888db023d84029e9c18cc41aee236515a289b2a26977,bd95ed4d5fbf50f55d5bd7667991f6471a878bf8a891ac37d0d81a4000735107,9ae0268bf3fe825966c16c2f92aae381f9ac8c03b75e7cf10932be0f58233da7,a49c71ec63a7a63b6140e6668a68e128ed982975c10b6f98d409af4f9cc5ac55,9564,8903,False,0.652090847492218,0.4302663683891297,False,False
2026,agreement_filtered_ema,medseg_slice_057,evidence/notebook10_corrected/seed_2026/agreement_filtered_ema/medseg_slice_057.json,f6d7b7bd598a2decc7bb8d2b9e8f7d5f4012db9e41ad842f5be917a472e9b597,72e1841c935c9964794b40c746e187245203b38fae29bf0caeb2e7a02c46c5c6,37fe5ea53075024fb407fafe331a1b3da21e381331b941a0ce1d5a41654f32cf,a49c71ec63a7a63b6140e6668a68e128ed982975c10b6f98d409af4f9cc5ac55,38462,38066,False,0.6073866486549377,0.4302663683891297,False,False
2026,agreement_filtered_ema,medseg_slice_058,evidence/notebook10_corrected/seed_2026/agreement_filtered_ema/medseg_slice_058.json,9f4e7462271decdc1afb47c9255ae97b35c83d1795ffe2968caa321c5ff27377,75255b5303a732feb9eab706e92e55632c4ab305b2e361e60bd0cfe123ae170f,839a523216da6b4c9720382f21c8f09e5cbd046de726ba1304350a8c9c9c4dca,a49c71ec63a7a63b6140e6668a68e128ed982975c10b6f98d409af4f9cc5ac55,47478,46505,False,0.6230543255805969,0.4302663683891297,False,False
2026,agreement_filtered_ema,medseg_slice_059,evidence/notebook10_corrected/seed_2026/agreement_filtered_ema/medseg_slice_059.json,6786eb7cad21d3c5d33a9418f30b2f82f0e7fc3a876b5e60be84f9fe1aba1ee8,66432a86c920010c446c160b5cd6716aa210f043133d4f5013dc52cacf07093d,51449f32d27557869f5593dcf11807d7d2945811b8f2abc4e4efde5e10a298fb,a49c71ec63a7a63b6140e6668a68e128ed982975c10b6f98d409af4f9cc5ac55,34453,34990,False,0.6111695170402527,0.4302663683891297,False,False
2026,agreement_filtered_ema,medseg_slice_060,evidence/notebook10_corrected/seed_2026/agreement_filtered_ema/medseg_slice_060.json,6c33053baf05370a2b92375e8aec3b33363dfbc5242d2b8178fa18dfd24c7f55,cd3c4fcc0293decb3fe5d6cc2605c992fc0c5dcd0f600ee6608e2825c77d8613,7eb144e2151df5071a9fdf8cc23e192049c32a668a3fae30a4ae60a0b12a1555,a49c71ec63a7a63b6140e6668a68e128ed982975c10b6f98d409af4f9cc5ac55,58595,58374,False,0.6351796388626099,0.4302663683891297,False,False
2026,agreement_filtered_ema,medseg_slice_061,evidence/notebook10_corrected/seed_2026/agreement_filtered_ema/medseg_slice_061.json,f65732f2eaf258ef623fa70b4d51e1b111b8e7f6f78f56aa5234cd9b902f9fe0,6deb5ee0627e5581fc35f43720cacd11f4bdbf4ed6bb1340ef5438070445bc82,93dad9fa09256fedfe4b712f84f8bd12f48b0bdc167eaf40e6cf20988e91cb10,a49c71ec63a7a63b6140e6668a68e128ed982975c10b6f98d409af4f9cc5ac55,8636,8198,False,0.6234495639801025,0.4302663683891297,False,False
2026,agreement_filtered_ema,medseg_slice_062,evidence/notebook10_corrected/seed_2026/agreement_filtered_ema/medseg_slice_062.json,8e16d7d22436799ef51d1bf52cbc73503f3210af02bd73eef055b0f11057f0b6,4e8d39e256ff340b2a45f4378b868d050f22e607ca7b4f9a6e71f8712d4fa13c,bbda1a1e85d5d61a91897cc022a8b0a3d3a75136b713acf9fbb701192eb839ae,a49c71ec63a7a63b6140e6668a68e128ed982975c10b6f98d409af4f9cc5ac55,5537,5500,False,0.3952510058879852,0.4302663683891297,True,True
2026,agreement_filtered_ema,medseg_slice_063,evidence/notebook10_corrected/seed_2026/agreement_filtered_ema/medseg_slice_063.json,8dd2b3ec2ec4c105b28bfcd2373c4d14428aaa906d66537d23a364096da39e40,4889473fac3da948fc3f811865dc1c349fb522b402944f43b446c1ee77b07406,ff91980c42e73d53a7ae1bd374c62b8e16e4e7b88933a0d0fcd38ae77b9f1282,a49c71ec63a7a63b6140e6668a68e128ed982975c10b6f98d409af4f9cc5ac55,6861,6805,False,0.4929596781730652,0.4302663683891297,False,False
2026,agreement_filtered_ema,medseg_slice_064,evidence/notebook10_corrected/seed_2026/agreement_filtered_ema/medseg_slice_064.json,0fb4fd69178b654cc20222bb1bb1956e0d0d449f62040ff04f49b3f1ade69737,03fcb275fd8e2728d23b62183eda8538d6e5dbe04daf74037d187950ae5bb596,d9197eef46713497623e82badf06c65b41041ba46e01232bdcad7c3ef3b20292,a49c71ec63a7a63b6140e6668a68e128ed982975c10b6f98d409af4f9cc5ac55,4032,3760,False,0.5832720398902893,0.4302663683891297,False,False
2026,agreement_filtered_ema,medseg_slice_065,evidence/notebook10_corrected/seed_2026/agreement_filtered_ema/medseg_slice_065.json,533671631ce08e3f5f3ab5f30a71753f89dc15fbde872412316de41095f3e635,78ced4fafa033d183d63214bde76d7ab4fe12dede9ac7b3ef9bc08b27b3571db,e4208196c27a4a30c253faa4e8dbad89265c9d84e9ec9e74fc5aa7255dfb378e,a49c71ec63a7a63b6140e6668a68e128ed982975c10b6f98d409af4f9cc5ac55,10768,10715,False,0.5433207154273987,0.4302663683891297,False,False
2026,agreement_filtered_ema,medseg_slice_066,evidence/notebook10_corrected/seed_2026/agreement_filtered_ema/medseg_slice_066.json,38dc7d59bdad717f6acc3eea4401d58c9c5598cf48217bd7044f9c0d49737538,90bd0e396d4496086e1a7832dfb230ed407815031b7fb6c08838557943d849cf,5651fdc355215feea53addbf0f3fe94d69dd33c0844e6c261e03a0ff064b0c5c,a49c71ec63a7a63b6140e6668a68e128ed982975c10b6f98d409af4f9cc5ac55,2117,1883,False,0.4235492646694183,0.4302663683891297,True,True
2026,agreement_filtered_ema,medseg_slice_067,evidence/notebook10_corrected/seed_2026/agreement_filtered_ema/medseg_slice_067.json,d1ab858083f0f86a2eb3f19339f6c3f401ff9f552d493843f2f0297c7aa44d73,da25e3994dce35c43bd05f586c032b0ab14e4a8288b55ca6abfce1f2be8ac0b5,a704f3307c6bc24dd0837624e284308b017d2eb2b4aa05638115d9c2bd43318a,a49c71ec63a7a63b6140e6668a68e128ed982975c10b6f98d409af4f9cc5ac55,18399,18638,False,0.6769221425056458,0.4302663683891297,False,False
2026,agreement_filtered_ema,medseg_slice_068,evidence/notebook10_corrected/seed_2026/agreement_filtered_ema/medseg_slice_068.json,ceff324827b078f0e48b5a9bbce159f066619d91edd09e8f2ad5d1aa795b6e32,611d6571ef4fc4f7661ee81f2d9e7fc82e0b44519762e3126e58f974d314b6a7,262c98e210a44cf461d9ea3af6deb3d66d1608afa016fe547a25b8ba3e8a5852,a49c71ec63a7a63b6140e6668a68e128ed982975c10b6f98d409af4f9cc5ac55,18132,18490,False,0.6827477216720581,0.4302663683891297,False,False
2026,agreement_filtered_ema,medseg_slice_069,evidence/notebook10_corrected/seed_2026/agreement_filtered_ema/medseg_slice_069.json,5f424868db4c600e7d2dcf28d7e70a8141d65e561791781e747d723252547f2f,173dc9154cef478382c0b157519d6fee70353d4cfc9171dea449104af3d052f5,e388c1394db4e4bd193de9f452e2a6386a5b8def32eb8c1e0910c96b2380de36,a49c71ec63a7a63b6140e6668a68e128ed982975c10b6f98d409af4f9cc5ac55,53093,51668,False,0.6154535412788391,0.4302663683891297,False,False
2026,agreement_filtered_ema,medseg_slice_070,evidence/notebook10_corrected/seed_2026/agreement_filtered_ema/medseg_slice_070.json,259f49eb92eae595ff0acb6f1e65a00614962c6d0fc1272c6a6027fe13754b0a,4544eaa872af69cbed8988da4d5d0c3475e23a7aaf2b01fb97f10737d582cbb4,be689140840a32ca8b917fda7f8c01a91c4952d29510c7c14c0b2b09cd5c738d,a49c71ec63a7a63b6140e6668a68e128ed982975c10b6f98d409af4f9cc5ac55,17518,17328,False,0.6155394911766052,0.4302663683891297,False,False
2026,agreement_filtered_ema,medseg_slice_071,evidence/notebook10_corrected/seed_2026/agreement_filtered_ema/medseg_slice_071.json,8474d53ecc7a101815e137397c55a0238ba8d15b85b7d6d715899230c62bba81,17e403ea17c691de6e3ae789596346f869afeb92512e5672a15e7d8abbb9267f,cc1344315f5a5c347020749c92973bd363f0ca8e5f262e43f56528f61065970c,a49c71ec63a7a63b6140e6668a68e128ed982975c10b6f98d409af4f9cc5ac55,42737,42589,False,0.595659613609314,0.4302663683891297,False,False
2026,agreement_filtered_ema,medseg_slice_072,evidence/notebook10_corrected/seed_2026/agreement_filtered_ema/medseg_slice_072.json,8979a9867d9762dc32ac742a8975aa4c5256635b62defcd0fba59e9e1bac0662,2a410a9ac5ea84153d3c47b98dc566183b1b9979ab90f5c80a5d8f33642a09bf,fe6a496e2f416e52028ba77553f4a1a8485ba590b4fbf0278f31b103d897d84b,a49c71ec63a7a63b6140e6668a68e128ed982975c10b6f98d409af4f9cc5ac55,24918,24267,False,0.6270722150802612,0.4302663683891297,False,False
2026,agreement_filtered_ema,medseg_slice_073,evidence/notebook10_corrected/seed_2026/agreement_filtered_ema/medseg_slice_073.json,cd160a0aefa85e403ba0e8113c4dbcff466b81dd77c0f7a2ef85d5b68988ea6f,18ed5ef2c0a1d1f7ac900b4f4b090538011062498178b1152a7a4ba447105dc1,af0406f3acc3b16c113a45ebfc68f853196b3133ba34f5779b9833207309654f,a49c71ec63a7a63b6140e6668a68e128ed982975c10b6f98d409af4f9cc5ac55,9608,9406,False,0.5944845676422119,0.4302663683891297,False,False
2026,agreement_filtered_ema,medseg_slice_074,evidence/notebook10_corrected/seed_2026/agreement_filtered_ema/medseg_slice_074.json,2055e1de57210ccb1af34a127b04a85afa3059179c056ee6f4eeea177f3d0018,d47587d79aa5ed20903af43972eaa5bc2bb401101ad705e138ded0a366077814,f5c25277a5d46bdea1d9647e6ac94067b8091d05a717bb36d278c0eac20946c1,a49c71ec63a7a63b6140e6668a68e128ed982975c10b6f98d409af4f9cc5ac55,5371,4945,False,0.5524709820747375,0.4302663683891297,False,False
2026,agreement_filtered_ema,medseg_slice_075,evidence/notebook10_corrected/seed_2026/agreement_filtered_ema/medseg_slice_075.json,664e7be3ded6b38c1f4470905e7fcc2ae8d585e46e05c23200ce6affe574929f,2b20e4b08b199c5775c6e26773d4702063487ca22eb3d447d8b6526848f9e38e,241e27576fdbaf67df7dbca2f5014e742c1671bb752e50c59f16a874dd7f3767,a49c71ec63a7a63b6140e6668a68e128ed982975c10b6f98d409af4f9cc5ac55,23586,23568,False,0.6576718091964722,0.4302663683891297,False,False
2026,agreement_filtered_ema,medseg_slice_076,evidence/notebook10_corrected/seed_2026/agreement_filtered_ema/medseg_slice_076.json,9214d0e6c0a32854b6518e3bef53f813a4d6bd924261e17f47518e60b7092b75,1376dfdafb090109d5fe682f4105fd82e79722762cec0f8f008738cc4565f7a2,8f4c3959def3f720e1a3a042dc1121891eba7313dd1e35e5dc15d3afbe87bf88,a49c71ec63a7a63b6140e6668a68e128ed982975c10b6f98d409af4f9cc5ac55,51326,50498,False,0.5854849815368652,0.4302663683891297,False,False
2026,agreement_filtered_ema,medseg_slice_077,evidence/notebook10_corrected/seed_2026/agreement_filtered_ema/medseg_slice_077.json,8cfca863747df46383c187a7a44b65f798f1461bcf7fb1629192cdac41360ffc,fa404920c04ae68ad75b0b586d130242052bb7f5ed1f63fce55d47a0d9616ed5,9494e9eb77bff294f972bcca5cf325cd0ea459e07ffd7156de53ff9760548e84,a49c71ec63a7a63b6140e6668a68e128ed982975c10b6f98d409af4f9cc5ac55,26015,25725,False,0.5702021718025208,0.4302663683891297,False,False
2026,agreement_filtered_ema,medseg_slice_078,evidence/notebook10_corrected/seed_2026/agreement_filtered_ema/medseg_slice_078.json,08da4dbfdff01fbe78ea4687ada8004aeeccbe5d8ef177c254c81d4597e65409,1a23c315b6201c57f1853ae092ca71dfe151ccd85e520ab1b2a6e67f82232a72,86b5a33d4630759d1c8a9ff5bd2e572ad4fa6f7f7d0462ec94eb65c21b9e11da,a49c71ec63a7a63b6140e6668a68e128ed982975c10b6f98d409af4f9cc5ac55,27309,27400,False,0.6187898516654968,0.4302663683891297,False,False
2026,agreement_filtered_ema,medseg_slice_079,evidence/notebook10_corrected/seed_2026/agreement_filtered_ema/medseg_slice_079.json,625f1c987c477137372a8520e14196bf08c69d14717be21d95c735ed2ca93fe4,8dfcbcc7ba15437a9ff853a0f4a546a82e6bed74f0f1c527a423e61338bd0c8d,a22a554690e2f5ca7d69f4cc3899805223a3f22cb1b4cb99dd731c3b1888687e,a49c71ec63a7a63b6140e6668a68e128ed982975c10b6f98d409af4f9cc5ac55,43361,43038,False,0.5522850155830383,0.4302663683891297,False,False
2026,agreement_filtered_ema,medseg_slice_080,evidence/notebook10_corrected/seed_2026/agreement_filtered_ema/medseg_slice_080.json,1c0aea79f3a342d4426a9c6d453ee23c04237f72a003f7a3c79a1837cd585c89,e9cd70df971fbe33f4bd19eabaf9bcd53a492a5d57da12dc7751e69fde173bf2,01e1d1377679f07b6de4ab8833357b2b419e5793ceb194809d4fa2bb5cd89add,a49c71ec63a7a63b6140e6668a68e128ed982975c10b6f98d409af4f9cc5ac55,19646,18962,False,0.6361770033836365,0.4302663683891297,False,False
2026,agreement_filtered_ema,medseg_slice_081,evidence/notebook10_corrected/seed_2026/agreement_filtered_ema/medseg_slice_081.json,cb93ef8848caacf152922d909458f06de4749c599502e838a54c1afac4aa9b1a,f15fb59625c42ab05fc0d719acc290fae7d8e54066e8197ec67b86a31cc9197b,8bdc8f1482f58e3a17f72aba8ba8b8038c1cdcaf7f4f533bf2631657cdbbf9c2,a49c71ec63a7a63b6140e6668a68e128ed982975c10b6f98d409af4f9cc5ac55,5408,5442,False,0.4427428841590881,0.4302663683891297,False,False
2026,agreement_filtered_ema,medseg_slice_082,evidence/notebook10_corrected/seed_2026/agreement_filtered_ema/medseg_slice_082.json,3fb17cd29a5e10f737a7192360b1e9633ab02bb07d447c8f5ad79b0d2cff6b46,52500249be87efa71b05d17360462f671f24acb04027fc9ad0779f281f27fe62,35d5a6fac00e28923a2227196f5ead363433831694a3a1ebfaf3ea669b9b724b,a49c71ec63a7a63b6140e6668a68e128ed982975c10b6f98d409af4f9cc5ac55,11209,11087,False,0.5088693499565125,0.4302663683891297,False,False
2026,agreement_filtered_ema,medseg_slice_083,evidence/notebook10_corrected/seed_2026/agreement_filtered_ema/medseg_slice_083.json,9f844aef224a306ee423995a8a3399636392752ec0636b5a0aaa3baaa7d6b92b,2777c02e05128caa1569850d49d834d41bd84e0238de401ba4f506df31b190e4,1bb85f5c0d8161a63d45115b72bed88f157e1cc0cb98ef06b46297874faec2e8,a49c71ec63a7a63b6140e6668a68e128ed982975c10b6f98d409af4f9cc5ac55,7075,6888,False,0.6085156798362732,0.4302663683891297,False,False
2026,agreement_filtered_ema,medseg_slice_084,evidence/notebook10_corrected/seed_2026/agreement_filtered_ema/medseg_slice_084.json,659365209d48cdafb6320be6cc05115cb70ee7c360b1bd3649607886b301b637,026775d2c8e50ecb200ecf1bff2de83e631bbfb47b6c1bb2929e1837a82ee0ba,5e602ddad065e71fc31aebc468aa7a6a94ebd91b6d1cd905a03dde886993d92a,a49c71ec63a7a63b6140e6668a68e128ed982975c10b6f98d409af4f9cc5ac55,8962,8938,False,0.6252053380012512,0.4302663683891297,False,False
2026,agreement_filtered_ema,medseg_slice_085,evidence/notebook10_corrected/seed_2026/agreement_filtered_ema/medseg_slice_085.json,aa34deee5cce95ed0891b4a068ad4d4c172935deaee1041e373d91e1851da443,1a83cfc87b7827614338e7584e034e4825c6b00cdd79a264856ece86db71f76d,637e6ccb44a9fccf55d495aa6ad5fcc071e7c3aebfde2b695f3e73097a11df53,a49c71ec63a7a63b6140e6668a68e128ed982975c10b6f98d409af4f9cc5ac55,27961,28160,False,0.6760469079017639,0.4302663683891297,False,False
2026,agreement_filtered_ema,medseg_slice_086,evidence/notebook10_corrected/seed_2026/agreement_filtered_ema/medseg_slice_086.json,8acb5189249f0ff614de0136ec0f806a5fd6f34d3ecd4364b12a5a0da09d2a85,eb33c520222e906cd1928eaa6e641d93338b343871d22e726187ed3282bd7aba,9b73e42e2fdddabbbe3de1a0d25db2d3b28a43f20e4ce2e22bb140d3807f632b,a49c71ec63a7a63b6140e6668a68e128ed982975c10b6f98d409af4f9cc5ac55,4833,4899,False,0.5014423727989197,0.4302663683891297,False,False
2026,agreement_filtered_ema,medseg_slice_087,evidence/notebook10_corrected/seed_2026/agreement_filtered_ema/medseg_slice_087.json,b90970ea3671d4dfdba406b65f4ccaa2af3ce8bbf85a55c6c0bef7f21b6a3f3a,71b6a3474ce9d3bc1f43853c32d7f0932cd49bb2026e8a48506c61cafc8a8ebc,5d8a9e279f9b1f808e0a75b52f99d1e8b1ea5a07095db0c4143403eeea251010,a49c71ec63a7a63b6140e6668a68e128ed982975c10b6f98d409af4f9cc5ac55,32201,30644,False,0.6332113742828369,0.4302663683891297,False,False
2026,agreement_filtered_ema,medseg_slice_088,evidence/notebook10_corrected/seed_2026/agreement_filtered_ema/medseg_slice_088.json,58346d241490d65e170c3d7723b1604931fffd289bd9f3a5f77989e13bf64156,54f628ad7ccb3bce4073d076c72f44ddc628531a007a24e42353f5e48de59b77,83c81501148a4cadc1e4d2a13f03e03b4650f3a1af0a92ffe7db22ef8e2db30a,a49c71ec63a7a63b6140e6668a68e128ed982975c10b6f98d409af4f9cc5ac55,21025,21080,False,0.6398220658302307,0.4302663683891297,False,False
2026,agreement_filtered_ema,medseg_slice_089,evidence/notebook10_corrected/seed_2026/agreement_filtered_ema/medseg_slice_089.json,ccaf2b703f5bd51ccbd1bb330d0de2ed0f33c4c8f2c3a3afff91cf7a3d3a7dd9,4b2b14bd7faa5bedfa75db01c2d28d18a8c76b3cf9a160f6ebf5680d2f2f117c,629b21252ad5a4220ecdfd6bc0b685182b7547a65cc1bd5f21fbdfb633c44d3e,a49c71ec63a7a63b6140e6668a68e128ed982975c10b6f98d409af4f9cc5ac55,714,778,False,0.2522028088569641,0.4302663683891297,True,True
2026,agreement_filtered_ema,medseg_slice_090,evidence/notebook10_corrected/seed_2026/agreement_filtered_ema/medseg_slice_090.json,c9558d464b0cf3976c89588e6d022b70d1b1b71a248cdd09e1218e8ce21f6841,381278d48cabda98d106bc4223d81ce6f2d668949b128abab3387d5b0a0b20c2,0a1c58aea19ab72d0fba6e80fb80fcd0205e5ed42d92c433720fef292e0e1942,a49c71ec63a7a63b6140e6668a68e128ed982975c10b6f98d409af4f9cc5ac55,15683,15512,False,0.592876672744751,0.4302663683891297,False,False
2026,agreement_filtered_ema,medseg_slice_091,evidence/notebook10_corrected/seed_2026/agreement_filtered_ema/medseg_slice_091.json,07af65098f27f5e6d47ae851b800b0799cd007dcfed58773befc882636c7897f,2e2ed6c8129cab6f77b3a56db9159a0dff3c09a402040bb88e812f085f409d40,be21f5c640667e3a5ba24a0afbc2f7968091dcd6b04ff26d74e33f4f14b070b0,a49c71ec63a7a63b6140e6668a68e128ed982975c10b6f98d409af4f9cc5ac55,13508,13221,False,0.6655099987983704,0.4302663683891297,False,False
2026,agreement_filtered_ema,medseg_slice_092,evidence/notebook10_corrected/seed_2026/agreement_filtered_ema/medseg_slice_092.json,f3f56506dd45c4918b46351c11a93cdd158304f391881be8025de8d25d1ce3fb,ac9d67f83b27a9bc11ecb219be66336dd29a551c2339ff613706a508abd07055,0be30399e67c7365b19a750972de56fa7380cfe49bb403b85c3ecc8ba7d0cfb1,a49c71ec63a7a63b6140e6668a68e128ed982975c10b6f98d409af4f9cc5ac55,18026,17734,False,0.6268673539161682,0.4302663683891297,False,False
2026,agreement_filtered_ema,medseg_slice_093,evidence/notebook10_corrected/seed_2026/agreement_filtered_ema/medseg_slice_093.json,73dbce5da80e865b8cee39e8fcb3b482a652b715a984219561b21aeae6ef2faa,8f6e71b6a69bbc05e72f804af8ab24b635370f68ec0717e225f526e30f5aa356,b8b1427ec9574bc351db4941518c27a57e223d80e41a87f89416a1e257050f66,a49c71ec63a7a63b6140e6668a68e128ed982975c10b6f98d409af4f9cc5ac55,10022,9699,False,0.6175073385238647,0.4302663683891297,False,False
2026,agreement_filtered_ema,medseg_slice_094,evidence/notebook10_corrected/seed_2026/agreement_filtered_ema/medseg_slice_094.json,2f9987a9152003b9acabc09d06f3ab6ffe27bffbdd741408ec62f6994e2d6098,8f2050855ab04c9d92c01af93d2378678f9114fbdf6a7dd366696fd11fe1c9e4,f84a238f2d923cc57f6d599ba226182ba7a3846e6a778d9bc44c3a624c7b8836,a49c71ec63a7a63b6140e6668a68e128ed982975c10b6f98d409af4f9cc5ac55,14141,13582,False,0.6694543361663818,0.4302663683891297,False,False
2026,agreement_filtered_ema,medseg_slice_095,evidence/notebook10_corrected/seed_2026/agreement_filtered_ema/medseg_slice_095.json,22648c093168c708a63d8640ca77821fcec661399cb00aafb5832589228262cb,8dd47a71fdd1fc0ba9e75076db4c871e78590540ede0109fd6441a70e10e30eb,402fe53ba44bfcb8e187ec62209990702a03db9035490ae74baedda387a35654,a49c71ec63a7a63b6140e6668a68e128ed982975c10b6f98d409af4f9cc5ac55,9696,9794,False,0.5344285368919373,0.4302663683891297,False,False
2026,agreement_filtered_ema,medseg_slice_096,evidence/notebook10_corrected/seed_2026/agreement_filtered_ema/medseg_slice_096.json,f6af49b734ebb33a72e61c5969103cef70ae06eab8857836ee3501e2209de144,2dc2cfcafe292992cd5b95eb0d45a0cb75805f3dc41e36949537fd1251d26a76,65d12a1290a2066f1e7a2d56981c10f57b86dfb5d730d1c0ff66cb7230d2055a,a49c71ec63a7a63b6140e6668a68e128ed982975c10b6f98d409af4f9cc5ac55,62073,61219,False,0.6137200593948364,0.4302663683891297,False,False
2026,agreement_filtered_ema,medseg_slice_097,evidence/notebook10_corrected/seed_2026/agreement_filtered_ema/medseg_slice_097.json,dd79ca6279a58a40b22b64b816c691eecbf9cc753f7a5eb170c51797dbb13f1e,804ba71bf2ef9fabd78bf16e9e974e7b517c29651650e25d742d5d7f390448d3,77994685b5faf8d9eaa2189f04bf5a90f7be9ad4fed72ed17605333d039290bf,a49c71ec63a7a63b6140e6668a68e128ed982975c10b6f98d409af4f9cc5ac55,9318,8797,False,0.5806337594985962,0.4302663683891297,False,False
2026,agreement_filtered_ema,medseg_slice_098,evidence/notebook10_corrected/seed_2026/agreement_filtered_ema/medseg_slice_098.json,2d5f015a9043c32ba977f7ad957dadf5724be3c5ee791c7bbee9ba178b2bb7cd,5cca738fe3754447379d593b74b1630e47b03422bebe1952646b90f0dfa17104,d0fcff2e412659e03536e55244b872c8d5121ebe63e6579c67e604bee1de1109,a49c71ec63a7a63b6140e6668a68e128ed982975c10b6f98d409af4f9cc5ac55,53536,53039,False,0.5800676941871643,0.4302663683891297,False,False
2026,agreement_filtered_ema,medseg_slice_099,evidence/notebook10_corrected/seed_2026/agreement_filtered_ema/medseg_slice_099.json,2f43d48ae29916ac357c336c449e694539f69e00c1c0f633a3508f98080b5591,451ff5a5de6e98464e9a72f2053fda7c31ad6cc8ce01f49f8072529ad90cb9c6,76d18a6da0599b5e5328da520a97d1bb1e37a167ec4f4e006eb183c9a701261a,a49c71ec63a7a63b6140e6668a68e128ed982975c10b6f98d409af4f9cc5ac55,14556,14839,False,0.6089318990707397,0.4302663683891297,False,False
