report_id,case_id,seed,method,state_id,llm_state_output_valid,fallback_used,matches_deterministic_baseline,protected_numbers_generated_by_llm,rendered_text_sha256
report_seed17_supervised_medseg_slice_000,medseg_slice_000,17,supervised,detected_1__eligible_0,True,False,True,False,678a322869880e3d035142eb1b90d240a6fcdfdc873f93f849d055b0bba7da28
report_seed17_supervised_medseg_slice_001,medseg_slice_001,17,supervised,detected_1__eligible_0,True,False,True,False,678a322869880e3d035142eb1b90d240a6fcdfdc873f93f849d055b0bba7da28
report_seed17_supervised_medseg_slice_002,medseg_slice_002,17,supervised,detected_1__eligible_1,True,False,True,False,c38aa7ffd78536d54ca5a6edaec239797c50cadfcdc75b3be601066290a3dca1
report_seed17_supervised_medseg_slice_003,medseg_slice_003,17,supervised,detected_1__eligible_0,True,False,True,False,678a322869880e3d035142eb1b90d240a6fcdfdc873f93f849d055b0bba7da28
report_seed17_supervised_medseg_slice_004,medseg_slice_004,17,supervised,detected_1__eligible_0,True,False,True,False,678a322869880e3d035142eb1b90d240a6fcdfdc873f93f849d055b0bba7da28
report_seed17_supervised_medseg_slice_005,medseg_slice_005,17,supervised,detected_1__eligible_0,True,False,True,False,678a322869880e3d035142eb1b90d240a6fcdfdc873f93f849d055b0bba7da28
report_seed17_supervised_medseg_slice_006,medseg_slice_006,17,supervised,detected_1__eligible_0,True,False,True,False,678a322869880e3d035142eb1b90d240a6fcdfdc873f93f849d055b0bba7da28
report_seed17_supervised_medseg_slice_007,medseg_slice_007,17,supervised,detected_1__eligible_0,True,False,True,False,678a322869880e3d035142eb1b90d240a6fcdfdc873f93f849d055b0bba7da28
report_seed17_supervised_medseg_slice_008,medseg_slice_008,17,supervised,detected_1__eligible_0,True,False,True,False,678a322869880e3d035142eb1b90d240a6fcdfdc873f93f849d055b0bba7da28
report_seed17_supervised_medseg_slice_009,medseg_slice_009,17,supervised,detected_1__eligible_0,True,False,True,False,678a322869880e3d035142eb1b90d240a6fcdfdc873f93f849d055b0bba7da28
report_seed17_supervised_medseg_slice_010,medseg_slice_010,17,supervised,detected_1__eligible_0,True,False,True,False,678a322869880e3d035142eb1b90d240a6fcdfdc873f93f849d055b0bba7da28
report_seed17_supervised_medseg_slice_011,medseg_slice_011,17,supervised,detected_1__eligible_0,True,False,True,False,678a322869880e3d035142eb1b90d240a6fcdfdc873f93f849d055b0bba7da28
report_seed17_supervised_medseg_slice_012,medseg_slice_012,17,supervised,detected_1__eligible_0,True,False,True,False,678a322869880e3d035142eb1b90d240a6fcdfdc873f93f849d055b0bba7da28
report_seed17_supervised_medseg_slice_013,medseg_slice_013,17,supervised,detected_1__eligible_0,True,False,True,False,678a322869880e3d035142eb1b90d240a6fcdfdc873f93f849d055b0bba7da28
report_seed17_supervised_medseg_slice_014,medseg_slice_014,17,supervised,detected_1__eligible_0,True,False,True,False,678a322869880e3d035142eb1b90d240a6fcdfdc873f93f849d055b0bba7da28
report_seed17_supervised_medseg_slice_015,medseg_slice_015,17,supervised,detected_1__eligible_0,True,False,True,False,678a322869880e3d035142eb1b90d240a6fcdfdc873f93f849d055b0bba7da28
report_seed17_supervised_medseg_slice_016,medseg_slice_016,17,supervised,detected_1__eligible_0,True,False,True,False,678a322869880e3d035142eb1b90d240a6fcdfdc873f93f849d055b0bba7da28
report_seed17_supervised_medseg_slice_017,medseg_slice_017,17,supervised,detected_1__eligible_0,True,False,True,False,678a322869880e3d035142eb1b90d240a6fcdfdc873f93f849d055b0bba7da28
report_seed17_supervised_medseg_slice_018,medseg_slice_018,17,supervised,detected_1__eligible_0,True,False,True,False,678a322869880e3d035142eb1b90d240a6fcdfdc873f93f849d055b0bba7da28
report_seed17_supervised_medseg_slice_019,medseg_slice_019,17,supervised,detected_1__eligible_0,True,False,True,False,678a322869880e3d035142eb1b90d240a6fcdfdc873f93f849d055b0bba7da28
report_seed17_supervised_medseg_slice_020,medseg_slice_020,17,supervised,detected_1__eligible_0,True,False,True,False,678a322869880e3d035142eb1b90d240a6fcdfdc873f93f849d055b0bba7da28
report_seed17_supervised_medseg_slice_021,medseg_slice_021,17,supervised,detected_1__eligible_0,True,False,True,False,678a322869880e3d035142eb1b90d240a6fcdfdc873f93f849d055b0bba7da28
report_seed17_supervised_medseg_slice_022,medseg_slice_022,17,supervised,detected_1__eligible_0,True,False,True,False,678a322869880e3d035142eb1b90d240a6fcdfdc873f93f849d055b0bba7da28
report_seed17_supervised_medseg_slice_023,medseg_slice_023,17,supervised,detected_1__eligible_0,True,False,True,False,678a322869880e3d035142eb1b90d240a6fcdfdc873f93f849d055b0bba7da28
report_seed17_supervised_medseg_slice_024,medseg_slice_024,17,supervised,detected_1__eligible_0,True,False,True,False,678a322869880e3d035142eb1b90d240a6fcdfdc873f93f849d055b0bba7da28
report_seed17_supervised_medseg_slice_025,medseg_slice_025,17,supervised,detected_1__eligible_0,True,False,True,False,678a322869880e3d035142eb1b90d240a6fcdfdc873f93f849d055b0bba7da28
report_seed17_supervised_medseg_slice_026,medseg_slice_026,17,supervised,detected_1__eligible_0,True,False,True,False,678a322869880e3d035142eb1b90d240a6fcdfdc873f93f849d055b0bba7da28
report_seed17_supervised_medseg_slice_027,medseg_slice_027,17,supervised,detected_1__eligible_0,True,False,True,False,678a322869880e3d035142eb1b90d240a6fcdfdc873f93f849d055b0bba7da28
report_seed17_supervised_medseg_slice_028,medseg_slice_028,17,supervised,detected_1__eligible_0,True,False,True,False,678a322869880e3d035142eb1b90d240a6fcdfdc873f93f849d055b0bba7da28
report_seed17_supervised_medseg_slice_029,medseg_slice_029,17,supervised,detected_1__eligible_0,True,False,True,False,678a322869880e3d035142eb1b90d240a6fcdfdc873f93f849d055b0bba7da28
report_seed17_supervised_medseg_slice_030,medseg_slice_030,17,supervised,detected_1__eligible_0,True,False,True,False,678a322869880e3d035142eb1b90d240a6fcdfdc873f93f849d055b0bba7da28
report_seed17_supervised_medseg_slice_031,medseg_slice_031,17,supervised,detected_1__eligible_0,True,False,True,False,678a322869880e3d035142eb1b90d240a6fcdfdc873f93f849d055b0bba7da28
report_seed17_supervised_medseg_slice_032,medseg_slice_032,17,supervised,detected_1__eligible_0,True,False,True,False,678a322869880e3d035142eb1b90d240a6fcdfdc873f93f849d055b0bba7da28
report_seed17_supervised_medseg_slice_033,medseg_slice_033,17,supervised,detected_1__eligible_0,True,False,True,False,678a322869880e3d035142eb1b90d240a6fcdfdc873f93f849d055b0bba7da28
report_seed17_supervised_medseg_slice_034,medseg_slice_034,17,supervised,detected_1__eligible_0,True,False,True,False,678a322869880e3d035142eb1b90d240a6fcdfdc873f93f849d055b0bba7da28
report_seed17_supervised_medseg_slice_035,medseg_slice_035,17,supervised,detected_1__eligible_0,True,False,True,False,678a322869880e3d035142eb1b90d240a6fcdfdc873f93f849d055b0bba7da28
report_seed17_supervised_medseg_slice_036,medseg_slice_036,17,supervised,detected_1__eligible_0,True,False,True,False,678a322869880e3d035142eb1b90d240a6fcdfdc873f93f849d055b0bba7da28
report_seed17_supervised_medseg_slice_037,medseg_slice_037,17,supervised,detected_1__eligible_0,True,False,True,False,678a322869880e3d035142eb1b90d240a6fcdfdc873f93f849d055b0bba7da28
report_seed17_supervised_medseg_slice_038,medseg_slice_038,17,supervised,detected_1__eligible_0,True,False,True,False,678a322869880e3d035142eb1b90d240a6fcdfdc873f93f849d055b0bba7da28
report_seed17_supervised_medseg_slice_039,medseg_slice_039,17,supervised,detected_1__eligible_0,True,False,True,False,678a322869880e3d035142eb1b90d240a6fcdfdc873f93f849d055b0bba7da28
report_seed17_supervised_medseg_slice_040,medseg_slice_040,17,supervised,detected_1__eligible_0,True,False,True,False,678a322869880e3d035142eb1b90d240a6fcdfdc873f93f849d055b0bba7da28
report_seed17_supervised_medseg_slice_041,medseg_slice_041,17,supervised,detected_1__eligible_0,True,False,True,False,678a322869880e3d035142eb1b90d240a6fcdfdc873f93f849d055b0bba7da28
report_seed17_supervised_medseg_slice_042,medseg_slice_042,17,supervised,detected_1__eligible_0,True,False,True,False,678a322869880e3d035142eb1b90d240a6fcdfdc873f93f849d055b0bba7da28
report_seed17_supervised_medseg_slice_043,medseg_slice_043,17,supervised,detected_1__eligible_0,True,False,True,False,678a322869880e3d035142eb1b90d240a6fcdfdc873f93f849d055b0bba7da28
report_seed17_supervised_medseg_slice_044,medseg_slice_044,17,supervised,detected_1__eligible_0,True,False,True,False,678a322869880e3d035142eb1b90d240a6fcdfdc873f93f849d055b0bba7da28
report_seed17_supervised_medseg_slice_045,medseg_slice_045,17,supervised,detected_1__eligible_0,True,False,True,False,678a322869880e3d035142eb1b90d240a6fcdfdc873f93f849d055b0bba7da28
report_seed17_supervised_medseg_slice_046,medseg_slice_046,17,supervised,detected_1__eligible_0,True,False,True,False,678a322869880e3d035142eb1b90d240a6fcdfdc873f93f849d055b0bba7da28
report_seed17_supervised_medseg_slice_047,medseg_slice_047,17,supervised,detected_1__eligible_0,True,False,True,False,678a322869880e3d035142eb1b90d240a6fcdfdc873f93f849d055b0bba7da28
report_seed17_supervised_medseg_slice_048,medseg_slice_048,17,supervised,detected_0__eligible_1,False,True,True,False,4d6bf74566a2d0f8e9be8e2f78ffb18c365b09714a87ec39562a0ca7389fe036
report_seed17_supervised_medseg_slice_049,medseg_slice_049,17,supervised,detected_1__eligible_0,True,False,True,False,678a322869880e3d035142eb1b90d240a6fcdfdc873f93f849d055b0bba7da28
report_seed17_supervised_medseg_slice_050,medseg_slice_050,17,supervised,detected_1__eligible_0,True,False,True,False,678a322869880e3d035142eb1b90d240a6fcdfdc873f93f849d055b0bba7da28
report_seed17_supervised_medseg_slice_051,medseg_slice_051,17,supervised,detected_1__eligible_0,True,False,True,False,678a322869880e3d035142eb1b90d240a6fcdfdc873f93f849d055b0bba7da28
report_seed17_supervised_medseg_slice_052,medseg_slice_052,17,supervised,detected_1__eligible_0,True,False,True,False,678a322869880e3d035142eb1b90d240a6fcdfdc873f93f849d055b0bba7da28
report_seed17_supervised_medseg_slice_053,medseg_slice_053,17,supervised,detected_1__eligible_0,True,False,True,False,678a322869880e3d035142eb1b90d240a6fcdfdc873f93f849d055b0bba7da28
report_seed17_supervised_medseg_slice_054,medseg_slice_054,17,supervised,detected_1__eligible_0,True,False,True,False,678a322869880e3d035142eb1b90d240a6fcdfdc873f93f849d055b0bba7da28
report_seed17_supervised_medseg_slice_055,medseg_slice_055,17,supervised,detected_1__eligible_0,True,False,True,False,678a322869880e3d035142eb1b90d240a6fcdfdc873f93f849d055b0bba7da28
report_seed17_supervised_medseg_slice_056,medseg_slice_056,17,supervised,detected_1__eligible_0,True,False,True,False,678a322869880e3d035142eb1b90d240a6fcdfdc873f93f849d055b0bba7da28
report_seed17_supervised_medseg_slice_057,medseg_slice_057,17,supervised,detected_1__eligible_0,True,False,True,False,678a322869880e3d035142eb1b90d240a6fcdfdc873f93f849d055b0bba7da28
report_seed17_supervised_medseg_slice_058,medseg_slice_058,17,supervised,detected_1__eligible_0,True,False,True,False,678a322869880e3d035142eb1b90d240a6fcdfdc873f93f849d055b0bba7da28
report_seed17_supervised_medseg_slice_059,medseg_slice_059,17,supervised,detected_1__eligible_0,True,False,True,False,678a322869880e3d035142eb1b90d240a6fcdfdc873f93f849d055b0bba7da28
report_seed17_supervised_medseg_slice_060,medseg_slice_060,17,supervised,detected_1__eligible_0,True,False,True,False,678a322869880e3d035142eb1b90d240a6fcdfdc873f93f849d055b0bba7da28
report_seed17_supervised_medseg_slice_061,medseg_slice_061,17,supervised,detected_1__eligible_0,True,False,True,False,678a322869880e3d035142eb1b90d240a6fcdfdc873f93f849d055b0bba7da28
report_seed17_supervised_medseg_slice_062,medseg_slice_062,17,supervised,detected_1__eligible_0,True,False,True,False,678a322869880e3d035142eb1b90d240a6fcdfdc873f93f849d055b0bba7da28
report_seed17_supervised_medseg_slice_063,medseg_slice_063,17,supervised,detected_1__eligible_0,True,False,True,False,678a322869880e3d035142eb1b90d240a6fcdfdc873f93f849d055b0bba7da28
report_seed17_supervised_medseg_slice_064,medseg_slice_064,17,supervised,detected_1__eligible_1,True,False,True,False,ad777fa935901acb65516ccd3c77095c4cb2e5dc2ab4319f9cf9ba84a9a8e728
report_seed17_supervised_medseg_slice_065,medseg_slice_065,17,supervised,detected_1__eligible_0,True,False,True,False,678a322869880e3d035142eb1b90d240a6fcdfdc873f93f849d055b0bba7da28
report_seed17_supervised_medseg_slice_066,medseg_slice_066,17,supervised,detected_1__eligible_0,True,False,True,False,678a322869880e3d035142eb1b90d240a6fcdfdc873f93f849d055b0bba7da28
report_seed17_supervised_medseg_slice_067,medseg_slice_067,17,supervised,detected_1__eligible_0,True,False,True,False,678a322869880e3d035142eb1b90d240a6fcdfdc873f93f849d055b0bba7da28
report_seed17_supervised_medseg_slice_068,medseg_slice_068,17,supervised,detected_1__eligible_0,True,False,True,False,678a322869880e3d035142eb1b90d240a6fcdfdc873f93f849d055b0bba7da28
report_seed17_supervised_medseg_slice_069,medseg_slice_069,17,supervised,detected_1__eligible_0,True,False,True,False,678a322869880e3d035142eb1b90d240a6fcdfdc873f93f849d055b0bba7da28
report_seed17_supervised_medseg_slice_070,medseg_slice_070,17,supervised,detected_1__eligible_0,True,False,True,False,678a322869880e3d035142eb1b90d240a6fcdfdc873f93f849d055b0bba7da28
report_seed17_supervised_medseg_slice_071,medseg_slice_071,17,supervised,detected_1__eligible_0,True,False,True,False,678a322869880e3d035142eb1b90d240a6fcdfdc873f93f849d055b0bba7da28
report_seed17_supervised_medseg_slice_072,medseg_slice_072,17,supervised,detected_1__eligible_0,True,False,True,False,678a322869880e3d035142eb1b90d240a6fcdfdc873f93f849d055b0bba7da28
report_seed17_supervised_medseg_slice_073,medseg_slice_073,17,supervised,detected_1__eligible_0,True,False,True,False,678a322869880e3d035142eb1b90d240a6fcdfdc873f93f849d055b0bba7da28
report_seed17_supervised_medseg_slice_074,medseg_slice_074,17,supervised,detected_1__eligible_0,True,False,True,False,678a322869880e3d035142eb1b90d240a6fcdfdc873f93f849d055b0bba7da28
report_seed17_supervised_medseg_slice_075,medseg_slice_075,17,supervised,detected_1__eligible_0,True,False,True,False,678a322869880e3d035142eb1b90d240a6fcdfdc873f93f849d055b0bba7da28
report_seed17_supervised_medseg_slice_076,medseg_slice_076,17,supervised,detected_1__eligible_0,True,False,True,False,678a322869880e3d035142eb1b90d240a6fcdfdc873f93f849d055b0bba7da28
report_seed17_supervised_medseg_slice_077,medseg_slice_077,17,supervised,detected_1__eligible_0,True,False,True,False,678a322869880e3d035142eb1b90d240a6fcdfdc873f93f849d055b0bba7da28
report_seed17_supervised_medseg_slice_078,medseg_slice_078,17,supervised,detected_1__eligible_0,True,False,True,False,678a322869880e3d035142eb1b90d240a6fcdfdc873f93f849d055b0bba7da28
report_seed17_supervised_medseg_slice_079,medseg_slice_079,17,supervised,detected_1__eligible_0,True,False,True,False,678a322869880e3d035142eb1b90d240a6fcdfdc873f93f849d055b0bba7da28
report_seed17_supervised_medseg_slice_080,medseg_slice_080,17,supervised,detected_1__eligible_0,True,False,True,False,678a322869880e3d035142eb1b90d240a6fcdfdc873f93f849d055b0bba7da28
report_seed17_supervised_medseg_slice_081,medseg_slice_081,17,supervised,detected_1__eligible_0,True,False,True,False,678a322869880e3d035142eb1b90d240a6fcdfdc873f93f849d055b0bba7da28
report_seed17_supervised_medseg_slice_082,medseg_slice_082,17,supervised,detected_1__eligible_0,True,False,True,False,678a322869880e3d035142eb1b90d240a6fcdfdc873f93f849d055b0bba7da28
report_seed17_supervised_medseg_slice_083,medseg_slice_083,17,supervised,detected_1__eligible_0,True,False,True,False,678a322869880e3d035142eb1b90d240a6fcdfdc873f93f849d055b0bba7da28
report_seed17_supervised_medseg_slice_084,medseg_slice_084,17,supervised,detected_1__eligible_0,True,False,True,False,678a322869880e3d035142eb1b90d240a6fcdfdc873f93f849d055b0bba7da28
report_seed17_supervised_medseg_slice_085,medseg_slice_085,17,supervised,detected_1__eligible_0,True,False,True,False,678a322869880e3d035142eb1b90d240a6fcdfdc873f93f849d055b0bba7da28
report_seed17_supervised_medseg_slice_086,medseg_slice_086,17,supervised,detected_1__eligible_0,True,False,True,False,678a322869880e3d035142eb1b90d240a6fcdfdc873f93f849d055b0bba7da28
report_seed17_supervised_medseg_slice_087,medseg_slice_087,17,supervised,detected_1__eligible_0,True,False,True,False,678a322869880e3d035142eb1b90d240a6fcdfdc873f93f849d055b0bba7da28
report_seed17_supervised_medseg_slice_088,medseg_slice_088,17,supervised,detected_1__eligible_0,True,False,True,False,678a322869880e3d035142eb1b90d240a6fcdfdc873f93f849d055b0bba7da28
report_seed17_supervised_medseg_slice_089,medseg_slice_089,17,supervised,detected_1__eligible_1,True,False,True,False,a75c468471bf445c4f97cfde7fc6b429e4dbca5f2ed348cf1814c8c9a2650f60
report_seed17_supervised_medseg_slice_090,medseg_slice_090,17,supervised,detected_1__eligible_0,True,False,True,False,678a322869880e3d035142eb1b90d240a6fcdfdc873f93f849d055b0bba7da28
report_seed17_supervised_medseg_slice_091,medseg_slice_091,17,supervised,detected_1__eligible_0,True,False,True,False,678a322869880e3d035142eb1b90d240a6fcdfdc873f93f849d055b0bba7da28
report_seed17_supervised_medseg_slice_092,medseg_slice_092,17,supervised,detected_1__eligible_0,True,False,True,False,678a322869880e3d035142eb1b90d240a6fcdfdc873f93f849d055b0bba7da28
report_seed17_supervised_medseg_slice_093,medseg_slice_093,17,supervised,detected_1__eligible_0,True,False,True,False,678a322869880e3d035142eb1b90d240a6fcdfdc873f93f849d055b0bba7da28
report_seed17_supervised_medseg_slice_094,medseg_slice_094,17,supervised,detected_1__eligible_0,True,False,True,False,678a322869880e3d035142eb1b90d240a6fcdfdc873f93f849d055b0bba7da28
report_seed17_supervised_medseg_slice_095,medseg_slice_095,17,supervised,detected_1__eligible_0,True,False,True,False,678a322869880e3d035142eb1b90d240a6fcdfdc873f93f849d055b0bba7da28
report_seed17_supervised_medseg_slice_096,medseg_slice_096,17,supervised,detected_1__eligible_0,True,False,True,False,678a322869880e3d035142eb1b90d240a6fcdfdc873f93f849d055b0bba7da28
report_seed17_supervised_medseg_slice_097,medseg_slice_097,17,supervised,detected_1__eligible_0,True,False,True,False,678a322869880e3d035142eb1b90d240a6fcdfdc873f93f849d055b0bba7da28
report_seed17_supervised_medseg_slice_098,medseg_slice_098,17,supervised,detected_1__eligible_0,True,False,True,False,678a322869880e3d035142eb1b90d240a6fcdfdc873f93f849d055b0bba7da28
report_seed17_supervised_medseg_slice_099,medseg_slice_099,17,supervised,detected_1__eligible_0,True,False,True,False,678a322869880e3d035142eb1b90d240a6fcdfdc873f93f849d055b0bba7da28
report_seed17_confidence_only_ema_medseg_slice_000,medseg_slice_000,17,confidence_only_ema,detected_1__eligible_0,True,False,True,False,678a322869880e3d035142eb1b90d240a6fcdfdc873f93f849d055b0bba7da28
report_seed17_confidence_only_ema_medseg_slice_001,medseg_slice_001,17,confidence_only_ema,detected_1__eligible_0,True,False,True,False,678a322869880e3d035142eb1b90d240a6fcdfdc873f93f849d055b0bba7da28
report_seed17_confidence_only_ema_medseg_slice_002,medseg_slice_002,17,confidence_only_ema,detected_1__eligible_1,True,False,True,False,db90d1846ef6bba0898f4fe5304e5f93a19d8095cb9210dc5871e71b42da7fa9
report_seed17_confidence_only_ema_medseg_slice_003,medseg_slice_003,17,confidence_only_ema,detected_1__eligible_0,True,False,True,False,678a322869880e3d035142eb1b90d240a6fcdfdc873f93f849d055b0bba7da28
report_seed17_confidence_only_ema_medseg_slice_004,medseg_slice_004,17,confidence_only_ema,detected_1__eligible_0,True,False,True,False,678a322869880e3d035142eb1b90d240a6fcdfdc873f93f849d055b0bba7da28
report_seed17_confidence_only_ema_medseg_slice_005,medseg_slice_005,17,confidence_only_ema,detected_1__eligible_0,True,False,True,False,678a322869880e3d035142eb1b90d240a6fcdfdc873f93f849d055b0bba7da28
report_seed17_confidence_only_ema_medseg_slice_006,medseg_slice_006,17,confidence_only_ema,detected_1__eligible_0,True,False,True,False,678a322869880e3d035142eb1b90d240a6fcdfdc873f93f849d055b0bba7da28
report_seed17_confidence_only_ema_medseg_slice_007,medseg_slice_007,17,confidence_only_ema,detected_1__eligible_0,True,False,True,False,678a322869880e3d035142eb1b90d240a6fcdfdc873f93f849d055b0bba7da28
report_seed17_confidence_only_ema_medseg_slice_008,medseg_slice_008,17,confidence_only_ema,detected_1__eligible_0,True,False,True,False,678a322869880e3d035142eb1b90d240a6fcdfdc873f93f849d055b0bba7da28
report_seed17_confidence_only_ema_medseg_slice_009,medseg_slice_009,17,confidence_only_ema,detected_1__eligible_0,True,False,True,False,678a322869880e3d035142eb1b90d240a6fcdfdc873f93f849d055b0bba7da28
report_seed17_confidence_only_ema_medseg_slice_010,medseg_slice_010,17,confidence_only_ema,detected_1__eligible_0,True,False,True,False,678a322869880e3d035142eb1b90d240a6fcdfdc873f93f849d055b0bba7da28
report_seed17_confidence_only_ema_medseg_slice_011,medseg_slice_011,17,confidence_only_ema,detected_1__eligible_0,True,False,True,False,678a322869880e3d035142eb1b90d240a6fcdfdc873f93f849d055b0bba7da28
report_seed17_confidence_only_ema_medseg_slice_012,medseg_slice_012,17,confidence_only_ema,detected_1__eligible_0,True,False,True,False,678a322869880e3d035142eb1b90d240a6fcdfdc873f93f849d055b0bba7da28
report_seed17_confidence_only_ema_medseg_slice_013,medseg_slice_013,17,confidence_only_ema,detected_1__eligible_0,True,False,True,False,678a322869880e3d035142eb1b90d240a6fcdfdc873f93f849d055b0bba7da28
report_seed17_confidence_only_ema_medseg_slice_014,medseg_slice_014,17,confidence_only_ema,detected_1__eligible_0,True,False,True,False,678a322869880e3d035142eb1b90d240a6fcdfdc873f93f849d055b0bba7da28
report_seed17_confidence_only_ema_medseg_slice_015,medseg_slice_015,17,confidence_only_ema,detected_1__eligible_0,True,False,True,False,678a322869880e3d035142eb1b90d240a6fcdfdc873f93f849d055b0bba7da28
report_seed17_confidence_only_ema_medseg_slice_016,medseg_slice_016,17,confidence_only_ema,detected_1__eligible_0,True,False,True,False,678a322869880e3d035142eb1b90d240a6fcdfdc873f93f849d055b0bba7da28
report_seed17_confidence_only_ema_medseg_slice_017,medseg_slice_017,17,confidence_only_ema,detected_1__eligible_0,True,False,True,False,678a322869880e3d035142eb1b90d240a6fcdfdc873f93f849d055b0bba7da28
report_seed17_confidence_only_ema_medseg_slice_018,medseg_slice_018,17,confidence_only_ema,detected_1__eligible_0,True,False,True,False,678a322869880e3d035142eb1b90d240a6fcdfdc873f93f849d055b0bba7da28
report_seed17_confidence_only_ema_medseg_slice_019,medseg_slice_019,17,confidence_only_ema,detected_1__eligible_0,True,False,True,False,678a322869880e3d035142eb1b90d240a6fcdfdc873f93f849d055b0bba7da28
report_seed17_confidence_only_ema_medseg_slice_020,medseg_slice_020,17,confidence_only_ema,detected_1__eligible_0,True,False,True,False,678a322869880e3d035142eb1b90d240a6fcdfdc873f93f849d055b0bba7da28
report_seed17_confidence_only_ema_medseg_slice_021,medseg_slice_021,17,confidence_only_ema,detected_1__eligible_0,True,False,True,False,678a322869880e3d035142eb1b90d240a6fcdfdc873f93f849d055b0bba7da28
report_seed17_confidence_only_ema_medseg_slice_022,medseg_slice_022,17,confidence_only_ema,detected_1__eligible_0,True,False,True,False,678a322869880e3d035142eb1b90d240a6fcdfdc873f93f849d055b0bba7da28
report_seed17_confidence_only_ema_medseg_slice_023,medseg_slice_023,17,confidence_only_ema,detected_1__eligible_0,True,False,True,False,678a322869880e3d035142eb1b90d240a6fcdfdc873f93f849d055b0bba7da28
report_seed17_confidence_only_ema_medseg_slice_024,medseg_slice_024,17,confidence_only_ema,detected_1__eligible_0,True,False,True,False,678a322869880e3d035142eb1b90d240a6fcdfdc873f93f849d055b0bba7da28
report_seed17_confidence_only_ema_medseg_slice_025,medseg_slice_025,17,confidence_only_ema,detected_1__eligible_0,True,False,True,False,678a322869880e3d035142eb1b90d240a6fcdfdc873f93f849d055b0bba7da28
report_seed17_confidence_only_ema_medseg_slice_026,medseg_slice_026,17,confidence_only_ema,detected_1__eligible_0,True,False,True,False,678a322869880e3d035142eb1b90d240a6fcdfdc873f93f849d055b0bba7da28
report_seed17_confidence_only_ema_medseg_slice_027,medseg_slice_027,17,confidence_only_ema,detected_1__eligible_0,True,False,True,False,678a322869880e3d035142eb1b90d240a6fcdfdc873f93f849d055b0bba7da28
report_seed17_confidence_only_ema_medseg_slice_028,medseg_slice_028,17,confidence_only_ema,detected_1__eligible_0,True,False,True,False,678a322869880e3d035142eb1b90d240a6fcdfdc873f93f849d055b0bba7da28
report_seed17_confidence_only_ema_medseg_slice_029,medseg_slice_029,17,confidence_only_ema,detected_1__eligible_0,True,False,True,False,678a322869880e3d035142eb1b90d240a6fcdfdc873f93f849d055b0bba7da28
report_seed17_confidence_only_ema_medseg_slice_030,medseg_slice_030,17,confidence_only_ema,detected_1__eligible_0,True,False,True,False,678a322869880e3d035142eb1b90d240a6fcdfdc873f93f849d055b0bba7da28
report_seed17_confidence_only_ema_medseg_slice_031,medseg_slice_031,17,confidence_only_ema,detected_1__eligible_0,True,False,True,False,678a322869880e3d035142eb1b90d240a6fcdfdc873f93f849d055b0bba7da28
report_seed17_confidence_only_ema_medseg_slice_032,medseg_slice_032,17,confidence_only_ema,detected_1__eligible_0,True,False,True,False,678a322869880e3d035142eb1b90d240a6fcdfdc873f93f849d055b0bba7da28
report_seed17_confidence_only_ema_medseg_slice_033,medseg_slice_033,17,confidence_only_ema,detected_1__eligible_0,True,False,True,False,678a322869880e3d035142eb1b90d240a6fcdfdc873f93f849d055b0bba7da28
report_seed17_confidence_only_ema_medseg_slice_034,medseg_slice_034,17,confidence_only_ema,detected_1__eligible_0,True,False,True,False,678a322869880e3d035142eb1b90d240a6fcdfdc873f93f849d055b0bba7da28
report_seed17_confidence_only_ema_medseg_slice_035,medseg_slice_035,17,confidence_only_ema,detected_1__eligible_0,True,False,True,False,678a322869880e3d035142eb1b90d240a6fcdfdc873f93f849d055b0bba7da28
report_seed17_confidence_only_ema_medseg_slice_036,medseg_slice_036,17,confidence_only_ema,detected_1__eligible_0,True,False,True,False,678a322869880e3d035142eb1b90d240a6fcdfdc873f93f849d055b0bba7da28
report_seed17_confidence_only_ema_medseg_slice_037,medseg_slice_037,17,confidence_only_ema,detected_1__eligible_0,True,False,True,False,678a322869880e3d035142eb1b90d240a6fcdfdc873f93f849d055b0bba7da28
report_seed17_confidence_only_ema_medseg_slice_038,medseg_slice_038,17,confidence_only_ema,detected_1__eligible_0,True,False,True,False,678a322869880e3d035142eb1b90d240a6fcdfdc873f93f849d055b0bba7da28
report_seed17_confidence_only_ema_medseg_slice_039,medseg_slice_039,17,confidence_only_ema,detected_1__eligible_0,True,False,True,False,678a322869880e3d035142eb1b90d240a6fcdfdc873f93f849d055b0bba7da28
report_seed17_confidence_only_ema_medseg_slice_040,medseg_slice_040,17,confidence_only_ema,detected_1__eligible_0,True,False,True,False,678a322869880e3d035142eb1b90d240a6fcdfdc873f93f849d055b0bba7da28
report_seed17_confidence_only_ema_medseg_slice_041,medseg_slice_041,17,confidence_only_ema,detected_1__eligible_0,True,False,True,False,678a322869880e3d035142eb1b90d240a6fcdfdc873f93f849d055b0bba7da28
report_seed17_confidence_only_ema_medseg_slice_042,medseg_slice_042,17,confidence_only_ema,detected_1__eligible_0,True,False,True,False,678a322869880e3d035142eb1b90d240a6fcdfdc873f93f849d055b0bba7da28
report_seed17_confidence_only_ema_medseg_slice_043,medseg_slice_043,17,confidence_only_ema,detected_1__eligible_0,True,False,True,False,678a322869880e3d035142eb1b90d240a6fcdfdc873f93f849d055b0bba7da28
report_seed17_confidence_only_ema_medseg_slice_044,medseg_slice_044,17,confidence_only_ema,detected_1__eligible_0,True,False,True,False,678a322869880e3d035142eb1b90d240a6fcdfdc873f93f849d055b0bba7da28
report_seed17_confidence_only_ema_medseg_slice_045,medseg_slice_045,17,confidence_only_ema,detected_1__eligible_0,True,False,True,False,678a322869880e3d035142eb1b90d240a6fcdfdc873f93f849d055b0bba7da28
report_seed17_confidence_only_ema_medseg_slice_046,medseg_slice_046,17,confidence_only_ema,detected_1__eligible_0,True,False,True,False,678a322869880e3d035142eb1b90d240a6fcdfdc873f93f849d055b0bba7da28
report_seed17_confidence_only_ema_medseg_slice_047,medseg_slice_047,17,confidence_only_ema,detected_1__eligible_0,True,False,True,False,678a322869880e3d035142eb1b90d240a6fcdfdc873f93f849d055b0bba7da28
report_seed17_confidence_only_ema_medseg_slice_048,medseg_slice_048,17,confidence_only_ema,detected_0__eligible_1,False,True,True,False,4d6bf74566a2d0f8e9be8e2f78ffb18c365b09714a87ec39562a0ca7389fe036
report_seed17_confidence_only_ema_medseg_slice_049,medseg_slice_049,17,confidence_only_ema,detected_1__eligible_0,True,False,True,False,678a322869880e3d035142eb1b90d240a6fcdfdc873f93f849d055b0bba7da28
report_seed17_confidence_only_ema_medseg_slice_050,medseg_slice_050,17,confidence_only_ema,detected_1__eligible_0,True,False,True,False,678a322869880e3d035142eb1b90d240a6fcdfdc873f93f849d055b0bba7da28
report_seed17_confidence_only_ema_medseg_slice_051,medseg_slice_051,17,confidence_only_ema,detected_1__eligible_0,True,False,True,False,678a322869880e3d035142eb1b90d240a6fcdfdc873f93f849d055b0bba7da28
report_seed17_confidence_only_ema_medseg_slice_052,medseg_slice_052,17,confidence_only_ema,detected_1__eligible_0,True,False,True,False,678a322869880e3d035142eb1b90d240a6fcdfdc873f93f849d055b0bba7da28
report_seed17_confidence_only_ema_medseg_slice_053,medseg_slice_053,17,confidence_only_ema,detected_1__eligible_0,True,False,True,False,678a322869880e3d035142eb1b90d240a6fcdfdc873f93f849d055b0bba7da28
report_seed17_confidence_only_ema_medseg_slice_054,medseg_slice_054,17,confidence_only_ema,detected_1__eligible_0,True,False,True,False,678a322869880e3d035142eb1b90d240a6fcdfdc873f93f849d055b0bba7da28
report_seed17_confidence_only_ema_medseg_slice_055,medseg_slice_055,17,confidence_only_ema,detected_1__eligible_0,True,False,True,False,678a322869880e3d035142eb1b90d240a6fcdfdc873f93f849d055b0bba7da28
report_seed17_confidence_only_ema_medseg_slice_056,medseg_slice_056,17,confidence_only_ema,detected_1__eligible_0,True,False,True,False,678a322869880e3d035142eb1b90d240a6fcdfdc873f93f849d055b0bba7da28
report_seed17_confidence_only_ema_medseg_slice_057,medseg_slice_057,17,confidence_only_ema,detected_1__eligible_0,True,False,True,False,678a322869880e3d035142eb1b90d240a6fcdfdc873f93f849d055b0bba7da28
report_seed17_confidence_only_ema_medseg_slice_058,medseg_slice_058,17,confidence_only_ema,detected_1__eligible_0,True,False,True,False,678a322869880e3d035142eb1b90d240a6fcdfdc873f93f849d055b0bba7da28
report_seed17_confidence_only_ema_medseg_slice_059,medseg_slice_059,17,confidence_only_ema,detected_1__eligible_0,True,False,True,False,678a322869880e3d035142eb1b90d240a6fcdfdc873f93f849d055b0bba7da28
report_seed17_confidence_only_ema_medseg_slice_060,medseg_slice_060,17,confidence_only_ema,detected_1__eligible_0,True,False,True,False,678a322869880e3d035142eb1b90d240a6fcdfdc873f93f849d055b0bba7da28
report_seed17_confidence_only_ema_medseg_slice_061,medseg_slice_061,17,confidence_only_ema,detected_1__eligible_0,True,False,True,False,678a322869880e3d035142eb1b90d240a6fcdfdc873f93f849d055b0bba7da28
report_seed17_confidence_only_ema_medseg_slice_062,medseg_slice_062,17,confidence_only_ema,detected_1__eligible_0,True,False,True,False,678a322869880e3d035142eb1b90d240a6fcdfdc873f93f849d055b0bba7da28
report_seed17_confidence_only_ema_medseg_slice_063,medseg_slice_063,17,confidence_only_ema,detected_1__eligible_0,True,False,True,False,678a322869880e3d035142eb1b90d240a6fcdfdc873f93f849d055b0bba7da28
report_seed17_confidence_only_ema_medseg_slice_064,medseg_slice_064,17,confidence_only_ema,detected_1__eligible_1,True,False,True,False,be2796cf7b6c62aac83f359c8d39e04f1f3291a76c8f17258670f7e3056b5e6d
report_seed17_confidence_only_ema_medseg_slice_065,medseg_slice_065,17,confidence_only_ema,detected_1__eligible_0,True,False,True,False,678a322869880e3d035142eb1b90d240a6fcdfdc873f93f849d055b0bba7da28
report_seed17_confidence_only_ema_medseg_slice_066,medseg_slice_066,17,confidence_only_ema,detected_1__eligible_1,True,False,True,False,fa8ed44afc88af01946d3c3fdf409aa702de0dbfcbea044912b6ccb855836d67
report_seed17_confidence_only_ema_medseg_slice_067,medseg_slice_067,17,confidence_only_ema,detected_1__eligible_0,True,False,True,False,678a322869880e3d035142eb1b90d240a6fcdfdc873f93f849d055b0bba7da28
report_seed17_confidence_only_ema_medseg_slice_068,medseg_slice_068,17,confidence_only_ema,detected_1__eligible_0,True,False,True,False,678a322869880e3d035142eb1b90d240a6fcdfdc873f93f849d055b0bba7da28
report_seed17_confidence_only_ema_medseg_slice_069,medseg_slice_069,17,confidence_only_ema,detected_1__eligible_0,True,False,True,False,678a322869880e3d035142eb1b90d240a6fcdfdc873f93f849d055b0bba7da28
report_seed17_confidence_only_ema_medseg_slice_070,medseg_slice_070,17,confidence_only_ema,detected_1__eligible_0,True,False,True,False,678a322869880e3d035142eb1b90d240a6fcdfdc873f93f849d055b0bba7da28
report_seed17_confidence_only_ema_medseg_slice_071,medseg_slice_071,17,confidence_only_ema,detected_1__eligible_0,True,False,True,False,678a322869880e3d035142eb1b90d240a6fcdfdc873f93f849d055b0bba7da28
report_seed17_confidence_only_ema_medseg_slice_072,medseg_slice_072,17,confidence_only_ema,detected_1__eligible_0,True,False,True,False,678a322869880e3d035142eb1b90d240a6fcdfdc873f93f849d055b0bba7da28
report_seed17_confidence_only_ema_medseg_slice_073,medseg_slice_073,17,confidence_only_ema,detected_1__eligible_0,True,False,True,False,678a322869880e3d035142eb1b90d240a6fcdfdc873f93f849d055b0bba7da28
report_seed17_confidence_only_ema_medseg_slice_074,medseg_slice_074,17,confidence_only_ema,detected_1__eligible_0,True,False,True,False,678a322869880e3d035142eb1b90d240a6fcdfdc873f93f849d055b0bba7da28
report_seed17_confidence_only_ema_medseg_slice_075,medseg_slice_075,17,confidence_only_ema,detected_1__eligible_0,True,False,True,False,678a322869880e3d035142eb1b90d240a6fcdfdc873f93f849d055b0bba7da28
report_seed17_confidence_only_ema_medseg_slice_076,medseg_slice_076,17,confidence_only_ema,detected_1__eligible_0,True,False,True,False,678a322869880e3d035142eb1b90d240a6fcdfdc873f93f849d055b0bba7da28
report_seed17_confidence_only_ema_medseg_slice_077,medseg_slice_077,17,confidence_only_ema,detected_1__eligible_0,True,False,True,False,678a322869880e3d035142eb1b90d240a6fcdfdc873f93f849d055b0bba7da28
report_seed17_confidence_only_ema_medseg_slice_078,medseg_slice_078,17,confidence_only_ema,detected_1__eligible_0,True,False,True,False,678a322869880e3d035142eb1b90d240a6fcdfdc873f93f849d055b0bba7da28
report_seed17_confidence_only_ema_medseg_slice_079,medseg_slice_079,17,confidence_only_ema,detected_1__eligible_0,True,False,True,False,678a322869880e3d035142eb1b90d240a6fcdfdc873f93f849d055b0bba7da28
report_seed17_confidence_only_ema_medseg_slice_080,medseg_slice_080,17,confidence_only_ema,detected_1__eligible_0,True,False,True,False,678a322869880e3d035142eb1b90d240a6fcdfdc873f93f849d055b0bba7da28
report_seed17_confidence_only_ema_medseg_slice_081,medseg_slice_081,17,confidence_only_ema,detected_1__eligible_0,True,False,True,False,678a322869880e3d035142eb1b90d240a6fcdfdc873f93f849d055b0bba7da28
report_seed17_confidence_only_ema_medseg_slice_082,medseg_slice_082,17,confidence_only_ema,detected_1__eligible_0,True,False,True,False,678a322869880e3d035142eb1b90d240a6fcdfdc873f93f849d055b0bba7da28
report_seed17_confidence_only_ema_medseg_slice_083,medseg_slice_083,17,confidence_only_ema,detected_1__eligible_0,True,False,True,False,678a322869880e3d035142eb1b90d240a6fcdfdc873f93f849d055b0bba7da28
report_seed17_confidence_only_ema_medseg_slice_084,medseg_slice_084,17,confidence_only_ema,detected_1__eligible_0,True,False,True,False,678a322869880e3d035142eb1b90d240a6fcdfdc873f93f849d055b0bba7da28
report_seed17_confidence_only_ema_medseg_slice_085,medseg_slice_085,17,confidence_only_ema,detected_1__eligible_0,True,False,True,False,678a322869880e3d035142eb1b90d240a6fcdfdc873f93f849d055b0bba7da28
report_seed17_confidence_only_ema_medseg_slice_086,medseg_slice_086,17,confidence_only_ema,detected_1__eligible_0,True,False,True,False,678a322869880e3d035142eb1b90d240a6fcdfdc873f93f849d055b0bba7da28
report_seed17_confidence_only_ema_medseg_slice_087,medseg_slice_087,17,confidence_only_ema,detected_1__eligible_0,True,False,True,False,678a322869880e3d035142eb1b90d240a6fcdfdc873f93f849d055b0bba7da28
report_seed17_confidence_only_ema_medseg_slice_088,medseg_slice_088,17,confidence_only_ema,detected_1__eligible_0,True,False,True,False,678a322869880e3d035142eb1b90d240a6fcdfdc873f93f849d055b0bba7da28
report_seed17_confidence_only_ema_medseg_slice_089,medseg_slice_089,17,confidence_only_ema,detected_1__eligible_1,True,False,True,False,505938a361bd3edafebe686469963e86f4dfc8b3ae992929c1fbd2e66351ca74
report_seed17_confidence_only_ema_medseg_slice_090,medseg_slice_090,17,confidence_only_ema,detected_1__eligible_0,True,False,True,False,678a322869880e3d035142eb1b90d240a6fcdfdc873f93f849d055b0bba7da28
report_seed17_confidence_only_ema_medseg_slice_091,medseg_slice_091,17,confidence_only_ema,detected_1__eligible_0,True,False,True,False,678a322869880e3d035142eb1b90d240a6fcdfdc873f93f849d055b0bba7da28
report_seed17_confidence_only_ema_medseg_slice_092,medseg_slice_092,17,confidence_only_ema,detected_1__eligible_0,True,False,True,False,678a322869880e3d035142eb1b90d240a6fcdfdc873f93f849d055b0bba7da28
report_seed17_confidence_only_ema_medseg_slice_093,medseg_slice_093,17,confidence_only_ema,detected_1__eligible_0,True,False,True,False,678a322869880e3d035142eb1b90d240a6fcdfdc873f93f849d055b0bba7da28
report_seed17_confidence_only_ema_medseg_slice_094,medseg_slice_094,17,confidence_only_ema,detected_1__eligible_0,True,False,True,False,678a322869880e3d035142eb1b90d240a6fcdfdc873f93f849d055b0bba7da28
report_seed17_confidence_only_ema_medseg_slice_095,medseg_slice_095,17,confidence_only_ema,detected_1__eligible_0,True,False,True,False,678a322869880e3d035142eb1b90d240a6fcdfdc873f93f849d055b0bba7da28
report_seed17_confidence_only_ema_medseg_slice_096,medseg_slice_096,17,confidence_only_ema,detected_1__eligible_0,True,False,True,False,678a322869880e3d035142eb1b90d240a6fcdfdc873f93f849d055b0bba7da28
report_seed17_confidence_only_ema_medseg_slice_097,medseg_slice_097,17,confidence_only_ema,detected_1__eligible_0,True,False,True,False,678a322869880e3d035142eb1b90d240a6fcdfdc873f93f849d055b0bba7da28
report_seed17_confidence_only_ema_medseg_slice_098,medseg_slice_098,17,confidence_only_ema,detected_1__eligible_0,True,False,True,False,678a322869880e3d035142eb1b90d240a6fcdfdc873f93f849d055b0bba7da28
report_seed17_confidence_only_ema_medseg_slice_099,medseg_slice_099,17,confidence_only_ema,detected_1__eligible_0,True,False,True,False,678a322869880e3d035142eb1b90d240a6fcdfdc873f93f849d055b0bba7da28
report_seed17_agreement_filtered_ema_medseg_slice_000,medseg_slice_000,17,agreement_filtered_ema,detected_1__eligible_0,True,False,True,False,678a322869880e3d035142eb1b90d240a6fcdfdc873f93f849d055b0bba7da28
report_seed17_agreement_filtered_ema_medseg_slice_001,medseg_slice_001,17,agreement_filtered_ema,detected_1__eligible_0,True,False,True,False,678a322869880e3d035142eb1b90d240a6fcdfdc873f93f849d055b0bba7da28
report_seed17_agreement_filtered_ema_medseg_slice_002,medseg_slice_002,17,agreement_filtered_ema,detected_1__eligible_1,True,False,True,False,db90d1846ef6bba0898f4fe5304e5f93a19d8095cb9210dc5871e71b42da7fa9
report_seed17_agreement_filtered_ema_medseg_slice_003,medseg_slice_003,17,agreement_filtered_ema,detected_1__eligible_0,True,False,True,False,678a322869880e3d035142eb1b90d240a6fcdfdc873f93f849d055b0bba7da28
report_seed17_agreement_filtered_ema_medseg_slice_004,medseg_slice_004,17,agreement_filtered_ema,detected_1__eligible_0,True,False,True,False,678a322869880e3d035142eb1b90d240a6fcdfdc873f93f849d055b0bba7da28
report_seed17_agreement_filtered_ema_medseg_slice_005,medseg_slice_005,17,agreement_filtered_ema,detected_1__eligible_0,True,False,True,False,678a322869880e3d035142eb1b90d240a6fcdfdc873f93f849d055b0bba7da28
report_seed17_agreement_filtered_ema_medseg_slice_006,medseg_slice_006,17,agreement_filtered_ema,detected_1__eligible_0,True,False,True,False,678a322869880e3d035142eb1b90d240a6fcdfdc873f93f849d055b0bba7da28
report_seed17_agreement_filtered_ema_medseg_slice_007,medseg_slice_007,17,agreement_filtered_ema,detected_1__eligible_0,True,False,True,False,678a322869880e3d035142eb1b90d240a6fcdfdc873f93f849d055b0bba7da28
report_seed17_agreement_filtered_ema_medseg_slice_008,medseg_slice_008,17,agreement_filtered_ema,detected_1__eligible_0,True,False,True,False,678a322869880e3d035142eb1b90d240a6fcdfdc873f93f849d055b0bba7da28
report_seed17_agreement_filtered_ema_medseg_slice_009,medseg_slice_009,17,agreement_filtered_ema,detected_1__eligible_0,True,False,True,False,678a322869880e3d035142eb1b90d240a6fcdfdc873f93f849d055b0bba7da28
report_seed17_agreement_filtered_ema_medseg_slice_010,medseg_slice_010,17,agreement_filtered_ema,detected_1__eligible_0,True,False,True,False,678a322869880e3d035142eb1b90d240a6fcdfdc873f93f849d055b0bba7da28
report_seed17_agreement_filtered_ema_medseg_slice_011,medseg_slice_011,17,agreement_filtered_ema,detected_1__eligible_0,True,False,True,False,678a322869880e3d035142eb1b90d240a6fcdfdc873f93f849d055b0bba7da28
report_seed17_agreement_filtered_ema_medseg_slice_012,medseg_slice_012,17,agreement_filtered_ema,detected_1__eligible_0,True,False,True,False,678a322869880e3d035142eb1b90d240a6fcdfdc873f93f849d055b0bba7da28
report_seed17_agreement_filtered_ema_medseg_slice_013,medseg_slice_013,17,agreement_filtered_ema,detected_1__eligible_0,True,False,True,False,678a322869880e3d035142eb1b90d240a6fcdfdc873f93f849d055b0bba7da28
report_seed17_agreement_filtered_ema_medseg_slice_014,medseg_slice_014,17,agreement_filtered_ema,detected_1__eligible_0,True,False,True,False,678a322869880e3d035142eb1b90d240a6fcdfdc873f93f849d055b0bba7da28
report_seed17_agreement_filtered_ema_medseg_slice_015,medseg_slice_015,17,agreement_filtered_ema,detected_1__eligible_0,True,False,True,False,678a322869880e3d035142eb1b90d240a6fcdfdc873f93f849d055b0bba7da28
report_seed17_agreement_filtered_ema_medseg_slice_016,medseg_slice_016,17,agreement_filtered_ema,detected_1__eligible_0,True,False,True,False,678a322869880e3d035142eb1b90d240a6fcdfdc873f93f849d055b0bba7da28
report_seed17_agreement_filtered_ema_medseg_slice_017,medseg_slice_017,17,agreement_filtered_ema,detected_1__eligible_0,True,False,True,False,678a322869880e3d035142eb1b90d240a6fcdfdc873f93f849d055b0bba7da28
report_seed17_agreement_filtered_ema_medseg_slice_018,medseg_slice_018,17,agreement_filtered_ema,detected_1__eligible_0,True,False,True,False,678a322869880e3d035142eb1b90d240a6fcdfdc873f93f849d055b0bba7da28
report_seed17_agreement_filtered_ema_medseg_slice_019,medseg_slice_019,17,agreement_filtered_ema,detected_1__eligible_0,True,False,True,False,678a322869880e3d035142eb1b90d240a6fcdfdc873f93f849d055b0bba7da28
report_seed17_agreement_filtered_ema_medseg_slice_020,medseg_slice_020,17,agreement_filtered_ema,detected_1__eligible_0,True,False,True,False,678a322869880e3d035142eb1b90d240a6fcdfdc873f93f849d055b0bba7da28
report_seed17_agreement_filtered_ema_medseg_slice_021,medseg_slice_021,17,agreement_filtered_ema,detected_1__eligible_0,True,False,True,False,678a322869880e3d035142eb1b90d240a6fcdfdc873f93f849d055b0bba7da28
report_seed17_agreement_filtered_ema_medseg_slice_022,medseg_slice_022,17,agreement_filtered_ema,detected_1__eligible_0,True,False,True,False,678a322869880e3d035142eb1b90d240a6fcdfdc873f93f849d055b0bba7da28
report_seed17_agreement_filtered_ema_medseg_slice_023,medseg_slice_023,17,agreement_filtered_ema,detected_1__eligible_0,True,False,True,False,678a322869880e3d035142eb1b90d240a6fcdfdc873f93f849d055b0bba7da28
report_seed17_agreement_filtered_ema_medseg_slice_024,medseg_slice_024,17,agreement_filtered_ema,detected_1__eligible_0,True,False,True,False,678a322869880e3d035142eb1b90d240a6fcdfdc873f93f849d055b0bba7da28
report_seed17_agreement_filtered_ema_medseg_slice_025,medseg_slice_025,17,agreement_filtered_ema,detected_1__eligible_0,True,False,True,False,678a322869880e3d035142eb1b90d240a6fcdfdc873f93f849d055b0bba7da28
report_seed17_agreement_filtered_ema_medseg_slice_026,medseg_slice_026,17,agreement_filtered_ema,detected_1__eligible_0,True,False,True,False,678a322869880e3d035142eb1b90d240a6fcdfdc873f93f849d055b0bba7da28
report_seed17_agreement_filtered_ema_medseg_slice_027,medseg_slice_027,17,agreement_filtered_ema,detected_1__eligible_0,True,False,True,False,678a322869880e3d035142eb1b90d240a6fcdfdc873f93f849d055b0bba7da28
report_seed17_agreement_filtered_ema_medseg_slice_028,medseg_slice_028,17,agreement_filtered_ema,detected_1__eligible_0,True,False,True,False,678a322869880e3d035142eb1b90d240a6fcdfdc873f93f849d055b0bba7da28
report_seed17_agreement_filtered_ema_medseg_slice_029,medseg_slice_029,17,agreement_filtered_ema,detected_1__eligible_0,True,False,True,False,678a322869880e3d035142eb1b90d240a6fcdfdc873f93f849d055b0bba7da28
report_seed17_agreement_filtered_ema_medseg_slice_030,medseg_slice_030,17,agreement_filtered_ema,detected_1__eligible_0,True,False,True,False,678a322869880e3d035142eb1b90d240a6fcdfdc873f93f849d055b0bba7da28
report_seed17_agreement_filtered_ema_medseg_slice_031,medseg_slice_031,17,agreement_filtered_ema,detected_1__eligible_0,True,False,True,False,678a322869880e3d035142eb1b90d240a6fcdfdc873f93f849d055b0bba7da28
report_seed17_agreement_filtered_ema_medseg_slice_032,medseg_slice_032,17,agreement_filtered_ema,detected_1__eligible_0,True,False,True,False,678a322869880e3d035142eb1b90d240a6fcdfdc873f93f849d055b0bba7da28
report_seed17_agreement_filtered_ema_medseg_slice_033,medseg_slice_033,17,agreement_filtered_ema,detected_1__eligible_0,True,False,True,False,678a322869880e3d035142eb1b90d240a6fcdfdc873f93f849d055b0bba7da28
report_seed17_agreement_filtered_ema_medseg_slice_034,medseg_slice_034,17,agreement_filtered_ema,detected_1__eligible_0,True,False,True,False,678a322869880e3d035142eb1b90d240a6fcdfdc873f93f849d055b0bba7da28
report_seed17_agreement_filtered_ema_medseg_slice_035,medseg_slice_035,17,agreement_filtered_ema,detected_1__eligible_0,True,False,True,False,678a322869880e3d035142eb1b90d240a6fcdfdc873f93f849d055b0bba7da28
report_seed17_agreement_filtered_ema_medseg_slice_036,medseg_slice_036,17,agreement_filtered_ema,detected_1__eligible_0,True,False,True,False,678a322869880e3d035142eb1b90d240a6fcdfdc873f93f849d055b0bba7da28
report_seed17_agreement_filtered_ema_medseg_slice_037,medseg_slice_037,17,agreement_filtered_ema,detected_1__eligible_0,True,False,True,False,678a322869880e3d035142eb1b90d240a6fcdfdc873f93f849d055b0bba7da28
report_seed17_agreement_filtered_ema_medseg_slice_038,medseg_slice_038,17,agreement_filtered_ema,detected_1__eligible_0,True,False,True,False,678a322869880e3d035142eb1b90d240a6fcdfdc873f93f849d055b0bba7da28
report_seed17_agreement_filtered_ema_medseg_slice_039,medseg_slice_039,17,agreement_filtered_ema,detected_1__eligible_0,True,False,True,False,678a322869880e3d035142eb1b90d240a6fcdfdc873f93f849d055b0bba7da28
report_seed17_agreement_filtered_ema_medseg_slice_040,medseg_slice_040,17,agreement_filtered_ema,detected_1__eligible_0,True,False,True,False,678a322869880e3d035142eb1b90d240a6fcdfdc873f93f849d055b0bba7da28
report_seed17_agreement_filtered_ema_medseg_slice_041,medseg_slice_041,17,agreement_filtered_ema,detected_1__eligible_0,True,False,True,False,678a322869880e3d035142eb1b90d240a6fcdfdc873f93f849d055b0bba7da28
report_seed17_agreement_filtered_ema_medseg_slice_042,medseg_slice_042,17,agreement_filtered_ema,detected_1__eligible_0,True,False,True,False,678a322869880e3d035142eb1b90d240a6fcdfdc873f93f849d055b0bba7da28
report_seed17_agreement_filtered_ema_medseg_slice_043,medseg_slice_043,17,agreement_filtered_ema,detected_1__eligible_0,True,False,True,False,678a322869880e3d035142eb1b90d240a6fcdfdc873f93f849d055b0bba7da28
report_seed17_agreement_filtered_ema_medseg_slice_044,medseg_slice_044,17,agreement_filtered_ema,detected_1__eligible_0,True,False,True,False,678a322869880e3d035142eb1b90d240a6fcdfdc873f93f849d055b0bba7da28
report_seed17_agreement_filtered_ema_medseg_slice_045,medseg_slice_045,17,agreement_filtered_ema,detected_1__eligible_0,True,False,True,False,678a322869880e3d035142eb1b90d240a6fcdfdc873f93f849d055b0bba7da28
report_seed17_agreement_filtered_ema_medseg_slice_046,medseg_slice_046,17,agreement_filtered_ema,detected_1__eligible_0,True,False,True,False,678a322869880e3d035142eb1b90d240a6fcdfdc873f93f849d055b0bba7da28
report_seed17_agreement_filtered_ema_medseg_slice_047,medseg_slice_047,17,agreement_filtered_ema,detected_1__eligible_0,True,False,True,False,678a322869880e3d035142eb1b90d240a6fcdfdc873f93f849d055b0bba7da28
report_seed17_agreement_filtered_ema_medseg_slice_048,medseg_slice_048,17,agreement_filtered_ema,detected_0__eligible_1,False,True,True,False,4d6bf74566a2d0f8e9be8e2f78ffb18c365b09714a87ec39562a0ca7389fe036
report_seed17_agreement_filtered_ema_medseg_slice_049,medseg_slice_049,17,agreement_filtered_ema,detected_1__eligible_0,True,False,True,False,678a322869880e3d035142eb1b90d240a6fcdfdc873f93f849d055b0bba7da28
report_seed17_agreement_filtered_ema_medseg_slice_050,medseg_slice_050,17,agreement_filtered_ema,detected_1__eligible_0,True,False,True,False,678a322869880e3d035142eb1b90d240a6fcdfdc873f93f849d055b0bba7da28
report_seed17_agreement_filtered_ema_medseg_slice_051,medseg_slice_051,17,agreement_filtered_ema,detected_1__eligible_0,True,False,True,False,678a322869880e3d035142eb1b90d240a6fcdfdc873f93f849d055b0bba7da28
report_seed17_agreement_filtered_ema_medseg_slice_052,medseg_slice_052,17,agreement_filtered_ema,detected_1__eligible_0,True,False,True,False,678a322869880e3d035142eb1b90d240a6fcdfdc873f93f849d055b0bba7da28
report_seed17_agreement_filtered_ema_medseg_slice_053,medseg_slice_053,17,agreement_filtered_ema,detected_1__eligible_0,True,False,True,False,678a322869880e3d035142eb1b90d240a6fcdfdc873f93f849d055b0bba7da28
report_seed17_agreement_filtered_ema_medseg_slice_054,medseg_slice_054,17,agreement_filtered_ema,detected_1__eligible_0,True,False,True,False,678a322869880e3d035142eb1b90d240a6fcdfdc873f93f849d055b0bba7da28
report_seed17_agreement_filtered_ema_medseg_slice_055,medseg_slice_055,17,agreement_filtered_ema,detected_1__eligible_0,True,False,True,False,678a322869880e3d035142eb1b90d240a6fcdfdc873f93f849d055b0bba7da28
report_seed17_agreement_filtered_ema_medseg_slice_056,medseg_slice_056,17,agreement_filtered_ema,detected_1__eligible_0,True,False,True,False,678a322869880e3d035142eb1b90d240a6fcdfdc873f93f849d055b0bba7da28
report_seed17_agreement_filtered_ema_medseg_slice_057,medseg_slice_057,17,agreement_filtered_ema,detected_1__eligible_0,True,False,True,False,678a322869880e3d035142eb1b90d240a6fcdfdc873f93f849d055b0bba7da28
report_seed17_agreement_filtered_ema_medseg_slice_058,medseg_slice_058,17,agreement_filtered_ema,detected_1__eligible_0,True,False,True,False,678a322869880e3d035142eb1b90d240a6fcdfdc873f93f849d055b0bba7da28
report_seed17_agreement_filtered_ema_medseg_slice_059,medseg_slice_059,17,agreement_filtered_ema,detected_1__eligible_0,True,False,True,False,678a322869880e3d035142eb1b90d240a6fcdfdc873f93f849d055b0bba7da28
report_seed17_agreement_filtered_ema_medseg_slice_060,medseg_slice_060,17,agreement_filtered_ema,detected_1__eligible_0,True,False,True,False,678a322869880e3d035142eb1b90d240a6fcdfdc873f93f849d055b0bba7da28
report_seed17_agreement_filtered_ema_medseg_slice_061,medseg_slice_061,17,agreement_filtered_ema,detected_1__eligible_0,True,False,True,False,678a322869880e3d035142eb1b90d240a6fcdfdc873f93f849d055b0bba7da28
report_seed17_agreement_filtered_ema_medseg_slice_062,medseg_slice_062,17,agreement_filtered_ema,detected_1__eligible_0,True,False,True,False,678a322869880e3d035142eb1b90d240a6fcdfdc873f93f849d055b0bba7da28
report_seed17_agreement_filtered_ema_medseg_slice_063,medseg_slice_063,17,agreement_filtered_ema,detected_1__eligible_0,True,False,True,False,678a322869880e3d035142eb1b90d240a6fcdfdc873f93f849d055b0bba7da28
report_seed17_agreement_filtered_ema_medseg_slice_064,medseg_slice_064,17,agreement_filtered_ema,detected_1__eligible_1,True,False,True,False,be2796cf7b6c62aac83f359c8d39e04f1f3291a76c8f17258670f7e3056b5e6d
report_seed17_agreement_filtered_ema_medseg_slice_065,medseg_slice_065,17,agreement_filtered_ema,detected_1__eligible_0,True,False,True,False,678a322869880e3d035142eb1b90d240a6fcdfdc873f93f849d055b0bba7da28
report_seed17_agreement_filtered_ema_medseg_slice_066,medseg_slice_066,17,agreement_filtered_ema,detected_1__eligible_1,True,False,True,False,52d141eb3308b266bb31d2bd19e451ac15fa802c9ac9b463ddb8e07cc9b3014a
report_seed17_agreement_filtered_ema_medseg_slice_067,medseg_slice_067,17,agreement_filtered_ema,detected_1__eligible_0,True,False,True,False,678a322869880e3d035142eb1b90d240a6fcdfdc873f93f849d055b0bba7da28
report_seed17_agreement_filtered_ema_medseg_slice_068,medseg_slice_068,17,agreement_filtered_ema,detected_1__eligible_0,True,False,True,False,678a322869880e3d035142eb1b90d240a6fcdfdc873f93f849d055b0bba7da28
report_seed17_agreement_filtered_ema_medseg_slice_069,medseg_slice_069,17,agreement_filtered_ema,detected_1__eligible_0,True,False,True,False,678a322869880e3d035142eb1b90d240a6fcdfdc873f93f849d055b0bba7da28
report_seed17_agreement_filtered_ema_medseg_slice_070,medseg_slice_070,17,agreement_filtered_ema,detected_1__eligible_0,True,False,True,False,678a322869880e3d035142eb1b90d240a6fcdfdc873f93f849d055b0bba7da28
report_seed17_agreement_filtered_ema_medseg_slice_071,medseg_slice_071,17,agreement_filtered_ema,detected_1__eligible_0,True,False,True,False,678a322869880e3d035142eb1b90d240a6fcdfdc873f93f849d055b0bba7da28
report_seed17_agreement_filtered_ema_medseg_slice_072,medseg_slice_072,17,agreement_filtered_ema,detected_1__eligible_0,True,False,True,False,678a322869880e3d035142eb1b90d240a6fcdfdc873f93f849d055b0bba7da28
report_seed17_agreement_filtered_ema_medseg_slice_073,medseg_slice_073,17,agreement_filtered_ema,detected_1__eligible_0,True,False,True,False,678a322869880e3d035142eb1b90d240a6fcdfdc873f93f849d055b0bba7da28
report_seed17_agreement_filtered_ema_medseg_slice_074,medseg_slice_074,17,agreement_filtered_ema,detected_1__eligible_0,True,False,True,False,678a322869880e3d035142eb1b90d240a6fcdfdc873f93f849d055b0bba7da28
report_seed17_agreement_filtered_ema_medseg_slice_075,medseg_slice_075,17,agreement_filtered_ema,detected_1__eligible_0,True,False,True,False,678a322869880e3d035142eb1b90d240a6fcdfdc873f93f849d055b0bba7da28
report_seed17_agreement_filtered_ema_medseg_slice_076,medseg_slice_076,17,agreement_filtered_ema,detected_1__eligible_0,True,False,True,False,678a322869880e3d035142eb1b90d240a6fcdfdc873f93f849d055b0bba7da28
report_seed17_agreement_filtered_ema_medseg_slice_077,medseg_slice_077,17,agreement_filtered_ema,detected_1__eligible_0,True,False,True,False,678a322869880e3d035142eb1b90d240a6fcdfdc873f93f849d055b0bba7da28
report_seed17_agreement_filtered_ema_medseg_slice_078,medseg_slice_078,17,agreement_filtered_ema,detected_1__eligible_0,True,False,True,False,678a322869880e3d035142eb1b90d240a6fcdfdc873f93f849d055b0bba7da28
report_seed17_agreement_filtered_ema_medseg_slice_079,medseg_slice_079,17,agreement_filtered_ema,detected_1__eligible_0,True,False,True,False,678a322869880e3d035142eb1b90d240a6fcdfdc873f93f849d055b0bba7da28
report_seed17_agreement_filtered_ema_medseg_slice_080,medseg_slice_080,17,agreement_filtered_ema,detected_1__eligible_0,True,False,True,False,678a322869880e3d035142eb1b90d240a6fcdfdc873f93f849d055b0bba7da28
report_seed17_agreement_filtered_ema_medseg_slice_081,medseg_slice_081,17,agreement_filtered_ema,detected_1__eligible_0,True,False,True,False,678a322869880e3d035142eb1b90d240a6fcdfdc873f93f849d055b0bba7da28
report_seed17_agreement_filtered_ema_medseg_slice_082,medseg_slice_082,17,agreement_filtered_ema,detected_1__eligible_0,True,False,True,False,678a322869880e3d035142eb1b90d240a6fcdfdc873f93f849d055b0bba7da28
report_seed17_agreement_filtered_ema_medseg_slice_083,medseg_slice_083,17,agreement_filtered_ema,detected_1__eligible_0,True,False,True,False,678a322869880e3d035142eb1b90d240a6fcdfdc873f93f849d055b0bba7da28
report_seed17_agreement_filtered_ema_medseg_slice_084,medseg_slice_084,17,agreement_filtered_ema,detected_1__eligible_0,True,False,True,False,678a322869880e3d035142eb1b90d240a6fcdfdc873f93f849d055b0bba7da28
report_seed17_agreement_filtered_ema_medseg_slice_085,medseg_slice_085,17,agreement_filtered_ema,detected_1__eligible_0,True,False,True,False,678a322869880e3d035142eb1b90d240a6fcdfdc873f93f849d055b0bba7da28
report_seed17_agreement_filtered_ema_medseg_slice_086,medseg_slice_086,17,agreement_filtered_ema,detected_1__eligible_0,True,False,True,False,678a322869880e3d035142eb1b90d240a6fcdfdc873f93f849d055b0bba7da28
report_seed17_agreement_filtered_ema_medseg_slice_087,medseg_slice_087,17,agreement_filtered_ema,detected_1__eligible_0,True,False,True,False,678a322869880e3d035142eb1b90d240a6fcdfdc873f93f849d055b0bba7da28
report_seed17_agreement_filtered_ema_medseg_slice_088,medseg_slice_088,17,agreement_filtered_ema,detected_1__eligible_0,True,False,True,False,678a322869880e3d035142eb1b90d240a6fcdfdc873f93f849d055b0bba7da28
report_seed17_agreement_filtered_ema_medseg_slice_089,medseg_slice_089,17,agreement_filtered_ema,detected_1__eligible_1,True,False,True,False,505938a361bd3edafebe686469963e86f4dfc8b3ae992929c1fbd2e66351ca74
report_seed17_agreement_filtered_ema_medseg_slice_090,medseg_slice_090,17,agreement_filtered_ema,detected_1__eligible_0,True,False,True,False,678a322869880e3d035142eb1b90d240a6fcdfdc873f93f849d055b0bba7da28
report_seed17_agreement_filtered_ema_medseg_slice_091,medseg_slice_091,17,agreement_filtered_ema,detected_1__eligible_0,True,False,True,False,678a322869880e3d035142eb1b90d240a6fcdfdc873f93f849d055b0bba7da28
report_seed17_agreement_filtered_ema_medseg_slice_092,medseg_slice_092,17,agreement_filtered_ema,detected_1__eligible_0,True,False,True,False,678a322869880e3d035142eb1b90d240a6fcdfdc873f93f849d055b0bba7da28
report_seed17_agreement_filtered_ema_medseg_slice_093,medseg_slice_093,17,agreement_filtered_ema,detected_1__eligible_0,True,False,True,False,678a322869880e3d035142eb1b90d240a6fcdfdc873f93f849d055b0bba7da28
report_seed17_agreement_filtered_ema_medseg_slice_094,medseg_slice_094,17,agreement_filtered_ema,detected_1__eligible_0,True,False,True,False,678a322869880e3d035142eb1b90d240a6fcdfdc873f93f849d055b0bba7da28
report_seed17_agreement_filtered_ema_medseg_slice_095,medseg_slice_095,17,agreement_filtered_ema,detected_1__eligible_0,True,False,True,False,678a322869880e3d035142eb1b90d240a6fcdfdc873f93f849d055b0bba7da28
report_seed17_agreement_filtered_ema_medseg_slice_096,medseg_slice_096,17,agreement_filtered_ema,detected_1__eligible_0,True,False,True,False,678a322869880e3d035142eb1b90d240a6fcdfdc873f93f849d055b0bba7da28
report_seed17_agreement_filtered_ema_medseg_slice_097,medseg_slice_097,17,agreement_filtered_ema,detected_1__eligible_0,True,False,True,False,678a322869880e3d035142eb1b90d240a6fcdfdc873f93f849d055b0bba7da28
report_seed17_agreement_filtered_ema_medseg_slice_098,medseg_slice_098,17,agreement_filtered_ema,detected_1__eligible_0,True,False,True,False,678a322869880e3d035142eb1b90d240a6fcdfdc873f93f849d055b0bba7da28
report_seed17_agreement_filtered_ema_medseg_slice_099,medseg_slice_099,17,agreement_filtered_ema,detected_1__eligible_0,True,False,True,False,678a322869880e3d035142eb1b90d240a6fcdfdc873f93f849d055b0bba7da28
report_seed42_supervised_medseg_slice_000,medseg_slice_000,42,supervised,detected_1__eligible_0,True,False,True,False,678a322869880e3d035142eb1b90d240a6fcdfdc873f93f849d055b0bba7da28
report_seed42_supervised_medseg_slice_001,medseg_slice_001,42,supervised,detected_1__eligible_0,True,False,True,False,678a322869880e3d035142eb1b90d240a6fcdfdc873f93f849d055b0bba7da28
report_seed42_supervised_medseg_slice_002,medseg_slice_002,42,supervised,detected_1__eligible_1,True,False,True,False,117de33ef67a80da97440af88f3f5c76e371602e0b4fec3240b68d051727224b
report_seed42_supervised_medseg_slice_003,medseg_slice_003,42,supervised,detected_1__eligible_0,True,False,True,False,678a322869880e3d035142eb1b90d240a6fcdfdc873f93f849d055b0bba7da28
report_seed42_supervised_medseg_slice_004,medseg_slice_004,42,supervised,detected_1__eligible_0,True,False,True,False,678a322869880e3d035142eb1b90d240a6fcdfdc873f93f849d055b0bba7da28
report_seed42_supervised_medseg_slice_005,medseg_slice_005,42,supervised,detected_1__eligible_0,True,False,True,False,678a322869880e3d035142eb1b90d240a6fcdfdc873f93f849d055b0bba7da28
report_seed42_supervised_medseg_slice_006,medseg_slice_006,42,supervised,detected_1__eligible_0,True,False,True,False,678a322869880e3d035142eb1b90d240a6fcdfdc873f93f849d055b0bba7da28
report_seed42_supervised_medseg_slice_007,medseg_slice_007,42,supervised,detected_1__eligible_0,True,False,True,False,678a322869880e3d035142eb1b90d240a6fcdfdc873f93f849d055b0bba7da28
report_seed42_supervised_medseg_slice_008,medseg_slice_008,42,supervised,detected_1__eligible_0,True,False,True,False,678a322869880e3d035142eb1b90d240a6fcdfdc873f93f849d055b0bba7da28
report_seed42_supervised_medseg_slice_009,medseg_slice_009,42,supervised,detected_1__eligible_0,True,False,True,False,678a322869880e3d035142eb1b90d240a6fcdfdc873f93f849d055b0bba7da28
report_seed42_supervised_medseg_slice_010,medseg_slice_010,42,supervised,detected_1__eligible_0,True,False,True,False,678a322869880e3d035142eb1b90d240a6fcdfdc873f93f849d055b0bba7da28
report_seed42_supervised_medseg_slice_011,medseg_slice_011,42,supervised,detected_1__eligible_0,True,False,True,False,678a322869880e3d035142eb1b90d240a6fcdfdc873f93f849d055b0bba7da28
report_seed42_supervised_medseg_slice_012,medseg_slice_012,42,supervised,detected_1__eligible_0,True,False,True,False,678a322869880e3d035142eb1b90d240a6fcdfdc873f93f849d055b0bba7da28
report_seed42_supervised_medseg_slice_013,medseg_slice_013,42,supervised,detected_1__eligible_0,True,False,True,False,678a322869880e3d035142eb1b90d240a6fcdfdc873f93f849d055b0bba7da28
report_seed42_supervised_medseg_slice_014,medseg_slice_014,42,supervised,detected_1__eligible_0,True,False,True,False,678a322869880e3d035142eb1b90d240a6fcdfdc873f93f849d055b0bba7da28
report_seed42_supervised_medseg_slice_015,medseg_slice_015,42,supervised,detected_1__eligible_0,True,False,True,False,678a322869880e3d035142eb1b90d240a6fcdfdc873f93f849d055b0bba7da28
report_seed42_supervised_medseg_slice_016,medseg_slice_016,42,supervised,detected_1__eligible_0,True,False,True,False,678a322869880e3d035142eb1b90d240a6fcdfdc873f93f849d055b0bba7da28
report_seed42_supervised_medseg_slice_017,medseg_slice_017,42,supervised,detected_1__eligible_0,True,False,True,False,678a322869880e3d035142eb1b90d240a6fcdfdc873f93f849d055b0bba7da28
report_seed42_supervised_medseg_slice_018,medseg_slice_018,42,supervised,detected_1__eligible_0,True,False,True,False,678a322869880e3d035142eb1b90d240a6fcdfdc873f93f849d055b0bba7da28
report_seed42_supervised_medseg_slice_019,medseg_slice_019,42,supervised,detected_1__eligible_0,True,False,True,False,678a322869880e3d035142eb1b90d240a6fcdfdc873f93f849d055b0bba7da28
report_seed42_supervised_medseg_slice_020,medseg_slice_020,42,supervised,detected_1__eligible_0,True,False,True,False,678a322869880e3d035142eb1b90d240a6fcdfdc873f93f849d055b0bba7da28
report_seed42_supervised_medseg_slice_021,medseg_slice_021,42,supervised,detected_1__eligible_0,True,False,True,False,678a322869880e3d035142eb1b90d240a6fcdfdc873f93f849d055b0bba7da28
report_seed42_supervised_medseg_slice_022,medseg_slice_022,42,supervised,detected_1__eligible_0,True,False,True,False,678a322869880e3d035142eb1b90d240a6fcdfdc873f93f849d055b0bba7da28
report_seed42_supervised_medseg_slice_023,medseg_slice_023,42,supervised,detected_1__eligible_0,True,False,True,False,678a322869880e3d035142eb1b90d240a6fcdfdc873f93f849d055b0bba7da28
report_seed42_supervised_medseg_slice_024,medseg_slice_024,42,supervised,detected_1__eligible_0,True,False,True,False,678a322869880e3d035142eb1b90d240a6fcdfdc873f93f849d055b0bba7da28
report_seed42_supervised_medseg_slice_025,medseg_slice_025,42,supervised,detected_1__eligible_0,True,False,True,False,678a322869880e3d035142eb1b90d240a6fcdfdc873f93f849d055b0bba7da28
report_seed42_supervised_medseg_slice_026,medseg_slice_026,42,supervised,detected_1__eligible_0,True,False,True,False,678a322869880e3d035142eb1b90d240a6fcdfdc873f93f849d055b0bba7da28
report_seed42_supervised_medseg_slice_027,medseg_slice_027,42,supervised,detected_1__eligible_0,True,False,True,False,678a322869880e3d035142eb1b90d240a6fcdfdc873f93f849d055b0bba7da28
report_seed42_supervised_medseg_slice_028,medseg_slice_028,42,supervised,detected_1__eligible_0,True,False,True,False,678a322869880e3d035142eb1b90d240a6fcdfdc873f93f849d055b0bba7da28
report_seed42_supervised_medseg_slice_029,medseg_slice_029,42,supervised,detected_1__eligible_0,True,False,True,False,678a322869880e3d035142eb1b90d240a6fcdfdc873f93f849d055b0bba7da28
report_seed42_supervised_medseg_slice_030,medseg_slice_030,42,supervised,detected_1__eligible_0,True,False,True,False,678a322869880e3d035142eb1b90d240a6fcdfdc873f93f849d055b0bba7da28
report_seed42_supervised_medseg_slice_031,medseg_slice_031,42,supervised,detected_1__eligible_0,True,False,True,False,678a322869880e3d035142eb1b90d240a6fcdfdc873f93f849d055b0bba7da28
report_seed42_supervised_medseg_slice_032,medseg_slice_032,42,supervised,detected_1__eligible_0,True,False,True,False,678a322869880e3d035142eb1b90d240a6fcdfdc873f93f849d055b0bba7da28
report_seed42_supervised_medseg_slice_033,medseg_slice_033,42,supervised,detected_1__eligible_0,True,False,True,False,678a322869880e3d035142eb1b90d240a6fcdfdc873f93f849d055b0bba7da28
report_seed42_supervised_medseg_slice_034,medseg_slice_034,42,supervised,detected_1__eligible_0,True,False,True,False,678a322869880e3d035142eb1b90d240a6fcdfdc873f93f849d055b0bba7da28
report_seed42_supervised_medseg_slice_035,medseg_slice_035,42,supervised,detected_1__eligible_0,True,False,True,False,678a322869880e3d035142eb1b90d240a6fcdfdc873f93f849d055b0bba7da28
report_seed42_supervised_medseg_slice_036,medseg_slice_036,42,supervised,detected_1__eligible_0,True,False,True,False,678a322869880e3d035142eb1b90d240a6fcdfdc873f93f849d055b0bba7da28
report_seed42_supervised_medseg_slice_037,medseg_slice_037,42,supervised,detected_1__eligible_0,True,False,True,False,678a322869880e3d035142eb1b90d240a6fcdfdc873f93f849d055b0bba7da28
report_seed42_supervised_medseg_slice_038,medseg_slice_038,42,supervised,detected_1__eligible_0,True,False,True,False,678a322869880e3d035142eb1b90d240a6fcdfdc873f93f849d055b0bba7da28
report_seed42_supervised_medseg_slice_039,medseg_slice_039,42,supervised,detected_1__eligible_0,True,False,True,False,678a322869880e3d035142eb1b90d240a6fcdfdc873f93f849d055b0bba7da28
report_seed42_supervised_medseg_slice_040,medseg_slice_040,42,supervised,detected_1__eligible_0,True,False,True,False,678a322869880e3d035142eb1b90d240a6fcdfdc873f93f849d055b0bba7da28
report_seed42_supervised_medseg_slice_041,medseg_slice_041,42,supervised,detected_1__eligible_0,True,False,True,False,678a322869880e3d035142eb1b90d240a6fcdfdc873f93f849d055b0bba7da28
report_seed42_supervised_medseg_slice_042,medseg_slice_042,42,supervised,detected_1__eligible_0,True,False,True,False,678a322869880e3d035142eb1b90d240a6fcdfdc873f93f849d055b0bba7da28
report_seed42_supervised_medseg_slice_043,medseg_slice_043,42,supervised,detected_1__eligible_0,True,False,True,False,678a322869880e3d035142eb1b90d240a6fcdfdc873f93f849d055b0bba7da28
report_seed42_supervised_medseg_slice_044,medseg_slice_044,42,supervised,detected_1__eligible_0,True,False,True,False,678a322869880e3d035142eb1b90d240a6fcdfdc873f93f849d055b0bba7da28
report_seed42_supervised_medseg_slice_045,medseg_slice_045,42,supervised,detected_1__eligible_0,True,False,True,False,678a322869880e3d035142eb1b90d240a6fcdfdc873f93f849d055b0bba7da28
report_seed42_supervised_medseg_slice_046,medseg_slice_046,42,supervised,detected_1__eligible_0,True,False,True,False,678a322869880e3d035142eb1b90d240a6fcdfdc873f93f849d055b0bba7da28
report_seed42_supervised_medseg_slice_047,medseg_slice_047,42,supervised,detected_1__eligible_0,True,False,True,False,678a322869880e3d035142eb1b90d240a6fcdfdc873f93f849d055b0bba7da28
report_seed42_supervised_medseg_slice_048,medseg_slice_048,42,supervised,detected_1__eligible_1,True,False,True,False,bfe45bbe5f9ebf0d32526407da7a5cee4bc43cb96ab31487a225119907768098
report_seed42_supervised_medseg_slice_049,medseg_slice_049,42,supervised,detected_1__eligible_0,True,False,True,False,678a322869880e3d035142eb1b90d240a6fcdfdc873f93f849d055b0bba7da28
report_seed42_supervised_medseg_slice_050,medseg_slice_050,42,supervised,detected_1__eligible_0,True,False,True,False,678a322869880e3d035142eb1b90d240a6fcdfdc873f93f849d055b0bba7da28
report_seed42_supervised_medseg_slice_051,medseg_slice_051,42,supervised,detected_1__eligible_0,True,False,True,False,678a322869880e3d035142eb1b90d240a6fcdfdc873f93f849d055b0bba7da28
report_seed42_supervised_medseg_slice_052,medseg_slice_052,42,supervised,detected_1__eligible_0,True,False,True,False,678a322869880e3d035142eb1b90d240a6fcdfdc873f93f849d055b0bba7da28
report_seed42_supervised_medseg_slice_053,medseg_slice_053,42,supervised,detected_1__eligible_0,True,False,True,False,678a322869880e3d035142eb1b90d240a6fcdfdc873f93f849d055b0bba7da28
report_seed42_supervised_medseg_slice_054,medseg_slice_054,42,supervised,detected_1__eligible_0,True,False,True,False,678a322869880e3d035142eb1b90d240a6fcdfdc873f93f849d055b0bba7da28
report_seed42_supervised_medseg_slice_055,medseg_slice_055,42,supervised,detected_1__eligible_0,True,False,True,False,678a322869880e3d035142eb1b90d240a6fcdfdc873f93f849d055b0bba7da28
report_seed42_supervised_medseg_slice_056,medseg_slice_056,42,supervised,detected_1__eligible_0,True,False,True,False,678a322869880e3d035142eb1b90d240a6fcdfdc873f93f849d055b0bba7da28
report_seed42_supervised_medseg_slice_057,medseg_slice_057,42,supervised,detected_1__eligible_0,True,False,True,False,678a322869880e3d035142eb1b90d240a6fcdfdc873f93f849d055b0bba7da28
report_seed42_supervised_medseg_slice_058,medseg_slice_058,42,supervised,detected_1__eligible_0,True,False,True,False,678a322869880e3d035142eb1b90d240a6fcdfdc873f93f849d055b0bba7da28
report_seed42_supervised_medseg_slice_059,medseg_slice_059,42,supervised,detected_1__eligible_0,True,False,True,False,678a322869880e3d035142eb1b90d240a6fcdfdc873f93f849d055b0bba7da28
report_seed42_supervised_medseg_slice_060,medseg_slice_060,42,supervised,detected_1__eligible_0,True,False,True,False,678a322869880e3d035142eb1b90d240a6fcdfdc873f93f849d055b0bba7da28
report_seed42_supervised_medseg_slice_061,medseg_slice_061,42,supervised,detected_1__eligible_0,True,False,True,False,678a322869880e3d035142eb1b90d240a6fcdfdc873f93f849d055b0bba7da28
report_seed42_supervised_medseg_slice_062,medseg_slice_062,42,supervised,detected_1__eligible_0,True,False,True,False,678a322869880e3d035142eb1b90d240a6fcdfdc873f93f849d055b0bba7da28
report_seed42_supervised_medseg_slice_063,medseg_slice_063,42,supervised,detected_1__eligible_0,True,False,True,False,678a322869880e3d035142eb1b90d240a6fcdfdc873f93f849d055b0bba7da28
report_seed42_supervised_medseg_slice_064,medseg_slice_064,42,supervised,detected_1__eligible_0,True,False,True,False,678a322869880e3d035142eb1b90d240a6fcdfdc873f93f849d055b0bba7da28
report_seed42_supervised_medseg_slice_065,medseg_slice_065,42,supervised,detected_1__eligible_0,True,False,True,False,678a322869880e3d035142eb1b90d240a6fcdfdc873f93f849d055b0bba7da28
report_seed42_supervised_medseg_slice_066,medseg_slice_066,42,supervised,detected_1__eligible_0,True,False,True,False,678a322869880e3d035142eb1b90d240a6fcdfdc873f93f849d055b0bba7da28
report_seed42_supervised_medseg_slice_067,medseg_slice_067,42,supervised,detected_1__eligible_0,True,False,True,False,678a322869880e3d035142eb1b90d240a6fcdfdc873f93f849d055b0bba7da28
report_seed42_supervised_medseg_slice_068,medseg_slice_068,42,supervised,detected_1__eligible_0,True,False,True,False,678a322869880e3d035142eb1b90d240a6fcdfdc873f93f849d055b0bba7da28
report_seed42_supervised_medseg_slice_069,medseg_slice_069,42,supervised,detected_1__eligible_0,True,False,True,False,678a322869880e3d035142eb1b90d240a6fcdfdc873f93f849d055b0bba7da28
report_seed42_supervised_medseg_slice_070,medseg_slice_070,42,supervised,detected_1__eligible_0,True,False,True,False,678a322869880e3d035142eb1b90d240a6fcdfdc873f93f849d055b0bba7da28
report_seed42_supervised_medseg_slice_071,medseg_slice_071,42,supervised,detected_1__eligible_0,True,False,True,False,678a322869880e3d035142eb1b90d240a6fcdfdc873f93f849d055b0bba7da28
report_seed42_supervised_medseg_slice_072,medseg_slice_072,42,supervised,detected_1__eligible_0,True,False,True,False,678a322869880e3d035142eb1b90d240a6fcdfdc873f93f849d055b0bba7da28
report_seed42_supervised_medseg_slice_073,medseg_slice_073,42,supervised,detected_1__eligible_0,True,False,True,False,678a322869880e3d035142eb1b90d240a6fcdfdc873f93f849d055b0bba7da28
report_seed42_supervised_medseg_slice_074,medseg_slice_074,42,supervised,detected_1__eligible_0,True,False,True,False,678a322869880e3d035142eb1b90d240a6fcdfdc873f93f849d055b0bba7da28
report_seed42_supervised_medseg_slice_075,medseg_slice_075,42,supervised,detected_1__eligible_0,True,False,True,False,678a322869880e3d035142eb1b90d240a6fcdfdc873f93f849d055b0bba7da28
report_seed42_supervised_medseg_slice_076,medseg_slice_076,42,supervised,detected_1__eligible_0,True,False,True,False,678a322869880e3d035142eb1b90d240a6fcdfdc873f93f849d055b0bba7da28
report_seed42_supervised_medseg_slice_077,medseg_slice_077,42,supervised,detected_1__eligible_0,True,False,True,False,678a322869880e3d035142eb1b90d240a6fcdfdc873f93f849d055b0bba7da28
report_seed42_supervised_medseg_slice_078,medseg_slice_078,42,supervised,detected_1__eligible_0,True,False,True,False,678a322869880e3d035142eb1b90d240a6fcdfdc873f93f849d055b0bba7da28
report_seed42_supervised_medseg_slice_079,medseg_slice_079,42,supervised,detected_1__eligible_0,True,False,True,False,678a322869880e3d035142eb1b90d240a6fcdfdc873f93f849d055b0bba7da28
report_seed42_supervised_medseg_slice_080,medseg_slice_080,42,supervised,detected_1__eligible_0,True,False,True,False,678a322869880e3d035142eb1b90d240a6fcdfdc873f93f849d055b0bba7da28
report_seed42_supervised_medseg_slice_081,medseg_slice_081,42,supervised,detected_1__eligible_0,True,False,True,False,678a322869880e3d035142eb1b90d240a6fcdfdc873f93f849d055b0bba7da28
report_seed42_supervised_medseg_slice_082,medseg_slice_082,42,supervised,detected_1__eligible_0,True,False,True,False,678a322869880e3d035142eb1b90d240a6fcdfdc873f93f849d055b0bba7da28
report_seed42_supervised_medseg_slice_083,medseg_slice_083,42,supervised,detected_1__eligible_0,True,False,True,False,678a322869880e3d035142eb1b90d240a6fcdfdc873f93f849d055b0bba7da28
report_seed42_supervised_medseg_slice_084,medseg_slice_084,42,supervised,detected_1__eligible_0,True,False,True,False,678a322869880e3d035142eb1b90d240a6fcdfdc873f93f849d055b0bba7da28
report_seed42_supervised_medseg_slice_085,medseg_slice_085,42,supervised,detected_1__eligible_0,True,False,True,False,678a322869880e3d035142eb1b90d240a6fcdfdc873f93f849d055b0bba7da28
report_seed42_supervised_medseg_slice_086,medseg_slice_086,42,supervised,detected_1__eligible_0,True,False,True,False,678a322869880e3d035142eb1b90d240a6fcdfdc873f93f849d055b0bba7da28
report_seed42_supervised_medseg_slice_087,medseg_slice_087,42,supervised,detected_1__eligible_0,True,False,True,False,678a322869880e3d035142eb1b90d240a6fcdfdc873f93f849d055b0bba7da28
report_seed42_supervised_medseg_slice_088,medseg_slice_088,42,supervised,detected_1__eligible_0,True,False,True,False,678a322869880e3d035142eb1b90d240a6fcdfdc873f93f849d055b0bba7da28
report_seed42_supervised_medseg_slice_089,medseg_slice_089,42,supervised,detected_1__eligible_1,True,False,True,False,74c8fe7cac28cd114e613daf50f79198582e002d2d8a1d55043d78c328aa7660
report_seed42_supervised_medseg_slice_090,medseg_slice_090,42,supervised,detected_1__eligible_0,True,False,True,False,678a322869880e3d035142eb1b90d240a6fcdfdc873f93f849d055b0bba7da28
report_seed42_supervised_medseg_slice_091,medseg_slice_091,42,supervised,detected_1__eligible_0,True,False,True,False,678a322869880e3d035142eb1b90d240a6fcdfdc873f93f849d055b0bba7da28
report_seed42_supervised_medseg_slice_092,medseg_slice_092,42,supervised,detected_1__eligible_0,True,False,True,False,678a322869880e3d035142eb1b90d240a6fcdfdc873f93f849d055b0bba7da28
report_seed42_supervised_medseg_slice_093,medseg_slice_093,42,supervised,detected_1__eligible_0,True,False,True,False,678a322869880e3d035142eb1b90d240a6fcdfdc873f93f849d055b0bba7da28
report_seed42_supervised_medseg_slice_094,medseg_slice_094,42,supervised,detected_1__eligible_0,True,False,True,False,678a322869880e3d035142eb1b90d240a6fcdfdc873f93f849d055b0bba7da28
report_seed42_supervised_medseg_slice_095,medseg_slice_095,42,supervised,detected_1__eligible_0,True,False,True,False,678a322869880e3d035142eb1b90d240a6fcdfdc873f93f849d055b0bba7da28
report_seed42_supervised_medseg_slice_096,medseg_slice_096,42,supervised,detected_1__eligible_0,True,False,True,False,678a322869880e3d035142eb1b90d240a6fcdfdc873f93f849d055b0bba7da28
report_seed42_supervised_medseg_slice_097,medseg_slice_097,42,supervised,detected_1__eligible_0,True,False,True,False,678a322869880e3d035142eb1b90d240a6fcdfdc873f93f849d055b0bba7da28
report_seed42_supervised_medseg_slice_098,medseg_slice_098,42,supervised,detected_1__eligible_0,True,False,True,False,678a322869880e3d035142eb1b90d240a6fcdfdc873f93f849d055b0bba7da28
report_seed42_supervised_medseg_slice_099,medseg_slice_099,42,supervised,detected_1__eligible_0,True,False,True,False,678a322869880e3d035142eb1b90d240a6fcdfdc873f93f849d055b0bba7da28
report_seed42_confidence_only_ema_medseg_slice_000,medseg_slice_000,42,confidence_only_ema,detected_1__eligible_0,True,False,True,False,678a322869880e3d035142eb1b90d240a6fcdfdc873f93f849d055b0bba7da28
report_seed42_confidence_only_ema_medseg_slice_001,medseg_slice_001,42,confidence_only_ema,detected_1__eligible_0,True,False,True,False,678a322869880e3d035142eb1b90d240a6fcdfdc873f93f849d055b0bba7da28
report_seed42_confidence_only_ema_medseg_slice_002,medseg_slice_002,42,confidence_only_ema,detected_1__eligible_1,True,False,True,False,6849025008c2a5a40af7161ce42969f01230f60194bb4ae1fc8341643e03180a
report_seed42_confidence_only_ema_medseg_slice_003,medseg_slice_003,42,confidence_only_ema,detected_1__eligible_0,True,False,True,False,678a322869880e3d035142eb1b90d240a6fcdfdc873f93f849d055b0bba7da28
report_seed42_confidence_only_ema_medseg_slice_004,medseg_slice_004,42,confidence_only_ema,detected_1__eligible_0,True,False,True,False,678a322869880e3d035142eb1b90d240a6fcdfdc873f93f849d055b0bba7da28
report_seed42_confidence_only_ema_medseg_slice_005,medseg_slice_005,42,confidence_only_ema,detected_1__eligible_0,True,False,True,False,678a322869880e3d035142eb1b90d240a6fcdfdc873f93f849d055b0bba7da28
report_seed42_confidence_only_ema_medseg_slice_006,medseg_slice_006,42,confidence_only_ema,detected_1__eligible_0,True,False,True,False,678a322869880e3d035142eb1b90d240a6fcdfdc873f93f849d055b0bba7da28
report_seed42_confidence_only_ema_medseg_slice_007,medseg_slice_007,42,confidence_only_ema,detected_1__eligible_0,True,False,True,False,678a322869880e3d035142eb1b90d240a6fcdfdc873f93f849d055b0bba7da28
report_seed42_confidence_only_ema_medseg_slice_008,medseg_slice_008,42,confidence_only_ema,detected_1__eligible_0,True,False,True,False,678a322869880e3d035142eb1b90d240a6fcdfdc873f93f849d055b0bba7da28
report_seed42_confidence_only_ema_medseg_slice_009,medseg_slice_009,42,confidence_only_ema,detected_1__eligible_0,True,False,True,False,678a322869880e3d035142eb1b90d240a6fcdfdc873f93f849d055b0bba7da28
report_seed42_confidence_only_ema_medseg_slice_010,medseg_slice_010,42,confidence_only_ema,detected_1__eligible_0,True,False,True,False,678a322869880e3d035142eb1b90d240a6fcdfdc873f93f849d055b0bba7da28
report_seed42_confidence_only_ema_medseg_slice_011,medseg_slice_011,42,confidence_only_ema,detected_1__eligible_0,True,False,True,False,678a322869880e3d035142eb1b90d240a6fcdfdc873f93f849d055b0bba7da28
report_seed42_confidence_only_ema_medseg_slice_012,medseg_slice_012,42,confidence_only_ema,detected_1__eligible_0,True,False,True,False,678a322869880e3d035142eb1b90d240a6fcdfdc873f93f849d055b0bba7da28
report_seed42_confidence_only_ema_medseg_slice_013,medseg_slice_013,42,confidence_only_ema,detected_1__eligible_0,True,False,True,False,678a322869880e3d035142eb1b90d240a6fcdfdc873f93f849d055b0bba7da28
report_seed42_confidence_only_ema_medseg_slice_014,medseg_slice_014,42,confidence_only_ema,detected_1__eligible_0,True,False,True,False,678a322869880e3d035142eb1b90d240a6fcdfdc873f93f849d055b0bba7da28
report_seed42_confidence_only_ema_medseg_slice_015,medseg_slice_015,42,confidence_only_ema,detected_1__eligible_0,True,False,True,False,678a322869880e3d035142eb1b90d240a6fcdfdc873f93f849d055b0bba7da28
report_seed42_confidence_only_ema_medseg_slice_016,medseg_slice_016,42,confidence_only_ema,detected_1__eligible_0,True,False,True,False,678a322869880e3d035142eb1b90d240a6fcdfdc873f93f849d055b0bba7da28
report_seed42_confidence_only_ema_medseg_slice_017,medseg_slice_017,42,confidence_only_ema,detected_1__eligible_0,True,False,True,False,678a322869880e3d035142eb1b90d240a6fcdfdc873f93f849d055b0bba7da28
report_seed42_confidence_only_ema_medseg_slice_018,medseg_slice_018,42,confidence_only_ema,detected_1__eligible_0,True,False,True,False,678a322869880e3d035142eb1b90d240a6fcdfdc873f93f849d055b0bba7da28
report_seed42_confidence_only_ema_medseg_slice_019,medseg_slice_019,42,confidence_only_ema,detected_1__eligible_0,True,False,True,False,678a322869880e3d035142eb1b90d240a6fcdfdc873f93f849d055b0bba7da28
report_seed42_confidence_only_ema_medseg_slice_020,medseg_slice_020,42,confidence_only_ema,detected_1__eligible_0,True,False,True,False,678a322869880e3d035142eb1b90d240a6fcdfdc873f93f849d055b0bba7da28
report_seed42_confidence_only_ema_medseg_slice_021,medseg_slice_021,42,confidence_only_ema,detected_1__eligible_0,True,False,True,False,678a322869880e3d035142eb1b90d240a6fcdfdc873f93f849d055b0bba7da28
report_seed42_confidence_only_ema_medseg_slice_022,medseg_slice_022,42,confidence_only_ema,detected_1__eligible_0,True,False,True,False,678a322869880e3d035142eb1b90d240a6fcdfdc873f93f849d055b0bba7da28
report_seed42_confidence_only_ema_medseg_slice_023,medseg_slice_023,42,confidence_only_ema,detected_1__eligible_0,True,False,True,False,678a322869880e3d035142eb1b90d240a6fcdfdc873f93f849d055b0bba7da28
report_seed42_confidence_only_ema_medseg_slice_024,medseg_slice_024,42,confidence_only_ema,detected_1__eligible_0,True,False,True,False,678a322869880e3d035142eb1b90d240a6fcdfdc873f93f849d055b0bba7da28
report_seed42_confidence_only_ema_medseg_slice_025,medseg_slice_025,42,confidence_only_ema,detected_1__eligible_0,True,False,True,False,678a322869880e3d035142eb1b90d240a6fcdfdc873f93f849d055b0bba7da28
report_seed42_confidence_only_ema_medseg_slice_026,medseg_slice_026,42,confidence_only_ema,detected_1__eligible_0,True,False,True,False,678a322869880e3d035142eb1b90d240a6fcdfdc873f93f849d055b0bba7da28
report_seed42_confidence_only_ema_medseg_slice_027,medseg_slice_027,42,confidence_only_ema,detected_1__eligible_0,True,False,True,False,678a322869880e3d035142eb1b90d240a6fcdfdc873f93f849d055b0bba7da28
report_seed42_confidence_only_ema_medseg_slice_028,medseg_slice_028,42,confidence_only_ema,detected_1__eligible_0,True,False,True,False,678a322869880e3d035142eb1b90d240a6fcdfdc873f93f849d055b0bba7da28
report_seed42_confidence_only_ema_medseg_slice_029,medseg_slice_029,42,confidence_only_ema,detected_1__eligible_0,True,False,True,False,678a322869880e3d035142eb1b90d240a6fcdfdc873f93f849d055b0bba7da28
report_seed42_confidence_only_ema_medseg_slice_030,medseg_slice_030,42,confidence_only_ema,detected_1__eligible_0,True,False,True,False,678a322869880e3d035142eb1b90d240a6fcdfdc873f93f849d055b0bba7da28
report_seed42_confidence_only_ema_medseg_slice_031,medseg_slice_031,42,confidence_only_ema,detected_1__eligible_0,True,False,True,False,678a322869880e3d035142eb1b90d240a6fcdfdc873f93f849d055b0bba7da28
report_seed42_confidence_only_ema_medseg_slice_032,medseg_slice_032,42,confidence_only_ema,detected_1__eligible_0,True,False,True,False,678a322869880e3d035142eb1b90d240a6fcdfdc873f93f849d055b0bba7da28
report_seed42_confidence_only_ema_medseg_slice_033,medseg_slice_033,42,confidence_only_ema,detected_1__eligible_0,True,False,True,False,678a322869880e3d035142eb1b90d240a6fcdfdc873f93f849d055b0bba7da28
report_seed42_confidence_only_ema_medseg_slice_034,medseg_slice_034,42,confidence_only_ema,detected_1__eligible_0,True,False,True,False,678a322869880e3d035142eb1b90d240a6fcdfdc873f93f849d055b0bba7da28
report_seed42_confidence_only_ema_medseg_slice_035,medseg_slice_035,42,confidence_only_ema,detected_1__eligible_0,True,False,True,False,678a322869880e3d035142eb1b90d240a6fcdfdc873f93f849d055b0bba7da28
report_seed42_confidence_only_ema_medseg_slice_036,medseg_slice_036,42,confidence_only_ema,detected_1__eligible_0,True,False,True,False,678a322869880e3d035142eb1b90d240a6fcdfdc873f93f849d055b0bba7da28
report_seed42_confidence_only_ema_medseg_slice_037,medseg_slice_037,42,confidence_only_ema,detected_1__eligible_0,True,False,True,False,678a322869880e3d035142eb1b90d240a6fcdfdc873f93f849d055b0bba7da28
report_seed42_confidence_only_ema_medseg_slice_038,medseg_slice_038,42,confidence_only_ema,detected_1__eligible_0,True,False,True,False,678a322869880e3d035142eb1b90d240a6fcdfdc873f93f849d055b0bba7da28
report_seed42_confidence_only_ema_medseg_slice_039,medseg_slice_039,42,confidence_only_ema,detected_1__eligible_0,True,False,True,False,678a322869880e3d035142eb1b90d240a6fcdfdc873f93f849d055b0bba7da28
report_seed42_confidence_only_ema_medseg_slice_040,medseg_slice_040,42,confidence_only_ema,detected_1__eligible_0,True,False,True,False,678a322869880e3d035142eb1b90d240a6fcdfdc873f93f849d055b0bba7da28
report_seed42_confidence_only_ema_medseg_slice_041,medseg_slice_041,42,confidence_only_ema,detected_1__eligible_0,True,False,True,False,678a322869880e3d035142eb1b90d240a6fcdfdc873f93f849d055b0bba7da28
report_seed42_confidence_only_ema_medseg_slice_042,medseg_slice_042,42,confidence_only_ema,detected_1__eligible_0,True,False,True,False,678a322869880e3d035142eb1b90d240a6fcdfdc873f93f849d055b0bba7da28
report_seed42_confidence_only_ema_medseg_slice_043,medseg_slice_043,42,confidence_only_ema,detected_1__eligible_0,True,False,True,False,678a322869880e3d035142eb1b90d240a6fcdfdc873f93f849d055b0bba7da28
report_seed42_confidence_only_ema_medseg_slice_044,medseg_slice_044,42,confidence_only_ema,detected_1__eligible_0,True,False,True,False,678a322869880e3d035142eb1b90d240a6fcdfdc873f93f849d055b0bba7da28
report_seed42_confidence_only_ema_medseg_slice_045,medseg_slice_045,42,confidence_only_ema,detected_1__eligible_0,True,False,True,False,678a322869880e3d035142eb1b90d240a6fcdfdc873f93f849d055b0bba7da28
report_seed42_confidence_only_ema_medseg_slice_046,medseg_slice_046,42,confidence_only_ema,detected_1__eligible_0,True,False,True,False,678a322869880e3d035142eb1b90d240a6fcdfdc873f93f849d055b0bba7da28
report_seed42_confidence_only_ema_medseg_slice_047,medseg_slice_047,42,confidence_only_ema,detected_1__eligible_0,True,False,True,False,678a322869880e3d035142eb1b90d240a6fcdfdc873f93f849d055b0bba7da28
report_seed42_confidence_only_ema_medseg_slice_048,medseg_slice_048,42,confidence_only_ema,detected_1__eligible_0,True,False,True,False,678a322869880e3d035142eb1b90d240a6fcdfdc873f93f849d055b0bba7da28
report_seed42_confidence_only_ema_medseg_slice_049,medseg_slice_049,42,confidence_only_ema,detected_1__eligible_0,True,False,True,False,678a322869880e3d035142eb1b90d240a6fcdfdc873f93f849d055b0bba7da28
report_seed42_confidence_only_ema_medseg_slice_050,medseg_slice_050,42,confidence_only_ema,detected_1__eligible_0,True,False,True,False,678a322869880e3d035142eb1b90d240a6fcdfdc873f93f849d055b0bba7da28
report_seed42_confidence_only_ema_medseg_slice_051,medseg_slice_051,42,confidence_only_ema,detected_1__eligible_0,True,False,True,False,678a322869880e3d035142eb1b90d240a6fcdfdc873f93f849d055b0bba7da28
report_seed42_confidence_only_ema_medseg_slice_052,medseg_slice_052,42,confidence_only_ema,detected_1__eligible_0,True,False,True,False,678a322869880e3d035142eb1b90d240a6fcdfdc873f93f849d055b0bba7da28
report_seed42_confidence_only_ema_medseg_slice_053,medseg_slice_053,42,confidence_only_ema,detected_1__eligible_0,True,False,True,False,678a322869880e3d035142eb1b90d240a6fcdfdc873f93f849d055b0bba7da28
report_seed42_confidence_only_ema_medseg_slice_054,medseg_slice_054,42,confidence_only_ema,detected_1__eligible_0,True,False,True,False,678a322869880e3d035142eb1b90d240a6fcdfdc873f93f849d055b0bba7da28
report_seed42_confidence_only_ema_medseg_slice_055,medseg_slice_055,42,confidence_only_ema,detected_1__eligible_0,True,False,True,False,678a322869880e3d035142eb1b90d240a6fcdfdc873f93f849d055b0bba7da28
report_seed42_confidence_only_ema_medseg_slice_056,medseg_slice_056,42,confidence_only_ema,detected_1__eligible_0,True,False,True,False,678a322869880e3d035142eb1b90d240a6fcdfdc873f93f849d055b0bba7da28
report_seed42_confidence_only_ema_medseg_slice_057,medseg_slice_057,42,confidence_only_ema,detected_1__eligible_0,True,False,True,False,678a322869880e3d035142eb1b90d240a6fcdfdc873f93f849d055b0bba7da28
report_seed42_confidence_only_ema_medseg_slice_058,medseg_slice_058,42,confidence_only_ema,detected_1__eligible_0,True,False,True,False,678a322869880e3d035142eb1b90d240a6fcdfdc873f93f849d055b0bba7da28
report_seed42_confidence_only_ema_medseg_slice_059,medseg_slice_059,42,confidence_only_ema,detected_1__eligible_0,True,False,True,False,678a322869880e3d035142eb1b90d240a6fcdfdc873f93f849d055b0bba7da28
report_seed42_confidence_only_ema_medseg_slice_060,medseg_slice_060,42,confidence_only_ema,detected_1__eligible_0,True,False,True,False,678a322869880e3d035142eb1b90d240a6fcdfdc873f93f849d055b0bba7da28
report_seed42_confidence_only_ema_medseg_slice_061,medseg_slice_061,42,confidence_only_ema,detected_1__eligible_0,True,False,True,False,678a322869880e3d035142eb1b90d240a6fcdfdc873f93f849d055b0bba7da28
report_seed42_confidence_only_ema_medseg_slice_062,medseg_slice_062,42,confidence_only_ema,detected_1__eligible_0,True,False,True,False,678a322869880e3d035142eb1b90d240a6fcdfdc873f93f849d055b0bba7da28
report_seed42_confidence_only_ema_medseg_slice_063,medseg_slice_063,42,confidence_only_ema,detected_1__eligible_0,True,False,True,False,678a322869880e3d035142eb1b90d240a6fcdfdc873f93f849d055b0bba7da28
report_seed42_confidence_only_ema_medseg_slice_064,medseg_slice_064,42,confidence_only_ema,detected_1__eligible_0,True,False,True,False,678a322869880e3d035142eb1b90d240a6fcdfdc873f93f849d055b0bba7da28
report_seed42_confidence_only_ema_medseg_slice_065,medseg_slice_065,42,confidence_only_ema,detected_1__eligible_0,True,False,True,False,678a322869880e3d035142eb1b90d240a6fcdfdc873f93f849d055b0bba7da28
report_seed42_confidence_only_ema_medseg_slice_066,medseg_slice_066,42,confidence_only_ema,detected_1__eligible_0,True,False,True,False,678a322869880e3d035142eb1b90d240a6fcdfdc873f93f849d055b0bba7da28
report_seed42_confidence_only_ema_medseg_slice_067,medseg_slice_067,42,confidence_only_ema,detected_1__eligible_0,True,False,True,False,678a322869880e3d035142eb1b90d240a6fcdfdc873f93f849d055b0bba7da28
report_seed42_confidence_only_ema_medseg_slice_068,medseg_slice_068,42,confidence_only_ema,detected_1__eligible_0,True,False,True,False,678a322869880e3d035142eb1b90d240a6fcdfdc873f93f849d055b0bba7da28
report_seed42_confidence_only_ema_medseg_slice_069,medseg_slice_069,42,confidence_only_ema,detected_1__eligible_0,True,False,True,False,678a322869880e3d035142eb1b90d240a6fcdfdc873f93f849d055b0bba7da28
report_seed42_confidence_only_ema_medseg_slice_070,medseg_slice_070,42,confidence_only_ema,detected_1__eligible_0,True,False,True,False,678a322869880e3d035142eb1b90d240a6fcdfdc873f93f849d055b0bba7da28
report_seed42_confidence_only_ema_medseg_slice_071,medseg_slice_071,42,confidence_only_ema,detected_1__eligible_0,True,False,True,False,678a322869880e3d035142eb1b90d240a6fcdfdc873f93f849d055b0bba7da28
report_seed42_confidence_only_ema_medseg_slice_072,medseg_slice_072,42,confidence_only_ema,detected_1__eligible_0,True,False,True,False,678a322869880e3d035142eb1b90d240a6fcdfdc873f93f849d055b0bba7da28
report_seed42_confidence_only_ema_medseg_slice_073,medseg_slice_073,42,confidence_only_ema,detected_1__eligible_0,True,False,True,False,678a322869880e3d035142eb1b90d240a6fcdfdc873f93f849d055b0bba7da28
report_seed42_confidence_only_ema_medseg_slice_074,medseg_slice_074,42,confidence_only_ema,detected_1__eligible_0,True,False,True,False,678a322869880e3d035142eb1b90d240a6fcdfdc873f93f849d055b0bba7da28
report_seed42_confidence_only_ema_medseg_slice_075,medseg_slice_075,42,confidence_only_ema,detected_1__eligible_0,True,False,True,False,678a322869880e3d035142eb1b90d240a6fcdfdc873f93f849d055b0bba7da28
report_seed42_confidence_only_ema_medseg_slice_076,medseg_slice_076,42,confidence_only_ema,detected_1__eligible_0,True,False,True,False,678a322869880e3d035142eb1b90d240a6fcdfdc873f93f849d055b0bba7da28
report_seed42_confidence_only_ema_medseg_slice_077,medseg_slice_077,42,confidence_only_ema,detected_1__eligible_0,True,False,True,False,678a322869880e3d035142eb1b90d240a6fcdfdc873f93f849d055b0bba7da28
report_seed42_confidence_only_ema_medseg_slice_078,medseg_slice_078,42,confidence_only_ema,detected_1__eligible_0,True,False,True,False,678a322869880e3d035142eb1b90d240a6fcdfdc873f93f849d055b0bba7da28
report_seed42_confidence_only_ema_medseg_slice_079,medseg_slice_079,42,confidence_only_ema,detected_1__eligible_0,True,False,True,False,678a322869880e3d035142eb1b90d240a6fcdfdc873f93f849d055b0bba7da28
report_seed42_confidence_only_ema_medseg_slice_080,medseg_slice_080,42,confidence_only_ema,detected_1__eligible_0,True,False,True,False,678a322869880e3d035142eb1b90d240a6fcdfdc873f93f849d055b0bba7da28
report_seed42_confidence_only_ema_medseg_slice_081,medseg_slice_081,42,confidence_only_ema,detected_1__eligible_0,True,False,True,False,678a322869880e3d035142eb1b90d240a6fcdfdc873f93f849d055b0bba7da28
report_seed42_confidence_only_ema_medseg_slice_082,medseg_slice_082,42,confidence_only_ema,detected_1__eligible_0,True,False,True,False,678a322869880e3d035142eb1b90d240a6fcdfdc873f93f849d055b0bba7da28
report_seed42_confidence_only_ema_medseg_slice_083,medseg_slice_083,42,confidence_only_ema,detected_1__eligible_0,True,False,True,False,678a322869880e3d035142eb1b90d240a6fcdfdc873f93f849d055b0bba7da28
report_seed42_confidence_only_ema_medseg_slice_084,medseg_slice_084,42,confidence_only_ema,detected_1__eligible_0,True,False,True,False,678a322869880e3d035142eb1b90d240a6fcdfdc873f93f849d055b0bba7da28
report_seed42_confidence_only_ema_medseg_slice_085,medseg_slice_085,42,confidence_only_ema,detected_1__eligible_0,True,False,True,False,678a322869880e3d035142eb1b90d240a6fcdfdc873f93f849d055b0bba7da28
report_seed42_confidence_only_ema_medseg_slice_086,medseg_slice_086,42,confidence_only_ema,detected_1__eligible_0,True,False,True,False,678a322869880e3d035142eb1b90d240a6fcdfdc873f93f849d055b0bba7da28
report_seed42_confidence_only_ema_medseg_slice_087,medseg_slice_087,42,confidence_only_ema,detected_1__eligible_0,True,False,True,False,678a322869880e3d035142eb1b90d240a6fcdfdc873f93f849d055b0bba7da28
report_seed42_confidence_only_ema_medseg_slice_088,medseg_slice_088,42,confidence_only_ema,detected_1__eligible_0,True,False,True,False,678a322869880e3d035142eb1b90d240a6fcdfdc873f93f849d055b0bba7da28
report_seed42_confidence_only_ema_medseg_slice_089,medseg_slice_089,42,confidence_only_ema,detected_1__eligible_1,True,False,True,False,b7cbb9800be8d5f312aa55176c26aee6755b82cfb1548f819a26c6e335dc0d16
report_seed42_confidence_only_ema_medseg_slice_090,medseg_slice_090,42,confidence_only_ema,detected_1__eligible_0,True,False,True,False,678a322869880e3d035142eb1b90d240a6fcdfdc873f93f849d055b0bba7da28
report_seed42_confidence_only_ema_medseg_slice_091,medseg_slice_091,42,confidence_only_ema,detected_1__eligible_0,True,False,True,False,678a322869880e3d035142eb1b90d240a6fcdfdc873f93f849d055b0bba7da28
report_seed42_confidence_only_ema_medseg_slice_092,medseg_slice_092,42,confidence_only_ema,detected_1__eligible_0,True,False,True,False,678a322869880e3d035142eb1b90d240a6fcdfdc873f93f849d055b0bba7da28
report_seed42_confidence_only_ema_medseg_slice_093,medseg_slice_093,42,confidence_only_ema,detected_1__eligible_0,True,False,True,False,678a322869880e3d035142eb1b90d240a6fcdfdc873f93f849d055b0bba7da28
report_seed42_confidence_only_ema_medseg_slice_094,medseg_slice_094,42,confidence_only_ema,detected_1__eligible_0,True,False,True,False,678a322869880e3d035142eb1b90d240a6fcdfdc873f93f849d055b0bba7da28
report_seed42_confidence_only_ema_medseg_slice_095,medseg_slice_095,42,confidence_only_ema,detected_1__eligible_0,True,False,True,False,678a322869880e3d035142eb1b90d240a6fcdfdc873f93f849d055b0bba7da28
report_seed42_confidence_only_ema_medseg_slice_096,medseg_slice_096,42,confidence_only_ema,detected_1__eligible_0,True,False,True,False,678a322869880e3d035142eb1b90d240a6fcdfdc873f93f849d055b0bba7da28
report_seed42_confidence_only_ema_medseg_slice_097,medseg_slice_097,42,confidence_only_ema,detected_1__eligible_0,True,False,True,False,678a322869880e3d035142eb1b90d240a6fcdfdc873f93f849d055b0bba7da28
report_seed42_confidence_only_ema_medseg_slice_098,medseg_slice_098,42,confidence_only_ema,detected_1__eligible_0,True,False,True,False,678a322869880e3d035142eb1b90d240a6fcdfdc873f93f849d055b0bba7da28
report_seed42_confidence_only_ema_medseg_slice_099,medseg_slice_099,42,confidence_only_ema,detected_1__eligible_0,True,False,True,False,678a322869880e3d035142eb1b90d240a6fcdfdc873f93f849d055b0bba7da28
report_seed42_agreement_filtered_ema_medseg_slice_000,medseg_slice_000,42,agreement_filtered_ema,detected_1__eligible_0,True,False,True,False,678a322869880e3d035142eb1b90d240a6fcdfdc873f93f849d055b0bba7da28
report_seed42_agreement_filtered_ema_medseg_slice_001,medseg_slice_001,42,agreement_filtered_ema,detected_1__eligible_0,True,False,True,False,678a322869880e3d035142eb1b90d240a6fcdfdc873f93f849d055b0bba7da28
report_seed42_agreement_filtered_ema_medseg_slice_002,medseg_slice_002,42,agreement_filtered_ema,detected_1__eligible_1,True,False,True,False,92be218862264842bb1fbcecfe3e888ec57fadbc762f168bff20d476879fe08e
report_seed42_agreement_filtered_ema_medseg_slice_003,medseg_slice_003,42,agreement_filtered_ema,detected_1__eligible_0,True,False,True,False,678a322869880e3d035142eb1b90d240a6fcdfdc873f93f849d055b0bba7da28
report_seed42_agreement_filtered_ema_medseg_slice_004,medseg_slice_004,42,agreement_filtered_ema,detected_1__eligible_0,True,False,True,False,678a322869880e3d035142eb1b90d240a6fcdfdc873f93f849d055b0bba7da28
report_seed42_agreement_filtered_ema_medseg_slice_005,medseg_slice_005,42,agreement_filtered_ema,detected_1__eligible_0,True,False,True,False,678a322869880e3d035142eb1b90d240a6fcdfdc873f93f849d055b0bba7da28
report_seed42_agreement_filtered_ema_medseg_slice_006,medseg_slice_006,42,agreement_filtered_ema,detected_1__eligible_0,True,False,True,False,678a322869880e3d035142eb1b90d240a6fcdfdc873f93f849d055b0bba7da28
report_seed42_agreement_filtered_ema_medseg_slice_007,medseg_slice_007,42,agreement_filtered_ema,detected_1__eligible_0,True,False,True,False,678a322869880e3d035142eb1b90d240a6fcdfdc873f93f849d055b0bba7da28
report_seed42_agreement_filtered_ema_medseg_slice_008,medseg_slice_008,42,agreement_filtered_ema,detected_1__eligible_0,True,False,True,False,678a322869880e3d035142eb1b90d240a6fcdfdc873f93f849d055b0bba7da28
report_seed42_agreement_filtered_ema_medseg_slice_009,medseg_slice_009,42,agreement_filtered_ema,detected_1__eligible_0,True,False,True,False,678a322869880e3d035142eb1b90d240a6fcdfdc873f93f849d055b0bba7da28
report_seed42_agreement_filtered_ema_medseg_slice_010,medseg_slice_010,42,agreement_filtered_ema,detected_1__eligible_0,True,False,True,False,678a322869880e3d035142eb1b90d240a6fcdfdc873f93f849d055b0bba7da28
report_seed42_agreement_filtered_ema_medseg_slice_011,medseg_slice_011,42,agreement_filtered_ema,detected_1__eligible_0,True,False,True,False,678a322869880e3d035142eb1b90d240a6fcdfdc873f93f849d055b0bba7da28
report_seed42_agreement_filtered_ema_medseg_slice_012,medseg_slice_012,42,agreement_filtered_ema,detected_1__eligible_0,True,False,True,False,678a322869880e3d035142eb1b90d240a6fcdfdc873f93f849d055b0bba7da28
report_seed42_agreement_filtered_ema_medseg_slice_013,medseg_slice_013,42,agreement_filtered_ema,detected_1__eligible_0,True,False,True,False,678a322869880e3d035142eb1b90d240a6fcdfdc873f93f849d055b0bba7da28
report_seed42_agreement_filtered_ema_medseg_slice_014,medseg_slice_014,42,agreement_filtered_ema,detected_1__eligible_0,True,False,True,False,678a322869880e3d035142eb1b90d240a6fcdfdc873f93f849d055b0bba7da28
report_seed42_agreement_filtered_ema_medseg_slice_015,medseg_slice_015,42,agreement_filtered_ema,detected_1__eligible_0,True,False,True,False,678a322869880e3d035142eb1b90d240a6fcdfdc873f93f849d055b0bba7da28
report_seed42_agreement_filtered_ema_medseg_slice_016,medseg_slice_016,42,agreement_filtered_ema,detected_1__eligible_0,True,False,True,False,678a322869880e3d035142eb1b90d240a6fcdfdc873f93f849d055b0bba7da28
report_seed42_agreement_filtered_ema_medseg_slice_017,medseg_slice_017,42,agreement_filtered_ema,detected_1__eligible_0,True,False,True,False,678a322869880e3d035142eb1b90d240a6fcdfdc873f93f849d055b0bba7da28
report_seed42_agreement_filtered_ema_medseg_slice_018,medseg_slice_018,42,agreement_filtered_ema,detected_1__eligible_0,True,False,True,False,678a322869880e3d035142eb1b90d240a6fcdfdc873f93f849d055b0bba7da28
report_seed42_agreement_filtered_ema_medseg_slice_019,medseg_slice_019,42,agreement_filtered_ema,detected_1__eligible_0,True,False,True,False,678a322869880e3d035142eb1b90d240a6fcdfdc873f93f849d055b0bba7da28
report_seed42_agreement_filtered_ema_medseg_slice_020,medseg_slice_020,42,agreement_filtered_ema,detected_1__eligible_0,True,False,True,False,678a322869880e3d035142eb1b90d240a6fcdfdc873f93f849d055b0bba7da28
report_seed42_agreement_filtered_ema_medseg_slice_021,medseg_slice_021,42,agreement_filtered_ema,detected_1__eligible_0,True,False,True,False,678a322869880e3d035142eb1b90d240a6fcdfdc873f93f849d055b0bba7da28
report_seed42_agreement_filtered_ema_medseg_slice_022,medseg_slice_022,42,agreement_filtered_ema,detected_1__eligible_0,True,False,True,False,678a322869880e3d035142eb1b90d240a6fcdfdc873f93f849d055b0bba7da28
report_seed42_agreement_filtered_ema_medseg_slice_023,medseg_slice_023,42,agreement_filtered_ema,detected_1__eligible_0,True,False,True,False,678a322869880e3d035142eb1b90d240a6fcdfdc873f93f849d055b0bba7da28
report_seed42_agreement_filtered_ema_medseg_slice_024,medseg_slice_024,42,agreement_filtered_ema,detected_1__eligible_0,True,False,True,False,678a322869880e3d035142eb1b90d240a6fcdfdc873f93f849d055b0bba7da28
report_seed42_agreement_filtered_ema_medseg_slice_025,medseg_slice_025,42,agreement_filtered_ema,detected_1__eligible_0,True,False,True,False,678a322869880e3d035142eb1b90d240a6fcdfdc873f93f849d055b0bba7da28
report_seed42_agreement_filtered_ema_medseg_slice_026,medseg_slice_026,42,agreement_filtered_ema,detected_1__eligible_0,True,False,True,False,678a322869880e3d035142eb1b90d240a6fcdfdc873f93f849d055b0bba7da28
report_seed42_agreement_filtered_ema_medseg_slice_027,medseg_slice_027,42,agreement_filtered_ema,detected_1__eligible_0,True,False,True,False,678a322869880e3d035142eb1b90d240a6fcdfdc873f93f849d055b0bba7da28
report_seed42_agreement_filtered_ema_medseg_slice_028,medseg_slice_028,42,agreement_filtered_ema,detected_1__eligible_0,True,False,True,False,678a322869880e3d035142eb1b90d240a6fcdfdc873f93f849d055b0bba7da28
report_seed42_agreement_filtered_ema_medseg_slice_029,medseg_slice_029,42,agreement_filtered_ema,detected_1__eligible_0,True,False,True,False,678a322869880e3d035142eb1b90d240a6fcdfdc873f93f849d055b0bba7da28
report_seed42_agreement_filtered_ema_medseg_slice_030,medseg_slice_030,42,agreement_filtered_ema,detected_1__eligible_0,True,False,True,False,678a322869880e3d035142eb1b90d240a6fcdfdc873f93f849d055b0bba7da28
report_seed42_agreement_filtered_ema_medseg_slice_031,medseg_slice_031,42,agreement_filtered_ema,detected_1__eligible_0,True,False,True,False,678a322869880e3d035142eb1b90d240a6fcdfdc873f93f849d055b0bba7da28
report_seed42_agreement_filtered_ema_medseg_slice_032,medseg_slice_032,42,agreement_filtered_ema,detected_1__eligible_0,True,False,True,False,678a322869880e3d035142eb1b90d240a6fcdfdc873f93f849d055b0bba7da28
report_seed42_agreement_filtered_ema_medseg_slice_033,medseg_slice_033,42,agreement_filtered_ema,detected_1__eligible_0,True,False,True,False,678a322869880e3d035142eb1b90d240a6fcdfdc873f93f849d055b0bba7da28
report_seed42_agreement_filtered_ema_medseg_slice_034,medseg_slice_034,42,agreement_filtered_ema,detected_1__eligible_0,True,False,True,False,678a322869880e3d035142eb1b90d240a6fcdfdc873f93f849d055b0bba7da28
report_seed42_agreement_filtered_ema_medseg_slice_035,medseg_slice_035,42,agreement_filtered_ema,detected_1__eligible_0,True,False,True,False,678a322869880e3d035142eb1b90d240a6fcdfdc873f93f849d055b0bba7da28
report_seed42_agreement_filtered_ema_medseg_slice_036,medseg_slice_036,42,agreement_filtered_ema,detected_1__eligible_0,True,False,True,False,678a322869880e3d035142eb1b90d240a6fcdfdc873f93f849d055b0bba7da28
report_seed42_agreement_filtered_ema_medseg_slice_037,medseg_slice_037,42,agreement_filtered_ema,detected_1__eligible_0,True,False,True,False,678a322869880e3d035142eb1b90d240a6fcdfdc873f93f849d055b0bba7da28
report_seed42_agreement_filtered_ema_medseg_slice_038,medseg_slice_038,42,agreement_filtered_ema,detected_1__eligible_0,True,False,True,False,678a322869880e3d035142eb1b90d240a6fcdfdc873f93f849d055b0bba7da28
report_seed42_agreement_filtered_ema_medseg_slice_039,medseg_slice_039,42,agreement_filtered_ema,detected_1__eligible_0,True,False,True,False,678a322869880e3d035142eb1b90d240a6fcdfdc873f93f849d055b0bba7da28
report_seed42_agreement_filtered_ema_medseg_slice_040,medseg_slice_040,42,agreement_filtered_ema,detected_1__eligible_0,True,False,True,False,678a322869880e3d035142eb1b90d240a6fcdfdc873f93f849d055b0bba7da28
report_seed42_agreement_filtered_ema_medseg_slice_041,medseg_slice_041,42,agreement_filtered_ema,detected_1__eligible_0,True,False,True,False,678a322869880e3d035142eb1b90d240a6fcdfdc873f93f849d055b0bba7da28
report_seed42_agreement_filtered_ema_medseg_slice_042,medseg_slice_042,42,agreement_filtered_ema,detected_1__eligible_0,True,False,True,False,678a322869880e3d035142eb1b90d240a6fcdfdc873f93f849d055b0bba7da28
report_seed42_agreement_filtered_ema_medseg_slice_043,medseg_slice_043,42,agreement_filtered_ema,detected_1__eligible_0,True,False,True,False,678a322869880e3d035142eb1b90d240a6fcdfdc873f93f849d055b0bba7da28
report_seed42_agreement_filtered_ema_medseg_slice_044,medseg_slice_044,42,agreement_filtered_ema,detected_1__eligible_0,True,False,True,False,678a322869880e3d035142eb1b90d240a6fcdfdc873f93f849d055b0bba7da28
report_seed42_agreement_filtered_ema_medseg_slice_045,medseg_slice_045,42,agreement_filtered_ema,detected_1__eligible_0,True,False,True,False,678a322869880e3d035142eb1b90d240a6fcdfdc873f93f849d055b0bba7da28
report_seed42_agreement_filtered_ema_medseg_slice_046,medseg_slice_046,42,agreement_filtered_ema,detected_1__eligible_0,True,False,True,False,678a322869880e3d035142eb1b90d240a6fcdfdc873f93f849d055b0bba7da28
report_seed42_agreement_filtered_ema_medseg_slice_047,medseg_slice_047,42,agreement_filtered_ema,detected_1__eligible_0,True,False,True,False,678a322869880e3d035142eb1b90d240a6fcdfdc873f93f849d055b0bba7da28
report_seed42_agreement_filtered_ema_medseg_slice_048,medseg_slice_048,42,agreement_filtered_ema,detected_1__eligible_0,True,False,True,False,678a322869880e3d035142eb1b90d240a6fcdfdc873f93f849d055b0bba7da28
report_seed42_agreement_filtered_ema_medseg_slice_049,medseg_slice_049,42,agreement_filtered_ema,detected_1__eligible_0,True,False,True,False,678a322869880e3d035142eb1b90d240a6fcdfdc873f93f849d055b0bba7da28
report_seed42_agreement_filtered_ema_medseg_slice_050,medseg_slice_050,42,agreement_filtered_ema,detected_1__eligible_0,True,False,True,False,678a322869880e3d035142eb1b90d240a6fcdfdc873f93f849d055b0bba7da28
report_seed42_agreement_filtered_ema_medseg_slice_051,medseg_slice_051,42,agreement_filtered_ema,detected_1__eligible_0,True,False,True,False,678a322869880e3d035142eb1b90d240a6fcdfdc873f93f849d055b0bba7da28
report_seed42_agreement_filtered_ema_medseg_slice_052,medseg_slice_052,42,agreement_filtered_ema,detected_1__eligible_0,True,False,True,False,678a322869880e3d035142eb1b90d240a6fcdfdc873f93f849d055b0bba7da28
report_seed42_agreement_filtered_ema_medseg_slice_053,medseg_slice_053,42,agreement_filtered_ema,detected_1__eligible_0,True,False,True,False,678a322869880e3d035142eb1b90d240a6fcdfdc873f93f849d055b0bba7da28
report_seed42_agreement_filtered_ema_medseg_slice_054,medseg_slice_054,42,agreement_filtered_ema,detected_1__eligible_0,True,False,True,False,678a322869880e3d035142eb1b90d240a6fcdfdc873f93f849d055b0bba7da28
report_seed42_agreement_filtered_ema_medseg_slice_055,medseg_slice_055,42,agreement_filtered_ema,detected_1__eligible_0,True,False,True,False,678a322869880e3d035142eb1b90d240a6fcdfdc873f93f849d055b0bba7da28
report_seed42_agreement_filtered_ema_medseg_slice_056,medseg_slice_056,42,agreement_filtered_ema,detected_1__eligible_0,True,False,True,False,678a322869880e3d035142eb1b90d240a6fcdfdc873f93f849d055b0bba7da28
report_seed42_agreement_filtered_ema_medseg_slice_057,medseg_slice_057,42,agreement_filtered_ema,detected_1__eligible_0,True,False,True,False,678a322869880e3d035142eb1b90d240a6fcdfdc873f93f849d055b0bba7da28
report_seed42_agreement_filtered_ema_medseg_slice_058,medseg_slice_058,42,agreement_filtered_ema,detected_1__eligible_0,True,False,True,False,678a322869880e3d035142eb1b90d240a6fcdfdc873f93f849d055b0bba7da28
report_seed42_agreement_filtered_ema_medseg_slice_059,medseg_slice_059,42,agreement_filtered_ema,detected_1__eligible_0,True,False,True,False,678a322869880e3d035142eb1b90d240a6fcdfdc873f93f849d055b0bba7da28
report_seed42_agreement_filtered_ema_medseg_slice_060,medseg_slice_060,42,agreement_filtered_ema,detected_1__eligible_0,True,False,True,False,678a322869880e3d035142eb1b90d240a6fcdfdc873f93f849d055b0bba7da28
report_seed42_agreement_filtered_ema_medseg_slice_061,medseg_slice_061,42,agreement_filtered_ema,detected_1__eligible_0,True,False,True,False,678a322869880e3d035142eb1b90d240a6fcdfdc873f93f849d055b0bba7da28
report_seed42_agreement_filtered_ema_medseg_slice_062,medseg_slice_062,42,agreement_filtered_ema,detected_1__eligible_0,True,False,True,False,678a322869880e3d035142eb1b90d240a6fcdfdc873f93f849d055b0bba7da28
report_seed42_agreement_filtered_ema_medseg_slice_063,medseg_slice_063,42,agreement_filtered_ema,detected_1__eligible_0,True,False,True,False,678a322869880e3d035142eb1b90d240a6fcdfdc873f93f849d055b0bba7da28
report_seed42_agreement_filtered_ema_medseg_slice_064,medseg_slice_064,42,agreement_filtered_ema,detected_1__eligible_0,True,False,True,False,678a322869880e3d035142eb1b90d240a6fcdfdc873f93f849d055b0bba7da28
report_seed42_agreement_filtered_ema_medseg_slice_065,medseg_slice_065,42,agreement_filtered_ema,detected_1__eligible_0,True,False,True,False,678a322869880e3d035142eb1b90d240a6fcdfdc873f93f849d055b0bba7da28
report_seed42_agreement_filtered_ema_medseg_slice_066,medseg_slice_066,42,agreement_filtered_ema,detected_1__eligible_0,True,False,True,False,678a322869880e3d035142eb1b90d240a6fcdfdc873f93f849d055b0bba7da28
report_seed42_agreement_filtered_ema_medseg_slice_067,medseg_slice_067,42,agreement_filtered_ema,detected_1__eligible_0,True,False,True,False,678a322869880e3d035142eb1b90d240a6fcdfdc873f93f849d055b0bba7da28
report_seed42_agreement_filtered_ema_medseg_slice_068,medseg_slice_068,42,agreement_filtered_ema,detected_1__eligible_0,True,False,True,False,678a322869880e3d035142eb1b90d240a6fcdfdc873f93f849d055b0bba7da28
report_seed42_agreement_filtered_ema_medseg_slice_069,medseg_slice_069,42,agreement_filtered_ema,detected_1__eligible_0,True,False,True,False,678a322869880e3d035142eb1b90d240a6fcdfdc873f93f849d055b0bba7da28
report_seed42_agreement_filtered_ema_medseg_slice_070,medseg_slice_070,42,agreement_filtered_ema,detected_1__eligible_0,True,False,True,False,678a322869880e3d035142eb1b90d240a6fcdfdc873f93f849d055b0bba7da28
report_seed42_agreement_filtered_ema_medseg_slice_071,medseg_slice_071,42,agreement_filtered_ema,detected_1__eligible_0,True,False,True,False,678a322869880e3d035142eb1b90d240a6fcdfdc873f93f849d055b0bba7da28
report_seed42_agreement_filtered_ema_medseg_slice_072,medseg_slice_072,42,agreement_filtered_ema,detected_1__eligible_0,True,False,True,False,678a322869880e3d035142eb1b90d240a6fcdfdc873f93f849d055b0bba7da28
report_seed42_agreement_filtered_ema_medseg_slice_073,medseg_slice_073,42,agreement_filtered_ema,detected_1__eligible_0,True,False,True,False,678a322869880e3d035142eb1b90d240a6fcdfdc873f93f849d055b0bba7da28
report_seed42_agreement_filtered_ema_medseg_slice_074,medseg_slice_074,42,agreement_filtered_ema,detected_1__eligible_0,True,False,True,False,678a322869880e3d035142eb1b90d240a6fcdfdc873f93f849d055b0bba7da28
report_seed42_agreement_filtered_ema_medseg_slice_075,medseg_slice_075,42,agreement_filtered_ema,detected_1__eligible_0,True,False,True,False,678a322869880e3d035142eb1b90d240a6fcdfdc873f93f849d055b0bba7da28
report_seed42_agreement_filtered_ema_medseg_slice_076,medseg_slice_076,42,agreement_filtered_ema,detected_1__eligible_0,True,False,True,False,678a322869880e3d035142eb1b90d240a6fcdfdc873f93f849d055b0bba7da28
report_seed42_agreement_filtered_ema_medseg_slice_077,medseg_slice_077,42,agreement_filtered_ema,detected_1__eligible_0,True,False,True,False,678a322869880e3d035142eb1b90d240a6fcdfdc873f93f849d055b0bba7da28
report_seed42_agreement_filtered_ema_medseg_slice_078,medseg_slice_078,42,agreement_filtered_ema,detected_1__eligible_0,True,False,True,False,678a322869880e3d035142eb1b90d240a6fcdfdc873f93f849d055b0bba7da28
report_seed42_agreement_filtered_ema_medseg_slice_079,medseg_slice_079,42,agreement_filtered_ema,detected_1__eligible_0,True,False,True,False,678a322869880e3d035142eb1b90d240a6fcdfdc873f93f849d055b0bba7da28
report_seed42_agreement_filtered_ema_medseg_slice_080,medseg_slice_080,42,agreement_filtered_ema,detected_1__eligible_0,True,False,True,False,678a322869880e3d035142eb1b90d240a6fcdfdc873f93f849d055b0bba7da28
report_seed42_agreement_filtered_ema_medseg_slice_081,medseg_slice_081,42,agreement_filtered_ema,detected_1__eligible_0,True,False,True,False,678a322869880e3d035142eb1b90d240a6fcdfdc873f93f849d055b0bba7da28
report_seed42_agreement_filtered_ema_medseg_slice_082,medseg_slice_082,42,agreement_filtered_ema,detected_1__eligible_0,True,False,True,False,678a322869880e3d035142eb1b90d240a6fcdfdc873f93f849d055b0bba7da28
report_seed42_agreement_filtered_ema_medseg_slice_083,medseg_slice_083,42,agreement_filtered_ema,detected_1__eligible_0,True,False,True,False,678a322869880e3d035142eb1b90d240a6fcdfdc873f93f849d055b0bba7da28
report_seed42_agreement_filtered_ema_medseg_slice_084,medseg_slice_084,42,agreement_filtered_ema,detected_1__eligible_0,True,False,True,False,678a322869880e3d035142eb1b90d240a6fcdfdc873f93f849d055b0bba7da28
report_seed42_agreement_filtered_ema_medseg_slice_085,medseg_slice_085,42,agreement_filtered_ema,detected_1__eligible_0,True,False,True,False,678a322869880e3d035142eb1b90d240a6fcdfdc873f93f849d055b0bba7da28
report_seed42_agreement_filtered_ema_medseg_slice_086,medseg_slice_086,42,agreement_filtered_ema,detected_1__eligible_0,True,False,True,False,678a322869880e3d035142eb1b90d240a6fcdfdc873f93f849d055b0bba7da28
report_seed42_agreement_filtered_ema_medseg_slice_087,medseg_slice_087,42,agreement_filtered_ema,detected_1__eligible_0,True,False,True,False,678a322869880e3d035142eb1b90d240a6fcdfdc873f93f849d055b0bba7da28
report_seed42_agreement_filtered_ema_medseg_slice_088,medseg_slice_088,42,agreement_filtered_ema,detected_1__eligible_0,True,False,True,False,678a322869880e3d035142eb1b90d240a6fcdfdc873f93f849d055b0bba7da28
report_seed42_agreement_filtered_ema_medseg_slice_089,medseg_slice_089,42,agreement_filtered_ema,detected_1__eligible_1,True,False,True,False,7be9529798fcd89c8ba31fc089c65b2ff6b312c6785a0600c2d4a9014806f16e
report_seed42_agreement_filtered_ema_medseg_slice_090,medseg_slice_090,42,agreement_filtered_ema,detected_1__eligible_0,True,False,True,False,678a322869880e3d035142eb1b90d240a6fcdfdc873f93f849d055b0bba7da28
report_seed42_agreement_filtered_ema_medseg_slice_091,medseg_slice_091,42,agreement_filtered_ema,detected_1__eligible_0,True,False,True,False,678a322869880e3d035142eb1b90d240a6fcdfdc873f93f849d055b0bba7da28
report_seed42_agreement_filtered_ema_medseg_slice_092,medseg_slice_092,42,agreement_filtered_ema,detected_1__eligible_0,True,False,True,False,678a322869880e3d035142eb1b90d240a6fcdfdc873f93f849d055b0bba7da28
report_seed42_agreement_filtered_ema_medseg_slice_093,medseg_slice_093,42,agreement_filtered_ema,detected_1__eligible_0,True,False,True,False,678a322869880e3d035142eb1b90d240a6fcdfdc873f93f849d055b0bba7da28
report_seed42_agreement_filtered_ema_medseg_slice_094,medseg_slice_094,42,agreement_filtered_ema,detected_1__eligible_0,True,False,True,False,678a322869880e3d035142eb1b90d240a6fcdfdc873f93f849d055b0bba7da28
report_seed42_agreement_filtered_ema_medseg_slice_095,medseg_slice_095,42,agreement_filtered_ema,detected_1__eligible_0,True,False,True,False,678a322869880e3d035142eb1b90d240a6fcdfdc873f93f849d055b0bba7da28
report_seed42_agreement_filtered_ema_medseg_slice_096,medseg_slice_096,42,agreement_filtered_ema,detected_1__eligible_0,True,False,True,False,678a322869880e3d035142eb1b90d240a6fcdfdc873f93f849d055b0bba7da28
report_seed42_agreement_filtered_ema_medseg_slice_097,medseg_slice_097,42,agreement_filtered_ema,detected_1__eligible_0,True,False,True,False,678a322869880e3d035142eb1b90d240a6fcdfdc873f93f849d055b0bba7da28
report_seed42_agreement_filtered_ema_medseg_slice_098,medseg_slice_098,42,agreement_filtered_ema,detected_1__eligible_0,True,False,True,False,678a322869880e3d035142eb1b90d240a6fcdfdc873f93f849d055b0bba7da28
report_seed42_agreement_filtered_ema_medseg_slice_099,medseg_slice_099,42,agreement_filtered_ema,detected_1__eligible_0,True,False,True,False,678a322869880e3d035142eb1b90d240a6fcdfdc873f93f849d055b0bba7da28
report_seed2026_supervised_medseg_slice_000,medseg_slice_000,2026,supervised,detected_1__eligible_0,True,False,True,False,678a322869880e3d035142eb1b90d240a6fcdfdc873f93f849d055b0bba7da28
report_seed2026_supervised_medseg_slice_001,medseg_slice_001,2026,supervised,detected_1__eligible_0,True,False,True,False,678a322869880e3d035142eb1b90d240a6fcdfdc873f93f849d055b0bba7da28
report_seed2026_supervised_medseg_slice_002,medseg_slice_002,2026,supervised,detected_1__eligible_1,True,False,True,False,90d0580e51bf7f9e6888159ba5feead6e4685831c6490341eb34bd26687dc74e
report_seed2026_supervised_medseg_slice_003,medseg_slice_003,2026,supervised,detected_1__eligible_0,True,False,True,False,678a322869880e3d035142eb1b90d240a6fcdfdc873f93f849d055b0bba7da28
report_seed2026_supervised_medseg_slice_004,medseg_slice_004,2026,supervised,detected_1__eligible_0,True,False,True,False,678a322869880e3d035142eb1b90d240a6fcdfdc873f93f849d055b0bba7da28
report_seed2026_supervised_medseg_slice_005,medseg_slice_005,2026,supervised,detected_1__eligible_0,True,False,True,False,678a322869880e3d035142eb1b90d240a6fcdfdc873f93f849d055b0bba7da28
report_seed2026_supervised_medseg_slice_006,medseg_slice_006,2026,supervised,detected_1__eligible_0,True,False,True,False,678a322869880e3d035142eb1b90d240a6fcdfdc873f93f849d055b0bba7da28
report_seed2026_supervised_medseg_slice_007,medseg_slice_007,2026,supervised,detected_1__eligible_0,True,False,True,False,678a322869880e3d035142eb1b90d240a6fcdfdc873f93f849d055b0bba7da28
report_seed2026_supervised_medseg_slice_008,medseg_slice_008,2026,supervised,detected_1__eligible_0,True,False,True,False,678a322869880e3d035142eb1b90d240a6fcdfdc873f93f849d055b0bba7da28
report_seed2026_supervised_medseg_slice_009,medseg_slice_009,2026,supervised,detected_1__eligible_0,True,False,True,False,678a322869880e3d035142eb1b90d240a6fcdfdc873f93f849d055b0bba7da28
report_seed2026_supervised_medseg_slice_010,medseg_slice_010,2026,supervised,detected_1__eligible_0,True,False,True,False,678a322869880e3d035142eb1b90d240a6fcdfdc873f93f849d055b0bba7da28
report_seed2026_supervised_medseg_slice_011,medseg_slice_011,2026,supervised,detected_1__eligible_0,True,False,True,False,678a322869880e3d035142eb1b90d240a6fcdfdc873f93f849d055b0bba7da28
report_seed2026_supervised_medseg_slice_012,medseg_slice_012,2026,supervised,detected_1__eligible_0,True,False,True,False,678a322869880e3d035142eb1b90d240a6fcdfdc873f93f849d055b0bba7da28
report_seed2026_supervised_medseg_slice_013,medseg_slice_013,2026,supervised,detected_1__eligible_0,True,False,True,False,678a322869880e3d035142eb1b90d240a6fcdfdc873f93f849d055b0bba7da28
report_seed2026_supervised_medseg_slice_014,medseg_slice_014,2026,supervised,detected_1__eligible_0,True,False,True,False,678a322869880e3d035142eb1b90d240a6fcdfdc873f93f849d055b0bba7da28
report_seed2026_supervised_medseg_slice_015,medseg_slice_015,2026,supervised,detected_1__eligible_0,True,False,True,False,678a322869880e3d035142eb1b90d240a6fcdfdc873f93f849d055b0bba7da28
report_seed2026_supervised_medseg_slice_016,medseg_slice_016,2026,supervised,detected_1__eligible_0,True,False,True,False,678a322869880e3d035142eb1b90d240a6fcdfdc873f93f849d055b0bba7da28
report_seed2026_supervised_medseg_slice_017,medseg_slice_017,2026,supervised,detected_1__eligible_0,True,False,True,False,678a322869880e3d035142eb1b90d240a6fcdfdc873f93f849d055b0bba7da28
report_seed2026_supervised_medseg_slice_018,medseg_slice_018,2026,supervised,detected_1__eligible_0,True,False,True,False,678a322869880e3d035142eb1b90d240a6fcdfdc873f93f849d055b0bba7da28
report_seed2026_supervised_medseg_slice_019,medseg_slice_019,2026,supervised,detected_1__eligible_0,True,False,True,False,678a322869880e3d035142eb1b90d240a6fcdfdc873f93f849d055b0bba7da28
report_seed2026_supervised_medseg_slice_020,medseg_slice_020,2026,supervised,detected_1__eligible_0,True,False,True,False,678a322869880e3d035142eb1b90d240a6fcdfdc873f93f849d055b0bba7da28
report_seed2026_supervised_medseg_slice_021,medseg_slice_021,2026,supervised,detected_1__eligible_0,True,False,True,False,678a322869880e3d035142eb1b90d240a6fcdfdc873f93f849d055b0bba7da28
report_seed2026_supervised_medseg_slice_022,medseg_slice_022,2026,supervised,detected_1__eligible_0,True,False,True,False,678a322869880e3d035142eb1b90d240a6fcdfdc873f93f849d055b0bba7da28
report_seed2026_supervised_medseg_slice_023,medseg_slice_023,2026,supervised,detected_1__eligible_0,True,False,True,False,678a322869880e3d035142eb1b90d240a6fcdfdc873f93f849d055b0bba7da28
report_seed2026_supervised_medseg_slice_024,medseg_slice_024,2026,supervised,detected_1__eligible_0,True,False,True,False,678a322869880e3d035142eb1b90d240a6fcdfdc873f93f849d055b0bba7da28
report_seed2026_supervised_medseg_slice_025,medseg_slice_025,2026,supervised,detected_1__eligible_0,True,False,True,False,678a322869880e3d035142eb1b90d240a6fcdfdc873f93f849d055b0bba7da28
report_seed2026_supervised_medseg_slice_026,medseg_slice_026,2026,supervised,detected_1__eligible_0,True,False,True,False,678a322869880e3d035142eb1b90d240a6fcdfdc873f93f849d055b0bba7da28
report_seed2026_supervised_medseg_slice_027,medseg_slice_027,2026,supervised,detected_1__eligible_0,True,False,True,False,678a322869880e3d035142eb1b90d240a6fcdfdc873f93f849d055b0bba7da28
report_seed2026_supervised_medseg_slice_028,medseg_slice_028,2026,supervised,detected_1__eligible_0,True,False,True,False,678a322869880e3d035142eb1b90d240a6fcdfdc873f93f849d055b0bba7da28
report_seed2026_supervised_medseg_slice_029,medseg_slice_029,2026,supervised,detected_1__eligible_0,True,False,True,False,678a322869880e3d035142eb1b90d240a6fcdfdc873f93f849d055b0bba7da28
report_seed2026_supervised_medseg_slice_030,medseg_slice_030,2026,supervised,detected_1__eligible_0,True,False,True,False,678a322869880e3d035142eb1b90d240a6fcdfdc873f93f849d055b0bba7da28
report_seed2026_supervised_medseg_slice_031,medseg_slice_031,2026,supervised,detected_1__eligible_0,True,False,True,False,678a322869880e3d035142eb1b90d240a6fcdfdc873f93f849d055b0bba7da28
report_seed2026_supervised_medseg_slice_032,medseg_slice_032,2026,supervised,detected_1__eligible_0,True,False,True,False,678a322869880e3d035142eb1b90d240a6fcdfdc873f93f849d055b0bba7da28
report_seed2026_supervised_medseg_slice_033,medseg_slice_033,2026,supervised,detected_1__eligible_0,True,False,True,False,678a322869880e3d035142eb1b90d240a6fcdfdc873f93f849d055b0bba7da28
report_seed2026_supervised_medseg_slice_034,medseg_slice_034,2026,supervised,detected_1__eligible_0,True,False,True,False,678a322869880e3d035142eb1b90d240a6fcdfdc873f93f849d055b0bba7da28
report_seed2026_supervised_medseg_slice_035,medseg_slice_035,2026,supervised,detected_1__eligible_0,True,False,True,False,678a322869880e3d035142eb1b90d240a6fcdfdc873f93f849d055b0bba7da28
report_seed2026_supervised_medseg_slice_036,medseg_slice_036,2026,supervised,detected_1__eligible_0,True,False,True,False,678a322869880e3d035142eb1b90d240a6fcdfdc873f93f849d055b0bba7da28
report_seed2026_supervised_medseg_slice_037,medseg_slice_037,2026,supervised,detected_1__eligible_0,True,False,True,False,678a322869880e3d035142eb1b90d240a6fcdfdc873f93f849d055b0bba7da28
report_seed2026_supervised_medseg_slice_038,medseg_slice_038,2026,supervised,detected_1__eligible_0,True,False,True,False,678a322869880e3d035142eb1b90d240a6fcdfdc873f93f849d055b0bba7da28
report_seed2026_supervised_medseg_slice_039,medseg_slice_039,2026,supervised,detected_1__eligible_0,True,False,True,False,678a322869880e3d035142eb1b90d240a6fcdfdc873f93f849d055b0bba7da28
report_seed2026_supervised_medseg_slice_040,medseg_slice_040,2026,supervised,detected_1__eligible_0,True,False,True,False,678a322869880e3d035142eb1b90d240a6fcdfdc873f93f849d055b0bba7da28
report_seed2026_supervised_medseg_slice_041,medseg_slice_041,2026,supervised,detected_1__eligible_0,True,False,True,False,678a322869880e3d035142eb1b90d240a6fcdfdc873f93f849d055b0bba7da28
report_seed2026_supervised_medseg_slice_042,medseg_slice_042,2026,supervised,detected_1__eligible_0,True,False,True,False,678a322869880e3d035142eb1b90d240a6fcdfdc873f93f849d055b0bba7da28
report_seed2026_supervised_medseg_slice_043,medseg_slice_043,2026,supervised,detected_1__eligible_0,True,False,True,False,678a322869880e3d035142eb1b90d240a6fcdfdc873f93f849d055b0bba7da28
report_seed2026_supervised_medseg_slice_044,medseg_slice_044,2026,supervised,detected_1__eligible_0,True,False,True,False,678a322869880e3d035142eb1b90d240a6fcdfdc873f93f849d055b0bba7da28
report_seed2026_supervised_medseg_slice_045,medseg_slice_045,2026,supervised,detected_1__eligible_0,True,False,True,False,678a322869880e3d035142eb1b90d240a6fcdfdc873f93f849d055b0bba7da28
report_seed2026_supervised_medseg_slice_046,medseg_slice_046,2026,supervised,detected_1__eligible_0,True,False,True,False,678a322869880e3d035142eb1b90d240a6fcdfdc873f93f849d055b0bba7da28
report_seed2026_supervised_medseg_slice_047,medseg_slice_047,2026,supervised,detected_1__eligible_0,True,False,True,False,678a322869880e3d035142eb1b90d240a6fcdfdc873f93f849d055b0bba7da28
report_seed2026_supervised_medseg_slice_048,medseg_slice_048,2026,supervised,detected_0__eligible_1,False,True,True,False,4d6bf74566a2d0f8e9be8e2f78ffb18c365b09714a87ec39562a0ca7389fe036
report_seed2026_supervised_medseg_slice_049,medseg_slice_049,2026,supervised,detected_1__eligible_0,True,False,True,False,678a322869880e3d035142eb1b90d240a6fcdfdc873f93f849d055b0bba7da28
report_seed2026_supervised_medseg_slice_050,medseg_slice_050,2026,supervised,detected_1__eligible_0,True,False,True,False,678a322869880e3d035142eb1b90d240a6fcdfdc873f93f849d055b0bba7da28
report_seed2026_supervised_medseg_slice_051,medseg_slice_051,2026,supervised,detected_1__eligible_0,True,False,True,False,678a322869880e3d035142eb1b90d240a6fcdfdc873f93f849d055b0bba7da28
report_seed2026_supervised_medseg_slice_052,medseg_slice_052,2026,supervised,detected_1__eligible_1,True,False,True,False,d966aadd23bbb3971366195040fdafa76b70a6e17863d608c30d602bc456a9fb
report_seed2026_supervised_medseg_slice_053,medseg_slice_053,2026,supervised,detected_1__eligible_0,True,False,True,False,678a322869880e3d035142eb1b90d240a6fcdfdc873f93f849d055b0bba7da28
report_seed2026_supervised_medseg_slice_054,medseg_slice_054,2026,supervised,detected_1__eligible_0,True,False,True,False,678a322869880e3d035142eb1b90d240a6fcdfdc873f93f849d055b0bba7da28
report_seed2026_supervised_medseg_slice_055,medseg_slice_055,2026,supervised,detected_1__eligible_0,True,False,True,False,678a322869880e3d035142eb1b90d240a6fcdfdc873f93f849d055b0bba7da28
report_seed2026_supervised_medseg_slice_056,medseg_slice_056,2026,supervised,detected_1__eligible_0,True,False,True,False,678a322869880e3d035142eb1b90d240a6fcdfdc873f93f849d055b0bba7da28
report_seed2026_supervised_medseg_slice_057,medseg_slice_057,2026,supervised,detected_1__eligible_0,True,False,True,False,678a322869880e3d035142eb1b90d240a6fcdfdc873f93f849d055b0bba7da28
report_seed2026_supervised_medseg_slice_058,medseg_slice_058,2026,supervised,detected_1__eligible_0,True,False,True,False,678a322869880e3d035142eb1b90d240a6fcdfdc873f93f849d055b0bba7da28
report_seed2026_supervised_medseg_slice_059,medseg_slice_059,2026,supervised,detected_1__eligible_0,True,False,True,False,678a322869880e3d035142eb1b90d240a6fcdfdc873f93f849d055b0bba7da28
report_seed2026_supervised_medseg_slice_060,medseg_slice_060,2026,supervised,detected_1__eligible_0,True,False,True,False,678a322869880e3d035142eb1b90d240a6fcdfdc873f93f849d055b0bba7da28
report_seed2026_supervised_medseg_slice_061,medseg_slice_061,2026,supervised,detected_1__eligible_0,True,False,True,False,678a322869880e3d035142eb1b90d240a6fcdfdc873f93f849d055b0bba7da28
report_seed2026_supervised_medseg_slice_062,medseg_slice_062,2026,supervised,detected_1__eligible_1,True,False,True,False,04e236a30469826194266861223a46846ccd5e6c3d64678e21817d47f28601cb
report_seed2026_supervised_medseg_slice_063,medseg_slice_063,2026,supervised,detected_1__eligible_0,True,False,True,False,678a322869880e3d035142eb1b90d240a6fcdfdc873f93f849d055b0bba7da28
report_seed2026_supervised_medseg_slice_064,medseg_slice_064,2026,supervised,detected_1__eligible_1,True,False,True,False,28a961ac0c631634f1b254be2d36c4146bdd15c584551922ee382e44f2779505
report_seed2026_supervised_medseg_slice_065,medseg_slice_065,2026,supervised,detected_1__eligible_0,True,False,True,False,678a322869880e3d035142eb1b90d240a6fcdfdc873f93f849d055b0bba7da28
report_seed2026_supervised_medseg_slice_066,medseg_slice_066,2026,supervised,detected_1__eligible_1,True,False,True,False,cdda6d444f65eea54135c1658b3bb80e2a7ffda9fe34ab78286a1ae9656e6531
report_seed2026_supervised_medseg_slice_067,medseg_slice_067,2026,supervised,detected_1__eligible_0,True,False,True,False,678a322869880e3d035142eb1b90d240a6fcdfdc873f93f849d055b0bba7da28
report_seed2026_supervised_medseg_slice_068,medseg_slice_068,2026,supervised,detected_1__eligible_0,True,False,True,False,678a322869880e3d035142eb1b90d240a6fcdfdc873f93f849d055b0bba7da28
report_seed2026_supervised_medseg_slice_069,medseg_slice_069,2026,supervised,detected_1__eligible_0,True,False,True,False,678a322869880e3d035142eb1b90d240a6fcdfdc873f93f849d055b0bba7da28
report_seed2026_supervised_medseg_slice_070,medseg_slice_070,2026,supervised,detected_1__eligible_0,True,False,True,False,678a322869880e3d035142eb1b90d240a6fcdfdc873f93f849d055b0bba7da28
report_seed2026_supervised_medseg_slice_071,medseg_slice_071,2026,supervised,detected_1__eligible_0,True,False,True,False,678a322869880e3d035142eb1b90d240a6fcdfdc873f93f849d055b0bba7da28
report_seed2026_supervised_medseg_slice_072,medseg_slice_072,2026,supervised,detected_1__eligible_0,True,False,True,False,678a322869880e3d035142eb1b90d240a6fcdfdc873f93f849d055b0bba7da28
report_seed2026_supervised_medseg_slice_073,medseg_slice_073,2026,supervised,detected_1__eligible_0,True,False,True,False,678a322869880e3d035142eb1b90d240a6fcdfdc873f93f849d055b0bba7da28
report_seed2026_supervised_medseg_slice_074,medseg_slice_074,2026,supervised,detected_1__eligible_0,True,False,True,False,678a322869880e3d035142eb1b90d240a6fcdfdc873f93f849d055b0bba7da28
report_seed2026_supervised_medseg_slice_075,medseg_slice_075,2026,supervised,detected_1__eligible_0,True,False,True,False,678a322869880e3d035142eb1b90d240a6fcdfdc873f93f849d055b0bba7da28
report_seed2026_supervised_medseg_slice_076,medseg_slice_076,2026,supervised,detected_1__eligible_0,True,False,True,False,678a322869880e3d035142eb1b90d240a6fcdfdc873f93f849d055b0bba7da28
report_seed2026_supervised_medseg_slice_077,medseg_slice_077,2026,supervised,detected_1__eligible_0,True,False,True,False,678a322869880e3d035142eb1b90d240a6fcdfdc873f93f849d055b0bba7da28
report_seed2026_supervised_medseg_slice_078,medseg_slice_078,2026,supervised,detected_1__eligible_0,True,False,True,False,678a322869880e3d035142eb1b90d240a6fcdfdc873f93f849d055b0bba7da28
report_seed2026_supervised_medseg_slice_079,medseg_slice_079,2026,supervised,detected_1__eligible_0,True,False,True,False,678a322869880e3d035142eb1b90d240a6fcdfdc873f93f849d055b0bba7da28
report_seed2026_supervised_medseg_slice_080,medseg_slice_080,2026,supervised,detected_1__eligible_0,True,False,True,False,678a322869880e3d035142eb1b90d240a6fcdfdc873f93f849d055b0bba7da28
report_seed2026_supervised_medseg_slice_081,medseg_slice_081,2026,supervised,detected_1__eligible_0,True,False,True,False,678a322869880e3d035142eb1b90d240a6fcdfdc873f93f849d055b0bba7da28
report_seed2026_supervised_medseg_slice_082,medseg_slice_082,2026,supervised,detected_1__eligible_0,True,False,True,False,678a322869880e3d035142eb1b90d240a6fcdfdc873f93f849d055b0bba7da28
report_seed2026_supervised_medseg_slice_083,medseg_slice_083,2026,supervised,detected_1__eligible_0,True,False,True,False,678a322869880e3d035142eb1b90d240a6fcdfdc873f93f849d055b0bba7da28
report_seed2026_supervised_medseg_slice_084,medseg_slice_084,2026,supervised,detected_1__eligible_0,True,False,True,False,678a322869880e3d035142eb1b90d240a6fcdfdc873f93f849d055b0bba7da28
report_seed2026_supervised_medseg_slice_085,medseg_slice_085,2026,supervised,detected_1__eligible_0,True,False,True,False,678a322869880e3d035142eb1b90d240a6fcdfdc873f93f849d055b0bba7da28
report_seed2026_supervised_medseg_slice_086,medseg_slice_086,2026,supervised,detected_1__eligible_1,True,False,True,False,49b4a4562e0f0eb02fe65e6cf9910b107c3a3cd585189942dd0b61dcd3160367
report_seed2026_supervised_medseg_slice_087,medseg_slice_087,2026,supervised,detected_1__eligible_0,True,False,True,False,678a322869880e3d035142eb1b90d240a6fcdfdc873f93f849d055b0bba7da28
report_seed2026_supervised_medseg_slice_088,medseg_slice_088,2026,supervised,detected_1__eligible_0,True,False,True,False,678a322869880e3d035142eb1b90d240a6fcdfdc873f93f849d055b0bba7da28
report_seed2026_supervised_medseg_slice_089,medseg_slice_089,2026,supervised,detected_1__eligible_1,True,False,True,False,787d9672e5388653b328216cf324f19152c5285f1200e059ac74797a6b7b9a3e
report_seed2026_supervised_medseg_slice_090,medseg_slice_090,2026,supervised,detected_1__eligible_0,True,False,True,False,678a322869880e3d035142eb1b90d240a6fcdfdc873f93f849d055b0bba7da28
report_seed2026_supervised_medseg_slice_091,medseg_slice_091,2026,supervised,detected_1__eligible_0,True,False,True,False,678a322869880e3d035142eb1b90d240a6fcdfdc873f93f849d055b0bba7da28
report_seed2026_supervised_medseg_slice_092,medseg_slice_092,2026,supervised,detected_1__eligible_0,True,False,True,False,678a322869880e3d035142eb1b90d240a6fcdfdc873f93f849d055b0bba7da28
report_seed2026_supervised_medseg_slice_093,medseg_slice_093,2026,supervised,detected_1__eligible_0,True,False,True,False,678a322869880e3d035142eb1b90d240a6fcdfdc873f93f849d055b0bba7da28
report_seed2026_supervised_medseg_slice_094,medseg_slice_094,2026,supervised,detected_1__eligible_0,True,False,True,False,678a322869880e3d035142eb1b90d240a6fcdfdc873f93f849d055b0bba7da28
report_seed2026_supervised_medseg_slice_095,medseg_slice_095,2026,supervised,detected_1__eligible_0,True,False,True,False,678a322869880e3d035142eb1b90d240a6fcdfdc873f93f849d055b0bba7da28
report_seed2026_supervised_medseg_slice_096,medseg_slice_096,2026,supervised,detected_1__eligible_0,True,False,True,False,678a322869880e3d035142eb1b90d240a6fcdfdc873f93f849d055b0bba7da28
report_seed2026_supervised_medseg_slice_097,medseg_slice_097,2026,supervised,detected_1__eligible_0,True,False,True,False,678a322869880e3d035142eb1b90d240a6fcdfdc873f93f849d055b0bba7da28
report_seed2026_supervised_medseg_slice_098,medseg_slice_098,2026,supervised,detected_1__eligible_0,True,False,True,False,678a322869880e3d035142eb1b90d240a6fcdfdc873f93f849d055b0bba7da28
report_seed2026_supervised_medseg_slice_099,medseg_slice_099,2026,supervised,detected_1__eligible_0,True,False,True,False,678a322869880e3d035142eb1b90d240a6fcdfdc873f93f849d055b0bba7da28
report_seed2026_confidence_only_ema_medseg_slice_000,medseg_slice_000,2026,confidence_only_ema,detected_1__eligible_0,True,False,True,False,678a322869880e3d035142eb1b90d240a6fcdfdc873f93f849d055b0bba7da28
report_seed2026_confidence_only_ema_medseg_slice_001,medseg_slice_001,2026,confidence_only_ema,detected_1__eligible_0,True,False,True,False,678a322869880e3d035142eb1b90d240a6fcdfdc873f93f849d055b0bba7da28
report_seed2026_confidence_only_ema_medseg_slice_002,medseg_slice_002,2026,confidence_only_ema,detected_1__eligible_1,True,False,True,False,4906ff23040595024fa4f5c4baa836aa2ca3e575f17575672b1101404e785d1f
report_seed2026_confidence_only_ema_medseg_slice_003,medseg_slice_003,2026,confidence_only_ema,detected_1__eligible_0,True,False,True,False,678a322869880e3d035142eb1b90d240a6fcdfdc873f93f849d055b0bba7da28
report_seed2026_confidence_only_ema_medseg_slice_004,medseg_slice_004,2026,confidence_only_ema,detected_1__eligible_0,True,False,True,False,678a322869880e3d035142eb1b90d240a6fcdfdc873f93f849d055b0bba7da28
report_seed2026_confidence_only_ema_medseg_slice_005,medseg_slice_005,2026,confidence_only_ema,detected_1__eligible_0,True,False,True,False,678a322869880e3d035142eb1b90d240a6fcdfdc873f93f849d055b0bba7da28
report_seed2026_confidence_only_ema_medseg_slice_006,medseg_slice_006,2026,confidence_only_ema,detected_1__eligible_0,True,False,True,False,678a322869880e3d035142eb1b90d240a6fcdfdc873f93f849d055b0bba7da28
report_seed2026_confidence_only_ema_medseg_slice_007,medseg_slice_007,2026,confidence_only_ema,detected_1__eligible_0,True,False,True,False,678a322869880e3d035142eb1b90d240a6fcdfdc873f93f849d055b0bba7da28
report_seed2026_confidence_only_ema_medseg_slice_008,medseg_slice_008,2026,confidence_only_ema,detected_1__eligible_0,True,False,True,False,678a322869880e3d035142eb1b90d240a6fcdfdc873f93f849d055b0bba7da28
report_seed2026_confidence_only_ema_medseg_slice_009,medseg_slice_009,2026,confidence_only_ema,detected_1__eligible_0,True,False,True,False,678a322869880e3d035142eb1b90d240a6fcdfdc873f93f849d055b0bba7da28
report_seed2026_confidence_only_ema_medseg_slice_010,medseg_slice_010,2026,confidence_only_ema,detected_1__eligible_0,True,False,True,False,678a322869880e3d035142eb1b90d240a6fcdfdc873f93f849d055b0bba7da28
report_seed2026_confidence_only_ema_medseg_slice_011,medseg_slice_011,2026,confidence_only_ema,detected_1__eligible_0,True,False,True,False,678a322869880e3d035142eb1b90d240a6fcdfdc873f93f849d055b0bba7da28
report_seed2026_confidence_only_ema_medseg_slice_012,medseg_slice_012,2026,confidence_only_ema,detected_1__eligible_0,True,False,True,False,678a322869880e3d035142eb1b90d240a6fcdfdc873f93f849d055b0bba7da28
report_seed2026_confidence_only_ema_medseg_slice_013,medseg_slice_013,2026,confidence_only_ema,detected_1__eligible_0,True,False,True,False,678a322869880e3d035142eb1b90d240a6fcdfdc873f93f849d055b0bba7da28
report_seed2026_confidence_only_ema_medseg_slice_014,medseg_slice_014,2026,confidence_only_ema,detected_1__eligible_0,True,False,True,False,678a322869880e3d035142eb1b90d240a6fcdfdc873f93f849d055b0bba7da28
report_seed2026_confidence_only_ema_medseg_slice_015,medseg_slice_015,2026,confidence_only_ema,detected_1__eligible_0,True,False,True,False,678a322869880e3d035142eb1b90d240a6fcdfdc873f93f849d055b0bba7da28
report_seed2026_confidence_only_ema_medseg_slice_016,medseg_slice_016,2026,confidence_only_ema,detected_1__eligible_0,True,False,True,False,678a322869880e3d035142eb1b90d240a6fcdfdc873f93f849d055b0bba7da28
report_seed2026_confidence_only_ema_medseg_slice_017,medseg_slice_017,2026,confidence_only_ema,detected_1__eligible_0,True,False,True,False,678a322869880e3d035142eb1b90d240a6fcdfdc873f93f849d055b0bba7da28
report_seed2026_confidence_only_ema_medseg_slice_018,medseg_slice_018,2026,confidence_only_ema,detected_1__eligible_0,True,False,True,False,678a322869880e3d035142eb1b90d240a6fcdfdc873f93f849d055b0bba7da28
report_seed2026_confidence_only_ema_medseg_slice_019,medseg_slice_019,2026,confidence_only_ema,detected_1__eligible_0,True,False,True,False,678a322869880e3d035142eb1b90d240a6fcdfdc873f93f849d055b0bba7da28
report_seed2026_confidence_only_ema_medseg_slice_020,medseg_slice_020,2026,confidence_only_ema,detected_1__eligible_0,True,False,True,False,678a322869880e3d035142eb1b90d240a6fcdfdc873f93f849d055b0bba7da28
report_seed2026_confidence_only_ema_medseg_slice_021,medseg_slice_021,2026,confidence_only_ema,detected_1__eligible_0,True,False,True,False,678a322869880e3d035142eb1b90d240a6fcdfdc873f93f849d055b0bba7da28
report_seed2026_confidence_only_ema_medseg_slice_022,medseg_slice_022,2026,confidence_only_ema,detected_1__eligible_0,True,False,True,False,678a322869880e3d035142eb1b90d240a6fcdfdc873f93f849d055b0bba7da28
report_seed2026_confidence_only_ema_medseg_slice_023,medseg_slice_023,2026,confidence_only_ema,detected_1__eligible_0,True,False,True,False,678a322869880e3d035142eb1b90d240a6fcdfdc873f93f849d055b0bba7da28
report_seed2026_confidence_only_ema_medseg_slice_024,medseg_slice_024,2026,confidence_only_ema,detected_1__eligible_0,True,False,True,False,678a322869880e3d035142eb1b90d240a6fcdfdc873f93f849d055b0bba7da28
report_seed2026_confidence_only_ema_medseg_slice_025,medseg_slice_025,2026,confidence_only_ema,detected_1__eligible_0,True,False,True,False,678a322869880e3d035142eb1b90d240a6fcdfdc873f93f849d055b0bba7da28
report_seed2026_confidence_only_ema_medseg_slice_026,medseg_slice_026,2026,confidence_only_ema,detected_1__eligible_0,True,False,True,False,678a322869880e3d035142eb1b90d240a6fcdfdc873f93f849d055b0bba7da28
report_seed2026_confidence_only_ema_medseg_slice_027,medseg_slice_027,2026,confidence_only_ema,detected_1__eligible_0,True,False,True,False,678a322869880e3d035142eb1b90d240a6fcdfdc873f93f849d055b0bba7da28
report_seed2026_confidence_only_ema_medseg_slice_028,medseg_slice_028,2026,confidence_only_ema,detected_1__eligible_0,True,False,True,False,678a322869880e3d035142eb1b90d240a6fcdfdc873f93f849d055b0bba7da28
report_seed2026_confidence_only_ema_medseg_slice_029,medseg_slice_029,2026,confidence_only_ema,detected_1__eligible_0,True,False,True,False,678a322869880e3d035142eb1b90d240a6fcdfdc873f93f849d055b0bba7da28
report_seed2026_confidence_only_ema_medseg_slice_030,medseg_slice_030,2026,confidence_only_ema,detected_1__eligible_0,True,False,True,False,678a322869880e3d035142eb1b90d240a6fcdfdc873f93f849d055b0bba7da28
report_seed2026_confidence_only_ema_medseg_slice_031,medseg_slice_031,2026,confidence_only_ema,detected_1__eligible_0,True,False,True,False,678a322869880e3d035142eb1b90d240a6fcdfdc873f93f849d055b0bba7da28
report_seed2026_confidence_only_ema_medseg_slice_032,medseg_slice_032,2026,confidence_only_ema,detected_1__eligible_0,True,False,True,False,678a322869880e3d035142eb1b90d240a6fcdfdc873f93f849d055b0bba7da28
report_seed2026_confidence_only_ema_medseg_slice_033,medseg_slice_033,2026,confidence_only_ema,detected_1__eligible_0,True,False,True,False,678a322869880e3d035142eb1b90d240a6fcdfdc873f93f849d055b0bba7da28
report_seed2026_confidence_only_ema_medseg_slice_034,medseg_slice_034,2026,confidence_only_ema,detected_1__eligible_0,True,False,True,False,678a322869880e3d035142eb1b90d240a6fcdfdc873f93f849d055b0bba7da28
report_seed2026_confidence_only_ema_medseg_slice_035,medseg_slice_035,2026,confidence_only_ema,detected_1__eligible_0,True,False,True,False,678a322869880e3d035142eb1b90d240a6fcdfdc873f93f849d055b0bba7da28
report_seed2026_confidence_only_ema_medseg_slice_036,medseg_slice_036,2026,confidence_only_ema,detected_1__eligible_0,True,False,True,False,678a322869880e3d035142eb1b90d240a6fcdfdc873f93f849d055b0bba7da28
report_seed2026_confidence_only_ema_medseg_slice_037,medseg_slice_037,2026,confidence_only_ema,detected_1__eligible_0,True,False,True,False,678a322869880e3d035142eb1b90d240a6fcdfdc873f93f849d055b0bba7da28
report_seed2026_confidence_only_ema_medseg_slice_038,medseg_slice_038,2026,confidence_only_ema,detected_1__eligible_0,True,False,True,False,678a322869880e3d035142eb1b90d240a6fcdfdc873f93f849d055b0bba7da28
report_seed2026_confidence_only_ema_medseg_slice_039,medseg_slice_039,2026,confidence_only_ema,detected_1__eligible_0,True,False,True,False,678a322869880e3d035142eb1b90d240a6fcdfdc873f93f849d055b0bba7da28
report_seed2026_confidence_only_ema_medseg_slice_040,medseg_slice_040,2026,confidence_only_ema,detected_1__eligible_0,True,False,True,False,678a322869880e3d035142eb1b90d240a6fcdfdc873f93f849d055b0bba7da28
report_seed2026_confidence_only_ema_medseg_slice_041,medseg_slice_041,2026,confidence_only_ema,detected_1__eligible_0,True,False,True,False,678a322869880e3d035142eb1b90d240a6fcdfdc873f93f849d055b0bba7da28
report_seed2026_confidence_only_ema_medseg_slice_042,medseg_slice_042,2026,confidence_only_ema,detected_1__eligible_0,True,False,True,False,678a322869880e3d035142eb1b90d240a6fcdfdc873f93f849d055b0bba7da28
report_seed2026_confidence_only_ema_medseg_slice_043,medseg_slice_043,2026,confidence_only_ema,detected_1__eligible_0,True,False,True,False,678a322869880e3d035142eb1b90d240a6fcdfdc873f93f849d055b0bba7da28
report_seed2026_confidence_only_ema_medseg_slice_044,medseg_slice_044,2026,confidence_only_ema,detected_1__eligible_0,True,False,True,False,678a322869880e3d035142eb1b90d240a6fcdfdc873f93f849d055b0bba7da28
report_seed2026_confidence_only_ema_medseg_slice_045,medseg_slice_045,2026,confidence_only_ema,detected_1__eligible_0,True,False,True,False,678a322869880e3d035142eb1b90d240a6fcdfdc873f93f849d055b0bba7da28
report_seed2026_confidence_only_ema_medseg_slice_046,medseg_slice_046,2026,confidence_only_ema,detected_1__eligible_0,True,False,True,False,678a322869880e3d035142eb1b90d240a6fcdfdc873f93f849d055b0bba7da28
report_seed2026_confidence_only_ema_medseg_slice_047,medseg_slice_047,2026,confidence_only_ema,detected_1__eligible_0,True,False,True,False,678a322869880e3d035142eb1b90d240a6fcdfdc873f93f849d055b0bba7da28
report_seed2026_confidence_only_ema_medseg_slice_048,medseg_slice_048,2026,confidence_only_ema,detected_1__eligible_0,True,False,True,False,678a322869880e3d035142eb1b90d240a6fcdfdc873f93f849d055b0bba7da28
report_seed2026_confidence_only_ema_medseg_slice_049,medseg_slice_049,2026,confidence_only_ema,detected_1__eligible_0,True,False,True,False,678a322869880e3d035142eb1b90d240a6fcdfdc873f93f849d055b0bba7da28
report_seed2026_confidence_only_ema_medseg_slice_050,medseg_slice_050,2026,confidence_only_ema,detected_1__eligible_0,True,False,True,False,678a322869880e3d035142eb1b90d240a6fcdfdc873f93f849d055b0bba7da28
report_seed2026_confidence_only_ema_medseg_slice_051,medseg_slice_051,2026,confidence_only_ema,detected_1__eligible_0,True,False,True,False,678a322869880e3d035142eb1b90d240a6fcdfdc873f93f849d055b0bba7da28
report_seed2026_confidence_only_ema_medseg_slice_052,medseg_slice_052,2026,confidence_only_ema,detected_1__eligible_0,True,False,True,False,678a322869880e3d035142eb1b90d240a6fcdfdc873f93f849d055b0bba7da28
report_seed2026_confidence_only_ema_medseg_slice_053,medseg_slice_053,2026,confidence_only_ema,detected_1__eligible_0,True,False,True,False,678a322869880e3d035142eb1b90d240a6fcdfdc873f93f849d055b0bba7da28
report_seed2026_confidence_only_ema_medseg_slice_054,medseg_slice_054,2026,confidence_only_ema,detected_1__eligible_0,True,False,True,False,678a322869880e3d035142eb1b90d240a6fcdfdc873f93f849d055b0bba7da28
report_seed2026_confidence_only_ema_medseg_slice_055,medseg_slice_055,2026,confidence_only_ema,detected_1__eligible_0,True,False,True,False,678a322869880e3d035142eb1b90d240a6fcdfdc873f93f849d055b0bba7da28
report_seed2026_confidence_only_ema_medseg_slice_056,medseg_slice_056,2026,confidence_only_ema,detected_1__eligible_0,True,False,True,False,678a322869880e3d035142eb1b90d240a6fcdfdc873f93f849d055b0bba7da28
report_seed2026_confidence_only_ema_medseg_slice_057,medseg_slice_057,2026,confidence_only_ema,detected_1__eligible_0,True,False,True,False,678a322869880e3d035142eb1b90d240a6fcdfdc873f93f849d055b0bba7da28
report_seed2026_confidence_only_ema_medseg_slice_058,medseg_slice_058,2026,confidence_only_ema,detected_1__eligible_0,True,False,True,False,678a322869880e3d035142eb1b90d240a6fcdfdc873f93f849d055b0bba7da28
report_seed2026_confidence_only_ema_medseg_slice_059,medseg_slice_059,2026,confidence_only_ema,detected_1__eligible_0,True,False,True,False,678a322869880e3d035142eb1b90d240a6fcdfdc873f93f849d055b0bba7da28
report_seed2026_confidence_only_ema_medseg_slice_060,medseg_slice_060,2026,confidence_only_ema,detected_1__eligible_0,True,False,True,False,678a322869880e3d035142eb1b90d240a6fcdfdc873f93f849d055b0bba7da28
report_seed2026_confidence_only_ema_medseg_slice_061,medseg_slice_061,2026,confidence_only_ema,detected_1__eligible_0,True,False,True,False,678a322869880e3d035142eb1b90d240a6fcdfdc873f93f849d055b0bba7da28
report_seed2026_confidence_only_ema_medseg_slice_062,medseg_slice_062,2026,confidence_only_ema,detected_1__eligible_1,True,False,True,False,82356cdab35a48f4b57eed6d178e91a4a61f4b4f6d1dd96b940bc745484dc080
report_seed2026_confidence_only_ema_medseg_slice_063,medseg_slice_063,2026,confidence_only_ema,detected_1__eligible_0,True,False,True,False,678a322869880e3d035142eb1b90d240a6fcdfdc873f93f849d055b0bba7da28
report_seed2026_confidence_only_ema_medseg_slice_064,medseg_slice_064,2026,confidence_only_ema,detected_1__eligible_0,True,False,True,False,678a322869880e3d035142eb1b90d240a6fcdfdc873f93f849d055b0bba7da28
report_seed2026_confidence_only_ema_medseg_slice_065,medseg_slice_065,2026,confidence_only_ema,detected_1__eligible_0,True,False,True,False,678a322869880e3d035142eb1b90d240a6fcdfdc873f93f849d055b0bba7da28
report_seed2026_confidence_only_ema_medseg_slice_066,medseg_slice_066,2026,confidence_only_ema,detected_1__eligible_1,True,False,True,False,87baf4f8fc4216989a77a014cb68a77e0ee0268c098bf1a2b2a8604e059e5903
report_seed2026_confidence_only_ema_medseg_slice_067,medseg_slice_067,2026,confidence_only_ema,detected_1__eligible_0,True,False,True,False,678a322869880e3d035142eb1b90d240a6fcdfdc873f93f849d055b0bba7da28
report_seed2026_confidence_only_ema_medseg_slice_068,medseg_slice_068,2026,confidence_only_ema,detected_1__eligible_0,True,False,True,False,678a322869880e3d035142eb1b90d240a6fcdfdc873f93f849d055b0bba7da28
report_seed2026_confidence_only_ema_medseg_slice_069,medseg_slice_069,2026,confidence_only_ema,detected_1__eligible_0,True,False,True,False,678a322869880e3d035142eb1b90d240a6fcdfdc873f93f849d055b0bba7da28
report_seed2026_confidence_only_ema_medseg_slice_070,medseg_slice_070,2026,confidence_only_ema,detected_1__eligible_0,True,False,True,False,678a322869880e3d035142eb1b90d240a6fcdfdc873f93f849d055b0bba7da28
report_seed2026_confidence_only_ema_medseg_slice_071,medseg_slice_071,2026,confidence_only_ema,detected_1__eligible_0,True,False,True,False,678a322869880e3d035142eb1b90d240a6fcdfdc873f93f849d055b0bba7da28
report_seed2026_confidence_only_ema_medseg_slice_072,medseg_slice_072,2026,confidence_only_ema,detected_1__eligible_0,True,False,True,False,678a322869880e3d035142eb1b90d240a6fcdfdc873f93f849d055b0bba7da28
report_seed2026_confidence_only_ema_medseg_slice_073,medseg_slice_073,2026,confidence_only_ema,detected_1__eligible_0,True,False,True,False,678a322869880e3d035142eb1b90d240a6fcdfdc873f93f849d055b0bba7da28
report_seed2026_confidence_only_ema_medseg_slice_074,medseg_slice_074,2026,confidence_only_ema,detected_1__eligible_0,True,False,True,False,678a322869880e3d035142eb1b90d240a6fcdfdc873f93f849d055b0bba7da28
report_seed2026_confidence_only_ema_medseg_slice_075,medseg_slice_075,2026,confidence_only_ema,detected_1__eligible_0,True,False,True,False,678a322869880e3d035142eb1b90d240a6fcdfdc873f93f849d055b0bba7da28
report_seed2026_confidence_only_ema_medseg_slice_076,medseg_slice_076,2026,confidence_only_ema,detected_1__eligible_0,True,False,True,False,678a322869880e3d035142eb1b90d240a6fcdfdc873f93f849d055b0bba7da28
report_seed2026_confidence_only_ema_medseg_slice_077,medseg_slice_077,2026,confidence_only_ema,detected_1__eligible_0,True,False,True,False,678a322869880e3d035142eb1b90d240a6fcdfdc873f93f849d055b0bba7da28
report_seed2026_confidence_only_ema_medseg_slice_078,medseg_slice_078,2026,confidence_only_ema,detected_1__eligible_0,True,False,True,False,678a322869880e3d035142eb1b90d240a6fcdfdc873f93f849d055b0bba7da28
report_seed2026_confidence_only_ema_medseg_slice_079,medseg_slice_079,2026,confidence_only_ema,detected_1__eligible_0,True,False,True,False,678a322869880e3d035142eb1b90d240a6fcdfdc873f93f849d055b0bba7da28
report_seed2026_confidence_only_ema_medseg_slice_080,medseg_slice_080,2026,confidence_only_ema,detected_1__eligible_0,True,False,True,False,678a322869880e3d035142eb1b90d240a6fcdfdc873f93f849d055b0bba7da28
report_seed2026_confidence_only_ema_medseg_slice_081,medseg_slice_081,2026,confidence_only_ema,detected_1__eligible_0,True,False,True,False,678a322869880e3d035142eb1b90d240a6fcdfdc873f93f849d055b0bba7da28
report_seed2026_confidence_only_ema_medseg_slice_082,medseg_slice_082,2026,confidence_only_ema,detected_1__eligible_0,True,False,True,False,678a322869880e3d035142eb1b90d240a6fcdfdc873f93f849d055b0bba7da28
report_seed2026_confidence_only_ema_medseg_slice_083,medseg_slice_083,2026,confidence_only_ema,detected_1__eligible_0,True,False,True,False,678a322869880e3d035142eb1b90d240a6fcdfdc873f93f849d055b0bba7da28
report_seed2026_confidence_only_ema_medseg_slice_084,medseg_slice_084,2026,confidence_only_ema,detected_1__eligible_0,True,False,True,False,678a322869880e3d035142eb1b90d240a6fcdfdc873f93f849d055b0bba7da28
report_seed2026_confidence_only_ema_medseg_slice_085,medseg_slice_085,2026,confidence_only_ema,detected_1__eligible_0,True,False,True,False,678a322869880e3d035142eb1b90d240a6fcdfdc873f93f849d055b0bba7da28
report_seed2026_confidence_only_ema_medseg_slice_086,medseg_slice_086,2026,confidence_only_ema,detected_1__eligible_0,True,False,True,False,678a322869880e3d035142eb1b90d240a6fcdfdc873f93f849d055b0bba7da28
report_seed2026_confidence_only_ema_medseg_slice_087,medseg_slice_087,2026,confidence_only_ema,detected_1__eligible_0,True,False,True,False,678a322869880e3d035142eb1b90d240a6fcdfdc873f93f849d055b0bba7da28
report_seed2026_confidence_only_ema_medseg_slice_088,medseg_slice_088,2026,confidence_only_ema,detected_1__eligible_0,True,False,True,False,678a322869880e3d035142eb1b90d240a6fcdfdc873f93f849d055b0bba7da28
report_seed2026_confidence_only_ema_medseg_slice_089,medseg_slice_089,2026,confidence_only_ema,detected_1__eligible_1,True,False,True,False,b6aaaeb68a06aa1a6e67f79112752a6d361de4eadbf7f8f99be92e171413fc72
report_seed2026_confidence_only_ema_medseg_slice_090,medseg_slice_090,2026,confidence_only_ema,detected_1__eligible_0,True,False,True,False,678a322869880e3d035142eb1b90d240a6fcdfdc873f93f849d055b0bba7da28
report_seed2026_confidence_only_ema_medseg_slice_091,medseg_slice_091,2026,confidence_only_ema,detected_1__eligible_0,True,False,True,False,678a322869880e3d035142eb1b90d240a6fcdfdc873f93f849d055b0bba7da28
report_seed2026_confidence_only_ema_medseg_slice_092,medseg_slice_092,2026,confidence_only_ema,detected_1__eligible_0,True,False,True,False,678a322869880e3d035142eb1b90d240a6fcdfdc873f93f849d055b0bba7da28
report_seed2026_confidence_only_ema_medseg_slice_093,medseg_slice_093,2026,confidence_only_ema,detected_1__eligible_0,True,False,True,False,678a322869880e3d035142eb1b90d240a6fcdfdc873f93f849d055b0bba7da28
report_seed2026_confidence_only_ema_medseg_slice_094,medseg_slice_094,2026,confidence_only_ema,detected_1__eligible_0,True,False,True,False,678a322869880e3d035142eb1b90d240a6fcdfdc873f93f849d055b0bba7da28
report_seed2026_confidence_only_ema_medseg_slice_095,medseg_slice_095,2026,confidence_only_ema,detected_1__eligible_0,True,False,True,False,678a322869880e3d035142eb1b90d240a6fcdfdc873f93f849d055b0bba7da28
report_seed2026_confidence_only_ema_medseg_slice_096,medseg_slice_096,2026,confidence_only_ema,detected_1__eligible_0,True,False,True,False,678a322869880e3d035142eb1b90d240a6fcdfdc873f93f849d055b0bba7da28
report_seed2026_confidence_only_ema_medseg_slice_097,medseg_slice_097,2026,confidence_only_ema,detected_1__eligible_0,True,False,True,False,678a322869880e3d035142eb1b90d240a6fcdfdc873f93f849d055b0bba7da28
report_seed2026_confidence_only_ema_medseg_slice_098,medseg_slice_098,2026,confidence_only_ema,detected_1__eligible_0,True,False,True,False,678a322869880e3d035142eb1b90d240a6fcdfdc873f93f849d055b0bba7da28
report_seed2026_confidence_only_ema_medseg_slice_099,medseg_slice_099,2026,confidence_only_ema,detected_1__eligible_0,True,False,True,False,678a322869880e3d035142eb1b90d240a6fcdfdc873f93f849d055b0bba7da28
report_seed2026_agreement_filtered_ema_medseg_slice_000,medseg_slice_000,2026,agreement_filtered_ema,detected_1__eligible_0,True,False,True,False,678a322869880e3d035142eb1b90d240a6fcdfdc873f93f849d055b0bba7da28
report_seed2026_agreement_filtered_ema_medseg_slice_001,medseg_slice_001,2026,agreement_filtered_ema,detected_1__eligible_0,True,False,True,False,678a322869880e3d035142eb1b90d240a6fcdfdc873f93f849d055b0bba7da28
report_seed2026_agreement_filtered_ema_medseg_slice_002,medseg_slice_002,2026,agreement_filtered_ema,detected_1__eligible_1,True,False,True,False,7e84bf9e8de7179870d9f8448a9ad34a17a773add69dc24e5d3c9c4bd8373aaf
report_seed2026_agreement_filtered_ema_medseg_slice_003,medseg_slice_003,2026,agreement_filtered_ema,detected_1__eligible_0,True,False,True,False,678a322869880e3d035142eb1b90d240a6fcdfdc873f93f849d055b0bba7da28
report_seed2026_agreement_filtered_ema_medseg_slice_004,medseg_slice_004,2026,agreement_filtered_ema,detected_1__eligible_0,True,False,True,False,678a322869880e3d035142eb1b90d240a6fcdfdc873f93f849d055b0bba7da28
report_seed2026_agreement_filtered_ema_medseg_slice_005,medseg_slice_005,2026,agreement_filtered_ema,detected_1__eligible_0,True,False,True,False,678a322869880e3d035142eb1b90d240a6fcdfdc873f93f849d055b0bba7da28
report_seed2026_agreement_filtered_ema_medseg_slice_006,medseg_slice_006,2026,agreement_filtered_ema,detected_1__eligible_0,True,False,True,False,678a322869880e3d035142eb1b90d240a6fcdfdc873f93f849d055b0bba7da28
report_seed2026_agreement_filtered_ema_medseg_slice_007,medseg_slice_007,2026,agreement_filtered_ema,detected_1__eligible_0,True,False,True,False,678a322869880e3d035142eb1b90d240a6fcdfdc873f93f849d055b0bba7da28
report_seed2026_agreement_filtered_ema_medseg_slice_008,medseg_slice_008,2026,agreement_filtered_ema,detected_1__eligible_0,True,False,True,False,678a322869880e3d035142eb1b90d240a6fcdfdc873f93f849d055b0bba7da28
report_seed2026_agreement_filtered_ema_medseg_slice_009,medseg_slice_009,2026,agreement_filtered_ema,detected_1__eligible_0,True,False,True,False,678a322869880e3d035142eb1b90d240a6fcdfdc873f93f849d055b0bba7da28
report_seed2026_agreement_filtered_ema_medseg_slice_010,medseg_slice_010,2026,agreement_filtered_ema,detected_1__eligible_0,True,False,True,False,678a322869880e3d035142eb1b90d240a6fcdfdc873f93f849d055b0bba7da28
report_seed2026_agreement_filtered_ema_medseg_slice_011,medseg_slice_011,2026,agreement_filtered_ema,detected_1__eligible_0,True,False,True,False,678a322869880e3d035142eb1b90d240a6fcdfdc873f93f849d055b0bba7da28
report_seed2026_agreement_filtered_ema_medseg_slice_012,medseg_slice_012,2026,agreement_filtered_ema,detected_1__eligible_0,True,False,True,False,678a322869880e3d035142eb1b90d240a6fcdfdc873f93f849d055b0bba7da28
report_seed2026_agreement_filtered_ema_medseg_slice_013,medseg_slice_013,2026,agreement_filtered_ema,detected_1__eligible_0,True,False,True,False,678a322869880e3d035142eb1b90d240a6fcdfdc873f93f849d055b0bba7da28
report_seed2026_agreement_filtered_ema_medseg_slice_014,medseg_slice_014,2026,agreement_filtered_ema,detected_1__eligible_0,True,False,True,False,678a322869880e3d035142eb1b90d240a6fcdfdc873f93f849d055b0bba7da28
report_seed2026_agreement_filtered_ema_medseg_slice_015,medseg_slice_015,2026,agreement_filtered_ema,detected_1__eligible_0,True,False,True,False,678a322869880e3d035142eb1b90d240a6fcdfdc873f93f849d055b0bba7da28
report_seed2026_agreement_filtered_ema_medseg_slice_016,medseg_slice_016,2026,agreement_filtered_ema,detected_1__eligible_0,True,False,True,False,678a322869880e3d035142eb1b90d240a6fcdfdc873f93f849d055b0bba7da28
report_seed2026_agreement_filtered_ema_medseg_slice_017,medseg_slice_017,2026,agreement_filtered_ema,detected_1__eligible_0,True,False,True,False,678a322869880e3d035142eb1b90d240a6fcdfdc873f93f849d055b0bba7da28
report_seed2026_agreement_filtered_ema_medseg_slice_018,medseg_slice_018,2026,agreement_filtered_ema,detected_1__eligible_0,True,False,True,False,678a322869880e3d035142eb1b90d240a6fcdfdc873f93f849d055b0bba7da28
report_seed2026_agreement_filtered_ema_medseg_slice_019,medseg_slice_019,2026,agreement_filtered_ema,detected_1__eligible_0,True,False,True,False,678a322869880e3d035142eb1b90d240a6fcdfdc873f93f849d055b0bba7da28
report_seed2026_agreement_filtered_ema_medseg_slice_020,medseg_slice_020,2026,agreement_filtered_ema,detected_1__eligible_0,True,False,True,False,678a322869880e3d035142eb1b90d240a6fcdfdc873f93f849d055b0bba7da28
report_seed2026_agreement_filtered_ema_medseg_slice_021,medseg_slice_021,2026,agreement_filtered_ema,detected_1__eligible_0,True,False,True,False,678a322869880e3d035142eb1b90d240a6fcdfdc873f93f849d055b0bba7da28
report_seed2026_agreement_filtered_ema_medseg_slice_022,medseg_slice_022,2026,agreement_filtered_ema,detected_1__eligible_0,True,False,True,False,678a322869880e3d035142eb1b90d240a6fcdfdc873f93f849d055b0bba7da28
report_seed2026_agreement_filtered_ema_medseg_slice_023,medseg_slice_023,2026,agreement_filtered_ema,detected_1__eligible_0,True,False,True,False,678a322869880e3d035142eb1b90d240a6fcdfdc873f93f849d055b0bba7da28
report_seed2026_agreement_filtered_ema_medseg_slice_024,medseg_slice_024,2026,agreement_filtered_ema,detected_1__eligible_0,True,False,True,False,678a322869880e3d035142eb1b90d240a6fcdfdc873f93f849d055b0bba7da28
report_seed2026_agreement_filtered_ema_medseg_slice_025,medseg_slice_025,2026,agreement_filtered_ema,detected_1__eligible_0,True,False,True,False,678a322869880e3d035142eb1b90d240a6fcdfdc873f93f849d055b0bba7da28
report_seed2026_agreement_filtered_ema_medseg_slice_026,medseg_slice_026,2026,agreement_filtered_ema,detected_1__eligible_0,True,False,True,False,678a322869880e3d035142eb1b90d240a6fcdfdc873f93f849d055b0bba7da28
report_seed2026_agreement_filtered_ema_medseg_slice_027,medseg_slice_027,2026,agreement_filtered_ema,detected_1__eligible_0,True,False,True,False,678a322869880e3d035142eb1b90d240a6fcdfdc873f93f849d055b0bba7da28
report_seed2026_agreement_filtered_ema_medseg_slice_028,medseg_slice_028,2026,agreement_filtered_ema,detected_1__eligible_0,True,False,True,False,678a322869880e3d035142eb1b90d240a6fcdfdc873f93f849d055b0bba7da28
report_seed2026_agreement_filtered_ema_medseg_slice_029,medseg_slice_029,2026,agreement_filtered_ema,detected_1__eligible_0,True,False,True,False,678a322869880e3d035142eb1b90d240a6fcdfdc873f93f849d055b0bba7da28
report_seed2026_agreement_filtered_ema_medseg_slice_030,medseg_slice_030,2026,agreement_filtered_ema,detected_1__eligible_0,True,False,True,False,678a322869880e3d035142eb1b90d240a6fcdfdc873f93f849d055b0bba7da28
report_seed2026_agreement_filtered_ema_medseg_slice_031,medseg_slice_031,2026,agreement_filtered_ema,detected_1__eligible_0,True,False,True,False,678a322869880e3d035142eb1b90d240a6fcdfdc873f93f849d055b0bba7da28
report_seed2026_agreement_filtered_ema_medseg_slice_032,medseg_slice_032,2026,agreement_filtered_ema,detected_1__eligible_0,True,False,True,False,678a322869880e3d035142eb1b90d240a6fcdfdc873f93f849d055b0bba7da28
report_seed2026_agreement_filtered_ema_medseg_slice_033,medseg_slice_033,2026,agreement_filtered_ema,detected_1__eligible_0,True,False,True,False,678a322869880e3d035142eb1b90d240a6fcdfdc873f93f849d055b0bba7da28
report_seed2026_agreement_filtered_ema_medseg_slice_034,medseg_slice_034,2026,agreement_filtered_ema,detected_1__eligible_0,True,False,True,False,678a322869880e3d035142eb1b90d240a6fcdfdc873f93f849d055b0bba7da28
report_seed2026_agreement_filtered_ema_medseg_slice_035,medseg_slice_035,2026,agreement_filtered_ema,detected_1__eligible_0,True,False,True,False,678a322869880e3d035142eb1b90d240a6fcdfdc873f93f849d055b0bba7da28
report_seed2026_agreement_filtered_ema_medseg_slice_036,medseg_slice_036,2026,agreement_filtered_ema,detected_1__eligible_0,True,False,True,False,678a322869880e3d035142eb1b90d240a6fcdfdc873f93f849d055b0bba7da28
report_seed2026_agreement_filtered_ema_medseg_slice_037,medseg_slice_037,2026,agreement_filtered_ema,detected_1__eligible_0,True,False,True,False,678a322869880e3d035142eb1b90d240a6fcdfdc873f93f849d055b0bba7da28
report_seed2026_agreement_filtered_ema_medseg_slice_038,medseg_slice_038,2026,agreement_filtered_ema,detected_1__eligible_0,True,False,True,False,678a322869880e3d035142eb1b90d240a6fcdfdc873f93f849d055b0bba7da28
report_seed2026_agreement_filtered_ema_medseg_slice_039,medseg_slice_039,2026,agreement_filtered_ema,detected_1__eligible_0,True,False,True,False,678a322869880e3d035142eb1b90d240a6fcdfdc873f93f849d055b0bba7da28
report_seed2026_agreement_filtered_ema_medseg_slice_040,medseg_slice_040,2026,agreement_filtered_ema,detected_1__eligible_0,True,False,True,False,678a322869880e3d035142eb1b90d240a6fcdfdc873f93f849d055b0bba7da28
report_seed2026_agreement_filtered_ema_medseg_slice_041,medseg_slice_041,2026,agreement_filtered_ema,detected_1__eligible_0,True,False,True,False,678a322869880e3d035142eb1b90d240a6fcdfdc873f93f849d055b0bba7da28
report_seed2026_agreement_filtered_ema_medseg_slice_042,medseg_slice_042,2026,agreement_filtered_ema,detected_1__eligible_0,True,False,True,False,678a322869880e3d035142eb1b90d240a6fcdfdc873f93f849d055b0bba7da28
report_seed2026_agreement_filtered_ema_medseg_slice_043,medseg_slice_043,2026,agreement_filtered_ema,detected_1__eligible_0,True,False,True,False,678a322869880e3d035142eb1b90d240a6fcdfdc873f93f849d055b0bba7da28
report_seed2026_agreement_filtered_ema_medseg_slice_044,medseg_slice_044,2026,agreement_filtered_ema,detected_1__eligible_0,True,False,True,False,678a322869880e3d035142eb1b90d240a6fcdfdc873f93f849d055b0bba7da28
report_seed2026_agreement_filtered_ema_medseg_slice_045,medseg_slice_045,2026,agreement_filtered_ema,detected_1__eligible_0,True,False,True,False,678a322869880e3d035142eb1b90d240a6fcdfdc873f93f849d055b0bba7da28
report_seed2026_agreement_filtered_ema_medseg_slice_046,medseg_slice_046,2026,agreement_filtered_ema,detected_1__eligible_0,True,False,True,False,678a322869880e3d035142eb1b90d240a6fcdfdc873f93f849d055b0bba7da28
report_seed2026_agreement_filtered_ema_medseg_slice_047,medseg_slice_047,2026,agreement_filtered_ema,detected_1__eligible_0,True,False,True,False,678a322869880e3d035142eb1b90d240a6fcdfdc873f93f849d055b0bba7da28
report_seed2026_agreement_filtered_ema_medseg_slice_048,medseg_slice_048,2026,agreement_filtered_ema,detected_1__eligible_1,True,False,True,False,915ef78df505b60f764e247415e82302b3f0157ee6052e6ea413417efa4a3dc8
report_seed2026_agreement_filtered_ema_medseg_slice_049,medseg_slice_049,2026,agreement_filtered_ema,detected_1__eligible_0,True,False,True,False,678a322869880e3d035142eb1b90d240a6fcdfdc873f93f849d055b0bba7da28
report_seed2026_agreement_filtered_ema_medseg_slice_050,medseg_slice_050,2026,agreement_filtered_ema,detected_1__eligible_0,True,False,True,False,678a322869880e3d035142eb1b90d240a6fcdfdc873f93f849d055b0bba7da28
report_seed2026_agreement_filtered_ema_medseg_slice_051,medseg_slice_051,2026,agreement_filtered_ema,detected_1__eligible_0,True,False,True,False,678a322869880e3d035142eb1b90d240a6fcdfdc873f93f849d055b0bba7da28
report_seed2026_agreement_filtered_ema_medseg_slice_052,medseg_slice_052,2026,agreement_filtered_ema,detected_1__eligible_0,True,False,True,False,678a322869880e3d035142eb1b90d240a6fcdfdc873f93f849d055b0bba7da28
report_seed2026_agreement_filtered_ema_medseg_slice_053,medseg_slice_053,2026,agreement_filtered_ema,detected_1__eligible_0,True,False,True,False,678a322869880e3d035142eb1b90d240a6fcdfdc873f93f849d055b0bba7da28
report_seed2026_agreement_filtered_ema_medseg_slice_054,medseg_slice_054,2026,agreement_filtered_ema,detected_1__eligible_0,True,False,True,False,678a322869880e3d035142eb1b90d240a6fcdfdc873f93f849d055b0bba7da28
report_seed2026_agreement_filtered_ema_medseg_slice_055,medseg_slice_055,2026,agreement_filtered_ema,detected_1__eligible_0,True,False,True,False,678a322869880e3d035142eb1b90d240a6fcdfdc873f93f849d055b0bba7da28
report_seed2026_agreement_filtered_ema_medseg_slice_056,medseg_slice_056,2026,agreement_filtered_ema,detected_1__eligible_0,True,False,True,False,678a322869880e3d035142eb1b90d240a6fcdfdc873f93f849d055b0bba7da28
report_seed2026_agreement_filtered_ema_medseg_slice_057,medseg_slice_057,2026,agreement_filtered_ema,detected_1__eligible_0,True,False,True,False,678a322869880e3d035142eb1b90d240a6fcdfdc873f93f849d055b0bba7da28
report_seed2026_agreement_filtered_ema_medseg_slice_058,medseg_slice_058,2026,agreement_filtered_ema,detected_1__eligible_0,True,False,True,False,678a322869880e3d035142eb1b90d240a6fcdfdc873f93f849d055b0bba7da28
report_seed2026_agreement_filtered_ema_medseg_slice_059,medseg_slice_059,2026,agreement_filtered_ema,detected_1__eligible_0,True,False,True,False,678a322869880e3d035142eb1b90d240a6fcdfdc873f93f849d055b0bba7da28
report_seed2026_agreement_filtered_ema_medseg_slice_060,medseg_slice_060,2026,agreement_filtered_ema,detected_1__eligible_0,True,False,True,False,678a322869880e3d035142eb1b90d240a6fcdfdc873f93f849d055b0bba7da28
report_seed2026_agreement_filtered_ema_medseg_slice_061,medseg_slice_061,2026,agreement_filtered_ema,detected_1__eligible_0,True,False,True,False,678a322869880e3d035142eb1b90d240a6fcdfdc873f93f849d055b0bba7da28
report_seed2026_agreement_filtered_ema_medseg_slice_062,medseg_slice_062,2026,agreement_filtered_ema,detected_1__eligible_1,True,False,True,False,b11c03a180ea7d0c183dbc0ccef0ab65676885c38d9f3bf34885c492d89a260f
report_seed2026_agreement_filtered_ema_medseg_slice_063,medseg_slice_063,2026,agreement_filtered_ema,detected_1__eligible_0,True,False,True,False,678a322869880e3d035142eb1b90d240a6fcdfdc873f93f849d055b0bba7da28
report_seed2026_agreement_filtered_ema_medseg_slice_064,medseg_slice_064,2026,agreement_filtered_ema,detected_1__eligible_0,True,False,True,False,678a322869880e3d035142eb1b90d240a6fcdfdc873f93f849d055b0bba7da28
report_seed2026_agreement_filtered_ema_medseg_slice_065,medseg_slice_065,2026,agreement_filtered_ema,detected_1__eligible_0,True,False,True,False,678a322869880e3d035142eb1b90d240a6fcdfdc873f93f849d055b0bba7da28
report_seed2026_agreement_filtered_ema_medseg_slice_066,medseg_slice_066,2026,agreement_filtered_ema,detected_1__eligible_1,True,False,True,False,fd29e65b91447a5ab6c509f7fe99d338849379096520622503619007137f2c86
report_seed2026_agreement_filtered_ema_medseg_slice_067,medseg_slice_067,2026,agreement_filtered_ema,detected_1__eligible_0,True,False,True,False,678a322869880e3d035142eb1b90d240a6fcdfdc873f93f849d055b0bba7da28
report_seed2026_agreement_filtered_ema_medseg_slice_068,medseg_slice_068,2026,agreement_filtered_ema,detected_1__eligible_0,True,False,True,False,678a322869880e3d035142eb1b90d240a6fcdfdc873f93f849d055b0bba7da28
report_seed2026_agreement_filtered_ema_medseg_slice_069,medseg_slice_069,2026,agreement_filtered_ema,detected_1__eligible_0,True,False,True,False,678a322869880e3d035142eb1b90d240a6fcdfdc873f93f849d055b0bba7da28
report_seed2026_agreement_filtered_ema_medseg_slice_070,medseg_slice_070,2026,agreement_filtered_ema,detected_1__eligible_0,True,False,True,False,678a322869880e3d035142eb1b90d240a6fcdfdc873f93f849d055b0bba7da28
report_seed2026_agreement_filtered_ema_medseg_slice_071,medseg_slice_071,2026,agreement_filtered_ema,detected_1__eligible_0,True,False,True,False,678a322869880e3d035142eb1b90d240a6fcdfdc873f93f849d055b0bba7da28
report_seed2026_agreement_filtered_ema_medseg_slice_072,medseg_slice_072,2026,agreement_filtered_ema,detected_1__eligible_0,True,False,True,False,678a322869880e3d035142eb1b90d240a6fcdfdc873f93f849d055b0bba7da28
report_seed2026_agreement_filtered_ema_medseg_slice_073,medseg_slice_073,2026,agreement_filtered_ema,detected_1__eligible_0,True,False,True,False,678a322869880e3d035142eb1b90d240a6fcdfdc873f93f849d055b0bba7da28
report_seed2026_agreement_filtered_ema_medseg_slice_074,medseg_slice_074,2026,agreement_filtered_ema,detected_1__eligible_0,True,False,True,False,678a322869880e3d035142eb1b90d240a6fcdfdc873f93f849d055b0bba7da28
report_seed2026_agreement_filtered_ema_medseg_slice_075,medseg_slice_075,2026,agreement_filtered_ema,detected_1__eligible_0,True,False,True,False,678a322869880e3d035142eb1b90d240a6fcdfdc873f93f849d055b0bba7da28
report_seed2026_agreement_filtered_ema_medseg_slice_076,medseg_slice_076,2026,agreement_filtered_ema,detected_1__eligible_0,True,False,True,False,678a322869880e3d035142eb1b90d240a6fcdfdc873f93f849d055b0bba7da28
report_seed2026_agreement_filtered_ema_medseg_slice_077,medseg_slice_077,2026,agreement_filtered_ema,detected_1__eligible_0,True,False,True,False,678a322869880e3d035142eb1b90d240a6fcdfdc873f93f849d055b0bba7da28
report_seed2026_agreement_filtered_ema_medseg_slice_078,medseg_slice_078,2026,agreement_filtered_ema,detected_1__eligible_0,True,False,True,False,678a322869880e3d035142eb1b90d240a6fcdfdc873f93f849d055b0bba7da28
report_seed2026_agreement_filtered_ema_medseg_slice_079,medseg_slice_079,2026,agreement_filtered_ema,detected_1__eligible_0,True,False,True,False,678a322869880e3d035142eb1b90d240a6fcdfdc873f93f849d055b0bba7da28
report_seed2026_agreement_filtered_ema_medseg_slice_080,medseg_slice_080,2026,agreement_filtered_ema,detected_1__eligible_0,True,False,True,False,678a322869880e3d035142eb1b90d240a6fcdfdc873f93f849d055b0bba7da28
report_seed2026_agreement_filtered_ema_medseg_slice_081,medseg_slice_081,2026,agreement_filtered_ema,detected_1__eligible_0,True,False,True,False,678a322869880e3d035142eb1b90d240a6fcdfdc873f93f849d055b0bba7da28
report_seed2026_agreement_filtered_ema_medseg_slice_082,medseg_slice_082,2026,agreement_filtered_ema,detected_1__eligible_0,True,False,True,False,678a322869880e3d035142eb1b90d240a6fcdfdc873f93f849d055b0bba7da28
report_seed2026_agreement_filtered_ema_medseg_slice_083,medseg_slice_083,2026,agreement_filtered_ema,detected_1__eligible_0,True,False,True,False,678a322869880e3d035142eb1b90d240a6fcdfdc873f93f849d055b0bba7da28
report_seed2026_agreement_filtered_ema_medseg_slice_084,medseg_slice_084,2026,agreement_filtered_ema,detected_1__eligible_0,True,False,True,False,678a322869880e3d035142eb1b90d240a6fcdfdc873f93f849d055b0bba7da28
report_seed2026_agreement_filtered_ema_medseg_slice_085,medseg_slice_085,2026,agreement_filtered_ema,detected_1__eligible_0,True,False,True,False,678a322869880e3d035142eb1b90d240a6fcdfdc873f93f849d055b0bba7da28
report_seed2026_agreement_filtered_ema_medseg_slice_086,medseg_slice_086,2026,agreement_filtered_ema,detected_1__eligible_0,True,False,True,False,678a322869880e3d035142eb1b90d240a6fcdfdc873f93f849d055b0bba7da28
report_seed2026_agreement_filtered_ema_medseg_slice_087,medseg_slice_087,2026,agreement_filtered_ema,detected_1__eligible_0,True,False,True,False,678a322869880e3d035142eb1b90d240a6fcdfdc873f93f849d055b0bba7da28
report_seed2026_agreement_filtered_ema_medseg_slice_088,medseg_slice_088,2026,agreement_filtered_ema,detected_1__eligible_0,True,False,True,False,678a322869880e3d035142eb1b90d240a6fcdfdc873f93f849d055b0bba7da28
report_seed2026_agreement_filtered_ema_medseg_slice_089,medseg_slice_089,2026,agreement_filtered_ema,detected_1__eligible_1,True,False,True,False,85a2c49c4b3187021c279436f121df12098150e0d0e1b0aaa15d1cff1564f32f
report_seed2026_agreement_filtered_ema_medseg_slice_090,medseg_slice_090,2026,agreement_filtered_ema,detected_1__eligible_0,True,False,True,False,678a322869880e3d035142eb1b90d240a6fcdfdc873f93f849d055b0bba7da28
report_seed2026_agreement_filtered_ema_medseg_slice_091,medseg_slice_091,2026,agreement_filtered_ema,detected_1__eligible_0,True,False,True,False,678a322869880e3d035142eb1b90d240a6fcdfdc873f93f849d055b0bba7da28
report_seed2026_agreement_filtered_ema_medseg_slice_092,medseg_slice_092,2026,agreement_filtered_ema,detected_1__eligible_0,True,False,True,False,678a322869880e3d035142eb1b90d240a6fcdfdc873f93f849d055b0bba7da28
report_seed2026_agreement_filtered_ema_medseg_slice_093,medseg_slice_093,2026,agreement_filtered_ema,detected_1__eligible_0,True,False,True,False,678a322869880e3d035142eb1b90d240a6fcdfdc873f93f849d055b0bba7da28
report_seed2026_agreement_filtered_ema_medseg_slice_094,medseg_slice_094,2026,agreement_filtered_ema,detected_1__eligible_0,True,False,True,False,678a322869880e3d035142eb1b90d240a6fcdfdc873f93f849d055b0bba7da28
report_seed2026_agreement_filtered_ema_medseg_slice_095,medseg_slice_095,2026,agreement_filtered_ema,detected_1__eligible_0,True,False,True,False,678a322869880e3d035142eb1b90d240a6fcdfdc873f93f849d055b0bba7da28
report_seed2026_agreement_filtered_ema_medseg_slice_096,medseg_slice_096,2026,agreement_filtered_ema,detected_1__eligible_0,True,False,True,False,678a322869880e3d035142eb1b90d240a6fcdfdc873f93f849d055b0bba7da28
report_seed2026_agreement_filtered_ema_medseg_slice_097,medseg_slice_097,2026,agreement_filtered_ema,detected_1__eligible_0,True,False,True,False,678a322869880e3d035142eb1b90d240a6fcdfdc873f93f849d055b0bba7da28
report_seed2026_agreement_filtered_ema_medseg_slice_098,medseg_slice_098,2026,agreement_filtered_ema,detected_1__eligible_0,True,False,True,False,678a322869880e3d035142eb1b90d240a6fcdfdc873f93f849d055b0bba7da28
report_seed2026_agreement_filtered_ema_medseg_slice_099,medseg_slice_099,2026,agreement_filtered_ema,detected_1__eligible_0,True,False,True,False,678a322869880e3d035142eb1b90d240a6fcdfdc873f93f849d055b0bba7da28
